structure,qh-G(T)_SPC
e00-lpdoh2,-1552.1274215
e01-ecrxt,-2439.640033
e03-ec1,-2439.641514
e05-ec2,-2439.691677
e09-ec3,-2029.564581
e11-ec4,-2029.5404
e12-etrxt,-2439.642007
e14-et1,-2439.642728
e16-et2,-2439.64492
e20-et3,-2029.539557
e22-et4,-2029.545622
e100-l2pd2oh4,-3104.254843
6cnnaphbpin,-887.519126
h2o,-76.368394
bpinoh,-486.48039
6cnnaph-c,-477.444811
6cnnaph-t,-477.444811
