0.000000000000000000e+00	0.000000000000000000e+00	0.000000000000000000e+00	0.000000000000000000e+00	0.000000000000000000e+00	0.000000000000000000e+00	0.000000000000000000e+00	0.000000000000000000e+00	0.000000000000000000e+00	0.000000000000000000e+00	0.000000000000000000e+00	1.000000000000000021e-03	2.000000000000000042e-02	7.000000000000000666e-02	0.000000000000000000e+00	0.000000000000000000e+00	0.000000000000000000e+00
1.000000000000000000e+00	4.704547626075166920e-05	4.882952482614096858e-07	1.622996507440275797e-14	1.487024403057584472e-03	5.779899747015739946e-06	7.657600560163272188e-24	9.295766665417492424e-08	2.354516055080895160e-04	2.241129363846626780e-04	2.642140737773081479e-14	2.213276836031735860e-09	1.688667640618395430e-02	6.860973366768219339e-02	1.390266332317939687e-03	4.697636460086276615e-13	1.160373495690073540e-03
2.000000000000000000e+00	1.848359326203482392e-05	1.847539990134225714e-07	6.140856301577672934e-15	1.801892748909214624e-03	5.240790170423038318e-06	6.943345039587367239e-24	3.517196261465170151e-08	8.978674671535649644e-05	8.437551220534350550e-05	9.948680543923341806e-15	3.416432015882692952e-10	1.626248832017299778e-02	6.815438774176300896e-02	1.845612258237120653e-03	7.246647474323606760e-13	1.755995955126737462e-03
3.000000000000000000e+00	7.142528230170624549e-06	7.035563992671513544e-08	2.338481859494115086e-15	1.921232641619836836e-03	5.096943393666403626e-06	6.752761024346688121e-24	1.339373493772151602e-08	3.437419541534207033e-05	3.206984047133642194e-05	3.781550687591317316e-15	5.101572576333642453e-11	1.602605036279936696e-02	6.798174094921188848e-02	2.018259050788208820e-03	9.660681992093408587e-13	1.981092265953351191e-03
4.000000000000000000e+00	2.745695341441574121e-06	2.689360464737193107e-08	8.938900535769211627e-16	1.966758415011252668e-03	5.047846748015010207e-06	6.687710974541836032e-24	5.119786005993585412e-09	1.316629053262895458e-05	1.224972441539217536e-05	1.444470997401362606e-15	7.538842682728395864e-12	1.593588627990668791e-02	6.791584299883822451e-02	2.084157001161913558e-03	1.203385080449395970e-12	2.066859428793673195e-03
5.000000000000000000e+00	1.053348940582069407e-06	1.029504229666130131e-08	3.421867794959158431e-16	1.984172607472380750e-03	5.029806223949777113e-06	6.663807904464952461e-24	1.959886547456497038e-09	5.044042260396807719e-06	4.687938475289095266e-06	5.527999944862654095e-16	1.109544801693169122e-12	1.590140227479191690e-02	6.789063117944647840e-02	2.109368820553697392e-03	1.439254422328114009e-12	2.099651074414645574e-03
6.000000000000000000e+00	4.037877126290367924e-07	3.943194639114486092e-09	1.310639680686920741e-16	1.990840609413661692e-03	5.023001667345189886e-06	6.654791932268969363e-24	7.506733757293842838e-10	1.932535167956230645e-06	1.795372363780878626e-06	2.117103316946483096e-16	1.630453049725002865e-13	1.588819886524745970e-02	6.788097670368853365e-02	2.119023296311622635e-03	1.674584852583623006e-12	2.112204920605693578e-03
7.000000000000000000e+00	1.547403468473019653e-07	1.510638028345188974e-09	5.021061353156085373e-17	1.993394835265368484e-03	5.020410010177354224e-06	6.651357948860526997e-24	2.875830014847296202e-10	7.404382460785430044e-07	6.877783858405043877e-07	8.110293546505204486e-17	2.394458226557852639e-14	1.588314131197749585e-02	6.787727838369567168e-02	2.122721616304510187e-03	1.909711023203091619e-12	2.117013425998693407e-03
8.000000000000000000e+00	5.929309081989690595e-08	5.787725880022807726e-10	1.923725550347505656e-17	1.994373396770464379e-03	5.019419275970146963e-06	6.650045188164869826e-24	1.101820257378366411e-10	2.836973116259899248e-07	2.635051113373000158e-07	3.107257880800633806e-17	3.515686816856948123e-15	1.588120370440970069e-02	6.787586148743297854e-02	2.124138512567243665e-03	2.144759253616065095e-12	2.118855586035139037e-03
9.000000000000000000e+00	2.271881213640234384e-08	2.217528359406681108e-10	7.370627420740782463e-18	1.994748319656065253e-03	5.019040006025220616e-06	6.649542632081290177e-24	4.221550430734540591e-11	1.086985120197623931e-07	1.009595664346286321e-07	1.190517570843472739e-17	5.161445814645222478e-16	1.588046133774707533e-02	6.787531861987035342e-02	2.124681380129890464e-03	2.379777668193386461e-12	2.119561378177634882e-03
1.000000000000000000e+01	8.704829297974738641e-09	8.496421370177073119e-11	2.824045063083158693e-18	1.994891969559723678e-03	5.018894736392700454e-06	6.649350137454105398e-24	1.617479710927431111e-11	4.164789203670839831e-08	3.868236243672035885e-08	4.561433550754002615e-18	7.577440102374590941e-17	1.588017690356293907e-02	6.787511062214350577e-02	2.124889377856725974e-03	2.614784665674717330e-12	2.119831798143101496e-03
1.100000000000000000e+01	3.335287447091637910e-09	3.255412839780057060e-11	1.082037831003571690e-18	1.994947008793635911e-03	5.018839082660837549e-06	6.649276390222907167e-24	6.197390630359412713e-12	1.595745334949039054e-08	1.482114588739969606e-08	1.747713161862764341e-18	1.112414572053948837e-17	1.588006792280088897e-02	6.787503092779367808e-02	2.124969072206533277e-03	2.849787289667704511e-12	2.119935409128190836e-03
1.200000000000000000e+01	1.277933614611597163e-09	1.247325942446921034e-11	4.145895951325282026e-19	1.994968097054509136e-03	5.018817759219911632e-06	6.649248133853366179e-24	2.374557848411235553e-12	6.114155578970331018e-09	5.678757332238793940e-09	6.696404672212895607e-19	1.633121826765355242e-18	1.588002616656606150e-02	6.787500039262471530e-02	2.124999607375507773e-03	3.084788238070434754e-12	2.119975107774162495e-03
1.300000000000000000e+01	4.896558854769957827e-10	4.779277002304799526e-12	1.588568874834467954e-19	1.994976177032170474e-03	5.018809588581366748e-06	6.649237306490031610e-24	9.098399486682958199e-13	2.342692392922966771e-09	2.175853985262951159e-09	2.565772419449280363e-19	2.397629587565982433e-19	1.588001016736124635e-02	6.787498869277157343e-02	2.125011307228620149e-03	3.319788544457535178e-12	2.119990318466259856e-03
1.400000000000000000e+01	1.876266724095192793e-10	1.831325877802373284e-12	6.087284206707040656e-20	1.994979272883294543e-03	5.018806457308298121e-06	6.649233156994746925e-24	3.486329504286794219e-13	8.976546927093078836e-10	8.337160114118033333e-10	9.831200071202760828e-20	3.520393278084154282e-20	1.588000403696261664e-02	6.787498420967144619e-02	2.125015790328780782e-03	3.554788604826822675e-12	2.119996146600668530e-03
1.500000000000000000e+01	7.190400718563364818e-11	7.018173264272226019e-13	2.333021923447223861e-20	1.994980459057766990e-03	5.018805256833319196e-06	6.649231566123546638e-24	1.336062838276035098e-13	3.439878637073467828e-10	3.194753917821200005e-10	3.767261976110799169e-20	5.170187809675219429e-21	1.588000168779985996e-02	6.787498249167246700e-02	2.125017508327782089e-03	3.789788570900893283e-12	2.119998379805764204e-03
1.600000000000000000e+01	2.756481056921568621e-11	2.690456529123284663e-13	8.945747605973997492e-21	1.994980913538493481e-03	5.018804796140693180e-06	6.649230955602536161e-24	5.121872665323802369e-14	1.318501716336891772e-10	1.224438889602187213e-10	1.443861623764361428e-20	7.598223114834074474e-22	1.588000078741907267e-02	6.787498183312308531e-02	2.125018166877174191e-03	4.024788500811352101e-12	2.119999235612351259e-03
1.700000000000000000e+01	1.057622662936407822e-11	1.032289966159062788e-13	3.434330999946441156e-21	1.994981087677408574e-03	5.018804618913056351e-06	6.649230720732343729e-24	1.965189802941914047e-14	5.056951977084827494e-11	4.695118323170185985e-11	5.536497711910317587e-21	1.118566028380536183e-22	1.588000044213971895e-02	6.787498158050224439e-02	2.125018419498010767e-03	4.259788416831646246e-12	2.119999563668122176e-03
1.800000000000000000e+01	4.067042927213777736e-12	3.969627086996952619e-14	1.322629271524214731e-21	1.994981154403834174e-03	5.018804550296606278e-06	6.649230629797377630e-24	7.557053576391759831e-15	1.942680145166660213e-11	1.802611950062420516e-11	2.125647044373627863e-21	1.654091414035039637e-23	1.588000030954770866e-02	6.787498148341311599e-02	2.125018516587143507e-03	4.494788327497088146e-12	2.119999689515935249e-03
1.900000000000000000e+01	1.573035751712648075e-12	1.535357610025015609e-14	5.135264034175607886e-22	1.994981179972577911e-03	5.018804523287821495e-06	6.649230594003273427e-24	2.922889004503739273e-15	7.494404696608743202e-12	6.943421732011862327e-12	8.187725829973697652e-22	2.474428385425116254e-24	1.588000025844675533e-02	6.787498144591587457e-02	2.125018554084384063e-03	4.729788236076989617e-12	2.119999737887883189e-03
2.000000000000000000e+01	6.174540376688263994e-13	6.026644679306362094e-15	2.035177114995550474e-22	1.994981189761898741e-03	5.018804512196650111e-06	6.649230579304486519e-24	1.147303533616086208e-15	2.922493197286012160e-12	2.697073384952365981e-12	3.180421358766250851e-22	3.812334037122455200e-25	1.588000023856930495e-02	6.787498143125142436e-02	2.125018568748809553e-03	4.964788143823891938e-12	2.119999756574746878e-03
2.100000000000000000e+01	2.513300021549277254e-13	2.453100193531084915e-15	8.474018419209981917e-23	1.994981193518018288e-03	5.018804507236514958e-06	6.649230572731173537e-24	4.670011509626322559e-16	1.170799266414632650e-12	1.070116557219606250e-12	1.261909844360543699e-22	6.316654187453150108e-26	1.588000023065534727e-02	6.787498142533551770e-02	2.125018574664724446e-03	5.199788051217130119e-12	2.119999763887580810e-03
2.200000000000000000e+01	1.110461173904092966e-13	1.083862848046111350e-15	3.922945196500468903e-23	1.994981194956900721e-03	5.018804504611003353e-06	6.649230569252008540e-24	2.063368630939908777e-16	4.996211802454383417e-13	4.467326717394029472e-13	5.268140250948430904e-23	1.233080028707053182e-26	1.588000022732499045e-02	6.787498142277144375e-02	2.125018577228791894e-03	5.434787958442024120e-12	2.119999766842658399e-03
2.300000000000000000e+01	5.847404646766331935e-14	5.707344659909363940e-16	2.217408280578952261e-23	1.994981195498654429e-03	5.018804502899341196e-06	6.649230566984006801e-24	1.086516482299287797e-16	2.480939150871639190e-13	2.131165168057789811e-13	2.513332775091139680e-23	3.439209722581600151e-27	1.588000022577480685e-02	6.787498142150917568e-02	2.125018578491075574e-03	5.669787865565169252e-12	2.119999768105269508e-03
2.400000000000000000e+01	3.774663492447808892e-14	3.684250845724935964e-16	1.544972043347780532e-23	1.994981195720741101e-03	5.018804501534634746e-06	6.649230565175845228e-24	7.013763091183877322e-17	1.489251158152185073e-13	1.210094699896228701e-13	1.427204201405027717e-23	1.437968812255612072e-27	1.588000022487093960e-02	6.787498142071948792e-02	2.125018579280748155e-03	5.904787772617510469e-12	2.119999768753413373e-03
2.500000000000000000e+01	2.945375521494581794e-14	2.874826397961047068e-16	1.275935419261268877e-23	1.994981195805860946e-03	5.018804500274923112e-06	6.649230563506859247e-24	5.472846551362868178e-17	1.092484335222023919e-13	8.415814115418564533e-14	9.926524205148240185e-24	8.680360569339096388e-28	1.588000022421943991e-02	6.787498142011443025e-02	2.125018579885848326e-03	6.139787679609213855e-12	2.119999769161625032e-03
2.600000000000000000e+01	2.613583709537592894e-14	2.550981830579130258e-16	1.168295911490345957e-23	1.994981195856311909e-03	5.018804499107742204e-06	6.649230561960486142e-24	4.856337559586634655e-17	9.337409466667471167e-14	6.941420473935967340e-14	8.187915577215720633e-24	6.834191961334355926e-28	1.588000022366890807e-02	6.787498141958313302e-02	2.125018580417152927e-03	6.374787586544148740e-12	2.119999769473839696e-03
2.700000000000000000e+01	2.480836333764003589e-14	2.421414086765510041e-16	1.125230164606856563e-23	1.994981195850048690e-03	5.018804497870055967e-06	6.649230560320718543e-24	4.609677009585578471e-17	8.702289250603106039e-14	6.351526796307859311e-14	7.492311493870634969e-24	6.154680200011766632e-28	1.588000022315877099e-02	6.787498141908145100e-02	2.125018580918824548e-03	6.609787493422849883e-12	2.119999769747648016e-03
2.800000000000000000e+01	2.427725112767435246e-14	2.369575012425730866e-16	1.107999884997426485e-23	1.994981195843680954e-03	5.018804496660853754e-06	6.649230558718694597e-24	4.510989989098601789e-17	8.448182471753953314e-14	6.115514817256768161e-14	7.214005584553965049e-24	5.893935630439257816e-28	1.588000022266479114e-02	6.787498141859159284e-02	2.125018581408696147e-03	6.844787400244431944e-12	2.119999770006089721e-03
2.900000000000000000e+01	2.406475720492034861e-14	2.348834596231180055e-16	1.101106182229165570e-23	1.994981195837272018e-03	5.018804495463041594e-06	6.649230557131759591e-24	4.471506068832460544e-17	8.346516288251766207e-14	6.021088220830699752e-14	7.102657508554310474e-24	5.791128757336099718e-28	1.588000022217728527e-02	6.787498141810645313e-02	2.125018581893847128e-03	7.079787307009727756e-12	2.119999770258383133e-03
3.000000000000000000e+01	2.397973999345830333e-14	2.340536512523318829e-16	1.098348063872021572e-23	1.994981195830848337e-03	5.018804494269794094e-06	6.649230555550875443e-24	4.455708850859143963e-17	8.305840419926067177e-14	5.983308857963890839e-14	7.058107990440648847e-24	5.750281515609448360e-28	1.588000022169236414e-02	6.787498141762322856e-02	2.125018582377110297e-03	7.314787213719069324e-12	2.119999770508217141e-03
3.100000000000000000e+01	2.394572525169611994e-14	2.337216512099816562e-16	1.097244561612787862e-23	1.994981195824417283e-03	5.018804493078362632e-06	6.649230553972395180e-24	4.449388503631037981e-17	8.289566313454604322e-14	5.968193621389353456e-14	7.040284066095236947e-24	5.733977664495911737e-28	1.588000022120848037e-02	6.787498141714065625e-02	2.125018582859617994e-03	7.549787120372596395e-12	2.119999770757067126e-03
3.200000000000000000e+01	2.393211620913038296e-14	2.335888204836865938e-16	1.096803058636672570e-23	1.994981195817981893e-03	5.018804491887660466e-06	6.649230552394884700e-24	4.446859780120034217e-17	8.283055166098028650e-14	5.962146129370788258e-14	7.033152848552911855e-24	5.727461919205947432e-28	1.588000022072501641e-02	6.787498141665844476e-02	2.125018583341822549e-03	7.784787026970356630e-12	2.119999771005523330e-03
3.300000000000000000e+01	2.392667133172866255e-14	2.335356758870442435e-16	1.096626416542490635e-23	1.994981195811546069e-03	5.018804490697249680e-06	6.649230550817760663e-24	4.445848056441632218e-17	8.280450104436442840e-14	5.959726572954044570e-14	7.030299701643445124e-24	5.724856012374432714e-28	1.588000022024170163e-02	6.787498141617631653e-02	2.125018583823906539e-03	8.019786933512366184e-12	2.119999771253821674e-03
3.400000000000000000e+01	2.392449287474736596e-14	2.335144131051234822e-16	1.096555743273769992e-23	1.994981195805110245e-03	5.018804489506965101e-06	6.649230549240801196e-24	4.445443272864431072e-17	8.279407837954542130e-14	5.958758525980451165e-14	7.029158178258653485e-24	5.723813594592090996e-28	1.588000021975845971e-02	6.787498141569431320e-02	2.125018584305941090e-03	8.254786839998646059e-12	2.119999771502056266e-03
3.500000000000000000e+01	2.392362128769304273e-14	2.335059059944002112e-16	1.096527467324855820e-23	1.994981195798674421e-03	5.018804488316721180e-06	6.649230547663896096e-24	4.445281321398108693e-17	8.278990833935738189e-14	5.958371216895822637e-14	7.028701462428571673e-24	5.723396555226202327e-28	1.588000021927524555e-02	6.787498141521233763e-02	2.125018584787958294e-03	8.489786746429189794e-12	2.119999771750267874e-03
3.600000000000000000e+01	2.392327256939711764e-14	2.335025023311003846e-16	1.096516154222441100e-23	1.994981195792238596e-03	5.018804487126500975e-06	6.649230546087020383e-24	4.445216525219924894e-17	8.278823992672700944e-14	5.958216256621458208e-14	7.028518732890117667e-24	5.723229704333937741e-28	1.588000021879205220e-02	6.787498141473036206e-02	2.125018585269966825e-03	8.724786652803999004e-12	2.119999771998469073e-03
3.700000000000000000e+01	2.392313304687015938e-14	2.335011405178650860e-16	1.096511627824453784e-23	1.994981195785802772e-03	5.018804485936284159e-06	6.649230544510153486e-24	4.445190600125324432e-17	8.278757239625438895e-14	5.958154257340631575e-14	7.028445623185111177e-24	5.723162947783962986e-28	1.588000021830886233e-02	6.787498141424838649e-02	2.125018585751972753e-03	8.959786559123083383e-12	2.119999772246665068e-03
3.800000000000000000e+01	2.392307722201370189e-14	2.335005956336467922e-16	1.096509816736406006e-23	1.994981195779366948e-03	5.018804484746068190e-06	6.649230542933285119e-24	4.445180227062014951e-17	8.278730531112023365e-14	5.958129451044605889e-14	7.028416371539756857e-24	5.723136237705263049e-28	1.588000021782567245e-02	6.787498141376641092e-02	2.125018586233978247e-03	9.194786465386430005e-12	2.119999772494860629e-03
3.900000000000000000e+01	2.392305488394211426e-14	2.335003775963536688e-16	1.096509092022678018e-23	1.994981195772931124e-03	5.018804483555862385e-06	6.649230541356431447e-24	4.445176076245075782e-17	8.278719844115832490e-14	5.958119525382376143e-14	7.028404667174568797e-24	5.723125549801103877e-28	1.588000021734248257e-02	6.787498141328443535e-02	2.125018586715979839e-03	9.429786371594053412e-12	2.119999772743056191e-03
4.000000000000000000e+01	2.392304594368221144e-14	2.335002903280658969e-16	1.096508801959173279e-23	1.994981195766495300e-03	5.018804482365658275e-06	6.649230539779577774e-24	4.445174414902276974e-17	8.278715567199760645e-14	5.958115553344247108e-14	7.028399983337648530e-24	5.723121272235324314e-28	1.588000021685929269e-02	6.787498141280245978e-02	2.125018587197981430e-03	9.664786277745940678e-12	2.119999772991251752e-03
4.100000000000000000e+01	2.392304236380174029e-14	2.335002553796273803e-16	1.096508685796465503e-23	1.994981195760059476e-03	5.018804481175451623e-06	6.649230538202724102e-24	4.445173749582285972e-17	8.278713854915146249e-14	5.958113963309350397e-14	7.028398108364825891e-24	5.723119559402529716e-28	1.588000021637610282e-02	6.787498141232048421e-02	2.125018587679983022e-03	9.899786183842103113e-12	2.119999773239447313e-03
4.200000000000000000e+01	2.392304092852300996e-14	2.335002413635204406e-16	1.096508639208673742e-23	1.994981195753623652e-03	5.018804479985245818e-06	6.649230536625868960e-24	4.445173482755026871e-17	8.278713168711647711e-14	5.958113326291778635e-14	7.028397357192383978e-24	5.723118872677872595e-28	1.588000021589291294e-02	6.787498141183850864e-02	2.125018588161984613e-03	1.013478608988253102e-11	2.119999773487642875e-03
4.300000000000000000e+01	2.392304035133340908e-14	2.335002357227708830e-16	1.096508620458907753e-23	1.994981195747187828e-03	5.018804478795040860e-06	6.649230535049016756e-24	4.445173375371020604e-17	8.278712893042625398e-14	5.958113070572118390e-14	7.028397055647395243e-24	5.723118596515266137e-28	1.588000021540972306e-02	6.787498141135653307e-02	2.125018588643986205e-03	1.036978599586723410e-11	2.119999773735838436e-03
4.400000000000000000e+01	2.392304011741338100e-14	2.335002334324955208e-16	1.096508612845453305e-23	1.994981195740752004e-03	5.018804477604834209e-06	6.649230533472158676e-24	4.445173331770621673e-17	8.278712781619531389e-14	5.958112967404971246e-14	7.028396933992693077e-24	5.723118484593700387e-28	1.588000021492653319e-02	6.787498141087455750e-02	2.125018589125987796e-03	1.060478590179620265e-11	2.119999773984033997e-03
4.500000000000000000e+01	2.392304002088949344e-14	2.335002324832717167e-16	1.096508609689388359e-23	1.994981195734316180e-03	5.018804476414628404e-06	6.649230531895303534e-24	4.445173313700073983e-17	8.278712735918870347e-14	5.958112925276210537e-14	7.028396884314617916e-24	5.723118438410805115e-28	1.588000021444334331e-02	6.787498141039258193e-02	2.125018589607989387e-03	1.083978580766944315e-11	2.119999774232229559e-03
4.600000000000000000e+01	2.392303997930087274e-14	2.335002320702421920e-16	1.096508608315526544e-23	1.994981195727880356e-03	5.018804475224423446e-06	6.649230530318454269e-24	4.445173305837157145e-17	8.278712716509484200e-14	5.958112907568818929e-14	7.028396863434279436e-24	5.723118418512279929e-28	1.588000021396015343e-02	6.787498140991060636e-02	2.125018590089990979e-03	1.107478571348695234e-11	2.119999774480425120e-03
4.700000000000000000e+01	2.392303995967729507e-14	2.335002318716018391e-16	1.096508607654251757e-23	1.994981195721444531e-03	5.018804474034217641e-06	6.649230528741599127e-24	4.445173302055607566e-17	8.278712707613696671e-14	5.958112899627657857e-14	7.028396854070298784e-24	5.723118409123165882e-28	1.588000021347696356e-02	6.787498140942863079e-02	2.125018590571992570e-03	1.130978561924873186e-11	2.119999774728620681e-03
4.800000000000000000e+01	2.392303994888084375e-14	2.335002317591185078e-16	1.096508607279345907e-23	1.994981195715008707e-03	5.018804472844011837e-06	6.649230527164742516e-24	4.445173299914245255e-17	8.278712702930096948e-14	5.958112895596377945e-14	7.028396849316868524e-24	5.723118403957490073e-28	1.588000021299377368e-02	6.787498140894665521e-02	2.125018591053994162e-03	1.154478552495478170e-11	2.119999774976816242e-03
4.900000000000000000e+01	2.392303994157237248e-14	2.335002316806795535e-16	1.096508607017596669e-23	1.994981195708572883e-03	5.018804471653806879e-06	6.649230525587888843e-24	4.445173298420990726e-17	8.278712699927562339e-14	5.958112893128521897e-14	7.028396846407021890e-24	5.723118400460671500e-28	1.588000021251058380e-02	6.787498140846467964e-02	2.125018591535995753e-03	1.177978543060510025e-11	2.119999775225011804e-03
5.000000000000000000e+01	2.392303993567456436e-14	2.335002316160092295e-16	1.096508606801611631e-23	1.994981195702137059e-03	5.018804470463601074e-06	6.649230524011035171e-24	4.445173297189855570e-17	8.278712697597799864e-14	5.958112891286204780e-14	7.028396844234815593e-24	5.723118397638798982e-28	1.588000021202739392e-02	6.787498140798270407e-02	2.125018592017997345e-03	1.201478533619969235e-11	2.119999775473207365e-03
5.100000000000000000e+01	2.392303993035595685e-14	2.335002315569922279e-16	1.096508606604417311e-23	1.994981195695701235e-03	5.018804469273394422e-06	6.649230522434180029e-24	4.445173296066339531e-17	8.278712695541119577e-14	5.958112889695469920e-14	7.028396842359276153e-24	5.723118395094054423e-28	1.588000021154420405e-02	6.787498140750072850e-02	2.125018592499998936e-03	1.224978524173854992e-11	2.119999775721402926e-03
5.200000000000000000e+01	2.392303992528217706e-14	2.335002315003649818e-16	1.096508606415165953e-23	1.994981195689265411e-03	5.018804468083189465e-06	6.649230520857327826e-24	4.445173294988319812e-17	8.278712693593564628e-14	5.958112888204650289e-14	7.028396840601563858e-24	5.723118392666452138e-28	1.588000021106101417e-02	6.787498140701875293e-02	2.125018592982000527e-03	1.248478514722168105e-11	2.119999775969598488e-03
5.300000000000000000e+01	2.392303992026949927e-14	2.335002314443340653e-16	1.096508606227896479e-23	1.994981195682829587e-03	5.018804466892983660e-06	6.649230519280472684e-24	4.445173293921651062e-17	8.278712691687675419e-14	5.958112886755257846e-14	7.028396838892691885e-24	5.723118390268079370e-28	1.588000021057782429e-02	6.787498140653677736e-02	2.125018593464002119e-03	1.271978505264907765e-11	2.119999776217794049e-03
5.400000000000000000e+01	2.392303991530229775e-14	2.335002313887469323e-16	1.096508606042102544e-23	1.994981195676393763e-03	5.018804465702778702e-06	6.649230517703619011e-24	4.445173292863433601e-17	8.278712689796408535e-14	5.958112885318886026e-14	7.028396837199179214e-24	5.723118387891469103e-28	1.588000021009463442e-02	6.787498140605480179e-02	2.125018593946003710e-03	1.295478495802074943e-11	2.119999776465989610e-03
5.500000000000000000e+01	2.392303991033992089e-14	2.335002313332069830e-16	1.096508605856464802e-23	1.994981195669957939e-03	5.018804464512572898e-06	6.649230516126765338e-24	4.445173291806112236e-17	8.278712687916315709e-14	5.958112883892503078e-14	7.028396835517444997e-24	5.723118385517167279e-28	1.588000020961144454e-02	6.787498140557282622e-02	2.125018594428005302e-03	1.318978486333668506e-11	2.119999776714185172e-03
5.600000000000000000e+01	2.392303990538604480e-14	2.335002312777499135e-16	1.096508605671103155e-23	1.994981195663522115e-03	5.018804463322367093e-06	6.649230514549913135e-24	4.445173290750369826e-17	8.278712686034027956e-14	5.958112882465896725e-14	7.028396833835444824e-24	5.723118383146932584e-28	1.588000020912825466e-02	6.787498140509085065e-02	2.125018594910006893e-03	1.342478476859689747e-11	2.119999776962380733e-03
5.700000000000000000e+01	2.392303990044197898e-14	2.335002312223886412e-16	1.096508605486059479e-23	1.994981195657086290e-03	5.018804462132162135e-06	6.649230512973056524e-24	4.445173289696450424e-17	8.278712684155286921e-14	5.958112881039955539e-14	7.028396832154232232e-24	5.723118380781390108e-28	1.588000020864506479e-02	6.787498140460887508e-02	2.125018595392008484e-03	1.365978467380137375e-11	2.119999777210576294e-03
5.800000000000000000e+01	2.392303989551390811e-14	2.335002311671834155e-16	1.096508605301534931e-23	1.994981195650650466e-03	5.018804460941956330e-06	6.649230511396204321e-24	4.445173288645503425e-17	8.278712682280164550e-14	5.958112879616879496e-14	7.028396830476400656e-24	5.723118378423500292e-28	1.588000020816187491e-02	6.787498140412689951e-02	2.125018595874010076e-03	1.389478457895012681e-11	2.119999777458771856e-03
5.900000000000000000e+01	2.392303989054601238e-14	2.335002311115896265e-16	1.096508605115718515e-23	1.994981195644214642e-03	5.018804459751749679e-06	6.649230509819349179e-24	4.445173287587157158e-17	8.278712680399145285e-14	5.958112878191797853e-14	7.028396828796194581e-24	5.723118376046559094e-28	1.588000020767868503e-02	6.787498140364492394e-02	2.125018596356011667e-03	1.412978448404314211e-11	2.119999777706967417e-03
6.000000000000000000e+01	2.392303988560353375e-14	2.335002310562437864e-16	1.096508604930726267e-23	1.994981195637778818e-03	5.018804458561543874e-06	6.649230508242494037e-24	4.445173286533531730e-17	8.278712678523283277e-14	5.958112876768980557e-14	7.028396827118667164e-24	5.723118373681775338e-28	1.588000020719549515e-02	6.787498140316294837e-02	2.125018596838013259e-03	1.436478438908043420e-11	2.119999777955162978e-03
6.100000000000000000e+01	2.392303988065727806e-14	2.335002310008612149e-16	1.096508604745611621e-23	1.994981195631342994e-03	5.018804457371339763e-06	6.649230506665643303e-24	4.445173285479206804e-17	8.278712676642734805e-14	5.958112875343084809e-14	7.028396825437506000e-24	5.723118371315185364e-28	1.588000020671230528e-02	6.787498140268097280e-02	2.125018597320014850e-03	1.459978429406199822e-11	2.119999778203358540e-03
6.200000000000000000e+01	2.392303987572886324e-14	2.335002309456526365e-16	1.096508604561076052e-23	1.994981195624907170e-03	5.018804456181133111e-06	6.649230505088788161e-24	4.445173284428194478e-17	8.278712674767675542e-14	5.958112873920304116e-14	7.028396823760024134e-24	5.723118368957132324e-28	1.588000020622911540e-02	6.787498140219899723e-02	2.125018597802016442e-03	1.483478419898783903e-11	2.119999778451554101e-03
6.300000000000000000e+01	2.392303987078525181e-14	2.335002308902958016e-16	1.096508604376047658e-23	1.994981195618471346e-03	5.018804454990928154e-06	6.649230503511934488e-24	4.445173283374360125e-17	8.278712672890667477e-14	5.958112872496981948e-14	7.028396822081897215e-24	5.723118366591809573e-28	1.588000020574592552e-02	6.787498140171702166e-02	2.125018598284018033e-03	1.506978410385795824e-11	2.119999778699749662e-03
6.400000000000000000e+01	2.392303986582042633e-14	2.335002308347318414e-16	1.096508604190330277e-23	1.994981195612035522e-03	5.018804453800722349e-06	6.649230501935079346e-24	4.445173282316583933e-17	8.278712671011199428e-14	5.958112871072787616e-14	7.028396820402737330e-24	5.723118364216333797e-28	1.588000020526273565e-02	6.787498140123504609e-02	2.125018598766019624e-03	1.530478400867234292e-11	2.119999778947945224e-03
6.500000000000000000e+01	2.392303986087895113e-14	2.335002307793958620e-16	1.096508604005370796e-23	1.994981195605599698e-03	5.018804452610516544e-06	6.649230500358222735e-24	4.445173281263145859e-17	8.278712669132647720e-14	5.958112869647300814e-14	7.028396818722062527e-24	5.723118361852032536e-28	1.588000020477954577e-02	6.787498140075307052e-02	2.125018599248021216e-03	1.553978391343101893e-11	2.119999779196140785e-03
6.600000000000000000e+01	2.392303985595230968e-14	2.335002307242046879e-16	1.096508603820892386e-23	1.994981195599163874e-03	5.018804451420309892e-06	6.649230498781367593e-24	4.445173280212463868e-17	8.278712667258020122e-14	5.958112868224579443e-14	7.028396817044651190e-24	5.723118359494826105e-28	1.588000020429635589e-02	6.787498140027109494e-02	2.125018599730022807e-03	1.577478381813395718e-11	2.119999779444336346e-03
6.700000000000000000e+01	2.392303985098584021e-14	2.335002306686247532e-16	1.096508603635122254e-23	1.994981195592728049e-03	5.018804450230104935e-06	6.649230497204515390e-24	4.445173279154381993e-17	8.278712665377491845e-14	5.958112866799851210e-14	7.028396815364860947e-24	5.723118357118567395e-28	1.588000020381316602e-02	6.787498139978911937e-02	2.125018600212024399e-03	1.600978372278117060e-11	2.119999779692531908e-03
6.800000000000000000e+01	2.392303984604766245e-14	2.335002306133209199e-16	1.096508603450269890e-23	1.994981195586292225e-03	5.018804449039899130e-06	6.649230495627661717e-24	4.445173278101556519e-17	8.278712663502388405e-14	5.958112865377115955e-14	7.028396813687429039e-24	5.723118354755840969e-28	1.588000020332997614e-02	6.787498139930714380e-02	2.125018600694025990e-03	1.624478362737265273e-11	2.119999779940727469e-03
6.900000000000000000e+01	2.392303984109997103e-14	2.335002305579242968e-16	1.096508603265108812e-23	1.994981195579856401e-03	5.018804447849693325e-06	6.649230494050805106e-24	4.445173277046963504e-17	8.278712661622073436e-14	5.958112863951852559e-14	7.028396812007015783e-24	5.723118352388564920e-28	1.588000020284678626e-02	6.787498139882516823e-02	2.125018601176027581e-03	1.647978353190840679e-11	2.119999780188923030e-03
7.000000000000000000e+01	2.392303983614697846e-14	2.335002305024758554e-16	1.096508603079775670e-23	1.994981195573420577e-03	5.018804446659488368e-06	6.649230492473952903e-24	4.445173275991386877e-17	8.278712659745279941e-14	5.958112862528741175e-14	7.028396810329135718e-24	5.723118350018752632e-28	1.588000020236359638e-02	6.787498139834319266e-02	2.125018601658029173e-03	1.671478343638842633e-11	2.119999780437118592e-03
7.100000000000000000e+01	2.392303983121892021e-14	2.335002304472708763e-16	1.096508602895251269e-23	1.994981195566984753e-03	5.018804445469282563e-06	6.649230490897100699e-24	4.445173274940441111e-17	8.278712657866888530e-14	5.958112861103513119e-14	7.028396808648766544e-24	5.723118347660869093e-28	1.588000020188040651e-02	6.787498139786121709e-02	2.125018602140030764e-03	1.694978334081271780e-11	2.119999780685314153e-03
7.200000000000000000e+01	2.392303982625572925e-14	2.335002303917228905e-16	1.096508602709587226e-23	1.994981195560548929e-03	5.018804444279077605e-06	6.649230489320244088e-24	4.445173273882968754e-17	8.278712655987739812e-14	5.958112859679726470e-14	7.028396806970090081e-24	5.723118345286178045e-28	1.588000020139721663e-02	6.787498139737924152e-02	2.125018602622032356e-03	1.718478324518128122e-11	2.119999780933509714e-03
7.300000000000000000e+01	2.392303982131549099e-14	2.335002303363989905e-16	1.096508602524668006e-23	1.994981195554113105e-03	5.018804443088870953e-06	6.649230487743390415e-24	4.445173272829760559e-17	8.278712654109860845e-14	5.958112858254538805e-14	7.028396805289763518e-24	5.723118342922466898e-28	1.588000020091402675e-02	6.787498139689726595e-02	2.125018603104033947e-03	1.741978314949411011e-11	2.119999781181705276e-03
7.400000000000000000e+01	2.392303981639027895e-14	2.335002302812217694e-16	1.096508602340236175e-23	1.994981195547677281e-03	5.018804441898665996e-06	6.649230486166536743e-24	4.445173271779345425e-17	8.278712652235728020e-14	5.958112856832174630e-14	7.028396803612775359e-24	5.723118340565946543e-28	1.588000020043083688e-02	6.787498139641529038e-02	2.125018603586035539e-03	1.765478305375121416e-11	2.119999781429900837e-03
7.500000000000000000e+01	2.392303981142525783e-14	2.335002302256559356e-16	1.096508602154512916e-23	1.994981195541241457e-03	5.018804440708459344e-06	6.649230484589681601e-24	4.445173270721532255e-17	8.278712650355700827e-14	5.958112855407804855e-14	7.028396801933414171e-24	5.723118338190379290e-28	1.588000019994764700e-02	6.787498139593331481e-02	2.125018604068037130e-03	1.788978295795258370e-11	2.119999781678096398e-03
7.600000000000000000e+01	2.392303980648851264e-14	2.335002301703661046e-16	1.096508601969706837e-23	1.994981195534805633e-03	5.018804439518254386e-06	6.649230483012827928e-24	4.445173269668973022e-17	8.278712648481090899e-14	5.958112853985429320e-14	7.028396800256399564e-24	5.723118335828338940e-28	1.588000019946445712e-02	6.787498139545133924e-02	2.125018604550038721e-03	1.812478286209822840e-11	2.119999781926291960e-03
7.700000000000000000e+01	2.392303980154226010e-14	2.335002301149834838e-16	1.096508601784592485e-23	1.994981195528369809e-03	5.018804438328049429e-06	6.649230481435974256e-24	4.445173268614646864e-17	8.278712646601274490e-14	5.958112852560521858e-14	7.028396798576408017e-24	5.723118333461750760e-28	1.588000019898126725e-02	6.787498139496936367e-02	2.125018605032040313e-03	1.835978276618813534e-11	2.119999782174487521e-03
7.800000000000000000e+01	2.392303979659070011e-14	2.335002300595489954e-16	1.096508601599305776e-23	1.994981195521933984e-03	5.018804437137843624e-06	6.649230479859120583e-24	4.445173267559335245e-17	8.278712644724975769e-14	5.958112851137767670e-14	7.028396796898949660e-24	5.723118331092624548e-28	1.588000019849807737e-02	6.787498139448738810e-02	2.125018605514041904e-03	1.859478267022232069e-11	2.119999782422683082e-03
7.900000000000000000e+01	2.392303979166407443e-14	2.335002300043580678e-16	1.096508601414828247e-23	1.994981195515498160e-03	5.018804435947638666e-06	6.649230478282266910e-24	4.445173266508657569e-17	8.278712642847081655e-14	5.958112849712896811e-14	7.028396795219000725e-24	5.723118328735427085e-28	1.588000019801488749e-02	6.787498139400541253e-02	2.125018605996043496e-03	1.882978257420076828e-11	2.119999782670878644e-03
8.000000000000000000e+01	2.392303978670211725e-14	2.335002299488221615e-16	1.096508601229204318e-23	1.994981195509062336e-03	5.018804434757432014e-06	6.649230476705411768e-24	4.445173265451414474e-17	8.278712640968601891e-14	5.958112848289409298e-14	7.028396793540676910e-24	5.723118326361326151e-28	1.588000019753169761e-02	6.787498139352343696e-02	2.125018606478045087e-03	1.906478247812349426e-11	2.119999782919074205e-03
8.100000000000000000e+01	2.392303978176350719e-14	2.335002298935140387e-16	1.096508601044337701e-23	1.994981195502626512e-03	5.018804433567226210e-06	6.649230475128558096e-24	4.445173264398508265e-17	8.278712639091043517e-14	5.958112846864634364e-14	7.028396791860842586e-24	5.723118323998392557e-28	1.588000019704850774e-02	6.787498139304146139e-02	2.125018606960046678e-03	1.929978238199047926e-11	2.119999783167269766e-03
8.200000000000000000e+01	2.392303977681928360e-14	2.335002298381512380e-16	1.096508600859289029e-23	1.994981195496190688e-03	5.018804432377021252e-06	6.649230473551705893e-24	4.445173263344558665e-17	8.278712637212553656e-14	5.958112845440629359e-14	7.028396790181911923e-24	5.723118321632776541e-28	1.588000019656531786e-02	6.787498139255948582e-02	2.125018607442048270e-03	1.953478228580174590e-11	2.119999783415465328e-03
8.300000000000000000e+01	2.392303977186424000e-14	2.335002297826828286e-16	1.096508600673889472e-23	1.994981195489754864e-03	5.018804431186815447e-06	6.649230471974850751e-24	4.445173262288601166e-17	8.278712635333758348e-14	5.958112844015657525e-14	7.028396788501838091e-24	5.723118319261982224e-28	1.588000019608212798e-02	6.787498139207751024e-02	2.125018607924049861e-03	1.976978218955727477e-11	2.119999783663660889e-03
8.400000000000000000e+01	2.392303976691427035e-14	2.335002297272639202e-16	1.096508600488654191e-23	1.994981195483319040e-03	5.018804429996609642e-06	6.649230470397997078e-24	4.445173261233584755e-17	8.278712633454740897e-14	5.958112842591179203e-14	7.028396786822349068e-24	5.723118316893615627e-28	1.588000019559893811e-02	6.787498139159553467e-02	2.125018608406051453e-03	2.000478209325707882e-11	2.119999783911856450e-03
8.500000000000000000e+01	2.392303976197222401e-14	2.335002296719223695e-16	1.096508600303676343e-23	1.994981195476883216e-03	5.018804428806404685e-06	6.649230468821141936e-24	4.445173260180040062e-17	8.278712631576209384e-14	5.958112841166125328e-14	7.028396785142184136e-24	5.723118314529040833e-28	1.588000019511574823e-02	6.787498139111355910e-02	2.125018608888053044e-03	2.023978199690114510e-11	2.119999784160052012e-03
8.600000000000000000e+01	2.392303975702210606e-14	2.335002296165019820e-16	1.096508600118436506e-23	1.994981195470447392e-03	5.018804427616199727e-06	6.649230467244289733e-24	4.445173259124995917e-17	8.278712629700410485e-14	5.958112839743725813e-14	7.028396783465143080e-24	5.723118312160602490e-28	1.588000019463255835e-02	6.787498139063158353e-02	2.125018609370054636e-03	2.047478190048948979e-11	2.119999784408247573e-03
8.700000000000000000e+01	2.392303975209691926e-14	2.335002295613249580e-16	1.096508599934005116e-23	1.994981195464011568e-03	5.018804426425993075e-06	6.649230465667431652e-24	4.445173258074585097e-17	8.278712627823012407e-14	5.958112838319213412e-14	7.028396781785617322e-24	5.723118309804092000e-28	1.588000019414936848e-02	6.787498139014960796e-02	2.125018609852056227e-03	2.070978180402209996e-11	2.119999784656443134e-03
8.800000000000000000e+01	2.392303974713638834e-14	2.335002295058030540e-16	1.096508599748427619e-23	1.994981195457575743e-03	5.018804425235788118e-06	6.649230464090579449e-24	4.445173257017606394e-17	8.278712625945027417e-14	5.958112836896080571e-14	7.028396780107710808e-24	5.723118307430676245e-28	1.588000019366617860e-02	6.787498138966763239e-02	2.125018610334057818e-03	2.094478170749898206e-11	2.119999784904638696e-03
8.900000000000000000e+01	2.392303974219921401e-14	2.335002294505089828e-16	1.096508599563607581e-23	1.994981195451139919e-03	5.018804424045581466e-06	6.649230462513725776e-24	4.445173255964967042e-17	8.278712624067965079e-14	5.958112835471662833e-14	7.028396778428296723e-24	5.723118305068428727e-28	1.588000019318298872e-02	6.787498138918565682e-02	2.125018610816059410e-03	2.117978161092012963e-11	2.119999785152834257e-03
9.000000000000000000e+01	2.392303973725642299e-14	2.335002293951601844e-16	1.096508599378605635e-23	1.994981195444704095e-03	5.018804422855375661e-06	6.649230460936870634e-24	4.445173254911284914e-17	8.278712622189973778e-14	5.958112834048018810e-14	7.028396776749792176e-24	5.723118302703497890e-28	1.588000019269979884e-02	6.787498138870368125e-02	2.125018611298061001e-03	2.141478151428555238e-11	2.119999785401029818e-03
9.100000000000000000e+01	2.392303973230281511e-14	2.335002293397057280e-16	1.096508599193252510e-23	1.994981195438268271e-03	5.018804421665170703e-06	6.649230459360015492e-24	4.445173253855593041e-17	8.278712620311675767e-14	5.958112832623402911e-14	7.028396775070141523e-24	5.723118300333389648e-28	1.588000019221660897e-02	6.787498138822170568e-02	2.125018611780062593e-03	2.164978141759524383e-11	2.119999785649225379e-03
9.200000000000000000e+01	2.392303972735428750e-14	2.335002292843009205e-16	1.096508599008064249e-23	1.994981195431832447e-03	5.018804420474964899e-06	6.649230457783163289e-24	4.445173252800844718e-17	8.278712618433156876e-14	5.958112831199280523e-14	7.028396773391072739e-24	5.723118297965715405e-28	1.588000019173341909e-02	6.787498138773973011e-02	2.125018612262064184e-03	2.188478132084920398e-11	2.119999785897420941e-03
9.300000000000000000e+01	2.392303972241367689e-14	2.335002292289733720e-16	1.096508598823132833e-23	1.994981195425396623e-03	5.018804419284759094e-06	6.649230456206309617e-24	4.445173251747568115e-17	8.278712616555121399e-14	5.958112829774586369e-14	7.028396771711328046e-24	5.723118295601828480e-28	1.588000019125022921e-02	6.787498138725775454e-02	2.125018612744065775e-03	2.211978122404743284e-11	2.119999786145616502e-03
9.400000000000000000e+01	2.392303971745355302e-14	2.335002291734553137e-16	1.096508598637568266e-23	1.994981195418960799e-03	5.018804418094554136e-06	6.649230454629454475e-24	4.445173250690663984e-17	8.278712614675138382e-14	5.958112828349821532e-14	7.028396770031499599e-24	5.723118293228601059e-28	1.588000019076703934e-02	6.787498138677577897e-02	2.125018613226067367e-03	2.235478112718993364e-11	2.119999786393812063e-03
9.500000000000000000e+01	2.392303971252934757e-14	2.335002291182879040e-16	1.096508598453169055e-23	1.994981195412524975e-03	5.018804416904347484e-06	6.649230453052600802e-24	4.445173249640435588e-17	8.278712612798800533e-14	5.958112826925426514e-14	7.028396768352114901e-24	5.723118290872561405e-28	1.588000019028384946e-02	6.787498138629380340e-02	2.125018613708068958e-03	2.258978103027670638e-11	2.119999786642007625e-03
9.600000000000000000e+01	2.392303970757025869e-14	2.335002290627799529e-16	1.096508598267638137e-23	1.994981195406089151e-03	5.018804415714142527e-06	6.649230451475745660e-24	4.445173248583725590e-17	8.278712610921316628e-14	5.958112825502652131e-14	7.028396766674630096e-24	5.723118288499831726e-28	1.588000018980065958e-02	6.787498138581182783e-02	2.125018614190070550e-03	2.282478093330774136e-11	2.119999786890203186e-03
9.700000000000000000e+01	2.392303970263452324e-14	2.335002290075000812e-16	1.096508598082864677e-23	1.994981195399653327e-03	5.018804414523936722e-06	6.649230449898893457e-24	4.445173247531354944e-17	8.278712609044749063e-14	5.958112824078594114e-14	7.028396764995639188e-24	5.723118286138277458e-28	1.588000018931746971e-02	6.787498138532985226e-02	2.125018614672072141e-03	2.305978083628305474e-11	2.119999787138398747e-03
9.800000000000000000e+01	2.392303969769315217e-14	2.335002289521651372e-16	1.096508597897909017e-23	1.994981195393217503e-03	5.018804413333730917e-06	6.649230448322038315e-24	4.445173246477936592e-17	8.278712607167252535e-14	5.958112822655302239e-14	7.028396763317550473e-24	5.723118283774024626e-28	1.588000018883427983e-02	6.787498138484787669e-02	2.125018615154073733e-03	2.329478073920263360e-11	2.119999787386594309e-03
9.900000000000000000e+01	2.392303969274097056e-14	2.335002288967246338e-16	1.096508597712602324e-23	1.994981195386781678e-03	5.018804412143525112e-06	6.649230446745184642e-24	4.445173245422509110e-17	8.278712605289446774e-14	5.958112821231043536e-14	7.028396761638322997e-24	5.723118281404601563e-28	1.588000018835108995e-02	6.787498138436590112e-02	2.125018615636075324e-03	2.352978064206648763e-11	2.119999787634789870e-03
1.000000000000000000e+02	2.392303968779388498e-14	2.335002288413338285e-16	1.096508597527461082e-23	1.994981195380345854e-03	5.018804410953321002e-06	6.649230445168330970e-24	4.445173244368028877e-17	8.278712603411426443e-14	5.958112819807282130e-14	7.028396759959674452e-24	5.723118279037613396e-28	1.588000018786790007e-02	6.787498138388392555e-02	2.125018616118076915e-03	2.376478054487460066e-11	2.119999787882985431e-03
1.010000000000000000e+02	2.392303968285355836e-14	2.335002287860090411e-16	1.096508597342538335e-23	1.994981195373910030e-03	5.018804409763115197e-06	6.649230443591475828e-24	4.445173243314803426e-17	8.278712601533783503e-14	5.958112818382921191e-14	7.028396758280326489e-24	5.723118276673860995e-28	1.588000018738471020e-02	6.787498138340194997e-02	2.125018616600078507e-03	2.399978044762699533e-11	2.119999788131180993e-03
1.020000000000000000e+02	2.392303967789582632e-14	2.335002287305144020e-16	1.096508597157051498e-23	1.994981195367474206e-03	5.018804408572908545e-06	6.649230442014619216e-24	4.445173242258344878e-17	8.278712599654411380e-14	5.958112816958532483e-14	7.028396756600940321e-24	5.723118274301779725e-28	1.588000018690152032e-02	6.787498138291997440e-02	2.125018617082080098e-03	2.423478035032365224e-11	2.119999788379376554e-03
1.030000000000000000e+02	2.392303967297325223e-14	2.335002286753629175e-16	1.096508596972705478e-23	1.994981195361038382e-03	5.018804407382703588e-06	6.649230440437768482e-24	4.445173241208419701e-17	8.278712597778560732e-14	5.958112815534498448e-14	7.028396754921981740e-24	5.723118271946522108e-28	1.588000018641833044e-02	6.787498138243799883e-02	2.125018617564081690e-03	2.446978025296458756e-11	2.119999788627572115e-03
1.040000000000000000e+02	2.392303966800495261e-14	2.335002286197650856e-16	1.096508596786875690e-23	1.994981195354602558e-03	5.018804406192497783e-06	6.649230438860914810e-24	4.445173240149996396e-17	8.278712595897156503e-14	5.958112814109223692e-14	7.028396753241549383e-24	5.723118269569384504e-28	1.588000018593514057e-02	6.787498138195602326e-02	2.125018618046083281e-03	2.470478015554978188e-11	2.119999788875767677e-03
1.050000000000000000e+02	2.392303966306940964e-14	2.335002285644869888e-16	1.096508596602108697e-23	1.994981195348166734e-03	5.018804405002291131e-06	6.649230437284059668e-24	4.445173239097661495e-17	8.278712594021389158e-14	5.958112812685419372e-14	7.028396751562856757e-24	5.723118267207920816e-28	1.588000018545195069e-02	6.787498138147404769e-02	2.125018618528084872e-03	2.493978005807925461e-11	2.119999789123963238e-03
1.060000000000000000e+02	2.392303965812948377e-14	2.335002285091661457e-16	1.096508596417199762e-23	1.994981195341730910e-03	5.018804403812086173e-06	6.649230435707204526e-24	4.445173238044511233e-17	8.278712592144389929e-14	5.958112811262488480e-14	7.028396749885192689e-24	5.723118264844361234e-28	1.588000018496876081e-02	6.787498138099207212e-02	2.125018619010086464e-03	2.517477996055299280e-11	2.119999789372158799e-03
1.070000000000000000e+02	2.392303965317874103e-14	2.335002284537396938e-16	1.096508596231939354e-23	1.994981195335295086e-03	5.018804402621881216e-06	6.649230434130350853e-24	4.445173236989352456e-17	8.278712590267082728e-14	5.958112809838586973e-14	7.028396748206385453e-24	5.723118262475624247e-28	1.588000018448557094e-02	6.787498138051009655e-02	2.125018619492088055e-03	2.540977986297100617e-11	2.119999789620354361e-03
1.080000000000000000e+02	2.392303964823308172e-14	2.335002283983628909e-16	1.096508596046844104e-23	1.994981195328859262e-03	5.018804401431675411e-06	6.649230432553498650e-24	4.445173235935137848e-17	8.278712588389557170e-14	5.958112808415180239e-14	7.028396746528160086e-24	5.723118260109319465e-28	1.588000018400238106e-02	6.787498138002812098e-02	2.125018619974089647e-03	2.564477976533328178e-11	2.119999789868549922e-03
1.090000000000000000e+02	2.392303964329419083e-14	2.335002283430521057e-16	1.096508595861968523e-23	1.994981195322423437e-03	5.018804400241470453e-06	6.649230430976643508e-24	4.445173234882179870e-17	8.278712586512412790e-14	5.958112806991177758e-14	7.028396744849230892e-24	5.723118257746253140e-28	1.588000018351919118e-02	6.787498137954614541e-02	2.125018620456091238e-03	2.587977966763983257e-11	2.119999790116745483e-03
1.100000000000000000e+02	2.392303963833789136e-14	2.335002282875714196e-16	1.096508595676528412e-23	1.994981195315987613e-03	5.018804399051264649e-06	6.649230429399786897e-24	4.445173233825987563e-17	8.278712584633535441e-14	5.958112805567146247e-14	7.028396743170266433e-24	5.723118255374858842e-28	1.588000018303600130e-02	6.787498137906416984e-02	2.125018620938092830e-03	2.611477956989065205e-11	2.119999790364941045e-03
1.110000000000000000e+02	2.392303963339111186e-14	2.335002282321836219e-16	1.096508595491396427e-23	1.994981195309551789e-03	5.018804397861058844e-06	6.649230427822934694e-24	4.445173232771563413e-17	8.278712582755792789e-14	5.958112804142939293e-14	7.028396741491099202e-24	5.723118253008017755e-28	1.588000018255281143e-02	6.787498137858219427e-02	2.125018621420094421e-03	2.634977947208574348e-11	2.119999790613136606e-03
1.120000000000000000e+02	2.392303962844980074e-14	2.335002281768493189e-16	1.096508595306442677e-23	1.994981195303115965e-03	5.018804396670853039e-06	6.649230426246081021e-24	4.445173231718157387e-17	8.278712580877271373e-14	5.958112802718549323e-14	7.028396739811715973e-24	5.723118250643797209e-28	1.588000018206962155e-02	6.787498137810021870e-02	2.125018621902096012e-03	2.658477937422510038e-11	2.119999790861332167e-03
1.130000000000000000e+02	2.392303962351574400e-14	2.335002281215856682e-16	1.096508595121723584e-23	1.994981195296680141e-03	5.018804395480647234e-06	6.649230424669227348e-24	4.445173230666097355e-17	8.278712579000238065e-14	5.958112801294354991e-14	7.028396738132564905e-24	5.723118248283042914e-28	1.588000018158643167e-02	6.787498137761824313e-02	2.125018622384097604e-03	2.681977927630872921e-11	2.119999791109527729e-03
1.140000000000000000e+02	2.392303961856685351e-14	2.335002280661772615e-16	1.096508594936523421e-23	1.994981195290244317e-03	5.018804394290441430e-06	6.649230423092373676e-24	4.445173229611280624e-17	8.278712577121271101e-14	5.958112799869610350e-14	7.028396736452761437e-24	5.723118245915193790e-28	1.588000018110324180e-02	6.787498137713626756e-02	2.125018622866099195e-03	2.705477917833665260e-11	2.119999791357723290e-03
1.150000000000000000e+02	2.392303961361609499e-14	2.335002280107508096e-16	1.096508594751262866e-23	1.994981195283808493e-03	5.018804393100237319e-06	6.649230421515518534e-24	4.445173228556119998e-17	8.278712575244571007e-14	5.958112798446020601e-14	7.028396734774320073e-24	5.723118243546450524e-28	1.588000018062005192e-02	6.787498137665429199e-02	2.125018623348100787e-03	2.728977908030963311e-11	2.119999791605918851e-03
1.160000000000000000e+02	2.392303960867183669e-14	2.335002279553875652e-16	1.096508594566213166e-23	1.994981195277372669e-03	5.018804391910030667e-06	6.649230419938663392e-24	4.445173227502163618e-17	8.278712573367535174e-14	5.958112797022968539e-14	7.028396733096514946e-24	5.723118241180816572e-28	1.588000018013686204e-02	6.787498137617231642e-02	2.125018623830102378e-03	2.752477898222607130e-11	2.119999791854114413e-03
1.170000000000000000e+02	2.392303960374006764e-14	2.335002279001462984e-16	1.096508594381568570e-23	1.994981195270936845e-03	5.018804390719824862e-06	6.649230418361811189e-24	4.445173226450529448e-17	8.278712571490886830e-14	5.958112795598849938e-14	7.028396731417450570e-24	5.723118238821158205e-28	1.588000017965367217e-02	6.787498137569034085e-02	2.125018624312103969e-03	2.775977888408677819e-11	2.119999792102309974e-03
1.180000000000000000e+02	2.392303959876789313e-14	2.335002278445106998e-16	1.096508594195613152e-23	1.994981195264501021e-03	5.018804389529619905e-06	6.649230416784958985e-24	4.445173225391386924e-17	8.278712569608384507e-14	5.958112794172701755e-14	7.028396729735985247e-24	5.723118236442166852e-28	1.588000017917048229e-02	6.787498137520836528e-02	2.125018624794105561e-03	2.799477878589176025e-11	2.119999792350505535e-03
1.190000000000000000e+02	2.392303959382227484e-14	2.335002277891342912e-16	1.096508594010519517e-23	1.994981195258065197e-03	5.018804388339413253e-06	6.649230415208103843e-24	4.445173224337179095e-17	8.278712567731144201e-14	5.958112792748839375e-14	7.028396728057225030e-24	5.723118234075881800e-28	1.588000017868729241e-02	6.787498137472638970e-02	2.125018625276107152e-03	2.822977868764100456e-11	2.119999792598701097e-03
1.200000000000000000e+02	2.392303958888240576e-14	2.335002277338139411e-16	1.096508593825611905e-23	1.994981195251629372e-03	5.018804387149207448e-06	6.649230413631247232e-24	4.445173223284041158e-17	8.278712565853121346e-14	5.958112791324805340e-14	7.028396726378260571e-24	5.723118231712350020e-28	1.588000017820410253e-02	6.787498137424441413e-02	2.125018625758108744e-03	2.846477858933452726e-11	2.119999792846896658e-03
1.210000000000000000e+02	2.392303958394980998e-14	2.335002276785646378e-16	1.096508593640940567e-23	1.994981195245193548e-03	5.018804385959002490e-06	6.649230412054393559e-24	4.445173222232251681e-17	8.278712563978343549e-14	5.958112789901717937e-14	7.028396724700417240e-24	5.723118229352294357e-28	1.588000017772091266e-02	6.787498137376243856e-02	2.125018626240110335e-03	2.869977849097231221e-11	2.119999793095092219e-03
1.220000000000000000e+02	2.392303957900191346e-14	2.335002276231659440e-16	1.096508593455772876e-23	1.994981195238757724e-03	5.018804384768797533e-06	6.649230410477539887e-24	4.445173221177621071e-17	8.278712562098099261e-14	5.958112788476585807e-14	7.028396723020153860e-24	5.723118226984919656e-28	1.588000017723772278e-02	6.787498137328046299e-02	2.125018626722111927e-03	2.893477839255437556e-11	2.119999793343287781e-03
1.230000000000000000e+02	2.392303957405300403e-14	2.335002275677573894e-16	1.096508593270572125e-23	1.994981195232321900e-03	5.018804383578590881e-06	6.649230408900686214e-24	4.445173220122801258e-17	8.278712560221916660e-14	5.958112787053358303e-14	7.028396721342140083e-24	5.723118224617060666e-28	1.588000017675453290e-02	6.787498137279848742e-02	2.125018627204113518e-03	2.916977829408070115e-11	2.119999793591483342e-03
1.240000000000000000e+02	2.392303956911021933e-14	2.335002275124086403e-16	1.096508593085570473e-23	1.994981195225886076e-03	5.018804382388385923e-06	6.649230407323831072e-24	4.445173219069120364e-17	8.278712558345383174e-14	5.958112785630665962e-14	7.028396719664758133e-24	5.723118222252132520e-28	1.588000017627134303e-02	6.787498137231651185e-02	2.125018627686115109e-03	2.940477819555130191e-11	2.119999793839678903e-03
1.250000000000000000e+02	2.392303956417988916e-14	2.335002274571813758e-16	1.096508592900972310e-23	1.994981195219450252e-03	5.018804381198179272e-06	6.649230405746977400e-24	4.445173218017753050e-17	8.278712556469233390e-14	5.958112784206904557e-14	7.028396717986118405e-24	5.723118219893162022e-28	1.588000017578815315e-02	6.787498137183453628e-02	2.125018628168116701e-03	2.963977809696616492e-11	2.119999794087874465e-03
1.260000000000000000e+02	2.392303955920915353e-14	2.335002274015597794e-16	1.096508592715063617e-23	1.994981195213014428e-03	5.018804380007974314e-06	6.649230404170122258e-24	4.445173216958879232e-17	8.278712554587229627e-14	5.958112782781113570e-14	7.028396716305077729e-24	5.723118217514861228e-28	1.588000017530496327e-02	6.787498137135256071e-02	2.125018628650118292e-03	2.987477799832531601e-11	2.119999794336070026e-03
1.270000000000000000e+02	2.392303955426497096e-14	2.335002273461974225e-16	1.096508592530016415e-23	1.994981195206578604e-03	5.018804378817769356e-06	6.649230402593271524e-24	4.445173215904938876e-17	8.278712552710485357e-14	5.958112781357610911e-14	7.028396714626736282e-24	5.723118215149263149e-28	1.588000017482177340e-02	6.787498137087058514e-02	2.125018629132119884e-03	3.010977789962871643e-11	2.119999794584265587e-03
1.280000000000000000e+02	2.392303954932653130e-14	2.335002272908910254e-16	1.096508592345155234e-23	1.994981195200142780e-03	5.018804377627563551e-06	6.649230401016416382e-24	4.445173214852065331e-17	8.278712550832957275e-14	5.958112779933932809e-14	7.028396712948193532e-24	5.723118212786412961e-28	1.588000017433858352e-02	6.787498137038860957e-02	2.125018629614121475e-03	3.034477780087640494e-11	2.119999794832461149e-03
1.290000000000000000e+02	2.392303954439534601e-14	2.335002272356555272e-16	1.096508592160529741e-23	1.994981195193706956e-03	5.018804376437357747e-06	6.649230399439561240e-24	4.445173213800539012e-17	8.278712548956917300e-14	5.958112778510452870e-14	7.028396711269884412e-24	5.723118210427035302e-28	1.588000017385539364e-02	6.787498136990663400e-02	2.125018630096123066e-03	3.057977770206834924e-11	2.119999795080656710e-03
1.300000000000000000e+02	2.392303953944889152e-14	2.335002271802709342e-16	1.096508591975408776e-23	1.994981195187271131e-03	5.018804375247151942e-06	6.649230397862707567e-24	4.445173212746176492e-17	8.278712547078928524e-14	5.958112777086425145e-14	7.028396709590927300e-24	5.723118208060350264e-28	1.588000017337220376e-02	6.787498136942465843e-02	2.125018630578124658e-03	3.081477760320456870e-11	2.119999795328852271e-03
1.310000000000000000e+02	2.392303953450823674e-14	2.335002271249428927e-16	1.096508591790475597e-23	1.994981195180835307e-03	5.018804374056946984e-06	6.649230396285853895e-24	4.445173211692890028e-17	8.278712545202554072e-14	5.958112775662879572e-14	7.028396707912540302e-24	5.723118205696440021e-28	1.588000017288901389e-02	6.787498136894268286e-02	2.125018631060126249e-03	3.104977750428506333e-11	2.119999795577047833e-03
1.320000000000000000e+02	2.392303952954880075e-14	2.335002270694316383e-16	1.096508591604933805e-23	1.994981195174399483e-03	5.018804372866741180e-06	6.649230394708998753e-24	4.445173210636115319e-17	8.278712543323048158e-14	5.958112774238278819e-14	7.028396706232902873e-24	5.723118203323543531e-28	1.588000017240582401e-02	6.787498136846070729e-02	2.125018631542127841e-03	3.128477740530982020e-11	2.119999795825243394e-03
1.330000000000000000e+02	2.392303952461929100e-14	2.335002270142124596e-16	1.096508591420362531e-23	1.994981195167963659e-03	5.018804371676536222e-06	6.649230393132146550e-24	4.445173209584900847e-17	8.278712541447437323e-14	5.958112772814854415e-14	7.028396704554661344e-24	5.723118200964968536e-28	1.588000017192263413e-02	6.787498136797873172e-02	2.125018632024129432e-03	3.151977730627884578e-11	2.119999796073438955e-03
1.340000000000000000e+02	2.392303951964998794e-14	2.335002269586048655e-16	1.096508591234500123e-23	1.994981195161527835e-03	5.018804370486329570e-06	6.649230391555291408e-24	4.445173208526293270e-17	8.278712539565929596e-14	5.958112771389423149e-14	7.028396702874043846e-24	5.723118198587351128e-28	1.588000017143944426e-02	6.787498136749675615e-02	2.125018632506131024e-03	3.175477720719215299e-11	2.119999796321634516e-03
1.350000000000000000e+02	2.392303951470897029e-14	2.335002269032733728e-16	1.096508591049555630e-23	1.994981195155092011e-03	5.018804369296124612e-06	6.649230389978439204e-24	4.445173207472939629e-17	8.278712537689839134e-14	5.958112769965979812e-14	7.028396701195775867e-24	5.723118196223268693e-28	1.588000017095625438e-02	6.787498136701478058e-02	2.125018632988132615e-03	3.198977710804971598e-11	2.119999796569830078e-03
1.360000000000000000e+02	2.392303950975844212e-14	2.335002268478489423e-16	1.096508590864302569e-23	1.994981195148656187e-03	5.018804368105919655e-06	6.649230388401584062e-24	4.445173206417819679e-17	8.278712535808543453e-14	5.958112768540008334e-14	7.028396699514525072e-24	5.723118193854634841e-28	1.588000017047306450e-02	6.787498136653280500e-02	2.125018633470134206e-03	3.222477700885156060e-11	2.119999796818025639e-03
1.370000000000000000e+02	2.392303950482861682e-14	2.335002267926266082e-16	1.096508590679720716e-23	1.994981195142220363e-03	5.018804366915713850e-06	6.649230386824731859e-24	4.445173205366545426e-17	8.278712533932995727e-14	5.958112767116875493e-14	7.028396697836627375e-24	5.723118191495905591e-28	1.588000016998987463e-02	6.787498136605082943e-02	2.125018633952135798e-03	3.245977690959766747e-11	2.119999797066221200e-03
1.380000000000000000e+02	2.392303949988359175e-14	2.335002267372561162e-16	1.096508590494646330e-23	1.994981195135784539e-03	5.018804365725508045e-06	6.649230385247875248e-24	4.445173204312449763e-17	8.278712532055500462e-14	5.958112765693203703e-14	7.028396696158090502e-24	5.723118189129905732e-28	1.588000016950668475e-02	6.787498136556885386e-02	2.125018634434137389e-03	3.269477681028804304e-11	2.119999797314416762e-03
1.390000000000000000e+02	2.392303949494437270e-14	2.335002266819420276e-16	1.096508590309759876e-23	1.994981195129348715e-03	5.018804364535302240e-06	6.649230383671021575e-24	4.445173203259429540e-17	8.278712530179622046e-14	5.958112764270016588e-14	7.028396694480123744e-24	5.723118186766681565e-28	1.588000016902349487e-02	6.787498136508687829e-02	2.125018634916138981e-03	3.292977671092270025e-11	2.119999797562612323e-03
1.400000000000000000e+02	2.392303948998636613e-14	2.335002266264447262e-16	1.096508590124264370e-23	1.994981195122912890e-03	5.018804363345096436e-06	6.649230382094169372e-24	4.445173202202919839e-17	8.278712528300614692e-14	5.958112762845771769e-14	7.028396692800908023e-24	5.723118184394471151e-28	1.588000016854030499e-02	6.787498136460490272e-02	2.125018635398140572e-03	3.316477661150161323e-11	2.119999797810807884e-03
1.410000000000000000e+02	2.392303948505828263e-14	2.335002265712394512e-16	1.096508589939739381e-23	1.994981195116477066e-03	5.018804362154889784e-06	6.649230380517312761e-24	4.445173201151972224e-17	8.278712526425497369e-14	5.958112761422704561e-14	7.028396691123086733e-24	5.723118182036575953e-28	1.588000016805711512e-02	6.787498136412292715e-02	2.125018635880142163e-03	3.339977651202480139e-11	2.119999798059003446e-03
1.420000000000000000e+02	2.392303948009041846e-14	2.335002265156459087e-16	1.096508589753923699e-23	1.994981195110041242e-03	5.018804360964685673e-06	6.649230378940460557e-24	4.445173200093630270e-17	8.278712524544484415e-14	5.958112759997626705e-14	7.028396689442886536e-24	5.723118179659649105e-28	1.588000016757392524e-02	6.787498136364095158e-02	2.125018636362143755e-03	3.363477641249226471e-11	2.119999798307199007e-03
1.430000000000000000e+02	2.392303947515084284e-14	2.335002264603283689e-16	1.096508589569025785e-23	1.994981195103605418e-03	5.018804359774479869e-06	6.649230377363602477e-24	4.445173199040544719e-17	8.278712522668892513e-14	5.958112758574541826e-14	7.028396687765041735e-24	5.723118177296252746e-28	1.588000016709073536e-02	6.787498136315897601e-02	2.125018636844145346e-03	3.386977631290399028e-11	2.119999798555394568e-03
1.440000000000000000e+02	2.392303947020174094e-14	2.335002264049179901e-16	1.096508589383819009e-23	1.994981195097169594e-03	5.018804358584274064e-06	6.649230375786750273e-24	4.445173197985690394e-17	8.278712520788091605e-14	5.958112757148927545e-14	7.028396686084212649e-24	5.723118174928303176e-28	1.588000016660754549e-02	6.787498136267700044e-02	2.125018637326146938e-03	3.410477621325998455e-11	2.119999798803590130e-03
1.450000000000000000e+02	2.392303946524734104e-14	2.335002263494557929e-16	1.096508589198440023e-23	1.994981195090733770e-03	5.018804357394068259e-06	6.649230374209896601e-24	4.445173196929850608e-17	8.278712518910810910e-14	5.958112755725466538e-14	7.028396684405919691e-24	5.723118172557817368e-28	1.588000016612435561e-02	6.787498136219502487e-02	2.125018637808148529e-03	3.433977611356026045e-11	2.119999799051785691e-03
1.460000000000000000e+02	2.392303946031787231e-14	2.335002262942370580e-16	1.096508589013870219e-23	1.994981195084297946e-03	5.018804356203862454e-06	6.649230372633041459e-24	4.445173195878643532e-17	8.278712517031932298e-14	5.958112754299883810e-14	7.028396682725136155e-24	5.723118170199261207e-28	1.588000016564116573e-02	6.787498136171304930e-02	2.125018638290150121e-03	3.457477601380479214e-11	2.119999799299981252e-03
1.470000000000000000e+02	2.392303945538009529e-14	2.335002262389371197e-16	1.096508588829030638e-23	1.994981195077862122e-03	5.018804355013657497e-06	6.649230371056187786e-24	4.445173194825892630e-17	8.278712515156552442e-14	5.958112752877050105e-14	7.028396681047588167e-24	5.723118167836726702e-28	1.588000016515797586e-02	6.787498136123107373e-02	2.125018638772151712e-03	3.480977591399361192e-11	2.119999799548176814e-03
1.480000000000000000e+02	2.392303945042353076e-14	2.335002261834538205e-16	1.096508588643581564e-23	1.994981195071426298e-03	5.018804353823451692e-06	6.649230369479334114e-24	4.445173193769651635e-17	8.278712513278039862e-14	5.958112751453163745e-14	7.028396679368794155e-24	5.723118165465204158e-28	1.588000016467478598e-02	6.787498136074909816e-02	2.125018639254153303e-03	3.504477581412668101e-11	2.119999799796372375e-03
1.490000000000000000e+02	2.392303944547686802e-14	2.335002261280672554e-16	1.096508588458453987e-23	1.994981195064990474e-03	5.018804352633245887e-06	6.649230367902477502e-24	4.445173192715249672e-17	8.278712511398478412e-14	5.958112750028478425e-14	7.028396677689061216e-24	5.723118163098422262e-28	1.588000016419159610e-02	6.787498136026712259e-02	2.125018639736154895e-03	3.527977571420403174e-11	2.119999800044567936e-03
1.500000000000000000e+02	2.392303944051854590e-14	2.335002260725669464e-16	1.096508588272947901e-23	1.994981195058554650e-03	5.018804351443040929e-06	6.649230366325626769e-24	4.445173191658682656e-17	8.278712509518790745e-14	5.958112748602777053e-14	7.028396676008126335e-24	5.723118160726060284e-28	1.588000016370840622e-02	6.787498135978514702e-02	2.125018640218156486e-03	3.551477561422565118e-11	2.119999800292763498e-03
1.510000000000000000e+02	2.392303943557754087e-14	2.335002260172354044e-16	1.096508588088003701e-23	1.994981195052118825e-03	5.018804350252835972e-06	6.649230364748773096e-24	4.445173190605331480e-17	8.278712507643433608e-14	5.958112747180320740e-14	7.028396674331023566e-24	5.723118158361980540e-28	1.588000016322521635e-02	6.787498135930317145e-02	2.125018640700158078e-03	3.574977551419153932e-11	2.119999800540959059e-03
1.520000000000000000e+02	2.392303943063274614e-14	2.335002259618670324e-16	1.096508587902936809e-23	1.994981195045683001e-03	5.018804349062629320e-06	6.649230363171917954e-24	4.445173189551277109e-17	8.278712505763391269e-14	5.958112745754788499e-14	7.028396672650294396e-24	5.723118155996089197e-28	1.588000016274202647e-02	6.787498135882119588e-02	2.125018641182159669e-03	3.598477541410169616e-11	2.119999800789154620e-03
1.530000000000000000e+02	2.392303942567899312e-14	2.335002259064111954e-16	1.096508587717578689e-23	1.994981195039247177e-03	5.018804347872423515e-06	6.649230361595062812e-24	4.445173188495556886e-17	8.278712503886345338e-14	5.958112744331819741e-14	7.028396670972580369e-24	5.723118153625915486e-28	1.588000016225883659e-02	6.787498135833922031e-02	2.125018641664161261e-03	3.621977531395612818e-11	2.119999801037350182e-03
1.540000000000000000e+02	2.392303942075175528e-14	2.335002258512142527e-16	1.096508587533081177e-23	1.994981195032811353e-03	5.018804346682218558e-06	6.649230360018210609e-24	4.445173187444765194e-17	8.278712502008225295e-14	5.958112742906462944e-14	7.028396669292062789e-24	5.723118151268426553e-28	1.588000016177564672e-02	6.787498135785724473e-02	2.125018642146162852e-03	3.645477521375482244e-11	2.119999801285545743e-03
1.550000000000000000e+02	2.392303941581541399e-14	2.335002257959283660e-16	1.096508587348288616e-23	1.994981195026375529e-03	5.018804345492012753e-06	6.649230358441356936e-24	4.445173186392281765e-17	8.278712500133342737e-14	5.958112741483985173e-14	7.028396667614933571e-24	5.723118148906579022e-28	1.588000016129245684e-02	6.787498135737526916e-02	2.125018642628164443e-03	3.668977511349779833e-11	2.119999801533741304e-03
1.560000000000000000e+02	2.392303941086028519e-14	2.335002257404590691e-16	1.096508587162886121e-23	1.994981195019939705e-03	5.018804344301806948e-06	6.649230356864501794e-24	4.445173185336307011e-17	8.278712498255327455e-14	5.958112740060456008e-14	7.028396665936559798e-24	5.723118146535744346e-28	1.588000016080926696e-02	6.787498135689329359e-02	2.125018643110166035e-03	3.692477501318503000e-11	2.119999801781936866e-03
1.570000000000000000e+02	2.392303940591507079e-14	2.335002256850865556e-16	1.096508586977804976e-23	1.994981195013503881e-03	5.018804343111602837e-06	6.649230355287648122e-24	4.445173184282173138e-17	8.278712496376262041e-14	5.958112738636129148e-14	7.028396664257250037e-24	5.723118144169652114e-28	1.588000016032607709e-02	6.787498135641131802e-02	2.125018643592167626e-03	3.715977491281653684e-11	2.119999802030132427e-03
1.580000000000000000e+02	2.392303940095818756e-14	2.335002256296001503e-16	1.096508586792345763e-23	1.994981195007068057e-03	5.018804341921397033e-06	6.649230353710794449e-24	4.445173183225872978e-17	8.278712494497072933e-14	5.958112737210783710e-14	7.028396662576738334e-24	5.723118141797977108e-28	1.588000015984288721e-02	6.787498135592934245e-02	2.125018644074169218e-03	3.739477481239231885e-11	2.119999802278327988e-03
1.590000000000000000e+02	2.392303939602148655e-14	2.335002255743107630e-16	1.096508586607541006e-23	1.994981195000632233e-03	5.018804340731190381e-06	6.649230352133939307e-24	4.445173182173321757e-17	8.278712492622474365e-14	5.958112735788411962e-14	7.028396660899732543e-24	5.723118139435961869e-28	1.588000015935969733e-02	6.787498135544736688e-02	2.125018644556170809e-03	3.762977471191236311e-11	2.119999802526523550e-03
1.600000000000000000e+02	2.392303939107525294e-14	2.335002255189284380e-16	1.096508586422427536e-23	1.994981194994196409e-03	5.018804339540985423e-06	6.649230350557087104e-24	4.445173181119001145e-17	8.278712490742666791e-14	5.958112734363512072e-14	7.028396659219749812e-24	5.723118137069381760e-28	1.588000015887650745e-02	6.787498135496539131e-02	2.125018645038172400e-03	3.786477461137668253e-11	2.119999802774719111e-03
1.610000000000000000e+02	2.392303938612372766e-14	2.335002254634942454e-16	1.096508586237141708e-23	1.994981194987760584e-03	5.018804338350779618e-06	6.649230348980231962e-24	4.445173180063695073e-17	8.278712488866379429e-14	5.958112732940764196e-14	7.028396657542295864e-24	5.723118134700270794e-28	1.588000015839331758e-02	6.787498135448341574e-02	2.125018645520173992e-03	3.809977451078527066e-11	2.119999803022914672e-03
1.620000000000000000e+02	2.392303938119712722e-14	2.335002254083035643e-16	1.096508586052665061e-23	1.994981194981324760e-03	5.018804337160573814e-06	6.649230347403376820e-24	4.445173179013022327e-17	8.278712486988495413e-14	5.958112731515898385e-14	7.028396655862360153e-24	5.723118132343086784e-28	1.588000015791012770e-02	6.787498135400144017e-02	2.125018646002175583e-03	3.833477441013812749e-11	2.119999803271110234e-03
1.630000000000000000e+02	2.392303937623521106e-14	2.335002253527679538e-16	1.096508585867042454e-23	1.994981194974888936e-03	5.018804335970368009e-06	6.649230345826523147e-24	4.445173177955785395e-17	8.278712485110025747e-14	5.958112730092419707e-14	7.028396654184045155e-24	5.723118129969004683e-28	1.588000015742693782e-02	6.787498135351946460e-02	2.125018646484177175e-03	3.856977430943525949e-11	2.119999803519305795e-03
1.640000000000000000e+02	2.392303937129662940e-14	2.335002252974602255e-16	1.096508585682176866e-23	1.994981194968453112e-03	5.018804334780162204e-06	6.649230344249669475e-24	4.445173176902885350e-17	8.278712483232477470e-14	5.958112728667654871e-14	7.028396652504218177e-24	5.723118127606086335e-28	1.588000015694374795e-02	6.787498135303748903e-02	2.125018646966178766e-03	3.880477420867665374e-11	2.119999803767501356e-03
1.650000000000000000e+02	2.392303936635243106e-14	2.335002252420976713e-16	1.096508585497128929e-23	1.994981194962017288e-03	5.018804333589957247e-06	6.649230342672817271e-24	4.445173175848941912e-17	8.278712481353997707e-14	5.958112727243658701e-14	7.028396650825297799e-24	5.723118125240480185e-28	1.588000015646055807e-02	6.787498135255551346e-02	2.125018647448180358e-03	3.903977410786231669e-11	2.119999804015696918e-03
1.660000000000000000e+02	2.392303936139741901e-14	2.335002251866295577e-16	1.096508585311730401e-23	1.994981194955581464e-03	5.018804332399752289e-06	6.649230341095960660e-24	4.445173174792988112e-17	8.278712479475217545e-14	5.958112725818694440e-14	7.028396649145235723e-24	5.723118122869702010e-28	1.588000015597736819e-02	6.787498135207353789e-02	2.125018647930181949e-03	3.927477400699226128e-11	2.119999804263892479e-03
1.670000000000000000e+02	2.392303935646214741e-14	2.335002251313541234e-16	1.096508585126972223e-23	1.994981194949145640e-03	5.018804331209546484e-06	6.649230339519105518e-24	4.445173173740703131e-17	8.278712477601112488e-14	5.958112724396674840e-14	7.028396647468648701e-24	5.723118120508369260e-28	1.588000015549417832e-02	6.787498135159156232e-02	2.125018648412183540e-03	3.950977390606646164e-11	2.119999804512088040e-03
1.680000000000000000e+02	2.392303935151735584e-14	2.335002250759858007e-16	1.096508584941905331e-23	1.994981194942709816e-03	5.018804330019340679e-06	6.649230337942253315e-24	4.445173172686648760e-17	8.278712475721800949e-14	5.958112722972133409e-14	7.028396645789084740e-24	5.723118118142478814e-28	1.588000015501098844e-02	6.787498135110958675e-02	2.125018648894185132e-03	3.974477380508494364e-11	2.119999804760283602e-03
1.690000000000000000e+02	2.392303934655582465e-14	2.335002250204540359e-16	1.096508584756295214e-23	1.994981194936273992e-03	5.018804328829135722e-06	6.649230336365401112e-24	4.445173171629485784e-17	8.278712473841337043e-14	5.958112721547022736e-14	7.028396644108849278e-24	5.723118115768583254e-28	1.588000015452779856e-02	6.787498135062761118e-02	2.125018649376186723e-03	3.997977370404768788e-11	2.119999805008479163e-03
1.700000000000000000e+02	2.392303934163022764e-14	2.335002249652729198e-16	1.096508584571850746e-23	1.994981194929838168e-03	5.018804327638929070e-06	6.649230334788544500e-24	4.445173170578997310e-17	8.278712471964511994e-14	5.958112720122279357e-14	7.028396642429051688e-24	5.723118113411876358e-28	1.588000015404460868e-02	6.787498135014563561e-02	2.125018649858188315e-03	4.021477360295470729e-11	2.119999805256674724e-03
1.710000000000000000e+02	2.392303933666973143e-14	2.335002249097513115e-16	1.096508584386273984e-23	1.994981194923402344e-03	5.018804326448723265e-06	6.649230333211689358e-24	4.445173169522025386e-17	8.278712470086540887e-14	5.958112718699155351e-14	7.028396640751155460e-24	5.723118111038474056e-28	1.588000015356141881e-02	6.787498134966366004e-02	2.125018650340189906e-03	4.044977350180598894e-11	2.119999805504870286e-03
1.720000000000000000e+02	2.392303933173259497e-14	2.335002248544576841e-16	1.096508584201455121e-23	1.994981194916966519e-03	5.018804325258518307e-06	6.649230331634837155e-24	4.445173168469393430e-17	8.278712468209489909e-14	5.958112717274748973e-14	7.028396639071753129e-24	5.723118108676246268e-28	1.588000015307822893e-02	6.787498134918168446e-02	2.125018650822191497e-03	4.068477340060155222e-11	2.119999805753065847e-03
1.730000000000000000e+02	2.392303932678983551e-14	2.335002247991092308e-16	1.096508584016454498e-23	1.994981194910530695e-03	5.018804324068312503e-06	6.649230330057982013e-24	4.445173167415717466e-17	8.278712466331509967e-14	5.958112715851109999e-14	7.028396637393257399e-24	5.723118106311331574e-28	1.588000015259503905e-02	6.787498134869970889e-02	2.125018651304193089e-03	4.091977329934137775e-11	2.119999806001261408e-03
1.740000000000000000e+02	2.392303932183625287e-14	2.335002247436550702e-16	1.096508583831102108e-23	1.994981194904094871e-03	5.018804322878106698e-06	6.649230328481128341e-24	4.445173166360029906e-17	8.278712464453222054e-14	5.958112714426502935e-14	7.028396635713611153e-24	5.723118103941235887e-28	1.588000015211184918e-02	6.787498134821773332e-02	2.125018651786194680e-03	4.115477319802547845e-11	2.119999806249456969e-03
1.750000000000000000e+02	2.392303931688811653e-14	2.335002246882540098e-16	1.096508583645926336e-23	1.994981194897659047e-03	5.018804321687901740e-06	6.649230326904274668e-24	4.445173165305353074e-17	8.278712462574681706e-14	5.958112713002396955e-14	7.028396634034562941e-24	5.723118101573747289e-28	1.588000015162865930e-02	6.787498134773575775e-02	2.125018652268196272e-03	4.138977309665384139e-11	2.119999806497652531e-03
1.760000000000000000e+02	2.392303931194739549e-14	2.335002246329253767e-16	1.096508583460991393e-23	1.994981194891223223e-03	5.018804320497695936e-06	6.649230325327422465e-24	4.445173164252055516e-17	8.278712460696656326e-14	5.958112711577699014e-14	7.028396632354815309e-24	5.723118099209804760e-28	1.588000015114546942e-02	6.787498134725378218e-02	2.125018652750197863e-03	4.162477299522731314e-11	2.119999806745848092e-03
1.770000000000000000e+02	2.392303930699853971e-14	2.335002245775172658e-16	1.096508583275792405e-23	1.994981194884787399e-03	5.018804319307490131e-06	6.649230323750567323e-24	4.445173163197244948e-17	8.278712458821397639e-14	5.958112710155668054e-14	7.028396630678212124e-24	5.723118096841969984e-28	1.588000015066227955e-02	6.787498134677180661e-02	2.125018653232199455e-03	4.185977289374421995e-11	2.119999806994043653e-03
1.780000000000000000e+02	2.392303930207480441e-14	2.335002245223545893e-16	1.096508583091408769e-23	1.994981194878351575e-03	5.018804318117285173e-06	6.649230322173713650e-24	4.445173162147106532e-17	8.278712456944506957e-14	5.958112708731519160e-14	7.028396628999116892e-24	5.723118094486159022e-28	1.588000015017908967e-02	6.787498134628983104e-02	2.125018653714201046e-03	4.209477279220539547e-11	2.119999807242239215e-03
1.790000000000000000e+02	2.392303929710510377e-14	2.335002244667430509e-16	1.096508582905533431e-23	1.994981194871915751e-03	5.018804316927078521e-06	6.649230320596858508e-24	4.445173161088423150e-17	8.278712455062619314e-14	5.958112707305897305e-14	7.028396627318274581e-24	5.723118092108351486e-28	1.588000014969589979e-02	6.787498134580785547e-02	2.125018654196202637e-03	4.232977269061083970e-11	2.119999807490434776e-03
1.800000000000000000e+02	2.392303929216817241e-14	2.335002244114513956e-16	1.096508582720721475e-23	1.994981194865479927e-03	5.018804315736874411e-06	6.649230319020004836e-24	4.445173160035830020e-17	8.278712453186367294e-14	5.958112705881745887e-14	7.028396625639172002e-24	5.723118089746222350e-28	1.588000014921270991e-02	6.787498134532587990e-02	2.125018654678204229e-03	4.256477258896055910e-11	2.119999807738630337e-03
1.810000000000000000e+02	2.392303928722727151e-14	2.335002243561210369e-16	1.096508582535780508e-23	1.994981194859044103e-03	5.018804314546668606e-06	6.649230317443149694e-24	4.445173158982498566e-17	8.278712451308793773e-14	5.958112704458484304e-14	7.028396623961121490e-24	5.723118087382197312e-28	1.588000014872952004e-02	6.787498134484390433e-02	2.125018655160205820e-03	4.279977248725454720e-11	2.119999807986825899e-03
1.820000000000000000e+02	2.392303928227469861e-14	2.335002243006767370e-16	1.096508582350461178e-23	1.994981194852608278e-03	5.018804313356462801e-06	6.649230315866296021e-24	4.445173157926999593e-17	8.278712449431092773e-14	5.958112703034212979e-14	7.028396622281874912e-24	5.723118085012585018e-28	1.588000014824633016e-02	6.787498134436192876e-02	2.125018655642207412e-03	4.303477238549280401e-11	2.119999808235021460e-03
1.830000000000000000e+02	2.392303927732764775e-14	2.335002242452862276e-16	1.096508582165320818e-23	1.994981194846172454e-03	5.018804312166256996e-06	6.649230314289440879e-24	4.445173156872524291e-17	8.278712447553082539e-14	5.958112701610457885e-14	7.028396620603238123e-24	5.723118082645612097e-28	1.588000014776314028e-02	6.787498134387995319e-02	2.125018656124209003e-03	4.326977228367532952e-11	2.119999808483217021e-03
1.840000000000000000e+02	2.392303927238849496e-14	2.335002241899730265e-16	1.096508581980436716e-23	1.994981194839736630e-03	5.018804310976051192e-06	6.649230312712588676e-24	4.445173155819518858e-17	8.278712445675555720e-14	5.958112700186128500e-14	7.028396618923926893e-24	5.723118080282422009e-28	1.588000014727995041e-02	6.787498134339797762e-02	2.125018656606210594e-03	4.350477218180212374e-11	2.119999808731412583e-03
1.850000000000000000e+02	2.392303926742983837e-14	2.335002241344692663e-16	1.096508581794919756e-23	1.994981194833300806e-03	5.018804309785846234e-06	6.649230311135732064e-24	4.445173154762887747e-17	8.278712443796078836e-14	5.958112698761729695e-14	7.028396617244528971e-24	5.723118077909899498e-28	1.588000014679676053e-02	6.787498134291600205e-02	2.125018657088212186e-03	4.373977207987319313e-11	2.119999808979608144e-03
1.860000000000000000e+02	2.392303926250710335e-14	2.335002240793162533e-16	1.096508581610568447e-23	1.994981194826864982e-03	5.018804308595640429e-06	6.649230309558879861e-24	4.445173153712933604e-17	8.278712441920249645e-14	5.958112697337703232e-14	7.028396615565574798e-24	5.723118075554568341e-28	1.588000014631357065e-02	6.787498134243402648e-02	2.125018657570213777e-03	4.397477197788852476e-11	2.119999809227803705e-03
1.870000000000000000e+02	2.392303925754948806e-14	2.335002240238226496e-16	1.096508581425085283e-23	1.994981194820429158e-03	5.018804307405434625e-06	6.649230307982026189e-24	4.445173152656496010e-17	8.278712440043273134e-14	5.958112695915292357e-14	7.028396613888523456e-24	5.723118073182541777e-28	1.588000014583038078e-02	6.787498134195205091e-02	2.125018658052215369e-03	4.420977187584813157e-11	2.119999809475999267e-03
1.880000000000000000e+02	2.392303925261520412e-14	2.335002239685569282e-16	1.096508581240358991e-23	1.994981194813993334e-03	5.018804306215228820e-06	6.649230306405172516e-24	4.445173151604394686e-17	8.278712438167211703e-14	5.958112694491597847e-14	7.028396612209960135e-24	5.723118070821676275e-28	1.588000014534719090e-02	6.787498134147007534e-02	2.125018658534216960e-03	4.444477177375200707e-11	2.119999809724194828e-03
1.890000000000000000e+02	2.392303924766447085e-14	2.335002239131305749e-16	1.096508581055099465e-23	1.994981194807557510e-03	5.018804305025023862e-06	6.649230304828318843e-24	4.445173150549237142e-17	8.278712436285982916e-14	5.958112693065757635e-14	7.028396610528865092e-24	5.723118068452949153e-28	1.588000014486400102e-02	6.787498134098809976e-02	2.125018659016218552e-03	4.467977167160015775e-11	2.119999809972390389e-03
1.900000000000000000e+02	2.392303924271236496e-14	2.335002238576907617e-16	1.096508580869794829e-23	1.994981194801121686e-03	5.018804303834818904e-06	6.649230303251465171e-24	4.445173149493822602e-17	8.278712434409301755e-14	5.958112691641965938e-14	7.028396608850185691e-24	5.723118066083558376e-28	1.588000014438081114e-02	6.787498134050612419e-02	2.125018659498220143e-03	4.491477156939314582e-11	2.119999810220585951e-03
1.910000000000000000e+02	2.392303923776743771e-14	2.335002238023211571e-16	1.096508580684723235e-23	1.994981194794685862e-03	5.018804302644613100e-06	6.649230301674610029e-24	4.445173148439744811e-17	8.278712432531267540e-14	5.958112690218430462e-14	7.028396607171807510e-24	5.723118063717604255e-28	1.588000014389762127e-02	6.787498134002414862e-02	2.125018659980221734e-03	4.514977146713009240e-11	2.119999810468781512e-03
1.920000000000000000e+02	2.392303923282823759e-14	2.335002237470073644e-16	1.096508580499837957e-23	1.994981194788250038e-03	5.018804301454406448e-06	6.649230300097754887e-24	4.445173147386730134e-17	8.278712430654168599e-14	5.958112688794429243e-14	7.028396605492881255e-24	5.723118061354391746e-28	1.588000014341443139e-02	6.787498133954217305e-02	2.125018660462223326e-03	4.538477136481104274e-11	2.119999810716977073e-03
1.930000000000000000e+02	2.392303922787198545e-14	2.335002236915270728e-16	1.096508580314398874e-23	1.994981194781814213e-03	5.018804300264201490e-06	6.649230298520902684e-24	4.445173146330545222e-17	8.278712428775305133e-14	5.958112687370406567e-14	7.028396603813927082e-24	5.723118058983018076e-28	1.588000014293124151e-02	6.787498133906019748e-02	2.125018660944224917e-03	4.561977126243627470e-11	2.119999810965172635e-03
1.940000000000000000e+02	2.392303922292524381e-14	2.335002236361396695e-16	1.096508580129268212e-23	1.994981194775378389e-03	5.018804299073996532e-06	6.649230296944049011e-24	4.445173145276127852e-17	8.278712426897575103e-14	5.958112685946210973e-14	7.028396602134773074e-24	5.723118056616196719e-28	1.588000014244805164e-02	6.787498133857822191e-02	2.125018661426226509e-03	4.585477116000576891e-11	2.119999811213368196e-03
1.950000000000000000e+02	2.392303921798398003e-14	2.335002235808057608e-16	1.096508579944315931e-23	1.994981194768942565e-03	5.018804297883790728e-06	6.649230295367193869e-24	4.445173144222729838e-17	8.278712425019072620e-14	5.958112684521829839e-14	7.028396600455400131e-24	5.723118054251997697e-28	1.588000014196486176e-02	6.787498133809624634e-02	2.125018661908228100e-03	4.608977105751953182e-11	2.119999811461563757e-03
1.960000000000000000e+02	2.392303921304998955e-14	2.335002235255428497e-16	1.096508579759599336e-23	1.994981194762506741e-03	5.018804296693584923e-06	6.649230293790338727e-24	4.445173143170682748e-17	8.278712423143812671e-14	5.958112683098397862e-14	7.028396598777145377e-24	5.723118051891275688e-28	1.588000014148167188e-02	6.787498133761427077e-02	2.125018662390229691e-03	4.632477095497756990e-11	2.119999811709759319e-03
1.970000000000000000e+02	2.392303920810068885e-14	2.335002234701304987e-16	1.096508579574386242e-23	1.994981194756070917e-03	5.018804295503379118e-06	6.649230292213486524e-24	4.445173142115792061e-17	8.278712421263082445e-14	5.958112681672913584e-14	7.028396597096472044e-24	5.723118049523228364e-28	1.588000014099848201e-02	6.787498133713229520e-02	2.125018662872231283e-03	4.655977085237987669e-11	2.119999811957954880e-03
1.980000000000000000e+02	2.392303920315039419e-14	2.335002234147083362e-16	1.096508579389140088e-23	1.994981194749635093e-03	5.018804294313173314e-06	6.649230290636628443e-24	4.445173141060713403e-17	8.278712419386417692e-14	5.958112680249337719e-14	7.028396595418048312e-24	5.723118047154706616e-28	1.588000014051529213e-02	6.787498133665031963e-02	2.125018663354232874e-03	4.679477074972644572e-11	2.119999812206150441e-03
1.990000000000000000e+02	2.392303919820619584e-14	2.335002233593458314e-16	1.096508579204092591e-23	1.994981194743199269e-03	5.018804293122967509e-06	6.649230289059779179e-24	4.445173140006770582e-17	8.278712417509399530e-14	5.958112678826298279e-14	7.028396593740250532e-24	5.723118044789101362e-28	1.588000014003210225e-02	6.787498133616834406e-02	2.125018663836234466e-03	4.702977064701729639e-11	2.119999812454346003e-03
2.000000000000000000e+02	2.392303919326876908e-14	2.335002233040493443e-16	1.096508579019264619e-23	1.994981194736763445e-03	5.018804291932762551e-06	6.649230287482924037e-24	4.445173138954085624e-17	8.278712415632758759e-14	5.958112677402656781e-14	7.028396592061754801e-24	5.723118042426735462e-28	1.588000013954891237e-02	6.787498133568636849e-02	2.125018664318236057e-03	4.726477054425240930e-11	2.119999812702541564e-03
2.010000000000000000e+02	2.392303918831394951e-14	2.335002232485831043e-16	1.096508578833872115e-23	1.994981194730327621e-03	5.018804290742556746e-06	6.649230285906068895e-24	4.445173137898168185e-17	8.278712413754393853e-14	5.958112675978995087e-14	7.028396590383226745e-24	5.723118040056049661e-28	1.588000013906572250e-02	6.787498133520439292e-02	2.125018664800237649e-03	4.749977044143179737e-11	2.119999812950737125e-03
2.020000000000000000e+02	2.392303918336864676e-14	2.335002231932097526e-16	1.096508578648788472e-23	1.994981194723891797e-03	5.018804289552351789e-06	6.649230284329215222e-24	4.445173136844018288e-17	8.278712411877162383e-14	5.958112674555157951e-14	7.028396588704492977e-24	5.723118037689917071e-28	1.588000013858253262e-02	6.787498133472241735e-02	2.125018665282239240e-03	4.773477033855545415e-11	2.119999813198932687e-03
2.030000000000000000e+02	2.392303917842881870e-14	2.335002231378897969e-16	1.096508578463882182e-23	1.994981194717455972e-03	5.018804288362145984e-06	6.649230282752361550e-24	4.445173135790887131e-17	8.278712409999154674e-14	5.958112673131134013e-14	7.028396587025541742e-24	5.723118035326401433e-28	1.588000013809934274e-02	6.787498133424044178e-02	2.125018665764240831e-03	4.796977023562337318e-11	2.119999813447128248e-03
2.040000000000000000e+02	2.392303917349623239e-14	2.335002230826406908e-16	1.096508578279211138e-23	1.994981194711020148e-03	5.018804287171940179e-06	6.649230281175506408e-24	4.445173134739101967e-17	8.278712408122631285e-14	5.958112671707308237e-14	7.028396585346825607e-24	5.723118032966353842e-28	1.588000013761615287e-02	6.787498133375846621e-02	2.125018666246242423e-03	4.820477013263557384e-11	2.119999813695323809e-03
2.050000000000000000e+02	2.392303916854839266e-14	2.335002230272425393e-16	1.096508578094045358e-23	1.994981194704584324e-03	5.018804285981735222e-06	6.649230279598652735e-24	4.445173133684481219e-17	8.278712406244159094e-14	5.958112670282930889e-14	7.028396583667454133e-24	5.723118030599006942e-28	1.588000013713296299e-02	6.787498133327649064e-02	2.125018666728244014e-03	4.843977002959203674e-11	2.119999813943519371e-03
2.060000000000000000e+02	2.392303916360634633e-14	2.335002229719009393e-16	1.096508577909067510e-23	1.994981194698148500e-03	5.018804284791528570e-06	6.649230278021799062e-24	4.445173132630936526e-17	8.278712404367305015e-14	5.958112668859043266e-14	7.028396581988663060e-24	5.723118028234430354e-28	1.588000013664977311e-02	6.787498133279451507e-02	2.125018667210245606e-03	4.867476992649276834e-11	2.119999814191714932e-03
2.070000000000000000e+02	2.392303915864551880e-14	2.335002229163760770e-16	1.096508577723480168e-23	1.994981194691712676e-03	5.018804283601323612e-06	6.649230276444943920e-24	4.445173131573904204e-17	8.278712402487321998e-14	5.958112667434095414e-14	7.028396580308618616e-24	5.723118025860870209e-28	1.588000013616658324e-02	6.787498133231253949e-02	2.125018667692247197e-03	4.890976982333777512e-11	2.119999814439910493e-03
2.080000000000000000e+02	2.392303915370892823e-14	2.335002228610876758e-16	1.096508577538678791e-23	1.994981194685276852e-03	5.018804282411118654e-06	6.649230274868093187e-24	4.445173130521371472e-17	8.278712400611222701e-14	5.958112666010795966e-14	7.028396578630519615e-24	5.723118023498901605e-28	1.588000013568339336e-02	6.787498133183056392e-02	2.125018668174248788e-03	4.914476972012705060e-11	2.119999814688106055e-03
2.090000000000000000e+02	2.392303914874392289e-14	2.335002228055221379e-16	1.096508577352956414e-23	1.994981194678841028e-03	5.018804281220913697e-06	6.649230273291238045e-24	4.445173129463563232e-17	8.278712398729236608e-14	5.958112664584546808e-14	7.028396576948939681e-24	5.723118021123342424e-28	1.588000013520020348e-02	6.787498133134858835e-02	2.125018668656250380e-03	4.937976961686059479e-11	2.119999814936301616e-03
2.100000000000000000e+02	2.392303914379978765e-14	2.335002227501601754e-16	1.096508577167910681e-23	1.994981194672405204e-03	5.018804280030707045e-06	6.649230271714382903e-24	4.445173128409632121e-17	8.278712396852507485e-14	5.958112663161050460e-14	7.028396575270609989e-24	5.723118018757769457e-28	1.588000013471701360e-02	6.787498133086661278e-02	2.125018669138251971e-03	4.961476951353841415e-11	2.119999815184497177e-03
2.110000000000000000e+02	2.392303913886139217e-14	2.335002226948542713e-16	1.096508576983050823e-23	1.994981194665969380e-03	5.018804278840502087e-06	6.649230270137527761e-24	4.445173127356765355e-17	8.278712394974993287e-14	5.958112661737384981e-14	7.028396573592080463e-24	5.723118016394941689e-28	1.588000013423382373e-02	6.787498133038463721e-02	2.125018669620253563e-03	4.984976941016048929e-11	2.119999815432692739e-03
2.120000000000000000e+02	2.392303913393024789e-14	2.335002226396191182e-16	1.096508576798427092e-23	1.994981194659533556e-03	5.018804277650297129e-06	6.649230268560675557e-24	4.445173126305247048e-17	8.278712393098968458e-14	5.958112660313913876e-14	7.028396571913786036e-24	5.723118014035581070e-28	1.588000013375063385e-02	6.787498132990266164e-02	2.125018670102255154e-03	5.008476930672685252e-11	2.119999815680888300e-03
2.130000000000000000e+02	2.392303912898384389e-14	2.335002225842349690e-16	1.096508576613307156e-23	1.994981194653097731e-03	5.018804276460090478e-06	6.649230266983821885e-24	4.445173125250893157e-17	8.278712391220993565e-14	5.958112658889898773e-14	7.028396570234840679e-24	5.723118011668919349e-28	1.588000013326744397e-02	6.787498132942068607e-02	2.125018670584256746e-03	5.031976920323747153e-11	2.119999815929083861e-03
2.140000000000000000e+02	2.392303912404323328e-14	2.335002225289073219e-16	1.096508576428375887e-23	1.994981194646661907e-03	5.018804275269884673e-06	6.649230265406968212e-24	4.445173124197615320e-17	8.278712389344634260e-14	5.958112657466367084e-14	7.028396568556468376e-24	5.723118009305033321e-28	1.588000013278425410e-02	6.787498132893871050e-02	2.125018671066258337e-03	5.055476909969236571e-11	2.119999816177279423e-03
2.150000000000000000e+02	2.392303911908384779e-14	2.335002224733966098e-16	1.096508576242835418e-23	1.994981194640226083e-03	5.018804274079679715e-06	6.649230263830116009e-24	4.445173123140849856e-17	8.278712387465148541e-14	5.958112656041776428e-14	7.028396566876844171e-24	5.723118006932161045e-28	1.588000013230106422e-02	6.787498132845673493e-02	2.125018671548259928e-03	5.078976899609153506e-11	2.119999816425474984e-03
2.160000000000000000e+02	2.392303911415438221e-14	2.335002224181778749e-16	1.096508576058265613e-23	1.994981194633790259e-03	5.018804272889474758e-06	6.649230262253260867e-24	4.445173122089644629e-17	8.278712385589552852e-14	5.958112654618363384e-14	7.028396565198615865e-24	5.723118004573603987e-28	1.588000013181787434e-02	6.787498132797475936e-02	2.125018672030261520e-03	5.102476889243496666e-11	2.119999816673670545e-03
2.170000000000000000e+02	2.392303910918512649e-14	2.335002223625706752e-16	1.096508575872404675e-23	1.994981194627354435e-03	5.018804271699268106e-06	6.649230260676407194e-24	4.445173121031043214e-17	8.278712383708057747e-14	5.958112653192939691e-14	7.028396563518007184e-24	5.723118002196009896e-28	1.588000013133468447e-02	6.787498132749278379e-02	2.125018672512263111e-03	5.125976878872266696e-11	2.119999816921866106e-03
2.180000000000000000e+02	2.392303910424127524e-14	2.335002223072114737e-16	1.096508575687367905e-23	1.994981194620918611e-03	5.018804270509063148e-06	6.649230259099550583e-24	4.445173119977164488e-17	8.278712381831722423e-14	5.958112651769782869e-14	7.028396561840075691e-24	5.723117999830570556e-28	1.588000013085149459e-02	6.787498132701080822e-02	2.125018672994264703e-03	5.149476868495464889e-11	2.119999817170061668e-03
2.190000000000000000e+02	2.392303909929365639e-14	2.335002222518155409e-16	1.096508575502209472e-23	1.994981194614482787e-03	5.018804269318858190e-06	6.649230257522698380e-24	4.445173118922585031e-17	8.278712379950700633e-14	5.958112650343547596e-14	7.028396560158516328e-24	5.723117997463328586e-28	1.588000013036830471e-02	6.787498132652883265e-02	2.125018673476266294e-03	5.172976858113088660e-11	2.119999817418257229e-03
2.200000000000000000e+02	2.392303909436387212e-14	2.335002221965936998e-16	1.096508575317629382e-23	1.994981194608046963e-03	5.018804268128652386e-06	6.649230255945843238e-24	4.445173117871319407e-17	8.278712378075171841e-14	5.958112648920426114e-14	7.028396558480630386e-24	5.723117995104623550e-28	1.588000012988511483e-02	6.787498132604685708e-02	2.125018673958267885e-03	5.196476847725140594e-11	2.119999817666452790e-03
2.210000000000000000e+02	2.392303908941890069e-14	2.335002221412235529e-16	1.096508575132556465e-23	1.994981194601611139e-03	5.018804266938446581e-06	6.649230254368988096e-24	4.445173116817232988e-17	8.278712376197691721e-14	5.958112647496766945e-14	7.028396556802108207e-24	5.723117992738648802e-28	1.588000012940192496e-02	6.787498132556488151e-02	2.125018674440269477e-03	5.219976837331618753e-11	2.119999817914648352e-03
2.220000000000000000e+02	2.392303908447973212e-14	2.335002220859101053e-16	1.096508574947671922e-23	1.994981194595175315e-03	5.018804265748240776e-06	6.649230252792137362e-24	4.445173115764223857e-17	8.278712374321830976e-14	5.958112646073591190e-14	7.028396555124157612e-24	5.723117990375449747e-28	1.588000012891873508e-02	6.787498132508290594e-02	2.125018674922271068e-03	5.243476826932523783e-11	2.119999818162843913e-03
2.230000000000000000e+02	2.392303907952177288e-14	2.335002220304131983e-16	1.096508574762177591e-23	1.994981194588739491e-03	5.018804264558034971e-06	6.649230251215282220e-24	4.445173114707723401e-17	8.278712372442840030e-14	5.958112644649360255e-14	7.028396553444955115e-24	5.723117988003259063e-28	1.588000012843554520e-02	6.787498132460093037e-02	2.125018675404272660e-03	5.266976816527856975e-11	2.119999818411039474e-03
2.240000000000000000e+02	2.392303907459374303e-14	2.335002219752084163e-16	1.096508574577654365e-23	1.994981194582303666e-03	5.018804263367829167e-06	6.649230249638427078e-24	4.445173113656783798e-17	8.278712370567740378e-14	5.958112643226305669e-14	7.028396551767148519e-24	5.723117985645391667e-28	1.588000012795235533e-02	6.787498132411895480e-02	2.125018675886274251e-03	5.290476806117615746e-11	2.119999818659235036e-03
2.250000000000000000e+02	2.392303906962592935e-14	2.335002219196153669e-16	1.096508574391840447e-23	1.994981194575867842e-03	5.018804262177623362e-06	6.649230248061571936e-24	4.445173112598451705e-17	8.278712368686745094e-14	5.958112641801239172e-14	7.028396550086964485e-24	5.723117983268487240e-28	1.588000012746916545e-02	6.787498132363697922e-02	2.125018676368275843e-03	5.313976795701802033e-11	2.119999818907430597e-03
2.260000000000000000e+02	2.392303906468639159e-14	2.335002218642982708e-16	1.096508574206943855e-23	1.994981194569432018e-03	5.018804260987419251e-06	6.649230246484719733e-24	4.445173111545374166e-17	8.278712366811168339e-14	5.958112640378165654e-14	7.028396548409131439e-24	5.723117980905110611e-28	1.588000012698597557e-02	6.787498132315500365e-02	2.125018676850277434e-03	5.337476785280415837e-11	2.119999819155626158e-03
2.270000000000000000e+02	2.392303905973734333e-14	2.335002218088883850e-16	1.096508574021738695e-23	1.994981194562996194e-03	5.018804259797213447e-06	6.649230244907866060e-24	4.445173110490528469e-17	8.278712364930385101e-14	5.958112638952563994e-14	7.028396546728317046e-24	5.723117978537186153e-28	1.588000012650278570e-02	6.787498132267302808e-02	2.125018677332279025e-03	5.360976774853455866e-11	2.119999819403821720e-03
2.280000000000000000e+02	2.392303905478220191e-14	2.335002217534190388e-16	1.096508573836335759e-23	1.994981194556560370e-03	5.018804258607006795e-06	6.649230243331010918e-24	4.445173109434552482e-17	8.278712363052860806e-14	5.958112637529249399e-14	7.028396545050198943e-24	5.723117976166346993e-28	1.588000012601959582e-02	6.787498132219105251e-02	2.125018677814280617e-03	5.384476764420923412e-11	2.119999819652017281e-03
2.290000000000000000e+02	2.392303904985357567e-14	2.335002216982084390e-16	1.096508573651793138e-23	1.994981194550124546e-03	5.018804257416801837e-06	6.649230241754157246e-24	4.445173108383500096e-17	8.278712361174258611e-14	5.958112636103546765e-14	7.028396543369272878e-24	5.723117973808189921e-28	1.588000012553640594e-02	6.787498132170907694e-02	2.125018678296282208e-03	5.407976753982817828e-11	2.119999819900212842e-03
2.300000000000000000e+02	2.392303904491584914e-14	2.335002216429089444e-16	1.096508573466955026e-23	1.994981194543688722e-03	5.018804256226596032e-06	6.649230240177303573e-24	4.445173107330759055e-17	8.278712359298896425e-14	5.958112634680723158e-14	7.028396541691735176e-24	5.723117971445682322e-28	1.588000012505321606e-02	6.787498132122710137e-02	2.125018678778283800e-03	5.431476743539138469e-11	2.119999820148408404e-03
2.310000000000000000e+02	2.392303903995932879e-14	2.335002215874261876e-16	1.096508573281507862e-23	1.994981194537252898e-03	5.018804255036390228e-06	6.649230238600448431e-24	4.445173106274525456e-17	8.278712357420401516e-14	5.958112633256850681e-14	7.028396540012955857e-24	5.723117969074181301e-28	1.588000012457002619e-02	6.787498132074512580e-02	2.125018679260285391e-03	5.454976733089887919e-11	2.119999820396603965e-03
2.320000000000000000e+02	2.392303903503273782e-14	2.335002215322354572e-16	1.096508573097031215e-23	1.994981194530817074e-03	5.018804253846186117e-06	6.649230237023596228e-24	4.445173105223854558e-17	8.278712355545800423e-14	5.958112631834150767e-14	7.028396538335570969e-24	5.723117966717000878e-28	1.588000012408683631e-02	6.787498132026315023e-02	2.125018679742286982e-03	5.478476722635062300e-11	2.119999820644799526e-03
2.330000000000000000e+02	2.392303903006635355e-14	2.335002214766564101e-16	1.096508572911263729e-23	1.994981194524381250e-03	5.018804252655980312e-06	6.649230235446741086e-24	4.445173104165788090e-17	8.278712353665301176e-14	5.958112630409443991e-14	7.028396536655807174e-24	5.723117964340779836e-28	1.588000012360364643e-02	6.787498131978117466e-02	2.125018680224288574e-03	5.501976712174664845e-11	2.119999820892995088e-03
2.340000000000000000e+02	2.392303902512825152e-14	2.335002214213533163e-16	1.096508572726413569e-23	1.994981194517945425e-03	5.018804251465774507e-06	6.649230233869888883e-24	4.445173103112977407e-17	8.278712351790220456e-14	5.958112628986728930e-14	7.028396534978397307e-24	5.723117961978092871e-28	1.588000012312045656e-02	6.787498131929919909e-02	2.125018680706290165e-03	5.525476701708694261e-11	2.119999821141190649e-03
2.350000000000000000e+02	2.392303902018063268e-14	2.335002213659573342e-16	1.096508572541254694e-23	1.994981194511509601e-03	5.018804250275568703e-06	6.649230232293033741e-24	4.445173102058399183e-17	8.278712349909935778e-14	5.958112627561481942e-14	7.028396533298004622e-24	5.723117959610852694e-28	1.588000012263726668e-02	6.787498131881722352e-02	2.125018681188291757e-03	5.548976691237150547e-11	2.119999821389386210e-03
2.360000000000000000e+02	2.392303901522772215e-14	2.335002213105097803e-16	1.096508572355924492e-23	1.994981194505073777e-03	5.018804249085362898e-06	6.649230230716178599e-24	4.445173101002834883e-17	8.278712348033166265e-14	5.958112626138392015e-14	7.028396531620148067e-24	5.723117957241077176e-28	1.588000012215407680e-02	6.787498131833524795e-02	2.125018681670293348e-03	5.572476680760033704e-11	2.119999821637581772e-03
2.370000000000000000e+02	2.392303901029974594e-14	2.335002212553054420e-16	1.096508572171402589e-23	1.994981194498637953e-03	5.018804247895157940e-06	6.649230229139324926e-24	4.445173099951904524e-17	8.278712346154803884e-14	5.958112624713181630e-14	7.028396529939803872e-24	5.723117954883233098e-28	1.588000012167088693e-02	6.787498131785327238e-02	2.125018682152294940e-03	5.595976670277344378e-11	2.119999821885777333e-03
2.380000000000000000e+02	2.392303900533643823e-14	2.335002211997564702e-16	1.096508571985734872e-23	1.994981194492202129e-03	5.018804246704952136e-06	6.649230227562472723e-24	4.445173098894411213e-17	8.278712344275857114e-14	5.958112623289358378e-14	7.028396528261080389e-24	5.723117952508487343e-28	1.588000012118769705e-02	6.787498131737129681e-02	2.125018682634296531e-03	5.619476659789081276e-11	2.119999822133972894e-03
2.390000000000000000e+02	2.392303900039646818e-14	2.335002211444351340e-16	1.096508571800824468e-23	1.994981194485766305e-03	5.018804245514746331e-06	6.649230225985617581e-24	4.445173097841253554e-17	8.278712342397830472e-14	5.958112621864246443e-14	7.028396526580847866e-24	5.723117950144905340e-28	1.588000012070450717e-02	6.787498131688932124e-02	2.125018683116298122e-03	5.642976649295246337e-11	2.119999822382168456e-03
2.400000000000000000e+02	2.392303899547134449e-14	2.335002210892587017e-16	1.096508571616395282e-23	1.994981194479330481e-03	5.018804244324541373e-06	6.649230224408762439e-24	4.445173096790853212e-17	8.278712340523725416e-14	5.958112620441903725e-14	7.028396524903881748e-24	5.723117947788427136e-28	1.588000012022131729e-02	6.787498131640734567e-02	2.125018683598299714e-03	5.666476638795836976e-11	2.119999822630364017e-03
2.410000000000000000e+02	2.392303899050639910e-14	2.335002210336937061e-16	1.096508571430674668e-23	1.994981194472894657e-03	5.018804243134336415e-06	6.649230222831910236e-24	4.445173095733055449e-17	8.278712338643725990e-14	5.958112619017555408e-14	7.028396523224539662e-24	5.723117945412893963e-28	1.588000011973812742e-02	6.787498131592537010e-02	2.125018684080301305e-03	5.689976628290855132e-11	2.119999822878559578e-03
2.420000000000000000e+02	2.392303898555507577e-14	2.335002209782615843e-16	1.096508571245395746e-23	1.994981194466458833e-03	5.018804241944130611e-06	6.649230221255055094e-24	4.445173094677786972e-17	8.278712336764240271e-14	5.958112617592743871e-14	7.028396521544659787e-24	5.723117943043880752e-28	1.588000011925493754e-02	6.787498131544339453e-02	2.125018684562302897e-03	5.713476617780300805e-11	2.119999823126755140e-03
2.430000000000000000e+02	2.392303898061167259e-14	2.335002209229067709e-16	1.096508571060373964e-23	1.994981194460023009e-03	5.018804240753924806e-06	6.649230219678201421e-24	4.445173093623991446e-17	8.278712334885243015e-14	5.958112616167352994e-14	7.028396519864095186e-24	5.723117940678657548e-28	1.588000011877174766e-02	6.787498131496141895e-02	2.125018685044304488e-03	5.736976607264172703e-11	2.119999823374950701e-03
2.440000000000000000e+02	2.392303897566021357e-14	2.335002208674732685e-16	1.096508570875090341e-23	1.994981194453587185e-03	5.018804239563719001e-06	6.649230218101347749e-24	4.445173092568698316e-17	8.278712333008977110e-14	5.958112614744619001e-14	7.028396518186660339e-24	5.723117938309577074e-28	1.588000011828855779e-02	6.787498131447944338e-02	2.125018685526306080e-03	5.760476596742472117e-11	2.119999823623146262e-03
2.450000000000000000e+02	2.392303897073367625e-14	2.335002208122831298e-16	1.096508570690615457e-23	1.994981194447151360e-03	5.018804238373514044e-06	6.649230216524494076e-24	4.445173091518035431e-17	8.278712331131112027e-14	5.958112613319768337e-14	7.028396516506739322e-24	5.723117935952422660e-28	1.588000011780536791e-02	6.787498131399746781e-02	2.125018686008307671e-03	5.783976586215198402e-11	2.119999823871341824e-03
2.460000000000000000e+02	2.392303896577180111e-14	2.335002207567480616e-16	1.096508570504994320e-23	1.994981194440715536e-03	5.018804237183307392e-06	6.649230214947640404e-24	4.445173090460808360e-17	8.278712329252661293e-14	5.958112611896302281e-14	7.028396514828440487e-24	5.723117933578359393e-28	1.588000011732217803e-02	6.787498131351549224e-02	2.125018686490309262e-03	5.807476575682351557e-11	2.119999824119537385e-03
2.470000000000000000e+02	2.392303896083327625e-14	2.335002207014408756e-16	1.096508570320130494e-23	1.994981194434279712e-03	5.018804235993103281e-06	6.649230213370785262e-24	4.445173089407918175e-17	8.278712327375131949e-14	5.958112610471550067e-14	7.028396513148629672e-24	5.723117931215470640e-28	1.588000011683898816e-02	6.787498131303351667e-02	2.125018686972310854e-03	5.830976565143932230e-11	2.119999824367732946e-03
2.480000000000000000e+02	2.392303895588957331e-14	2.335002206460831040e-16	1.096508570135098720e-23	1.994981194427843888e-03	5.018804234802897476e-06	6.649230211793933058e-24	4.445173088354065333e-17	8.278712325496584028e-14	5.958112609047587975e-14	7.028396511469750437e-24	5.723117928850100356e-28	1.588000011635579828e-02	6.787498131255154110e-02	2.125018687454312445e-03	5.854476554599938480e-11	2.119999824615928508e-03
2.490000000000000000e+02	2.392303895093417945e-14	2.335002205906111940e-16	1.096508569949687850e-23	1.994981194421408064e-03	5.018804233612690825e-06	6.649230210217076447e-24	4.445173087298041891e-17	8.278712323617908627e-14	5.958112607622618666e-14	7.028396509789678075e-24	5.723117926479139228e-28	1.588000011587260840e-02	6.787498131206956553e-02	2.125018687936314037e-03	5.877976544050372894e-11	2.119999824864124069e-03
2.500000000000000000e+02	2.392303894599897096e-14	2.335002205353364499e-16	1.096508569764931582e-23	1.994981194414972240e-03	5.018804232422485867e-06	6.649230208640225713e-24	4.445173086245768003e-17	8.278712321743826289e-14	5.958112606200614212e-14	7.028396508113108686e-24	5.723117924117837867e-28	1.588000011538941852e-02	6.787498131158758996e-02	2.125018688418315628e-03	5.901476533495235470e-11	2.119999825112319630e-03
2.510000000000000000e+02	2.392303894105423619e-14	2.335002204799686202e-16	1.096508569579866307e-23	1.994981194408536416e-03	5.018804231232280909e-06	6.649230207063370571e-24	4.445173085191724726e-17	8.278712319864532421e-14	5.958112604776085403e-14	7.028396506433562357e-24	5.723117921751972532e-28	1.588000011490622865e-02	6.787498131110561439e-02	2.125018688900317219e-03	5.924976522934524918e-11	2.119999825360515192e-03
2.520000000000000000e+02	2.392303893610420028e-14	2.335002204245491202e-16	1.096508569394629262e-23	1.994981194402100592e-03	5.018804230042074257e-06	6.649230205486515429e-24	4.445173084136696604e-17	8.278712317988765077e-14	5.958112603353711130e-14	7.028396504756552158e-24	5.723117919383574547e-28	1.588000011442303877e-02	6.787498131062363882e-02	2.125018689382318811e-03	5.948476512368238651e-11	2.119999825608710753e-03
2.530000000000000000e+02	2.392303893115346070e-14	2.335002203691226683e-16	1.096508569209369148e-23	1.994981194395664768e-03	5.018804228851869300e-06	6.649230203909661757e-24	4.445173083081538444e-17	8.278712316109009251e-14	5.958112601928691334e-14	7.028396503076426898e-24	5.723117917014839353e-28	1.588000011393984889e-02	6.787498131014166325e-02	2.125018689864320402e-03	5.971976501796380547e-11	2.119999825856906314e-03
2.540000000000000000e+02	2.392303892620794653e-14	2.335002203137472459e-16	1.096508569024278599e-23	1.994981194389228944e-03	5.018804227661664342e-06	6.649230202332809553e-24	4.445173082027349720e-17	8.278712314229032545e-14	5.958112600503251233e-14	7.028396501395803523e-24	5.723117914648607214e-28	1.588000011345665902e-02	6.787498130965968768e-02	2.125018690346321994e-03	5.995476491218950606e-11	2.119999826105101876e-03
2.550000000000000000e+02	2.392303892127311039e-14	2.335002202584760024e-16	1.096508568839534528e-23	1.994981194382793119e-03	5.018804226471457690e-06	6.649230200755952942e-24	4.445173080975145474e-17	8.278712312352675764e-14	5.958112599078793105e-14	7.028396499716338010e-24	5.723117912287479838e-28	1.588000011297346914e-02	6.787498130917771211e-02	2.125018690828323585e-03	6.018976480635974678e-11	2.119999826353297437e-03
2.560000000000000000e+02	2.392303891632743214e-14	2.335002202030990022e-16	1.096508568654438542e-23	1.994981194376357295e-03	5.018804225281252733e-06	6.649230199179100739e-24	4.445173079920925319e-17	8.278712310474254060e-14	5.958112597655152869e-14	7.028396498037840810e-24	5.723117909921165191e-28	1.588000011249027926e-02	6.787498130869573654e-02	2.125018691310325177e-03	6.042476470047451469e-11	2.119999826601492998e-03
2.570000000000000000e+02	2.392303891137347716e-14	2.335002201476412424e-16	1.096508568469074397e-23	1.994981194369921471e-03	5.018804224091046928e-06	6.649230197602245597e-24	4.445173078865169350e-17	8.278712308596073433e-14	5.958112596230539494e-14	7.028396496358188687e-24	5.723117907550894623e-28	1.588000011200708939e-02	6.787498130821376097e-02	2.125018691792326768e-03	6.065976459453294386e-11	2.119999826849688560e-03
2.580000000000000000e+02	2.392303890643970440e-14	2.335002200923804020e-16	1.096508568284364856e-23	1.994981194363485647e-03	5.018804222900841970e-06	6.649230196025390455e-24	4.445173077813163552e-17	8.278712306722488393e-14	5.958112594808897285e-14	7.028396494682046884e-24	5.723117905190277543e-28	1.588000011152389951e-02	6.787498130773178540e-02	2.125018692274328359e-03	6.089476448853564173e-11	2.119999827097884121e-03
2.590000000000000000e+02	2.392303890149525678e-14	2.335002200370154320e-16	1.096508568099308984e-23	1.994981194357049823e-03	5.018804221710637012e-06	6.649230194448536782e-24	4.445173076759172044e-17	8.278712304843592111e-14	5.958112593384704215e-14	7.028396493002892877e-24	5.723117902824553011e-28	1.588000011104070963e-02	6.787498130724980983e-02	2.125018692756329951e-03	6.112976438248262122e-11	2.119999827346079682e-03
2.600000000000000000e+02	2.392303889653618051e-14	2.335002199815076288e-16	1.096508567913778507e-23	1.994981194350613999e-03	5.018804220520431208e-06	6.649230192871684579e-24	4.445173075702463895e-17	8.278712302963754244e-14	5.958112591959982293e-14	7.028396491323114389e-24	5.723117900451829610e-28	1.588000011055751975e-02	6.787498130676783425e-02	2.125018693238331542e-03	6.136476427637386943e-11	2.119999827594275243e-03
2.610000000000000000e+02	2.392303889161239789e-14	2.335002199263444099e-16	1.096508567729393108e-23	1.994981194344178175e-03	5.018804219330225403e-06	6.649230191294829437e-24	4.445173074652314385e-17	8.278712301087420182e-14	5.958112590535607469e-14	7.028396489643754670e-24	5.723117898095993536e-28	1.588000011007432988e-02	6.787498130628585868e-02	2.125018693720333134e-03	6.159976417021023937e-11	2.119999827842470805e-03
2.620000000000000000e+02	2.392303888665324905e-14	2.335002198708358672e-16	1.096508567543860132e-23	1.994981194337742351e-03	5.018804218140020445e-06	6.649230189717977234e-24	4.445173073595592062e-17	8.278712299209977928e-14	5.958112589112859592e-14	7.028396487966303660e-24	5.723117895723234262e-28	1.588000010959114000e-02	6.787498130580388311e-02	2.125018694202334725e-03	6.183476406399002499e-11	2.119999828090666366e-03
2.630000000000000000e+02	2.392303888171757672e-14	2.335002198155564886e-16	1.096508567359088730e-23	1.994981194331306527e-03	5.018804216949815487e-06	6.649230188141123561e-24	4.445173072543231277e-17	8.278712297331681180e-14	5.958112587688073299e-14	7.028396486286453173e-24	5.723117893361707796e-28	1.588000010910795012e-02	6.787498130532190754e-02	2.125018694684336316e-03	6.206976395771406639e-11	2.119999828338861927e-03
2.640000000000000000e+02	2.392303887676547714e-14	2.335002197601168726e-16	1.096508567173784683e-23	1.994981194324870703e-03	5.018804215759608836e-06	6.649230186564268419e-24	4.445173071487821667e-17	8.278712295451737291e-14	5.958112586262639508e-14	7.028396484605837144e-24	5.723117890992325090e-28	1.588000010862476025e-02	6.787498130483993197e-02	2.125018695166337908e-03	6.230476385138240235e-11	2.119999828587057489e-03
2.650000000000000000e+02	2.392303887181236782e-14	2.335002197046672972e-16	1.096508566988447721e-23	1.994981194318434879e-03	5.018804214569403031e-06	6.649230184987413277e-24	4.445173070432221622e-17	8.278712293574100662e-14	5.958112584838366921e-14	7.028396482926586159e-24	5.723117888622455405e-28	1.588000010814157037e-02	6.787498130435795640e-02	2.125018695648339499e-03	6.253976374499499408e-11	2.119999828835253050e-03
2.660000000000000000e+02	2.392303886686573032e-14	2.335002196492808307e-16	1.096508566803320879e-23	1.994981194311999054e-03	5.018804213379198073e-06	6.649230183410561074e-24	4.445173069377823357e-17	8.278712291696077806e-14	5.958112583414633284e-14	7.028396481247975818e-24	5.723117886255683374e-28	1.588000010765838049e-02	6.787498130387598083e-02	2.125018696130341091e-03	6.277476363855186745e-11	2.119999829083448611e-03
2.670000000000000000e+02	2.392303886192629354e-14	2.335002195939648687e-16	1.096508566618427666e-23	1.994981194305563230e-03	5.018804212188991422e-06	6.649230181833705932e-24	4.445173068324765539e-17	8.278712289818603998e-14	5.958112581990308947e-14	7.028396479568670466e-24	5.723117883892357865e-28	1.588000010717519062e-02	6.787498130339400526e-02	2.125018696612342682e-03	6.300976353205299660e-11	2.119999829331644173e-03
2.680000000000000000e+02	2.392303885696770321e-14	2.335002195384617000e-16	1.096508566432912764e-23	1.994981194299127406e-03	5.018804210998786464e-06	6.649230180256852260e-24	4.445173067268146753e-17	8.278712287939153620e-14	5.958112580565927813e-14	7.028396477889294584e-24	5.723117881519866743e-28	1.588000010669200074e-02	6.787498130291202969e-02	2.125018697094344274e-03	6.324476342549840738e-11	2.119999829579839734e-03
2.690000000000000000e+02	2.392303885204503446e-14	2.335002194833093280e-16	1.096508566248563512e-23	1.994981194292691582e-03	5.018804209808582353e-06	6.649230178680000056e-24	4.445173066218203087e-17	8.278712286063345886e-14	5.958112579141913972e-14	7.028396476210359512e-24	5.723117879164562490e-28	1.588000010620881086e-02	6.787498130243005412e-02	2.125018697576345865e-03	6.347976331888807394e-11	2.119999829828035295e-03
2.700000000000000000e+02	2.392303884708747281e-14	2.335002194278163653e-16	1.096508566063082405e-23	1.994981194286255758e-03	5.018804208618376548e-06	6.649230177103144914e-24	4.445173065161777819e-17	8.278712284186392094e-14	5.958112577719520767e-14	7.028396474533325803e-24	5.723117876792563729e-28	1.588000010572562098e-02	6.787498130194807855e-02	2.125018698058347456e-03	6.371476321222202214e-11	2.119999830076230857e-03
2.710000000000000000e+02	2.392303884215326460e-14	2.335002193725512848e-16	1.096508565878358610e-23	1.994981194279819934e-03	5.018804207428170744e-06	6.649230175526291242e-24	4.445173064109689437e-17	8.278712282310353382e-14	5.958112576295843928e-14	7.028396472854784522e-24	5.723117874431739481e-28	1.588000010524243111e-02	6.787498130146610298e-02	2.125018698540349048e-03	6.394976310550023903e-11	2.119999830324426418e-03
2.720000000000000000e+02	2.392303883720259129e-14	2.335002193171255725e-16	1.096508565693100701e-23	1.994981194273384110e-03	5.018804206237965786e-06	6.649230173949437569e-24	4.445173063054542987e-17	8.278712280429144790e-14	5.958112574870018862e-14	7.028396471173705643e-24	5.723117872063036573e-28	1.588000010475924123e-02	6.787498130098412741e-02	2.125018699022350639e-03	6.418476299872273756e-11	2.119999830572621979e-03
2.730000000000000000e+02	2.392303883225091769e-14	2.335002192616899501e-16	1.096508565507810318e-23	1.994981194266948286e-03	5.018804205047758287e-06	6.649230172372582427e-24	4.445173061999208565e-17	8.278712278552002935e-14	5.958112573446099685e-14	7.028396469494877836e-24	5.723117869693854758e-28	1.588000010427605135e-02	6.787498130050215184e-02	2.125018699504352231e-03	6.441976289188947895e-11	2.119999830820817541e-03
2.740000000000000000e+02	2.392303882730536251e-14	2.335002192063141332e-16	1.096508565322718447e-23	1.994981194260512462e-03	5.018804203857553329e-06	6.649230170795725816e-24	4.445173060945013062e-17	8.278712276674512718e-14	5.958112572022716933e-14	7.028396467816678918e-24	5.723117867327599302e-28	1.588000010379286148e-02	6.787498130002017627e-02	2.125018699986353822e-03	6.465476278500050197e-11	2.119999831069013102e-03
2.750000000000000000e+02	2.392303882236656628e-14	2.335002191510042355e-16	1.096508565137846099e-23	1.994981194254076638e-03	5.018804202667347525e-06	6.649230169218872143e-24	4.445173059892074190e-17	8.278712274797399893e-14	5.958112570598739695e-14	7.028396466137783519e-24	5.723117864964578715e-28	1.588000010330967160e-02	6.787498129953820070e-02	2.125018700468355413e-03	6.488976267805579369e-11	2.119999831317208663e-03
2.760000000000000000e+02	2.392303881741037094e-14	2.335002190955246341e-16	1.096508564952409074e-23	1.994981194247640813e-03	5.018804201477142567e-06	6.649230167642018471e-24	4.445173058835900987e-17	8.278712272918561671e-14	5.958112569174734690e-14	7.028396464458848448e-24	5.723117862593236433e-28	1.588000010282648172e-02	6.787498129905622513e-02	2.125018700950357005e-03	6.512476257105536705e-11	2.119999831565404225e-03
2.770000000000000000e+02	2.392303881246369557e-14	2.335002190401379211e-16	1.096508564767280615e-23	1.994981194241204989e-03	5.018804200286937609e-06	6.649230166065166267e-24	4.445173057781496559e-17	8.278712271040854359e-14	5.958112567750556766e-14	7.028396462779713542e-24	5.723117860226444672e-28	1.588000010234329185e-02	6.787498129857424956e-02	2.125018701432358596e-03	6.535976246399920911e-11	2.119999831813599786e-03
2.780000000000000000e+02	2.392303880752249490e-14	2.335002189848046534e-16	1.096508564582330391e-23	1.994981194234769165e-03	5.018804199096730958e-06	6.649230164488311125e-24	4.445173056728110871e-17	8.278712269162372071e-14	5.958112566326192040e-14	7.028396461100361170e-24	5.723117857862276142e-28	1.588000010186010197e-02	6.787498129809227398e-02	2.125018701914360188e-03	6.559476235688730695e-11	2.119999832061795347e-03
2.790000000000000000e+02	2.392303880258857699e-14	2.335002189295424818e-16	1.096508564397616148e-23	1.994981194228333341e-03	5.018804197906526000e-06	6.649230162911457453e-24	4.445173055676076723e-17	8.278712267287137366e-14	5.958112564902773947e-14	7.028396459422122579e-24	5.723117855501586419e-28	1.588000010137691209e-02	6.787498129761029841e-02	2.125018702396361779e-03	6.582976224971967350e-11	2.119999832309990909e-03
2.800000000000000000e+02	2.392303879763934887e-14	2.335002188741307718e-16	1.096508564212404964e-23	1.994981194221897517e-03	5.018804196716320195e-06	6.649230161334603780e-24	4.445173054621198979e-17	8.278712265406428597e-14	5.958112563477309864e-14	7.028396457741471286e-24	5.723117853133574968e-28	1.588000010089372221e-02	6.787498129712832284e-02	2.125018702878363371e-03	6.606476214249632168e-11	2.119999832558186470e-03
2.810000000000000000e+02	2.392303879268910785e-14	2.335002188187092009e-16	1.096508564027160866e-23	1.994981194215461693e-03	5.018804195526115237e-06	6.649230159757751577e-24	4.445173053566131414e-17	8.278712263529786563e-14	5.958112562053747883e-14	7.028396456063063718e-24	5.723117850765081022e-28	1.588000010041053234e-02	6.787498129664634727e-02	2.125018703360364962e-03	6.629976203521723857e-11	2.119999832806382031e-03
2.820000000000000000e+02	2.392303878774844044e-14	2.335002187633810609e-16	1.096508563842227834e-23	1.994981194209025869e-03	5.018804194335908586e-06	6.649230158180894966e-24	4.445173052512843717e-17	8.278712261653130646e-14	5.958112560630775338e-14	7.028396454385349691e-24	5.723117848401162708e-28	1.588000009992734246e-02	6.787498129616437170e-02	2.125018703842366553e-03	6.653476192788272143e-11	2.119999833054577593e-03
2.830000000000000000e+02	2.392303878280765629e-14	2.335002187080517375e-16	1.096508563657290540e-23	1.994981194202590045e-03	5.018804193145704475e-06	6.649230156604042762e-24	4.445173051459533834e-17	8.278712259776189477e-14	5.958112559207111121e-14	7.028396452706824574e-24	5.723117846037192377e-28	1.588000009944415258e-02	6.787498129568239613e-02	2.125018704324368145e-03	6.676976182049270564e-11	2.119999833302773154e-03
2.840000000000000000e+02	2.392303877785290929e-14	2.335002186525863356e-16	1.096508563471900828e-23	1.994981194196154221e-03	5.018804191955499517e-06	6.649230155027189090e-24	4.445173050403631186e-17	8.278712257897848552e-14	5.958112557783467098e-14	7.028396451028315619e-24	5.723117843666542449e-28	1.588000009896096271e-02	6.787498129520042056e-02	2.125018704806369736e-03	6.700476171304642864e-11	2.119999833550968715e-03
2.850000000000000000e+02	2.392303877290665991e-14	2.335002185972036655e-16	1.096508563286786476e-23	1.994981194189718397e-03	5.018804190765292866e-06	6.649230153450333948e-24	4.445173049349305644e-17	8.278712256020519895e-14	5.958112556359613554e-14	7.028396449349564218e-24	5.723117841299954269e-28	1.588000009847777283e-02	6.787498129471844499e-02	2.125018705288371328e-03	6.723976160554523461e-11	2.119999833799164277e-03
2.860000000000000000e+02	2.392303876795608126e-14	2.335002185417788406e-16	1.096508563101531505e-23	1.994981194183282572e-03	5.018804189575087908e-06	6.649230151873480275e-24	4.445173048294174601e-17	8.278712254138533802e-14	5.958112554932682821e-14	7.028396447667184949e-24	5.723117838931297099e-28	1.588000009799458295e-02	6.787498129423646942e-02	2.125018705770372919e-03	6.747476149798750795e-11	2.119999834047359838e-03
2.870000000000000000e+02	2.392303876302352965e-14	2.335002184865299317e-16	1.096508562916861783e-23	1.994981194176846748e-03	5.018804188384882950e-06	6.649230150296626603e-24	4.445173047242396217e-17	8.278712252263798919e-14	5.958112553509614351e-14	7.028396445989360719e-24	5.723117836571262063e-28	1.588000009751139308e-02	6.787498129375449385e-02	2.125018706252374510e-03	6.770976139037403707e-11	2.119999834295555399e-03
2.880000000000000000e+02	2.392303875807573410e-14	2.335002184311323226e-16	1.096508562731697031e-23	1.994981194170410924e-03	5.018804187194677145e-06	6.649230148719771461e-24	4.445173046187784713e-17	8.278712250383588710e-14	5.958112552084508727e-14	7.028396444309131135e-24	5.723117834203935791e-28	1.588000009702820320e-02	6.787498129327251828e-02	2.125018706734376102e-03	6.794476128270484783e-11	2.119999834543750961e-03
2.890000000000000000e+02	2.392303875312693197e-14	2.335002183757248527e-16	1.096508562546500101e-23	1.994981194163975100e-03	5.018804186004471341e-06	6.649230147142916319e-24	4.445173045132985238e-17	8.278712248507441450e-14	5.958112550661306466e-14	7.028396442631146745e-24	5.723117831836132404e-28	1.588000009654501332e-02	6.787498129279054271e-02	2.125018707216377693e-03	6.817976117497991437e-11	2.119999834791946522e-03
2.900000000000000000e+02	2.392303874818425770e-14	2.335002183203770403e-16	1.096508562361501534e-23	1.994981194157539276e-03	5.018804184814265536e-06	6.649230145566065585e-24	4.445173044079323448e-17	8.278712246630945829e-14	5.958112549238638106e-14	7.028396440953791244e-24	5.723117829471254481e-28	1.588000009606182344e-02	6.787498129230856714e-02	2.125018707698379285e-03	6.841476106719926253e-11	2.119999835040142083e-03
2.910000000000000000e+02	2.392303874325402850e-14	2.335002182651508605e-16	1.096508562176906897e-23	1.994981194151103452e-03	5.018804183624059731e-06	6.649230143989211912e-24	4.445173043027975856e-17	8.278712244754833910e-14	5.958112547814905731e-14	7.028396439275185311e-24	5.723117827112333309e-28	1.588000009557863357e-02	6.787498129182659157e-02	2.125018708180380876e-03	6.864976095936287940e-11	2.119999835288337645e-03
2.920000000000000000e+02	2.392303873828340332e-14	2.335002182095303982e-16	1.096508561991001878e-23	1.994981194144667628e-03	5.018804182433854773e-06	6.649230142412356770e-24	4.445173041969122992e-17	8.278712242872868012e-14	5.958112546389143775e-14	7.028396437594178430e-24	5.723117824734084531e-28	1.588000009509544369e-02	6.787498129134461600e-02	2.125018708662382468e-03	6.888476085147076498e-11	2.119999835536533206e-03
2.930000000000000000e+02	2.392303873333933750e-14	2.335002181541690273e-16	1.096508561805958202e-23	1.994981194138231804e-03	5.018804181243648969e-06	6.649230140835503098e-24	4.445173040915202357e-17	8.278712240996161608e-14	5.958112544965666359e-14	7.028396435915870779e-24	5.723117822368541159e-28	1.588000009461225381e-02	6.787498129086264043e-02	2.125018709144384059e-03	6.911976074352293219e-11	2.119999835784728767e-03
2.940000000000000000e+02	2.392303872840102090e-14	2.335002180988639121e-16	1.096508561621101430e-23	1.994981194131795980e-03	5.018804180053444011e-06	6.649230139258647956e-24	4.445173039862351615e-17	8.278712239118675178e-14	5.958112543542018550e-14	7.028396434237361825e-24	5.723117820005750161e-28	1.588000009412906394e-02	6.787498129038066486e-02	2.125018709626385650e-03	6.935476063551934226e-11	2.119999836032924329e-03
2.950000000000000000e+02	2.392303872346993974e-14	2.335002180436293013e-16	1.096508561436479169e-23	1.994981194125360156e-03	5.018804178863239053e-06	6.649230137681794283e-24	4.445173038810844402e-17	8.278712237242675593e-14	5.958112542118568903e-14	7.028396432559087969e-24	5.723117817646423622e-28	1.588000009364587406e-02	6.787498128989868929e-02	2.125018710108387242e-03	6.958976052746003396e-11	2.119999836281119890e-03
2.960000000000000000e+02	2.392303871852361462e-14	2.335002179882460889e-16	1.096508561251362318e-23	1.994981194118924332e-03	5.018804177673033249e-06	6.649230136104940611e-24	4.445173037756505918e-17	8.278712235364725944e-14	5.958112540694570208e-14	7.028396430880164652e-24	5.723117815279798671e-28	1.588000009316268418e-02	6.787498128941671371e-02	2.125018710590388833e-03	6.982476041934499436e-11	2.119999836529315451e-03
2.970000000000000000e+02	2.392303871358307344e-14	2.335002179329191814e-16	1.096508561066433253e-23	1.994981194112488507e-03	5.018804176482826597e-06	6.649230134528085469e-24	4.445173036703242873e-17	8.278712233488393144e-14	5.958112539271054927e-14	7.028396429201812920e-24	5.723117812915945826e-28	1.588000009267949431e-02	6.787498128893473814e-02	2.125018711072390425e-03	7.005976031117423640e-11	2.119999836777511013e-03
2.980000000000000000e+02	2.392303870862375421e-14	2.335002178774090116e-16	1.096508560880894841e-23	1.994981194106052683e-03	5.018804175292620792e-06	6.649230132951231796e-24	4.445173035646488502e-17	8.278712231608930144e-14	5.958112537846483204e-14	7.028396427522210755e-24	5.723117810543104043e-28	1.588000009219630443e-02	6.787498128845276257e-02	2.125018711554392016e-03	7.029476020294774714e-11	2.119999837025706574e-03
2.990000000000000000e+02	2.392303870369436436e-14	2.335002178221909669e-16	1.096508560696327534e-23	1.994981194099616859e-03	5.018804174102415834e-06	6.649230131374379593e-24	4.445173034595296217e-17	8.278712229733359699e-14	5.958112536423087830e-14	7.028396425844004491e-24	5.723117808184583754e-28	1.588000009171311455e-02	6.787498128797078700e-02	2.125018712036393607e-03	7.052976009466551366e-11	2.119999837273902135e-03
3.000000000000000000e+02	2.392303869872518752e-14	2.335002177665846055e-16	1.096508560510469094e-23	1.994981194093181035e-03	5.018804172912210030e-06	6.649230129797522981e-24	4.445173033536711442e-17	8.278712227851893624e-14	5.958112534997685594e-14	7.028396424163422258e-24	5.723117805807027330e-28	1.588000009122992467e-02	6.787498128748881143e-02	2.125018712518395199e-03	7.076475998632754889e-11	2.119999837522097696e-03
3.010000000000000000e+02	2.392303869378141516e-14	2.335002177112260942e-16	1.096508560325434969e-23	1.994981194086745211e-03	5.018804171722005072e-06	6.649230128220670778e-24	4.445173032482845042e-17	8.278712225975584805e-14	5.958112533574547705e-14	7.028396422485512805e-24	5.723117803441627451e-28	1.588000009074673480e-02	6.787498128700683586e-02	2.125018713000396790e-03	7.099975987793386575e-11	2.119999837770293258e-03
3.020000000000000000e+02	2.392303868883387204e-14	2.335002176558309502e-16	1.096508560140279034e-23	1.994981194080309387e-03	5.018804170531800114e-06	6.649230126643817106e-24	4.445173031428280992e-17	8.278712224094588260e-14	5.958112532148330102e-14	7.028396420803972544e-24	5.723117801074421354e-28	1.588000009026354492e-02	6.787498128652486029e-02	2.125018713482398382e-03	7.123475976948445132e-11	2.119999838018488819e-03
3.030000000000000000e+02	2.392303868390416665e-14	2.335002176006097994e-16	1.096508559955701000e-23	1.994981194073873563e-03	5.018804169341593462e-06	6.649230125066961964e-24	4.445173030377030159e-17	8.278712222219085972e-14	5.958112530725228815e-14	7.028396419126113050e-24	5.723117798715753088e-28	1.588000008978035504e-02	6.787498128604288472e-02	2.125018713964399973e-03	7.146975966097931852e-11	2.119999838266684380e-03
3.040000000000000000e+02	2.392303867895926780e-14	2.335002175452405399e-16	1.096508559770630876e-23	1.994981194067437739e-03	5.018804168151388505e-06	6.649230123490108291e-24	4.445173029322957299e-17	8.278712220341631097e-14	5.958112529301587317e-14	7.028396417447608504e-24	5.723117796349812420e-28	1.588000008929716517e-02	6.787498128556090915e-02	2.125018714446401565e-03	7.170475955241842857e-11	2.119999838514879942e-03
3.050000000000000000e+02	2.392303867402016549e-14	2.335002174899276840e-16	1.096508559585748537e-23	1.994981194061001915e-03	5.018804166961182700e-06	6.649230121913256088e-24	4.445173028269960494e-17	8.278712218465795595e-14	5.958112527878430495e-14	7.028396415769679949e-24	5.723117793986644753e-28	1.588000008881397529e-02	6.787498128507893358e-02	2.125018714928403156e-03	7.193975944380182025e-11	2.119999838763075503e-03
3.060000000000000000e+02	2.392303866906230092e-14	2.335002174344316152e-16	1.096508559400256704e-23	1.994981194054566091e-03	5.018804165770977742e-06	6.649230120336400946e-24	4.445173027213476062e-17	8.278712216586831155e-14	5.958112526454218492e-14	7.028396414090502432e-24	5.723117791614500705e-28	1.588000008833078541e-02	6.787498128459695801e-02	2.125018715410404747e-03	7.217475933512948065e-11	2.119999839011271064e-03
3.070000000000000000e+02	2.392303866413434365e-14	2.335002173792276221e-16	1.096508559215736270e-23	1.994981194048130266e-03	5.018804164580771938e-06	6.649230118759545804e-24	4.445173026162550017e-17	8.278712214711760532e-14	5.958112525031180314e-14	7.028396412412716407e-24	5.723117789256667389e-28	1.588000008784759554e-02	6.787498128411498244e-02	2.125018715892406339e-03	7.240975922640142267e-11	2.119999839259466626e-03
3.080000000000000000e+02	2.392303865916659307e-14	2.335002173236352136e-16	1.096508559029924408e-23	1.994981194041694442e-03	5.018804163390566980e-06	6.649230117182693601e-24	4.445173025104230251e-17	8.278712212830789230e-14	5.958112523606134013e-14	7.028396410732552944e-24	5.723117786879794350e-28	1.588000008736440566e-02	6.787498128363300687e-02	2.125018716374407930e-03	7.264475911761762047e-11	2.119999839507662187e-03
3.090000000000000000e+02	2.392303865422713105e-14	2.335002172683188571e-16	1.096508558845030167e-23	1.994981194035258618e-03	5.018804162200361175e-06	6.649230115605836989e-24	4.445173024051166886e-17	8.278712210955236456e-14	5.958112522183079427e-14	7.028396409054743408e-24	5.723117784516456286e-28	1.588000008688121578e-02	6.787498128315103130e-02	2.125018716856409522e-03	7.287975900877809991e-11	2.119999839755857748e-03
3.100000000000000000e+02	2.392303864927815536e-14	2.335002172129096615e-16	1.096508558659827359e-23	1.994981194028822794e-03	5.018804161010157064e-06	6.649230114028986255e-24	4.445173022996335364e-17	8.278712209074478462e-14	5.958112520757492913e-14	7.028396407373948117e-24	5.723117782148565010e-28	1.588000008639802590e-02	6.787498128266905573e-02	2.125018717338411113e-03	7.311475889988283512e-11	2.119999840004053310e-03
3.110000000000000000e+02	2.392303864432387222e-14	2.335002171574486970e-16	1.096508558474452634e-23	1.994981194022386970e-03	5.018804159819950413e-06	6.649230112452129644e-24	4.445173021940518381e-17	8.278712207197240681e-14	5.958112519334062198e-14	7.028396405695691893e-24	5.723117779778133908e-28	1.588000008591483603e-02	6.787498128218708016e-02	2.125018717820412704e-03	7.334975879093185197e-11	2.119999840252248871e-03
3.120000000000000000e+02	2.392303863939452970e-14	2.335002171022311453e-16	1.096508558289886797e-23	1.994981194015951146e-03	5.018804158629744608e-06	6.649230110875275971e-24	4.445173020889335957e-17	8.278712205318403721e-14	5.958112517908516074e-14	7.028396404014945091e-24	5.723117777419638731e-28	1.588000008543164615e-02	6.787498128170510459e-02	2.125018718302414296e-03	7.358475868192512460e-11	2.119999840500444432e-03
3.130000000000000000e+02	2.392303863445687574e-14	2.335002170469324396e-16	1.096508558105051331e-23	1.994981194009515322e-03	5.018804157439539650e-06	6.649230109298423768e-24	4.445173019836607242e-17	8.278712203443064255e-14	5.958112516485708875e-14	7.028396402337429429e-24	5.723117775057163418e-28	1.588000008494845627e-02	6.787498128122312901e-02	2.125018718784415887e-03	7.381975857286269178e-11	2.119999840748639994e-03
3.140000000000000000e+02	2.392303862950043112e-14	2.335002169914503237e-16	1.096508557919605930e-23	1.994981194003079498e-03	5.018804156249333846e-06	6.649230107721568626e-24	4.445173018780387817e-17	8.278712201564595851e-14	5.958112515061851544e-14	7.028396400658672152e-24	5.723117772685700961e-28	1.588000008446526640e-02	6.787498128074115344e-02	2.125018719266417479e-03	7.405475846374451475e-11	2.119999840996835555e-03
3.150000000000000000e+02	2.392303862455391037e-14	2.335002169360649912e-16	1.096508557734482614e-23	1.994981193996643674e-03	5.018804155059128041e-06	6.649230106144713484e-24	4.445173017726011123e-17	8.278712199685077315e-14	5.958112513637197779e-14	7.028396398978977417e-24	5.723117770318980946e-28	1.588000008398207652e-02	6.787498128025917787e-02	2.125018719748419070e-03	7.428975835457060642e-11	2.119999841245031116e-03
3.160000000000000000e+02	2.392303861959572079e-14	2.335002168805658655e-16	1.096508557548981083e-23	1.994981193990207850e-03	5.018804153868923083e-06	6.649230104567864220e-24	4.445173016669466909e-17	8.278712197805433824e-14	5.958112512211529224e-14	7.028396397298082209e-24	5.723117767946682643e-28	1.588000008349888664e-02	6.787498127977720230e-02	2.125018720230420662e-03	7.452475824534095387e-11	2.119999841493226678e-03
3.170000000000000000e+02	2.392303861465483250e-14	2.335002168252356547e-16	1.096508557364040557e-23	1.994981193983772026e-03	5.018804152678718125e-06	6.649230102991007608e-24	4.445173015616139153e-17	8.278712195930123388e-14	5.958112510789104464e-14	7.028396395621014704e-24	5.723117765582662090e-28	1.588000008301569677e-02	6.787498127929522673e-02	2.125018720712422253e-03	7.475975813605559588e-11	2.119999841741422239e-03
3.180000000000000000e+02	2.392303860971016084e-14	2.335002167698684659e-16	1.096508557178977485e-23	1.994981193977336201e-03	5.018804151488512321e-06	6.649230101414155405e-24	4.445173014562107585e-17	8.278712194050122700e-14	5.958112509363603778e-14	7.028396393940322269e-24	5.723117763216829041e-28	1.588000008253250689e-02	6.787498127881325116e-02	2.125018721194423844e-03	7.499475802671449367e-11	2.119999841989617800e-03
3.190000000000000000e+02	2.392303860475654350e-14	2.335002167144140588e-16	1.096508556993624214e-23	1.994981193970900377e-03	5.018804150298307363e-06	6.649230099837300263e-24	4.445173013506414478e-17	8.278712192173122208e-14	5.958112507940669099e-14	7.028396392262649384e-24	5.723117760846719902e-28	1.588000008204931701e-02	6.787498127833127559e-02	2.125018721676425436e-03	7.522975791731768602e-11	2.119999842237813362e-03
3.200000000000000000e+02	2.392303859982944134e-14	2.335002166592182501e-16	1.096508556809131110e-23	1.994981193964464553e-03	5.018804149108101558e-06	6.649230098260446591e-24	4.445173012455646206e-17	8.278712190295050128e-14	5.958112506515343856e-14	7.028396390582168538e-24	5.723117758489291057e-28	1.588000008156612713e-02	6.787498127784930002e-02	2.125018722158427027e-03	7.546475780786512122e-11	2.119999842486008923e-03
3.210000000000000000e+02	2.392303859489322627e-14	2.335002166039336453e-16	1.096508556624342076e-23	1.994981193958028729e-03	5.018804147917894906e-06	6.649230096683589979e-24	4.445173011403187429e-17	8.278712188420210484e-14	5.958112505092900164e-14	7.028396388905077523e-24	5.723117756127510788e-28	1.588000008108293726e-02	6.787498127736732445e-02	2.125018722640428619e-03	7.569975769835682513e-11	2.119999842734204484e-03
3.220000000000000000e+02	2.392303858993822684e-14	2.335002165484655810e-16	1.096508556438943841e-23	1.994981193951592905e-03	5.018804146727689949e-06	6.649230095106736307e-24	4.445173010347234862e-17	8.278712186542241902e-14	5.958112503669401292e-14	7.028396387226744893e-24	5.723117753756735303e-28	1.588000008059974738e-02	6.787498127688534888e-02	2.125018723122430210e-03	7.593475758879281067e-11	2.119999842982400046e-03
3.230000000000000000e+02	2.392303858499270952e-14	2.335002164930901586e-16	1.096508556253853293e-23	1.994981193945157081e-03	5.018804145537484144e-06	6.649230093529882634e-24	4.445173009293045521e-17	8.278712184663311541e-14	5.958112502245084528e-14	7.028396385547445418e-24	5.723117751390497784e-28	1.588000008011655750e-02	6.787498127640337331e-02	2.125018723604431801e-03	7.616975747917306492e-11	2.119999843230595607e-03
3.240000000000000000e+02	2.392303858003638796e-14	2.335002164376093246e-16	1.096508556068412447e-23	1.994981193938721257e-03	5.018804144347279186e-06	6.649230091953030431e-24	4.445173008236850749e-17	8.278712182784075733e-14	5.958112500819795888e-14	7.028396383866999836e-24	5.723117749019094518e-28	1.588000007963336763e-02	6.787498127592139774e-02	2.125018724086433393e-03	7.640475736949760079e-11	2.119999843478791168e-03
3.250000000000000000e+02	2.392303857509981948e-14	2.335002163823211699e-16	1.096508555883611657e-23	1.994981193932285433e-03	5.018804143157073382e-06	6.649230090376176758e-24	4.445173007184323563e-17	8.278712180909522603e-14	5.958112499397454433e-14	7.028396382190032249e-24	5.723117746657138470e-28	1.588000007915017775e-02	6.787498127543942217e-02	2.125018724568434984e-03	7.663975725976637953e-11	2.119999843726986730e-03
3.260000000000000000e+02	2.392303857015395506e-14	2.335002163269423455e-16	1.096508555698510235e-23	1.994981193925849609e-03	5.018804141966866730e-06	6.649230088799323086e-24	4.445173006130071360e-17	8.278712179029740272e-14	5.958112497972594933e-14	7.028396380510092130e-24	5.723117744290737727e-28	1.588000007866698787e-02	6.787498127495744660e-02	2.125018725050436576e-03	7.687475714998026707e-11	2.119999843975182291e-03
3.270000000000000000e+02	2.392303856520235089e-14	2.335002162715076105e-16	1.096508555513222204e-23	1.994981193919413785e-03	5.018804140776662619e-06	6.649230087222467944e-24	4.445173005074752346e-17	8.278712177153528642e-14	5.958112496549881135e-14	7.028396378832682262e-24	5.723117741921589991e-28	1.588000007818379800e-02	6.787498127447547103e-02	2.125018725532438167e-03	7.710975704013759615e-11	2.119999844223377852e-03
3.280000000000000000e+02	2.392303856027588929e-14	2.335002162163181620e-16	1.096508555328749671e-23	1.994981193912977960e-03	5.018804139586457661e-06	6.649230085645614271e-24	4.445173004024104868e-17	8.278712175275692588e-14	5.958112495125050666e-14	7.028396377152784755e-24	5.723117739564472346e-28	1.588000007770060812e-02	6.787498127399349546e-02	2.125018726014439759e-03	7.734475693023920685e-11	2.119999844471573414e-03
3.290000000000000000e+02	2.392303855531410250e-14	2.335002161607837841e-16	1.096508555143131325e-23	1.994981193906542136e-03	5.018804138396251857e-06	6.649230084068759129e-24	4.445173002966890739e-17	8.278712173397269623e-14	5.958112493701602280e-14	7.028396375474506491e-24	5.723117737190450334e-28	1.588000007721741824e-02	6.787498127351151989e-02	2.125018726496441350e-03	7.757975682028507333e-11	2.119999844719768975e-03
3.300000000000000000e+02	2.392303855037565338e-14	2.335002161054773870e-16	1.096508554958270145e-23	1.994981193900106312e-03	5.018804137206046052e-06	6.649230082491905457e-24	4.445173001914015346e-17	8.278712171519766784e-14	5.958112492276867736e-14	7.028396373794716247e-24	5.723117734827595661e-28	1.588000007673422836e-02	6.787498127302954432e-02	2.125018726978442941e-03	7.781475671027522145e-11	2.119999844967964536e-03
3.310000000000000000e+02	2.392303854543159387e-14	2.335002160501161641e-16	1.096508554773226616e-23	1.994981193893670488e-03	5.018804136015841094e-06	6.649230080915051784e-24	4.445173000860098409e-17	8.278712169641334983e-14	5.958112490852908169e-14	7.028396372115837012e-24	5.723117732462057669e-28	1.588000007625103849e-02	6.787498127254756874e-02	2.125018727460444533e-03	7.804975660020962534e-11	2.119999845216160098e-03
3.320000000000000000e+02	2.392303854047672697e-14	2.335002159946494310e-16	1.096508554587832790e-23	1.994981193887234664e-03	5.018804134825635290e-06	6.649230079338198111e-24	4.445172999804171109e-17	8.278712167762601522e-14	5.958112489427979250e-14	7.028396370435816078e-24	5.723117730091347654e-28	1.588000007576784861e-02	6.787498127206559317e-02	2.125018727942446124e-03	7.828475649008831087e-11	2.119999845464355659e-03
3.330000000000000000e+02	2.392303853552728428e-14	2.335002159392356502e-16	1.096508554402614553e-23	1.994981193880798840e-03	5.018804133635429485e-06	6.649230077761342969e-24	4.445172998749252073e-17	8.278712165883609314e-14	5.958112488003548890e-14	7.028396368756384360e-24	5.723117727723233067e-28	1.588000007528465873e-02	6.787498127158361760e-02	2.125018728424447716e-03	7.851975637991125218e-11	2.119999845712551220e-03
3.340000000000000000e+02	2.392303853058505178e-14	2.335002158838923738e-16	1.096508554217630828e-23	1.994981193874363016e-03	5.018804132445224527e-06	6.649230076184490766e-24	4.445172997695675332e-17	8.278712164005168678e-14	5.958112486578529094e-14	7.028396367076260570e-24	5.723117725358568589e-28	1.588000007480146886e-02	6.787498127110164203e-02	2.125018728906449307e-03	7.875475626967848804e-11	2.119999845960746782e-03
3.350000000000000000e+02	2.392303852563509790e-14	2.335002158284736133e-16	1.096508554032396428e-23	1.994981193867927192e-03	5.018804131255018722e-06	6.649230074607635624e-24	4.445172996640662618e-17	8.278712162129426577e-14	5.958112485156172492e-14	7.028396365399270941e-24	5.723117722990212755e-28	1.588000007431827898e-02	6.787498127061966646e-02	2.125018729388450898e-03	7.898975615938997969e-11	2.119999846208942343e-03
3.360000000000000000e+02	2.392303852071007203e-14	2.335002157732982164e-16	1.096508553847970768e-23	1.994981193861491368e-03	5.018804130064812918e-06	6.649230073030783421e-24	4.445172995590280764e-17	8.278712160252086560e-14	5.958112483731700481e-14	7.028396363719793673e-24	5.723117720633780289e-28	1.588000007383508910e-02	6.787498127013769089e-02	2.125018729870452490e-03	7.922475604904574004e-11	2.119999846457137904e-03
3.370000000000000000e+02	2.392303851574973359e-14	2.335002157177780380e-16	1.096508553662399001e-23	1.994981193855055544e-03	5.018804128874608807e-06	6.649230071453928279e-24	4.445172994533337806e-17	8.278712158374163416e-14	5.958112482308611816e-14	7.028396362041941526e-24	5.723117718260450630e-28	1.588000007335189923e-02	6.787498126965571532e-02	2.125018730352454081e-03	7.945975593864576910e-11	2.119999846705333466e-03
3.380000000000000000e+02	2.392303851081272335e-14	2.335002156624856925e-16	1.096508553477584547e-23	1.994981193848619720e-03	5.018804127684403002e-06	6.649230069877076076e-24	4.445172993480729886e-17	8.278712156497161662e-14	5.958112480884239517e-14	7.028396360362577399e-24	5.723117715898287414e-28	1.588000007286870935e-02	6.787498126917373975e-02	2.125018730834455673e-03	7.969475582819007979e-11	2.119999846953529027e-03
3.390000000000000000e+02	2.392303850587011219e-14	2.335002156071385211e-16	1.096508553292588185e-23	1.994981193842183895e-03	5.018804126494196350e-06	6.649230068300220934e-24	4.445172992427079190e-17	8.278712154619229683e-14	5.958112479460635884e-14	7.028396358684122811e-24	5.723117713533439982e-28	1.588000007238551947e-02	6.787498126869176418e-02	2.125018731316457264e-03	7.992975571767864626e-11	2.119999847201724588e-03
3.400000000000000000e+02	2.392303850091666208e-14	2.335002155516856917e-16	1.096508553107240203e-23	1.994981193835748071e-03	5.018804125303991393e-06	6.649230066723367261e-24	4.445172991371418747e-17	8.278712152740990996e-14	5.958112478036062899e-14	7.028396357004522116e-24	5.723117711163409765e-28	1.588000007190232959e-02	6.787498126820978861e-02	2.125018731798458856e-03	8.016475560711150729e-11	2.119999847449920150e-03
3.410000000000000000e+02	2.392303849596831433e-14	2.335002154962826098e-16	1.096508552922057966e-23	1.994981193829312247e-03	5.018804124113785588e-06	6.649230065146512119e-24	4.445172990316703705e-17	8.278712150862532689e-14	5.958112476611984687e-14	7.028396355325501821e-24	5.723117708795818030e-28	1.588000007141913972e-02	6.787498126772781304e-02	2.125018732280460447e-03	8.039975549648861117e-11	2.119999847698115711e-03
3.420000000000000000e+02	2.392303849102789621e-14	2.335002154409568856e-16	1.096508552737132427e-23	1.994981193822876423e-03	5.018804122923580630e-06	6.649230063569661385e-24	4.445172989263459765e-17	8.278712148984557796e-14	5.958112475187333446e-14	7.028396353645812964e-24	5.723117706432021685e-28	1.588000007093594984e-02	6.787498126724583747e-02	2.125018732762462038e-03	8.063475538580999668e-11	2.119999847946311272e-03
3.430000000000000000e+02	2.392303848607937806e-14	2.335002153855521767e-16	1.096508552551944606e-23	1.994981193816440599e-03	5.018804121733374826e-06	6.649230061992804774e-24	4.445172988208713908e-17	8.278712147109314255e-14	5.958112473765336565e-14	7.028396351969247983e-24	5.723117704064351030e-28	1.588000007045275996e-02	6.787498126676386190e-02	2.125018733244463630e-03	8.086975527507563798e-11	2.119999848194506833e-03
3.440000000000000000e+02	2.392303848113015625e-14	2.335002153301406145e-16	1.096508552366733716e-23	1.994981193810004775e-03	5.018804120543169868e-06	6.649230060415952571e-24	4.445172987153837396e-17	8.278712145230086020e-14	5.958112472340694160e-14	7.028396350289563534e-24	5.723117701696342269e-28	1.588000006996957009e-02	6.787498126628188633e-02	2.125018733726465221e-03	8.110475516428557383e-11	2.119999848442702395e-03
3.450000000000000000e+02	2.392303847618616932e-14	2.335002152747801311e-16	1.096508552181692832e-23	1.994981193803568951e-03	5.018804119352964910e-06	6.649230058839098898e-24	4.445172986099932169e-17	8.278712143350635642e-14	5.958112470915633974e-14	7.028396348609389786e-24	5.723117699330837460e-28	1.588000006948638021e-02	6.787498126579991076e-02	2.125018734208466813e-03	8.133975505343976546e-11	2.119999848690897956e-03
3.460000000000000000e+02	2.392303847124945568e-14	2.335002152194905466e-16	1.096508551996887635e-23	1.994981193797133127e-03	5.018804118162759105e-06	6.649230057262243756e-24	4.445172985047379098e-17	8.278712141474435371e-14	5.958112469491521684e-14	7.028396346930335696e-24	5.723117696968813253e-28	1.588000006900319033e-02	6.787498126531793519e-02	2.125018734690468404e-03	8.157475494253823873e-11	2.119999848939093517e-03
3.470000000000000000e+02	2.392303846630827079e-14	2.335002151641574269e-16	1.096508551811937704e-23	1.994981193790697303e-03	5.018804116972552454e-06	6.649230055685388614e-24	4.445172983993995875e-17	8.278712139597000690e-14	5.958112468068275247e-14	7.028396345252299877e-24	5.723117694604651001e-28	1.588000006852000046e-02	6.787498126483595962e-02	2.125018735172469996e-03	8.180975483158095485e-11	2.119999849187289079e-03
3.480000000000000000e+02	2.392303846135627219e-14	2.335002151087186983e-16	1.096508551626637036e-23	1.994981193784261479e-03	5.018804115782347496e-06	6.649230054108533472e-24	4.445172982938602290e-17	8.278712137719260563e-14	5.958112466644061982e-14	7.028396343573122360e-24	5.723117692235315827e-28	1.588000006803681058e-02	6.787498126435398405e-02	2.125018735654471587e-03	8.204475472056796552e-11	2.119999849435484640e-03
3.490000000000000000e+02	2.392303845640936647e-14	2.335002150533297173e-16	1.096508551441501084e-23	1.994981193777825654e-03	5.018804114592142538e-06	6.649230052531681269e-24	4.445172981884155953e-17	8.278712135841300816e-14	5.958112465220343491e-14	7.028396341894529652e-24	5.723117689868413756e-28	1.588000006755362070e-02	6.787498126387200847e-02	2.125018736136473178e-03	8.227975460949924491e-11	2.119999849683680201e-03
3.500000000000000000e+02	2.392303845146921971e-14	2.335002149980066555e-16	1.096508551256584802e-23	1.994981193771389830e-03	5.018804113401935886e-06	6.649230050954827597e-24	4.445172980830963782e-17	8.278712133963722247e-14	5.958112463796029252e-14	7.028396340215233116e-24	5.723117687504745657e-28	1.588000006707043082e-02	6.787498126339003290e-02	2.125018736618474770e-03	8.251475449837479300e-11	2.119999849931875763e-03
3.510000000000000000e+02	2.392303844651167384e-14	2.335002149425138407e-16	1.096508551071104137e-23	1.994981193764954006e-03	5.018804112211730929e-06	6.649230049377972455e-24	4.445172979774540363e-17	8.278712132084413233e-14	5.958112462371685982e-14	7.028396338535901315e-24	5.723117685132757657e-28	1.588000006658724095e-02	6.787498126290805733e-02	2.125018737100476361e-03	8.274975438719460979e-11	2.119999850180071324e-03
3.520000000000000000e+02	2.392303844158927646e-14	2.335002148873641311e-16	1.096508550886763553e-23	1.994981193758518182e-03	5.018804111021526818e-06	6.649230047801123190e-24	4.445172978724647233e-17	8.278712130208625693e-14	5.958112460947699910e-14	7.028396336856997100e-24	5.723117682777582548e-28	1.588000006610405107e-02	6.787498126242608176e-02	2.125018737582477953e-03	8.298475427595868237e-11	2.119999850428266885e-03
3.530000000000000000e+02	2.392303843662115354e-14	2.335002148317680741e-16	1.096508550700939937e-23	1.994981193752082358e-03	5.018804109831321013e-06	6.649230046224265109e-24	4.445172977666260290e-17	8.278712128327285836e-14	5.958112459522470592e-14	7.028396335176620579e-24	5.723117680400531937e-28	1.588000006562086119e-02	6.787498126194410619e-02	2.125018738064479544e-03	8.321975416466703657e-11	2.119999850676462447e-03
3.540000000000000000e+02	2.392303843168580306e-14	2.335002147764917523e-16	1.096508550516178967e-23	1.994981193745646534e-03	5.018804108641114362e-06	6.649230044647409967e-24	4.445172976613959902e-17	8.278712126451581600e-14	5.958112458098711711e-14	7.028396333497982320e-24	5.723117678039158829e-28	1.588000006513767132e-02	6.787498126146213062e-02	2.125018738546481135e-03	8.345475405331965949e-11	2.119999850924658008e-03
3.550000000000000000e+02	2.392303842674606335e-14	2.335002147211726841e-16	1.096508550331276057e-23	1.994981193739210710e-03	5.018804107450909404e-06	6.649230043070559234e-24	4.445172975560844152e-17	8.278712124574646741e-14	5.958112456675824995e-14	7.028396331820371149e-24	5.723117675675687137e-28	1.588000006465448144e-02	6.787498126098015505e-02	2.125018739028482727e-03	8.368975394191656403e-11	2.119999851172853569e-03
3.560000000000000000e+02	2.392303842179551626e-14	2.335002146657482044e-16	1.096508550146022115e-23	1.994981193732774886e-03	5.018804106260703599e-06	6.649230041493704092e-24	4.445172974505720505e-17	8.278712122697407698e-14	5.958112455251973975e-14	7.028396330141621218e-24	5.723117673307043420e-28	1.588000006417129156e-02	6.787498126049817948e-02	2.125018739510484318e-03	8.392475383045772436e-11	2.119999851421049131e-03
3.570000000000000000e+02	2.392303841685005889e-14	2.335002146103732257e-16	1.096508549960933035e-23	1.994981193726339062e-03	5.018804105070497794e-06	6.649230039916847480e-24	4.445172973451540409e-17	8.278712120819947774e-14	5.958112453828615204e-14	7.028396328463451687e-24	5.723117670940834599e-28	1.588000006368810169e-02	6.787498126001620391e-02	2.125018739992485910e-03	8.415975371894315339e-11	2.119999851669244692e-03
3.580000000000000000e+02	2.392303841191134155e-14	2.335002145550642648e-16	1.096508549776063480e-23	1.994981193719903238e-03	5.018804103880293684e-06	6.649230038339996746e-24	4.445172972398618176e-17	8.278712118942867765e-14	5.958112452404656899e-14	7.028396326784579799e-24	5.723117668577856163e-28	1.588000006320491181e-02	6.787498125953422834e-02	2.125018740474487501e-03	8.439475360737285113e-11	2.119999851917440253e-03
3.590000000000000000e+02	2.392303840694361306e-14	2.335002144994720535e-16	1.096508549590252353e-23	1.994981193713467413e-03	5.018804102690087879e-06	6.649230036763143074e-24	4.445172971340301491e-17	8.278712117059938826e-14	5.958112450977727428e-14	7.028396325102193182e-24	5.723117666200991196e-28	1.588000006272172193e-02	6.787498125905225277e-02	2.125018740956489093e-03	8.462975349574683050e-11	2.119999852165635815e-03
3.600000000000000000e+02	2.392303840202240843e-14	2.335002144443339796e-16	1.096508549405950561e-23	1.994981193707031589e-03	5.018804101499882074e-06	6.649230035186287932e-24	4.445172970290630845e-17	8.278712115184658682e-14	5.958112449554087192e-14	7.028396323423700390e-24	5.723117663846390059e-28	1.588000006223853205e-02	6.787498125857027720e-02	2.125018741438490684e-03	8.486475338406506565e-11	2.119999852413831376e-03
3.610000000000000000e+02	2.392303839706639295e-14	2.335002143888559559e-16	1.096508549220519119e-23	1.994981193700595765e-03	5.018804100309677117e-06	6.649230033609435729e-24	4.445172969234490923e-17	8.278712113308233743e-14	5.958112448132076427e-14	7.028396321747116308e-24	5.723117661475128493e-28	1.588000006175534218e-02	6.787498125808830163e-02	2.125018741920492275e-03	8.509975327232759536e-11	2.119999852662026937e-03
3.620000000000000000e+02	2.392303839213368042e-14	2.335002143336055186e-16	1.096508549035844107e-23	1.994981193694159941e-03	5.018804099119471312e-06	6.649230032032580587e-24	4.445172968182681107e-17	8.278712111430963145e-14	5.958112446708028507e-14	7.028396320068140094e-24	5.723117659115020813e-28	1.588000006127215230e-02	6.787498125760632606e-02	2.125018742402493867e-03	8.533475316053436792e-11	2.119999852910222499e-03
3.630000000000000000e+02	2.392303838718455327e-14	2.335002142781948933e-16	1.096508548850636450e-23	1.994981193687724117e-03	5.018804097929265507e-06	6.649230030455729853e-24	4.445172967127820619e-17	8.278712109552046668e-14	5.958112445283333091e-14	7.028396318388395401e-24	5.723117656747055997e-28	1.588000006078896242e-02	6.787498125712435049e-02	2.125018742884495458e-03	8.556975304868542212e-11	2.119999853158418060e-03
3.640000000000000000e+02	2.392303838223442585e-14	2.335002142227744071e-16	1.096508548665396173e-23	1.994981193681288293e-03	5.018804096739060549e-06	6.649230028878873241e-24	4.445172966072775857e-17	8.278712107675438714e-14	5.958112443859798877e-14	7.028396316710015751e-24	5.723117654378615861e-28	1.588000006030577255e-02	6.787498125664237492e-02	2.125018743366497050e-03	8.580475293678073209e-11	2.119999853406613621e-03
3.650000000000000000e+02	2.392303837727912350e-14	2.335002141673034832e-16	1.096508548479988241e-23	1.994981193674852469e-03	5.018804095548854745e-06	6.649230027302019569e-24	4.445172965016769056e-17	8.278712105794324785e-14	5.958112442433861478e-14	7.028396315028806098e-24	5.723117652007697780e-28	1.588000005982258267e-02	6.787498125616039935e-02	2.125018743848498641e-03	8.603975282482033662e-11	2.119999853654809183e-03
3.660000000000000000e+02	2.392303837234125813e-14	2.335002141120027067e-16	1.096508548295145721e-23	1.994981193668416645e-03	5.018804094358649787e-06	6.649230025725165896e-24	4.445172963964001514e-17	8.278712103917782464e-14	5.958112441010245223e-14	7.028396313350333877e-24	5.723117649645123816e-28	1.588000005933939279e-02	6.787498125567842377e-02	2.125018744330500232e-03	8.627475271280419694e-11	2.119999853903004744e-03
3.670000000000000000e+02	2.392303836738659002e-14	2.335002140565379951e-16	1.096508548109758654e-23	1.994981193661980821e-03	5.018804093168444829e-06	6.649230024148312224e-24	4.445172962908113041e-17	8.278712102039471832e-14	5.958112439586620133e-14	7.028396311671849902e-24	5.723117647274509761e-28	1.588000005885620292e-02	6.787498125519644820e-02	2.125018744812501824e-03	8.650975260073233888e-11	2.119999854151200305e-03
3.680000000000000000e+02	2.392303836244145135e-14	2.335002140011662211e-16	1.096508547924679860e-23	1.994981193655544997e-03	5.018804091978239025e-06	6.649230022571457082e-24	4.445172961853992726e-17	8.278712100162297160e-14	5.958112438162822125e-14	7.028396309993163153e-24	5.723117644908453401e-28	1.588000005837301304e-02	6.787498125471447263e-02	2.125018745294503415e-03	8.674475248860472368e-11	2.119999854399395867e-03
3.690000000000000000e+02	2.392303835750177791e-14	2.335002139458477446e-16	1.096508547739778860e-23	1.994981193649109173e-03	5.018804090788032373e-06	6.649230020994603409e-24	4.445172960800890535e-17	8.278712098284341200e-14	5.958112436738836052e-14	7.028396308314256000e-24	5.723117642545013995e-28	1.588000005788982316e-02	6.787498125423249706e-02	2.125018745776505007e-03	8.697975237642140304e-11	2.119999854647591428e-03
3.700000000000000000e+02	2.392303835256934937e-14	2.335002138906001176e-16	1.096508547555112959e-23	1.994981193642673348e-03	5.018804089597827415e-06	6.649230019417749736e-24	4.445172959749134954e-17	8.278712096407872085e-14	5.958112435315049403e-14	7.028396306635586884e-24	5.723117640185041737e-28	1.588000005740663328e-02	6.787498125375052149e-02	2.125018746258506598e-03	8.721475226418233818e-11	2.119999854895786989e-03
3.710000000000000000e+02	2.392303834762166742e-14	2.335002138352035438e-16	1.096508547369952174e-23	1.994981193636237524e-03	5.018804088407621610e-06	6.649230017840894594e-24	4.445172958694543171e-17	8.278712094529455430e-14	5.958112433890712445e-14	7.028396304956265369e-24	5.723117637817769274e-28	1.588000005692344341e-02	6.787498125326854592e-02	2.125018746740508190e-03	8.744975215188756787e-11	2.119999855143982551e-03
3.720000000000000000e+02	2.392303834267977886e-14	2.335002137798635215e-16	1.096508547184979175e-23	1.994981193629801700e-03	5.018804087217415806e-06	6.649230016264040922e-24	4.445172957641028060e-17	8.278712092652655624e-14	5.958112432466861425e-14	7.028396303277516907e-24	5.723117635453268020e-28	1.588000005644025353e-02	6.787498125278657035e-02	2.125018747222509781e-03	8.768475203953704042e-11	2.119999855392178112e-03
3.730000000000000000e+02	2.392303833771911225e-14	2.335002137243402369e-16	1.096508546999397417e-23	1.994981193623365876e-03	5.018804086027210848e-06	6.649230014687187249e-24	4.445172956584025321e-17	8.278712090772728143e-14	5.958112431041955225e-14	7.028396301597518014e-24	5.723117633079784106e-28	1.588000005595706365e-02	6.787498125230459478e-02	2.125018747704511372e-03	8.791975192713079460e-11	2.119999855640373673e-03
3.740000000000000000e+02	2.392303833278268576e-14	2.335002136690534627e-16	1.096508546814601476e-23	1.994981193616930052e-03	5.018804084837005890e-06	6.649230013110332107e-24	4.445172955531523404e-17	8.278712088896685644e-14	5.958112429618696166e-14	7.028396299919470440e-24	5.723117630717898010e-28	1.588000005547387378e-02	6.787498125182261921e-02	2.125018748186512964e-03	8.815475181466880456e-11	2.119999855888569235e-03
3.750000000000000000e+02	2.392303832782945023e-14	2.335002136136027534e-16	1.096508546629260841e-23	1.994981193610494228e-03	5.018804083646799238e-06	6.649230011533478435e-24	4.445172954475903021e-17	8.278712087018872310e-14	5.958112428195432059e-14	7.028396298241409643e-24	5.723117628347970031e-28	1.588000005499068390e-02	6.787498125134064364e-02	2.125018748668514555e-03	8.838975170215110908e-11	2.119999856136764796e-03
3.760000000000000000e+02	2.392303832288748594e-14	2.335002135582619915e-16	1.096508546444285050e-23	1.994981193604058404e-03	5.018804082456595128e-06	6.649230009956626231e-24	4.445172953422373119e-17	8.278712085142351446e-14	5.958112426771695897e-14	7.028396296562797833e-24	5.723117625983432903e-28	1.588000005450749402e-02	6.787498125085866807e-02	2.125018749150516147e-03	8.862475158957766938e-11	2.119999856384960357e-03
3.770000000000000000e+02	2.392303831793572715e-14	2.335002135028255310e-16	1.096508546258992023e-23	1.994981193597622580e-03	5.018804081266389323e-06	6.649230008379772559e-24	4.445172952367023290e-17	8.278712083260630410e-14	5.958112425345416448e-14	7.028396294881185573e-24	5.723117623614208937e-28	1.588000005402430415e-02	6.787498125037669250e-02	2.125018749632517738e-03	8.885975147694851131e-11	2.119999856633155919e-03
3.780000000000000000e+02	2.392303831300466492e-14	2.335002134475913146e-16	1.096508546074370496e-23	1.994981193591186756e-03	5.018804080076183518e-06	6.649230006802918886e-24	4.445172951315522240e-17	8.278712081384659855e-14	5.958112423921980684e-14	7.028396293202927880e-24	5.723117621254892262e-28	1.588000005354111427e-02	6.787498124989471693e-02	2.125018750114519329e-03	8.909475136426360903e-11	2.119999856881351480e-03
3.790000000000000000e+02	2.392303830805842815e-14	2.335002133922087924e-16	1.096508545889256731e-23	1.994981193584750932e-03	5.018804078885977714e-06	6.649230005226065214e-24	4.445172950261199163e-17	8.278712079506744285e-14	5.958112422498004709e-14	7.028396291524032482e-24	5.723117618888311256e-28	1.588000005305792439e-02	6.787498124941274136e-02	2.125018750596520921e-03	8.932975125152297544e-11	2.119999857129547041e-03
3.800000000000000000e+02	2.392303830311799110e-14	2.335002133368828710e-16	1.096508545704331046e-23	1.994981193578315107e-03	5.018804077695772756e-06	6.649230003649211541e-24	4.445172949207953990e-17	8.278712077630444302e-14	5.958112421074513409e-14	7.028396289845710137e-24	5.723117616524505943e-28	1.588000005257473451e-02	6.787498124893076579e-02	2.125018751078522512e-03	8.956475113872662349e-11	2.119999857377742603e-03
3.810000000000000000e+02	2.392303829815876969e-14	2.335002132813736873e-16	1.096508545518795573e-23	1.994981193571879283e-03	5.018804076505567798e-06	6.649230002072356399e-24	4.445172948151218109e-17	8.278712075751014118e-14	5.958112419649966930e-14	7.028396288166135890e-24	5.723117614151711692e-28	1.588000005209154464e-02	6.787498124844879022e-02	2.125018751560524104e-03	8.979975102587452733e-11	2.119999857625938164e-03
3.820000000000000000e+02	2.392303829322947135e-14	2.335002132261566780e-16	1.096508545334231352e-23	1.994981193565443459e-03	5.018804075315362840e-06	6.649230000495502726e-24	4.445172947100044312e-17	8.278712073875477752e-14	5.958112418226595537e-14	7.028396286487956074e-24	5.723117611793236245e-28	1.588000005160835476e-02	6.787498124796681465e-02	2.125018752042525695e-03	9.003475091296672571e-11	2.119999857874133725e-03
3.830000000000000000e+02	2.392303828826038602e-14	2.335002131705511054e-16	1.096508545148375997e-23	1.994981193559007635e-03	5.018804074125157036e-06	6.649229998918649054e-24	4.445172946041476178e-17	8.278712071994040707e-14	5.958112416801216020e-14	7.028396284807398820e-24	5.723117609415722869e-28	1.588000005112516488e-02	6.787498124748483908e-02	2.125018752524527287e-03	9.026975080000316696e-11	2.119999858122329287e-03
3.840000000000000000e+02	2.392303828331784743e-14	2.335002131152048215e-16	1.096508544963382133e-23	1.994981193552571811e-03	5.018804072934951231e-06	6.649229997341793912e-24	4.445172944987841505e-17	8.278712070117865679e-14	5.958112415378121045e-14	7.028396283129540796e-24	5.723117607050915795e-28	1.588000005064197501e-02	6.787498124700286350e-02	2.125018753006528878e-03	9.050475068698388983e-11	2.119999858370524848e-03
3.850000000000000000e+02	2.392303827838106754e-14	2.335002130599145960e-16	1.096508544778575172e-23	1.994981193546135987e-03	5.018804071744746273e-06	6.649229995764940239e-24	4.445172943935275493e-17	8.278712068240911888e-14	5.958112413954856937e-14	7.028396281451487345e-24	5.723117604688857508e-28	1.588000005015878513e-02	6.787498124652088793e-02	2.125018753488530469e-03	9.073975057390886849e-11	2.119999858618720409e-03
3.860000000000000000e+02	2.392303827342552222e-14	2.335002130044412562e-16	1.096508544593159011e-23	1.994981193539700163e-03	5.018804070554539622e-06	6.649229994188086567e-24	4.445172942879222468e-17	8.278712066363210888e-14	5.958112412531100581e-14	7.028396279772847616e-24	5.723117602317823736e-28	1.588000004967559525e-02	6.787498124603891236e-02	2.125018753970532061e-03	9.097475046077814170e-11	2.119999858866915970e-03
3.870000000000000000e+02	2.392303826849483864e-14	2.335002129492105405e-16	1.096508544408549681e-23	1.994981193533264339e-03	5.018804069364334664e-06	6.649229992611231425e-24	4.445172941827789211e-17	8.278712064483910709e-14	5.958112411105217455e-14	7.028396278091704085e-24	5.723117599958684634e-28	1.588000004919240538e-02	6.787498124555693679e-02	2.125018754452533652e-03	9.120975034759167069e-11	2.119999859115111532e-03
3.880000000000000000e+02	2.392303826355584993e-14	2.335002128938988678e-16	1.096508544223670721e-23	1.994981193526828515e-03	5.018804068174129706e-06	6.649229991034379222e-24	4.445172940774813361e-17	8.278712062608109286e-14	5.958112409682078304e-14	7.028396276413799041e-24	5.723117597595572571e-28	1.588000004870921550e-02	6.787498124507496122e-02	2.125018754934535244e-03	9.144475023434948132e-11	2.119999859363307093e-03
3.890000000000000000e+02	2.392303825859806424e-14	2.335002128384036865e-16	1.096508544038182267e-23	1.994981193520392691e-03	5.018804066983924748e-06	6.649229989457527018e-24	4.445172939718345568e-17	8.278712060729176400e-14	5.958112408257889020e-14	7.028396274734645033e-24	5.723117595223467086e-28	1.588000004822602562e-02	6.787498124459298565e-02	2.125018755416536835e-03	9.167975012105153480e-11	2.119999859611502654e-03
3.900000000000000000e+02	2.392303825367020163e-14	2.335002127832005808e-16	1.096508543853664625e-23	1.994981193513956867e-03	5.018804065793718944e-06	6.649229987880671876e-24	4.445172938667438629e-17	8.278712058854136070e-14	5.958112406834876086e-14	7.028396273056888395e-24	5.723117592865675921e-28	1.588000004774283574e-02	6.787498124411101008e-02	2.125018755898538426e-03	9.191475000769788283e-11	2.119999859859698216e-03
3.910000000000000000e+02	2.392303824870255834e-14	2.335002127276091584e-16	1.096508543667855850e-23	1.994981193507521042e-03	5.018804064603513139e-06	6.649229986303816734e-24	4.445172937609136735e-17	8.278712056973201371e-14	5.958112405409853765e-14	7.028396271376754319e-24	5.723117590488855796e-28	1.588000004725964587e-02	6.787498124362903451e-02	2.125018756380540018e-03	9.214974989428848665e-11	2.119999860107893777e-03
3.920000000000000000e+02	2.392303824376319413e-14	2.335002126722937387e-16	1.096508543482964841e-23	1.994981193501085218e-03	5.018804063413308181e-06	6.649229984726964531e-24	4.445172936556091243e-17	8.278712055097683938e-14	5.958112403986825685e-14	7.028396269698977110e-24	5.723117588125564366e-28	1.588000004677645599e-02	6.787498124314705894e-02	2.125018756862541609e-03	9.238474978082338503e-11	2.119999860356089338e-03
3.930000000000000000e+02	2.392303823881431626e-14	2.335002126168855785e-16	1.096508543297765559e-23	1.994981193494649394e-03	5.018804062223101529e-06	6.649229983150109389e-24	4.445172935501277593e-17	8.278712053216961285e-14	5.958112402561264415e-14	7.028396268018212676e-24	5.723117585757719726e-28	1.588000004629326611e-02	6.787498124266508337e-02	2.125018757344543201e-03	9.261974966730252626e-11	2.119999860604284900e-03
3.940000000000000000e+02	2.392303823385935470e-14	2.335002125614179086e-16	1.096508543112368353e-23	1.994981193488213570e-03	5.018804061032895725e-06	6.649229981573255717e-24	4.445172934445335502e-17	8.278712051339497574e-14	5.958112401137995259e-14	7.028396266340146001e-24	5.723117583386964869e-28	1.588000004581007624e-02	6.787498124218310780e-02	2.125018757826544792e-03	9.285474955372594912e-11	2.119999860852480461e-03
3.950000000000000000e+02	2.392303822893091149e-14	2.335002125062090838e-16	1.096508542927831756e-23	1.994981193481777746e-03	5.018804059842690767e-06	6.649229979996403513e-24	4.445172933394317629e-17	8.278712049460958488e-14	5.958112399712338063e-14	7.028396264659269894e-24	5.723117581028896583e-28	1.588000004532688636e-02	6.787498124170113223e-02	2.125018758308546384e-03	9.308974944009362776e-11	2.119999861100676022e-03
3.960000000000000000e+02	2.392303822399336166e-14	2.335002124509114134e-16	1.096508542742999376e-23	1.994981193475341922e-03	5.018804058652485809e-06	6.649229978419548371e-24	4.445172932341609252e-17	8.278712047585658149e-14	5.958112398289557370e-14	7.028396262981786558e-24	5.723117578666473286e-28	1.588000004484369648e-02	6.787498124121915666e-02	2.125018758790547975e-03	9.332474932640560096e-11	2.119999861348871584e-03
3.970000000000000000e+02	2.392303821903702117e-14	2.335002123954303329e-16	1.096508542557557942e-23	1.994981193468906098e-03	5.018804057462280005e-06	6.649229976842691760e-24	4.445172931285409549e-17	8.278712045707226348e-14	5.958112396865727807e-14	7.028396261303058668e-24	5.723117576295059258e-28	1.588000004436050661e-02	6.787498124073718109e-02	2.125018759272549566e-03	9.355974921266182994e-11	2.119999861597067145e-03
3.980000000000000000e+02	2.392303821411060690e-14	2.335002123402413775e-16	1.096508542373086879e-23	1.994981193462470274e-03	5.018804056272075047e-06	6.649229975265841026e-24	4.445172930234770083e-17	8.278712043832684578e-14	5.958112395443075855e-14	7.028396259625729616e-24	5.723117573937964034e-28	1.588000004387731673e-02	6.787498124025520552e-02	2.125018759754551158e-03	9.379474909886234055e-11	2.119999861845262706e-03
3.990000000000000000e+02	2.392303820914440249e-14	2.335002122846640066e-16	1.096508542187325270e-23	1.994981193456034450e-03	5.018804055081869242e-06	6.649229973688984415e-24	4.445172929176736894e-17	8.278712041952247177e-14	5.958112394018411993e-14	7.028396257946017248e-24	5.723117571561829087e-28	1.588000004339412685e-02	6.787498123977322995e-02	2.125018760236552749e-03	9.402974898500709402e-11	2.119999862093458268e-03
4.000000000000000000e+02	2.392303820419216408e-14	2.335002122292229608e-16	1.096508542002016814e-23	1.994981193449598626e-03	5.018804053891665131e-06	6.649229972112133681e-24	4.445172928121300168e-17	8.278712040072293190e-14	5.958112392593293747e-14	7.028396256265771501e-24	5.723117569192378222e-28	1.588000004291093697e-02	6.787498123929125438e-02	2.125018760718554341e-03	9.426474887109614204e-11	2.119999862341653829e-03
4.010000000000000000e+02	2.392303819924716109e-14	2.335002121738525674e-16	1.096508541816942869e-23	1.994981193443162801e-03	5.018804052701458480e-06	6.649229970535278539e-24	4.445172927067207586e-17	8.278712038192892037e-14	5.958112391167583540e-14	7.028396254584830742e-24	5.723117566826388228e-28	1.588000004242774710e-02	6.787498123880927881e-02	2.125018761200555932e-03	9.449974875712944585e-11	2.119999862589849390e-03
4.020000000000000000e+02	2.392303819429364157e-14	2.335002121183989491e-16	1.096508541631592536e-23	1.994981193436726977e-03	5.018804051511253522e-06	6.649229968958423397e-24	4.445172926011529271e-17	8.278712036315925624e-14	5.958112389744669056e-14	7.028396252907182837e-24	5.723117564456322137e-28	1.588000004194455722e-02	6.787498123832730323e-02	2.125018761682557523e-03	9.473474864310703128e-11	2.119999862838044952e-03
4.030000000000000000e+02	2.392303818936662461e-14	2.335002120632041758e-16	1.096508541447102371e-23	1.994981193430291153e-03	5.018804050321047717e-06	6.649229967381572663e-24	4.445172924960780104e-17	8.278712034437886360e-14	5.958112388319369056e-14	7.028396251226731378e-24	5.723117562098941721e-28	1.588000004146136734e-02	6.787498123784532766e-02	2.125018762164559115e-03	9.496974852902888543e-11	2.119999863086240513e-03
4.040000000000000000e+02	2.392303818443052629e-14	2.335002120079206063e-16	1.096508541262317157e-23	1.994981193423855329e-03	5.018804049130842760e-06	6.649229965804717521e-24	4.445172923908341049e-17	8.278712032563083319e-14	5.958112386896950608e-14	7.028396249549672690e-24	5.723117559737209880e-28	1.588000004097817747e-02	6.787498123736335209e-02	2.125018762646560706e-03	9.520474841489500828e-11	2.119999863334436074e-03
4.050000000000000000e+02	2.392303817947562784e-14	2.335002119524535774e-16	1.096508541076922008e-23	1.994981193417419505e-03	5.018804047940636955e-06	6.649229964227863849e-24	4.445172922852409435e-17	8.278712030685151341e-14	5.958112385473479503e-14	7.028396247871370916e-24	5.723117557366486412e-28	1.588000004049498759e-02	6.787498123688137652e-02	2.125018763128562298e-03	9.543974830070538691e-11	2.119999863582631636e-03
4.060000000000000000e+02	2.392303817453021149e-14	2.335002118970791410e-16	1.096508540891835133e-23	1.994981193410983681e-03	5.018804046750431997e-06	6.649229962651008707e-24	4.445172921798239200e-17	8.278712028806257583e-14	5.958112384049187983e-14	7.028396246192100828e-24	5.723117555000297322e-28	1.588000004001179771e-02	6.787498123639940095e-02	2.125018763610563889e-03	9.567474818646004717e-11	2.119999863830827197e-03
4.070000000000000000e+02	2.392303816957400353e-14	2.335002118415993424e-16	1.096508540706397226e-23	1.994981193404547857e-03	5.018804045560227039e-06	6.649229961074156503e-24	4.445172920742063533e-17	8.278712026927057116e-14	5.958112382623927111e-14	7.028396244511686104e-24	5.723117552628946072e-28	1.588000003952860784e-02	6.787498123591742538e-02	2.125018764092565481e-03	9.590974807215898906e-11	2.119999864079022758e-03
4.080000000000000000e+02	2.392303816463752340e-14	2.335002117863121245e-16	1.096508540521600257e-23	1.994981193398112033e-03	5.018804044370020388e-06	6.649229959497301361e-24	4.445172919689554836e-17	8.278712025052540589e-14	5.958112381201609637e-14	7.028396242834747903e-24	5.723117550267035762e-28	1.588000003904541796e-02	6.787498123543544981e-02	2.125018764574567072e-03	9.614474795780218673e-11	2.119999864327218320e-03
4.090000000000000000e+02	2.392303815969154223e-14	2.335002117309321661e-16	1.096508540336494574e-23	1.994981193391676209e-03	5.018804043179815430e-06	6.649229957920447689e-24	4.445172918635277981e-17	8.278712023172816318e-14	5.958112379776767808e-14	7.028396241154832763e-24	5.723117547900576725e-28	1.588000003856222808e-02	6.787498123495347424e-02	2.125018765056568663e-03	9.637974784338966604e-11	2.119999864575413881e-03
4.100000000000000000e+02	2.392303815474025676e-14	2.335002116755003894e-16	1.096508540151216534e-23	1.994981193385240385e-03	5.018804041989609625e-06	6.649229956343595486e-24	4.445172917580016283e-17	8.278712021296612261e-14	5.958112378354080515e-14	7.028396239477452283e-24	5.723117545531580554e-28	1.588000003807903820e-02	6.787498123447149867e-02	2.125018765538570255e-03	9.661474772892138820e-11	2.119999864823609442e-03
4.110000000000000000e+02	2.392303814981389613e-14	2.335002116203120256e-16	1.096508539966747675e-23	1.994981193378804561e-03	5.018804040799403820e-06	6.649229954766738874e-24	4.445172916529389759e-17	8.278712019418811548e-14	5.958112376929279076e-14	7.028396237797587102e-24	5.723117543174513131e-28	1.588000003759584833e-02	6.787498123398952310e-02	2.125018766020571846e-03	9.684974761439740491e-11	2.119999865071805004e-03
4.120000000000000000e+02	2.392303814485221032e-14	2.335002115647787324e-16	1.096508539781132708e-23	1.994981193372368736e-03	5.018804039609198863e-06	6.649229953189886671e-24	4.445172915472195968e-17	8.278712017540426448e-14	5.958112375505857196e-14	7.028396236119341164e-24	5.723117540800541341e-28	1.588000003711265845e-02	6.787498123350754753e-02	2.125018766502573438e-03	9.708474749981767741e-11	2.119999865320000565e-03
4.130000000000000000e+02	2.392303813991388425e-14	2.335002115094733706e-16	1.096508539596275055e-23	1.994981193365932912e-03	5.018804038418993905e-06	6.649229951613032998e-24	4.445172914419340912e-17	8.278712015662962737e-14	5.958112374081150420e-14	7.028396234439584716e-24	5.723117538437740478e-28	1.588000003662946857e-02	6.787498123302557196e-02	2.125018766984575029e-03	9.731974738518224447e-11	2.119999865568196126e-03
4.140000000000000000e+02	2.392303813496992572e-14	2.335002114541132324e-16	1.096508539411235052e-23	1.994981193359497088e-03	5.018804037228788947e-06	6.649229950036179326e-24	4.445172913365444313e-17	8.278712013784566277e-14	5.958112372657216097e-14	7.028396232760737807e-24	5.723117536072252710e-28	1.588000003614627870e-02	6.787498123254359639e-02	2.125018767466576620e-03	9.755474727049105438e-11	2.119999865816391688e-03
4.150000000000000000e+02	2.392303813001515664e-14	2.335002113986474361e-16	1.096508539225844165e-23	1.994981193353061264e-03	5.018804036038582296e-06	6.649229948459325653e-24	4.445172912309535502e-17	8.278712011905866895e-14	5.958112371232313683e-14	7.028396231080746260e-24	5.723117533701589329e-28	1.588000003566308882e-02	6.787498123206162082e-02	2.125018767948578212e-03	9.778974715574414592e-11	2.119999866064587249e-03
4.160000000000000000e+02	2.392303812506581177e-14	2.335002113432346906e-16	1.096508539040629601e-23	1.994981193346625440e-03	5.018804034848377338e-06	6.649229946882471981e-24	4.445172911254636187e-17	8.278712010026912552e-14	5.958112369807909829e-14	7.028396229401345399e-24	5.723117531333522274e-28	1.588000003517989894e-02	6.787498123157964525e-02	2.125018768430579803e-03	9.802474704094149324e-11	2.119999866312782810e-03
4.170000000000000000e+02	2.392303812012369286e-14	2.335002112878924496e-16	1.096508538855649549e-23	1.994981193340189616e-03	5.018804033658171533e-06	6.649229945305615369e-24	4.445172910201079168e-17	8.278712008148508519e-14	5.958112368382916539e-14	7.028396227721250996e-24	5.723117528968915194e-28	1.588000003469670907e-02	6.787498123109766968e-02	2.125018768912581395e-03	9.825974692608313512e-11	2.119999866560978372e-03
4.180000000000000000e+02	2.392303811517385258e-14	2.335002112324747738e-16	1.096508538670418382e-23	1.994981193333753792e-03	5.018804032467966575e-06	6.649229943728760227e-24	4.445172909146085560e-17	8.278712006272804283e-14	5.958112366960587705e-14	7.028396226044293694e-24	5.723117526600610479e-28	1.588000003421351919e-02	6.787498123061569411e-02	2.125018769394582986e-03	9.849474681116903278e-11	2.119999866809173933e-03
4.190000000000000000e+02	2.392303811024894031e-14	2.335002111773004123e-16	1.096508538485996102e-23	1.994981193327317968e-03	5.018804031277760771e-06	6.649229942151908024e-24	4.445172908095725893e-17	8.278712004395502131e-14	5.958112365536140937e-14	7.028396224364847283e-24	5.723117524244230926e-28	1.588000003373032931e-02	6.787498123013371853e-02	2.125018769876584578e-03	9.872974669619921207e-11	2.119999867057369494e-03
4.200000000000000000e+02	2.392303810528869969e-14	2.335002111217813186e-16	1.096508538300428155e-23	1.994981193320882144e-03	5.018804030087554966e-06	6.649229940575052882e-24	4.445172907038801424e-17	8.278712002517618115e-14	5.958112364113078778e-14	7.028396222687027461e-24	5.723117521870950592e-28	1.588000003324713943e-02	6.787498122965174296e-02	2.125018770358586169e-03	9.896474658117363422e-11	2.119999867305565056e-03
4.210000000000000000e+02	2.392303810035180619e-14	2.335002110664900577e-16	1.096508538115617228e-23	1.994981193314446320e-03	5.018804028897350008e-06	6.649229938998202148e-24	4.445172905986214457e-17	8.278712000640650440e-14	5.958112362688735509e-14	7.028396221007694191e-24	5.723117519508841186e-28	1.588000003276394956e-02	6.787498122916976739e-02	2.125018770840587760e-03	9.919974646609235093e-11	2.119999867553760617e-03
4.220000000000000000e+02	2.392303809540928970e-14	2.335002110111438231e-16	1.096508537930623657e-23	1.994981193308010495e-03	5.018804027707144204e-06	6.649229937421344068e-24	4.445172904932583482e-17	8.278711998762757589e-14	5.958112361265157120e-14	7.028396219329268991e-24	5.723117517144040390e-28	1.588000003228075968e-02	6.787498122868779182e-02	2.125018771322589352e-03	9.943474635095532341e-11	2.119999867801956178e-03
4.230000000000000000e+02	2.392303809045596266e-14	2.335002109556922756e-16	1.096508537745280377e-23	1.994981193301574671e-03	5.018804026516939246e-06	6.649229935844491864e-24	4.445172903876943994e-17	8.278711996884555504e-14	5.958112359840613164e-14	7.028396217649702091e-24	5.723117514774069363e-28	1.588000003179756980e-02	6.787498122820581625e-02	2.125018771804590943e-03	9.966974623576257753e-11	2.119999868050151740e-03
4.240000000000000000e+02	2.392303808550773165e-14	2.335002109002902291e-16	1.096508537560101373e-23	1.994981193295138847e-03	5.018804025326733441e-06	6.649229934267638192e-24	4.445172902822249906e-17	8.278711995006136325e-14	5.958112358416562720e-14	7.028396215970718530e-24	5.723117512406532336e-28	1.588000003131437993e-02	6.787498122772384068e-02	2.125018772286592535e-03	9.990474612051410035e-11	2.119999868298347301e-03
4.250000000000000000e+02	2.392303808056740819e-14	2.335002108449654910e-16	1.096508537375179213e-23	1.994981193288703023e-03	5.018804024136528483e-06	6.649229932690785989e-24	4.445172901769025687e-17	8.278711993128201822e-14	5.958112356991939248e-14	7.028396214291059061e-24	5.723117510042782625e-28	1.588000003083119005e-02	6.787498122724186511e-02	2.125018772768594126e-03	1.001397460052098919e-10	2.119999868546542862e-03
4.260000000000000000e+02	2.392303807560756831e-14	2.335002107894502429e-16	1.096508537189624051e-23	1.994981193282267199e-03	5.018804022946322679e-06	6.649229931113932316e-24	4.445172900712175790e-17	8.278711991248319779e-14	5.958112355567246356e-14	7.028396212611315837e-24	5.723117507669696007e-28	1.588000003034800017e-02	6.787498122675988954e-02	2.125018773250595717e-03	1.003747458898499392e-10	2.119999868794738423e-03
4.270000000000000000e+02	2.392303807068365947e-14	2.335002107342857422e-16	1.096508537005234243e-23	1.994981193275831375e-03	5.018804021756117721e-06	6.649229929537077174e-24	4.445172899662001629e-17	8.278711989372080380e-14	5.958112354142924544e-14	7.028396210932014893e-24	5.723117505313797156e-28	1.588000002986481030e-02	6.787498122627791397e-02	2.125018773732597309e-03	1.006097457744342681e-10	2.119999869042933985e-03
4.280000000000000000e+02	2.392303806572485142e-14	2.335002106787806014e-16	1.096508536819712876e-23	1.994981193269395551e-03	5.018804020565912763e-06	6.649229927960224971e-24	4.445172898605344633e-17	8.278711987494693662e-14	5.958112352720220843e-14	7.028396209254615311e-24	5.723117502941203795e-28	1.588000002938162042e-02	6.787498122579593840e-02	2.125018774214598900e-03	1.008447456589628658e-10	2.119999869291129546e-03
4.290000000000000000e+02	2.392303806078939997e-14	2.335002106235033429e-16	1.096508536634948527e-23	1.994981193262959727e-03	5.018804019375706112e-06	6.649229926383369829e-24	4.445172897553025756e-17	8.278711985618227072e-14	5.958112351296233508e-14	7.028396207575708158e-24	5.723117500579782258e-28	1.588000002889843054e-02	6.787498122531396283e-02	2.125018774696600492e-03	1.010797455434357451e-10	2.119999869539325107e-03
4.300000000000000000e+02	2.392303805584833498e-14	2.335002105681714064e-16	1.096508536450002711e-23	1.994981193256523903e-03	5.018804018185502001e-06	6.649229924806517626e-24	4.445172896499664103e-17	8.278711983740832781e-14	5.958112349873017363e-14	7.028396205897707604e-24	5.723117498215676506e-28	1.588000002841524066e-02	6.787498122483198726e-02	2.125018775178602083e-03	1.013147454278528801e-10	2.119999869787520669e-03
4.310000000000000000e+02	2.392303805089645944e-14	2.335002105127339104e-16	1.096508536264705716e-23	1.994981193250088079e-03	5.018804016995296196e-06	6.649229923229663953e-24	4.445172895444294553e-17	8.278711981863136829e-14	5.958112348448835653e-14	7.028396204218566821e-24	5.723117495846397833e-28	1.588000002793205079e-02	6.787498122435001169e-02	2.125018775660603675e-03	1.015497453122142839e-10	2.119999870035716230e-03
4.320000000000000000e+02	2.392303804594966416e-14	2.335002104573460634e-16	1.096508536079573731e-23	1.994981193243652254e-03	5.018804015805090391e-06	6.649229921652808811e-24	4.445172894389868554e-17	8.278711979985214948e-14	5.958112347025143667e-14	7.028396202540006439e-24	5.723117493479549571e-28	1.588000002744886091e-02	6.787498122386803612e-02	2.125018776142605266e-03	1.017847451965199564e-10	2.119999870283911791e-03
4.330000000000000000e+02	2.392303804100962785e-14	2.335002104020240370e-16	1.096508535894660829e-23	1.994981193237216430e-03	5.018804014614884587e-06	6.649229920075956608e-24	4.445172893336696721e-17	8.278711978107672982e-14	5.958112345600855934e-14	7.028396200860740760e-24	5.723117491115937973e-28	1.588000002696567103e-02	6.787498122338606055e-02	2.125018776624606857e-03	1.020197450807699105e-10	2.119999870532107353e-03
4.340000000000000000e+02	2.392303803605218926e-14	2.335002103465322576e-16	1.096508535709183543e-23	1.994981193230780606e-03	5.018804013424679629e-06	6.649229918499101466e-24	4.445172892280292408e-17	8.278711976228399309e-14	5.958112344176539171e-14	7.028396199181441285e-24	5.723117488743996609e-28	1.588000002648248116e-02	6.787498122290408498e-02	2.125018777106608449e-03	1.022547449649641333e-10	2.119999870780302914e-03
4.350000000000000000e+02	2.392303803110426749e-14	2.335002102911333665e-16	1.096508535524014824e-23	1.994981193224344782e-03	5.018804012234474671e-06	6.649229916922246324e-24	4.445172891225656868e-17	8.278711974350266644e-14	5.958112342752049489e-14	7.028396197501941976e-24	5.723117486376612042e-28	1.588000002599929128e-02	6.787498122242210941e-02	2.125018777588610040e-03	1.024897448491026248e-10	2.119999871028498475e-03
4.360000000000000000e+02	2.392303802616183304e-14	2.335002102357880194e-16	1.096508535339024486e-23	1.994981193217908958e-03	5.018804011044269714e-06	6.649229915345394121e-24	4.445172890172041917e-17	8.278711972471352691e-14	5.958112341327378054e-14	7.028396195822223732e-24	5.723117484011850707e-28	1.588000002551610140e-02	6.787498122194013384e-02	2.125018778070611632e-03	1.027247447331853850e-10	2.119999871276694037e-03
4.370000000000000000e+02	2.392303802122666873e-14	2.335002101805136205e-16	1.096508535154269688e-23	1.994981193211473134e-03	5.018804009854063909e-06	6.649229913768540448e-24	4.445172889119777274e-17	8.278711970595690107e-14	5.958112339903651989e-14	7.028396194143622207e-24	5.723117481650566385e-28	1.588000002503291153e-02	6.787498122145815826e-02	2.125018778552613223e-03	1.029597446172124010e-10	2.119999871524889598e-03
4.380000000000000000e+02	2.392303801628703947e-14	2.335002101251956863e-16	1.096508534969370157e-23	1.994981193205037310e-03	5.018804008663858104e-06	6.649229912191685306e-24	4.445172888066683094e-17	8.278711968718794376e-14	5.958112338480793041e-14	7.028396192466046301e-24	5.723117479287150296e-28	1.588000002454972165e-02	6.787498122097618269e-02	2.125018779034614815e-03	1.031947445011837116e-10	2.119999871773085159e-03
4.390000000000000000e+02	2.392303801134341541e-14	2.335002100698386048e-16	1.096508534784340734e-23	1.994981193198601486e-03	5.018804007473653146e-06	6.649229910614833103e-24	4.445172887012844427e-17	8.278711966840905311e-14	5.958112337056294524e-14	7.028396190786533768e-24	5.723117476921817679e-28	1.588000002406653177e-02	6.787498122049420712e-02	2.125018779516616406e-03	1.034297443850992779e-10	2.119999872021280721e-03
4.400000000000000000e+02	2.392303800637997833e-14	2.335002100142883511e-16	1.096508534598669051e-23	1.994981193192165662e-03	5.018804006283446495e-06	6.649229909037977961e-24	4.445172885955326464e-17	8.278711964960018575e-14	5.958112335630695388e-14	7.028396189105720844e-24	5.723117474547009145e-28	1.588000002358334189e-02	6.787498122001223155e-02	2.125018779998617997e-03	1.036647442689591259e-10	2.119999872269476282e-03
4.410000000000000000e+02	2.392303800144076874e-14	2.335002099589744105e-16	1.096508534413782891e-23	1.994981193185729838e-03	5.018804005093240690e-06	6.649229907461122819e-24	4.445172884902308705e-17	8.278711963083014297e-14	5.958112334206745919e-14	7.028396187426857772e-24	5.723117472183788566e-28	1.588000002310015202e-02	6.787498121953025598e-02	2.125018780480619589e-03	1.038997441527632167e-10	2.119999872517671843e-03
4.420000000000000000e+02	2.392303799648477534e-14	2.335002099034967319e-16	1.096508534228352331e-23	1.994981193179294014e-03	5.018804003903036579e-06	6.649229905884270616e-24	4.445172883846173714e-17	8.278711961204245495e-14	5.958112332782790138e-14	7.028396185747984414e-24	5.723117469812541348e-28	1.588000002261696214e-02	6.787498121904828041e-02	2.125018780962621180e-03	1.041347440365116021e-10	2.119999872765867405e-03
4.430000000000000000e+02	2.392303799156394621e-14	2.335002098483622572e-16	1.096508534044062587e-23	1.994981193172858189e-03	5.018804002712830774e-06	6.649229904307416943e-24	4.445172882796570244e-17	8.278711959328995643e-14	5.958112331359192816e-14	7.028396184069537173e-24	5.723117467458117784e-28	1.588000002213377226e-02	6.787498121856630484e-02	2.125018781444622772e-03	1.043697439202042433e-10	2.119999873014062966e-03
4.440000000000000000e+02	2.392303798659738524e-14	2.335002097927813858e-16	1.096508533858289370e-23	1.994981193166422365e-03	5.018804001522624970e-06	6.649229902730561801e-24	4.445172881738472344e-17	8.278711957448197259e-14	5.958112329934352249e-14	7.028396182389616155e-24	5.723117465081812439e-28	1.588000002165058239e-02	6.787498121808432927e-02	2.125018781926624363e-03	1.046047438038411661e-10	2.119999873262258527e-03
4.450000000000000000e+02	2.392303798166358724e-14	2.335002097375203482e-16	1.096508533673579094e-23	1.994981193159986541e-03	5.018804000332420012e-06	6.649229901153709598e-24	4.445172880686461616e-17	8.278711955573031974e-14	5.958112328510980856e-14	7.028396180711434870e-24	5.723117462721186391e-28	1.588000002116739251e-02	6.787498121760235370e-02	2.125018782408625954e-03	1.048397436874223576e-10	2.119999873510454089e-03
4.460000000000000000e+02	2.392303797672540948e-14	2.335002096822165149e-16	1.096508533488726583e-23	1.994981193153550717e-03	5.018803999142214207e-06	6.649229899576852986e-24	4.445172879633636142e-17	8.278711953696636065e-14	5.958112327088484153e-14	7.028396179034285080e-24	5.723117460358460862e-28	1.588000002068420263e-02	6.787498121712037813e-02	2.125018782890627546e-03	1.050747435709478178e-10	2.119999873758649650e-03
4.470000000000000000e+02	2.392303797178322746e-14	2.335002096268736329e-16	1.096508533303744180e-23	1.994981193147114893e-03	5.018803997952008403e-06	6.649229898000000783e-24	4.445172878580067413e-17	8.278711951819249347e-14	5.958112325664346619e-14	7.028396177355195725e-24	5.723117457993820599e-28	1.588000002020101276e-02	6.787498121663840256e-02	2.125018783372629137e-03	1.053097434544175338e-10	2.119999874006845211e-03
4.480000000000000000e+02	2.392303796682123873e-14	2.335002095713374308e-16	1.096508533118119075e-23	1.994981193140679069e-03	5.018803996761803445e-06	6.649229896423148580e-24	4.445172877522817539e-17	8.278711949938861171e-14	5.958112324239107204e-14	7.028396175674808918e-24	5.723117455619703522e-28	1.588000001971782288e-02	6.787498121615642699e-02	2.125018783854630729e-03	1.055447433378315314e-10	2.119999874255040773e-03
4.490000000000000000e+02	2.392303796188348380e-14	2.335002095160378376e-16	1.096508532933280523e-23	1.994981193134243245e-03	5.018803995571598487e-06	6.649229894846293438e-24	4.445172876470070951e-17	8.278711948062363026e-14	5.958112322815521241e-14	7.028396173996373432e-24	5.723117453257182470e-28	1.588000001923463300e-02	6.787498121567445142e-02	2.125018784336632320e-03	1.057797432211897977e-10	2.119999874503236334e-03
4.500000000000000000e+02	2.392303795692894191e-14	2.335002094605742599e-16	1.096508532747896982e-23	1.994981193127807421e-03	5.018803994381393529e-06	6.649229893269441235e-24	4.445172875414205282e-17	8.278711946184094046e-14	5.958112321391925181e-14	7.028396172317924722e-24	5.723117450886628503e-28	1.588000001875144312e-02	6.787498121519247585e-02	2.125018784818633912e-03	1.060147431044923457e-10	2.119999874751431895e-03
4.510000000000000000e+02	2.392303795198390737e-14	2.335002094052035213e-16	1.096508532562822303e-23	1.994981193121371597e-03	5.018803993191187725e-06	6.649229891692586093e-24	4.445172874360106537e-17	8.278711944306953452e-14	5.958112319968157465e-14	7.028396170639271769e-24	5.723117448520623263e-28	1.588000001826825325e-02	6.787498121471050028e-02	2.125018785300635503e-03	1.062497429877391494e-10	2.119999874999627457e-03
4.520000000000000000e+02	2.392303794704435068e-14	2.335002093498862774e-16	1.096508532377924976e-23	1.994981193114935773e-03	5.018803992000981920e-06	6.649229890115730951e-24	4.445172873307026532e-17	8.278711942429041668e-14	5.958112318544201684e-14	7.028396168960398411e-24	5.723117446157239460e-28	1.588000001778506337e-02	6.787498121422852471e-02	2.125018785782637094e-03	1.064847428709302219e-10	2.119999875247823018e-03
4.530000000000000000e+02	2.392303794211204836e-14	2.335002092946397844e-16	1.096508532193263042e-23	1.994981193108499948e-03	5.018803990810776962e-06	6.649229888538880217e-24	4.445172872255291905e-17	8.278711940552615467e-14	5.958112317120444065e-14	7.028396167281764560e-24	5.723117443797327290e-28	1.588000001730187349e-02	6.787498121374654914e-02	2.125018786264638686e-03	1.067197427540655630e-10	2.119999875496018579e-03
4.540000000000000000e+02	2.392303793716448631e-14	2.335002092392443939e-16	1.096508532008106225e-23	1.994981193102064124e-03	5.018803989620571158e-06	6.649229886962026544e-24	4.445172871200722926e-17	8.278711938674239202e-14	5.958112315696137399e-14	7.028396165602478310e-24	5.723117441430112225e-28	1.588000001681868362e-02	6.787498121326457357e-02	2.125018786746640277e-03	1.069547426371451858e-10	2.119999875744214141e-03
4.550000000000000000e+02	2.392303793222272081e-14	2.335002091839056042e-16	1.096508531823137487e-23	1.994981193095628300e-03	5.018803988430365353e-06	6.649229885385169933e-24	4.445172870147231851e-17	8.278711936797482311e-14	5.958112314272319196e-14	7.028396163923768051e-24	5.723117439065671058e-28	1.588000001633549374e-02	6.787498121278259799e-02	2.125018787228641869e-03	1.071897425201690773e-10	2.119999875992409702e-03
4.560000000000000000e+02	2.392303792726217727e-14	2.335002091283835029e-16	1.096508531637559255e-23	1.994981193089192476e-03	5.018803987240160395e-06	6.649229883808317730e-24	4.445172869090250682e-17	8.278711934917593957e-14	5.958112312847440764e-14	7.028396162243804423e-24	5.723117436692246334e-28	1.588000001585230386e-02	6.787498121230062242e-02	2.125018787710643460e-03	1.074247424031372375e-10	2.119999876240605263e-03
4.570000000000000000e+02	2.392303792233156626e-14	2.335002090731535267e-16	1.096508531452952128e-23	1.994981193082756652e-03	5.018803986049955437e-06	6.649229882231464057e-24	4.445172868038830983e-17	8.278711933041598158e-14	5.958112311423741205e-14	7.028396160565236693e-24	5.723117434333142209e-28	1.588000001536911399e-02	6.787498121181864685e-02	2.125018788192645051e-03	1.076597422860496535e-10	2.119999876488800825e-03
4.580000000000000000e+02	2.392303791736075175e-14	2.335002090175312401e-16	1.096508531267041084e-23	1.994981193076320828e-03	5.018803984859749633e-06	6.649229880654607446e-24	4.445172866979943607e-17	8.278711931160187619e-14	5.958112309998173624e-14	7.028396158884459034e-24	5.723117431954801058e-28	1.588000001488592411e-02	6.787498121133667128e-02	2.125018788674646643e-03	1.078947421689069456e-10	2.119999876736996386e-03
4.590000000000000000e+02	2.392303791241724760e-14	2.335002089621754406e-16	1.096508531082015923e-23	1.994981193069885004e-03	5.018803983669543828e-06	6.649229879077753773e-24	4.445172865926128359e-17	8.278711929283064696e-14	5.958112308574601545e-14	7.028396157206041180e-24	5.723117429589533013e-28	1.588000001440273423e-02	6.787498121085469571e-02	2.125018789156648234e-03	1.081297420517081704e-10	2.119999876985191947e-03
4.600000000000000000e+02	2.392303790747914873e-14	2.335002089068723961e-16	1.096508530897165910e-23	1.994981193063449180e-03	5.018803982479338870e-06	6.649229877500900101e-24	4.445172864873316444e-17	8.278711927405647685e-14	5.958112307151002961e-14	7.028396155527591000e-24	5.723117427226843357e-28	1.588000001391954435e-02	6.787498121037272014e-02	2.125018789638649826e-03	1.083647419344534184e-10	2.119999877233387509e-03
4.610000000000000000e+02	2.392303790254834840e-14	2.335002088516405957e-16	1.096508530712552758e-23	1.994981193057013356e-03	5.018803981289133065e-06	6.649229875924047897e-24	4.445172863821862232e-17	8.278711925529714996e-14	5.958112305727598752e-14	7.028396153849370042e-24	5.723117424867648652e-28	1.588000001343635448e-02	6.787498120989074457e-02	2.125018790120651417e-03	1.085997418171437622e-10	2.119999877481583070e-03
4.620000000000000000e+02	2.392303789760214004e-14	2.335002087962584186e-16	1.096508530527439728e-23	1.994981193050577532e-03	5.018803980098927261e-06	6.649229874347191286e-24	4.445172862767545934e-17	8.278711923651837291e-14	5.958112304303654331e-14	7.028396152170511378e-24	5.723117422501081995e-28	1.588000001295316460e-02	6.787498120940876900e-02	2.125018790602653009e-03	1.088347416997775346e-10	2.119999877729778631e-03
4.630000000000000000e+02	2.392303789266181658e-14	2.335002087409337298e-16	1.096508530342517569e-23	1.994981193044141708e-03	5.018803978908722303e-06	6.649229872770340552e-24	4.445172861714322332e-17	8.278711921775576435e-14	5.958112302880192062e-14	7.028396150492222828e-24	5.723117420137332285e-28	1.588000001246997472e-02	6.787498120892679343e-02	2.125018791084654600e-03	1.090697415823555758e-10	2.119999877977974193e-03
4.640000000000000000e+02	2.392303788770272138e-14	2.335002086854256308e-16	1.096508530156986357e-23	1.994981193037705883e-03	5.018803977718517345e-06	6.649229871193485410e-24	4.445172860657609870e-17	8.278711919896190428e-14	5.958112301455674612e-14	7.028396148812683847e-24	5.723117417764599019e-28	1.588000001198678485e-02	6.787498120844481786e-02	2.125018791566656191e-03	1.093047414648778985e-10	2.119999878226169754e-03
4.650000000000000000e+02	2.392303788277354295e-14	2.335002086302097062e-16	1.096508529972426103e-23	1.994981193031270059e-03	5.018803976528309847e-06	6.649229869616630268e-24	4.445172859606457644e-17	8.278711918020694451e-14	5.958112300032333512e-14	7.028396147134540764e-24	5.723117415406180969e-28	1.588000001150359497e-02	6.787498120796284229e-02	2.125018792048657783e-03	1.095397413473444900e-10	2.119999878474365315e-03
4.660000000000000000e+02	2.392303787780457753e-14	2.335002085746053661e-16	1.096508529786574569e-23	1.994981193024834235e-03	5.018803975338106583e-06	6.649229868039776596e-24	4.445172858547909847e-17	8.278711916139301582e-14	5.958112298606983025e-14	7.028396145454017306e-24	5.723117413028725887e-28	1.588000001102040509e-02	6.787498120748086672e-02	2.125018792530659374e-03	1.097747412297553631e-10	2.119999878722560877e-03
4.670000000000000000e+02	2.392303787286389434e-14	2.335002085192770781e-16	1.096508529601640802e-23	1.994981193018398411e-03	5.018803974147900778e-06	6.649229866462924393e-24	4.445172857494619685e-17	8.278711914263325979e-14	5.958112297183621730e-14	7.028396143775849245e-24	5.723117410664803088e-28	1.588000001053721522e-02	6.787498120699889115e-02	2.125018793012660966e-03	1.100097411121104920e-10	2.119999878970756438e-03
4.680000000000000000e+02	2.392303786791369435e-14	2.335002084638560004e-16	1.096508529416398174e-23	1.994981193011962587e-03	5.018803972957694973e-06	6.649229864886070720e-24	4.445172856439561365e-17	8.278711912382145155e-14	5.958112295757736080e-14	7.028396142094695428e-24	5.723117408296326182e-28	1.588000001005402534e-02	6.787498120651691558e-02	2.125018793494662557e-03	1.102447409944098767e-10	2.119999879218951999e-03
4.690000000000000000e+02	2.392303786298420668e-14	2.335002084086370682e-16	1.096508529231827928e-23	1.994981193005526763e-03	5.018803971767490016e-06	6.649229863309217047e-24	4.445172855388351824e-17	8.278711910506717336e-14	5.958112294334689067e-14	7.028396140416900586e-24	5.723117405937761949e-28	1.588000000957083546e-02	6.787498120603494001e-02	2.125018793976664148e-03	1.104797408766535559e-10	2.119999879467147560e-03
4.700000000000000000e+02	2.392303785803952871e-14	2.335002083532697316e-16	1.096508529046764563e-23	1.994981192999090939e-03	5.018803970577285058e-06	6.649229861732363375e-24	4.445172854334317790e-17	8.278711908629340716e-14	5.958112292911100580e-14	7.028396138738463630e-24	5.723117403571926209e-28	1.588000000908764558e-02	6.787498120555296444e-02	2.125018794458665740e-03	1.107147407588414909e-10	2.119999879715343122e-03
4.710000000000000000e+02	2.392303785307364300e-14	2.335002082976955162e-16	1.096508528861012946e-23	1.994981192992655115e-03	5.018803969387079253e-06	6.649229860155506763e-24	4.445172853276344383e-17	8.278711906749502849e-14	5.958112291486641191e-14	7.028396137058989301e-24	5.723117401195942827e-28	1.588000000860445571e-02	6.787498120507098887e-02	2.125018794940667331e-03	1.109497406409737075e-10	2.119999879963538683e-03
4.720000000000000000e+02	2.392303784813109810e-14	2.335002082423490844e-16	1.096508528676018787e-23	1.994981192986219291e-03	5.018803968196875143e-06	6.649229858578656030e-24	4.445172852222708478e-17	8.278711904870582585e-14	5.958112290060886807e-14	7.028396135377998584e-24	5.723117398831131269e-28	1.588000000812126583e-02	6.787498120458901329e-02	2.125018795422668923e-03	1.111847405230501800e-10	2.119999880211734244e-03
4.730000000000000000e+02	2.392303784320338695e-14	2.335002081871474085e-16	1.096508528491505994e-23	1.994981192979783467e-03	5.018803967006668491e-06	6.649229857001800888e-24	4.445172851171826807e-17	8.278711902995585169e-14	5.958112288637901641e-14	7.028396133700274272e-24	5.723117396473414541e-28	1.588000000763807595e-02	6.787498120410703772e-02	2.125018795904670514e-03	1.114197404050709340e-10	2.119999880459929806e-03
4.740000000000000000e+02	2.392303783823585410e-14	2.335002081315571201e-16	1.096508528305701333e-23	1.994981192973347642e-03	5.018803965816463533e-06	6.649229855424947215e-24	4.445172850113548332e-17	8.278711901114692122e-14	5.958112287212908351e-14	7.028396132020172522e-24	5.723117394096643742e-28	1.588000000715488608e-02	6.787498120362506215e-02	2.125018796386672106e-03	1.116547402870359438e-10	2.119999880708125367e-03
4.750000000000000000e+02	2.392303783329374781e-14	2.335002080762149284e-16	1.096508528120721134e-23	1.994981192966911818e-03	5.018803964626257728e-06	6.649229853848093542e-24	4.445172849059992545e-17	8.278711899238957595e-14	5.958112285790184455e-14	7.028396130342753838e-24	5.723117391732041145e-28	1.588000000667169620e-02	6.787498120314308658e-02	2.125018796868673697e-03	1.118897401689452353e-10	2.119999880956320928e-03
4.760000000000000000e+02	2.392303782834785815e-14	2.335002080208358575e-16	1.096508527935618683e-23	1.994981192960475994e-03	5.018803963436051077e-06	6.649229852271239870e-24	4.445172848005735412e-17	8.278711897358535340e-14	5.958112284364382109e-14	7.028396128661704347e-24	5.723117389365626950e-28	1.588000000618850632e-02	6.787498120266111101e-02	2.125018797350675288e-03	1.121247400507987955e-10	2.119999881204516490e-03
4.770000000000000000e+02	2.392303782341981252e-14	2.335002079656309769e-16	1.096508527751094869e-23	1.994981192954040170e-03	5.018803962245846966e-06	6.649229850694384728e-24	4.445172846954793344e-17	8.278711895483607343e-14	5.958112282941693555e-14	7.028396126984326805e-24	5.723117387007749689e-28	1.588000000570531645e-02	6.787498120217913544e-02	2.125018797832676880e-03	1.123597399325966373e-10	2.119999881452712051e-03
4.780000000000000000e+02	2.392303781847658605e-14	2.335002079102779384e-16	1.096508527566078377e-23	1.994981192947604346e-03	5.018803961055642008e-06	6.649229849117532525e-24	4.445172845901029865e-17	8.278711893606729283e-14	5.958112281518464788e-14	7.028396125306315966e-24	5.723117384642610788e-28	1.588000000522212657e-02	6.787498120169715987e-02	2.125018798314678471e-03	1.125947398143387219e-10	2.119999881700907612e-03
4.790000000000000000e+02	2.392303781351213607e-14	2.335002078547176760e-16	1.096508527380373632e-23	1.994981192941168522e-03	5.018803959865437051e-06	6.649229847540678852e-24	4.445172844843323931e-17	8.278711891727391238e-14	5.958112280094363857e-14	7.028396123627264815e-24	5.723117382267314378e-28	1.588000000473893669e-02	6.787498120121518430e-02	2.125018798796680063e-03	1.128297396960250882e-10	2.119999881949103174e-03
4.800000000000000000e+02	2.392303780857103322e-14	2.335002077993853944e-16	1.096508527195426494e-23	1.994981192934732698e-03	5.018803958675230399e-06	6.649229845963823710e-24	4.445172843789954883e-17	8.278711889848969535e-14	5.958112278668970457e-14	7.028396121946701684e-24	5.723117379903193380e-28	1.588000000425574681e-02	6.787498120073320873e-02	2.125018799278681654e-03	1.130647395776557232e-10	2.119999882197298735e-03
4.810000000000000000e+02	2.392303780364476726e-14	2.335002077441977701e-16	1.096508527010960133e-23	1.994981192928296874e-03	5.018803957485026288e-06	6.649229844386971507e-24	4.445172842739342534e-17	8.278711887974471941e-14	5.958112277246343749e-14	7.028396120269397611e-24	5.723117377546166315e-28	1.588000000377255694e-02	6.787498120025123316e-02	2.125018799760683245e-03	1.132997394592306399e-10	2.119999882445494296e-03
4.820000000000000000e+02	2.392303779867868907e-14	2.335002076886216319e-16	1.096508526825202638e-23	1.994981192921861050e-03	5.018803956294820483e-06	6.649229842810117834e-24	4.445172841681332765e-17	8.278711886094077454e-14	5.958112275821713965e-14	7.028396118589723447e-24	5.723117375170091456e-28	1.588000000328936706e-02	6.787498119976925759e-02	2.125018800242684837e-03	1.135347393407498252e-10	2.119999882693689858e-03
4.830000000000000000e+02	2.392303779374089312e-14	2.335002076333215457e-16	1.096508526640362323e-23	1.994981192915425226e-03	5.018803955104613832e-06	6.649229841233262692e-24	4.445172840628578165e-17	8.278711884219104019e-14	5.958112274399073374e-14	7.028396116912404681e-24	5.723117372807550674e-28	1.588000000280617718e-02	6.787498119928728202e-02	2.125018800724686428e-03	1.137697392222132663e-10	2.119999882941885419e-03
4.840000000000000000e+02	2.392303778879358035e-14	2.335002075779286204e-16	1.096508526455213587e-23	1.994981192908989402e-03	5.018803953914408874e-06	6.649229839656409020e-24	4.445172839574056640e-17	8.278711882338922840e-14	5.958112272973902116e-14	7.028396115232101628e-24	5.723117370440456681e-28	1.588000000232298731e-02	6.787498119880530645e-02	2.125018801206688020e-03	1.140047391036209761e-10	2.119999883190080980e-03
4.850000000000000000e+02	2.392303778384097906e-14	2.335002075224840247e-16	1.096508526269893229e-23	1.994981192902553577e-03	5.018803952724203916e-06	6.649229838079556816e-24	4.445172838518551505e-17	8.278711880462263137e-14	5.958112271550887920e-14	7.028396113554334704e-24	5.723117368070831831e-28	1.588000000183979743e-02	6.787498119832333088e-02	2.125018801688689611e-03	1.142397389849729676e-10	2.119999883438276542e-03
4.860000000000000000e+02	2.392303777891331208e-14	2.335002074672827926e-16	1.096508526085382052e-23	1.994981192896117753e-03	5.018803951533998111e-06	6.649229836502703144e-24	4.445172837467678462e-17	8.278711878584008040e-14	5.958112270125757052e-14	7.028396111874080140e-24	5.723117365713137524e-28	1.588000000135660755e-02	6.787498119784135531e-02	2.125018802170691203e-03	1.144747388662692277e-10	2.119999883686472103e-03
4.870000000000000000e+02	2.392303777395031360e-14	2.335002074117367297e-16	1.096508525899724034e-23	1.994981192889681929e-03	5.018803950343792307e-06	6.649229834925846532e-24	4.445172836410243082e-17	8.278711876705168556e-14	5.958112268702009531e-14	7.028396110195447758e-24	5.723117363338537952e-28	1.588000000087341768e-02	6.787498119735937974e-02	2.125018802652692794e-03	1.147097387475097695e-10	2.119999883934667664e-03
4.880000000000000000e+02	2.392303776901066225e-14	2.335002073564184996e-16	1.096508525714823474e-23	1.994981192883246105e-03	5.018803949153587349e-06	6.649229833348992860e-24	4.445172835357142739e-17	8.278711874827247937e-14	5.958112267276974588e-14	7.028396108515307805e-24	5.723117360975105720e-28	1.588000000039022780e-02	6.787498119687740417e-02	2.125018803134694385e-03	1.149447386286945542e-10	2.119999884182863226e-03
4.890000000000000000e+02	2.392303776408584148e-14	2.335002073012451242e-16	1.096508525530404721e-23	1.994981192876810281e-03	5.018803947963382391e-06	6.649229831772139187e-24	4.445172834306799712e-17	8.278711872953251428e-14	5.958112265854707601e-14	7.028396106838431318e-24	5.723117358618773699e-28	1.587999999990703792e-02	6.787498119639542860e-02	2.125018803616695977e-03	1.151797385098236204e-10	2.119999884431058787e-03
4.900000000000000000e+02	2.392303775912120533e-14	2.335002072456830868e-16	1.096508525344693805e-23	1.994981192870374457e-03	5.018803946773177434e-06	6.649229830195288453e-24	4.445172833249058649e-17	8.278711871073358025e-14	5.958112264430436276e-14	7.028396105159181802e-24	5.723117356243389400e-28	1.587999999942384804e-02	6.787498119591345302e-02	2.125018804098697568e-03	1.154147383908969554e-10	2.119999884679254348e-03
4.910000000000000000e+02	2.392303775417019123e-14	2.335002071902539726e-16	1.096508525159424875e-23	1.994981192863938633e-03	5.018803945582969935e-06	6.649229828618431842e-24	4.445172832193848104e-17	8.278711869193978329e-14	5.958112263005700470e-14	7.028396103479390089e-24	5.723117353874524166e-28	1.587999999894065817e-02	6.787498119543147745e-02	2.125018804580699160e-03	1.156497382719145720e-10	2.119999884927449910e-03
4.920000000000000000e+02	2.392303774922710044e-14	2.335002071349022159e-16	1.096508524974412938e-23	1.994981192857502809e-03	5.018803944392765824e-06	6.649229827041578169e-24	4.445172831140110510e-17	8.278711867315085833e-14	5.958112261580389111e-14	7.028396101798918059e-24	5.723117351509448940e-28	1.587999999845746829e-02	6.787498119494950188e-02	2.125018805062700751e-03	1.158847381528764444e-10	2.119999885175645471e-03
4.930000000000000000e+02	2.392303774427594119e-14	2.335002070794716718e-16	1.096508524789139306e-23	1.994981192851066985e-03	5.018803943202560866e-06	6.649229825464723027e-24	4.445172830084873463e-17	8.278711865438927214e-14	5.958112260157729586e-14	7.028396100121572844e-24	5.723117349140514649e-28	1.587999999797427841e-02	6.787498119446752631e-02	2.125018805544702342e-03	1.161197380337825984e-10	2.119999885423841032e-03
4.940000000000000000e+02	2.392303773934971310e-14	2.335002070242845406e-16	1.096508524604674708e-23	1.994981192844631161e-03	5.018803942012355062e-06	6.649229823887867886e-24	4.445172829034268510e-17	8.278711863561171940e-14	5.958112258732958439e-14	7.028396098441742927e-24	5.723117346783506418e-28	1.587999999749108854e-02	6.787498119398555074e-02	2.125018806026703934e-03	1.163547379146330083e-10	2.119999885672036594e-03
4.950000000000000000e+02	2.392303773438816928e-14	2.335002069687525786e-16	1.096508524419063709e-23	1.994981192838195336e-03	5.018803940822150104e-06	6.649229822311017152e-24	4.445172827977101220e-17	8.278711861682833540e-14	5.958112257309571901e-14	7.028396096763536662e-24	5.723117344409600993e-28	1.587999999700789866e-02	6.787498119350357517e-02	2.125018806508705525e-03	1.165897377954275834e-10	2.119999885920232155e-03
4.960000000000000000e+02	2.392303772944995681e-14	2.335002069134485481e-16	1.096508524234210316e-23	1.994981192831759512e-03	5.018803939631945146e-06	6.649229820734163479e-24	4.445172826924270815e-17	8.278711859805410219e-14	5.958112255884897941e-14	7.028396095083818418e-24	5.723117342046859321e-28	1.587999999652470878e-02	6.787498119302159960e-02	2.125018806990707117e-03	1.168247376761663884e-10	2.119999886168427716e-03
4.970000000000000000e+02	2.392303772450614027e-14	2.335002068580896424e-16	1.096508524049175016e-23	1.994981192825323688e-03	5.018803938441739342e-06	6.649229819157309806e-24	4.445172825870397636e-17	8.278711857927065508e-14	5.958112254460995172e-14	7.028396093405009712e-24	5.723117339681440608e-28	1.587999999604151891e-02	6.787498119253962403e-02	2.125018807472708708e-03	1.170597375568495139e-10	2.119999886416623278e-03
4.980000000000000000e+02	2.392303771955150056e-14	2.335002068026251280e-16	1.096508523863788242e-23	1.994981192818887864e-03	5.018803937251532690e-06	6.649229817580454664e-24	4.445172824814513477e-17	8.278711856048411564e-14	5.958112253036125575e-14	7.028396091725057838e-24	5.723117337310838212e-28	1.587999999555832903e-02	6.787498119205764846e-02	2.125018807954710300e-03	1.172947374374768563e-10	2.119999886664818839e-03
4.990000000000000000e+02	2.392303771461661078e-14	2.335002067473534900e-16	1.096508523679042407e-23	1.994981192812452040e-03	5.018803936061328579e-06	6.649229816003602461e-24	4.445172823762298754e-17	8.278711854174437774e-14	5.958112251614201900e-14	7.028396090048583958e-24	5.723117334949686622e-28	1.587999999507513915e-02	6.787498119157567289e-02	2.125018808436711891e-03	1.175297373180484933e-10	2.119999886913014400e-03
5.000000000000000000e+02	2.392303770967104612e-14	2.335002066919776239e-16	1.096508523493950683e-23	1.994981192806016216e-03	5.018803934871122774e-06	6.649229814426748789e-24	4.445172822708101402e-17	8.278711852295155265e-14	5.958112250189732413e-14	7.028396088369103751e-24	5.723117332583429372e-28	1.587999999459194927e-02	6.787498119109369732e-02	2.125018808918713482e-03	1.177647371985643991e-10	2.119999887161209962e-03
5.010000000000000000e+02	2.392303770471077395e-14	2.335002066364581357e-16	1.096508523308381268e-23	1.994981192799580392e-03	5.018803933680916123e-06	6.649229812849896585e-24	4.445172821651170770e-17	8.278711850415384294e-14	5.958112248764893108e-14	7.028396086689185673e-24	5.723117330210132896e-28	1.587999999410875940e-02	6.787498119061172175e-02	2.125018809400715074e-03	1.179997370790252197e-10	2.119999887409405523e-03
5.020000000000000000e+02	2.392303769978585221e-14	2.335002065812837249e-16	1.096508523123958841e-23	1.994981192793144568e-03	5.018803932490712859e-06	6.649229811273042913e-24	4.445172820600809870e-17	8.278711848538242438e-14	5.958112247340096717e-14	7.028396085009327838e-24	5.723117327853753343e-28	1.587999999362556952e-02	6.787498119012974618e-02	2.125018809882716665e-03	1.182347369594299214e-10	2.119999887657601084e-03
5.030000000000000000e+02	2.392303769482575989e-14	2.335002065257660116e-16	1.096508522938395302e-23	1.994981192786708744e-03	5.018803931300506207e-06	6.649229809696189240e-24	4.445172819543911902e-17	8.278711846660406385e-14	5.958112245917071161e-14	7.028396083331547690e-24	5.723117325480542962e-28	1.587999999314237964e-02	6.787498118964777061e-02	2.125018810364718257e-03	1.184697368397786332e-10	2.119999887905796646e-03
5.040000000000000000e+02	2.392303768988900840e-14	2.335002064704761313e-16	1.096508522753589076e-23	1.994981192780272920e-03	5.018803930110301250e-06	6.649229808119337037e-24	4.445172818491351436e-17	8.278711844783489197e-14	5.958112244492756922e-14	7.028396081652257032e-24	5.723117323118499921e-28	1.587999999265918977e-02	6.787498118916579504e-02	2.125018810846719848e-03	1.187047367200716137e-10	2.119999888153992207e-03
5.050000000000000000e+02	2.392303768494663074e-14	2.335002064151313265e-16	1.096508522568600355e-23	1.994981192773837095e-03	5.018803928920095445e-06	6.649229806542478956e-24	4.445172817437746346e-17	8.278711842905643046e-14	5.958112243069216398e-14	7.028396079973872973e-24	5.723117320753767284e-28	1.587999999217599989e-02	6.787498118868381947e-02	2.125018811328721439e-03	1.189397366003088888e-10	2.119999888402187768e-03
5.060000000000000000e+02	2.392303767999344885e-14	2.335002063596810116e-16	1.096508522383260895e-23	1.994981192767401271e-03	5.018803927729890487e-06	6.649229804965626753e-24	4.445172816382132742e-17	8.278711841027491449e-14	5.958112241644705260e-14	7.028396078294347216e-24	5.723117318383862623e-28	1.587999999169281001e-02	6.787498118820184390e-02	2.125018811810723031e-03	1.191747364804904068e-10	2.119999888650383330e-03
5.070000000000000000e+02	2.392303767504535037e-14	2.335002063042803949e-16	1.096508522198086740e-23	1.994981192760965447e-03	5.018803926539685529e-06	6.649229803388771611e-24	4.445172815327464539e-17	8.278711839149118970e-14	5.958112240220691419e-14	7.028396076615403328e-24	5.723117316016391064e-28	1.587999999120962014e-02	6.787498118771986833e-02	2.125018812292724622e-03	1.194097363606161935e-10	2.119999888898578891e-03
5.080000000000000000e+02	2.392303767010175472e-14	2.335002062489237572e-16	1.096508522013058345e-23	1.994981192754529623e-03	5.018803925349479725e-06	6.649229801811916469e-24	4.445172814273632035e-17	8.278711837271295539e-14	5.958112238796242127e-14	7.028396074935948101e-24	5.723117313651077281e-28	1.587999999072643026e-02	6.787498118723789275e-02	2.125018812774726214e-03	1.196447362406871277e-10	2.119999889146774452e-03
5.090000000000000000e+02	2.392303766514545840e-14	2.335002061934430218e-16	1.096508521827618234e-23	1.994981192748093799e-03	5.018803924159273920e-06	6.649229800235064266e-24	4.445172813217439727e-17	8.278711835391399612e-14	5.958112237371445736e-14	7.028396073256082919e-24	5.723117311279682983e-28	1.587999999024324038e-02	6.787498118675591718e-02	2.125018813256727805e-03	1.198797361207015035e-10	2.119999889394970014e-03
5.100000000000000000e+02	2.392303766022170102e-14	2.335002061382800002e-16	1.096508521643233569e-23	1.994981192741657975e-03	5.018803922969068962e-06	6.649229798658209124e-24	4.445172812167295764e-17	8.278711833515210700e-14	5.958112235947158003e-14	7.028396071576824587e-24	5.723117308923859465e-28	1.587999998976005050e-02	6.787498118627394161e-02	2.125018813738729397e-03	1.201147360006600963e-10	2.119999889643165575e-03
5.110000000000000000e+02	2.392303765526304759e-14	2.335002060827763878e-16	1.096508521457716610e-23	1.994981192735222151e-03	5.018803921778864005e-06	6.649229797081356921e-24	4.445172811110665269e-17	8.278711831637874469e-14	5.958112234524490905e-14	7.028396069899469086e-24	5.723117306551335160e-28	1.587999998927686063e-02	6.787498118579196604e-02	2.125018814220730988e-03	1.203497358805629836e-10	2.119999889891361136e-03
5.120000000000000000e+02	2.392303765032773497e-14	2.335002060275005591e-16	1.096508521272957257e-23	1.994981192728786327e-03	5.018803920588658200e-06	6.649229795504503248e-24	4.445172810058374125e-17	8.278711829761459628e-14	5.958112233100538911e-14	7.028396068220601606e-24	5.723117304189984473e-28	1.587999998879367075e-02	6.787498118530999047e-02	2.125018814702732579e-03	1.205847357604101397e-10	2.119999890139556697e-03
5.130000000000000000e+02	2.392303764538681513e-14	2.335002059721700031e-16	1.096508521088015996e-23	1.994981192722350503e-03	5.018803919398452395e-06	6.649229793927649575e-24	4.445172809005038973e-17	8.278711827884115824e-14	5.958112231677359370e-14	7.028396066542645133e-24	5.723117301825946880e-28	1.587999998831048087e-02	6.787498118482801490e-02	2.125018815184734171e-03	1.208197356402015386e-10	2.119999890387752259e-03
5.140000000000000000e+02	2.392303764043508790e-14	2.335002059167338384e-16	1.096508520902723703e-23	1.994981192715914679e-03	5.018803918208248284e-06	6.649229792350795903e-24	4.445172807949695308e-17	8.278711826006466573e-14	5.958112230253211738e-14	7.028396064863546962e-24	5.723117299456739953e-28	1.587999998782729100e-02	6.787498118434603933e-02	2.125018815666735762e-03	1.210547355199372320e-10	2.119999890635947820e-03
5.150000000000000000e+02	2.392303763548842515e-14	2.335002058613472733e-16	1.096508520717595980e-23	1.994981192709478855e-03	5.018803917018042480e-06	6.649229790773940761e-24	4.445172806895294577e-17	8.278711824128593916e-14	5.958112228829557618e-14	7.028396063185026252e-24	5.723117297089957160e-28	1.587999998734410112e-02	6.787498118386406376e-02	2.125018816148737354e-03	1.212897353996171942e-10	2.119999890884143381e-03
5.160000000000000000e+02	2.392303763054853083e-14	2.335002058060266767e-16	1.096508520532687779e-23	1.994981192703043030e-03	5.018803915827835828e-06	6.649229789197088558e-24	4.445172805842149862e-17	8.278711822251098651e-14	5.958112227405302701e-14	7.028396061505804654e-24	5.723117294726411031e-28	1.587999998686091124e-02	6.787498118338208819e-02	2.125018816630738945e-03	1.215247352792414251e-10	2.119999891132338943e-03
5.170000000000000000e+02	2.392303762559124055e-14	2.335002057505363763e-16	1.096508520347215342e-23	1.994981192696607206e-03	5.018803914637631717e-06	6.649229787620237824e-24	4.445172804785774514e-17	8.278711820371877989e-14	5.958112225981025065e-14	7.028396059826547791e-24	5.723117292354540516e-28	1.587999998637772137e-02	6.787498118290011262e-02	2.125018817112740536e-03	1.217597351588099246e-10	2.119999891380534504e-03
5.180000000000000000e+02	2.392303762064346393e-14	2.335002056951389151e-16	1.096508520162051619e-23	1.994981192690171382e-03	5.018803913447426759e-06	6.649229786043381212e-24	4.445172803731164242e-17	8.278711818493794549e-14	5.958112224556570725e-14	7.028396058147089625e-24	5.723117289987225902e-28	1.587999998589453149e-02	6.787498118241813705e-02	2.125018817594742128e-03	1.219947350383226671e-10	2.119999891628730065e-03
5.190000000000000000e+02	2.392303761570117779e-14	2.335002056397949485e-16	1.096508519977065689e-23	1.994981192683735558e-03	5.018803912257219261e-06	6.649229784466527540e-24	4.445172802677576408e-17	8.278711816614932346e-14	5.958112223131935892e-14	7.028396056467415462e-24	5.723117287622535416e-28	1.587999998541134161e-02	6.787498118193616148e-02	2.125018818076743719e-03	1.222297349177797299e-10	2.119999891876925627e-03
5.200000000000000000e+02	2.392303761076616494e-14	2.335002055845220780e-16	1.096508519792316181e-23	1.994981192677299734e-03	5.018803911067015997e-06	6.649229782889672398e-24	4.445172801625340115e-17	8.278711814739320249e-14	5.958112221708245169e-14	7.028396054788860956e-24	5.723117285261324635e-28	1.587999998492815174e-02	6.787498118145418591e-02	2.125018818558745311e-03	1.224647347971810356e-10	2.119999892125121188e-03
5.210000000000000000e+02	2.392303760582668398e-14	2.335002055292055736e-16	1.096508519607421058e-23	1.994981192670863910e-03	5.018803909876810192e-06	6.649229781312818725e-24	4.445172800572272436e-17	8.278711812862476267e-14	5.958112220285424086e-14	7.028396053111324723e-24	5.723117282897975808e-28	1.587999998444496186e-02	6.787498118097221034e-02	2.125018819040746902e-03	1.226997346765266100e-10	2.119999892373316749e-03
5.220000000000000000e+02	2.392303760088320508e-14	2.335002054738499712e-16	1.096508519422396484e-23	1.994981192664428086e-03	5.018803908686605235e-06	6.649229779735965053e-24	4.445172799518461503e-17	8.278711810984637690e-14	5.958112218860962172e-14	7.028396051431857741e-24	5.723117280532716731e-28	1.587999998396177198e-02	6.787498118049023477e-02	2.125018819522748494e-03	1.229347345558164790e-10	2.119999892621512311e-03
5.230000000000000000e+02	2.392303759591992261e-14	2.335002054183010980e-16	1.096508519236729649e-23	1.994981192657992262e-03	5.018803907496398583e-06	6.649229778159111380e-24	4.445172798460971889e-17	8.278711809103802703e-14	5.958112217435403426e-14	7.028396049751088898e-24	5.723117278157979944e-28	1.587999998347858210e-02	6.787498118000825920e-02	2.125018820004750085e-03	1.231697344350505649e-10	2.119999892869707872e-03
5.240000000000000000e+02	2.392303759098086133e-14	2.335002053629887351e-16	1.096508519051848632e-23	1.994981192651556438e-03	5.018803906306193625e-06	6.649229776582259177e-24	4.445172797407983096e-17	8.278711807226851436e-14	5.958112216011489298e-14	7.028396048072269907e-24	5.723117275794833801e-28	1.587999998299539223e-02	6.787498117952628363e-02	2.125018820486751676e-03	1.234047343142289455e-10	2.119999893117903433e-03
5.250000000000000000e+02	2.392303758602500677e-14	2.335002053075124371e-16	1.096508518866422627e-23	1.994981192645120614e-03	5.018803905115988667e-06	6.649229775005405504e-24	4.445172796351873373e-17	8.278711805348129334e-14	5.958112214587571382e-14	7.028396046393436222e-24	5.723117273423652053e-28	1.587999998251220235e-02	6.787498117904430806e-02	2.125018820968753268e-03	1.236397341933515947e-10	2.119999893366098995e-03
5.260000000000000000e+02	2.392303758107867850e-14	2.335002052521290767e-16	1.096508518681305630e-23	1.994981192638684789e-03	5.018803903925783710e-06	6.649229773428551832e-24	4.445172795297534272e-17	8.278711803470546979e-14	5.958112213163476762e-14	7.028396044714401233e-24	5.723117271057027999e-28	1.587999998202901247e-02	6.787498117856233248e-02	2.125018821450754859e-03	1.238747340724185643e-10	2.119999893614294556e-03
5.270000000000000000e+02	2.392303757613783124e-14	2.335002051967992603e-16	1.096508518496366573e-23	1.994981192632248965e-03	5.018803902735577905e-06	6.649229771851696690e-24	4.445172794244212679e-17	8.278711801592182073e-14	5.958112211739199126e-14	7.028396043035150248e-24	5.723117268693027176e-28	1.587999998154582260e-02	6.787498117808035691e-02	2.125018821932756451e-03	1.241097339514297510e-10	2.119999893862490117e-03
5.280000000000000000e+02	2.392303757120425727e-14	2.335002051415402935e-16	1.096508518311663643e-23	1.994981192625813141e-03	5.018803901545373794e-06	6.649229770274841548e-24	4.445172793192243242e-17	8.278711799717067275e-14	5.958112210315869386e-14	7.028396041357017451e-24	5.723117266332504264e-28	1.587999998106263272e-02	6.787498117759838134e-02	2.125018822414758042e-03	1.243447338303852063e-10	2.119999894110685679e-03
5.290000000000000000e+02	2.392303756625537940e-14	2.335002050861319854e-16	1.096508518126463627e-23	1.994981192619377317e-03	5.018803900355167143e-06	6.649229768697989345e-24	4.445172792137428976e-17	8.278711797836483461e-14	5.958112208890491131e-14	7.028396039676466075e-24	5.723117263964659623e-28	1.587999998057944284e-02	6.787498117711640577e-02	2.125018822896759634e-03	1.245797337092849304e-10	2.119999894358881240e-03
5.300000000000000000e+02	2.392303756130549495e-14	2.335002050307140137e-16	1.096508517941231578e-23	1.994981192612941493e-03	5.018803899164961338e-06	6.649229767121135672e-24	4.445172791082429205e-17	8.278711795959961334e-14	5.958112207467020027e-14	7.028396037998162832e-24	5.723117261596335178e-28	1.587999998009625297e-02	6.787498117663443020e-02	2.125018823378761225e-03	1.248147335881289490e-10	2.119999894607076801e-03
5.310000000000000000e+02	2.392303755636172574e-14	2.335002049753556011e-16	1.096508517756197747e-23	1.994981192606505669e-03	5.018803897974755533e-06	6.649229765544280530e-24	4.445172790028565886e-17	8.278711794083090847e-14	5.958112206044084085e-14	7.028396036320495825e-24	5.723117259230937989e-28	1.587999997961306309e-02	6.787498117615245463e-02	2.125018823860762816e-03	1.250497334669172363e-10	2.119999894855272363e-03
5.320000000000000000e+02	2.392303755142472497e-14	2.335002049200633542e-16	1.096508517571383733e-23	1.994981192600069845e-03	5.018803896784550575e-06	6.649229763967431265e-24	4.445172788975959814e-17	8.278711792206597751e-14	5.958112204620552396e-14	7.028396034642120583e-24	5.723117256868776567e-28	1.587999997912987321e-02	6.787498117567047906e-02	2.125018824342764408e-03	1.252847333456497664e-10	2.119999895103467924e-03
5.330000000000000000e+02	2.392303754645870673e-14	2.335002048644877583e-16	1.096508517385627708e-23	1.994981192593634021e-03	5.018803895594345618e-06	6.649229762390574654e-24	4.445172787917961138e-17	8.278711790324262035e-14	5.958112203194048279e-14	7.028396032960243837e-24	5.723117254492731304e-28	1.587999997864668333e-02	6.787498117518850349e-02	2.125018824824765999e-03	1.255197332243265653e-10	2.119999895351663485e-03
5.340000000000000000e+02	2.392303754151356490e-14	2.335002048091159843e-16	1.096508517200549355e-23	1.994981192587198197e-03	5.018803894404140660e-06	6.649229760813720982e-24	4.445172786863841439e-17	8.278711788447183288e-14	5.958112201770299496e-14	7.028396031281617333e-24	5.723117252126674944e-28	1.587999997816349346e-02	6.787498117470652792e-02	2.125018825306767591e-03	1.257547331029476846e-10	2.119999895599859047e-03
5.350000000000000000e+02	2.392303753657415968e-14	2.335002047538001209e-16	1.096508517015656583e-23	1.994981192580762373e-03	5.018803893213934855e-06	6.649229759236867309e-24	4.445172785810787936e-17	8.278711786569318205e-14	5.958112200346381581e-14	7.028396029602786587e-24	5.723117249763360197e-28	1.587999997768030358e-02	6.787498117422455235e-02	2.125018825788769182e-03	1.259897329815130209e-10	2.119999895848054608e-03
5.360000000000000000e+02	2.392303753164200251e-14	2.335002046985552056e-16	1.096508516830999939e-23	1.994981192574326549e-03	5.018803892023729898e-06	6.649229757660013636e-24	4.445172784759082891e-17	8.278711784692943753e-14	5.958112198922664352e-14	7.028396027924196817e-24	5.723117247403517979e-28	1.587999997719711370e-02	6.787498117374257678e-02	2.125018826270770773e-03	1.262247328600226517e-10	2.119999896096250169e-03
5.370000000000000000e+02	2.392303752669459507e-14	2.335002046431612942e-16	1.096508516645847971e-23	1.994981192567890724e-03	5.018803890833524940e-06	6.649229756083159964e-24	4.445172783704541645e-17	8.278711782814624286e-14	5.958112197498394289e-14	7.028396026244956117e-24	5.723117245036378248e-28	1.587999997671392383e-02	6.787498117326060121e-02	2.125018826752772365e-03	1.264597327384765513e-10	2.119999896344445731e-03
5.380000000000000000e+02	2.392303752174617790e-14	2.335002045877574728e-16	1.096508516460663088e-23	1.994981192561454900e-03	5.018803889643318288e-06	6.649229754506306291e-24	4.445172782649814277e-17	8.278711780938605768e-14	5.958112196075287954e-14	7.028396024567084868e-24	5.723117242668754228e-28	1.587999997623073395e-02	6.787498117277862564e-02	2.125018827234773956e-03	1.266947326168747195e-10	2.119999896592641292e-03
5.390000000000000000e+02	2.392303751679258580e-14	2.335002045323032629e-16	1.096508516275310845e-23	1.994981192555019076e-03	5.018803888453113330e-06	6.649229752929452619e-24	4.445172781594124868e-17	8.278711779058083801e-14	5.958112194649774646e-14	7.028396022886373331e-24	5.723117240298654057e-28	1.587999997574754407e-02	6.787498117229665007e-02	2.125018827716775548e-03	1.269297324952171565e-10	2.119999896840836853e-03
5.400000000000000000e+02	2.392303751185642437e-14	2.335002044770191511e-16	1.096508516090523868e-23	1.994981192548583252e-03	5.018803887262908373e-06	6.649229751352600415e-24	4.445172780541674719e-17	8.278711777182133441e-14	5.958112193226581220e-14	7.028396021208400695e-24	5.723117237936897105e-28	1.587999997526435420e-02	6.787498117181467450e-02	2.125018828198777139e-03	1.271647323735038363e-10	2.119999897089032415e-03
5.410000000000000000e+02	2.392303750690346967e-14	2.335002044215710548e-16	1.096508515905191755e-23	1.994981192542147428e-03	5.018803886072702568e-06	6.649229749775745273e-24	4.445172779486103640e-17	8.278711775304414770e-14	5.958112191803381484e-14	7.028396019530420713e-24	5.723117235567101857e-28	1.587999997478116432e-02	6.787498117133269893e-02	2.125018828680778731e-03	1.273997322517348107e-10	2.119999897337227976e-03
5.420000000000000000e+02	2.392303750195888320e-14	2.335002043662047536e-16	1.096508515720131476e-23	1.994981192535711604e-03	5.018803884882497610e-06	6.649229748198888662e-24	4.445172778432088712e-17	8.278711773427728561e-14	5.958112190379989897e-14	7.028396017852211509e-24	5.723117233201310960e-28	1.587999997429797444e-02	6.787498117085072336e-02	2.125018829162780322e-03	1.276347321299100796e-10	2.119999897585423537e-03
5.430000000000000000e+02	2.392303749701026724e-14	2.335002043107990586e-16	1.096508515534940275e-23	1.994981192529275780e-03	5.018803883692292653e-06	6.649229746622034989e-24	4.445172777377323133e-17	8.278711771546359673e-14	5.958112188953504713e-14	7.028396016170358273e-24	5.723117230833591876e-28	1.587999997381478456e-02	6.787498117036874778e-02	2.125018829644781913e-03	1.278697320080295914e-10	2.119999897833619099e-03
5.440000000000000000e+02	2.392303749207949215e-14	2.335002042555675540e-16	1.096508515350328006e-23	1.994981192522839956e-03	5.018803882502087695e-06	6.649229745045184256e-24	4.445172776325874468e-17	8.278711769670485043e-14	5.958112187530135845e-14	7.028396014492179926e-24	5.723117228474411519e-28	1.587999997333159469e-02	6.787498116988677221e-02	2.125018830126783505e-03	1.281047318860933719e-10	2.119999898081814660e-03
5.450000000000000000e+02	2.392303748713352360e-14	2.335002042001876942e-16	1.096508515165222763e-23	1.994981192516404132e-03	5.018803881311881043e-06	6.649229743468327644e-24	4.445172775271601928e-17	8.278711767792661612e-14	5.958112186106226764e-14	7.028396012813359466e-24	5.723117226107957864e-28	1.587999997284840481e-02	6.787498116940479664e-02	2.125018830608785096e-03	1.283397317641014211e-10	2.119999898330010221e-03
5.460000000000000000e+02	2.392303748219336107e-14	2.335002041448644845e-16	1.096508514980305894e-23	1.994981192509968308e-03	5.018803880121676085e-06	6.649229741891475441e-24	4.445172774218406675e-17	8.278711765916455030e-14	5.958112184682806147e-14	7.028396011135119405e-24	5.723117223744284384e-28	1.587999997236521493e-02	6.787498116892282107e-02	2.125018831090786688e-03	1.285747316420537649e-10	2.119999898578205783e-03
5.470000000000000000e+02	2.392303747723441733e-14	2.335002040893579139e-16	1.096508514794779531e-23	1.994981192503532483e-03	5.018803878931470281e-06	6.649229740314620299e-24	4.445172773161721946e-17	8.278711764037120772e-14	5.958112183258324038e-14	7.028396009455624505e-24	5.723117221371622864e-28	1.587999997188202506e-02	6.787498116844084550e-02	2.125018831572788279e-03	1.288097315199503515e-10	2.119999898826401344e-03
5.480000000000000000e+02	2.392303747230539352e-14	2.335002040341435177e-16	1.096508514610224273e-23	1.994981192497096659e-03	5.018803877741264476e-06	6.649229738737766626e-24	4.445172772110599303e-17	8.278711762161677807e-14	5.958112181835022066e-14	7.028396007777528442e-24	5.723117219013281045e-28	1.587999997139883518e-02	6.787498116795886993e-02	2.125018832054789870e-03	1.290447313977912068e-10	2.119999899074596905e-03
5.490000000000000000e+02	2.392303746733618197e-14	2.335002039785368604e-16	1.096508514424364951e-23	1.994981192490660835e-03	5.018803876551059518e-06	6.649229737160914423e-24	4.445172771052008365e-17	8.278711760280816315e-14	5.958112180409853333e-14	7.028396006097216573e-24	5.723117216635708478e-28	1.587999997091564530e-02	6.787498116747689436e-02	2.125018832536791462e-03	1.292797312755769512e-10	2.119999899322792467e-03
5.500000000000000000e+02	2.392303746239429341e-14	2.335002039231967395e-16	1.096508514239391805e-23	1.994981192484225011e-03	5.018803875360854560e-06	6.649229735584062220e-24	4.445172769998492638e-17	8.278711758404251274e-14	5.958112178986678840e-14	7.028396004419268917e-24	5.723117214271207224e-28	1.587999997043245543e-02	6.787498116699491879e-02	2.125018833018793053e-03	1.295147311533066283e-10	2.119999899570988028e-03
5.510000000000000000e+02	2.392303745745777857e-14	2.335002038679092750e-16	1.096508514054593513e-23	1.994981192477789187e-03	5.018803874170649603e-06	6.649229734007207078e-24	4.445172768945977778e-17	8.278711756527385835e-14	5.958112177563480366e-14	7.028396002741287465e-24	5.723117211909279874e-28	1.587999996994926555e-02	6.787498116651294322e-02	2.125018833500794645e-03	1.297497310309803156e-10	2.119999899819183589e-03
5.520000000000000000e+02	2.392303745250251408e-14	2.335002038124386469e-16	1.096508513869186463e-23	1.994981192471353363e-03	5.018803872980444645e-06	6.649229732430353405e-24	4.445172767889977139e-17	8.278711754649784547e-14	5.958112176139792167e-14	7.028396001062731491e-24	5.723117209538379730e-28	1.587999996946607567e-02	6.787498116603096765e-02	2.125018833982796236e-03	1.299847309085982457e-10	2.119999900067379150e-03
5.530000000000000000e+02	2.392303744757210503e-14	2.335002037572107415e-16	1.096508513684586389e-23	1.994981192464917539e-03	5.018803871790237993e-06	6.649229730853498263e-24	4.445172766838596883e-17	8.278711752770580294e-14	5.958112174713979723e-14	7.028395999381673183e-24	5.723117207179373359e-28	1.587999996898288579e-02	6.787498116554899208e-02	2.125018834464797828e-03	1.302197307861604963e-10	2.119999900315574712e-03
5.540000000000000000e+02	2.392303744263339084e-14	2.335002037019016326e-16	1.096508513499716393e-23	1.994981192458481715e-03	5.018803870600033036e-06	6.649229729276646060e-24	4.445172765785671569e-17	8.278711750894877320e-14	5.958112173290911253e-14	7.028395997703846015e-24	5.723117204816391337e-28	1.587999996849969592e-02	6.787498116506701651e-02	2.125018834946799419e-03	1.304547306636669638e-10	2.119999900563770273e-03
5.550000000000000000e+02	2.392303743767589546e-14	2.335002036464092616e-16	1.096508513314237196e-23	1.994981192452045891e-03	5.018803869409827231e-06	6.649229727699790918e-24	4.445172764729256162e-17	8.278711749016041622e-14	5.958112171866792652e-14	7.028395996024778700e-24	5.723117202444425757e-28	1.587999996801650604e-02	6.787498116458504094e-02	2.125018835428801010e-03	1.306897305411177001e-10	2.119999900811965834e-03
5.560000000000000000e+02	2.392303743274831999e-14	2.335002035912089662e-16	1.096508513129728517e-23	1.994981192445610067e-03	5.018803868219622273e-06	6.649229726122935776e-24	4.445172763678402224e-17	8.278711747141101004e-14	5.958112170443851662e-14	7.028395994347105816e-24	5.723117200086772704e-28	1.587999996753331616e-02	6.787498116410306537e-02	2.125018835910802602e-03	1.309247304185127309e-10	2.119999901060161396e-03
5.570000000000000000e+02	2.392303742778095438e-14	2.335002035356203048e-16	1.096508512943929145e-23	1.994981192439174243e-03	5.018803867029416468e-06	6.649229724546082104e-24	4.445172762620153332e-17	8.278711745260263493e-14	5.958112169018897499e-14	7.028395992667055494e-24	5.723117197710084413e-28	1.587999996705012629e-02	6.787498116362108980e-02	2.125018836392804193e-03	1.311597302958520304e-10	2.119999901308356957e-03
5.580000000000000000e+02	2.392303742284187416e-14	2.335002034803076954e-16	1.096508512759047688e-23	1.994981192432738418e-03	5.018803865839212358e-06	6.649229722969229900e-24	4.445172761567161458e-17	8.278711743384840723e-14	5.958112167595936314e-14	7.028395990989356161e-24	5.723117195346927508e-28	1.587999996656693641e-02	6.787498116313911423e-02	2.125018836874805785e-03	1.313947301731355987e-10	2.119999901556552518e-03
5.590000000000000000e+02	2.392303741788981245e-14	2.335002034248684246e-16	1.096508512573744668e-23	1.994981192426302594e-03	5.018803864649006553e-06	6.649229721392373289e-24	4.445172760511756162e-17	8.278711741504270794e-14	5.958112166170585827e-14	7.028395989308835642e-24	5.723117192977561842e-28	1.587999996608374653e-02	6.787498116265713866e-02	2.125018837356807376e-03	1.316297300503642886e-10	2.119999901804748080e-03
5.600000000000000000e+02	2.392303741293935055e-14	2.335002033694446351e-16	1.096508512388493518e-23	1.994981192419866770e-03	5.018803863458800748e-06	6.649229719815521086e-24	4.445172759456648539e-17	8.278711739627099908e-14	5.958112164747105888e-14	7.028395987630523583e-24	5.723117190608959379e-28	1.587999996560055666e-02	6.787498116217516309e-02	2.125018837838808967e-03	1.318647299275363684e-10	2.119999902052943641e-03
5.610000000000000000e+02	2.392303740801040878e-14	2.335002033142309784e-16	1.096508512203940758e-23	1.994981192413430946e-03	5.018803862268596638e-06	6.649229718238670352e-24	4.445172758405538221e-17	8.278711737748398001e-14	5.958112163321653164e-14	7.028395985949891391e-24	5.723117188250653434e-28	1.587999996511736678e-02	6.787498116169318751e-02	2.125018838320810559e-03	1.320997298046527686e-10	2.119999902301139202e-03
5.620000000000000000e+02	2.392303740307313663e-14	2.335002032589359705e-16	1.096508512019117487e-23	1.994981192406995122e-03	5.018803861078390833e-06	6.649229716661815210e-24	4.445172757352880997e-17	8.278711735873193588e-14	5.958112161898944415e-14	7.028395984272485932e-24	5.723117185888362867e-28	1.587999996463417690e-02	6.787498116121121194e-02	2.125018838802812150e-03	1.323347296817134117e-10	2.119999902549334764e-03
5.630000000000000000e+02	2.392303739811707697e-14	2.335002032034577003e-16	1.096508511833685017e-23	1.994981192400559298e-03	5.018803859888184181e-06	6.649229715084958599e-24	4.445172756296734295e-17	8.278711733994860237e-14	5.958112160475185534e-14	7.028395982593846204e-24	5.723117183517081570e-28	1.587999996415098702e-02	6.787498116072923637e-02	2.125018839284813742e-03	1.325697295587183235e-10	2.119999902797530325e-03
5.640000000000000000e+02	2.392303739317050889e-14	2.335002031480719734e-16	1.096508511648560232e-23	1.994981192394123474e-03	5.018803858697980070e-06	6.649229713508106395e-24	4.445172755242350205e-17	8.278711732115563844e-14	5.958112159050604976e-14	7.028395980914238162e-24	5.723117181150342722e-28	1.587999996366779715e-02	6.787498116024726080e-02	2.125018839766815333e-03	1.328047294356675039e-10	2.119999903045725886e-03
5.650000000000000000e+02	2.392303738821313341e-14	2.335002030925808349e-16	1.096508511463085149e-23	1.994981192387687650e-03	5.018803857507774266e-06	6.649229711931255662e-24	4.445172754185957601e-17	8.278711730235964529e-14	5.958112157625056327e-14	7.028395979233481074e-24	5.723117178778434540e-28	1.587999996318460727e-02	6.787498115976528523e-02	2.125018840248816925e-03	1.330397293125609531e-10	2.119999903293921448e-03
5.660000000000000000e+02	2.392303738327551416e-14	2.335002030372824743e-16	1.096508511278250565e-23	1.994981192381251826e-03	5.018803856317568461e-06	6.649229710354401989e-24	4.445172753133235665e-17	8.278711728361046630e-14	5.958112156202451076e-14	7.028395977556206388e-24	5.723117176415979854e-28	1.587999996270141739e-02	6.787498115928330966e-02	2.125018840730818516e-03	1.332747291893986710e-10	2.119999903542117009e-03
5.670000000000000000e+02	2.392303737832836548e-14	2.335002029818911267e-16	1.096508511093107266e-23	1.994981192374816002e-03	5.018803855127364350e-06	6.649229708777546847e-24	4.445172752078745571e-17	8.278711726480923511e-14	5.958112154777323995e-14	7.028395975875950355e-24	5.723117174048962092e-28	1.587999996221822752e-02	6.787498115880133409e-02	2.125018841212820107e-03	1.335097290661806576e-10	2.119999903790312570e-03
5.680000000000000000e+02	2.392303737337592827e-14	2.335002029264481088e-16	1.096508510907792051e-23	1.994981192368380177e-03	5.018803853937158546e-06	6.649229707200693174e-24	4.445172751023270018e-17	8.278711724604320605e-14	5.958112153354347664e-14	7.028395974198231920e-24	5.723117171679416163e-28	1.587999996173503764e-02	6.787498115831935852e-02	2.125018841694821699e-03	1.337447289429069387e-10	2.119999904038508132e-03
5.690000000000000000e+02	2.392303736844841591e-14	2.335002028712484051e-16	1.096508510723285576e-23	1.994981192361944353e-03	5.018803852746953588e-06	6.649229705623839502e-24	4.445172749972425325e-17	8.278711722726118521e-14	5.958112151929255924e-14	7.028395972518024376e-24	5.723117169321792705e-28	1.587999996125184776e-02	6.787498115783738295e-02	2.125018842176823290e-03	1.339797288195774886e-10	2.119999904286703693e-03
5.700000000000000000e+02	2.392303736348577084e-14	2.335002028157058427e-16	1.096508510537639312e-23	1.994981192355508529e-03	5.018803851556746936e-06	6.649229704046985829e-24	4.445172748915055889e-17	8.278711720847160392e-14	5.958112150505606852e-14	7.028395970839509544e-24	5.723117166947363531e-28	1.587999996076865789e-02	6.787498115735540738e-02	2.125018842658824882e-03	1.342147286961922813e-10	2.119999904534899254e-03
5.710000000000000000e+02	2.392303735854609109e-14	2.335002027603872676e-16	1.096508510352738018e-23	1.994981192349072705e-03	5.018803850366541978e-06	6.649229702470132157e-24	4.445172747861949383e-17	8.278711718969468227e-14	5.958112149080554240e-14	7.028395969159344612e-24	5.723117164583916950e-28	1.587999996028546801e-02	6.787498115687343181e-02	2.125018843140826473e-03	1.344497285727513427e-10	2.119999904783094816e-03
5.720000000000000000e+02	2.392303735362142179e-14	2.335002027052153219e-16	1.096508510168323819e-23	1.994981192342636881e-03	5.018803849176336174e-06	6.649229700893278484e-24	4.445172746811635322e-17	8.278711717095525991e-14	5.958112147658326380e-14	7.028395967482512206e-24	5.723117162227659366e-28	1.587999995980227813e-02	6.787498115639145624e-02	2.125018843622828064e-03	1.346847284492546728e-10	2.119999905031290377e-03
5.730000000000000000e+02	2.392303734865694972e-14	2.335002026496549609e-16	1.096508509982618193e-23	1.994981192336201057e-03	5.018803847986132063e-06	6.649229699316426281e-24	4.445172745753924458e-17	8.278711715215688124e-14	5.958112146234095445e-14	7.028395965803312648e-24	5.723117159852353091e-28	1.587999995931908825e-02	6.787498115590948067e-02	2.125018844104829656e-03	1.349197283257023233e-10	2.119999905279485938e-03
5.740000000000000000e+02	2.392303734370644680e-14	2.335002025942307770e-16	1.096508509797365867e-23	1.994981192329765233e-03	5.018803846795925411e-06	6.649229697739568200e-24	4.445172744698808822e-17	8.278711713336333672e-14	5.958112144809408863e-14	7.028395964123576771e-24	5.723117157483730898e-28	1.587999995883589838e-02	6.787498115542750510e-02	2.125018844586831247e-03	1.351547282020942167e-10	2.119999905527681500e-03
5.750000000000000000e+02	2.392303733876317300e-14	2.335002025388771961e-16	1.096508509612348052e-23	1.994981192323329409e-03	5.018803845605720454e-06	6.649229696162714528e-24	4.445172743645037331e-17	8.278711711457532053e-14	5.958112143384130321e-14	7.028395962443147353e-24	5.723117155118568679e-28	1.587999995835270850e-02	6.787498115494552953e-02	2.125018845068832839e-03	1.353897280784303529e-10	2.119999905775877061e-03
5.760000000000000000e+02	2.392303733381218414e-14	2.335002024834484270e-16	1.096508509427080004e-23	1.994981192316893585e-03	5.018803844415515496e-06	6.649229694585860855e-24	4.445172742589832333e-17	8.278711709581432755e-14	5.958112141961512448e-14	7.028395960765849157e-24	5.723117152749716897e-28	1.587999995786951862e-02	6.787498115446355396e-02	2.125018845550834430e-03	1.356247279547107837e-10	2.119999906024072622e-03
5.770000000000000000e+02	2.392303732888612328e-14	2.335002024282629228e-16	1.096508509242620842e-23	1.994981192310457761e-03	5.018803843225309691e-06	6.649229693009007182e-24	4.445172741539258810e-17	8.278711707703734280e-14	5.958112140536782953e-14	7.028395959086070669e-24	5.723117150392790278e-28	1.587999995738632875e-02	6.787498115398157839e-02	2.125018846032836022e-03	1.358597278309354832e-10	2.119999906272268184e-03
5.780000000000000000e+02	2.392303732392473092e-14	2.335002023727325385e-16	1.096508509057015133e-23	1.994981192304021936e-03	5.018803842035104733e-06	6.649229691432153510e-24	4.445172740482119870e-17	8.278711705825450153e-14	5.958112139113435542e-14	7.028395957407908485e-24	5.723117148018957496e-28	1.587999995690313887e-02	6.787498115349960282e-02	2.125018846514837613e-03	1.360947277071044514e-10	2.119999906520463745e-03
5.790000000000000000e+02	2.392303731898669200e-14	2.335002023174299871e-16	1.096508508872167030e-23	1.994981192297586112e-03	5.018803840844899776e-06	6.649229689855301306e-24	4.445172739429319048e-17	8.278711703948086155e-14	5.958112137688801972e-14	7.028395955728240199e-24	5.723117145656298333e-28	1.587999995641994899e-02	6.787498115301762724e-02	2.125018846996839204e-03	1.363297275832176884e-10	2.119999906768659306e-03
5.800000000000000000e+02	2.392303731404347185e-14	2.335002022620769979e-16	1.096508508687150832e-23	1.994981192291150288e-03	5.018803839654693971e-06	6.649229688278446165e-24	4.445172738375557418e-17	8.278711702069704841e-14	5.958112136264961049e-14	7.028395954049502023e-24	5.723117143291160328e-28	1.587999995593675912e-02	6.787498115253565167e-02	2.125018847478840796e-03	1.365647274592751681e-10	2.119999907016854868e-03
5.810000000000000000e+02	2.392303730908864597e-14	2.335002022066107578e-16	1.096508508501758622e-23	1.994981192284714464e-03	5.018803838464488166e-06	6.649229686701592492e-24	4.445172737319641212e-17	8.278711700191124103e-14	5.958112134840115434e-14	7.028395952369581006e-24	5.723117140920474527e-28	1.587999995545356924e-02	6.787498115205367610e-02	2.125018847960842387e-03	1.367997273352778213e-10	2.119999907265050429e-03
5.820000000000000000e+02	2.392303730415382244e-14	2.335002021513396622e-16	1.096508508317014550e-23	1.994981192278278640e-03	5.018803837274284056e-06	6.649229685124740289e-24	4.445172736267438199e-17	8.278711698317277792e-14	5.958112133418225837e-14	7.028395950693145329e-24	5.723117138559353428e-28	1.587999995497037936e-02	6.787498115157170053e-02	2.125018848442843979e-03	1.370347272112238644e-10	2.119999907513245990e-03
5.830000000000000000e+02	2.392303729920842819e-14	2.335002020959654231e-16	1.096508508131928116e-23	1.994981192271842816e-03	5.018803836084078251e-06	6.649229683547886616e-24	4.445172735213271661e-17	8.278711696438052082e-14	5.958112131993796740e-14	7.028395949013712142e-24	5.723117136193175997e-28	1.587999995448718948e-02	6.787498115108972496e-02	2.125018848924845570e-03	1.372697270871141761e-10	2.119999907761441552e-03
5.840000000000000000e+02	2.392303729424839582e-14	2.335002020404482522e-16	1.096508507946366341e-23	1.994981192265406992e-03	5.018803834893872446e-06	6.649229681971030005e-24	4.445172734156386019e-17	8.278711694557884787e-14	5.958112130568837529e-14	7.028395947333655943e-24	5.723117133819996108e-28	1.587999995400399961e-02	6.787498115060774939e-02	2.125018849406847161e-03	1.375047269629487824e-10	2.119999908009637113e-03
5.850000000000000000e+02	2.392303728932352773e-14	2.335002019852744330e-16	1.096508507761945824e-23	1.994981192258971168e-03	5.018803833703668335e-06	6.649229680394179271e-24	4.445172733106033748e-17	8.278711692681240229e-14	5.958112129144232989e-14	7.028395945654022922e-24	5.723117131463639873e-28	1.587999995352080973e-02	6.787498115012577382e-02	2.125018849888848753e-03	1.377397268387276315e-10	2.119999908257832674e-03
5.860000000000000000e+02	2.392303728436358056e-14	2.335002019297580510e-16	1.096508507576387428e-23	1.994981192252535344e-03	5.018803832513462531e-06	6.649229678817327068e-24	4.445172732049164129e-17	8.278711690803458450e-14	5.958112127721245298e-14	7.028395943976288324e-24	5.723117129090498548e-28	1.587999995303761985e-02	6.787498114964379825e-02	2.125018850370850344e-03	1.379747267144507494e-10	2.119999908506028236e-03
5.870000000000000000e+02	2.392303727942698053e-14	2.335002018744697483e-16	1.096508507391586198e-23	1.994981192246099520e-03	5.018803831323255879e-06	6.649229677240470456e-24	4.445172730996632629e-17	8.278711688926595535e-14	5.958112126296972711e-14	7.028395942297047624e-24	5.723117126728529048e-28	1.587999995255442998e-02	6.787498114916182268e-02	2.125018850852851936e-03	1.382097265901181359e-10	2.119999908754223797e-03
5.880000000000000000e+02	2.392303727448477011e-14	2.335002018191265213e-16	1.096508507206602473e-23	1.994981192239663696e-03	5.018803830133050921e-06	6.649229675663618253e-24	4.445172729943056505e-17	8.278711687048802396e-14	5.958112124873470052e-14	7.028395940618707647e-24	5.723117124363877126e-28	1.587999995207124010e-02	6.787498114867984711e-02	2.125018851334853527e-03	1.384447264657298171e-10	2.119999909002419358e-03
5.890000000000000000e+02	2.392303726953173652e-14	2.335002017636777348e-16	1.096508507021268303e-23	1.994981192233227871e-03	5.018803828942845963e-06	6.649229674086763111e-24	4.445172728887473100e-17	8.278711685170707596e-14	5.958112123449000565e-14	7.028395938939225970e-24	5.723117121994043314e-28	1.587999995158805022e-02	6.787498114819787154e-02	2.125018851816855119e-03	1.386797263412857410e-10	2.119999909250614920e-03
5.900000000000000000e+02	2.392303726458380529e-14	2.335002017082787944e-16	1.096508506836099437e-23	1.994981192226792047e-03	5.018803827752640159e-06	6.649229672509909439e-24	4.445172727832834478e-17	8.278711683292389391e-14	5.958112122025027114e-14	7.028395937260330572e-24	5.723117119626653366e-28	1.587999995110486035e-02	6.787498114771589597e-02	2.125018852298856710e-03	1.389147262167859596e-10	2.119999909498810481e-03
5.910000000000000000e+02	2.392303725964378475e-14	2.335002016529569652e-16	1.096508506651186975e-23	1.994981192220356223e-03	5.018803826562436895e-06	6.649229670933055766e-24	4.445172726779666343e-17	8.278711681414557125e-14	5.958112120600476848e-14	7.028395935580760733e-24	5.723117117263046252e-28	1.587999995062167047e-02	6.787498114723392040e-02	2.125018852780858301e-03	1.391497260922304210e-10	2.119999909747006042e-03
5.920000000000000000e+02	2.392303725468424779e-14	2.335002015974446754e-16	1.096508506465641510e-23	1.994981192213920399e-03	5.018803825372230243e-06	6.649229669356203563e-24	4.445172725722873762e-17	8.278711679534784891e-14	5.958112119175859686e-14	7.028395933901105672e-24	5.723117114890103127e-28	1.587999995013848059e-02	6.787498114675194483e-02	2.125018853262859893e-03	1.393847259676191769e-10	2.119999909995201604e-03
5.930000000000000000e+02	2.392303724976064187e-14	2.335002015422831329e-16	1.096508506281261989e-23	1.994981192207484575e-03	5.018803824182025286e-06	6.649229667779348421e-24	4.445172724672756300e-17	8.278711677658650253e-14	5.958112117751612343e-14	7.028395932221894359e-24	5.723117112534351356e-28	1.587999994965529071e-02	6.787498114626996926e-02	2.125018853744861484e-03	1.396197258429522015e-10	2.119999910243397165e-03
5.940000000000000000e+02	2.392303724480214937e-14	2.335002014867809503e-16	1.096508506095750319e-23	1.994981192201048751e-03	5.018803822991819481e-06	6.649229666202494748e-24	4.445172723616154771e-17	8.278711675781368296e-14	5.958112116328986897e-14	7.028395930544584409e-24	5.723117110161907766e-28	1.587999994917210084e-02	6.787498114578799369e-02	2.125018854226863076e-03	1.398547257182294691e-10	2.119999910491592726e-03
5.950000000000000000e+02	2.392303723986699768e-14	2.335002014315067486e-16	1.096508505910995962e-23	1.994981192194612927e-03	5.018803821801613676e-06	6.649229664625639606e-24	4.445172722563894442e-17	8.278711673905007728e-14	5.958112114905074031e-14	7.028395928865765417e-24	5.723117107800632413e-28	1.587999994868891096e-02	6.787498114530601812e-02	2.125018854708864667e-03	1.400897255934510311e-10	2.119999910739788287e-03
5.960000000000000000e+02	2.392303723492622615e-14	2.335002013761776224e-16	1.096508505726059550e-23	1.994981192188177103e-03	5.018803820611407871e-06	6.649229663048785934e-24	4.445172721510586407e-17	8.278711672027714411e-14	5.958112113481931092e-14	7.028395927187853026e-24	5.723117105436667463e-28	1.587999994820572108e-02	6.787498114482404254e-02	2.125018855190866258e-03	1.403247254686168619e-10	2.119999910987983849e-03
5.970000000000000000e+02	2.392303722997464406e-14	2.335002013207429861e-16	1.096508505540772106e-23	1.994981192181741279e-03	5.018803819421203761e-06	6.649229661471933730e-24	4.445172720455269858e-17	8.278711670150118172e-14	5.958112112057821326e-14	7.028395925508798936e-24	5.723117103067526902e-28	1.587999994772253121e-02	6.787498114434206697e-02	2.125018855672867850e-03	1.405597253437269355e-10	2.119999911236179410e-03
5.980000000000000000e+02	2.392303722502815487e-14	2.335002012653579987e-16	1.096508505355649819e-23	1.994981192175305455e-03	5.018803818230997956e-06	6.649229659895078588e-24	4.445172719400901176e-17	8.278711668272303575e-14	5.958112110634207595e-14	7.028395923830326715e-24	5.723117100700828411e-28	1.587999994723934133e-02	6.787498114386009140e-02	2.125018856154869441e-03	1.407947252187813037e-10	2.119999911484374971e-03
5.990000000000000000e+02	2.392303722008841516e-14	2.335002012100390292e-16	1.096508505170746762e-23	1.994981192168869630e-03	5.018803817040792151e-06	6.649229658318224916e-24	4.445172718347786658e-17	8.278711666394867632e-14	5.958112109209994331e-14	7.028395922151152137e-24	5.723117098337357615e-28	1.587999994675615145e-02	6.787498114337811583e-02	2.125018856636871033e-03	1.410297250937799406e-10	2.119999911732570533e-03
6.000000000000000000e+02	2.392303721513129212e-14	2.335002011545503066e-16	1.096508504985279761e-23	1.994981192162433806e-03	5.018803815850588041e-06	6.649229656741372713e-24	4.445172717291440276e-17	8.278711664515703769e-14	5.958112107785757084e-14	7.028395920471945233e-24	5.723117095965568712e-28	1.587999994627296158e-02	6.787498114289614026e-02	2.125018857118872624e-03	1.412647249687228720e-10	2.119999911980766094e-03
6.010000000000000000e+02	2.392303721018368905e-14	2.335002010991545216e-16	1.096508504800121474e-23	1.994981192155997982e-03	5.018803814660382236e-06	6.649229655164519040e-24	4.445172716236864517e-17	8.278711662637675864e-14	5.958112106361346920e-14	7.028395918792535555e-24	5.723117093598333916e-28	1.587999994578977170e-02	6.787498114241416469e-02	2.125018857600874216e-03	1.414997248436100463e-10	2.119999912228961655e-03
6.020000000000000000e+02	2.392303720524156383e-14	2.335002010438121821e-16	1.096508504615140688e-23	1.994981192149562158e-03	5.018803813470176431e-06	6.649229653587663898e-24	4.445172715183305650e-17	8.278711660758870459e-14	5.958112104936749953e-14	7.028395917112909881e-24	5.723117091233719661e-28	1.587999994530658182e-02	6.787498114193218912e-02	2.125018858082875807e-03	1.417347247184414635e-10	2.119999912477157217e-03
6.030000000000000000e+02	2.392303720030667089e-14	2.335002009885403962e-16	1.096508504430395146e-23	1.994981192143126334e-03	5.018803812279971473e-06	6.649229652010810225e-24	4.445172714131090927e-17	8.278711658881549374e-14	5.958112103512347362e-14	7.028395915433514898e-24	5.723117088872568070e-28	1.587999994482339194e-02	6.787498114145021355e-02	2.125018858564877398e-03	1.419697245932171752e-10	2.119999912725352778e-03
6.040000000000000000e+02	2.392303719535653084e-14	2.335002009331198115e-16	1.096508504245154428e-23	1.994981192136690510e-03	5.018803811089765669e-06	6.649229650433956553e-24	4.445172713076043084e-17	8.278711657002283274e-14	5.958112102087400772e-14	7.028395913753471923e-24	5.723117086504121656e-28	1.587999994434020207e-02	6.787498114096823798e-02	2.125018859046878990e-03	1.422047244679371814e-10	2.119999912973548339e-03
6.050000000000000000e+02	2.392303719040538106e-14	2.335002008776894646e-16	1.096508504059880943e-23	1.994981192130254686e-03	5.018803809899560711e-06	6.649229648857104350e-24	4.445172712020808503e-17	8.278711655125319385e-14	5.958112100663612861e-14	7.028395912074795460e-24	5.723117084135189160e-28	1.587999994385701219e-02	6.787498114048626241e-02	2.125018859528880581e-03	1.424397243426014306e-10	2.119999913221743901e-03
6.060000000000000000e+02	2.392303718546033705e-14	2.335002008223186274e-16	1.096508503874805676e-23	1.994981192123818862e-03	5.018803808709355753e-06	6.649229647280250677e-24	4.445172710966707293e-17	8.278711653248005873e-14	5.958112099240357589e-14	7.028395910396747887e-24	5.723117081769181229e-28	1.587999994337382231e-02	6.787498114000428684e-02	2.125018860010882173e-03	1.426747242172099484e-10	2.119999913469939462e-03
6.070000000000000000e+02	2.392303718052205201e-14	2.335002007670138080e-16	1.096508503689950226e-23	1.994981192117383038e-03	5.018803807519149949e-06	6.649229645703394066e-24	4.445172709913863330e-17	8.278711651371073539e-14	5.958112097816507831e-14	7.028395908718002364e-24	5.723117079406406374e-28	1.587999994289063244e-02	6.787498113952231127e-02	2.125018860492883764e-03	1.429097240917627349e-10	2.119999913718135023e-03
6.080000000000000000e+02	2.392303717556637732e-14	2.335002007115391863e-16	1.096508503504529805e-23	1.994981192110947214e-03	5.018803806328944991e-06	6.649229644126541862e-24	4.445172708857785654e-17	8.278711649492408235e-14	5.958112096392629043e-14	7.028395907039218637e-24	5.723117077035308927e-28	1.587999994240744256e-02	6.787498113904033570e-02	2.125018860974885355e-03	1.431447239662598160e-10	2.119999913966330585e-03
6.090000000000000000e+02	2.392303717062021313e-14	2.335002006561573544e-16	1.096508503319418097e-23	1.994981192104511390e-03	5.018803805138740033e-06	6.649229642549688190e-24	4.445172707803475520e-17	8.278711647614880153e-14	5.958112094968577337e-14	7.028395905360232138e-24	5.723117074668762898e-28	1.587999994192425268e-02	6.787498113855836013e-02	2.125018861456886947e-03	1.433797238407011400e-10	2.119999914214526146e-03
6.100000000000000000e+02	2.392303716567952679e-14	2.335002006008291650e-16	1.096508503134484330e-23	1.994981192098075565e-03	5.018803803948533381e-06	6.649229640972834517e-24	4.445172706750184741e-17	8.278711645736573308e-14	5.958112093544338829e-14	7.028395903681029642e-24	5.723117072304837409e-28	1.587999994144106281e-02	6.787498113807638456e-02	2.125018861938888538e-03	1.436147237150867585e-10	2.119999914462721707e-03
6.110000000000000000e+02	2.392303716074607904e-14	2.335002005455715786e-16	1.096508502949785368e-23	1.994981192091639741e-03	5.018803802758328424e-06	6.649229639395979375e-24	4.445172705698239957e-17	8.278711643859753308e-14	5.958112092120299744e-14	7.028395902002059306e-24	5.723117069944378172e-28	1.587999994095787293e-02	6.787498113759440899e-02	2.125018862420890130e-03	1.438497235894166457e-10	2.119999914710917269e-03
6.120000000000000000e+02	2.392303715579739366e-14	2.335002004901651441e-16	1.096508502764591669e-23	1.994981192085203917e-03	5.018803801568123466e-06	6.649229637819127172e-24	4.445172704643461436e-17	8.278711641980987030e-14	5.958112090695711613e-14	7.028395900322440978e-24	5.723117067576626802e-28	1.587999994047468305e-02	6.787498113711243342e-02	2.125018862902891721e-03	1.440847234636907757e-10	2.119999914959112830e-03
6.130000000000000000e+02	2.392303715084768591e-14	2.335002004347487502e-16	1.096508502579365498e-23	1.994981192078768093e-03	5.018803800377917661e-06	6.649229636242273499e-24	4.445172703588492479e-17	8.278711640104522963e-14	5.958112089272283422e-14	7.028395898644190632e-24	5.723117065208383968e-28	1.587999993999149317e-02	6.787498113663045785e-02	2.125018863384893313e-03	1.443197233379091745e-10	2.119999915207308391e-03
6.140000000000000000e+02	2.392303714589280639e-14	2.335002003792819678e-16	1.096508502393971084e-23	1.994981192072332269e-03	5.018803799187712704e-06	6.649229634665419827e-24	4.445172702532565796e-17	8.278711638223557972e-14	5.958112087846452046e-14	7.028395896963101467e-24	5.723117062837672159e-28	1.587999993950830330e-02	6.787498113614848227e-02	2.125018863866894904e-03	1.445547232120718420e-10	2.119999915455503953e-03
6.150000000000000000e+02	2.392303714095536385e-14	2.335002003239853821e-16	1.096508502209142377e-23	1.994981192065896445e-03	5.018803797997508593e-06	6.649229633088569093e-24	4.445172701479876524e-17	8.278711636347160801e-14	5.958112086422936765e-14	7.028395895284752674e-24	5.723117060475298187e-28	1.587999993902511342e-02	6.787498113566650670e-02	2.125018864348896495e-03	1.447897230861788299e-10	2.119999915703699514e-03
6.160000000000000000e+02	2.392303713600113119e-14	2.335002002685248120e-16	1.096508502023769269e-23	1.994981192059460621e-03	5.018803796807302788e-06	6.649229631511713951e-24	4.445172700424068170e-17	8.278711634468999106e-14	5.958112084999420223e-14	7.028395893606395064e-24	5.723117058104893094e-28	1.587999993854192354e-02	6.787498113518453113e-02	2.125018864830898087e-03	1.450247229602300606e-10	2.119999915951895075e-03
6.170000000000000000e+02	2.392303713105641220e-14	2.335002002131572782e-16	1.096508501838704728e-23	1.994981192053024797e-03	5.018803795617096136e-06	6.649229629934857340e-24	4.445172699370028590e-17	8.278711632591974633e-14	5.958112083575729499e-14	7.028395891927834681e-24	5.723117055739038521e-28	1.587999993805873367e-02	6.787498113470255556e-02	2.125018865312899678e-03	1.452597228342255342e-10	2.119999916200090637e-03
6.180000000000000000e+02	2.392303712611717736e-14	2.335002001578430910e-16	1.096508501653817833e-23	1.994981192046588973e-03	5.018803794426891179e-06	6.649229628358005136e-24	4.445172698317007134e-17	8.278711630714170134e-14	5.958112082151853236e-14	7.028395890249056832e-24	5.723117053375809870e-28	1.587999993757554379e-02	6.787498113422057999e-02	2.125018865794901270e-03	1.454947227081653024e-10	2.119999916448286198e-03
6.190000000000000000e+02	2.392303712118519374e-14	2.335002001025997535e-16	1.096508501469166332e-23	1.994981192040153149e-03	5.018803793236686221e-06	6.649229626781151464e-24	4.445172697265334136e-17	8.278711628837856267e-14	5.958112080728176396e-14	7.028395888570517021e-24	5.723117051016048367e-28	1.587999993709235391e-02	6.787498113373860442e-02	2.125018866276902861e-03	1.457297225820493392e-10	2.119999916696481759e-03
6.200000000000000000e+02	2.392303711623795670e-14	2.335002000472075185e-16	1.096508501284019506e-23	1.994981192033717324e-03	5.018803792046480416e-06	6.649229625204299261e-24	4.445172696210823705e-17	8.278711626959588549e-14	5.958112079303949248e-14	7.028395886891324810e-24	5.723117048648987557e-28	1.587999993660916404e-02	6.787498113325662885e-02	2.125018866758904452e-03	1.459647224558776448e-10	2.119999916944677321e-03
6.210000000000000000e+02	2.392303711129650044e-14	2.335001999918717363e-16	1.096508501099060907e-23	1.994981192027281500e-03	5.018803790856275459e-06	6.649229623627444119e-24	4.445172695157391178e-17	8.278711625082941467e-14	5.958112077880206775e-14	7.028395885212707122e-24	5.723117046284698852e-28	1.587999993612597416e-02	6.787498113277465328e-02	2.125018867240906044e-03	1.461997223296502191e-10	2.119999917192872882e-03
6.220000000000000000e+02	2.392303710633627875e-14	2.335001999363527904e-16	1.096508500913493255e-23	1.994981192020845676e-03	5.018803789666070501e-06	6.649229622050590446e-24	4.445172694100469174e-17	8.278711623203164185e-14	5.958112076455410384e-14	7.028395883532836064e-24	5.723117043911424796e-28	1.587999993564278428e-02	6.787498113229267771e-02	2.125018867722907635e-03	1.464347222033670362e-10	2.119999917441068443e-03
6.230000000000000000e+02	2.392303710140028456e-14	2.335001998810702564e-16	1.096508500728711714e-23	1.994981192014409852e-03	5.018803788475864696e-06	6.649229620473735304e-24	4.445172693048049841e-17	8.278711621327273147e-14	5.958112075032261135e-14	7.028395881854917795e-24	5.723117041549744972e-28	1.587999993515959440e-02	6.787498113181070214e-02	2.125018868204909227e-03	1.466697220770281737e-10	2.119999917689264005e-03
6.240000000000000000e+02	2.392303709643588191e-14	2.335001998255103884e-16	1.096508500543008145e-23	1.994981192007974028e-03	5.018803787285658891e-06	6.649229618896883101e-24	4.445172691990350686e-17	8.278711619445496576e-14	5.958112073606160915e-14	7.028395880173509777e-24	5.723117039174475467e-28	1.587999993467640453e-02	6.787498113132872657e-02	2.125018868686910818e-03	1.469047219506335541e-10	2.119999917937459566e-03
6.250000000000000000e+02	2.392303709149236198e-14	2.335001997701544902e-16	1.096508500357982689e-23	1.994981192001538204e-03	5.018803786095453934e-06	6.649229617320027959e-24	4.445172690936533589e-17	8.278711617568979498e-14	5.958112072182817290e-14	7.028395878495360818e-24	5.723117036809193970e-28	1.587999993419321465e-02	6.787498113084675100e-02	2.125018869168912410e-03	1.471397218241832032e-10	2.119999918185655127e-03
6.260000000000000000e+02	2.392303708655457865e-14	2.335001997148546012e-16	1.096508500173142962e-23	1.994981191995102380e-03	5.018803784905248976e-06	6.649229615743174286e-24	4.445172689883782071e-17	8.278711615691677346e-14	5.958112070759303272e-14	7.028395876817012024e-24	5.723117034446658569e-28	1.587999993371002477e-02	6.787498113036477543e-02	2.125018869650914001e-03	1.473747216976771210e-10	2.119999918433850689e-03
6.270000000000000000e+02	2.392303708162403707e-14	2.335001996596253646e-16	1.096508499988538186e-23	1.994981191988666556e-03	5.018803783715044865e-06	6.649229614166322083e-24	4.445172688832376547e-17	8.278711613815862039e-14	5.958112069335987415e-14	7.028395875138895391e-24	5.723117032087587626e-28	1.587999993322683490e-02	6.787498112988279986e-02	2.125018870132915592e-03	1.476097215711153334e-10	2.119999918682046250e-03
6.280000000000000000e+02	2.392303707667823891e-14	2.335001996042471318e-16	1.096508499803438674e-23	1.994981191982230732e-03	5.018803782524838214e-06	6.649229612589466941e-24	4.445172687778134205e-17	8.278711611938095406e-14	5.958112067912118725e-14	7.028395873460124888e-24	5.723117029721216479e-28	1.587999993274364502e-02	6.787498112940082429e-02	2.125018870614917184e-03	1.478447214444977886e-10	2.119999918930241811e-03
6.290000000000000000e+02	2.392303707173823731e-14	2.335001995489254998e-16	1.096508499618526654e-23	1.994981191975794908e-03	5.018803781334633256e-06	6.649229611012613268e-24	4.445172686724969151e-17	8.278711610061946884e-14	5.958112066488737235e-14	7.028395871781933317e-24	5.723117027357620126e-28	1.587999993226045514e-02	6.787498112891884872e-02	2.125018871096918775e-03	1.480797213178245125e-10	2.119999919178437373e-03
6.300000000000000000e+02	2.392303706677946397e-14	2.335001994934207042e-16	1.096508499433006315e-23	1.994981191969359084e-03	5.018803780144428298e-06	6.649229609435759596e-24	4.445172685668318935e-17	8.278711608182674472e-14	5.958112065064299302e-14	7.028395870102489844e-24	5.723117024985042012e-28	1.587999993177726527e-02	6.787498112843687315e-02	2.125018871578920367e-03	1.483147211910955051e-10	2.119999919426632934e-03
6.310000000000000000e+02	2.392303706185060739e-14	2.335001994382079350e-16	1.096508499248456053e-23	1.994981191962923259e-03	5.018803778954222493e-06	6.649229607858905923e-24	4.445172684617227722e-17	8.278711606307288306e-14	5.958112063641041506e-14	7.028395868424440802e-24	5.723117022626779114e-28	1.587999993129407539e-02	6.787498112795489758e-02	2.125018872060921958e-03	1.485497210643107923e-10	2.119999919674828495e-03
6.320000000000000000e+02	2.392303705688196067e-14	2.335001993826067011e-16	1.096508499062614951e-23	1.994981191956487435e-03	5.018803777764016689e-06	6.649229606282050781e-24	4.445172683558739706e-17	8.278711604426005246e-14	5.958112062215770536e-14	7.028395866744014322e-24	5.723117020249474700e-28	1.587999993081088551e-02	6.787498112747292200e-02	2.125018872542923550e-03	1.487847209374703482e-10	2.119999919923024057e-03
6.330000000000000000e+02	2.392303705194160881e-14	2.335001993272816672e-16	1.096508498877691910e-23	1.994981191950051611e-03	5.018803776573811731e-06	6.649229604705200047e-24	4.445172682505510558e-17	8.278711602550145762e-14	5.958112060792492545e-14	7.028395865065938831e-24	5.723117017885709743e-28	1.587999993032769563e-02	6.787498112699094643e-02	2.125018873024925141e-03	1.490197208105741470e-10	2.119999920171219618e-03
6.340000000000000000e+02	2.392303704699174329e-14	2.335001992718637448e-16	1.096508498692460449e-23	1.994981191943615787e-03	5.018803775383606773e-06	6.649229603128346375e-24	4.445172681450513251e-17	8.278711600669079797e-14	5.958112059366686412e-14	7.028395863384887870e-24	5.723117015517394266e-28	1.587999992984450576e-02	6.787498112650897086e-02	2.125018873506926732e-03	1.492547206836222144e-10	2.119999920419415179e-03
6.350000000000000000e+02	2.392303704203578776e-14	2.335001992163864607e-16	1.096508498507031358e-23	1.994981191937179963e-03	5.018803774193400969e-06	6.649229601551492702e-24	4.445172680394384422e-17	8.278711598791271512e-14	5.958112057943168607e-14	7.028395861706525852e-24	5.723117013146164985e-28	1.587999992936131588e-02	6.787498112602699529e-02	2.125018873988928324e-03	1.494897205566146023e-10	2.119999920667610740e-03
6.360000000000000000e+02	2.392303703710633796e-14	2.335001991611678244e-16	1.096508498322461994e-23	1.994981191930744139e-03	5.018803773003196858e-06	6.649229599974640499e-24	4.445172679343181660e-17	8.278711596912385327e-14	5.958112056517260238e-14	7.028395860025358811e-24	5.723117010787615101e-28	1.587999992887812600e-02	6.787498112554501972e-02	2.125018874470929915e-03	1.497247204295512071e-10	2.119999920915806302e-03
6.370000000000000000e+02	2.392303703216779417e-14	2.335001991058604905e-16	1.096508498137597728e-23	1.994981191924308315e-03	5.018803771812991053e-06	6.649229598397785357e-24	4.445172678290289010e-17	8.278711595036741676e-14	5.958112055094234682e-14	7.028395858347581601e-24	5.723117008424715587e-28	1.587999992839493613e-02	6.787498112506304415e-02	2.125018874952931507e-03	1.499597203024321066e-10	2.119999921164001863e-03
6.380000000000000000e+02	2.392303702721046602e-14	2.335001990503696972e-16	1.096508497952123822e-23	1.994981191917872491e-03	5.018803770622785248e-06	6.649229596820930215e-24	4.445172677233905034e-17	8.278711593157967825e-14	5.958112053670157733e-14	7.028395856668562776e-24	5.723117006052829826e-28	1.587999992791174625e-02	6.787498112458106858e-02	2.125018875434933098e-03	1.501947201752572488e-10	2.119999921412197424e-03
6.390000000000000000e+02	2.392303702228306410e-14	2.335001989951710782e-16	1.096508497767620726e-23	1.994981191911436667e-03	5.018803769432580291e-06	6.649229595244079481e-24	4.445172676183082527e-17	8.278711591283084005e-14	5.958112052247257132e-14	7.028395854990942789e-24	5.723117003695260178e-28	1.587999992742855637e-02	6.787498112409909301e-02	2.125018875916934689e-03	1.504297200480266857e-10	2.119999921660392986e-03
6.400000000000000000e+02	2.392303701731587204e-14	2.335001989395840931e-16	1.096508497581826938e-23	1.994981191905000843e-03	5.018803768242373639e-06	6.649229593667221400e-24	4.445172675124865066e-17	8.278711589402304554e-14	5.958112050822348408e-14	7.028395853310940956e-24	5.723117001318655292e-28	1.587999992694536650e-02	6.787498112361711744e-02	2.125018876398936281e-03	1.506647199207403912e-10	2.119999921908588547e-03
6.410000000000000000e+02	2.392303701237696537e-14	2.335001988842731600e-16	1.096508497396950917e-23	1.994981191898565018e-03	5.018803767052168681e-06	6.649229592090369197e-24	4.445172674071905239e-17	8.278711587526944893e-14	5.958112049399431399e-14	7.028395851633293051e-24	5.723116998955579999e-28	1.587999992646217662e-02	6.787498112313514187e-02	2.125018876880937872e-03	1.508997197933983655e-10	2.119999922156784108e-03
6.420000000000000000e+02	2.392303700742854504e-14	2.335001988288693879e-16	1.096508497211766035e-23	1.994981191892129194e-03	5.018803765861963723e-06	6.649229590513514055e-24	4.445172673017176639e-17	8.278711585646380012e-14	5.958112047973986249e-14	7.028395849952665268e-24	5.723116996587957773e-28	1.587999992597898674e-02	6.787498112265316630e-02	2.125018877362939464e-03	1.511347196660006343e-10	2.119999922404979670e-03
6.430000000000000000e+02	2.392303700247404102e-14	2.335001987734062047e-16	1.096508497026383670e-23	1.994981191885693370e-03	5.018803764671758766e-06	6.649229588936661852e-24	4.445172671961317748e-17	8.278711583769075335e-14	5.958112046550829427e-14	7.028395848274730836e-24	5.723116994217420845e-28	1.587999992549579686e-02	6.787498112217119073e-02	2.125018877844941055e-03	1.513697195385471459e-10	2.119999922653175231e-03
6.440000000000000000e+02	2.392303699754603957e-14	2.335001987182018171e-16	1.096508496841861620e-23	1.994981191879257546e-03	5.018803763481552961e-06	6.649229587359806710e-24	4.445172670910384924e-17	8.278711581890695283e-14	5.958112045125285827e-14	7.028395846593988442e-24	5.723116991859566902e-28	1.587999992501260699e-02	6.787498112168921516e-02	2.125018878326942647e-03	1.516047194110379004e-10	2.119999922901370792e-03
6.450000000000000000e+02	2.392303699260895675e-14	2.335001986629085841e-16	1.096508496657044667e-23	1.994981191872821722e-03	5.018803762291348850e-06	6.649229585782954507e-24	4.445172669857762212e-17	8.278711580015551455e-14	5.958112043702619992e-14	7.028395844916640288e-24	5.723116989497364225e-28	1.587999992452941711e-02	6.787498112120723959e-02	2.125018878808944238e-03	1.518397192834729495e-10	2.119999923149566354e-03
6.460000000000000000e+02	2.392303698765307379e-14	2.335001986074320396e-16	1.096508496471617780e-23	1.994981191866385898e-03	5.018803761101143046e-06	6.649229584206099365e-24	4.445172668801647558e-17	8.278711578137278688e-14	5.958112042278905287e-14	7.028395843238049049e-24	5.723116987126169921e-28	1.587999992404622723e-02	6.787498112072526402e-02	2.125018879290945829e-03	1.520747191558522931e-10	2.119999923397761915e-03
6.470000000000000000e+02	2.392303698270710840e-14	2.335001985520521798e-16	1.096508496286512685e-23	1.994981191859950074e-03	5.018803759910937241e-06	6.649229582629247162e-24	4.445172667747375018e-17	8.278711576257953266e-14	5.958112040854391624e-14	7.028395841558517414e-24	5.723116984759718956e-28	1.587999992356303736e-02	6.787498112024328845e-02	2.125018879772947421e-03	1.523097190281758796e-10	2.119999923645957476e-03
6.480000000000000000e+02	2.392303697774948049e-14	2.335001984965585761e-16	1.096508496101029080e-23	1.994981191853514250e-03	5.018803758720732283e-06	6.649229581052393489e-24	4.445172666690936192e-17	8.278711574378506674e-14	5.958112039428863170e-14	7.028395839877789714e-24	5.723116982387690598e-28	1.587999992307984748e-02	6.787498111976131288e-02	2.125018880254949012e-03	1.525447189004437348e-10	2.119999923894153038e-03
6.490000000000000000e+02	2.392303697281204426e-14	2.335001984412619905e-16	1.096508495916200814e-23	1.994981191847078426e-03	5.018803757530526478e-06	6.649229579475538347e-24	4.445172665638247536e-17	8.278711572503650622e-14	5.958112038006305882e-14	7.028395838200563517e-24	5.723116980025320214e-28	1.587999992259665760e-02	6.787498111927933730e-02	2.125018880736950604e-03	1.527797187726558587e-10	2.119999924142348599e-03
6.500000000000000000e+02	2.392303696786507543e-14	2.335001983858723192e-16	1.096508495731063098e-23	1.994981191840642602e-03	5.018803756340321521e-06	6.649229577898684674e-24	4.445172664583789490e-17	8.278711570623588087e-14	5.958112036581219191e-14	7.028395836520360381e-24	5.723116977658390341e-28	1.587999992211346773e-02	6.787498111879736173e-02	2.125018881218952195e-03	1.530147186448122772e-10	2.119999924390544160e-03
6.510000000000000000e+02	2.392303696291281177e-14	2.335001983304310269e-16	1.096508495545753467e-23	1.994981191834206777e-03	5.018803755150117410e-06	6.649229576321832471e-24	4.445172663528346600e-17	8.278711568747043242e-14	5.958112035158287036e-14	7.028395834842693374e-24	5.723116975288925127e-28	1.587999992163027785e-02	6.787498111831538616e-02	2.125018881700953786e-03	1.532497185169129385e-10	2.119999924638739722e-03
6.520000000000000000e+02	2.392303695798546981e-14	2.335001982752330488e-16	1.096508495361252575e-23	1.994981191827770953e-03	5.018803753959911605e-06	6.649229574744980268e-24	4.445172662477535803e-17	8.278711566868903004e-14	5.958112033733238210e-14	7.028395833162535789e-24	5.723116972931385972e-28	1.587999992114708797e-02	6.787498111783341059e-02	2.125018882182955378e-03	1.534847183889578943e-10	2.119999924886935283e-03
6.530000000000000000e+02	2.392303695302300144e-14	2.335001982196921628e-16	1.096508495175612189e-23	1.994981191821335129e-03	5.018803752769705801e-06	6.649229573168126595e-24	4.445172661420197799e-17	8.278711564990004197e-14	5.958112032309634577e-14	7.028395831484073854e-24	5.723116970557040203e-28	1.587999992066389809e-02	6.787498111735143502e-02	2.125018882664956969e-03	1.537197182609470930e-10	2.119999925135130844e-03
6.540000000000000000e+02	2.392303694808350155e-14	2.335001981643754119e-16	1.096508494990716773e-23	1.994981191814899305e-03	5.018803751579500843e-06	6.649229571591271453e-24	4.445172660367126422e-17	8.278711563112377665e-14	5.958112030884627402e-14	7.028395829803964758e-24	5.723116968193682408e-28	1.587999992018070822e-02	6.787498111686945945e-02	2.125018883146958561e-03	1.539547181328805863e-10	2.119999925383326406e-03
6.550000000000000000e+02	2.392303694315902158e-14	2.335001981092053891e-16	1.096508494806308598e-23	1.994981191808463481e-03	5.018803750389295038e-06	6.649229570014419250e-24	4.445172659316846874e-17	8.278711561238499801e-14	5.958112029462444981e-14	7.028395828127189657e-24	5.723116965837514507e-28	1.587999991969751834e-02	6.787498111638748388e-02	2.125018883628960152e-03	1.541897180047583225e-10	2.119999925631521967e-03
6.560000000000000000e+02	2.392303693819472621e-14	2.335001980536466058e-16	1.096508494620608850e-23	1.994981191802027657e-03	5.018803749199088386e-06	6.649229568437564108e-24	4.445172658259168673e-17	8.278711559358725043e-14	5.958112028038258222e-14	7.028395826448038589e-24	5.723116963462293432e-28	1.587999991921432846e-02	6.787498111590550831e-02	2.125018884110961744e-03	1.544247178765803273e-10	2.119999925879717528e-03
6.570000000000000000e+02	2.392303693324439999e-14	2.335001979982242954e-16	1.096508494435362254e-23	1.994981191795591833e-03	5.018803748008884276e-06	6.649229566860708966e-24	4.445172657204086933e-17	8.278711557479431175e-14	5.958112026613617079e-14	7.028395824768355609e-24	5.723116961093755541e-28	1.587999991873113859e-02	6.787498111542353274e-02	2.125018884592963335e-03	1.546597177483466267e-10	2.119999926127913090e-03
6.580000000000000000e+02	2.392303692830130921e-14	2.335001979428724402e-16	1.096508494250350464e-23	1.994981191789156009e-03	5.018803746818679318e-06	6.649229565283856763e-24	4.445172656150349339e-17	8.278711555600692664e-14	5.958112025188383975e-14	7.028395823087977618e-24	5.723116958728682108e-28	1.587999991824794871e-02	6.787498111494155717e-02	2.125018885074964926e-03	1.548947176200572206e-10	2.119999926376108651e-03
6.590000000000000000e+02	2.392303692335049705e-14	2.335001978874453967e-16	1.096508494065088440e-23	1.994981191782720185e-03	5.018803745628473513e-06	6.649229563707001621e-24	4.445172655095177004e-17	8.278711553724652690e-14	5.958112023765811540e-14	7.028395821410735259e-24	5.723116956359913731e-28	1.587999991776475883e-02	6.787498111445958160e-02	2.125018885556966518e-03	1.551297174917120316e-10	2.119999926624304212e-03
6.600000000000000000e+02	2.392303691842460975e-14	2.335001978322614702e-16	1.096508493880634274e-23	1.994981191776284361e-03	5.018803744438269403e-06	6.649229562130150887e-24	4.445172654044634297e-17	8.278711551847012274e-14	5.958112022341122435e-14	7.028395819731002320e-24	5.723116954003066929e-28	1.587999991728156896e-02	6.787498111397760603e-02	2.125018886038968109e-03	1.553647173633111371e-10	2.119999926872499774e-03
6.610000000000000000e+02	2.392303691346339725e-14	2.335001977767328609e-16	1.096508493695034443e-23	1.994981191769848537e-03	5.018803743248062751e-06	6.649229560553294276e-24	4.445172652987529869e-17	8.278711549968792519e-14	5.958112020917819200e-14	7.028395818052895973e-24	5.723116951629322934e-28	1.587999991679837908e-02	6.787498111349563046e-02	2.125018886520969701e-03	1.555997172348544855e-10	2.119999927120695335e-03
6.620000000000000000e+02	2.392303690852552241e-14	2.335001977214320844e-16	1.096508493510191923e-23	1.994981191763412712e-03	5.018803742057857793e-06	6.649229558976442073e-24	4.445172651934761711e-17	8.278711548091487842e-14	5.958112019493229806e-14	7.028395816373280584e-24	5.723116949266743589e-28	1.587999991631518920e-02	6.787498111301365489e-02	2.125018887002971292e-03	1.558347171063421543e-10	2.119999927368890896e-03
6.630000000000000000e+02	2.392303690358205298e-14	2.335001976660765807e-16	1.096508493325167937e-23	1.994981191756976888e-03	5.018803740867651988e-06	6.649229557399586931e-24	4.445172650880953242e-17	8.278711546213260514e-14	5.958112018069414127e-14	7.028395814694571795e-24	5.723116946901486305e-28	1.587999991583199932e-02	6.787498111253167932e-02	2.125018887484972883e-03	1.560697169777740659e-10	2.119999927617086458e-03
6.640000000000000000e+02	2.392303689862776037e-14	2.335001976106156161e-16	1.096508493139792625e-23	1.994981191750541064e-03	5.018803739677447031e-06	6.649229555822733258e-24	4.445172649825134411e-17	8.278711544334726477e-14	5.958112016644630358e-14	7.028395813014721308e-24	5.723116944531054307e-28	1.587999991534880945e-02	6.787498111204970375e-02	2.125018887966974475e-03	1.563047168491502204e-10	2.119999927865282019e-03
6.650000000000000000e+02	2.392303689369322715e-14	2.335001975553472322e-16	1.096508492955058104e-23	1.994981191744105240e-03	5.018803738487242073e-06	6.649229554245881055e-24	4.445172648772984400e-17	8.278711542460875118e-14	5.958112015222793774e-14	7.028395811338348814e-24	5.723116942170072218e-28	1.587999991486561957e-02	6.787498111156772818e-02	2.125018888448976066e-03	1.565397167204706694e-10	2.119999928113477580e-03
6.660000000000000000e+02	2.392303688874800644e-14	2.335001974999746694e-16	1.096508492769977400e-23	1.994981191737669416e-03	5.018803737297037115e-06	6.649229552669027382e-24	4.445172647718851142e-17	8.278711540581711254e-14	5.958112013798408853e-14	7.028395809658969993e-24	5.723116939803980882e-28	1.587999991438242969e-02	6.787498111108575261e-02	2.125018888930977658e-03	1.567747165917354130e-10	2.119999928361673142e-03
6.670000000000000000e+02	2.392303688378816971e-14	2.335001974444595200e-16	1.096508492584422090e-23	1.994981191731233592e-03	5.018803736106831311e-06	6.649229551092173710e-24	4.445172646662001862e-17	8.278711538701609592e-14	5.958112012373500128e-14	7.028395807978969630e-24	5.723116937430893367e-28	1.587999991389923982e-02	6.787498111060377703e-02	2.125018889412979249e-03	1.570097164629443995e-10	2.119999928609868703e-03
6.680000000000000000e+02	2.392303687886347517e-14	2.335001973892873278e-16	1.096508492400007157e-23	1.994981191724797768e-03	5.018803734916625506e-06	6.649229549515318568e-24	4.445172645611682254e-17	8.278711536825028143e-14	5.958112010948939764e-14	7.028395806299389506e-24	5.723116935074619640e-28	1.587999991341604994e-02	6.787498111012180146e-02	2.125018889894980841e-03	1.572447163340976546e-10	2.119999928858064264e-03
6.690000000000000000e+02	2.392303687390372048e-14	2.335001973337729673e-16	1.096508492214454492e-23	1.994981191718361944e-03	5.018803733726421395e-06	6.649229547938466364e-24	4.445172644554847764e-17	8.278711534947310735e-14	5.958112009525997512e-14	7.028395804621710744e-24	5.723116932701572483e-28	1.587999991293286006e-02	6.787498110963982589e-02	2.125018890376982432e-03	1.574797162051952044e-10	2.119999929106259826e-03
6.700000000000000000e+02	2.392303686896731293e-14	2.335001972784864396e-16	1.096508492029659580e-23	1.994981191711926120e-03	5.018803732536215590e-06	6.649229546361612692e-24	4.445172643502352010e-17	8.278711533070513454e-14	5.958112008101771626e-14	7.028395802942521472e-24	5.723116930339695356e-28	1.587999991244967019e-02	6.787498110915785032e-02	2.125018890858984023e-03	1.577147160762369969e-10	2.119999929354455387e-03
6.710000000000000000e+02	2.392303686402528868e-14	2.335001972231450368e-16	1.096508491844682320e-23	1.994981191705490296e-03	5.018803731346009786e-06	6.649229544784757550e-24	4.445172642448812247e-17	8.278711531192785948e-14	5.958112006678316929e-14	7.028395801264237331e-24	5.723116927975128633e-28	1.587999991196648031e-02	6.787498110867587475e-02	2.125018891340985615e-03	1.579497159472230582e-10	2.119999929602650948e-03
6.720000000000000000e+02	2.392303685907244442e-14	2.335001971676980252e-16	1.096508491659353881e-23	1.994981191699054471e-03	5.018803730155804828e-06	6.649229543207905347e-24	4.445172641393260889e-17	8.278711529314752995e-14	5.958112005253892881e-14	7.028395799584811491e-24	5.723116925605387194e-28	1.587999991148329043e-02	6.787498110819389918e-02	2.125018891822987206e-03	1.581847158181533882e-10	2.119999929850846510e-03
6.730000000000000000e+02	2.392303685412468989e-14	2.335001971123008105e-16	1.096508491474190598e-23	1.994981191692618647e-03	5.018803728965599870e-06	6.649229541631051674e-24	4.445172640338657397e-17	8.278711527436500423e-14	5.958112003829962344e-14	7.028395797905970459e-24	5.723116923238081549e-28	1.587999991100010055e-02	6.787498110771192361e-02	2.125018892304988798e-03	1.584197156890280128e-10	2.119999930099042071e-03
6.740000000000000000e+02	2.392303684918368486e-14	2.335001970569694656e-16	1.096508491289246692e-23	1.994981191686182823e-03	5.018803727775394066e-06	6.649229540054198001e-24	4.445172639285307454e-17	8.278711525558623980e-14	5.958112002405433535e-14	7.028395796226422661e-24	5.723116920874005393e-28	1.587999991051691068e-02	6.787498110722994804e-02	2.125018892786990389e-03	1.586547155598469060e-10	2.119999930347237632e-03
6.750000000000000000e+02	2.392303684422529648e-14	2.335001970014683185e-16	1.096508491103738402e-23	1.994981191679746999e-03	5.018803726585189955e-06	6.649229538477345798e-24	4.445172638228725646e-17	8.278711523679023403e-14	5.958112000980882006e-14	7.028395794546842537e-24	5.723116918501609334e-28	1.587999991003372080e-02	6.787498110674797247e-02	2.125018893268991980e-03	1.588897154306100421e-10	2.119999930595433194e-03
6.760000000000000000e+02	2.392303683930206606e-14	2.335001969463103751e-16	1.096508490919370783e-23	1.994981191673311175e-03	5.018803725394984150e-06	6.649229536900490656e-24	4.445172637178678442e-17	8.278711521802944300e-14	5.958111999556685150e-14	7.028395792867691469e-24	5.723116916146037826e-28	1.587999990955053092e-02	6.787498110626599690e-02	2.125018893750993572e-03	1.591247153013174469e-10	2.119999930843628755e-03
6.770000000000000000e+02	2.392303683434374710e-14	2.335001968908100661e-16	1.096508490733865138e-23	1.994981191666875351e-03	5.018803724204778345e-06	6.649229535323636984e-24	4.445172636122110810e-17	8.278711519925727976e-14	5.958111998134103881e-14	7.028395791190435885e-24	5.723116913773678538e-28	1.587999990906734105e-02	6.787498110578402133e-02	2.125018894232995163e-03	1.593597151719691721e-10	2.119999931091824316e-03
6.780000000000000000e+02	2.392303682940876265e-14	2.335001968355373928e-16	1.096508490549115923e-23	1.994981191660439527e-03	5.018803723014573388e-06	6.649229533746783311e-24	4.445172635069878214e-17	8.278711518047667256e-14	5.958111996709486719e-14	7.028395789510788170e-24	5.723116911412480312e-28	1.587999990858415117e-02	6.787498110530204576e-02	2.125018894714996755e-03	1.595947150425651144e-10	2.119999931340019877e-03
6.790000000000000000e+02	2.392303682445736359e-14	2.335001967801045314e-16	1.096508490363834651e-23	1.994981191654003703e-03	5.018803721824367583e-06	6.649229532169929638e-24	4.445172634014597411e-17	8.278711516167965704e-14	5.958111995284224585e-14	7.028395787830374914e-24	5.723116909043428537e-28	1.587999990810096129e-02	6.787498110482007019e-02	2.125018895196998346e-03	1.598297149131053512e-10	2.119999931588215439e-03
6.800000000000000000e+02	2.392303681950495162e-14	2.335001967246618586e-16	1.096508490178520464e-23	1.994981191647567879e-03	5.018803720634162625e-06	6.649229530593075966e-24	4.445172632959127404e-17	8.278711514290565102e-14	5.958111993860122391e-14	7.028395786151328171e-24	5.723116906673896958e-28	1.587999990761777142e-02	6.787498110433809462e-02	2.125018895678999938e-03	1.600647147835898566e-10	2.119999931836411000e-03
6.810000000000000000e+02	2.392303681455863913e-14	2.335001966692785969e-16	1.096508489993403908e-23	1.994981191641132055e-03	5.018803719443957668e-06	6.649229529016222293e-24	4.445172631904790152e-17	8.278711512412813615e-14	5.958111992436551575e-14	7.028395784472908848e-24	5.723116904307279182e-28	1.587999990713458154e-02	6.787498110385611905e-02	2.125018896161001529e-03	1.602997146540186308e-10	2.119999932084606561e-03
6.820000000000000000e+02	2.392303680961908244e-14	2.335001966139613529e-16	1.096508489808506875e-23	1.994981191634696231e-03	5.018803718253751863e-06	6.649229527439367151e-24	4.445172630851709531e-17	8.278711510535440781e-14	5.958111991012388797e-14	7.028395782793788636e-24	5.723116901943897172e-28	1.587999990665139166e-02	6.787498110337414348e-02	2.125018896643003120e-03	1.605347145243916737e-10	2.119999932332802123e-03
6.830000000000000000e+02	2.392303680466215188e-14	2.335001965584745532e-16	1.096508489623046045e-23	1.994981191628260406e-03	5.018803717063546058e-06	6.649229525862513479e-24	4.445172629795399511e-17	8.278711508656343812e-14	5.958111989588195727e-14	7.028395781114637568e-24	5.723116899572198849e-28	1.587999990616820178e-02	6.787498110289216791e-02	2.125018897125004712e-03	1.607697143947089853e-10	2.119999932580997684e-03
6.840000000000000000e+02	2.392303679974036665e-14	2.335001965033307600e-16	1.096508489438725445e-23	1.994981191621824582e-03	5.018803715873341947e-06	6.649229524285659806e-24	4.445172628745621629e-17	8.278711506780764532e-14	5.958111988164359853e-14	7.028395779435911146e-24	5.723116897217319694e-28	1.587999990568501191e-02	6.787498110241019234e-02	2.125018897607006303e-03	1.610047142649705657e-10	2.119999932829193245e-03
6.850000000000000000e+02	2.392303679477285589e-14	2.335001964477405702e-16	1.096508489252921078e-23	1.994981191615388758e-03	5.018803714683135296e-06	6.649229522708806133e-24	4.445172627687344387e-17	8.278711504899635458e-14	5.958111986739280735e-14	7.028395777755710949e-24	5.723116894840558760e-28	1.587999990520182203e-02	6.787498110192821676e-02	2.125018898089007895e-03	1.612397141351764405e-10	2.119999933077388807e-03
6.860000000000000000e+02	2.392303678983810179e-14	2.335001963924702634e-16	1.096508489068179798e-23	1.994981191608952934e-03	5.018803713492930338e-06	6.649229521131952461e-24	4.445172626635156781e-17	8.278711503024139482e-14	5.958111985315673315e-14	7.028395776077249014e-24	5.723116892479473534e-28	1.587999990471863215e-02	6.787498110144624119e-02	2.125018898571009486e-03	1.614747140053265324e-10	2.119999933325584368e-03
6.870000000000000000e+02	2.392303678489896793e-14	2.335001963371570624e-16	1.096508488883296283e-23	1.994981191602517110e-03	5.018803712302725380e-06	6.649229519555098788e-24	4.445172625582153813e-17	8.278711501147414145e-14	5.958111983892936798e-14	7.028395774399818576e-24	5.723116890116291518e-28	1.587999990423544228e-02	6.787498110096426562e-02	2.125018899053011077e-03	1.617097138754209188e-10	2.119999933573779929e-03
6.880000000000000000e+02	2.392303677994903614e-14	2.335001962817384498e-16	1.096508488698062324e-23	1.994981191596081286e-03	5.018803711112520423e-06	6.649229517978248054e-24	4.445172624527142948e-17	8.278711499270384623e-14	5.958111982469235977e-14	7.028395772721244969e-24	5.723116887747942859e-28	1.587999990375225240e-02	6.787498110048229005e-02	2.125018899535012669e-03	1.619447137454595740e-10	2.119999933821975491e-03
6.890000000000000000e+02	2.392303677500416884e-14	2.335001962263693876e-16	1.096508488512992640e-23	1.994981191589645462e-03	5.018803709922314618e-06	6.649229516401391443e-24	4.445172623473076251e-17	8.278711497393135482e-14	5.958111981046027406e-14	7.028395771043253232e-24	5.723116885382020127e-28	1.587999990326906252e-02	6.787498110000031448e-02	2.125018900017014260e-03	1.621797136154425495e-10	2.119999934070171052e-03
6.900000000000000000e+02	2.392303677007177186e-14	2.335001961711220564e-16	1.096508488328328061e-23	1.994981191583209638e-03	5.018803708732110507e-06	6.649229514824539240e-24	4.445172622421324984e-17	8.278711495516268781e-14	5.958111979621753556e-14	7.028395769364005185e-24	5.723116883022060425e-28	1.587999990278587265e-02	6.787498109951833891e-02	2.125018900499015852e-03	1.624147134853697421e-10	2.119999934318366613e-03
6.910000000000000000e+02	2.392303676509896941e-14	2.335001961154803441e-16	1.096508488142352219e-23	1.994981191576773814e-03	5.018803707541904702e-06	6.649229513247685567e-24	4.445172621362067213e-17	8.278711493633549363e-14	5.958111978195445077e-14	7.028395767682356191e-24	5.723116880642770426e-28	1.587999990230268277e-02	6.787498109903636334e-02	2.125018900981017443e-03	1.626497133552412033e-10	2.119999934566562175e-03
6.920000000000000000e+02	2.392303676017837379e-14	2.335001960603480387e-16	1.096508487958069822e-23	1.994981191570337990e-03	5.018803706351698898e-06	6.649229511670830425e-24	4.445172620312507500e-17	8.278711491758483790e-14	5.958111976771958826e-14	7.028395766004042662e-24	5.723116878288456275e-28	1.587999990181949289e-02	6.787498109855438777e-02	2.125018901463019035e-03	1.628847132250569333e-10	2.119999934814757736e-03
6.930000000000000000e+02	2.392303675521231768e-14	2.335001960047722456e-16	1.096508487772313356e-23	1.994981191563902165e-03	5.018803705161493940e-06	6.649229510093976753e-24	4.445172619254503277e-17	8.278711489877855800e-14	5.958111975347244477e-14	7.028395764324270051e-24	5.723116875912393075e-28	1.587999990133630301e-02	6.787498109807241220e-02	2.125018901945020626e-03	1.631197130948169578e-10	2.119999935062953297e-03
6.940000000000000000e+02	2.392303675027901824e-14	2.335001959495160398e-16	1.096508487587619096e-23	1.994981191557466341e-03	5.018803703971288982e-06	6.649229508517123080e-24	4.445172618202584377e-17	8.278711488002863433e-14	5.958111973923998040e-14	7.028395762646237172e-24	5.723116873552005585e-28	1.587999990085311314e-02	6.787498109759043663e-02	2.125018902427022217e-03	1.633547129645212510e-10	2.119999935311148859e-03
6.950000000000000000e+02	2.392303674533050325e-14	2.335001958941112816e-16	1.096508487402430834e-23	1.994981191551030517e-03	5.018803702781084025e-06	6.649229506940270877e-24	4.445172617147837904e-17	8.278711486122400788e-14	5.958111972498709400e-14	7.028395760965791590e-24	5.723116871184334032e-28	1.587999990036992326e-02	6.787498109710846106e-02	2.125018902909023809e-03	1.635897128341697871e-10	2.119999935559344420e-03
6.960000000000000000e+02	2.392303674038097220e-14	2.335001958386967119e-16	1.096508487217210393e-23	1.994981191544594693e-03	5.018803701590878220e-06	6.649229505363415735e-24	4.445172616092904076e-17	8.278711484246003617e-14	5.958111971075325386e-14	7.028395759287595611e-24	5.723116868816178191e-28	1.587999989988673338e-02	6.787498109662648549e-02	2.125018903391025400e-03	1.638247127037625919e-10	2.119999935807539981e-03
6.970000000000000000e+02	2.392303673543755641e-14	2.335001957833417505e-16	1.096508487032188170e-23	1.994981191538158869e-03	5.018803700400673262e-06	6.649229503786563532e-24	4.445172615039105469e-17	8.278711482369253036e-14	5.958111969652479059e-14	7.028395757610027051e-24	5.723116866450947813e-28	1.587999989940354351e-02	6.787498109614450992e-02	2.125018903873026992e-03	1.640597125732997171e-10	2.119999936055735543e-03
6.980000000000000000e+02	2.392303673050091220e-14	2.335001957280529549e-16	1.096508486847385177e-23	1.994981191531723045e-03	5.018803699210468304e-06	6.649229502209709859e-24	4.445172613986565957e-17	8.278711480492887420e-14	5.958111968229036985e-14	7.028395755931762012e-24	5.723116864088956789e-28	1.587999989892035363e-02	6.787498109566253435e-02	2.125018904355028583e-03	1.642947124427810593e-10	2.119999936303931104e-03
6.990000000000000000e+02	2.392303672553526630e-14	2.335001956724809582e-16	1.096508486661641494e-23	1.994981191525287221e-03	5.018803698020263347e-06	6.649229500632856186e-24	4.445172612928636923e-17	8.278711478610676660e-14	5.958111966802623745e-14	7.028395754249988122e-24	5.723116861713090891e-28	1.587999989843716375e-02	6.787498109518055878e-02	2.125018904837030174e-03	1.645297123122066960e-10	2.119999936552126665e-03
7.000000000000000000e+02	2.392303672059048735e-14	2.335001956171127341e-16	1.096508486476575043e-23	1.994981191518851397e-03	5.018803696830056695e-06	6.649229499056001045e-24	4.445172611874585017e-17	8.278711476733724131e-14	5.958111965378967100e-14	7.028395752571470351e-24	5.723116859347208517e-28	1.587999989795397388e-02	6.787498109469858321e-02	2.125018905319031766e-03	1.647647121815766274e-10	2.119999936800322227e-03
7.010000000000000000e+02	2.392303671565143554e-14	2.335001955618004698e-16	1.096508486291694320e-23	1.994981191512415573e-03	5.018803695639850890e-06	6.649229497479145903e-24	4.445172610821599306e-17	8.278711474855986527e-14	5.958111963955138800e-14	7.028395750892751276e-24	5.723116856984066858e-28	1.587999989747078400e-02	6.787498109421660764e-02	2.125018905801033357e-03	1.649997120508907757e-10	2.119999937048517788e-03
7.020000000000000000e+02	2.392303671071963808e-14	2.335001955065588579e-16	1.096508486107048549e-23	1.994981191505979749e-03	5.018803694449645933e-06	6.649229495902295169e-24	4.445172609769957740e-17	8.278711472979733245e-14	5.958111962531508661e-14	7.028395749214261423e-24	5.723116854624395039e-28	1.587999989698759412e-02	6.787498109373463206e-02	2.125018906283034949e-03	1.652347119201492185e-10	2.119999937296713349e-03
7.030000000000000000e+02	2.392303670577258722e-14	2.335001954511685457e-16	1.096508485921908336e-23	1.994981191499543925e-03	5.018803693259440128e-06	6.649229494325440027e-24	4.445172608715483670e-17	8.278711471101534946e-14	5.958111961107330737e-14	7.028395747535126518e-24	5.723116852257426602e-28	1.587999989650440424e-02	6.787498109325265649e-02	2.125018906765036540e-03	1.654697117893519043e-10	2.119999937544908911e-03
7.040000000000000000e+02	2.392303670083132975e-14	2.335001953958346370e-16	1.096508485736955908e-23	1.994981191493108100e-03	5.018803692069235170e-06	6.649229492748586354e-24	4.445172607662087505e-17	8.278711469224953498e-14	5.958111959683634965e-14	7.028395745856563197e-24	5.723116849893228476e-28	1.587999989602121437e-02	6.787498109277068092e-02	2.125018907247038132e-03	1.657047116584989104e-10	2.119999937793104472e-03
7.050000000000000000e+02	2.392303669587130370e-14	2.335001953403175648e-16	1.096508485551394721e-23	1.994981191486672276e-03	5.018803690879031059e-06	6.649229491171732682e-24	4.445172606605202479e-17	8.278711467345243111e-14	5.958111958258885275e-14	7.028395744176750913e-24	5.723116847520049485e-28	1.587999989553802449e-02	6.787498109228870535e-02	2.125018907729039723e-03	1.659397115275901594e-10	2.119999938041300033e-03
7.060000000000000000e+02	2.392303669093549883e-14	2.335001952850369535e-16	1.096508485366618911e-23	1.994981191480236452e-03	5.018803689688825255e-06	6.649229489594877540e-24	4.445172605552817658e-17	8.278711465469421493e-14	5.958111956835786512e-14	7.028395742498888480e-24	5.723116845158461137e-28	1.587999989505483461e-02	6.787498109180672978e-02	2.125018908211041314e-03	1.661747113966256771e-10	2.119999938289495595e-03
7.070000000000000000e+02	2.392303668598291332e-14	2.335001952295925058e-16	1.096508485181299287e-23	1.994981191473800628e-03	5.018803688498619450e-06	6.649229488018025336e-24	4.445172604497315604e-17	8.278711463591829040e-14	5.958111955412676391e-14	7.028395740821012823e-24	5.723116842788844359e-28	1.587999989457164474e-02	6.787498109132475421e-02	2.125018908693042906e-03	1.664097112656054635e-10	2.119999938537691156e-03
7.080000000000000000e+02	2.392303668104156749e-14	2.335001951742578083e-16	1.096508484996343921e-23	1.994981191467364804e-03	5.018803687308414492e-06	6.649229486441173133e-24	4.445172603443901566e-17	8.278711461715526532e-14	5.958111953989099263e-14	7.028395739142587622e-24	5.723116840424604082e-28	1.587999989408845486e-02	6.787498109084277864e-02	2.125018909175044497e-03	1.666447111345295445e-10	2.119999938785886717e-03
7.090000000000000000e+02	2.392303667609044610e-14	2.335001951188276093e-16	1.096508484811071464e-23	1.994981191460928980e-03	5.018803686118209535e-06	6.649229484864317991e-24	4.445172602388671915e-17	8.278711459834027640e-14	5.958111952562978848e-14	7.028395737461164911e-24	5.723116838055684141e-28	1.587999989360526498e-02	6.787498109036080307e-02	2.125018909657046089e-03	1.668797110033978683e-10	2.119999939034082279e-03
7.100000000000000000e+02	2.392303667116002758e-14	2.335001950635996052e-16	1.096508484626470803e-23	1.994981191454493156e-03	5.018803684928003730e-06	6.649229483287462849e-24	4.445172601337287345e-17	8.278711457958275442e-14	5.958111951139700857e-14	7.028395735783093828e-24	5.723116835696673286e-28	1.587999989312207511e-02	6.787498108987882750e-02	2.125018910139047680e-03	1.671147108722104608e-10	2.119999939282277840e-03
7.110000000000000000e+02	2.392303666621442506e-14	2.335001950082232953e-16	1.096508484441377315e-23	1.994981191448057332e-03	5.018803683737799619e-06	6.649229481710610646e-24	4.445172600283083213e-17	8.278711456080576966e-14	5.958111949715882654e-14	7.028395734104383570e-24	5.723116833330397203e-28	1.587999989263888523e-02	6.787498108939685193e-02	2.125018910621049271e-03	1.673497107409673220e-10	2.119999939530473401e-03
7.120000000000000000e+02	2.392303666127461594e-14	2.335001949529035862e-16	1.096508484256472201e-23	1.994981191441621508e-03	5.018803682547593814e-06	6.649229480133756973e-24	4.445172599229955138e-17	8.278711454204496602e-14	5.958111948292551651e-14	7.028395732426244896e-24	5.723116830966894121e-28	1.587999989215569535e-02	6.787498108891487636e-02	2.125018911103050863e-03	1.675847106096684778e-10	2.119999939778668963e-03
7.130000000000000000e+02	2.392303665631570061e-14	2.335001948973974100e-16	1.096508484070946866e-23	1.994981191435185684e-03	5.018803681357388010e-06	6.649229478556903301e-24	4.445172598173277188e-17	8.278711452325193898e-14	5.958111946868202071e-14	7.028395730746907217e-24	5.723116828594247847e-28	1.587999989167250547e-02	6.787498108843290079e-02	2.125018911585052454e-03	1.678197104783147295e-10	2.119999940026864524e-03
7.140000000000000000e+02	2.392303665138740885e-14	2.335001948421900643e-16	1.096508483886414824e-23	1.994981191428749859e-03	5.018803680167183052e-06	6.649229476980049628e-24	4.445172597122288281e-17	8.278711450449981912e-14	5.958111945444958159e-14	7.028395729068875807e-24	5.723116826236252205e-28	1.587999989118931560e-02	6.787498108795092522e-02	2.125018912067054046e-03	1.680547103469044227e-10	2.119999940275060085e-03
7.150000000000000000e+02	2.392303664641895777e-14	2.335001947865907532e-16	1.096508483700580188e-23	1.994981191422314035e-03	5.018803678976978094e-06	6.649229475403197425e-24	4.445172596063838475e-17	8.278711448568769534e-14	5.958111944019735152e-14	7.028395727388506633e-24	5.723116823859043752e-28	1.587999989070612572e-02	6.787498108746894965e-02	2.125018912549055637e-03	1.682897102154383588e-10	2.119999940523255647e-03
7.160000000000000000e+02	2.392303664147879839e-14	2.335001947312675928e-16	1.096508483515663465e-23	1.994981191415878211e-03	5.018803677786773137e-06	6.649229473826343752e-24	4.445172595010644455e-17	8.278711446692973159e-14	5.958111942596506385e-14	7.028395725710489916e-24	5.723116821495372066e-28	1.587999989022293584e-02	6.787498108698697408e-02	2.125018913031057229e-03	1.685247100839166152e-10	2.119999940771451208e-03
7.170000000000000000e+02	2.392303663652912219e-14	2.335001946758515933e-16	1.096508483330438176e-23	1.994981191409442387e-03	5.018803676596568179e-06	6.649229472249490080e-24	4.445172593955683511e-17	8.278711444811974090e-14	5.958111941170748215e-14	7.028395724029493322e-24	5.723116819127145375e-28	1.587999988973974597e-02	6.787498108650499851e-02	2.125018913513058820e-03	1.687597099523390887e-10	2.119999941019646769e-03
7.180000000000000000e+02	2.392303663157336230e-14	2.335001946203761828e-16	1.096508483145014962e-23	1.994981191403006563e-03	5.018803675406362374e-06	6.649229470672636407e-24	4.445172592899591043e-17	8.278711442934235224e-14	5.958111939747278373e-14	7.028395722351190079e-24	5.723116816756008468e-28	1.587999988925655609e-02	6.787498108602302294e-02	2.125018913995060411e-03	1.689947098207058309e-10	2.119999941267842331e-03
7.190000000000000000e+02	2.392303662664410814e-14	2.335001945651594693e-16	1.096508482960452357e-23	1.994981191396570739e-03	5.018803674216157416e-06	6.649229469095782734e-24	4.445172591848424026e-17	8.278711441055418459e-14	5.958111938321419229e-14	7.028395720670080343e-24	5.723116814397554545e-28	1.587999988877336621e-02	6.787498108554104737e-02	2.125018914477062003e-03	1.692297096890168676e-10	2.119999941516037892e-03
7.200000000000000000e+02	2.392303662170576314e-14	2.335001945098540583e-16	1.096508482775594262e-23	1.994981191390134915e-03	5.018803673025951612e-06	6.649229467518929062e-24	4.445172590795568354e-17	8.278711439179840441e-14	5.958111936898442898e-14	7.028395718992360439e-24	5.723116812034750094e-28	1.587999988829017634e-02	6.787498108505907179e-02	2.125018914959063594e-03	1.694647095572721730e-10	2.119999941764233453e-03
7.210000000000000000e+02	2.392303661674864010e-14	2.335001944543652371e-16	1.096508482590127115e-23	1.994981191383699091e-03	5.018803671835745807e-06	6.649229465942076859e-24	4.445172589739223205e-17	8.278711437301138534e-14	5.958111935474416435e-14	7.028395717313404796e-24	5.723116809662962985e-28	1.587999988780698646e-02	6.787498108457709622e-02	2.125018915441065186e-03	1.696997094254717472e-10	2.119999942012429014e-03
7.220000000000000000e+02	2.392303661182143382e-14	2.335001943991685902e-16	1.096508482405630779e-23	1.994981191377263267e-03	5.018803670645540849e-06	6.649229464365221717e-24	4.445172588688436443e-17	8.278711435426321609e-14	5.958111934051566322e-14	7.028395715635839175e-24	5.723116807305487504e-28	1.587999988732379658e-02	6.787498108409512065e-02	2.125018915923066777e-03	1.699347092936155900e-10	2.119999942260624576e-03
7.230000000000000000e+02	2.392303660685443108e-14	2.335001943435834787e-16	1.096508482219843162e-23	1.994981191370827443e-03	5.018803669455335892e-06	6.649229462788368044e-24	4.445172587630256576e-17	8.278711433545609054e-14	5.958111932626704298e-14	7.028395713955893179e-24	5.723116804928972301e-28	1.587999988684060670e-02	6.787498108361314508e-02	2.125018916405068369e-03	1.701697091617036757e-10	2.119999942508820137e-03
7.240000000000000000e+02	2.392303660191572636e-14	2.335001942882745671e-16	1.096508482034973606e-23	1.994981191364391618e-03	5.018803668265130934e-06	6.649229461211514371e-24	4.445172586577333111e-17	8.278711431670320075e-14	5.958111931203839039e-14	7.028395712278305518e-24	5.723116802565996556e-28	1.587999988635741683e-02	6.787498108313116951e-02	2.125018916887069960e-03	1.704047090297360818e-10	2.119999942757015698e-03
7.250000000000000000e+02	2.392303659696750167e-14	2.335001942328727178e-16	1.096508481849795042e-23	1.994981191357955794e-03	5.018803667074924282e-06	6.649229459634657760e-24	4.445172585522641488e-17	8.278711429789822089e-14	5.958111929778444376e-14	7.028395710597735040e-24	5.723116800198465807e-28	1.587999988587422695e-02	6.787498108264919394e-02	2.125018917369071551e-03	1.706397088977127308e-10	2.119999943005211260e-03
7.260000000000000000e+02	2.392303659201398530e-14	2.335001941774191488e-16	1.096508481664445150e-23	1.994981191351519970e-03	5.018803665884720171e-06	6.649229458057805557e-24	4.445172584466965638e-17	8.278711427912845579e-14	5.958111928355200463e-14	7.028395708919697752e-24	5.723116797828399716e-28	1.587999988539103707e-02	6.787498108216721837e-02	2.125018917851073143e-03	1.708747087656336485e-10	2.119999943253406821e-03
7.270000000000000000e+02	2.392303658708540956e-14	2.335001941222090420e-16	1.096508481479903998e-23	1.994981191345084146e-03	5.018803664694514367e-06	6.649229456480951884e-24	4.445172583415924346e-17	8.278711426034273676e-14	5.958111926929841141e-14	7.028395707239180172e-24	5.723116795470270445e-28	1.587999988490784720e-02	6.787498108168524280e-02	2.125018918333074734e-03	1.711097086334988348e-10	2.119999943501602382e-03
7.280000000000000000e+02	2.392303658214851291e-14	2.335001940669177812e-16	1.096508481295093070e-23	1.994981191338648322e-03	5.018803663504308562e-06	6.649229454904099681e-24	4.445172582363337379e-17	8.278711424159200529e-14	5.958111925507224531e-14	7.028395705561889323e-24	5.723116793108159245e-28	1.587999988442465732e-02	6.787498108120326723e-02	2.125018918815076326e-03	1.713447085013082899e-10	2.119999943749797944e-03
7.290000000000000000e+02	2.392303657719283822e-14	2.335001940114431102e-16	1.096508481109673089e-23	1.994981191332212498e-03	5.018803662314103604e-06	6.649229453327244539e-24	4.445172581307261552e-17	8.278711422280999707e-14	5.958111924083557789e-14	7.028395703883355389e-24	5.723116790737063592e-28	1.587999988394146744e-02	6.787498108072129166e-02	2.125018919297077917e-03	1.715797083690620137e-10	2.119999943997993505e-03
7.300000000000000000e+02	2.392303657224664247e-14	2.335001939560610810e-16	1.096508480924560353e-23	1.994981191325776674e-03	5.018803661123898647e-06	6.649229451750392336e-24	4.445172580252945871e-17	8.278711420401832056e-14	5.958111922659075681e-14	7.028395702203857550e-24	5.723116788370504111e-28	1.587999988345827757e-02	6.787498108023931609e-02	2.125018919779079508e-03	1.718147082367600062e-10	2.119999944246189066e-03
7.310000000000000000e+02	2.392303656728965196e-14	2.335001939005736896e-16	1.096508480739097466e-23	1.994981191319340850e-03	5.018803659933693689e-06	6.649229450173540133e-24	4.445172579196626606e-17	8.278711418522365270e-14	5.958111921233619171e-14	7.028395700523213604e-24	5.723116785998777985e-28	1.587999988297508769e-02	6.787498107975734052e-02	2.125018920261081100e-03	1.720497081044023191e-10	2.119999944494384628e-03
7.320000000000000000e+02	2.392303656235241137e-14	2.335001938452790761e-16	1.096508480554275518e-23	1.994981191312905026e-03	5.018803658743488731e-06	6.649229448596684991e-24	4.445172578143975545e-17	8.278711416647579900e-14	5.958111919811111108e-14	7.028395698846050590e-24	5.723116783636503562e-28	1.587999988249189781e-02	6.787498107927536495e-02	2.125018920743082691e-03	1.722847079719888490e-10	2.119999944742580189e-03
7.330000000000000000e+02	2.392303655740563818e-14	2.335001937898913277e-16	1.096508480369144121e-23	1.994981191306469202e-03	5.018803657553282926e-06	6.649229447019829849e-24	4.445172577089552627e-17	8.278711414767582999e-14	5.958111918386074903e-14	7.028395697165904759e-24	5.723116781269666063e-28	1.587999988200870793e-02	6.787498107879338938e-02	2.125018921225084283e-03	1.725197078395196476e-10	2.119999944990775750e-03
7.340000000000000000e+02	2.392303655245357647e-14	2.335001937344519582e-16	1.096508480183841102e-23	1.994981191300033378e-03	5.018803656363077969e-06	6.649229445442976176e-24	4.445172576034147332e-17	8.278711412891110097e-14	5.958111916963193236e-14	7.028395695488296527e-24	5.723116778900297706e-28	1.587999988152551806e-02	6.787498107831141381e-02	2.125018921707085874e-03	1.727547077069947150e-10	2.119999945238971312e-03
7.350000000000000000e+02	2.392303654752643961e-14	2.335001936792560017e-16	1.096508479999347116e-23	1.994981191293597553e-03	5.018803655172873011e-06	6.649229443866125442e-24	4.445172574983375362e-17	8.278711411013041803e-14	5.958111915538196159e-14	7.028395693808199186e-24	5.723116776542857202e-28	1.587999988104232818e-02	6.787498107782943824e-02	2.125018922189087466e-03	1.729897075744140768e-10	2.119999945487166873e-03
7.360000000000000000e+02	2.392303654256398387e-14	2.335001936237151649e-16	1.096508479813706877e-23	1.994981191287161729e-03	5.018803653982666359e-06	6.649229442289270300e-24	4.445172573926037973e-17	8.278711409134387859e-14	5.958111914114582428e-14	7.028395692129728435e-24	5.723116774168515918e-28	1.587999988055913830e-02	6.787498107734746267e-02	2.125018922671089057e-03	1.732247074417777074e-10	2.119999945735362434e-03
7.370000000000000000e+02	2.392303653762487525e-14	2.335001935684023090e-16	1.096508479628824097e-23	1.994981191280725905e-03	5.018803652792461402e-06	6.649229440712416628e-24	4.445172572873040553e-17	8.278711407256655304e-14	5.958111912689685063e-14	7.028395690449744235e-24	5.723116771805348251e-28	1.587999988007594843e-02	6.787498107686548710e-02	2.125018923153090648e-03	1.734597073090855809e-10	2.119999945983557996e-03
7.380000000000000000e+02	2.392303653270060353e-14	2.335001935132341598e-16	1.096508479444422682e-23	1.994981191274290081e-03	5.018803651602257291e-06	6.649229439135564424e-24	4.445172571822797982e-17	8.278711405382848121e-14	5.958111911267553129e-14	7.028395688773027909e-24	5.723116769449275414e-28	1.587999987959275855e-02	6.787498107638351152e-02	2.125018923635092240e-03	1.736947071763377230e-10	2.119999946231753557e-03
7.390000000000000000e+02	2.392303652773650696e-14	2.335001934576774965e-16	1.096508479258729546e-23	1.994981191267854257e-03	5.018803650412051486e-06	6.649229437558707813e-24	4.445172570765157992e-17	8.278711403503145308e-14	5.958111909843416857e-14	7.028395687093940023e-24	5.723116767074152093e-28	1.587999987910956867e-02	6.787498107590153595e-02	2.125018924117093831e-03	1.739297070435341856e-10	2.119999946479949118e-03
7.400000000000000000e+02	2.392303652278604190e-14	2.335001934022537071e-16	1.096508479073478542e-23	1.994981191261418433e-03	5.018803649221846528e-06	6.649229435981857079e-24	4.445172569710049752e-17	8.278711401623954938e-14	5.958111908418818628e-14	7.028395685414307002e-24	5.723116764705547837e-28	1.587999987862637880e-02	6.787498107541956038e-02	2.125018924599095423e-03	1.741647069106748651e-10	2.119999946728144680e-03
7.410000000000000000e+02	2.392303651784350963e-14	2.335001933469073739e-16	1.096508478888484237e-23	1.994981191254982609e-03	5.018803648031642418e-06	6.649229434405004876e-24	4.445172568656413846e-17	8.278711399745250507e-14	5.958111906993642322e-14	7.028395683733996602e-24	5.723116762340738969e-28	1.587999987814318892e-02	6.787498107493758481e-02	2.125018925081097014e-03	1.743997067777598393e-10	2.119999946976340241e-03
7.420000000000000000e+02	2.392303651289289312e-14	2.335001932914822039e-16	1.096508478703228384e-23	1.994981191248546785e-03	5.018803646841435766e-06	6.649229432828146795e-24	4.445172567601278489e-17	8.278711397869282476e-14	5.958111905571120375e-14	7.028395682056813017e-24	5.723116759972065657e-28	1.587999987765999904e-02	6.787498107445560924e-02	2.125018925563098605e-03	1.746347066447890821e-10	2.119999947224535802e-03
7.430000000000000000e+02	2.392303650796721091e-14	2.335001932363003975e-16	1.096508478518781566e-23	1.994981191242110961e-03	5.018803645651229961e-06	6.649229431251293123e-24	4.445172566550775841e-17	8.278711395991715267e-14	5.958111904146484280e-14	7.028395680377144731e-24	5.723116757615319300e-28	1.587999987717680916e-02	6.787498107397363367e-02	2.125018926045100197e-03	1.748697065117625936e-10	2.119999947472731364e-03
7.440000000000000000e+02	2.392303650300620352e-14	2.335001931807737110e-16	1.096508478333188346e-23	1.994981191235675137e-03	5.018803644461025004e-06	6.649229429674439450e-24	4.445172565493709007e-17	8.278711394113562407e-14	5.958111902723232795e-14	7.028395678699095689e-24	5.723116755241673956e-28	1.587999987669361929e-02	6.787498107349165810e-02	2.125018926527101788e-03	1.751047063786803738e-10	2.119999947720926925e-03
7.450000000000000000e+02	2.392303649806854641e-14	2.335001931254749559e-16	1.096508478148352586e-23	1.994981191229239312e-03	5.018803643270820046e-06	6.649229428097587247e-24	4.445172564440979676e-17	8.278711392236333461e-14	5.958111901298695150e-14	7.028395677019540544e-24	5.723116752879196849e-28	1.587999987621042941e-02	6.787498107300968253e-02	2.125018927009103380e-03	1.753397062455423969e-10	2.119999947969122486e-03
7.460000000000000000e+02	2.392303649312528208e-14	2.335001930701215230e-16	1.096508477963335212e-23	1.994981191222803488e-03	5.018803642080615088e-06	6.649229426520733574e-24	4.445172563387209418e-17	8.278711390358176815e-14	5.958111899874931221e-14	7.028395675340894938e-24	5.723116750514038217e-28	1.587999987572723953e-02	6.787498107252770696e-02	2.125018927491104971e-03	1.755747061123487146e-10	2.119999948217318048e-03
7.470000000000000000e+02	2.392303648817118826e-14	2.335001930146623827e-16	1.096508477777966512e-23	1.994981191216367664e-03	5.018803640890409283e-06	6.649229424943879902e-24	4.445172562331427565e-17	8.278711388479713459e-14	5.958111898450195415e-14	7.028395673661100287e-24	5.723116748143700387e-28	1.587999987524404966e-02	6.787498107204573139e-02	2.125018927973106563e-03	1.758097059790993268e-10	2.119999948465513609e-03
7.480000000000000000e+02	2.392303648322219364e-14	2.335001929592529899e-16	1.096508477592763263e-23	1.994981191209931840e-03	5.018803639700204326e-06	6.649229423367026229e-24	4.445172561276592961e-17	8.278711386601030485e-14	5.958111897025958168e-14	7.028395671981894852e-24	5.723116745775801936e-28	1.587999987476085978e-02	6.787498107156375582e-02	2.125018928455108154e-03	1.760447058457941818e-10	2.119999948713709170e-03
7.490000000000000000e+02	2.392303647828110972e-14	2.335001929039207576e-16	1.096508477407816124e-23	1.994981191203496016e-03	5.018803638509999368e-06	6.649229421790172557e-24	4.445172560223226994e-17	8.278711384722828400e-14	5.958111895601144107e-14	7.028395670302010568e-24	5.723116743411686319e-28	1.587999987427766990e-02	6.787498107108178025e-02	2.125018928937109745e-03	1.762797057124333056e-10	2.119999948961904732e-03
7.500000000000000000e+02	2.392303647333194786e-14	2.335001928485097871e-16	1.096508477222607438e-23	1.994981191197060192e-03	5.018803637319793563e-06	6.649229420213318884e-24	4.445172559168361576e-17	8.278711382847362716e-14	5.958111894178983143e-14	7.028395668625256039e-24	5.723116741043707154e-28	1.587999987379448003e-02	6.787498107059980468e-02	2.125018929419111337e-03	1.765147055790166981e-10	2.119999949210100293e-03
7.510000000000000000e+02	2.392303646838207603e-14	2.335001927930919141e-16	1.096508477037375683e-23	1.994981191190624368e-03	5.018803636129587759e-06	6.649229418636465211e-24	4.445172558113364269e-17	8.278711380967911076e-14	5.958111892754180441e-14	7.028395666945382042e-24	5.723116738675388089e-28	1.587999987331129015e-02	6.787498107011782911e-02	2.125018929901112928e-03	1.767497054455443851e-10	2.119999949458295854e-03
7.520000000000000000e+02	2.392303646343744223e-14	2.335001927377251691e-16	1.096508476852313934e-23	1.994981191184188544e-03	5.018803634939383648e-06	6.649229417059611539e-24	4.445172557059340097e-17	8.278711379088236030e-14	5.958111891328958696e-14	7.028395665265018745e-24	5.723116736309574771e-28	1.587999987282810027e-02	6.787498106963585354e-02	2.125018930383114520e-03	1.769847053120163150e-10	2.119999949706491416e-03
7.530000000000000000e+02	2.392303645850009435e-14	2.335001926824292737e-16	1.096508476667488019e-23	1.994981191177752720e-03	5.018803633749178690e-06	6.649229415482759335e-24	4.445172556006667465e-17	8.278711377211812354e-14	5.958111889904687372e-14	7.028395663585773636e-24	5.723116733947246538e-28	1.587999987234491039e-02	6.787498106915387797e-02	2.125018930865116111e-03	1.772197051784325136e-10	2.119999949954686977e-03
7.540000000000000000e+02	2.392303645355826890e-14	2.335001926270898923e-16	1.096508476482517224e-23	1.994981191171316896e-03	5.018803632558972885e-06	6.649229413905904194e-24	4.445172554953164680e-17	8.278711375334159316e-14	5.958111888481280638e-14	7.028395661907551209e-24	5.723116731582777569e-28	1.587999987186172052e-02	6.787498106867190240e-02	2.125018931347117702e-03	1.774547050447929809e-10	2.119999950202882538e-03
7.550000000000000000e+02	2.392303644860563290e-14	2.335001925716450501e-16	1.096508476297195837e-23	1.994981191164881072e-03	5.018803631368767928e-06	6.649229412329050521e-24	4.445172553897653381e-17	8.278711373456194521e-14	5.958111887056909601e-14	7.028395660228187082e-24	5.723116729213136576e-28	1.587999987137853064e-02	6.787498106818992682e-02	2.125018931829119294e-03	1.776897049110977427e-10	2.119999950451078100e-03
7.560000000000000000e+02	2.392303644365843057e-14	2.335001925162531602e-16	1.096508476112050481e-23	1.994981191158445247e-03	5.018803630178562970e-06	6.649229410752199787e-24	4.445172552843151578e-17	8.278711371577983601e-14	5.958111885633039649e-14	7.028395658549413641e-24	5.723116726846094599e-28	1.587999987089534076e-02	6.787498106770795125e-02	2.125018932311120885e-03	1.779247047773467733e-10	2.119999950699273661e-03
7.570000000000000000e+02	2.392303643871846052e-14	2.335001924609318734e-16	1.096508475927139930e-23	1.994981191152009423e-03	5.018803628988357165e-06	6.649229409175344645e-24	4.445172551789993304e-17	8.278711369700320466e-14	5.958111884208580259e-14	7.028395656869951066e-24	5.723116724482511700e-28	1.587999987041215089e-02	6.787498106722597568e-02	2.125018932793122477e-03	1.781597046435400467e-10	2.119999950947469222e-03
7.580000000000000000e+02	2.392303643377075648e-14	2.335001924055351024e-16	1.096508475741978558e-23	1.994981191145573599e-03	5.018803627798151361e-06	6.649229407598489503e-24	4.445172550735399056e-17	8.278711367825357129e-14	5.958111882786785326e-14	7.028395655193624123e-24	5.723116722115231166e-28	1.587999986992896101e-02	6.787498106674400011e-02	2.125018933275124068e-03	1.783947045096776405e-10	2.119999951195664784e-03
7.590000000000000000e+02	2.392303642882234246e-14	2.335001923501313795e-16	1.096508475556793676e-23	1.994981191139137775e-03	5.018803626607946403e-06	6.649229406021635831e-24	4.445172549680671071e-17	8.278711365946407835e-14	5.958111881362343607e-14	7.028395653514176242e-24	5.723116719747608939e-28	1.587999986944577113e-02	6.787498106626202454e-02	2.125018933757125660e-03	1.786297043757594514e-10	2.119999951443860345e-03
7.600000000000000000e+02	2.392303642387915701e-14	2.335001922947786368e-16	1.096508475371778946e-23	1.994981191132701951e-03	5.018803625417741445e-06	6.649229404444783627e-24	4.445172548626915604e-17	8.278711364067235136e-14	5.958111879937481583e-14	7.028395651834236123e-24	5.723116717382488871e-28	1.587999986896258126e-02	6.787498106578004897e-02	2.125018934239127251e-03	1.788647042417855309e-10	2.119999951692055906e-03
7.610000000000000000e+02	2.392303641894324486e-14	2.335001922394970395e-16	1.096508475186999757e-23	1.994981191126266127e-03	5.018803624227536487e-06	6.649229402867928485e-24	4.445172547574511062e-17	8.278711362191312544e-14	5.958111878513568717e-14	7.028395650155415662e-24	5.723116715020848508e-28	1.587999986847939138e-02	6.787498106529807340e-02	2.125018934721128842e-03	1.790997041077559050e-10	2.119999951940251467e-03
7.620000000000000000e+02	2.392303641400287407e-14	2.335001921841718084e-16	1.096508475002076128e-23	1.994981191119830303e-03	5.018803623037331530e-06	6.649229401291074813e-24	4.445172546521278832e-17	8.278711360314159328e-14	5.958111877090526753e-14	7.028395648477622290e-24	5.723116712657073686e-28	1.587999986799620150e-02	6.787498106481609783e-02	2.125018935203130434e-03	1.793347039736705478e-10	2.119999952188447029e-03
7.630000000000000000e+02	2.392303640905169588e-14	2.335001921287410671e-16	1.096508474816801762e-23	1.994981191113394479e-03	5.018803621847126572e-06	6.649229399714222610e-24	4.445172545466038088e-17	8.278711358436700666e-14	5.958111875666516698e-14	7.028395646798685749e-24	5.723116710288129531e-28	1.587999986751301162e-02	6.787498106433412226e-02	2.125018935685132025e-03	1.795697038395294593e-10	2.119999952436642590e-03
7.640000000000000000e+02	2.392303640409432041e-14	2.335001920732498793e-16	1.096508474631326826e-23	1.994981191106958655e-03	5.018803620656919920e-06	6.649229398137367468e-24	4.445172544409646716e-17	8.278711356554871084e-14	5.958111874240063069e-14	7.028395645116866309e-24	5.723116707916218658e-28	1.587999986702982175e-02	6.787498106385214669e-02	2.125018936167133617e-03	1.798047037053326395e-10	2.119999952684838151e-03
7.650000000000000000e+02	2.392303639915553680e-14	2.335001920179401295e-16	1.096508474446454626e-23	1.994981191100522831e-03	5.018803619466714963e-06	6.649229396560513795e-24	4.445172543356707844e-17	8.278711354677715344e-14	5.958111872815950778e-14	7.028395643437810749e-24	5.723116705553206143e-28	1.587999986654663187e-02	6.787498106337017112e-02	2.125018936649135208e-03	1.800397035710800625e-10	2.119999952933033713e-03
7.660000000000000000e+02	2.392303639419784578e-14	2.335001919624459342e-16	1.096508474260969258e-23	1.994981191094087006e-03	5.018803618276509158e-06	6.649229394983661592e-24	4.445172542300256691e-17	8.278711352798579248e-14	5.958111871391793049e-14	7.028395641758696415e-24	5.723116703181148191e-28	1.587999986606344199e-02	6.787498106288819555e-02	2.125018937131136799e-03	1.802747034367718060e-10	2.119999953181229274e-03
7.670000000000000000e+02	2.392303638927607948e-14	2.335001919073022889e-16	1.096508474076648952e-23	1.994981191087651182e-03	5.018803617086304200e-06	6.649229393406806450e-24	4.445172541250482507e-17	8.278711350923083272e-14	5.958111869968005138e-14	7.028395640080027299e-24	5.723116700826274417e-28	1.587999986558025212e-02	6.787498106240621998e-02	2.125018937613138391e-03	1.805097033024077923e-10	2.119999953429424835e-03
7.680000000000000000e+02	2.392303638431943291e-14	2.335001918518182009e-16	1.096508473891197380e-23	1.994981191081215358e-03	5.018803615896099242e-06	6.649229391829955716e-24	4.445172540194224872e-17	8.278711349046441238e-14	5.958111868545836601e-14	7.028395638403258076e-24	5.723116698454713309e-28	1.587999986509706224e-02	6.787498106192424441e-02	2.125018938095139982e-03	1.807447031679880474e-10	2.119999953677620397e-03
7.690000000000000000e+02	2.392303637938609876e-14	2.335001917965617485e-16	1.096508473706501944e-23	1.994981191074779534e-03	5.018803614705894285e-06	6.649229390253099105e-24	4.445172539142301041e-17	8.278711347168957333e-14	5.958111867121635958e-14	7.028395636724102599e-24	5.723116696094307881e-28	1.587999986461387236e-02	6.787498106144226884e-02	2.125018938577141574e-03	1.809797030335125711e-10	2.119999953925815958e-03
7.700000000000000000e+02	2.392303637443635315e-14	2.335001917411450095e-16	1.096508473521274450e-23	1.994981191068343710e-03	5.018803613515688480e-06	6.649229388676248371e-24	4.445172538087326538e-17	8.278711345289825023e-14	5.958111865696786555e-14	7.028395635044172766e-24	5.723116693726047111e-28	1.587999986413068249e-02	6.787498106096029327e-02	2.125018939059143165e-03	1.812147028989813894e-10	2.119999954174011519e-03
7.710000000000000000e+02	2.392303636948560410e-14	2.335001916857185083e-16	1.096508473336014043e-23	1.994981191061907886e-03	5.018803612325484369e-06	6.649229387099393229e-24	4.445172537032165296e-17	8.278711343413001236e-14	5.958111864273098356e-14	7.028395633365613853e-24	5.723116691357311020e-28	1.587999986364749261e-02	6.787498106047831770e-02	2.125018939541144757e-03	1.814497027643944506e-10	2.119999954422207081e-03
7.720000000000000000e+02	2.392303636454096715e-14	2.335001916303516154e-16	1.096508473150952000e-23	1.994981191055472062e-03	5.018803611135278565e-06	6.649229385522539556e-24	4.445172535978139275e-17	8.278711341535826564e-14	5.958111862849942796e-14	7.028395631687683829e-24	5.723116688991493218e-28	1.587999986316430273e-02	6.787498105999634213e-02	2.125018940023146348e-03	1.816847026297517804e-10	2.119999954670402642e-03
7.730000000000000000e+02	2.392303635960308284e-14	2.335001915750506417e-16	1.096508472966109039e-23	1.994981191049036238e-03	5.018803609945072760e-06	6.649229383945685884e-24	4.445172534925368035e-17	8.278711339659030545e-14	5.958111861426191488e-14	7.028395630009055855e-24	5.723116686628911182e-28	1.587999986268111285e-02	6.787498105951436655e-02	2.125018940505147939e-03	1.819197024950534048e-10	2.119999954918598203e-03
7.740000000000000000e+02	2.392303635463618108e-14	2.335001915194665656e-16	1.096508472780324655e-23	1.994981191042600414e-03	5.018803608754867802e-06	6.649229382368832211e-24	4.445172533867207273e-17	8.278711337776389382e-14	5.958111859999469015e-14	7.028395628326917562e-24	5.723116684252442614e-28	1.587999986219792298e-02	6.787498105903239098e-02	2.125018940987149531e-03	1.821547023602992980e-10	2.119999955166793765e-03
7.750000000000000000e+02	2.392303634971581265e-14	2.335001914643365282e-16	1.096508472596049753e-23	1.994981191036164590e-03	5.018803607564661997e-06	6.649229380791977069e-24	4.445172532817690701e-17	8.278711335901397015e-14	5.958111858576033251e-14	7.028395626648667216e-24	5.723116681898239670e-28	1.587999986171473310e-02	6.787498105855041541e-02	2.125018941469151122e-03	1.823897022254894339e-10	2.119999955414989326e-03
7.760000000000000000e+02	2.392303634474995849e-14	2.335001914087626579e-16	1.096508472410299899e-23	1.994981191029728766e-03	5.018803606374457040e-06	6.649229379215123396e-24	4.445172531759723457e-17	8.278711334020842231e-14	5.958111857151369389e-14	7.028395624968953380e-24	5.723116679522276018e-28	1.587999986123154322e-02	6.787498105806843984e-02	2.125018941951152714e-03	1.826247020906238386e-10	2.119999955663184887e-03
7.770000000000000000e+02	2.392303633981687678e-14	2.335001913535085721e-16	1.096508472225612544e-23	1.994981191023292941e-03	5.018803605184252929e-06	6.649229377638271193e-24	4.445172530707845233e-17	8.278711332145921808e-14	5.958111855728178488e-14	7.028395623290983683e-24	5.723116677161989869e-28	1.587999986074835335e-02	6.787498105758646427e-02	2.125018942433154305e-03	1.828597019557025120e-10	2.119999955911380449e-03
7.780000000000000000e+02	2.392303633486857320e-14	2.335001912981059340e-16	1.096508472040431483e-23	1.994981191016857117e-03	5.018803603994047971e-06	6.649229376061418990e-24	4.445172529653137586e-17	8.278711330265537419e-14	5.958111854302944122e-14	7.028395621610602753e-24	5.723116674794419659e-28	1.587999986026516347e-02	6.787498105710448870e-02	2.125018942915155896e-03	1.830947018207255058e-10	2.119999956159576010e-03
7.790000000000000000e+02	2.392303632991925988e-14	2.335001912426934351e-16	1.096508471855217654e-23	1.994981191010421293e-03	5.018803602803841320e-06	6.649229374484563848e-24	4.445172528598243818e-17	8.278711328389213454e-14	5.958111852879613119e-14	7.028395619932467018e-24	5.723116672426366954e-28	1.587999985978197359e-02	6.787498105662251313e-02	2.125018943397157488e-03	1.833297016856927425e-10	2.119999956407771571e-03
7.800000000000000000e+02	2.392303632497606812e-14	2.335001911873406431e-16	1.096508471670202484e-23	1.994981191003985469e-03	5.018803601613637209e-06	6.649229372907710175e-24	4.445172527544485886e-17	8.278711326512538604e-14	5.958111851456819804e-14	7.028395618254964581e-24	5.723116670061244195e-28	1.587999985929878372e-02	6.787498105614053756e-02	2.125018943879159079e-03	1.835647015506042220e-10	2.119999956655967133e-03
7.810000000000000000e+02	2.392303632003963848e-14	2.335001911320539675e-16	1.096508471485406690e-23	1.994981190997549645e-03	5.018803600423431404e-06	6.649229371330857972e-24	4.445172526491987666e-17	8.278711324636244932e-14	5.958111850033429478e-14	7.028395616576761254e-24	5.723116667699356306e-28	1.587999985881559384e-02	6.787498105565856199e-02	2.125018944361160671e-03	1.837997014154599960e-10	2.119999956904162694e-03
7.820000000000000000e+02	2.392303631507419453e-14	2.335001910764840908e-16	1.096508471299669620e-23	1.994981190991113821e-03	5.018803599233226446e-06	6.649229369754001361e-24	4.445172525434096226e-17	8.278711322754108640e-14	5.958111848607069250e-14	7.028395614895052016e-24	5.723116665323588164e-28	1.587999985833240396e-02	6.787498105517658642e-02	2.125018944843162262e-03	1.840347012802600388e-10	2.119999957152358255e-03
7.830000000000000000e+02	2.392303631012963331e-14	2.335001910211178882e-16	1.096508471114609928e-23	1.994981190984677997e-03	5.018803598043020642e-06	6.649229368177149158e-24	4.445172524380083763e-17	8.278711320877229317e-14	5.958111847183468141e-14	7.028395613216594490e-24	5.723116662957807131e-28	1.587999985784921408e-02	6.787498105469461085e-02	2.125018945325163854e-03	1.842697011450043503e-10	2.119999957400553817e-03
7.840000000000000000e+02	2.392303630519080237e-14	2.335001909658076947e-16	1.096508470929736405e-23	1.994981190978242173e-03	5.018803596852815684e-06	6.649229366600295485e-24	4.445172523327138111e-17	8.278711318999564920e-14	5.958111845759695376e-14	7.028395611537935659e-24	5.723116660594773092e-28	1.587999985736602421e-02	6.787498105421263528e-02	2.125018945807165445e-03	1.845047010096929305e-10	2.119999957648749378e-03
7.850000000000000000e+02	2.392303630025922580e-14	2.335001909105683508e-16	1.096508470745098128e-23	1.994981190971806349e-03	5.018803595662609879e-06	6.649229365023441812e-24	4.445172522275539686e-17	8.278711317123391154e-14	5.958111844336116987e-14	7.028395609859514867e-24	5.723116658235205305e-28	1.587999985688283433e-02	6.787498105373065971e-02	2.125018946289167036e-03	1.847397008743257535e-10	2.119999957896944939e-03
7.860000000000000000e+02	2.392303629531238635e-14	2.335001908551800107e-16	1.096508470559964526e-23	1.994981190965370525e-03	5.018803594472404922e-06	6.649229363446589609e-24	4.445172521221105059e-17	8.278711315245266063e-14	5.958111842911992074e-14	7.028395608180440205e-24	5.723116655868335520e-28	1.587999985639964445e-02	6.787498105324868414e-02	2.125018946771168628e-03	1.849747007389028969e-10	2.119999958145140501e-03
7.870000000000000000e+02	2.392303629037135923e-14	2.335001907998483701e-16	1.096508470375019739e-23	1.994981190958934700e-03	5.018803593282199964e-06	6.649229361869735936e-24	4.445172520167749569e-17	8.278711313368760344e-14	5.958111841488354362e-14	7.028395606501945944e-24	5.723116653504249498e-28	1.587999985591645458e-02	6.787498105276670857e-02	2.125018947253170219e-03	1.852097006034242832e-10	2.119999958393336062e-03
7.880000000000000000e+02	2.392303628541154459e-14	2.335001907443333685e-16	1.096508470189465458e-23	1.994981190952498876e-03	5.018803592091994159e-06	6.649229360292880795e-24	4.445172519110903987e-17	8.278711311489126950e-14	5.958111840063657684e-14	7.028395604822196843e-24	5.723116651131171848e-28	1.587999985543326470e-02	6.787498105228473300e-02	2.125018947735171811e-03	1.854447004678899382e-10	2.119999958641531623e-03
7.890000000000000000e+02	2.392303628047595745e-14	2.335001906890549267e-16	1.096508470004696848e-23	1.994981190946063052e-03	5.018803590901789201e-06	6.649229358716030061e-24	4.445172518058562306e-17	8.278711309613381063e-14	5.958111838640611933e-14	7.028395603144397593e-24	5.723116648769692017e-28	1.587999985495007482e-02	6.787498105180275743e-02	2.125018948217173402e-03	1.856797003322998878e-10	2.119999958889727185e-03
7.900000000000000000e+02	2.392303627551197447e-14	2.335001906334992495e-16	1.096508469819007385e-23	1.994981190939627228e-03	5.018803589711583397e-06	6.649229357139174919e-24	4.445172517000940805e-17	8.278711307731747118e-14	5.958111837214615211e-14	7.028395601463115941e-24	5.723116646394618022e-28	1.587999985446688495e-02	6.787498105132078186e-02	2.125018948699174993e-03	1.859147001966540802e-10	2.119999959137922746e-03
7.910000000000000000e+02	2.392303627056885845e-14	2.335001905781471971e-16	1.096508469633994419e-23	1.994981190933191404e-03	5.018803588521379286e-06	6.649229355562319777e-24	4.445172515947198897e-17	8.278711305855371404e-14	5.958111835791375085e-14	7.028395599785086000e-24	5.723116644029530240e-28	1.587999985398369507e-02	6.787498105083880628e-02	2.125018949181176585e-03	1.861497000609525414e-10	2.119999959386118307e-03
7.920000000000000000e+02	2.392303626563149479e-14	2.335001905228513510e-16	1.096508469449168503e-23	1.994981190926755580e-03	5.018803587331174328e-06	6.649229353985467573e-24	4.445172514894525032e-17	8.278711303978210616e-14	5.958111834367962041e-14	7.028395598106857695e-24	5.723116641667196626e-28	1.587999985350050519e-02	6.787498105035683071e-02	2.125018949663178176e-03	1.863846999251952712e-10	2.119999959634313869e-03
7.930000000000000000e+02	2.392303626070136657e-14	2.335001904676261079e-16	1.096508469264577099e-23	1.994981190920319756e-03	5.018803586140968524e-06	6.649229352408612432e-24	4.445172513843195313e-17	8.278711302102540459e-14	5.958111832944747158e-14	7.028395596428861550e-24	5.723116639308324780e-28	1.587999985301731531e-02	6.787498104987485514e-02	2.125018950145179768e-03	1.866196997893822956e-10	2.119999959882509430e-03
7.940000000000000000e+02	2.392303625575598809e-14	2.335001904122519674e-16	1.096508469079490958e-23	1.994981190913883932e-03	5.018803584950763566e-06	6.649229350831758759e-24	4.445172512789031857e-17	8.278711300224920238e-14	5.958111831520985753e-14	7.028395594750215944e-24	5.723116636942153626e-28	1.587999985253412544e-02	6.787498104939287957e-02	2.125018950627181359e-03	1.868546996535135628e-10	2.119999960130704991e-03
7.950000000000000000e+02	2.392303625078939240e-14	2.335001903566708494e-16	1.096508468893716566e-23	1.994981190907448108e-03	5.018803583760558608e-06	6.649229349254905086e-24	4.445172511730927178e-17	8.278711298344836247e-14	5.958111830096348397e-14	7.028395593070535903e-24	5.723116634565833932e-28	1.587999985205093556e-02	6.787498104891090400e-02	2.125018951109182951e-03	1.870896995175891246e-10	2.119999960378900553e-03
7.960000000000000000e+02	2.392303624584614700e-14	2.335001903013176137e-16	1.096508468708699632e-23	1.994981190901012284e-03	5.018803582570352803e-06	6.649229347678051414e-24	4.445172510677160001e-17	8.278711296465673645e-14	5.958111828670422357e-14	7.028395591389339474e-24	5.723116632200685165e-28	1.587999985156774568e-02	6.787498104842892843e-02	2.125018951591184542e-03	1.873246993816089293e-10	2.119999960627096114e-03
7.970000000000000000e+02	2.392303624091203977e-14	2.335001902460535193e-16	1.096508468523979217e-23	1.994981190894576459e-03	5.018803581380147846e-06	6.649229346101199210e-24	4.445172509625090725e-17	8.278711294590428842e-14	5.958111827247732541e-14	7.028395589711963402e-24	5.723116629839907553e-28	1.587999985108455581e-02	6.787498104794695286e-02	2.125018952073186133e-03	1.875596992455730285e-10	2.119999960875291675e-03
7.980000000000000000e+02	2.392303623594949567e-14	2.335001901905118444e-16	1.096508468338336186e-23	1.994981190888140635e-03	5.018803580189942041e-06	6.649229344524345538e-24	4.445172508567738545e-17	8.278711292709297244e-14	5.958111825822094277e-14	7.028395588031101989e-24	5.723116627465526808e-28	1.587999985060136593e-02	6.787498104746497729e-02	2.125018952555187725e-03	1.877946991094813964e-10	2.119999961123487237e-03
7.990000000000000000e+02	2.392303623100784061e-14	2.335001901351741394e-16	1.096508468153370975e-23	1.994981190881704811e-03	5.018803578999737083e-06	6.649229342947493335e-24	4.445172507514267808e-17	8.278711290833423876e-14	5.958111824399217658e-14	7.028395586353502573e-24	5.723116625101137657e-28	1.587999985011817605e-02	6.787498104698300172e-02	2.125018953037189316e-03	1.880296989733340072e-10	2.119999961371682798e-03
8.000000000000000000e+02	2.392303622607192531e-14	2.335001900798923448e-16	1.096508467968591932e-23	1.994981190875268987e-03	5.018803577809532973e-06	6.649229341370639662e-24	4.445172506461862033e-17	8.278711288956769221e-14	5.958111822976168121e-14	7.028395584675701854e-24	5.723116622739496397e-28	1.587999984963498618e-02	6.787498104650102615e-02	2.125018953519190908e-03	1.882646988371309125e-10	2.119999961619878359e-03
8.010000000000000000e+02	2.392303622111725405e-14	2.335001900244276825e-16	1.096508467783204571e-23	1.994981190868833163e-03	5.018803576619327168e-06	6.649229339793784520e-24	4.445172505405973560e-17	8.278711287079368619e-14	5.958111821552630121e-14	7.028395582997317796e-24	5.723116620368881445e-28	1.587999984915179630e-02	6.787498104601905058e-02	2.125018954001192499e-03	1.884996987008720866e-10	2.119999961868073921e-03
8.020000000000000000e+02	2.392303621618745083e-14	2.335001899692055456e-16	1.096508467598623599e-23	1.994981190862397339e-03	5.018803575429122210e-06	6.649229338216932317e-24	4.445172504354703621e-17	8.278711285200376411e-14	5.958111820126965352e-14	7.028395581316435812e-24	5.723116618010163854e-28	1.587999984866860642e-02	6.787498104553707501e-02	2.125018954483194090e-03	1.887346985645575035e-10	2.119999962116269482e-03
8.030000000000000000e+02	2.392303621124933303e-14	2.335001899139022546e-16	1.096508467413772851e-23	1.994981190855961515e-03	5.018803574238916405e-06	6.649229336640078644e-24	4.445172503301888625e-17	8.278711283324872862e-14	5.958111818704043295e-14	7.028395579638782029e-24	5.723116615647467023e-28	1.587999984818541654e-02	6.787498104505509944e-02	2.125018954965195682e-03	1.889696984281872149e-10	2.119999962364465043e-03
8.040000000000000000e+02	2.392303620629242456e-14	2.335001898584157014e-16	1.096508467228312904e-23	1.994981190849525691e-03	5.018803573048710601e-06	6.649229335063224972e-24	4.445172502245584151e-17	8.278711281446245424e-14	5.958111817280072368e-14	7.028395577959889570e-24	5.723116613275780359e-28	1.587999984770222667e-02	6.787498104457312387e-02	2.125018955447197273e-03	1.892046982917611951e-10	2.119999962612660604e-03
8.050000000000000000e+02	2.392303620136544231e-14	2.335001898032211253e-16	1.096508467043823620e-23	1.994981190843089867e-03	5.018803571858505643e-06	6.649229333486369830e-24	4.445172501194839298e-17	8.278711279571508016e-14	5.958111815857276529e-14	7.028395576282388601e-24	5.723116610918415188e-28	1.587999984721903679e-02	6.787498104409114830e-02	2.125018955929198865e-03	1.894396981552794698e-10	2.119999962860856166e-03
8.060000000000000000e+02	2.392303619639866992e-14	2.335001897476382324e-16	1.096508466858043203e-23	1.994981190836654043e-03	5.018803570668300685e-06	6.649229331909519096e-24	4.445172500136701339e-17	8.278711277690876240e-14	5.958111814432472565e-14	7.028395574602511665e-24	5.723116608542009399e-28	1.587999984673584691e-02	6.787498104360917273e-02	2.125018956411200456e-03	1.896746980187419873e-10	2.119999963109051727e-03
8.070000000000000000e+02	2.392303619146018924e-14	2.335001896923315888e-16	1.096508466673181435e-23	1.994981190830218219e-03	5.018803569478095728e-06	6.649229330332665423e-24	4.445172499083820399e-17	8.278711275815664254e-14	5.958111813009661579e-14	7.028395572924991595e-24	5.723116606179140377e-28	1.587999984625265704e-02	6.787498104312719716e-02	2.125018956893202048e-03	1.899096978821487478e-10	2.119999963357247288e-03
8.080000000000000000e+02	2.392303618651219174e-14	2.335001896369319089e-16	1.096508466488010218e-23	1.994981190823782394e-03	5.018803568287889923e-06	6.649229328755808812e-24	4.445172498029171300e-17	8.278711273935245785e-14	5.958111811584322452e-14	7.028395571244485769e-24	5.723116603811719040e-28	1.587999984576946716e-02	6.787498104264522159e-02	2.125018957375203639e-03	1.901446977454998027e-10	2.119999963605442850e-03
8.090000000000000000e+02	2.392303618155889941e-14	2.335001895814806079e-16	1.096508466302667526e-23	1.994981190817346570e-03	5.018803567097684965e-06	6.649229327178956609e-24	4.445172496973538591e-17	8.278711272058347530e-14	5.958111810161136600e-14	7.028395569566519011e-24	5.723116601441762363e-28	1.587999984528627728e-02	6.787498104216324601e-02	2.125018957857205230e-03	1.903796976087951523e-10	2.119999963853638411e-03
8.100000000000000000e+02	2.392303617663055086e-14	2.335001895262727198e-16	1.096508466118133868e-23	1.994981190810910746e-03	5.018803565907480007e-06	6.649229325602101467e-24	4.445172495922538591e-17	8.278711270179853882e-14	5.958111808735834076e-14	7.028395567886064613e-24	5.723116599083740712e-28	1.587999984480308741e-02	6.787498104168127044e-02	2.125018958339206822e-03	1.906146974720347447e-10	2.119999964101833972e-03
8.110000000000000000e+02	2.392303617166686449e-14	2.335001894707198529e-16	1.096508465932453515e-23	1.994981190804474922e-03	5.018803564717274203e-06	6.649229324025247794e-24	4.445172494864972556e-17	8.278711268300777109e-14	5.958111807311914898e-14	7.028395566207227990e-24	5.723116596708812004e-28	1.587999984431989753e-02	6.787498104119929487e-02	2.125018958821208413e-03	1.908496973352186058e-10	2.119999964350029534e-03
8.120000000000000000e+02	2.392303616672652525e-14	2.335001894153950162e-16	1.096508465747530915e-23	1.994981190798039098e-03	5.018803563527068398e-06	6.649229322448394122e-24	4.445172493811747105e-17	8.278711266422619200e-14	5.958111805886710824e-14	7.028395564526888203e-24	5.723116594345053325e-28	1.587999984383670765e-02	6.787498104071731930e-02	2.125018959303210005e-03	1.910846971983467356e-10	2.119999964598225095e-03
8.130000000000000000e+02	2.392303616180101976e-14	2.335001893602148861e-16	1.096508465563089386e-23	1.994981190791603274e-03	5.018803562336864287e-06	6.649229320871541918e-24	4.445172492761276504e-17	8.278711264548386663e-14	5.958111804464272181e-14	7.028395562849807474e-24	5.723116591988393064e-28	1.587999984335351777e-02	6.787498104023534373e-02	2.125018959785211596e-03	1.913196970614191599e-10	2.119999964846420656e-03
8.140000000000000000e+02	2.392303615683570834e-14	2.335001893046462421e-16	1.096508465377356871e-23	1.994981190785167450e-03	5.018803561146659330e-06	6.649229319294688246e-24	4.445172491703409716e-17	8.278711262668257234e-14	5.958111803039832986e-14	7.028395561170359593e-24	5.723116589612685009e-28	1.587999984287032790e-02	6.787498103975336816e-02	2.125018960267213187e-03	1.915546969244358272e-10	2.119999965094616218e-03
8.150000000000000000e+02	2.392303615188400635e-14	2.335001892492104718e-16	1.096508465192065900e-23	1.994981190778731626e-03	5.018803559956453525e-06	6.649229317717833104e-24	4.445172490648071597e-17	8.278711260788644035e-14	5.958111801614928048e-14	7.028395559490368046e-24	5.723116587243491535e-28	1.587999984238713802e-02	6.787498103927139259e-02	2.125018960749214779e-03	1.917896967873967889e-10	2.119999965342811779e-03
8.160000000000000000e+02	2.392303614694024030e-14	2.335001891938521084e-16	1.096508465007032069e-23	1.994981190772295802e-03	5.018803558766249414e-06	6.649229316140980900e-24	4.445172489594208278e-17	8.278711258909516774e-14	5.958111800189446295e-14	7.028395557809696181e-24	5.723116584878093449e-28	1.587999984190394814e-02	6.787498103878941702e-02	2.125018961231216370e-03	1.920246966503020194e-10	2.119999965591007340e-03
8.170000000000000000e+02	2.392303614198966480e-14	2.335001891384272836e-16	1.096508464821777245e-23	1.994981190765859978e-03	5.018803557576043610e-06	6.649229314564127228e-24	4.445172488539078468e-17	8.278711257033459129e-14	5.958111798766727448e-14	7.028395556132278967e-24	5.723116582509438970e-28	1.587999984142075827e-02	6.787498103830744145e-02	2.125018961713217962e-03	1.922596965131523458e-10	2.119999965839202902e-03
8.180000000000000000e+02	2.392303613706219977e-14	2.335001890832280236e-16	1.096508464637272386e-23	1.994981190759424153e-03	5.018803556385837805e-06	6.649229312987272086e-24	4.445172487488245484e-17	8.278711255155371902e-14	5.958111797341849016e-14	7.028395554452325624e-24	5.723116580151838830e-28	1.587999984093756839e-02	6.787498103782546588e-02	2.125018962195219553e-03	1.924946963759460878e-10	2.119999966087398463e-03
8.190000000000000000e+02	2.392303613210015739e-14	2.335001890276912791e-16	1.096508464451645518e-23	1.994981190752988329e-03	5.018803555195632847e-06	6.649229311410422821e-24	4.445172486430985133e-17	8.278711253276620770e-14	5.958111795918350144e-14	7.028395552773988585e-24	5.723116577777698436e-28	1.587999984045437851e-02	6.787498103734349031e-02	2.125018962677221145e-03	1.927296962386840986e-10	2.119999966335594024e-03
8.200000000000000000e+02	2.392303612716108349e-14	2.335001889723787683e-16	1.096508464266763914e-23	1.994981190746552505e-03	5.018803554005427889e-06	6.649229309833567679e-24	4.445172485377993259e-17	8.278711251399141913e-14	5.958111794493451517e-14	7.028395551094002916e-24	5.723116575414544221e-28	1.587999983997118864e-02	6.787498103686151474e-02	2.125018963159222736e-03	1.929646961013664297e-10	2.119999966583789586e-03
8.210000000000000000e+02	2.392303612223702950e-14	2.335001889172128378e-16	1.096508464082369845e-23	1.994981190740116681e-03	5.018803552815222932e-06	6.649229308256715476e-24	4.445172484327793829e-17	8.278711249525411723e-14	5.958111793071377643e-14	7.028395549417352711e-24	5.723116573058577211e-28	1.587999983948799876e-02	6.787498103637953917e-02	2.125018963641224327e-03	1.931996959639930037e-10	2.119999966831985147e-03
8.220000000000000000e+02	2.392303611727316643e-14	2.335001888616583439e-16	1.096508463896684056e-23	1.994981190733680857e-03	5.018803551625017127e-06	6.649229306679860334e-24	4.445172483270196363e-17	8.278711247645787165e-14	5.958111791647299431e-14	7.028395547738332417e-24	5.723116570683564200e-28	1.587999983900480888e-02	6.787498103589756360e-02	2.125018964123225919e-03	1.934346958265638206e-10	2.119999967080180708e-03
8.230000000000000000e+02	2.392303611232293487e-14	2.335001888062368717e-16	1.096508463711440546e-23	1.994981190727245033e-03	5.018803550434812169e-06	6.649229305103005192e-24	4.445172482215131264e-17	8.278711245766678837e-14	5.958111790222755475e-14	7.028395546058766986e-24	5.723116568315072944e-28	1.587999983852161900e-02	6.787498103541558803e-02	2.125018964605227510e-03	1.936696956890789320e-10	2.119999967328376270e-03
8.240000000000000000e+02	2.392303610738062348e-14	2.335001887508927079e-16	1.096508463526454029e-23	1.994981190720809209e-03	5.018803549244606364e-06	6.649229303526151520e-24	4.445172481161537884e-17	8.278711243888055185e-14	5.958111788797638492e-14	7.028395544378525647e-24	5.723116565950369902e-28	1.587999983803842913e-02	6.787498103493361246e-02	2.125018965087229102e-03	1.939046955515383122e-10	2.119999967576571831e-03
8.250000000000000000e+02	2.392303610243024047e-14	2.335001886954698059e-16	1.096508463341205376e-23	1.994981190714373385e-03	5.018803548054401407e-06	6.649229301949297847e-24	4.445172480106444435e-17	8.278711242012165409e-14	5.958111787375173342e-14	7.028395542701406714e-24	5.723116563581806900e-28	1.587999983755523925e-02	6.787498103445163689e-02	2.125018965569230693e-03	1.941396954139419610e-10	2.119999967824767392e-03
8.260000000000000000e+02	2.392303609750478861e-14	2.335001886402902181e-16	1.096508463156765904e-23	1.994981190707937561e-03	5.018803546864195602e-06	6.649229300372444174e-24	4.445172479055984927e-17	8.278711240134676455e-14	5.958111785950595308e-14	7.028395541021807489e-24	5.723116561225172647e-28	1.587999983707204937e-02	6.787498103396966131e-02	2.125018966051232285e-03	1.943746952762898786e-10	2.119999968072962954e-03
8.270000000000000000e+02	2.392303609254401788e-14	2.335001885847657996e-16	1.096508462971180325e-23	1.994981190701501737e-03	5.018803545673990644e-06	6.649229298795590502e-24	4.445172477998960618e-17	8.278711238256605636e-14	5.958111784527400621e-14	7.028395539343826037e-24	5.723116558851634923e-28	1.587999983658885950e-02	6.787498103348768574e-02	2.125018966533233876e-03	1.946096951385820390e-10	2.119999968321158515e-03
8.280000000000000000e+02	2.392303608760659427e-14	2.335001885294693618e-16	1.096508462786352206e-23	1.994981190695065913e-03	5.018803544483786534e-06	6.649229297218738299e-24	4.445172476946275044e-17	8.278711236379454946e-14	5.958111783102919774e-14	7.028395537664338483e-24	5.723116556489275301e-28	1.587999983610566962e-02	6.787498103300571017e-02	2.125018967015235467e-03	1.948446950008185198e-10	2.119999968569354076e-03
8.290000000000000000e+02	2.392303608266354766e-14	2.335001884741180983e-16	1.096508462601342032e-23	1.994981190688630088e-03	5.018803543293581576e-06	6.649229295641886095e-24	4.445172475892546694e-17	8.278711234501376554e-14	5.958111781679212643e-14	7.028395535985757530e-24	5.723116554124220702e-28	1.587999983562247974e-02	6.787498103252373460e-02	2.125018967497237059e-03	1.950796948629992434e-10	2.119999968817549638e-03
8.300000000000000000e+02	2.392303607770968419e-14	2.335001884186611273e-16	1.096508462415980238e-23	1.994981190682194264e-03	5.018803542103374924e-06	6.649229294065029484e-24	4.445172474836806133e-17	8.278711232622988929e-14	5.958111780254533634e-14	7.028395534306033408e-24	5.723116551753990491e-28	1.587999983513928987e-02	6.787498103204175903e-02	2.125018967979238650e-03	1.953146947251242358e-10	2.119999969065745199e-03
8.310000000000000000e+02	2.392303607276091677e-14	2.335001883632539532e-16	1.096508462230784482e-23	1.994981190675758440e-03	5.018803540913169966e-06	6.649229292488177281e-24	4.445172473782012821e-17	8.278711230744385472e-14	5.958111778830349400e-14	7.028395532626891155e-24	5.723116549386202351e-28	1.587999983465609999e-02	6.787498103155978346e-02	2.125018968461240242e-03	1.955496945871934969e-10	2.119999969313940760e-03
8.320000000000000000e+02	2.392303606782006319e-14	2.335001883079240382e-16	1.096508462045845278e-23	1.994981190669322616e-03	5.018803539722965009e-06	6.649229290911323608e-24	4.445172472728691844e-17	8.278711228866269216e-14	5.958111777405593399e-14	7.028395530947075933e-24	5.723116547022197044e-28	1.587999983417291011e-02	6.787498103107780789e-02	2.125018968943241833e-03	1.957846944492070525e-10	2.119999969562136322e-03
8.330000000000000000e+02	2.392303606287112852e-14	2.335001882525153357e-16	1.096508461860643939e-23	1.994981190662886792e-03	5.018803538532759204e-06	6.649229289334469936e-24	4.445172471673868333e-17	8.278711226990883049e-14	5.958111775983491757e-14	7.028395529270386055e-24	5.723116544654326395e-28	1.587999983368972023e-02	6.787498103059583232e-02	2.125018969425243424e-03	1.960196943111648510e-10	2.119999969810331883e-03
8.340000000000000000e+02	2.392303605792149966e-14	2.335001881970997306e-16	1.096508461675419825e-23	1.994981190656450968e-03	5.018803537342555093e-06	6.649229287757617732e-24	4.445172470618914784e-17	8.278711225111509664e-14	5.958111774558747115e-14	7.028395527590582588e-24	5.723116542286122125e-28	1.587999983320653036e-02	6.787498103011385675e-02	2.125018969907245016e-03	1.962546941730669182e-10	2.119999970058527444e-03
8.350000000000000000e+02	2.392303605297710252e-14	2.335001881417352043e-16	1.096508461490365717e-23	1.994981190650015144e-03	5.018803536152350136e-06	6.649229286180764060e-24	4.445172469564933752e-17	8.278711223231915397e-14	5.958111773133584693e-14	7.028395525910289820e-24	5.723116539920421807e-28	1.587999983272334048e-02	6.787498102963188118e-02	2.125018970389246607e-03	1.964896940349132541e-10	2.119999970306723006e-03
8.360000000000000000e+02	2.392303604803997237e-14	2.335001880864415769e-16	1.096508461305547001e-23	1.994981190643579320e-03	5.018803534962144331e-06	6.649229284603908918e-24	4.445172468512302412e-17	8.278711221355571238e-14	5.958111771709368904e-14	7.028395524231112303e-24	5.723116537558198504e-28	1.587999983224015060e-02	6.787498102914990561e-02	2.125018970871248199e-03	1.967246938967038845e-10	2.119999970554918567e-03
8.370000000000000000e+02	2.392303604309837727e-14	2.335001880311045128e-16	1.096508461120583994e-23	1.994981190637143496e-03	5.018803533771939373e-06	6.649229283027056715e-24	4.445172467458845234e-17	8.278711219477998980e-14	5.958111770286024017e-14	7.028395522552958935e-24	5.723116535193843432e-28	1.587999983175696073e-02	6.787498102866793004e-02	2.125018971353249790e-03	1.969596937584387837e-10	2.119999970803114128e-03
8.380000000000000000e+02	2.392303603814598739e-14	2.335001879756619879e-16	1.096508460935270101e-23	1.994981190630707672e-03	5.018803532581734416e-06	6.649229281450203042e-24	4.445172466403377692e-17	8.278711217600118750e-14	5.958111768861711040e-14	7.028395520873663869e-24	5.723116532824316337e-28	1.587999983127377085e-02	6.787498102818595447e-02	2.125018971835251382e-03	1.971946936201179257e-10	2.119999971051309690e-03
8.390000000000000000e+02	2.392303603319867462e-14	2.335001879202690133e-16	1.096508460750121365e-23	1.994981190624271847e-03	5.018803531391528611e-06	6.649229279873350839e-24	4.445172465348854935e-17	8.278711215722018902e-14	5.958111767437890312e-14	7.028395519194950672e-24	5.723116530457222344e-28	1.587999983079058097e-02	6.787498102770397890e-02	2.125018972317252973e-03	1.974296934817413364e-10	2.119999971299505251e-03
8.400000000000000000e+02	2.392303602825927571e-14	2.335001878649532978e-16	1.096508460565229475e-23	1.994981190617836023e-03	5.018803530201322806e-06	6.649229278296494227e-24	4.445172464295803280e-17	8.278711213844403730e-14	5.958111766013496556e-14	7.028395517515563035e-24	5.723116528093914771e-28	1.587999983030739110e-02	6.787498102722200333e-02	2.125018972799254564e-03	1.976646933433090676e-10	2.119999971547700812e-03
8.410000000000000000e+02	2.392303602330036353e-14	2.335001878094471216e-16	1.096508460379703994e-23	1.994981190611400199e-03	5.018803529011118695e-06	6.649229276719642024e-24	4.445172463239125946e-17	8.278711211964842280e-14	5.958111764589034642e-14	7.028395515836091645e-24	5.723116525721269394e-28	1.587999982982420122e-02	6.787498102674002776e-02	2.125018973281256156e-03	1.978996932048210157e-10	2.119999971795896374e-03
8.420000000000000000e+02	2.392303601837738239e-14	2.335001877542916928e-16	1.096508460195344455e-23	1.994981190604964375e-03	5.018803527820913738e-06	6.649229275142788352e-24	4.445172462189124348e-17	8.278711210088925999e-14	5.958111763164943809e-14	7.028395514157064003e-24	5.723116523365815371e-28	1.587999982934101134e-02	6.787498102625805219e-02	2.125018973763257747e-03	1.981346930662772584e-10	2.119999972044091935e-03
8.430000000000000000e+02	2.392303601341952412e-14	2.335001876987957718e-16	1.096508460009853651e-23	1.994981190598528551e-03	5.018803526630709627e-06	6.649229273565936148e-24	4.445172461132642381e-17	8.278711208211864922e-14	5.958111761742473611e-14	7.028395512479939193e-24	5.723116520993674910e-28	1.587999982885782146e-02	6.787498102577607662e-02	2.125018974245259339e-03	1.983696929276777439e-10	2.119999972292287496e-03
8.440000000000000000e+02	2.392303600848498144e-14	2.335001876435274372e-16	1.096508459825119130e-23	1.994981190592092727e-03	5.018803525440502128e-06	6.649229271989079537e-24	4.445172460080492985e-17	8.278711206333958187e-14	5.958111760317970045e-14	7.028395510800423721e-24	5.723116518632689233e-28	1.587999982837463159e-02	6.787498102529410104e-02	2.125018974727260930e-03	1.986046927890225240e-10	2.119999972540483058e-03
8.450000000000000000e+02	2.392303600353401467e-14	2.335001875880987667e-16	1.096508459639851670e-23	1.994981190585656903e-03	5.018803524250297171e-06	6.649229270412224395e-24	4.445172459025291068e-17	8.278711204454405573e-14	5.958111758892816458e-14	7.028395509120138301e-24	5.723116516263846419e-28	1.587999982789144171e-02	6.787498102481212547e-02	2.125018975209262521e-03	1.988396926503115728e-10	2.119999972788678619e-03
8.460000000000000000e+02	2.392303599858204446e-14	2.335001875326604326e-16	1.096508459454551883e-23	1.994981190579221079e-03	5.018803523060092213e-06	6.649229268835373661e-24	4.445172457969904262e-17	8.278711202577162743e-14	5.958111757468825337e-14	7.028395507441223800e-24	5.723116513894524698e-28	1.587999982740825183e-02	6.787498102433014990e-02	2.125018975691264113e-03	1.990746925115448904e-10	2.119999973036874180e-03
8.470000000000000000e+02	2.392303599363619266e-14	2.335001874772816575e-16	1.096508459269450461e-23	1.994981190572785255e-03	5.018803521869886408e-06	6.649229267258519989e-24	4.445172456915652675e-17	8.278711200699565241e-14	5.958111756045369378e-14	7.028395505762938190e-24	5.723116511528128439e-28	1.587999982692506196e-02	6.787498102384817433e-02	2.125018976173265704e-03	1.993096923727225024e-10	2.119999973285069741e-03
8.480000000000000000e+02	2.392303598869709036e-14	2.335001874219688016e-16	1.096508459084567828e-23	1.994981190566349431e-03	5.018803520679681450e-06	6.649229265681666316e-24	4.445172455862656487e-17	8.278711198822350179e-14	5.958111754621313886e-14	7.028395504083948752e-24	5.723116509164962566e-28	1.587999982644187208e-02	6.787498102336619876e-02	2.125018976655267296e-03	1.995446922338443574e-10	2.119999973533265303e-03
8.490000000000000000e+02	2.392303598374060472e-14	2.335001873664862912e-16	1.096508458899121251e-23	1.994981190559913607e-03	5.018803519489477340e-06	6.649229264104811174e-24	4.445172454806429051e-17	8.278711196943407196e-14	5.958111753197234412e-14	7.028395502404932865e-24	5.723116506793477689e-28	1.587999982595868220e-02	6.787498102288422319e-02	2.125018977137268887e-03	1.997796920949104552e-10	2.119999973781460864e-03
8.500000000000000000e+02	2.392303597879363905e-14	2.335001873110967679e-16	1.096508458713983830e-23	1.994981190553477782e-03	5.018803518299272382e-06	6.649229262527958971e-24	4.445172453751969772e-17	8.278711195065600173e-14	5.958111751772982020e-14	7.028395500725708328e-24	5.723116504426549609e-28	1.587999982547549233e-02	6.787498102240224762e-02	2.125018977619270479e-03	2.000146919559208475e-10	2.119999974029656425e-03
8.510000000000000000e+02	2.392303597385214176e-14	2.335001872557604927e-16	1.096508458529023614e-23	1.994981190547041958e-03	5.018803517109065730e-06	6.649229260951103829e-24	4.445172452698528617e-17	8.278711193187011862e-14	5.958111750348544087e-14	7.028395499046266325e-24	5.723116502062235792e-28	1.587999982499230245e-02	6.787498102192027205e-02	2.125018978101272070e-03	2.002496918168755344e-10	2.119999974277851987e-03
8.520000000000000000e+02	2.392303596892133197e-14	2.335001872005285936e-16	1.096508458344410169e-23	1.994981190540606134e-03	5.018803515918859926e-06	6.649229259374251626e-24	4.445172451647072556e-17	8.278711191312049787e-14	5.958111748925086867e-14	7.028395497367986592e-24	5.723116499703037500e-28	1.587999982450911257e-02	6.787498102143829648e-02	2.125018978583273661e-03	2.004846916777747743e-10	2.119999974526047548e-03
8.530000000000000000e+02	2.392303596397924461e-14	2.335001871451865992e-16	1.096508458159430705e-23	1.994981190534170310e-03	5.018803514728656662e-06	6.649229257797400892e-24	4.445172450593519851e-17	8.278711189435111142e-14	5.958111747502428604e-14	7.028395495690644315e-24	5.723116497338442078e-28	1.587999982402592269e-02	6.787498102095632091e-02	2.125018979065275253e-03	2.007196915386185156e-10	2.119999974774243109e-03
8.540000000000000000e+02	2.392303595903656719e-14	2.335001870898389348e-16	1.096508457974432285e-23	1.994981190527734486e-03	5.018803513538450857e-06	6.649229256220545750e-24	4.445172449539859294e-17	8.278711187557547719e-14	5.958111746078169901e-14	7.028395494011412431e-24	5.723116494973565051e-28	1.587999982354273282e-02	6.787498102047434534e-02	2.125018979547276844e-03	2.009546913994059828e-10	2.119999975022438671e-03
8.550000000000000000e+02	2.392303595407408305e-14	2.335001870342979008e-16	1.096508457788791458e-23	1.994981190521298662e-03	5.018803512348245052e-06	6.649229254643690608e-24	4.445172448482518825e-17	8.278711185676991673e-14	5.958111744652809317e-14	7.028395492330880157e-24	5.723116492599213004e-28	1.587999982305954294e-02	6.787498101999236977e-02	2.125018980029278436e-03	2.011896912601377445e-10	2.119999975270634232e-03
8.560000000000000000e+02	2.392303594913583587e-14	2.335001869789934759e-16	1.096508457603936596e-23	1.994981190514862838e-03	5.018803511158040095e-06	6.649229253066838405e-24	4.445172447429680409e-17	8.278711183800319348e-14	5.958111743229097137e-14	7.028395490652299203e-24	5.723116490236456983e-28	1.587999982257635306e-02	6.787498101951039420e-02	2.125018980511280027e-03	2.014246911208137491e-10	2.119999975518829793e-03
8.570000000000000000e+02	2.392303594418080173e-14	2.335001869235250664e-16	1.096508457418537480e-23	1.994981190508427014e-03	5.018803509967835137e-06	6.649229251489984732e-24	4.445172446373724143e-17	8.278711181921882498e-14	5.958111741805379908e-14	7.028395488973706495e-24	5.723116487865667149e-28	1.587999982209316319e-02	6.787498101902841863e-02	2.125018980993281618e-03	2.016596909814340482e-10	2.119999975767025355e-03
8.580000000000000000e+02	2.392303593923529072e-14	2.335001868681496933e-16	1.096508457233446932e-23	1.994981190501991190e-03	5.018803508777630179e-06	6.649229249913131059e-24	4.445172445319534803e-17	8.278711180044579084e-14	5.958111740381491022e-14	7.028395487294912483e-24	5.723116485499430527e-28	1.587999982160997331e-02	6.787498101854644306e-02	2.125018981475283210e-03	2.018946908419985902e-10	2.119999976015220916e-03
8.590000000000000000e+02	2.392303593429524494e-14	2.335001868128277162e-16	1.096508457048534030e-23	1.994981190495555366e-03	5.018803507587425222e-06	6.649229248336277387e-24	4.445172444266364202e-17	8.278711178166494382e-14	5.958111738957412811e-14	7.028395485615895127e-24	5.723116483135814444e-28	1.587999982112678343e-02	6.787498101806446749e-02	2.125018981957284801e-03	2.021296907025074268e-10	2.119999976263416477e-03
8.600000000000000000e+02	2.392303592936245037e-14	2.335001867575764407e-16	1.096508456863856520e-23	1.994981190489119541e-03	5.018803506397220264e-06	6.649229246759425184e-24	4.445172443214539596e-17	8.278711176289899049e-14	5.958111737533534023e-14	7.028395483937117278e-24	5.723116480775665511e-28	1.587999982064359356e-02	6.787498101758249192e-02	2.125018982439286393e-03	2.023646905629605320e-10	2.119999976511612039e-03
8.610000000000000000e+02	2.392303592441440554e-14	2.335001867021762678e-16	1.096508456678683540e-23	1.994981190482683717e-03	5.018803505207015306e-06	6.649229245182570042e-24	4.445172442159880637e-17	8.278711174411353652e-14	5.958111736109106188e-14	7.028395482257689968e-24	5.723116478408222650e-28	1.587999982016040368e-02	6.787498101710051635e-02	2.125018982921287984e-03	2.025996904233578801e-10	2.119999976759807600e-03
8.620000000000000000e+02	2.392303591947215726e-14	2.335001866468326956e-16	1.096508456493698786e-23	1.994981190476247893e-03	5.018803504016809501e-06	6.649229243605717838e-24	4.445172441106297733e-17	8.278711172534430153e-14	5.958111734685164291e-14	7.028395480578832773e-24	5.723116476043549204e-28	1.587999981967721380e-02	6.787498101661854077e-02	2.125018983403289576e-03	2.028346902836995228e-10	2.119999977008003161e-03
8.630000000000000000e+02	2.392303591451112778e-14	2.335001865913059598e-16	1.096508456308104979e-23	1.994981190469812069e-03	5.018803502826603697e-06	6.649229242028864166e-24	4.445172440049227818e-17	8.278711170654375192e-14	5.958111733260168476e-14	7.028395478898729554e-24	5.723116473669892202e-28	1.587999981919402392e-02	6.787498101613656520e-02	2.125018983885291167e-03	2.030696901439854600e-10	2.119999977256198723e-03
8.640000000000000000e+02	2.392303590957432579e-14	2.335001865360156850e-16	1.096508456123297430e-23	1.994981190463376245e-03	5.018803501636398739e-06	6.649229240452009024e-24	4.445172438996659340e-17	8.278711168778205213e-14	5.958111731836819803e-14	7.028395477220573248e-24	5.723116471307826740e-28	1.587999981871083405e-02	6.787498101565458963e-02	2.125018984367292758e-03	2.033046900042156143e-10	2.119999977504394284e-03
8.650000000000000000e+02	2.392303590462075578e-14	2.335001864805615737e-16	1.096508455937945481e-23	1.994981190456940421e-03	5.018803500446193781e-06	6.649229238875158290e-24	4.445172437940974246e-17	8.278711166900275758e-14	5.958111730413467343e-14	7.028395475542408125e-24	5.723116468937739125e-28	1.587999981822764417e-02	6.787498101517261406e-02	2.125018984849294350e-03	2.035396898643900630e-10	2.119999977752589845e-03
8.660000000000000000e+02	2.392303589967842861e-14	2.335001864252172619e-16	1.096508455752958229e-23	1.994981190450504597e-03	5.018803499255987977e-06	6.649229237298303148e-24	4.445172436887377168e-17	8.278711165023629938e-14	5.958111728989642829e-14	7.028395473863691990e-24	5.723116466573028012e-28	1.587999981774445429e-02	6.787498101469063849e-02	2.125018985331295941e-03	2.037746897245087547e-10	2.119999978000785407e-03
8.670000000000000000e+02	2.392303589472631326e-14	2.335001863697773994e-16	1.096508455567653740e-23	1.994981190444068773e-03	5.018803498065783866e-06	6.649229235721449475e-24	4.445172435831962628e-17	8.278711163141787734e-14	5.958111727563277552e-14	7.028395472181978343e-24	5.723116464203637235e-28	1.587999981726126442e-02	6.787498101420866292e-02	2.125018985813297533e-03	2.040096895845717667e-10	2.119999978248980968e-03
8.680000000000000000e+02	2.392303588979490708e-14	2.335001863145396825e-16	1.096508455383020753e-23	1.994981190437632949e-03	5.018803496875578061e-06	6.649229234144595803e-24	4.445172434780396250e-17	8.278711161265696010e-14	5.958111726139753436e-14	7.028395470503619264e-24	5.723116461844151956e-28	1.587999981677807454e-02	6.787498101372668735e-02	2.125018986295299124e-03	2.042446894445790216e-10	2.119999978497176529e-03
8.690000000000000000e+02	2.392303588484832006e-14	2.335001862591538076e-16	1.096508455197895527e-23	1.994981190431197125e-03	5.018803495685372256e-06	6.649229232567740661e-24	4.445172433726007845e-17	8.278711159387658008e-14	5.958111724715689108e-14	7.028395468824618071e-24	5.723116459477405037e-28	1.587999981629488466e-02	6.787498101324471178e-02	2.125018986777300715e-03	2.044796893045305452e-10	2.119999978745372091e-03
8.700000000000000000e+02	2.392303587990753275e-14	2.335001862038245336e-16	1.096508455012958380e-23	1.994981190424761301e-03	5.018803494495167299e-06	6.649229230990889927e-24	4.445172432672697962e-17	8.278711157511236856e-14	5.958111723292111980e-14	7.028395467146191401e-24	5.723116457113432016e-28	1.587999981581169479e-02	6.787498101276273621e-02	2.125018987259302307e-03	2.047146891644263376e-10	2.119999978993567652e-03
8.710000000000000000e+02	2.392303587494796740e-14	2.335001861483119972e-16	1.096508454827412327e-23	1.994981190418325476e-03	5.018803493304962341e-06	6.649229229414033316e-24	4.445172431615898601e-17	8.278711155631686766e-14	5.958111721867477148e-14	7.028395465466515768e-24	5.723116454740474541e-28	1.587999981532850491e-02	6.787498101228076064e-02	2.125018987741303898e-03	2.049496890242664244e-10	2.119999979241763213e-03
8.720000000000000000e+02	2.392303587001262638e-14	2.335001860930358233e-16	1.096508454642651505e-23	1.994981190411889652e-03	5.018803492114757383e-06	6.649229227837181112e-24	4.445172430563600678e-17	8.278711153756022920e-14	5.958111720444490720e-14	7.028395463788788517e-24	5.723116452379106814e-28	1.587999981484531503e-02	6.787498101179878507e-02	2.125018988223305490e-03	2.051846888840507542e-10	2.119999979489958775e-03
8.730000000000000000e+02	2.392303586504887375e-14	2.335001860374823648e-16	1.096508454456969536e-23	1.994981190405453828e-03	5.018803490924552426e-06	6.649229226260325970e-24	4.445172429506023550e-17	8.278711151874473541e-14	5.958111719018553321e-14	7.028395462107574456e-24	5.723116450004147613e-28	1.587999981436212515e-02	6.787498101131680950e-02	2.125018988705307081e-03	2.054196887437793526e-10	2.119999979738154336e-03
8.740000000000000000e+02	2.392303586010601332e-14	2.335001859821328762e-16	1.096508454271965239e-23	1.994981190399018004e-03	5.018803489734347468e-06	6.649229224683475237e-24	4.445172428452326632e-17	8.278711149998183655e-14	5.958111717595372517e-14	7.028395460429619453e-24	5.723116447639182697e-28	1.587999981387893528e-02	6.787498101083483393e-02	2.125018989187308673e-03	2.056546886034522197e-10	2.119999979986349897e-03
8.750000000000000000e+02	2.392303585516888632e-14	2.335001859268392981e-16	1.096508454087146523e-23	1.994981190392582180e-03	5.018803488544141663e-06	6.649229223106620095e-24	4.445172427399698989e-17	8.278711148121107433e-14	5.958111716172022582e-14	7.028395458751461678e-24	5.723116445276960290e-28	1.587999981339574540e-02	6.787498101035285836e-02	2.125018989669310264e-03	2.058896884630693814e-10	2.119999980234545459e-03
8.760000000000000000e+02	2.392303585023899791e-14	2.335001858716164709e-16	1.096508453902563200e-23	1.994981190386146356e-03	5.018803487353936705e-06	6.649229221529764953e-24	4.445172426348413643e-17	8.278711146245519317e-14	5.958111714748868284e-14	7.028395457073537531e-24	5.723116442918203238e-28	1.587999981291255552e-02	6.787498100987088279e-02	2.125018990151311855e-03	2.061246883226307860e-10	2.119999980482741020e-03
8.770000000000000000e+02	2.392303584529386555e-14	2.335001858162448449e-16	1.096508453717485288e-23	1.994981190379710532e-03	5.018803486163731748e-06	6.649229219952912749e-24	4.445172425294297026e-17	8.278711144367983662e-14	5.958111713325167463e-14	7.028395455394962455e-24	5.723116440552150466e-28	1.587999981242936565e-02	6.787498100938890722e-02	2.125018990633313447e-03	2.063596881821364851e-10	2.119999980730936581e-03
8.780000000000000000e+02	2.392303584032770848e-14	2.335001857606678685e-16	1.096508453531725149e-23	1.994981190373274708e-03	5.018803484973525943e-06	6.649229218376059077e-24	4.445172424236273082e-17	8.278711142487812581e-14	5.958111711900650013e-14	7.028395453715426412e-24	5.723116438176041528e-28	1.587999981194617577e-02	6.787498100890693165e-02	2.125018991115315038e-03	2.065946880415864529e-10	2.119999980979132143e-03
8.790000000000000000e+02	2.392303583538451987e-14	2.335001857053151751e-16	1.096508453346709685e-23	1.994981190366838884e-03	5.018803483783320985e-06	6.649229216799206874e-24	4.445172423182515766e-17	8.278711140608908725e-14	5.958111710474725236e-14	7.028395452034231453e-24	5.723116435810918769e-28	1.587999981146298589e-02	6.787498100842495607e-02	2.125018991597316630e-03	2.068296879009806894e-10	2.119999981227327704e-03
8.800000000000000000e+02	2.392303583045065876e-14	2.335001856500535458e-16	1.096508453161997498e-23	1.994981190360403060e-03	5.018803482593116028e-06	6.649229215222353201e-24	4.445172422130493945e-17	8.278711138733751013e-14	5.958111709052099790e-14	7.028395450356928849e-24	5.723116433450260435e-28	1.587999981097979602e-02	6.787498100794298050e-02	2.125018992079318221e-03	2.070646877603191688e-10	2.119999981475523265e-03
8.810000000000000000e+02	2.392303582548837657e-14	2.335001855945144347e-16	1.096508452976362989e-23	1.994981190353967235e-03	5.018803481402911070e-06	6.649229213645499528e-24	4.445172421073189220e-17	8.278711136852706505e-14	5.958111707626524636e-14	7.028395448676145313e-24	5.723116431076002556e-28	1.587999981049660614e-02	6.787498100746100493e-02	2.125018992561319812e-03	2.072996876196019169e-10	2.119999981723718827e-03
8.820000000000000000e+02	2.392303582054696133e-14	2.335001855391790963e-16	1.096508452791405712e-23	1.994981190347531411e-03	5.018803480212706959e-06	6.649229212068648795e-24	4.445172420019764089e-17	8.278711134976920227e-14	5.958111706203708602e-14	7.028395446998614957e-24	5.723116428711731787e-28	1.587999981001341626e-02	6.787498100697902936e-02	2.125018993043321404e-03	2.075346874788289854e-10	2.119999981971914388e-03
8.830000000000000000e+02	2.392303581561130161e-14	2.335001854838997670e-16	1.096508452606634604e-23	1.994981190341095587e-03	5.018803479022500308e-06	6.649229210491792183e-24	4.445172418967405152e-17	8.278711133100350138e-14	5.958111704780720911e-14	7.028395445320886237e-24	5.723116426350211599e-28	1.587999980953022638e-02	6.787498100649705379e-02	2.125018993525322995e-03	2.077696873380002709e-10	2.119999982220109949e-03
8.840000000000000000e+02	2.392303581065688278e-14	2.335001854284374219e-16	1.096508452421255031e-23	1.994981190334659763e-03	5.018803477832294503e-06	6.649229208914939980e-24	4.445172417911561053e-17	8.278711131223037889e-14	5.958111703357243496e-14	7.028395443642577116e-24	5.723116423979715029e-28	1.587999980904703651e-02	6.787498100601507822e-02	2.125018994007324587e-03	2.080046871971158509e-10	2.119999982468305511e-03
8.850000000000000000e+02	2.392303580572731623e-14	2.335001853732177502e-16	1.096508452236682288e-23	1.994981190328223939e-03	5.018803476642089545e-06	6.649229207338086307e-24	4.445172416860338569e-17	8.278711129344127722e-14	5.958111701931643098e-14	7.028395441961768601e-24	5.723116421621114026e-28	1.587999980856384663e-02	6.787498100553310265e-02	2.125018994489326178e-03	2.082396870561756997e-10	2.119999982716501072e-03
8.860000000000000000e+02	2.392303580078944455e-14	2.335001853179168751e-16	1.096508452051839474e-23	1.994981190321788115e-03	5.018803475451883740e-06	6.649229205761231165e-24	4.445172415807569795e-17	8.278711127468712526e-14	5.958111700508781625e-14	7.028395440284186817e-24	5.723116419258534680e-28	1.587999980808065675e-02	6.787498100505112708e-02	2.125018994971327770e-03	2.084746869151798172e-10	2.119999982964696633e-03
8.870000000000000000e+02	2.392303579583278536e-14	2.335001852624327377e-16	1.096508451866387608e-23	1.994981190315352291e-03	5.018803474261678783e-06	6.649229204184376023e-24	4.445172414751309695e-17	8.278711125590169653e-14	5.958111699084871283e-14	7.028395438605366357e-24	5.723116416886967294e-28	1.587999980759746688e-02	6.787498100456915151e-02	2.125018995453329361e-03	2.087096867741282033e-10	2.119999983212892194e-03
8.880000000000000000e+02	2.392303579088561774e-14	2.335001852070410944e-16	1.096508451681243428e-23	1.994981190308916467e-03	5.018803473071474672e-06	6.649229202607525290e-24	4.445172413696814054e-17	8.278711123710667525e-14	5.958111697660143050e-14	7.028395436925583460e-24	5.723116414519941460e-28	1.587999980711427700e-02	6.787498100408717594e-02	2.125018995935330952e-03	2.089446866330208582e-10	2.119999983461087756e-03
8.890000000000000000e+02	2.392303578592764588e-14	2.335001851515441380e-16	1.096508451495748656e-23	1.994981190302480643e-03	5.018803471881269714e-06	6.649229201030670148e-24	4.445172412640310517e-17	8.278711121830863738e-14	5.958111696234444202e-14	7.028395435244651518e-24	5.723116412147748983e-28	1.587999980663108712e-02	6.787498100360520037e-02	2.125018996417332544e-03	2.091796864918577818e-10	2.119999983709283317e-03
8.900000000000000000e+02	2.392303578098943341e-14	2.335001850962399596e-16	1.096508451310895116e-23	1.994981190296044819e-03	5.018803470691064757e-06	6.649229199453816475e-24	4.445172411587479496e-17	8.278711119955737579e-14	5.958111694811693801e-14	7.028395433567201977e-24	5.723116409785007310e-28	1.587999980614789725e-02	6.787498100312322480e-02	2.125018996899334135e-03	2.094146863506389999e-10	2.119999983957478878e-03
8.910000000000000000e+02	2.392303577604167888e-14	2.335001850408428435e-16	1.096508451125732274e-23	1.994981190289608994e-03	5.018803469500858952e-06	6.649229197876962802e-24	4.445172410532876004e-17	8.278711118075407464e-14	5.958111693386413996e-14	7.028395431886768150e-24	5.723116407417699872e-28	1.587999980566470737e-02	6.787498100264124923e-02	2.125018997381335727e-03	2.096496862093644351e-10	2.119999984205674440e-03
8.920000000000000000e+02	2.392303577108785013e-14	2.335001849853862176e-16	1.096508450940371803e-23	1.994981190283173170e-03	5.018803468310653994e-06	6.649229196300107660e-24	4.445172409477142222e-17	8.278711116198333765e-14	5.958111691963426306e-14	7.028395430209032083e-24	5.723116405047489391e-28	1.587999980518151749e-02	6.787498100215927366e-02	2.125018997863337318e-03	2.098846860680341648e-10	2.119999984453870001e-03
8.930000000000000000e+02	2.392303576616053656e-14	2.335001849301884368e-16	1.096508450755872087e-23	1.994981190276737346e-03	5.018803467120448189e-06	6.649229194723256927e-24	4.445172408426336355e-17	8.278711114320189741e-14	5.958111690538049313e-14	7.028395428528492462e-24	5.723116402689962791e-28	1.587999980469832761e-02	6.787498100167729809e-02	2.125018998345338909e-03	2.101196859266481632e-10	2.119999984702065562e-03
8.940000000000000000e+02	2.392303576122412585e-14	2.335001848749018598e-16	1.096508450571076441e-23	1.994981190270301522e-03	5.018803465930243232e-06	6.649229193146403254e-24	4.445172407373839368e-17	8.278711112445276891e-14	5.958111689115553872e-14	7.028395426851344142e-24	5.723116400328085664e-28	1.587999980421513774e-02	6.787498100119532252e-02	2.125018998827340501e-03	2.103546857852064820e-10	2.119999984950261124e-03
8.950000000000000000e+02	2.392303575626891500e-14	2.335001848194317741e-16	1.096508450385671447e-23	1.994981190263865698e-03	5.018803464740038274e-06	6.649229191569549581e-24	4.445172406317848590e-17	8.278711110567235103e-14	5.958111687692004512e-14	7.028395425172945390e-24	5.723116397957209735e-28	1.587999980373194786e-02	6.787498100071334695e-02	2.125018999309342092e-03	2.105896856437090178e-10	2.119999985198456685e-03
8.960000000000000000e+02	2.392303575132319574e-14	2.335001847640543795e-16	1.096508450200574139e-23	1.994981190257429874e-03	5.018803463549833316e-06	6.649229189992697378e-24	4.445172405263622888e-17	8.278711108688239108e-14	5.958111686267637262e-14	7.028395423493591549e-24	5.723116395590877151e-28	1.587999980324875798e-02	6.787498100023137138e-02	2.125018999791343684e-03	2.108246855021558223e-10	2.119999985446652246e-03
8.970000000000000000e+02	2.392303574636676374e-14	2.335001847085724115e-16	1.096508450015129767e-23	1.994981190250994050e-03	5.018803462359629206e-06	6.649229188415845175e-24	4.445172404207405313e-17	8.278711106808858150e-14	5.958111684842303184e-14	7.028395421813090131e-24	5.723116393219421869e-28	1.587999980276556811e-02	6.787498099974939580e-02	2.125019000273345275e-03	2.110596853605477486e-10	2.119999985694847808e-03
8.980000000000000000e+02	2.392303574142989864e-14	2.335001846532814465e-16	1.096508449830319867e-23	1.994981190244558226e-03	5.018803461169422554e-06	6.649229186838990033e-24	4.445172403154825125e-17	8.278711104934307544e-14	5.958111683419906192e-14	7.028395420136056422e-24	5.723116390857323224e-28	1.587999980228237823e-02	6.787498099926742023e-02	2.125019000755346867e-03	2.112946852188831164e-10	2.119999985943043369e-03
8.990000000000000000e+02	2.392303573648360508e-14	2.335001845978983820e-16	1.096508449645203752e-23	1.994981190238122402e-03	5.018803459979217596e-06	6.649229185262136360e-24	4.445172402100492188e-17	8.278711103054479775e-14	5.958111681994989895e-14	7.028395418456051651e-24	5.723116388490717107e-28	1.587999980179918835e-02	6.787498099878544466e-02	2.125019001237348458e-03	2.115296850771627529e-10	2.119999986191238930e-03
9.000000000000000000e+02	2.392303573153202931e-14	2.335001845424638442e-16	1.096508449459916749e-23	1.994981190231686578e-03	5.018803458789012638e-06	6.649229183685284157e-24	4.445172401045176872e-17	8.278711101178172219e-14	5.958111680572226872e-14	7.028395416778583008e-24	5.723116386121581030e-28	1.587999980131599848e-02	6.787498099830346909e-02	2.125019001719350049e-03	2.117646849353866322e-10	2.119999986439434492e-03
9.010000000000000000e+02	2.392303572660537523e-14	2.335001844872725222e-16	1.096508449275438192e-23	1.994981190225250754e-03	5.018803457598807681e-06	6.649229182108431954e-24	4.445172399994493648e-17	8.278711099300269270e-14	5.958111679147350964e-14	7.028395415098629665e-24	5.723116383764371012e-28	1.587999980083280860e-02	6.787498099782149352e-02	2.125019002201351641e-03	2.119996847935547803e-10	2.119999986687630053e-03
9.020000000000000000e+02	2.392303572164339596e-14	2.335001844317364187e-16	1.096508449089813675e-23	1.994981190218814929e-03	5.018803456408602723e-06	6.649229180531575343e-24	4.445172398937246856e-17	8.278711097421781934e-14	5.958111677723855878e-14	7.028395413420298504e-24	5.723116381390260213e-28	1.587999980034961872e-02	6.787498099733951795e-02	2.125019002683353232e-03	2.122346846516672488e-10	2.119999986935825614e-03
9.030000000000000000e+02	2.392303571670477328e-14	2.335001843764282466e-16	1.096508448904946470e-23	1.994981190212379105e-03	5.018803455218396918e-06	6.649229178954720201e-24	4.445172397884336949e-17	8.278711095544215986e-14	5.958111676299078420e-14	7.028395411740458302e-24	5.723116379027323032e-28	1.587999979986642884e-02	6.787498099685754238e-02	2.125019003165354824e-03	2.124696845097239342e-10	2.119999987184021176e-03
9.040000000000000000e+02	2.392303571176052761e-14	2.335001843210652487e-16	1.096508448719897357e-23	1.994981190205943281e-03	5.018803454028191961e-06	6.649229177377866528e-24	4.445172396830386116e-17	8.278711093665723601e-14	5.958111674875070890e-14	7.028395410061524700e-24	5.723116376661695357e-28	1.587999979938323897e-02	6.787498099637556681e-02	2.125019003647356415e-03	2.127046843677249143e-10	2.119999987432216737e-03
9.050000000000000000e+02	2.392303570680547138e-14	2.335001842655967407e-16	1.096508448534497360e-23	1.994981190199507457e-03	5.018803452837986156e-06	6.649229175801012855e-24	4.445172395774424920e-17	8.278711091786924506e-14	5.958111673450097794e-14	7.028395408381449399e-24	5.723116374290896555e-28	1.587999979890004909e-02	6.787498099589359124e-02	2.125019004129358006e-03	2.129396842256701888e-10	2.119999987680412298e-03
9.060000000000000000e+02	2.392303570187015561e-14	2.335001842103208133e-16	1.096508448349737419e-23	1.994981190193071633e-03	5.018803451647780351e-06	6.649229174224159183e-24	4.445172394722130695e-17	8.278711089912803041e-14	5.958111672028065572e-14	7.028395406704849153e-24	5.723116371929540487e-28	1.587999979841685921e-02	6.787498099541161567e-02	2.125019004611359598e-03	2.131746840835596804e-10	2.119999987928607860e-03
9.070000000000000000e+02	2.392303569692417444e-14	2.335001841549408549e-16	1.096508448164632177e-23	1.994981190186635809e-03	5.018803450457576240e-06	6.649229172647306980e-24	4.445172393667856305e-17	8.278711088033374120e-14	5.958111670603491324e-14	7.028395405025245519e-24	5.723116369563084141e-28	1.587999979793366934e-02	6.787498099492964010e-02	2.125019005093361189e-03	2.134096839413934666e-10	2.119999988176803421e-03
9.080000000000000000e+02	2.392303569196356779e-14	2.335001840994181620e-16	1.096508447979051888e-23	1.994981190180199985e-03	5.018803449267371283e-06	6.649229171070454776e-24	4.445172392610863427e-17	8.278711086153007401e-14	5.958111669178390749e-14	7.028395403345021812e-24	5.723116367189628925e-28	1.587999979745047946e-02	6.787498099444766453e-02	2.125019005575362781e-03	2.136446837991714956e-10	2.119999988424998982e-03
9.090000000000000000e+02	2.392303568703811909e-14	2.335001840442385743e-16	1.096508447794612416e-23	1.994981190173764161e-03	5.018803448077166325e-06	6.649229169493599634e-24	4.445172391560403304e-17	8.278711084276165944e-14	5.958111667753642321e-14	7.028395401665216875e-24	5.723116364832995569e-28	1.587999979696728958e-02	6.787498099396568896e-02	2.125019006057364372e-03	2.138796836568938450e-10	2.119999988673194544e-03
9.100000000000000000e+02	2.392303568207760710e-14	2.335001839887167195e-16	1.096508447609035212e-23	1.994981190167328337e-03	5.018803446886961367e-06	6.649229167916745962e-24	4.445172390503428298e-17	8.278711082398183478e-14	5.958111666330510742e-14	7.028395399987313300e-24	5.723116362459582505e-28	1.587999979648409971e-02	6.787498099348371339e-02	2.125019006539365964e-03	2.141146835145604373e-10	2.119999988921390105e-03
9.110000000000000000e+02	2.392303567714043277e-14	2.335001839334227470e-16	1.096508447424215468e-23	1.994981190160892513e-03	5.018803445696755563e-06	6.649229166339892289e-24	4.445172389450790179e-17	8.278711080521123664e-14	5.958111664906094267e-14	7.028395398307900684e-24	5.723116360097342161e-28	1.587999979600090983e-02	6.787498099300173782e-02	2.125019007021367555e-03	2.143496833721712982e-10	2.119999989169585666e-03
9.120000000000000000e+02	2.392303567219764806e-14	2.335001838780739979e-16	1.096508447239213523e-23	1.994981190154456688e-03	5.018803444506551452e-06	6.649229164763040086e-24	4.445172388397109284e-17	8.278711078643133625e-14	5.958111663482450244e-14	7.028395396629396137e-24	5.723116357732413118e-28	1.587999979551771995e-02	6.787498099251976225e-02	2.125019007503369146e-03	2.145846832297264279e-10	2.119999989417781228e-03
9.130000000000000000e+02	2.392303566724404965e-14	2.335001838226196401e-16	1.096508447053860692e-23	1.994981190148020864e-03	5.018803443316344800e-06	6.649229163186186413e-24	4.445172387341418643e-17	8.278711076764838139e-14	5.958111662057839393e-14	7.028395394949746953e-24	5.723116355362310257e-28	1.587999979503453007e-02	6.787498099203778668e-02	2.125019007985370738e-03	2.148196830872258521e-10	2.119999989665976789e-03
9.140000000000000000e+02	2.392303566229587860e-14	2.335001837672183331e-16	1.096508446868684038e-23	1.994981190141585040e-03	5.018803442126140689e-06	6.649229161609334210e-24	4.445172386286736265e-17	8.278711074886288956e-14	5.958111660633725840e-14	7.028395393270688455e-24	5.723116352994804619e-28	1.587999979455134020e-02	6.787498099155581111e-02	2.125019008467372329e-03	2.150546829446695192e-10	2.119999989914172350e-03
9.150000000000000000e+02	2.392303565735495245e-14	2.335001837118876292e-16	1.096508446683742042e-23	1.994981190135149216e-03	5.018803440935935732e-06	6.649229160032480537e-24	4.445172385233399880e-17	8.278711073008292606e-14	5.958111659209026637e-14	7.028395391590942292e-24	5.723116350630763439e-28	1.587999979406815032e-02	6.787498099107383553e-02	2.125019008949373921e-03	2.152896828020574550e-10	2.119999990162367912e-03
9.160000000000000000e+02	2.392303565240627338e-14	2.335001836564813919e-16	1.096508446498549226e-23	1.994981190128713392e-03	5.018803439745729080e-06	6.649229158455626865e-24	4.445172384178623825e-17	8.278711071132997316e-14	5.958111657786989366e-14	7.028395389914328822e-24	5.723116348263016552e-28	1.587999979358496044e-02	6.787498099059185996e-02	2.125019009431375512e-03	2.155246826593896595e-10	2.119999990410563473e-03
9.170000000000000000e+02	2.392303564748253177e-14	2.335001836013184689e-16	1.096508446314165296e-23	1.994981190122277568e-03	5.018803438555524969e-06	6.649229156878774662e-24	4.445172383128481094e-17	8.278711069256099060e-14	5.958111656362836686e-14	7.028395388235230651e-24	5.723116345907200209e-28	1.587999979310177057e-02	6.787498099010988439e-02	2.125019009913377104e-03	2.157596825166661586e-10	2.119999990658759034e-03
9.180000000000000000e+02	2.392303564251282167e-14	2.335001835457068812e-16	1.096508446128289517e-23	1.994981190115841744e-03	5.018803437365320012e-06	6.649229155301919520e-24	4.445172382069796479e-17	8.278711067374206369e-14	5.958111654937212307e-14	7.028395386554382463e-24	5.723116343529388189e-28	1.587999979261858069e-02	6.787498098962790882e-02	2.125019010395378695e-03	2.159946823738869005e-10	2.119999990906954596e-03
9.190000000000000000e+02	2.392303563757588084e-14	2.335001834904151273e-16	1.096508445943477267e-23	1.994981190109405920e-03	5.018803436175115054e-06	6.649229153725064378e-24	4.445172381017202117e-17	8.278711065497951824e-14	5.958111653513057102e-14	7.028395384875279883e-24	5.723116341167256362e-28	1.587999979213539081e-02	6.787498098914593325e-02	2.125019010877380286e-03	2.162296822310519370e-10	2.119999991155150157e-03
9.200000000000000000e+02	2.392303563263454764e-14	2.335001834350805284e-16	1.096508445758522341e-23	1.994981190102970096e-03	5.018803434984909249e-06	6.649229152148209236e-24	4.445172379963790544e-17	8.278711063620465394e-14	5.958111652089772800e-14	7.028395383197199984e-24	5.723116338803021466e-28	1.587999979165220094e-02	6.787498098866395768e-02	2.125019011359381878e-03	2.164646820881612163e-10	2.119999991403345718e-03
9.210000000000000000e+02	2.392303562768239442e-14	2.335001833796404687e-16	1.096508445573216971e-23	1.994981190096534272e-03	5.018803433794704292e-06	6.649229150571358502e-24	4.445172378908369842e-17	8.278711061742673517e-14	5.958111650665524194e-14	7.028395381517978386e-24	5.723116336433611855e-28	1.587999979116901106e-02	6.787498098818198211e-02	2.125019011841383469e-03	2.166996819452148160e-10	2.119999991651541280e-03
9.220000000000000000e+02	2.392303562273534987e-14	2.335001833242500579e-16	1.096508445388076316e-23	1.994981190090098448e-03	5.018803432604498487e-06	6.649229148994504829e-24	4.445172377853895772e-17	8.278711059864663283e-14	5.958111649241769100e-14	7.028395379839341596e-24	5.723116334066644316e-28	1.587999979068582118e-02	6.787498098770000654e-02	2.125019012323385061e-03	2.169346818022126327e-10	2.119999991899736841e-03
9.230000000000000000e+02	2.392303561779620023e-14	2.335001832689367582e-16	1.096508445203192508e-23	1.994981190083662623e-03	5.018803431414292682e-06	6.649229147417649687e-24	4.445172376800890339e-17	8.278711057987135201e-14	5.958111647817438452e-14	7.028395378160028897e-24	5.723116331703456022e-28	1.587999979020263130e-02	6.787498098721803097e-02	2.125019012805386652e-03	2.171696816591547182e-10	2.119999992147932402e-03
9.240000000000000000e+02	2.392303561283754995e-14	2.335001832134330966e-16	1.096508445017675842e-23	1.994981190077226799e-03	5.018803430224088571e-06	6.649229145840797484e-24	4.445172375744261693e-17	8.278711056107664628e-14	5.958111646393040910e-14	7.028395376480632444e-24	5.723116329330935304e-28	1.587999978971944143e-02	6.787498098673605540e-02	2.125019013287388243e-03	2.174046815160410982e-10	2.119999992396127964e-03
9.250000000000000000e+02	2.392303560791483071e-14	2.335001831582801329e-16	1.096508444833324680e-23	1.994981190070790975e-03	5.018803429033883614e-06	6.649229144263943811e-24	4.445172374694308166e-17	8.278711054231835437e-14	5.958111644969014447e-14	7.028395374801681210e-24	5.723116326975609528e-28	1.587999978923625155e-02	6.787498098625407983e-02	2.125019013769389835e-03	2.176396813728717469e-10	2.119999992644323525e-03
9.260000000000000000e+02	2.392303560295722804e-14	2.335001831027867758e-16	1.096508444647841957e-23	1.994981190064355151e-03	5.018803427843678656e-06	6.649229142687088670e-24	4.445172373637873654e-17	8.278711052354866500e-14	5.958111643546609883e-14	7.028395373124634276e-24	5.723116324603589242e-28	1.587999978875306167e-02	6.787498098577210426e-02	2.125019014251391426e-03	2.178746812296466643e-10	2.119999992892519086e-03
9.270000000000000000e+02	2.392303559802293148e-14	2.335001830475209557e-16	1.096508444463115664e-23	1.994981190057919327e-03	5.018803426653472851e-06	6.649229141110236466e-24	4.445172372585771097e-17	8.278711050477049379e-14	5.958111642122168164e-14	7.028395371445192273e-24	5.723116322242725534e-28	1.587999978826987180e-02	6.787498098529012869e-02	2.125019014733393018e-03	2.181096810863658504e-10	2.119999993140714648e-03
9.280000000000000000e+02	2.392303559307223292e-14	2.335001829920948489e-16	1.096508444277856726e-23	1.994981190051483503e-03	5.018803425463267046e-06	6.649229139533384263e-24	4.445172371530618483e-17	8.278711048597588904e-14	5.958111640697081472e-14	7.028395369764986198e-24	5.723116319874009173e-28	1.587999978778668192e-02	6.787498098480815312e-02	2.125019015215394609e-03	2.183446809430292794e-10	2.119999993388910209e-03
9.290000000000000000e+02	2.392303558812054040e-14	2.335001829366591279e-16	1.096508444092565903e-23	1.994981190045047679e-03	5.018803424273062936e-06	6.649229137956532060e-24	4.445172370475281597e-17	8.278711046720436951e-14	5.958111639273157246e-14	7.028395368086148105e-24	5.723116317504818389e-28	1.587999978730349204e-02	6.787498098432617755e-02	2.125019015697396201e-03	2.185796807996370288e-10	2.119999993637105770e-03
9.300000000000000000e+02	2.392303558317494103e-14	2.335001828812829166e-16	1.096508443907472562e-23	1.994981190038611855e-03	5.018803423082857978e-06	6.649229136379678387e-24	4.445172369421078082e-17	8.278711044842931588e-14	5.958111637849763134e-14	7.028395366407938902e-24	5.723116315138543203e-28	1.587999978682030217e-02	6.787498098384420198e-02	2.125019016179397792e-03	2.188146806561890210e-10	2.119999993885301331e-03
9.310000000000000000e+02	2.392303557823610379e-14	2.335001828259726738e-16	1.096508443722598598e-23	1.994981190032176031e-03	5.018803421892653020e-06	6.649229134802821776e-24	4.445172368368130581e-17	8.278711042965802354e-14	5.958111636425774537e-14	7.028395364729027340e-24	5.723116312775503783e-28	1.587999978633711229e-02	6.787498098336222641e-02	2.125019016661399383e-03	2.190496805126852820e-10	2.119999994133496893e-03
9.320000000000000000e+02	2.392303557327986111e-14	2.335001827704925794e-16	1.096508443537160103e-23	1.994981190025740207e-03	5.018803420702447216e-06	6.649229133225969573e-24	4.445172367311949367e-17	8.278711041086947724e-14	5.958111635001756910e-14	7.028395363050081983e-24	5.723116310404138184e-28	1.587999978585392241e-02	6.787498098288025083e-02	2.125019017143400975e-03	2.192846803691258116e-10	2.119999994381692454e-03
9.330000000000000000e+02	2.392303556833315104e-14	2.335001827151054719e-16	1.096508443352031057e-23	1.994981190019304382e-03	5.018803419512243105e-06	6.649229131649117369e-24	4.445172366257538776e-17	8.278711039209230315e-14	5.958111633577568888e-14	7.028395361370933853e-24	5.723116308037331177e-28	1.587999978537073253e-02	6.787498098239827526e-02	2.125019017625402566e-03	2.195196802255106100e-10	2.119999994629888015e-03
9.340000000000000000e+02	2.392303556339192196e-14	2.335001826597719084e-16	1.096508443167079511e-23	1.994981190012868558e-03	5.018803418322037300e-06	6.649229130072260758e-24	4.445172365204146925e-17	8.278711037330734143e-14	5.958111632153196589e-14	7.028395359691571196e-24	5.723116305673146504e-28	1.587999978488754266e-02	6.787498098191629969e-02	2.125019018107404158e-03	2.197546800818396770e-10	2.119999994878083577e-03
9.350000000000000000e+02	2.392303555845796934e-14	2.335001826045093424e-16	1.096508442982364092e-23	1.994981190006432734e-03	5.018803417131831496e-06	6.649229128495410024e-24	4.445172364152106614e-17	8.278711035455489340e-14	5.958111630729770923e-14	7.028395358013326728e-24	5.723116303312444225e-28	1.587999978440435278e-02	6.787498098143432412e-02	2.125019018589405749e-03	2.199896799381130128e-10	2.119999995126279138e-03
9.360000000000000000e+02	2.392303555350871913e-14	2.335001825490973858e-16	1.096508442797152467e-23	1.994981189999996910e-03	5.018803415941626538e-06	6.649229126918556352e-24	4.445172363097223323e-17	8.278711033574774260e-14	5.958111629304301792e-14	7.028395356332666618e-24	5.723116300944421115e-28	1.587999978392116290e-02	6.787498098095234855e-02	2.125019019071407340e-03	2.202246797943306690e-10	2.119999995374474699e-03
9.370000000000000000e+02	2.392303554855844971e-14	2.335001824936755685e-16	1.096508442611907635e-23	1.994981189993561086e-03	5.018803414751421580e-06	6.649229125341702679e-24	4.445172362042151444e-17	8.278711031698119605e-14	5.958111627880732237e-14	7.028395354654251703e-24	5.723116298575913716e-28	1.587999978343797303e-02	6.787498098047037298e-02	2.125019019553408932e-03	2.204596796504925422e-10	2.119999995622670261e-03
9.380000000000000000e+02	2.392303554361429554e-14	2.335001824383134581e-16	1.096508442426861461e-23	1.994981189987125262e-03	5.018803413561216622e-06	6.649229123764849006e-24	4.445172360988216635e-17	8.278711029821114064e-14	5.958111626457701633e-14	7.028395352976468616e-24	5.723116296210329090e-28	1.587999978295478315e-02	6.787498097998839741e-02	2.125019020035410523e-03	2.206946795065986841e-10	2.119999995870865822e-03
9.390000000000000000e+02	2.392303553867692558e-14	2.335001823830175627e-16	1.096508442242034958e-23	1.994981189980689438e-03	5.018803412371011665e-06	6.649229122187993864e-24	4.445172359935542154e-17	8.278711027944496012e-14	5.958111625034076543e-14	7.028395351297987579e-24	5.723116293847993682e-28	1.587999978247159327e-02	6.787498097950642184e-02	2.125019020517412115e-03	2.209296793626490946e-10	2.119999996119061383e-03
9.400000000000000000e+02	2.392303553372215650e-14	2.335001823275518650e-16	1.096508442056644511e-23	1.994981189974253614e-03	5.018803411180805860e-06	6.649229120611141661e-24	4.445172358879633960e-17	8.278711026066148777e-14	5.958111623610426209e-14	7.028395349619474217e-24	5.723116291477329405e-28	1.587999978198840340e-02	6.787498097902444627e-02	2.125019020999413706e-03	2.211646792186437998e-10	2.119999996367256945e-03
9.410000000000000000e+02	2.392303552877689792e-14	2.335001822721789570e-16	1.096508441871562338e-23	1.994981189967817790e-03	5.018803409990600055e-06	6.649229119034289458e-24	4.445172357825493923e-17	8.278711024188934978e-14	5.958111622186600433e-14	7.028395347940750734e-24	5.723116289111217442e-28	1.587999978150521352e-02	6.787498097854247070e-02	2.125019021481415298e-03	2.213996790745827737e-10	2.119999996615452506e-03
9.420000000000000000e+02	2.392303552383712667e-14	2.335001822168596423e-16	1.096508441686658252e-23	1.994981189961381966e-03	5.018803408800395945e-06	6.649229117457435785e-24	4.445172356772372627e-17	8.278711022310943677e-14	5.958111620762591641e-14	7.028395346261817132e-24	5.723116286747732297e-28	1.587999978102202364e-02	6.787498097806049513e-02	2.125019021963416889e-03	2.216346789304660162e-10	2.119999996863648067e-03
9.430000000000000000e+02	2.392303551890460031e-14	2.335001821616109306e-16	1.096508441501989265e-23	1.994981189954946142e-03	5.018803407610190987e-06	6.649229115880580643e-24	4.445172355720597324e-17	8.278711020434440483e-14	5.958111619338779748e-14	7.028395344583117160e-24	5.723116284387712507e-28	1.587999978053883376e-02	6.787498097757851956e-02	2.125019022445418480e-03	2.218696787862935016e-10	2.119999997111843629e-03
9.440000000000000000e+02	2.392303551395682684e-14	2.335001821062134694e-16	1.096508441316824954e-23	1.994981189948510317e-03	5.018803406419985182e-06	6.649229114303729910e-24	4.445172354665988901e-17	8.278711018555989749e-14	5.958111617914418809e-14	7.028395342903767727e-24	5.723116282020396100e-28	1.587999978005564389e-02	6.787498097709654399e-02	2.125019022927420072e-03	2.221046786420653075e-10	2.119999997360039190e-03
9.450000000000000000e+02	2.392303550901484362e-14	2.335001820508725596e-16	1.096508441131849310e-23	1.994981189942074493e-03	5.018803405229780224e-06	6.649229112726874768e-24	4.445172353612458383e-17	8.278711016679157127e-14	5.958111616490546332e-14	7.028395341224994286e-24	5.723116279655851797e-28	1.587999977957245401e-02	6.787498097661456842e-02	2.125019023409421663e-03	2.223396784977813303e-10	2.119999997608234751e-03
9.460000000000000000e+02	2.392303550405408551e-14	2.335001819953482890e-16	1.096508440946263878e-23	1.994981189935638669e-03	5.018803404039575267e-06	6.649229111150021095e-24	4.445172352555436539e-17	8.278711014799195567e-14	5.958111615065612364e-14	7.028395339544966004e-24	5.723116277282324835e-28	1.587999977908926413e-02	6.787498097613259285e-02	2.125019023891423255e-03	2.225746783534416477e-10	2.119999997856430313e-03
9.470000000000000000e+02	2.392303549912325362e-14	2.335001819401161927e-16	1.096508440761650139e-23	1.994981189929202845e-03	5.018803402849370309e-06	6.649229109573167422e-24	4.445172351503976164e-17	8.278711012923124038e-14	5.958111613641857269e-14	7.028395337866336562e-24	5.723116274923114884e-28	1.587999977860607426e-02	6.787498097565061728e-02	2.125019024373424846e-03	2.228096782090462338e-10	2.119999998104625874e-03
9.480000000000000000e+02	2.392303549415262843e-14	2.335001818844957303e-16	1.096508440575744679e-23	1.994981189922767021e-03	5.018803401659165351e-06	6.649229107996313750e-24	4.445172350445121451e-17	8.278711011041158140e-14	5.958111612216095313e-14	7.028395336185325273e-24	5.723116272544864313e-28	1.587999977812288438e-02	6.787498097516864171e-02	2.125019024855426437e-03	2.230446780645950886e-10	2.119999998352821435e-03
9.490000000000000000e+02	2.392303548920855315e-14	2.335001818291343102e-16	1.096508440390701003e-23	1.994981189916331197e-03	5.018803400468959547e-06	6.649229106419461547e-24	4.445172349391200817e-17	8.278711009164451736e-14	5.958111610792619159e-14	7.028395334507017622e-24	5.723116270179320044e-28	1.587999977763969450e-02	6.787498097468666614e-02	2.125019025337428029e-03	2.232796779200882121e-10	2.119999998601016997e-03
9.500000000000000000e+02	2.392303548427023340e-14	2.335001817738291456e-16	1.096508440205844084e-23	1.994981189909895373e-03	5.018803399278754589e-06	6.649229104842604935e-24	4.445172348338350075e-17	8.278711007286966568e-14	5.958111609368970088e-14	7.028395332828508667e-24	5.723116267816528149e-28	1.587999977715650463e-02	6.787498097420469056e-02	2.125019025819429620e-03	2.235146777755256043e-10	2.119999998849212558e-03
9.510000000000000000e+02	2.392303547933916801e-14	2.335001817185947814e-16	1.096508440021222117e-23	1.994981189903459549e-03	5.018803398088549631e-06	6.649229103265752732e-24	4.445172347286845943e-17	8.278711005410964458e-14	5.958111607945520440e-14	7.028395331150236281e-24	5.723116265457205197e-28	1.587999977667331475e-02	6.787498097372271499e-02	2.125019026301431212e-03	2.237496776309072652e-10	2.119999999097408119e-03
9.520000000000000000e+02	2.392303547439283974e-14	2.335001816632113224e-16	1.096508439836105119e-23	1.994981189897023725e-03	5.018803396898343826e-06	6.649229101688899059e-24	4.445172346232506226e-17	8.278711003533017333e-14	5.958111606521521746e-14	7.028395329471314434e-24	5.723116263090582937e-28	1.587999977619012487e-02	6.787498097324073942e-02	2.125019026783432803e-03	2.239846774862332207e-10	2.119999999345603681e-03
9.530000000000000000e+02	2.392303546945232064e-14	2.335001816078847107e-16	1.096508439651176495e-23	1.994981189890587901e-03	5.018803395708138869e-06	6.649229100112043917e-24	4.445172345179245030e-17	8.278711001656689582e-14	5.958111605098010252e-14	7.028395327792967110e-24	5.723116260726737266e-28	1.587999977570693499e-02	6.787498097275876385e-02	2.125019027265434395e-03	2.242196773415034190e-10	2.119999999593799242e-03
9.540000000000000000e+02	2.392303546449301403e-14	2.335001815523747382e-16	1.096508439465638818e-23	1.994981189884152076e-03	5.018803394517934758e-06	6.649229098535193184e-24	4.445172344122494357e-17	8.278710999777230369e-14	5.958111603673443577e-14	7.028395326113367884e-24	5.723116258353904451e-28	1.587999977522374512e-02	6.787498097227678828e-02	2.125019027747435986e-03	2.244546771967178860e-10	2.119999999841994803e-03
9.550000000000000000e+02	2.392303545956365574e-14	2.335001814971569400e-16	1.096508439281072393e-23	1.994981189877716252e-03	5.018803393327728953e-06	6.649229096958339511e-24	4.445172343071308235e-17	8.278710997901668759e-14	5.958111602250053252e-14	7.028395324435167496e-24	5.723116255995399409e-28	1.587999977474055524e-02	6.787498097179481271e-02	2.125019028229437577e-03	2.246896770518766218e-10	2.120000000090190365e-03
9.560000000000000000e+02	2.392303545459447575e-14	2.335001814415506279e-16	1.096508439095214246e-23	1.994981189871280428e-03	5.018803392137523996e-06	6.649229095381484369e-24	4.445172342012723460e-17	8.278710996020205208e-14	5.958111600824654803e-14	7.028395322754586733e-24	5.723116253617843882e-28	1.587999977425736536e-02	6.787498097131283714e-02	2.125019028711439169e-03	2.249246769069796521e-10	2.120000000338385926e-03
9.570000000000000000e+02	2.392303544965072863e-14	2.335001813861924124e-16	1.096508438910181297e-23	1.994981189864844604e-03	5.018803390947319038e-06	6.649229093804630696e-24	4.445172340958863223e-17	8.278710994143905225e-14	5.958111599401520699e-14	7.028395321076684627e-24	5.723116251252453868e-28	1.587999977377417549e-02	6.787498097083086157e-02	2.125019029193440760e-03	2.251596767620269252e-10	2.120000000586581487e-03
9.580000000000000000e+02	2.392303544470321076e-14	2.335001813307975150e-16	1.096508438725025802e-23	1.994981189858408780e-03	5.018803389757114080e-06	6.649229092227779963e-24	4.445172339904303488e-17	8.278710992262918777e-14	5.958111597975308146e-14	7.028395319395153183e-24	5.723116248885262120e-28	1.587999977329098561e-02	6.787498097034888600e-02	2.125019029675442352e-03	2.253946766170184929e-10	2.120000000834777049e-03
9.590000000000000000e+02	2.392303543977352745e-14	2.335001812755766107e-16	1.096508438540448650e-23	1.994981189851972956e-03	5.018803388566907428e-06	6.649229090650926290e-24	4.445172338853056352e-17	8.278710990387420276e-14	5.958111596552213170e-14	7.028395317717296627e-24	5.723116246526602823e-28	1.587999977280779573e-02	6.787498096986691043e-02	2.125019030157443943e-03	2.256296764719543035e-10	2.120000001082972610e-03
9.600000000000000000e+02	2.392303543482846767e-14	2.335001812202056256e-16	1.096508438355372942e-23	1.994981189845537132e-03	5.018803387376702471e-06	6.649229089074071148e-24	4.445172337798951444e-17	8.278710988509564028e-14	5.958111595128431570e-14	7.028395316038633389e-24	5.723116244160583233e-28	1.587999977232460586e-02	6.787498096938493486e-02	2.125019030639445534e-03	2.258646763268347447e-10	2.120000001331168171e-03
9.610000000000000000e+02	2.392303542988975980e-14	2.335001811648966154e-16	1.096508438170503240e-23	1.994981189839101308e-03	5.018803386186498360e-06	6.649229087497217475e-24	4.445172336746028596e-17	8.278710986634195532e-14	5.958111593705461550e-14	7.028395314360920832e-24	5.723116241797605695e-28	1.587999977184141598e-02	6.787498096890295929e-02	2.125019031121447126e-03	2.260996761816596614e-10	2.120000001579363733e-03
9.620000000000000000e+02	2.392303542493187945e-14	2.335001811094004972e-16	1.096508437985011407e-23	1.994981189832665484e-03	5.018803384996292555e-06	6.649229085920363803e-24	4.445172335689542314e-17	8.278710984755246238e-14	5.958111592281254596e-14	7.028395312681750662e-24	5.723116239425456265e-28	1.587999977135822610e-02	6.787498096842098372e-02	2.125019031603448717e-03	2.263346760364282780e-10	2.120000001827559294e-03
9.630000000000000000e+02	2.392303542000395688e-14	2.335001810541967506e-16	1.096508437800491854e-23	1.994981189826229660e-03	5.018803383806087598e-06	6.649229084343511600e-24	4.445172334638623049e-17	8.278710982880181926e-14	5.958111590858229040e-14	7.028395311003976391e-24	5.723116237067639092e-28	1.587999977087503622e-02	6.787498096793900815e-02	2.125019032085450309e-03	2.265696758911412151e-10	2.120000002075754855e-03
9.640000000000000000e+02	2.392303541503625364e-14	2.335001809986048352e-16	1.096508437614681462e-23	1.994981189819793835e-03	5.018803382615881793e-06	6.649229082766657927e-24	4.445172333580312527e-17	8.278710980999227033e-14	5.958111589433191573e-14	7.028395309323823213e-24	5.723116234690787578e-28	1.587999977039184635e-02	6.787498096745703258e-02	2.125019032567451900e-03	2.268046757457983692e-10	2.120000002323950417e-03
9.650000000000000000e+02	2.392303541009682632e-14	2.335001809432888238e-16	1.096508437429788543e-23	1.994981189813358011e-03	5.018803381425677682e-06	6.649229081189805724e-24	4.445172332527255325e-17	8.278710979123689405e-14	5.958111588010147085e-14	7.028395307646025433e-24	5.723116232327468346e-28	1.587999976990865647e-02	6.787498096697505701e-02	2.125019033049453492e-03	2.270396756003997920e-10	2.120000002572145978e-03
9.660000000000000000e+02	2.392303540514791374e-14	2.335001808878802199e-16	1.096508437244587645e-23	1.994981189806922187e-03	5.018803380235472725e-06	6.649229079612950582e-24	4.445172331472433663e-17	8.278710977242949081e-14	5.958111586584573193e-14	7.028395305965249243e-24	5.723116229959605769e-28	1.587999976942546659e-02	6.787498096649308144e-02	2.125019033531455083e-03	2.272746754549455094e-10	2.120000002820341539e-03
9.670000000000000000e+02	2.392303540019367478e-14	2.335001808324197484e-16	1.096508437059214537e-23	1.994981189800486363e-03	5.018803379045267767e-06	6.649229078036096909e-24	4.445172330416626542e-17	8.278710975365727708e-14	5.958111585161153838e-14	7.028395304287004775e-24	5.723116227589199779e-28	1.587999976894227672e-02	6.787498096601110587e-02	2.125019034013456674e-03	2.275096753094355213e-10	2.120000003068537101e-03
9.680000000000000000e+02	2.392303539526439221e-14	2.335001807772026405e-16	1.096508436874650316e-23	1.994981189794050539e-03	5.018803377855061962e-06	6.649229076459241767e-24	4.445172329365452129e-17	8.278710973486909681e-14	5.958111583735619073e-14	7.028395302606274136e-24	5.723116225230728816e-28	1.587999976845908684e-02	6.787498096552913029e-02	2.125019034495458266e-03	2.277446751638697761e-10	2.120000003316732662e-03
9.690000000000000000e+02	2.392303539032679506e-14	2.335001807219045757e-16	1.096508436689816613e-23	1.994981189787614715e-03	5.018803376664857851e-06	6.649229074882391033e-24	4.445172328312736357e-17	8.278710971611592934e-14	5.958111582312829544e-14	7.028395300928777576e-24	5.723116222868284892e-28	1.587999976797589696e-02	6.787498096504715472e-02	2.125019034977459857e-03	2.279796750182482996e-10	2.120000003564928223e-03
9.700000000000000000e+02	2.392303538537040092e-14	2.335001806664230021e-16	1.096508436504373269e-23	1.994981189781178891e-03	5.018803375474652047e-06	6.649229073305535891e-24	4.445172327256526793e-17	8.278710969733143463e-14	5.958111580888986097e-14	7.028395299250034992e-24	5.723116220496843959e-28	1.587999976749270709e-02	6.787498096456517915e-02	2.125019035459461449e-03	2.282146748725710659e-10	2.120000003813123785e-03
9.710000000000000000e+02	2.392303538042351098e-14	2.335001806110340705e-16	1.096508436319237905e-23	1.994981189774743067e-03	5.018803374284446242e-06	6.649229071728683688e-24	4.445172326202081073e-17	8.278710967853733474e-14	5.958111579464326022e-14	7.028395297570332910e-24	5.723116218129950856e-28	1.587999976700951721e-02	6.787498096408320358e-02	2.125019035941463040e-03	2.284496747268381526e-10	2.120000004061319346e-03
9.720000000000000000e+02	2.392303537546581050e-14	2.335001805555397272e-16	1.096508436133752243e-23	1.994981189768307243e-03	5.018803373094242131e-06	6.649229070151831485e-24	4.445172325145629304e-17	8.278710965974021825e-14	5.958111578038692807e-14	7.028395295889478844e-24	5.723116215757884832e-28	1.587999976652632733e-02	6.787498096360122801e-02	2.125019036423464631e-03	2.286846745810494822e-10	2.120000004309514907e-03
9.730000000000000000e+02	2.392303537052786308e-14	2.335001805002382112e-16	1.096508435948907226e-23	1.994981189761871419e-03	5.018803371904037174e-06	6.649229068574977812e-24	4.445172324092846971e-17	8.278710964098991592e-14	5.958111576616008039e-14	7.028395294212108650e-24	5.723116213395273200e-28	1.587999976604313745e-02	6.787498096311925244e-02	2.125019036905466223e-03	2.289196744352050805e-10	2.120000004557710468e-03
9.740000000000000000e+02	2.392303536558038939e-14	2.335001804448436589e-16	1.096508435763753200e-23	1.994981189755435595e-03	5.018803370713831369e-06	6.649229066998122670e-24	4.445172323038294631e-17	8.278710962218752353e-14	5.958111575190797654e-14	7.028395292531757108e-24	5.723116211028098492e-28	1.587999976555994758e-02	6.787498096263727687e-02	2.125019037387467814e-03	2.291546742893049476e-10	2.120000004805906030e-03
9.750000000000000000e+02	2.392303536062682884e-14	2.335001803893897448e-16	1.096508435578401545e-23	1.994981189748999770e-03	5.018803369523627258e-06	6.649229065421271936e-24	4.445172321982612002e-17	8.278710960341774581e-14	5.958111573767876859e-14	7.028395290854100386e-24	5.723116208658015362e-28	1.587999976507675770e-02	6.787498096215530130e-02	2.125019037869469406e-03	2.293896741433491091e-10	2.120000005054101591e-03
9.760000000000000000e+02	2.392303535569978664e-14	2.335001803341945770e-16	1.096508435393910351e-23	1.994981189742563946e-03	5.018803368333422301e-06	6.649229063844418264e-24	4.445172320931856056e-17	8.278710958463723957e-14	5.958111572342570549e-14	7.028395289173638642e-24	5.723116206300619699e-28	1.587999976459356782e-02	6.787498096167332573e-02	2.125019038351470997e-03	2.296246739973375135e-10	2.120000005302297152e-03
9.770000000000000000e+02	2.392303535076374196e-14	2.335001802789115992e-16	1.096508435209126901e-23	1.994981189736128122e-03	5.018803367143215649e-06	6.649229062267563122e-24	4.445172319879426245e-17	8.278710956588836351e-14	5.958111570920148314e-14	7.028395287496575545e-24	5.723116203938915660e-28	1.587999976411037795e-02	6.787498096119135016e-02	2.125019038833472589e-03	2.298596738512710656e-10	2.120000005550492714e-03
9.780000000000000000e+02	2.392303534580870467e-14	2.335001802234432884e-16	1.096508435023727785e-23	1.994981189729692298e-03	5.018803365953010691e-06	6.649229060690709449e-24	4.445172318823469979e-17	8.278710954710961170e-14	5.958111569496659539e-14	7.028395285818251731e-24	5.723116201568125827e-28	1.587999976362718807e-02	6.787498096070937459e-02	2.125019039315474180e-03	2.300946737051480332e-10	2.120000005798688275e-03
9.790000000000000000e+02	2.392303534086326308e-14	2.335001801680685562e-16	1.096508434838639587e-23	1.994981189723256474e-03	5.018803364762805733e-06	6.649229059113855777e-24	4.445172317769294814e-17	8.278710952832057315e-14	5.958111568072361708e-14	7.028395284138977235e-24	5.723116199201927768e-28	1.587999976314399819e-02	6.787498096022739902e-02	2.125019039797475771e-03	2.303296735589692696e-10	2.120000006046883836e-03
9.800000000000000000e+02	2.392303533590702041e-14	2.335001801125884125e-16	1.096508434653201092e-23	1.994981189716820650e-03	5.018803363572599929e-06	6.649229057537003573e-24	4.445172316713112367e-17	8.278710950952849274e-14	5.958111566647092001e-14	7.028395282458553694e-24	5.723116196830559478e-28	1.587999976266080832e-02	6.787498095974542345e-02	2.125019040279477363e-03	2.305646734127347489e-10	2.120000006295079398e-03
9.810000000000000000e+02	2.392303533097053081e-14	2.335001800573011452e-16	1.096508434468403535e-23	1.994981189710384826e-03	5.018803362382394971e-06	6.649229055960148432e-24	4.445172315660602438e-17	8.278710949078322651e-14	5.958111565224770740e-14	7.028395280781609616e-24	5.723116194468642891e-28	1.587999976217761844e-02	6.787498095926344788e-02	2.125019040761478954e-03	2.307996732664444968e-10	2.120000006543274959e-03
9.820000000000000000e+02	2.392303532602451809e-14	2.335001800019208910e-16	1.096508434283296676e-23	1.994981189703949002e-03	5.018803361192190013e-06	6.649229054383294759e-24	4.445172314606320653e-17	8.278710947198589545e-14	5.958111563799925124e-14	7.028395279101685660e-24	5.723116192102171298e-28	1.587999976169442856e-02	6.787498095878147231e-02	2.125019041243480546e-03	2.310346731200985135e-10	2.120000006791470520e-03
9.830000000000000000e+02	2.392303532107321368e-14	2.335001799464888678e-16	1.096508434098018343e-23	1.994981189697513178e-03	5.018803360001985055e-06	6.649229052806441086e-24	4.445172313551056490e-17	8.278710945322380438e-14	5.958111562377231521e-14	7.028395277424302241e-24	5.723116189733166158e-28	1.587999976121123868e-02	6.787498095829949674e-02	2.125019041725482137e-03	2.312696729736968506e-10	2.120000007039666082e-03
9.840000000000000000e+02	2.392303531614684359e-14	2.335001798913004054e-16	1.096508433913549043e-23	1.994981189691077354e-03	5.018803358811780945e-06	6.649229051229588883e-24	4.445172312500425651e-17	8.278710943444573415e-14	5.958111560952425033e-14	7.028395275744428244e-24	5.723116187376092458e-28	1.587999976072804881e-02	6.787498095781752117e-02	2.125019042207483728e-03	2.315046728272394305e-10	2.120000007287861643e-03
9.850000000000000000e+02	2.392303531118514200e-14	2.335001798357669150e-16	1.096508433727933195e-23	1.994981189684641529e-03	5.018803357621575140e-06	6.649229049652735210e-24	4.445172311443228779e-17	8.278710941566180741e-14	5.958111559528996842e-14	7.028395274066176429e-24	5.723116185002110803e-28	1.587999976024485893e-02	6.787498095733554559e-02	2.125019042689485320e-03	2.317396726807262533e-10	2.120000007536057204e-03
9.860000000000000000e+02	2.392303530624678438e-14	2.335001797804614053e-16	1.096508433543074806e-23	1.994981189678205705e-03	5.018803356431370182e-06	6.649229048075881538e-24	4.445172310390370641e-17	8.278710939688709458e-14	5.958111558104286280e-14	7.028395272386415572e-24	5.723116182639301869e-28	1.587999975976166905e-02	6.787498095685357002e-02	2.125019043171486911e-03	2.319746725341573706e-10	2.120000007784252766e-03
9.870000000000000000e+02	2.392303530130282270e-14	2.335001797251011684e-16	1.096508433358034804e-23	1.994981189671769881e-03	5.018803355241165225e-06	6.649229046499029335e-24	4.445172309336471577e-17	8.278710937810314260e-14	5.958111556680349432e-14	7.028395270707565724e-24	5.723116180273810513e-28	1.587999975927847918e-02	6.787498095637159445e-02	2.125019043653488503e-03	2.322096723875327566e-10	2.120000008032448327e-03
9.880000000000000000e+02	2.392303529634805046e-14	2.335001796696353228e-16	1.096508433172644063e-23	1.994981189665334057e-03	5.018803354050959420e-06	6.649229044922174193e-24	4.445172308280562767e-17	8.278710935931612353e-14	5.958111555255447018e-14	7.028395269027571239e-24	5.723116177903147132e-28	1.587999975879528930e-02	6.787498095588961888e-02	2.125019044135490094e-03	2.324446722408524114e-10	2.120000008280643888e-03
9.890000000000000000e+02	2.392303529139836480e-14	2.335001796142192740e-16	1.096508432987418186e-23	1.994981189658898233e-03	5.018803352860754462e-06	6.649229043345321989e-24	4.445172307225599357e-17	8.278710934052689565e-14	5.958111553831031805e-14	7.028395267348160092e-24	5.723116175534915060e-28	1.587999975831209942e-02	6.787498095540764331e-02	2.125019044617491686e-03	2.326796720941163348e-10	2.120000008528839450e-03
9.900000000000000000e+02	2.392303528645658352e-14	2.335001795588802871e-16	1.096508432802448713e-23	1.994981189652462409e-03	5.018803351670550352e-06	6.649229041768468317e-24	4.445172306172103351e-17	8.278710932174250191e-14	5.958111552406046087e-14	7.028395265668074506e-24	5.723116173170469409e-28	1.587999975782890955e-02	6.787498095492566774e-02	2.125019045099493277e-03	2.329146719473245011e-10	2.120000008777035011e-03
9.910000000000000000e+02	2.392303528150674009e-14	2.335001795034626113e-16	1.096508432617217840e-23	1.994981189646026585e-03	5.018803350480345394e-06	6.649229040191614644e-24	4.445172305117112208e-17	8.278710930298545955e-14	5.958111550983714729e-14	7.028395263991117203e-24	5.723116170802162004e-28	1.587999975734571967e-02	6.787498095444369217e-02	2.125019045581494868e-03	2.331496718004769362e-10	2.120000009025230572e-03
9.920000000000000000e+02	2.392303527658182150e-14	2.335001794482882005e-16	1.096508432432795413e-23	1.994981189639590761e-03	5.018803349290138742e-06	6.649229038614760972e-24	4.445172304066750075e-17	8.278710928421240016e-14	5.958111549559270486e-14	7.028395262311670792e-24	5.723116168445783348e-28	1.587999975686252979e-02	6.787498095396171660e-02	2.125019046063496460e-03	2.333846716535736916e-10	2.120000009273426134e-03
9.930000000000000000e+02	2.392303527162158719e-14	2.335001793927691560e-16	1.096508432247227613e-23	1.994981189633154937e-03	5.018803348099934631e-06	6.649229037037908768e-24	4.445172303009826839e-17	8.278710926543356001e-14	5.958111548136209589e-14	7.028395260633849502e-24	5.723116166072506602e-28	1.587999975637933991e-02	6.787498095347974103e-02	2.125019046545498051e-03	2.336196715066146640e-10	2.120000009521621695e-03
9.940000000000000000e+02	2.392303526668470001e-14	2.335001793374778952e-16	1.096508432062417126e-23	1.994981189626719113e-03	5.018803346909729674e-06	6.649229035461053626e-24	4.445172301957241105e-17	8.278710924666393374e-14	5.958111546711862533e-14	7.028395258954517701e-24	5.723116163710398092e-28	1.587999975589615004e-02	6.787498095299776546e-02	2.125019047027499643e-03	2.338546713595999568e-10	2.120000009769817256e-03
9.950000000000000000e+02	2.392303526174218983e-14	2.335001792821318578e-16	1.096508431877424144e-23	1.994981189620283289e-03	5.018803345719523022e-06	6.649229033884199954e-24	4.445172300903613212e-17	8.278710922788499261e-14	5.958111545288289193e-14	7.028395257276096908e-24	5.723116161345601780e-28	1.587999975541296016e-02	6.787498095251578989e-02	2.125019047509501234e-03	2.340896712125295184e-10	2.120000010018012818e-03
9.960000000000000000e+02	2.392303525678887225e-14	2.335001792266803103e-16	1.096508431692079982e-23	1.994981189613847464e-03	5.018803344529318911e-06	6.649229032307349220e-24	4.445172299847973107e-17	8.278710920910303487e-14	5.958111543863746499e-14	7.028395255596530009e-24	5.723116158975635238e-28	1.587999975492977028e-02	6.787498095203381432e-02	2.125019047991502825e-03	2.343246710654033486e-10	2.120000010266208379e-03
9.970000000000000000e+02	2.392303525184064125e-14	2.335001791712783131e-16	1.096508431506901565e-23	1.994981189607411640e-03	5.018803343339113107e-06	6.649229030730494078e-24	4.445172298793280251e-17	8.278710919031885570e-14	5.958111542439696056e-14	7.028395253917544979e-24	5.723116156608100901e-28	1.587999975444658041e-02	6.787498095155183875e-02	2.125019048473504417e-03	2.345596709182213959e-10	2.120000010514403940e-03
9.980000000000000000e+02	2.392303524689916605e-14	2.335001791159423830e-16	1.096508431321942231e-23	1.994981189600975816e-03	5.018803342148908149e-06	6.649229029153638936e-24	4.445172297739843410e-17	8.278710917153847568e-14	5.958111541015052388e-14	7.028395252237861999e-24	5.723116154243797846e-28	1.587999975396339053e-02	6.787498095106986318e-02	2.125019048955506008e-03	2.347946707709837118e-10	2.120000010762599502e-03
9.990000000000000000e+02	2.392303524194031383e-14	2.335001790604366999e-16	1.096508431136418660e-23	1.994981189594539992e-03	5.018803340958703191e-06	6.649229027576786733e-24	4.445172296683175321e-17	8.278710915274084170e-14	5.958111539590383477e-14	7.028395250558143754e-24	5.723116151871182961e-28	1.587999975348020065e-02	6.787498095058788761e-02	2.125019049437507600e-03	2.350296706236903482e-10	2.120000011010795063e-03
