structure,qh-G(T)_SPC
00-lpdoh2,-1473.651712
01-rxt,-2034.797517
03-c1,-2034.790232
05-c2,-2034.840922
09-c3,-1858.926405
11-c4,-1858.900741
13-t1,-2034.795708
15-t2,-2034.807225
19-t3,-1858.902148
21-t4,-1858.910578
99-l2pd2oh4,-2947.303424
naphboh2,-561.150376
h2o,-76.368394
boh3,-252.272407
naphh-c,-385.286152
naphh-t,-385.286152
