structure,qh-G(T)_SPC
00-lpdoh2,-1395.1239975
01-rxt,-1956.268439
03-c1,-1956.266762
05-c2,-1956.32024
09-c3,-1780.400453
11-c4,-1780.376008
13-t1,-1956.270783
15-t2,-1956.280713
19-t3,-1780.376554
21-t4,-1780.38704
42-p1,-2819.816527
99-l2pd2oh4,-2790.247995
naphboh2,-561.150376
h2o,-76.368394
boh3,-252.272407
naphh-c,-385.286152
naphh-t,-385.286152
pre-catalyst-dimer,-558.715083
pre-catalyst-monomer,-279.3575415
ligand,-1115.766456
