structure,qh-G(T)_SPC
e00-lpdoh2,-1397.5205905
e01-ecrxt,-2307.249985
e03-ec1,-2307.245443
e05-ec2,-2307.299448
e09-ec3,-1897.179561
e11-ec4,-1897.146245
e12-etrxt,-2307.260266
e14-et1,-2307.256855
e16-et2,-2307.266497
e20-et3,-1897.157567
e22-et4,-1897.1668
e100-l2pd2oh4,-2795.041181
6omenaphbpin,-909.749633
h2o,-76.368394
bpinoh,-486.48039
6omenaph-c,-499.674855
6omenaph-t,-499.674855
