structure,qh-G(T)_SPC
00-lpdoh2,-1093.057442
01-rxt,-1654.20414
03-c1,-1654.189857
05-c2,-1654.248268
09-c3,-1478.333202
11-c4,-1478.299707
13-t1,-1654.203898
15-t2,-1654.211569
19-t3,-1478.309377
21-t4,-1478.314001
99-l2pd2oh4,-2186.114884
naphboh2,-561.150376
h2o,-76.368394
boh3,-252.272407
naphh-c,-385.286152
naphh-t,-385.286152
