structure,qh-G(T)_SPC
00-lpdoh2,-1324.979372
01-rxt,-1978.284407
03-c1,-1978.276357
05-c2,-1978.327278
09-c3,-1802.411177
11-c4,-1802.383338
13-t1,-1978.279237
15-t2,-1978.285959
19-t3,-1802.381051
21-t4,-1802.392315
100-l2pd2oh4,-2649.958744
6cnnaphboh2,-653.30718
h2o,-76.368394
boh3,-252.272407
6cnnaph-c,-477.444811
6cnnaph-t,-477.444811
