structure,qh-G(T)_SPC
00-lpdoh2,-1324.979372
01-rxt,-2000.512609
03-c1,-2000.507734
05-c2,-2000.553508
09-c3,-1824.638699
11-c4,-1824.614835
13-t1,-2000.509254
15-t2,-2000.510656
19-t3,-1824.608516
21-t4,-1824.620806
100-l2pd2oh4,-2649.958744
6omenaphboh2,-675.537712
h2o,-76.368394
boh3,-252.272407
6omenaph-c,-499.674855
6omenaph-t,-499.674855
