structure,qh-G(T)_SPC
00-lpdoh2,-1170.373241
01-rxt,-1731.519338
03-c1,-1731.506819
05-c2,-1731.563566
09-c3,-1555.648099
11-c4,-1555.61606
13-t1,-1731.519249
15-t2,-1731.525457
19-t3,-1555.621303
21-t4,-1555.635524
99-l2pd2oh4,-2340.746482
naphboh2,-561.150376
h2o,-76.368394
boh3,-252.272407
naphh-c,-385.286152
naphh-t,-385.286152
