structure,qh-G(T)_SPC
00-lpdoh2,-1162.1380465
01-rxt,-1723.283045
03-c1,-1723.285138
05-c2,-1723.333466
09-c3,-1547.418557
11-c4,-1547.396412
13-t1,-1723.284489
15-t2,-1723.293174
19-t3,-1547.388478
21-t4,-1547.400033
99-l2pd2oh4,-2324.276093
naphboh2,-561.150376
h2o,-76.368394
boh3,-252.272407
naphh-c,-385.286152
naphh-t,-385.286152
