0.000000000000000000e+00	0.000000000000000000e+00	0.000000000000000000e+00	0.000000000000000000e+00	0.000000000000000000e+00	0.000000000000000000e+00	0.000000000000000000e+00	0.000000000000000000e+00	0.000000000000000000e+00	0.000000000000000000e+00	0.000000000000000000e+00	1.000000000000000021e-03	2.000000000000000042e-02	7.000000000000000666e-02	0.000000000000000000e+00	0.000000000000000000e+00	0.000000000000000000e+00
1.000000000000000056e-01	1.353958459737556071e-05	2.027426996408753906e-06	6.738765009024223942e-14	3.365148266530215313e-04	2.016307110818946849e-06	2.671336495865493503e-24	3.859654417593872061e-07	1.072415201075279647e-03	5.730310743368840836e-04	1.519133139499308116e-13	3.480677668301705745e-08	1.768044194353302068e-02	6.909178536376646418e-02	9.082146362336512282e-04	2.570396355940981512e-14	3.331672546083301232e-04
2.000000000000000111e-01	1.519441501893841574e-05	2.199597291897240504e-06	7.311024906839140344e-14	4.335644544730021983e-04	1.482926730742310030e-06	1.964682634821067816e-24	4.187406332132406730e-07	8.953997839829647663e-04	6.516524115833246741e-04	1.727703589655918534e-13	4.383500967307973772e-08	1.709276958759172252e-02	6.842435216404549325e-02	1.575647835954582365e-03	3.358865686007563358e-14	9.225124974341563722e-04
3.000000000000000444e-01	1.510351165200100439e-05	2.109332719474241960e-06	7.011003380605293994e-14	5.304864148128564166e-04	1.315176538056880529e-06	1.742437886580942987e-24	4.015566628084117573e-07	8.216502408129279164e-04	6.288471423952704661e-04	1.667392145944791229e-13	4.331207705695726714e-08	1.648999041976044466e-02	6.784463796483829190e-02	2.155362035161795860e-03	4.008773987961121710e-14	1.525199716021641370e-03
4.000000000000000222e-01	1.466376663171694889e-05	1.976963520180102603e-06	6.571034429743792765e-14	6.220345381387780469e-04	1.227585397711294410e-06	1.626392571479227671e-24	3.763573525310793805e-07	7.705015692871502314e-04	5.891375660564894361e-04	1.562247700052686586e-13	4.082669477529095132e-08	1.591865477057672479e-02	6.731354419894082508e-02	2.686455801059246633e-03	4.602337819240605254e-14	2.096090649402798569e-03
5.000000000000000000e-01	1.416127882954560062e-05	1.845232693954641960e-06	6.133187304241277157e-14	7.075836870860363051e-04	1.171346406219040923e-06	1.551884386010666919e-24	3.512795987242279703e-07	7.258580653240222485e-04	5.489529566726758774e-04	1.455824777276037468e-13	3.807659369755388990e-08	1.538515638977586142e-02	6.682079465453989731e-02	3.179205345460187418e-03	5.163145236407247906e-14	2.629081042184078839e-03
6.000000000000000888e-01	1.365484849859149376e-05	1.721773477034305474e-06	5.722833366630737812e-14	7.873983348881961929e-04	1.131295709674537941e-06	1.498823354546594358e-24	3.277765228599560469e-07	6.844286150461903560e-04	5.112665518159682657e-04	1.356007731840197454e-13	3.540192794033424333e-08	1.488820620798390199e-02	6.636208270797569475e-02	3.637917292024364386e-03	5.701766537571703461e-14	3.125519444306104708e-03
7.000000000000000666e-01	1.315651356874583478e-05	1.607350530920145622e-06	5.342514200007746284e-14	8.618818193477764721e-04	1.100932437332902528e-06	1.458596736587494737e-24	3.059936898610622915e-07	6.454630454627649375e-04	4.764186146153533401e-04	1.263700592528580076e-13	3.286508636178367127e-08	1.442523933863163604e-02	6.593449754771678328e-02	4.065502452283291900e-03	6.224075680898624694e-14	3.587982905041994883e-03
8.000000000000000444e-01	1.266872285289217878e-05	1.501449817372365331e-06	4.990521243270957726e-14	9.314319365989004668e-04	1.076909402688512241e-06	1.426769981316124153e-24	2.858332413428263317e-07	6.087175707929751069e-04	4.442566306235953594e-04	1.178500723758394975e-13	3.047325271688311740e-08	1.399365727087350034e-02	6.553559406137436649e-02	4.464405938625719099e-03	6.733747828244141693e-14	4.019072398414250645e-03
9.000000000000000222e-01	1.219197937476631435e-05	1.403375674275507672e-06	4.664542253596997716e-14	9.964164774944129013e-04	1.057300623769920399e-06	1.400791435351581590e-24	2.671627437200744766e-07	5.740521068099917580e-04	4.145551513229241256e-04	1.099811930258289044e-13	2.822289633181434147e-08	1.359104878517993983e-02	6.516318790794989324e-02	4.836812092050198422e-03	7.233262650844743492e-14	4.421199639921193081e-03
1.000000000000000000e+00	1.172640822265225480e-05	1.312459502527216793e-06	4.362354940247419551e-14	1.057171697462774363e-03	1.040911117686886807e-06	1.379077917037453763e-24	2.498549154930371451e-07	5.413506185755977661e-04	3.870958329020662793e-04	1.027056691463125333e-13	2.610857445495068249e-08	1.321521243021909001e-02	6.481529706071964547e-02	5.184702939280419302e-03	7.724386629233763202e-14	4.796566195080719311e-03
1.100000000000000089e+00	1.127207041832248756e-05	1.228093058367886271e-06	4.081937621666044744e-14	1.114004842237930693e-03	1.026956679458178494e-06	1.360590468030711236e-24	2.337939650254233905e-07	5.105055599157753846e-04	3.616804343413371138e-04	9.597106459413022908e-14	2.412462261946423622e-08	1.286414210271887536e-02	6.449011439193678974e-02	5.509885608063265494e-03	8.208431423597248807e-14	5.147178216864414964e-03
1.200000000000000178e+00	1.082902131460981207e-05	1.149728282665771365e-06	3.821468658056574024e-14	1.167197064952457284e-03	1.014899398937192354e-06	1.344616436140993361e-24	2.188755580317949090e-07	4.814148557593427784e-04	3.381310237049320929e-04	8.973031553393953175e-14	2.226545421022395606e-08	1.253600774116008475e-02	6.418598826575042104e-02	5.814011734249651536e-03	8.686403853044149585e-14	5.474865810969190005e-03
1.300000000000000044e+00	1.039731753409833866e-05	1.076871495782835318e-06	3.579307156268653263e-14	1.217006077851874547e-03	1.004356649124438506e-06	1.330648897530000493e-24	2.050057124536114917e-07	4.539813164066660613e-04	3.162880030478343015e-04	8.394120814648361016e-14	2.052559508011240716e-08	1.222913723925770323e-02	6.390140651075998379e-02	6.098593489240078380e-03	9.159097851173336706e-14	5.781301129367588665e-03
1.400000000000000133e+00	9.977013863264697305e-06	1.009077236396998849e-06	3.353972491265672785e-14	1.263668495436054504e-03	9.950478438352424773e-07	1.318316118051316513e-24	1.920996255573831976e-07	4.281124911062628310e-04	2.960079754316930324e-04	7.856581425988233290e-14	1.889967314204665977e-08	1.194200030315072276e-02	6.363498246658816360e-02	6.365017533411902045e-03	9.627153627185454801e-14	6.068014509961539189e-03
1.500000000000000000e+00	9.568158811645256906e-06	9.459427199528145264e-07	3.144125887114462322e-14	1.307401906139857512e-03	9.867618113439805906e-07	1.307338327888365104e-24	1.800806189914366332e-07	4.037205610443263845e-04	2.771618239334715239e-04	7.356998302384193153e-14	1.738240611107080184e-08	1.167319413350673130e-02	6.338544262406102525e-02	6.614557375939019573e-03	1.009109728297857699e-13	6.336408790019724090e-03
1.600000000000000089e+00	9.170790634293864578e-06	8.871030044309602395e-07	2.948554348962409362e-14	1.348406689411096914e-03	9.793360145415410651e-07	1.297500191170502735e-24	1.688792184946629892e-07	3.807222217439984392e-04	2.596330426860935371e-04	6.892289927598286148e-14	1.596859475567406984e-08	1.142143086132201522e-02	6.315161575472949540e-02	6.848384245270551160e-03	1.055136807545721414e-13	6.587771866395479743e-03
1.700000000000000178e+00	8.784934018651234400e-06	8.322267835236809901e-07	2.766156680387437135e-14	1.386867626439572268e-03	9.726428811895378377e-07	1.288632695474315176e-24	1.584323530442078494e-07	3.590385434164625449e-04	2.433162877734796193e-04	6.459670009103011650e-14	1.465312147996724358e-08	1.118552642453794245e-02	6.293242325355800915e-02	7.067576746442058230e-03	1.100833777426541672e-13	6.823287815612710978e-03
1.800000000000000044e+00	8.410597450434644217e-06	7.810127197483408969e-07	2.595931295395106313e-14	1.422955330631167029e-03	9.665805481929152937e-07	1.280600889281851251e-24	1.486826567909087608e-07	3.385948147569681687e-04	2.281161192406322565e-04	6.056614191113883406e-14	1.343095322304141004e-08	1.096439071081866529e-02	6.272687055160926228e-02	7.273129448390810298e-03	1.146232473104463240e-13	7.044046748426797955e-03
1.900000000000000133e+00	8.047771219073752158e-06	7.331862412089043568e-07	2.436965571489440392e-14	1.456827521819545855e-03	9.610664373572510827e-07	1.273295370759442153e-24	1.395778592591711432e-07	3.193203757590451887e-04	2.139459062808697393e-04	5.680831086443226013e-14	1.229714760082361705e-08	1.075701880117345931e-02	6.253403946287657000e-02	7.465960537123529465e-03	1.191360432510805897e-13	7.251053564229361509e-03
2.000000000000000000e+00	7.696426017921313874e-06	6.884967370547966523e-07	2.288426527934708652e-14	1.488630164413253529e-03	9.560326959132007794e-07	1.266626247091511371e-24	1.310702514466916448e-07	3.011484442043877883e-04	2.007268718717483843e-04	5.330236999243705797e-14	1.124686132662625258e-08	1.056248317288271781e-02	6.235308134851109962e-02	7.646918651488989437e-03	1.236241686687827844e-13	7.445235746744402125e-03
2.100000000000000089e+00	7.356512059188381411e-06	6.467150936524991230e-07	2.149552636478738612e-14	1.518498486602106769e-03	9.514228963324928859e-07	1.260518762198962950e-24	1.231162167855294000e-07	2.840159394489774700e-04	1.883872568899884860e-04	5.002933810120277789e-14	1.027535995890268102e-08	1.037992674061329404e-02	6.218321099799616752e-02	7.816789002003932813e-03	1.280897367994959463e-13	7.627450322039494926e-03
2.200000000000000178e+00	7.027958659288254153e-06	6.076315256504673269e-07	2.019646612243108363e-14	1.546557895208188231e-03	9.471896045797562464e-07	1.254910075013207689e-24	1.156758182419124356e-07	2.678633061813008739e-04	1.768615868805468452e-04	4.697189578330244023e-14	9.378028292524085971e-09	1.020855663188988474e-02	6.202370114064322676e-02	7.976298859356861434e-03	1.325346185338471463e-13	7.798490082692228001e-03
2.300000000000000266e+00	6.710674239816562857e-06	5.710536621399879350e-07	1.898069052501620585e-14	1.572924798704181419e-03	9.432925592980940188e-07	1.249746847151748223e-24	1.087124339785756784e-07	2.526343403089101824e-04	1.660900272671862884e-04	4.411421484895488958e-14	8.550380792468162606e-09	1.004763860742679225e-02	6.187387751255472162e-02	8.126122487445376977e-03	1.369604800655431517e-13	7.959089167437821341e-03
2.400000000000000355e+00	6.404546667591061528e-06	5.368048520751939874e-07	1.784232804232705459e-14	1.597707349180221056e-03	9.396972882902104147e-07	1.244983409949157170e-24	1.021924347574016468e-07	2.382760183913270019e-04	1.560178149847217381e-04	4.144180798444553804e-14	7.788071524952283301e-09	9.896492049287350032e-03	6.173311441416361178e-02	8.266885585836479880e-03	1.413688130932802023e-13	8.109928073380659810e-03
2.500000000000000000e+00	6.109443906213635401e-06	5.047226622691850100e-07	1.677597971756588778e-14	1.621006112580642864e-03	9.363740431277288773e-07	1.240580352963520407e-24	9.608489800272662920e-08	2.247383317851171910e-04	1.465947562700302691e-04	3.894139592144926726e-14	7.086903280776838538e-09	9.754485450132974536e-03	6.160083070207516415e-02	8.399169297924927516e-03	1.457609593277423097e-13	8.251638167427069112e-03
2.600000000000000089e+00	5.825214919053127763e-06	4.746575423636007715e-07	1.577667479359073151e-14	1.642914675298626573e-03	9.332969685695486982e-07	1.236503423572233940e-24	9.036135365134745938e-08	2.119741262588690557e-04	1.377747819440690779e-04	3.660078982258773801e-14	6.442835583766478630e-09	9.621032345673023040e-03	6.147648616614165284e-02	8.523513833858431879e-03	1.501381305868967366e-13	8.384805754759054250e-03
2.700000000000000178e+00	5.551690770687753389e-06	4.464716352003507697e-07	1.483983117203247505e-14	1.663520194193888763e-03	9.304434476798400479e-07	1.232722659345516822e-24	8.499555768271232408e-08	1.999389476524761127e-04	1.295155527184670466e-04	3.440878690646178936e-14	5.851991386254788363e-09	9.495587639972024804e-03	6.135957824902588814e-02	8.640421750974213930e-03	1.545014254329249591e-13	8.509975754619158311e-03
2.800000000000000266e+00	5.288685889329068728e-06	4.200377149142290905e-07	1.396122011760054631e-14	1.682903896160583375e-03	9.277935800178000149e-07	1.229211696721738458e-24	7.996328996331858231e-08	1.885908938281553795e-04	1.217781081731514651e-04	3.235507763013412371e-14	5.310662349129802135e-09	9.377644279821024942e-03	6.124963907082763698e-02	8.750360929172446012e-03	1.588518430683958331e-13	8.627655027228073661e-03
2.900000000000000355e+00	5.035999455026439258e-06	3.952382374430787472e-07	1.313693469892505021e-14	1.701141532637547764e-03	9.253297618054231102e-07	1.225947214789734706e-24	7.524217349202912921e-08	1.778904731570064065e-04	1.145265539158070830e-04	3.043016297578366004e-14	4.815312660195762891e-09	9.266730239802097382e-03	6.114623272602009302e-02	8.853767273979996910e-03	1.631902950382228610e-13	8.738315390108769912e-03
3.000000000000000000e+00	4.793416864685406254e-06	3.719644890783387769e-07	1.236336148806652985e-14	1.718303793801617555e-03	9.230363450766636964e-07	1.222908483710778676e-24	7.081151230933077014e-08	1.678004695622014447e-04	1.077277822264585948e-04	2.862528059776961044e-14	4.362581380633079362e-09	9.162405784516464147e-03	6.104895282389320721e-02	8.951047176106879250e-03	1.675176151584148652e-13	8.842396357339202262e-03
3.100000000000000089e+00	4.560711252251421364e-06	3.501158220797802328e-07	1.163715515386665146e-14	1.734456686582084260e-03	9.208993585997256323e-07	1.220076994981696258e-24	6.665214598100089922e-08	1.582858141219274585e-04	1.013512221178191318e-04	2.693233875279286930e-14	3.949283371035051259e-09	9.064260978493008172e-03	6.095742024717533403e-02	9.042579752824759370e-03	1.718345679992684131e-13	8.940307631149569875e-03
3.200000000000000178e+00	4.337645032406417914e-06	3.295989671111229918e-07	1.095521560867253461e-14	1.749661880175087990e-03	9.189062775726653258e-07	1.217436156316146256e-24	6.274631870616672297e-08	1.493134630883632410e-04	9.536861529212310468e-05	2.534385708123981377e-14	3.572408881949799996e-09	8.971913417931607487e-03	6.087128110649026730e-02	9.128718893509822629e-03	1.761418561803830690e-13	9.032431371738628215e-03
3.300000000000000266e+00	4.123971441450259721e-06	3.103274135348606877e-07	1.031466741056648230e-14	1.763977022303375415e-03	9.170458321648158736e-07	1.214971037991523491e-24	5.907756134372646998e-08	1.408522822270323930e-04	8.975381495201832335e-05	2.385291343411507228e-14	3.229121905271786960e-09	8.885006161387194387e-03	6.079020487090106700e-02	9.209795129099026395e-03	1.804401266816518068e-13	9.119124268110533060e-03
3.400000000000000355e+00	3.919436053679355501e-06	2.922208498426370198e-07	9.712841164382087678e-15	1.777456029079586136e-03	9.153078472404942865e-07	1.212668160508306167e-24	5.563058488678122898e-08	1.328729372316883605e-04	8.448260481383116065e-05	2.245309604345390388e-14	2.916757403824628138e-09	8.803205839302774560e-03	6.071388265705639914e-02	9.286117342943690789e-03	1.847299763333790463e-13	9.200719430075421021e-03
3.500000000000000000e+00	3.723778255669852110e-06	2.752046576213393060e-07	9.147256702141406376e-15	1.790149351036950153e-03	9.136831073206358064e-07	1.210515315686393841e-24	5.239118412866954721e-08	1.253477900851034793e-04	7.953253601615242676e-05	2.113846042536900139e-14	2.632817559217356757e-09	8.726200924462960973e-03	6.064202566143406942e-02	9.357974338566030920e-03	1.890119566170624447e-13	9.277528119232389750e-03
3.600000000000000089e+00	3.536732670006889008e-06	2.592094535503949457e-07	8.615607859953901315e-15	1.802104217582464318e-03	9.121632421061408428e-07	1.208501415003070204e-24	4.934615047271008136e-08	1.182508010401700553e-04	7.488277990979166129e-05	1.990349048264272054e-14	2.374967171577076217e-09	8.653700147661208195e-03	6.057436372189460572e-02	9.425636278105487681e-03	1.932865778836204235e-13	9.349841334740387547e-03
3.700000000000000178e+00	3.358030503449869024e-06	2.441706734189048571e-07	8.115748651571492604e-15	1.813364861894609537e-03	9.107406288748504782e-07	1.206616360286318681e-24	4.648319274127061522e-08	1.115574360627455668e-04	7.051399496912475709e-05	1.874306334072251287e-14	2.141028341441068203e-09	8.585431044445087506e-03	6.051064399627491264e-02	9.489356003725172087e-03	1.975543130763838248e-13	9.417931267910854137e-03
3.800000000000000266e+00	3.187400824109559257e-06	2.300281945597996436e-07	7.645680718849122042e-15	1.823972728077665525e-03	9.094083088169273765e-07	1.204850932874734047e-24	4.379086529829564059e-08	1.052445794771054305e-04	6.640820628637915130e-05	1.765241751009660495e-14	1.928974576487876671e-09	8.521138620448800993e-03	6.045062974706957165e-02	9.549370252930520012e-03	2.018156010307245752e-13	9.482052638115832238e-03
3.900000000000000355e+00	3.024571752576587014e-06	2.167259921228492402e-07	7.203541906941710864e-15	1.833966662170549754e-03	9.081599149453052925e-07	1.203196698112871081e-24	4.125850261374631506e-08	9.929045151415400675e-05	6.254869628989352497e-05	1.662712401522933325e-14	1.736924440562769811e-09	8.460584124234046821e-03	6.039409922241915224e-02	9.605900777580930749e-03	2.060708494098548081e-13	9.542443921153373476e-03
4.000000000000000000e+00	2.869271565500357055e-06	2.042118259145282412e-07	6.787595855482701669e-15	1.843383088464324495e-03	9.069896096848757506e-07	1.201645922669626158e-24	3.887615964706385850e-08	9.367453060007133788e-05	5.891990549097128252e-05	1.566306017374268679e-14	1.563134870897307475e-09	8.403543917608018513e-03	6.034084462466373505e-02	9.659155375336353141e-03	2.103204373264059264e-13	9.599328480009692438e-03
4.100000000000000533e+00	2.721229710158857511e-06	1.924369547402653540e-07	6.396222503887321133e-15	1.852256172428477354e-03	9.058920305955097687e-07	1.200191502632842078e-24	3.663455746627172348e-08	8.837748009736314816e-05	5.550734222114803531e-05	1.475638575116568470e-14	1.405994268883779959e-09	8.349808434555754458e-03	6.029067115859843701e-02	9.709328841401654656e-03	2.145647176913565859e-13	9.652915606920569117e-03
4.200000000000000178e+00	2.580177724627168568e-06	1.813558751969750992e-07	6.027909409334653290e-15	1.860617971393321857e-03	9.048622429582007781e-07	1.198826900696581192e-24	3.452503352168890285e-08	8.338107926642477036e-05	5.229750042285315057e-05	1.390352124327511829e-14	1.264015459615734471e-09	8.299181220822328398e-03	6.024339615239530238e-02	9.756603847604784080e-03	2.188040193253332059e-13	9.703401484706247748e-03
4.299999999999999822e+00	2.445850070637358931e-06	1.709260829495401973e-07	5.681243812071649810e-15	1.868498574066311101e-03	9.038956982005961418e-07	1.197546091084735509e-24	3.253949619992280131e-08	7.866815824183592126e-05	4.927778467639365445e-05	1.310112807000125853e-14	1.135828614737935460e-09	8.251478046964317442e-03	6.019884824485538521e-02	9.801151755144701244e-03	2.230386488619330710e-13	9.750970074533958296e-03
4.400000000000000355e+00	2.317984875915439709e-06	1.611078539518934145e-07	5.354905363636040683e-15	1.875926229797681083e-03	9.029881972888010042e-07	1.196343511054196811e-24	3.067038317472578663e-08	7.422253679367910907e-05	4.643644173909350619e-05	1.234609048931372506e-14	1.020174206015064990e-09	8.206526088449232759e-03	6.015686663328169426e-02	9.843133366718409549e-03	2.272688924683165004e-13	9.795793936542403213e-03
4.500000000000000000e+00	2.196324589275758550e-06	1.518640437614633889e-07	5.047659456466751724e-15	1.882927468477853033e-03	9.021358583871850733e-07	1.195214018052449201e-24	2.891062320229521008e-08	7.002896665811183358e-05	4.376249794911946377e-05	1.163549905989074672e-14	9.158960588932367208e-10	8.164163167023714626e-03	6.011730037682946892e-02	9.882699623170640088e-03	2.314950174046241817e-13	9.838034989119998422e-03
4.600000000000000533e+00	2.080616554052365852e-06	1.431599033608105302e-07	4.758351102180581444e-15	1.889527211810619611e-03	9.013350881776198103e-07	1.194152851723288814e-24	2.725360105905663487e-08	6.607307724425701373e-05	4.124570191993174001e-05	1.096663550085107154e-14	8.219345601363434770e-10	8.124237048126037308e-03	6.008000775068800953e-02	9.919992249312104687e-03	2.357172734407512888e-13	9.877845212057310628e-03
4.700000000000000178e+00	1.970613501728344979e-06	1.349629097999176425e-07	4.485899302457993462e-15	1.895748876697701682e-03	9.005825563559835317e-07	1.193155600121873278e-24	2.569312530086428703e-08	6.234132453971091977e-05	3.887647202150709789e-05	1.033695881535163718e-14	7.373200616984917782e-10	8.086604789607659480e-03	6.004485564688255561e-02	9.955144353117563807e-03	2.399358941464385648e-13	9.915367298289422260e-03
4.800000000000000711e+00	1.866073970843976464e-06	1.272426103467729176e-07	4.229291868917780852e-15	1.901614471332025097e-03	8.998751728681232121e-07	1.192218169559027688e-24	2.422339859378398181e-08	5.882094298892227494e-05	3.664584818592870436e-05	9.744092555863646961e-15	6.611665187456008773e-10	8.051132137561320748e-03	6.001171901789374707e-02	9.988280982106375813e-03	2.441510980685130280e-13	9.950735258493676599e-03
4.900000000000000355e+00	1.766762657806818287e-06	1.199704790332481860e-07	3.987580654986742288e-15	1.907144684606205650e-03	8.992100675443441301e-07	1.191336757623133326e-24	2.283899040457694963e-08	5.549990022787618316e-05	3.454544763274260187e-05	9.185813124269593978e-15	5.926653889112565236e-10	8.017692965337054958e-03	5.998048035964337332e-02	1.001951964035674089e-02	2.483630898072810541e-13	9.984074982398899109e-03
5.000000000000000000e+00	1.672450698806310106e-06	1.131197841158700511e-07	3.759877150558697711e-15	1.912358969345468980e-03	8.985845718216489594e-07	1.190507828967833178e-24	2.153481176905983875e-08	5.236685446477836484e-05	3.256742415779286133e-05	8.660039012587804936e-15	5.310798101520709225e-10	7.986168752290365505e-03	5.995102923069820650e-02	1.004897076930191986e-02	2.525720610025578576e-13	1.001550476031106904e-02
5.100000000000000533e+00	1.582915896252649577e-06	1.066654660216960927e-07	3.545348425157643795e-15	1.917275619840931589e-03	8.979962022969065493e-07	1.189728093525326883e-24	2.030609205652199856e-08	4.941111437194087151e-05	3.070443064752971090e-05	8.164820895187146848e-15	4.757390748012853343e-10	7.956448099082396447e-03	5.992326180485432058e-02	1.007673819514581619e-02	2.567781912384930194e-13	1.004513576803103131e-02
5.200000000000000178e+00	1.497942886969767828e-06	1.005840243770217535e-07	3.343213372996146898e-15	1.921911844135265699e-03	8.974426458966491535e-07	1.188994486861299754e-24	1.914835746324876271e-08	4.662260134096575309e-05	2.894958453838810818e-05	7.698332498343567369e-15	4.260334046128586345e-10	7.928426276635607353e-03	5.989708045449398943e-02	1.010291954550613866e-02	2.609816488752520754e-13	1.007307251805316869e-02
5.300000000000000711e+00	1.417323261597387310e-06	9.485341361459806548e-08	3.152739243166415659e-15	1.926283831439220846e-03	8.969217464654682631e-07	1.188304152409148605e-24	1.805741113914277340e-08	4.399181395511908463e-05	2.729643595202761163e-05	7.258862176139035654e-15	3.814090315358883337e-10	7.902004806134553874e-03	5.987239336235326143e-02	1.012760663764686320e-02	2.651825918146441171e-13	1.009941327967592804e-02
5.400000000000000355e+00	1.340855637892061913e-06	8.945294629707899509e-08	2.973238426303535906e-15	1.930406815053491458e-03	8.964314926142979394e-07	1.187654425373224772e-24	1.702931478329077056e-08	4.150979455344224465e-05	2.573893827353717007e-05	6.844805131202852917e-15	3.413635824079454296e-10	7.877091067670753677e-03	5.984911415953764885e-02	1.015088584046247057e-02	2.693811682059626724e-13	1.012425047042008960e-02
5.500000000000000000e+00	1.268345694043622563e-06	8.436320360950931249e-08	2.804065479533390994e-15	1.934295131125404526e-03	8.959700066856419535e-07	1.187042818111709721e-24	1.606037160430703239e-08	3.916809775740799849e-05	2.427142095873254822e-05	6.454656223877651045e-15	3.054417648354095518e-10	7.853597935356991869e-03	5.982716158781297561e-02	1.017283841218712473e-02	2.735775170975924368e-13	1.014767102094167248e-02
5.600000000000000533e+00	1.199606164746524694e-06	7.956595231088656598e-08	2.644614366107387356e-15	1.937962273545603374e-03	8.955355347128053135e-07	1.186467006836260133e-24	1.514711051029682738e-08	3.695876085120509258e-05	2.288856438052521599e-05	6.087003319648696475e-15	2.732313453806614777e-10	7.831443436906468034e-03	5.980645918436360703e-02	1.019354081563652453e-02	2.777717690393173225e-13	1.016975671543741792e-02
5.700000000000000178e+00	1.134456805576591857e-06	7.504406770837156105e-08	2.494315895218055177e-15	1.941420945264971673e-03	8.951264372665689859e-07	1.185924819487238450e-24	1.428627144535727280e-08	3.487427589661768417e-05	2.158537653953713383e-05	5.740521128732655748e-15	2.443594124857704160e-10	7.810550435866735371e-03	5.978693498736568912e-02	1.021306501263442683e-02	2.819640466397341684e-13	1.019058450936991510e-02
5.800000000000000711e+00	1.072724328586929315e-06	7.078146209951631148e-08	2.352635343560706273e-15	1.944683106290692612e-03	8.947411810965430943e-07	1.185414224661637353e-24	1.347479176703011077e-08	3.290756348550092367e-05	2.035717148438130289e-05	5.413965497035421192e-15	2.184889125610541514e-10	7.790846334829320229e-03	5.976852126085757666e-02	1.023147873914253755e-02	2.861544650827003606e-13	1.021022682618548567e-02
5.900000000000000355e+00	1.014242313380795554e-06	6.676301828104224911e-08	2.219070245297174494e-15	1.947760018586656072e-03	8.943783314804190084e-07	1.184933321478727875e-24	1.270979358827900759e-08	3.105194803010266115e-05	1.919954929888877096e-05	5.106168110842599931e-15	1.953154473950259880e-10	7.772262798089147121e-03	5.975115423751582028e-02	1.024884576248430261e-02	2.903431326063247717e-13	1.022875183455848082e-02
6.000000000000000000e+00	9.588510964709472401e-07	6.297452768698076256e-08	2.093148335890362067e-15	1.950662288109881798e-03	8.940365452159214477e-07	1.184480330297063512e-24	1.198857200076326096e-08	2.930113449639949071e-05	1.810837752702392490e-05	4.816031581139901637e-15	1.745643200777517483e-10	7.754735492355366126e-03	5.973477387805984501e-02	1.026522612194027788e-02	2.945301509476756891e-13	1.024622370756869856e-02
6.100000000000000533e+00	9.063976436524166884e-07	5.940263289415327870e-08	1.974425641100490165e-15	1.953399904177788391e-03	8.937145641893546514e-07	1.184053584195261970e-24	1.130858412952680786e-08	2.764918650368699472e-05	1.707977392183305954e-05	4.542524877618857488e-15	1.559878163211439824e-10	7.738203844209545941e-03	5.971932364610620103e-02	1.028067635389391492e-02	2.987156157560415416e-13	1.026270286510464445e-02
6.200000000000000178e+00	8.567354053325971102e-07	5.603477397190856846e-08	1.862484693756833494e-15	1.955982276341364061e-03	8.934112094606179948e-07	1.183651521136909940e-24	1.066743891952279400e-08	2.609050569948290866e-05	1.611009041012566144e-05	4.284679083754929203e-15	1.393627066575075374e-10	7.722610813140041823e-03	5.970475029739174405e-02	1.029524970260837363e-02	3.028996169773060382e-13	1.027824620068160978e-02
6.300000000000000711e+00	8.097241599223157793e-07	5.285913853458151952e-08	1.756932873600564510e-15	1.958418268950976905e-03	8.931253758225042585e-07	1.183272676763712476e-24	1.006288762702944281e-08	2.461981233779694315e-05	1.519589817829717856e-05	4.041583448055267618e-15	1.244879565095200291e-10	7.707902679053656170e-03	5.969100368236608667e-02	1.030899631763402928e-02	3.070822392117573504e-13	1.029290729376879272e-02
6.400000000000000355e+00	7.652298476444364882e-07	4.986461521858503437e-08	1.657400860955610634e-15	1.960716233556428038e-03	8.928560267833514218e-07	1.182915677749417460e-24	9.492814963017254389e-09	2.323212698942412406e-05	1.433397378947699559e-05	3.812381707786183673e-15	1.111826305974172294e-10	7.694028843262278906e-03	5.967803656123599892e-02	1.032196343876414651e-02	3.112635620474310946e-13	1.030673660863281986e-02
6.500000000000000000e+00	7.231243945771098947e-07	4.704075017861522448e-08	1.563541190748843514e-15	1.962884039299368690e-03	8.926021899394066930e-07	1.182579235669944276e-24	8.955230811268600987e-09	2.192275331698047879e-05	1.352128625494153381e-05	3.596268664823218444e-15	9.928397765126921076e-11	7.680941642013701907e-03	5.966580443060880840e-02	1.033419556939133184e-02	3.154436603708840166e-13	1.031978168062742604e-02
6.600000000000000533e+00	6.832855318756124882e-07	4.437770656766593124e-08	1.475026905706169146e-15	1.964929101422241940e-03	8.923629526973686769e-07	1.182262141337357958e-24	8.448262514528540632e-09	2.068726185317873128e-05	1.275498498510872506e-05	3.392486993973877127e-15	8.864568342541415004e-11	7.668596171709968039e-03	5.965426536095154442e-02	1.034573463904858368e-02	3.196226046571326107e-13	1.033208729078777081e-02
6.700000000000000178e+00	6.455966093347512241e-07	4.186622662077021591e-08	1.391550296091340397e-15	1.966858408022081981e-03	8.921374583175780997e-07	1.181963259558561387e-24	7.970147656330604619e-09	1.952147471592913846e-05	1.203238855380268449e-05	3.200324266241765995e-15	7.913627874041997200e-11	7.656950125030263093e-03	5.964337984413883853e-02	1.035662015586128956e-02	3.238004612403272751e-13	1.034369562952217741e-02
6.800000000000000711e+00	6.099464070659961173e-07	3.949759629462844402e-08	1.312821724397360348e-15	1.968678545168429245e-03	8.919249022516610090e-07	1.181681524284013575e-24	7.519227329389704690e-09	1.842145121531866089e-05	1.135097421470734037e-05	3.019110170957037998e-15	7.063769148568703834e-11	7.645963637214959162e-03	5.963311065041843745e-02	1.036688934958169238e-02	3.279772925665944755e-13	1.035464645013375005e-02
6.900000000000000355e+00	5.762289442716095317e-07	3.726361212878023315e-08	1.238568523877599432e-15	1.970395720488371007e-03	8.917245287475275477e-07	1.181415934110573702e-24	7.093939826913469716e-09	1.738347429036355099e-05	1.070836811505445861e-05	2.848213922238656962e-15	6.304393047520072480e-11	7.635599141843481263e-03	5.962342269417036933e-02	1.037657730582974142e-02	3.321531574303705861e-13	1.036497721285095652e-02
7.000000000000000000e+00	5.443432885847131219e-07	3.515655031282047463e-08	1.168533970401441999e-15	1.972015785317256242e-03	8.915356276988654115e-07	1.181165548108192381e-24	6.692814753880954867e-09	1.640403773372818444e-05	1.010233615450335811e-05	2.687041836094619093e-15	5.625989122717463117e-11	7.625821235471538610e-03	5.961428290788364781e-02	1.038571709211645946e-02	3.363281111954167343e-13	1.037472321999526222e-02
7.100000000000000533e+00	5.141933655842255744e-07	3.316913771498451243e-08	1.102476319501946151e-15	1.973544255508367321e-03	8.913575317190841202e-07	1.180929481943901238e-24	6.314467511709808263e-09	1.547983415181694412e-05	9.530775443069919442e-06	2.535035065962807468e-15	5.020027317443741897e-11	7.616596550552135782e-03	5.960566012381345730e-02	1.039433987618664131e-02	3.405022060016175887e-13	1.038391774286883187e-02
7.200000000000000178e+00	4.856877698403079923e-07	3.129452476227515501e-08	1.040167904965085294e-15	1.974986330990332987e-03	8.911896134227629854e-07	1.180706904280650515e-24	5.957594135404039074e-09	1.460774362284202187e-05	8.991706314368975661e-06	2.391667485157863422e-15	4.478859901261476308e-11	7.607893636095126345e-03	5.959752496282295919e-02	1.040247503717713767e-02	3.446754909585657049e-13	1.039259214090229415e-02
7.300000000000000711e+00	4.587395776947893541e-07	2.952626000815006763e-08	9.813942935101412943e-16	1.976346914147438655e-03	8.910312828958319948e-07	1.180497033426131721e-24	5.620966451964967115e-09	1.378482300517760592e-05	8.483264854628453066e-06	2.256443705778477290e-15	3.995632745727371719e-11	7.599682845572087141e-03	5.958984972994704754e-02	1.041015027005305106e-02	3.488480123268718517e-13	1.040077597356444186e-02
7.400000000000000355e+00	4.332661643655451377e-07	2.785826639192570733e-08	9.259534956994083684e-16	1.977630627102057968e-03	8.908819853416037238e-07	1.180299134214525030e-24	5.303427560856521582e-09	1.300829586580492373e-05	8.003695911677077704e-06	2.128897224658627985e-15	3.564205135614521762e-11	7.591936231590876334e-03	5.958260831624816178e-02	1.041739168375194202e-02	3.530198136880443012e-13	1.040849710549979386e-02
7.500000000000000000e+00	4.091890229424966037e-07	2.628481888986749108e-08	8.736552231047750392e-16	1.978841827960716327e-03	8.907411988854603428e-07	1.180112515098393847e-24	5.003887579407940254e-09	1.227554298618819665e-05	7.551346550050403228e-06	2.008588687374608197e-15	3.179077329903349574e-11	7.584627446914758708e-03	5.957577610656410172e-02	1.042422389343599862e-02	3.571909361037199355e-13	1.041578180532787626e-02
7.600000000000000533e+00	3.864335880363085361e-07	2.480052360385069636e-08	8.243201932563105485e-16	1.979984626102111300e-03	8.906084325320631986e-07	1.179936525442595795e-24	4.721319661888811221e-09	1.158409341372931348e-05	7.124659920934501839e-06	1.895104262086056669e-15	2.835325198083322447e-11	7.577731651421368113e-03	5.956932989277615581e-02	1.043067010722395493e-02	3.613614182649821108e-13	1.042265483850724449e-02
7.700000000000000178e+00	3.649290640702971358e-07	2.340029816967777909e-08	7.777794784536115315e-16	1.981062896547191535e-03	8.904832242546976315e-07	1.179770552993225359e-24	4.454756269808967353e-09	1.093161602795066180e-05	6.722169518606631821e-06	1.788054115719897091e-15	2.528541287143243448e-11	7.571225424625377398e-03	5.956324779225057042e-02	1.043675220774952818e-02	3.655312966324221666e-13	1.042913955463936615e-02
7.800000000000000711e+00	3.446082574534429851e-07	2.207935332976629998e-08	7.338738932785150148e-16	1.982080293489086979e-03	8.903651392161396673e-07	1.179614021520755429e-24	4.203285663881409750e-09	1.031591159015363367e-05	6.342493797333925899e-06	1.687070985601766606e-15	2.254781704551678191e-11	7.565086683416473098e-03	5.955750917112992426e-02	1.044249082887018822e-02	3.697006055675705688e-13	1.043525796956226541e-02
7.900000000000000355e+00	3.254074140793120787e-07	2.083317566815345387e-08	6.924534207409096168e-16	1.983040263017772208e-03	8.902537681037753841e-07	1.179466388614514920e-24	3.966048617257117917e-09	9.734905249659069184e-06	5.984331123901843559e-06	1.591808839994902319e-15	2.010518298578865608e-11	7.559294604686033273e-03	5.955209457217288532e-02	1.044790542782721501e-02	3.738693774562683943e-13	1.044103084255976199e-02
8.000000000000000000e+00	3.072660618174374866e-07	1.965751140009191912e-08	6.533766734770718626e-16	1.983946055100835673e-03	8.901487255758861540e-07	1.179327143624418551e-24	3.742235329523957324e-09	9.186639478039282540e-06	5.646455043621987023e-06	1.501941621685230743e-15	1.792595620688987966e-11	7.553829552540571209e-03	5.954698564686108225e-02	1.045301435313901635e-02	3.780376428245000310e-13	1.044647774899028561e-02
8.099999999999999645e+00	2.901268580093931741e-07	1.854835114055007725e-08	6.165103874848371690e-16	1.984800734856273161e-03	8.900496488068176753e-07	1.179195805733665616e-24	3.531082527061148953e-09	8.669267409145238189e-06	5.327709838609337868e-06	1.417162069004604028e-15	1.598192220429507462e-11	7.548673009815874343e-03	5.954216509151021713e-02	1.045783490848989535e-02	3.822054304471960549e-13	1.045161714861886186e-02
8.200000000000001066e+00	2.739354423881850480e-07	1.750191560880462927e-08	5.817289469726252649e-16	1.985607193171101421e-03	8.899561961286937140e-07	1.179071922159329961e-24	3.331870741599009174e-09	8.181046558705563847e-06	5.027006359359500464e-06	1.337180609283550073e-15	1.424785854004848147e-11	7.543807513629633213e-03	5.953761658713972033e-02	1.046238341286037307e-02	3.863727674504426429e-13	1.045646644991718444e-02
8.300000000000000711e+00	2.586402949413662651e-07	1.651464217681642806e-08	5.489139372541503752e-16	1.986368156687720165e-03	8.898680457549327941e-07	1.178955066461295654e-24	3.143921749411079018e-09	7.720332904059567955e-06	4.743318111476123277e-06	1.261724319925729072e-15	1.270122227904574439e-11	7.539216594722631011e-03	5.953332474287198472e-02	1.046667525712810520e-02	3.905396794075319135e-13	1.046104207057908624e-02
8.400000000000000355e+00	2.441925996449108446e-07	1.558317226453141679e-08	5.179537257932344340e-16	1.987086197222801345e-03	8.897848945917368819e-07	1.178844836967727295e-24	2.966596171736577779e-09	7.285575300358838671e-06	4.475677580666893361e-06	1.190535952654856703e-15	1.132186936248679473e-11	7.534884720360852939e-03	5.952927504264632352e-02	1.047072495735376467e-02	3.947061904292392702e-13	1.046535949448262372e-02
8.500000000000000000e+00	2.305461127374716587e-07	1.470433944741473007e-08	4.887430669218407559e-16	1.987763740627217137e-03	8.897064571199263687e-07	1.178740855293714979e-24	2.799291210791925318e-09	6.875310217321598247e-06	4.223172781429327874e-06	1.123373017056542038e-15	1.009180268673203854e-11	7.530797240577226208e-03	5.952545379504665252e-02	1.047454620495343741e-02	3.988723232487040770e-13	1.046943332531490543e-02
8.599999999999999645e+00	2.176570368391374616e-07	1.387515831453972520e-08	4.611827315050632179e-16	1.988403075133606500e-03	8.896324643482105304e-07	1.178642764954551503e-24	2.641438528666477109e-09	6.488156774251134352e-06	3.984944013938162733e-06	1.060006919339382836e-15	8.994946149320981608e-12	7.526940337556308619e-03	5.952184808605565786e-02	1.047815191394443554e-02	4.030380993012452168e-13	1.047327733706206535e-02
8.700000000000001066e+00	2.054838998508230952e-07	1.309281396929583035e-08	4.351791579654913951e-16	1.989006359220757934e-03	8.895626628323138450e-07	1.178550230066231083e-24	2.492502248554682742e-09	6.122812059575164882e-06	3.760180816723381265e-06	1.000222153015048979e-15	8.016942005108807121e-12	7.523300977967685259e-03	5.951844573455892379e-02	1.048155426544116788e-02	4.072035387994283378e-13	1.047690452155342414e-02
8.800000000000000711e+00	1.939874389653726905e-07	1.235465215774132651e-08	4.106441241692455021e-16	1.989575629020150140e-03	8.894968137540083983e-07	1.178462934125316146e-24	2.351977075473991735e-09	5.778046715398178055e-06	3.548119102172758308e-06	9.438155380724097355e-16	7.144969213178643075e-12	7.519866868074836889e-03	5.951523525043460328e-02	1.048476474956549880e-02	4.113686608036858932e-13	1.048032713323726779e-02
8.900000000000000355e+00	1.831304897899098127e-07	1.165816999246104826e-08	3.874944391054140834e-16	1.990112805298209671e-03	8.894346920588910950e-07	1.178380578866609195e-24	2.219386530349965409e-09	5.452700774700707117e-06	3.348038463473975329e-06	8.905955056336615316e-16	6.367580684768010055e-12	7.516626411450056527e-03	5.951220579507417174e-02	1.048779420492593033e-02	4.155334832887601314e-13	1.048355673135398410e-02
9.000000000000000000e+00	1.728778800682980229e-07	1.100100721044361120e-08	3.656516523152418081e-16	1.990619700029843449e-03	8.893760856446923138e-07	1.178302883187766673e-24	2.094281285763583003e-09	5.145679734617956372e-06	3.159259642378016305e-06	8.403814252745249758e-16	5.674557479297216775e-12	7.513568669141843480e-03	5.950934714418928267e-02	1.049065285581080899e-02	4.196980232062307606e-13	1.048660421966226414e-02
9.099999999999999645e+00	1.631963282531626893e-07	1.038093795505776908e-08	3.450417807413302182e-16	1.991098022598570758e-03	8.893207946018298729e-07	1.178229582143116576e-24	1.976237601472118294e-09	4.855950852969932964e-06	2.981142147367045030e-06	7.930029722560841341e-16	5.056778251893693885e-12	7.510683322148513363e-03	5.950664965276942359e-02	1.049335034723066461e-02	4.238622965433655376e-13	1.048947988386405780e-02
9.200000000000001066e+00	1.540543467513063876e-07	9.795863047827094823e-09	3.255950518567656862e-16	1.991549385633611426e-03	8.892686304975624278e-07	1.178160425995236916e-24	1.864855853173715852e-09	4.582539655481584100e-06	2.813082013227962067e-06	7.482995322841557607e-16	4.506102395740750623e-12	7.507960636060549871e-03	5.950410422206267591e-02	1.049589577793741402e-02	4.280263183785183974e-13	1.049219342686493264e-02
9.300000000000000711e+00	1.454221492832758504e-07	9.243802693706227461e-09	3.072456612029764997e-16	1.991975310518663295e-03	8.892194157068993002e-07	1.178095179328466027e-24	1.759759143798411538e-09	4.324526641169590638e-06	2.654509693100817318e-06	7.061196414232294071e-16	4.015265441434536592e-12	7.505391427744035650e-03	5.950170226846032695e-02	1.049829773153977512e-02	4.321901029332836852e-13	1.049475400199809290e-02
9.400000000000000355e+00	1.372715629354114246e-07	8.722889638207443678e-09	2.899315449461996149e-16	1.992377232578014176e-03	8.891729827811952252e-07	1.178033620212337944e-24	1.660592000818581416e-09	4.081044174992827561e-06	2.504888074845117469e-06	6.663204590157485670e-16	3.577785501108965335e-12	7.502967033944258138e-03	5.949943569417318057e-02	1.050056430582692150e-02	4.363536636216098036e-13	1.049717024433229409e-02
9.500000000000000000e+00	1.295759440640076895e-07	8.231362706344590307e-09	2.735941651247987951e-16	1.992756505964629176e-03	8.891291738545717913e-07	1.177975539415124708e-24	1.567019146246644572e-09	3.851273556436647262e-06	2.363710614204513655e-06	6.287672716024414156e-16	3.187879568006416224e-12	7.500679281697012618e-03	5.949729685959428277e-02	1.050270314040582971e-02	4.405170130960452429e-13	1.049945030017663920e-02
9.600000000000001421e+00	1.223100983130342071e-07	7.767560725305947463e-09	2.581783076509692374e-16	1.993114408273785696e-03	8.890878400885212185e-07	1.177920739667962574e-24	1.478724339683843645e-09	3.634442254856189852e-06	2.230499577482350663e-06	5.933330259189557703e-16	2.840388680816501240e-12	7.498520460440680213e-03	5.949527855724918296e-02	1.050472144275092085e-02	4.446801632912944059e-13	1.050160185488809191e-02
9.700000000000001066e+00	1.154502044963268074e-07	7.329916801762710376e-09	2.436318920998291853e-16	1.993452144889060543e-03	8.890488411481732880e-07	1.177869034970922430e-24	1.395409288881618915e-09	3.429821301235886656e-06	2.104804387268202481e-06	5.598978892546628896e-16	2.530711017766814871e-12	7.496483295730059331e-03	5.949337398724092313e-02	1.050662601275919629e-02	4.488431254652495838e-13	1.050363215908138928e-02
9.800000000000000711e+00	1.089737421240446241e-07	6.916952928030109290e-09	2.299057924289184958e-16	1.993770853077052319e-03	8.890120447086153172e-07	1.177820249938890909e-24	1.316792622907200137e-09	3.236722827749247413e-06	1.986200064751969121e-06	5.283488354587529967e-16	2.254742090813527748e-12	7.494560924458232125e-03	5.949157673410237351e-02	1.050842326589774244e-02	4.530059102376380213e-13	1.050554805333475845e-02
9.900000000000000355e+00	1.028594225652289936e-07	6.527274906060044542e-09	2.169536682617867409e-16	1.994071605851645366e-03	8.889773259921473675e-07	1.177774219188439323e-24	1.242608925815308070e-09	3.054497746855630985e-06	1.874285762921996014e-06	4.985792550834854888e-16	2.008821309428645132e-12	7.492746871498210184e-03	5.948988074497429251e-02	1.051011925502582690e-02	4.571685276264381089e-13	1.050735599147925754e-02
1.000000000000000000e+01	9.708712355911628137e-08	6.159567561531793270e-09	2.047318058138653516e-16	1.994355415618294727e-03	8.889445673332621100e-07	1.177730786761414508e-24	1.172607825546329712e-09	2.882533561825453954e-06	1.768683385226686216e-06	4.704885882246385921e-16	1.789684230065743655e-12	7.491035027681730227e-03	5.948828030903143688e-02	1.051171969096867213e-02	4.613309870821835993e-13	1.050906206255432240e-02
1.010000000000000142e+01	9.163782702817507945e-08	5.812590236700799141e-09	1.931989680837061412e-16	1.994623237608978989e-03	8.889136577687249247e-07	1.177689805581788244e-24	1.106553135892126363e-09	2.720252301102407241e-06	1.669036284430867596e-06	4.439819786632198839e-16	1.594419905190456893e-12	7.489419629037787768e-03	5.948677003808490460e-02	1.051322996191519400e-02	4.654932975203009972e-13	1.051067201150707002e-02
1.020000000000000107e+01	8.649355994906383138e-08	5.485172538979782455e-09	1.823162535442529289e-16	1.994875973116322886e-03	8.888844926495868593e-07	1.177651136941559577e-24	1.044222047146050046e-09	2.567108569774634513e-06	1.575008037046385634e-06	4.189699480809204658e-16	1.420432784735582013e-12	7.487895237217273223e-03	5.948534484829200164e-02	1.051465515170810737e-02	4.696554673515712530e-13	1.051219125870835047e-02
1.030000000000000071e+01	8.163733836509630712e-08	5.176210343882288371e-09	1.720469632886180690e-16	1.995114472554380698e-03	8.888569732808894241e-07	1.177614650023346342e-24	9.854043651763534949e-10	2.422587711030774293e-06	1.486281288639085041e-06	3.953680891065963899e-16	1.265408701776156516e-12	7.486456721035724023e-03	5.948399994290988479e-02	1.051600005709021728e-02	4.738175045108471771e-13	1.051362491835409682e-02
1.040000000000000036e+01	7.705311411782345932e-08	4.884662019511187406e-09	1.623564755395714748e-16	1.995339538335322554e-03	8.888310065781159696e-07	1.177580221445161752e-24	9.299017926754945736e-10	2.286204071812598379e-06	1.402556666028812736e-06	3.730967761318760931e-16	1.127284495517098095e-12	7.485099239068752040e-03	5.948273079603267482e-02	1.051726920396743592e-02	4.779794164841169482e-13	1.051497781581648729e-02
1.050000000000000000e+01	7.272572436831983986e-08	4.609544871754008126e-09	1.532121274948881471e-16	1.995551927583811332e-03	8.888065047443707011e-07	1.177547734832652916e-24	8.775272524257863700e-10	2.157499366718064683e-06	1.323551752245798816e-06	3.520808928014842288e-16	1.004220896181459896e-12	7.483818223239564575e-03	5.948153313725500213e-02	1.051846686274512249e-02	4.821412103340125174e-13	1.051625450400565584e-02
1.060000000000000142e+01	6.864084370376519759e-08	4.349931792432160813e-09	1.445831039184797676e-16	1.995752354704585091e-03	8.887833849697715568e-07	1.177517080420768606e-24	8.281042492017140208e-10	2.036041133836615812e-06	1.249000120619045386e-06	3.322495752149610494e-16	8.945783199081526703e-13	7.482609363342085894e-03	5.948040293720891630e-02	1.051959706279120832e-02	4.863028927238569160e-13	1.051745927879900108e-02
1.070000000000000107e+01	6.478493878856387179e-08	4.104948103579642495e-09	1.364403322504808982e-16	1.995941493793584789e-03	8.887615691436891863e-07	1.177488154672448720e-24	7.814662690097568815e-10	1.921421278326224826e-06	1.178650424412651779e-06	3.135359698897820786e-16	7.968952686978664797e-13	7.481468592444817829e-03	5.947933639392395666e-02	1.052066360607617664e-02	4.904644699403343757e-13	1.051859619359186461e-02
1.080000000000000071e+01	6.114522529094740481e-08	3.873768576976644765e-09	1.287563835424609570e-16	1.996119980921018649e-03	8.887409835876719568e-07	1.177460859924715816e-24	7.374562116917984132e-10	1.813254698332130151e-06	1.112265538990674337e-06	2.958770056816704209e-16	7.098690504781407270e-13	7.480392073124899135e-03	5.947832991996260255e-02	1.052167008003754289e-02	4.946259479148639412e-13	1.051966907302006454e-02
1.090000000000000036e+01	5.770962709212580026e-08	3.655614626027340309e-09	1.215053791210139746e-16	1.996288416278307973e-03	8.887215588009961972e-07	1.177435104051501083e-24	6.959258563379877366e-10	1.711177988197005048e-06	1.049621753105600131e-06	2.792131787602280004e-16	6.323385788079342246e-13	7.479376184485455811e-03	5.947738013028714549e-02	1.052261986971301209e-02	4.987873322437504859e-13	1.052068152590205329e-02
1.100000000000000000e+01	5.446673772211927086e-08	3.449751663387637916e-09	1.146629027605490656e-16	1.996447366207809021e-03	8.887032292230219989e-07	1.177410800148728304e-24	6.567353582536992609e-10	1.614848215119210009e-06	9.905080066449337578e-07	2.634883499329207603e-16	5.632690270033777502e-13	7.478417509910536762e-03	5.947648383081578088e-02	1.052351616918437670e-02	5.029486282071836132e-13	1.052163695744531315e-02
1.110000000000000142e+01	5.140578371860900555e-08	3.255486602425183589e-09	1.082059176367785784e-16	1.996597365113469101e-03	8.886859330075395093e-07	1.177387866235290319e-24	6.197527733081010196e-10	1.523941764999167495e-06	9.347251721348066327e-07	2.486495535967971862e-16	5.017381361414508363e-13	7.477512825515323161e-03	5.947563800762836056e-02	1.052436199237181264e-02	5.071098407871545176e-13	1.052253858075932746e-02
1.120000000000000107e+01	4.851658999206724390e-08	3.072165505378724938e-09	1.021126881562029058e-16	1.996738917265368767e-03	8.886696118111471734e-07	1.177366224972616845e-24	5.848536102101227505e-10	1.438153253292247111e-06	8.820853773225833838e-07	2.346468176098586016e-16	4.469240032733471149e-13	7.476659089252320894e-03	5.947483981678473863e-02	1.052516018321543283e-02	5.112709746843471501e-13	1.052338942771480733e-02
1.130000000000000071e+01	4.578954701036297125e-08	2.899171364230867003e-09	9.636270619672411388e-17	1.996872498501345468e-03	8.886542105935566225e-07	1.177345803400038558e-24	5.519204080493109975e-10	1.357194497324355967e-06	8.324113665378873150e-07	2.214329934694931507e-16	3.980941879712631996e-13	7.475853430635686150e-03	5.947408657472078725e-02	1.052591342527939636e-02	5.154320343340682104e-13	1.052419235918663001e-02
1.140000000000000036e+01	4.321557976214579621e-08	2.735922009815548090e-09	9.093662161052791915e-17	1.996998557835050550e-03	8.886396774306633023e-07	1.177326532687072776e-24	5.208423382489403417e-10	1.280793546767835759e-06	7.855358985427154244e-07	2.089635961907627492e-16	3.545959982937666511e-13	7.475093141048246362e-03	5.947337574918876157e-02	1.052662425081141682e-02	5.195930239212697845e-13	1.052495007471565894e-02
1.150000000000000000e+01	4.078611836340223761e-08	2.581868138856741148e-09	8.581617664676522733e-17	1.997117518967162289e-03	8.886259633358055806e-07	1.177308347896554193e-24	4.915148289699038153e-10	1.208693768758846245e-06	7.413011788036747458e-07	1.971966533346565397e-16	3.158478269875610452e-13	7.474375664598132719e-03	5.947270495071140667e-02	1.052729504928878908e-02	5.237539473947218816e-13	1.052566512162271366e-02
1.160000000000000142e+01	3.849307022969582885e-08	2.436491452515360473e-09	8.098414408054503772e-17	1.997229781715768610e-03	8.886130220933975235e-07	1.177291187764163373e-24	4.638392107426144430e-10	1.140652984628924992e-06	6.995583241613812241e-07	1.860925626484948461e-16	2.813314255942814472e-13	7.473698589493525148e-03	5.947207192451987867e-02	1.052792807548031360e-02	5.279148084803679872e-13	1.052633990360597738e-02
1.170000000000000107e+01	3.632879377149297815e-08	2.299302902394481290e-09	7.642426891362894365e-17	1.997335723366413900e-03	8.886008101023904308e-07	1.177274994490977349e-24	4.377223825559299501e-10	1.076442655345732610e-06	6.601668580006044630e-07	1.756139578152984941e-16	2.505850164931636112e-13	7.473059639906108782e-03	5.947147454294861996e-02	1.052852545705156712e-02	5.320756106939348223e-13	1.052697668885123339e-02
1.180000000000000071e+01	3.428607350508716279e-08	2.169841035981020681e-09	7.212121338019560793e-17	1.997435699939704382e-03	8.885892862260204142e-07	1.177259713544347126e-24	4.130764968759698738e-10	1.015847112870304423e-06	6.229942341825079145e-07	1.657255818496480958e-16	2.231971509028879534e-13	7.472456668295342393e-03	5.947091079826061222e-02	1.052908920173957659e-02	5.362363573528179146e-13	1.052757761768279010e-02
1.190000000000000036e+01	3.235809651508765886e-08	2.047670436400607645e-09	6.806050508738893709e-17	1.997530047392745943e-03	8.885784116526150495e-07	1.177245293473433592e-24	3.898186626195001896e-10	9.586628350536042649e-07	5.879153881343939915e-07	1.563941677137942744e-16	1.988012335882677083e-13	7.471887648166975794e-03	5.947037879587865894e-02	1.052962120412152813e-02	5.403970515872898355e-13	1.052814470978120920e-02
1.200000000000000000e+01	3.053843015728790045e-08	1.932380248481943227e-09	6.422848802462242849e-17	1.997619082751990113e-03	8.885681497640806060e-07	1.177231685734917161e-24	3.678706645582096667e-10	9.046977611590100267e-07	5.548123134614489937e-07	1.475883257187799607e-16	1.770706408907688172e-13	7.471350667241727014e-03	5.946987674799979889e-02	1.053012325200039512e-02	5.445576963510788626e-13	1.052867987099248559e-02
1.210000000000000142e+01	2.882100103157531779e-08	1.823582792155244981e-09	6.061227647569487713e-17	1.997703105178550743e-03	8.885584660103591644e-07	1.177218844526619581e-24	3.471586993489223842e-10	8.537706462165923750e-07	5.235736626108029941e-07	1.392784373216260532e-16	1.577143697392916185e-13	7.470843921010218193e-03	5.946940296757072253e-02	1.053059703242945587e-02	5.487182944313414943e-13	1.052918489975199733e-02
1.220000000000000107e+01	2.720007505801309742e-08	1.720912251858327937e-09	5.719971145724940174e-17	1.997782396980425559e-03	8.885493277942193242e-07	1.177206726634815859e-24	3.276131260335205912e-10	8.057104516155441115e-07	4.940943702734012408e-07	1.314365549674653558e-16	1.404731585727252913e-13	7.470365706652581581e-03	5.946895586260412397e-02	1.053104413739606657e-02	5.528788484580725377e-13	1.052966149314501360e-02
1.230000000000000071e+01	2.567023865576100365e-08	1.624023441250399676e-09	5.397931966031120952e-17	1.997857224557575678e-03	8.885407043582030340e-07	1.177195291284406477e-24	3.091682308753288343e-10	7.603557701395409709e-07	4.662752981555003271e-07	1.240363076140486919e-16	1.251160299811005804e-13	7.469914417301820944e-03	5.946853393081601852e-02	1.053146606918415468e-02	5.570393609129840731e-13	1.053011125262450290e-02
1.240000000000000036e+01	2.422638095276897008e-08	1.532590638066403213e-09	5.094027472315811063e-17	1.997927839304379938e-03	8.885325666828085254e-07	1.177184500003978726e-24	2.917620055482775112e-10	7.175542834603321140e-07	4.400228999368860168e-07	1.170528116239519544e-16	1.114372091480136754e-13	7.469488536631411872e-03	5.946813575456655343e-02	1.053186424543361803e-02	5.611998341378781328e-13	1.053053568940570325e-02
1.250000000000000000e+01	2.286367696426329124e-08	1.446306484650410828e-09	4.807236068723247667e-17	1.997994478450466644e-03	8.885248873857389208e-07	1.177174316492275326e-24	2.753359378295011414e-10	6.771622501321453116e-07	4.152489052376781475e-07	1.104625867112303209e-16	9.925337736024602764e-14	7.469086633748860463e-03	5.946775999608637508e-02	1.053224000391380678e-02	5.653602703425468216e-13	1.053093622955573669e-02
1.260000000000000142e+01	2.157757169477212970e-08	1.364880950822750893e-09	4.536593752490238747e-17	1.998057365861543450e-03	8.885176406302115513e-07	1.177164706496676774e-24	2.598348141585201909e-10	6.390440224480093463e-07	3.918700215075712566e-07	1.042434766539228988e-16	8.840122423505265686e-14	7.468707358377828058e-03	5.946740539297280109e-02	1.053259460702737210e-02	5.695206716122194665e-13	1.053131421879563087e-02
1.270000000000000107e+01	2.036376511820606244e-08	1.288040355774608176e-09	4.281190862917932194e-17	1.998116712795592817e-03	8.885108020387577437e-07	1.177155637698953766e-24	2.452065334335863193e-10	6.030715905781390132e-07	3.698076528257872500e-07	9.837457450352400317e-17	7.873526636157803837e-14	7.468349436312349092e-03	5.946707075394052494e-02	1.053292924605966734e-02	5.736810399146001143e-13	1.053167092703104733e-02
1.280000000000000071e+01	1.921819798450492588e-08	1.215526445350362919e-09	4.040169014441407115e-17	1.998172718608940465e-03	8.885043486086041227e-07	1.177147079603117686e-24	2.314019313522882421e-10	5.691241523948727080e-07	3.489876346358950533e-07	9.283615203194120088e-17	7.012590339769358452e-14	7.468011665127821837e-03	5.946675495481196921e-02	1.053324504518823694e-02	5.778413771064953768e-13	1.053200755262707899e-02
1.290000000000000036e+01	1.813703840210956654e-08	1.147095521166552343e-09	3.812718201993915689e-17	1.998225571428236935e-03	8.884982586344353826e-07	1.177139003433052500e-24	2.183746146203878946e-10	5.370877075351307404e-07	3.293399835218819871e-07	8.760959317826285984e-17	6.245768570338102295e-14	7.467692910134163080e-03	5.946645693473433247e-02	1.053354306526587368e-02	5.820016849400718019e-13	1.053232522644165052e-02
1.300000000000000000e+01	1.711666915510096800e-08	1.082517618661294874e-09	3.598074069006297055e-17	1.998275448785211562e-03	8.884925116358530091e-07	1.177131382036368133e-24	2.060808044756354434e-10	5.068546742466836055e-07	3.107986611355228004e-07	8.267733125878171717e-17	5.562777066300951634e-14	7.467392100557595017e-03	5.946617569261002795e-02	1.053382430739014351e-02	5.861619650687592287e-13	1.053262501563114600e-02
1.310000000000000142e+01	1.615367575059686239e-08	1.021575733523935930e-09	3.395515336212604619e-17	1.998322518214268231e-03	8.884870882883579759e-07	1.177124189792928088e-24	1.944791894218083203e-10	4.783235280033807705e-07	2.933013515012227366e-07	7.802278973511697478e-17	4.954454736462907808e-14	7.467108225937752093e-03	5.946591028372878035e-02	1.053408971627141366e-02	5.903222190528223418e-13	1.053290792724124493e-02
1.320000000000000107e+01	1.524483508357348731e-08	9.640650891274776967e-10	3.204361366740894576e-17	1.998366937809856799e-03	8.884819703553563395e-07	1.177117402524727789e-24	1.835307857685281233e-10	4.513984602965789027e-07	2.767892509268861427e-07	7.363032633408285054e-17	4.412641082316010395e-14	7.466840332728340301e-03	5.946565981658939737e-02	1.053434018341081399e-02	5.944824483646118344e-13	1.053317491159500019e-02
1.330000000000000071e+01	1.438710476605722296e-08	9.097924477183335090e-10	3.023969876644644759e-17	1.998408856769548231e-03	8.884771406316389544e-07	1.177110997420978852e-24	1.731988065012326538e-10	4.259890568397514104e-07	2.612068697981316364e-07	6.948518032855471335e-17	3.930067006894958563e-14	7.466587521089429642e-03	5.946542344990130013e-02	1.053457655009890082e-02	5.986426543935273910e-13	1.053342686548977905e-02
1.340000000000000036e+01	1.357761302745385150e-08	8.585754592753491346e-10	2.853734770639362354e-17	1.998448415882292037e-03	8.884725828793296883e-07	1.177104952953218558e-24	1.634485373223139667e-10	4.020099937044749322e-07	2.465018455920156389e-07	6.557342280182659960e-17	3.500257512494951466e-14	7.466348941860944527e-03	5.946520038975507821e-02	1.053479961024509325e-02	6.028028384506924897e-13	1.053366463521376861e-02
1.350000000000000000e+01	1.281364917902987179e-08	8.102420474259945879e-10	2.693084101009863527e-17	1.998485748012066281e-03	8.884682817776385808e-07	1.177099248808704876e-24	1.542472197468961564e-10	3.793807507302322065e-07	2.326247664519880089e-07	6.188190972087117847e-17	3.117445010943514712e-14	7.466123793706742548e-03	5.946498988695264609e-02	1.053501011304754965e-02	6.069630017733675804e-13	1.053388901939231702e-02
1.360000000000000142e+01	1.209265460947541205e-08	7.646298301763848329e-10	2.541478142231806283e-17	1.998520978540249422e-03	8.884642228692494224e-07	1.177093865819360579e-24	1.455639408261817781e-10	3.580253410023611814e-07	2.195290047457282249e-07	5.839823766465953497e-17	2.776492088304175987e-14	7.465911320419870746e-03	5.946479123448778631e-02	1.053520876551241638e-02	6.111231455291151696e-13	1.053410077167364796e-02
1.370000000000000107e+01	1.141221428204797912e-08	7.215855734543531819e-10	2.398407574657321214e-17	1.998554225785736070e-03	8.884603925109339221e-07	1.177088785896309602e-24	1.373695291174780187e-10	3.378720555815328362e-07	2.071705600289039816e-07	5.511070205412448895e-17	2.472822695763257759e-14	7.465710808379802735e-03	5.946460376516920360e-02	1.053539623483101297e-02	6.152832708197286250e-13	1.053430060326316330e-02
1.380000000000000071e+01	1.077004869912653744e-08	6.809646751840778112e-10	2.263391769681436875e-17	1.998585601407985250e-03	8.884567778299042051e-07	1.177083991972026923e-24	1.296364564665685625e-10	3.188532226451092537e-07	1.955079108855636791e-07	5.200825774290608614e-17	2.202360843380046917e-14	7.465521584153038577e-03	5.946442684937724987e-02	1.053557315062295281e-02	6.194433786849388376e-13	1.053448918531476805e-02
1.390000000000000036e+01	1.016400631668240116e-08	6.426306786788764591e-10	2.135977172356300818e-17	1.998615210776703843e-03	8.884533666779090277e-07	1.177079467939491297e-24	1.223387453714369046e-10	3.009049801194162008e-07	1.845018751293468708e-07	4.908048183186786550e-17	1.961475985452827072e-14	7.465343012229094626e-03	5.946425989294740200e-02	1.053574010705278161e-02	6.236034701059136841e-13	1.053466715118734839e-02
1.400000000000000000e+01	9.592056380316741588e-09	6.064548134637806950e-10	2.015735775176530174e-17	1.998643153328880009e-03	8.884501475915625647e-07	1.177075198599602647e-24	1.154518815678450467e-10	2.839670612148911475e-07	1.741154779122924460e-07	4.631753858678095571e-17	1.746934366087737595e-14	7.465174492884052784e-03	5.946410233517286648e-02	1.053589766482729631e-02	6.277635460085590758e-13	1.053483509857401114e-02
1.410000000000000142e+01	9.052282166570545618e-09	5.723155624122090226e-10	1.902263679327416920e-17	1.998669522903267787e-03	8.884471097538414689e-07	1.177071169610145029e-24	1.089527316243735966e-10	2.679825919739304175e-07	1.643138272761948448e-07	4.371014633563756652e-17	1.555855675373661789e-14	7.465015460164598458e-03	5.946395364691994812e-02	1.053604635308023722e-02	6.319236072666296701e-13	1.053499359151126649e-02
1.420000000000000107e+01	8.542874587625990675e-09	5.400982524731183335e-10	1.795179734343194497e-17	1.998694408053963961e-03	8.884442429568453846e-07	1.177067367436425246e-24	1.028194650284240534e-10	2.528979002367210922e-07	1.550639967361288887e-07	4.124954623611742251e-17	1.385674434760807555e-14	7.464865379985735801e-03	5.946381332884943804e-02	1.053618667115077505e-02	6.360836547046726726e-13	1.053514316227499061e-02
1.430000000000000071e+01	8.062126160881866360e-09	5.096946690143987331e-10	1.694124256261009247e-17	1.998717892349263173e-03	8.884415375679759810e-07	1.177063779306442974e-24	9.703148076808624924e-11	2.386623353723508074e-07	1.463349144834917255e-07	3.892747280385384776e-17	1.234105599288013288e-14	7.464723748335688920e-03	5.946368090973851162e-02	1.053631909026171883e-02	6.402436891007978618e-13	1.053528431316941467e-02
1.440000000000000036e+01	7.608425320470747448e-09	4.810026922724959084e-10	1.598757819251612163e-17	1.998740054653368355e-03	8.884389844978908372e-07	1.177060393168410606e-24	9.156933812240707170e-11	2.252280981544770994e-07	1.380972588503505158e-07	3.673612610616728817e-17	1.099113917690775746e-14	7.464590089582021602e-03	5.946355594489707158e-02	1.053644405510313804e-02	6.444037111892950429e-13	1.053541751821538905e-02
1.450000000000000000e+01	7.180251034861586683e-09	4.539259535876748475e-10	1.508760113013591606e-17	1.998760969388023011e-03	8.884365751684036463e-07	1.177057197648204397e-24	8.641469121828789937e-11	2.125500802357985470e-07	1.303233596700386370e-07	3.466814552390084896e-17	9.788866357063540135e-15	7.464463954873185904e-03	5.946343801467342954e-02	1.053656198532678008e-02	6.485637216631024621e-13	1.053554322474337286e-02
1.460000000000000142e+01	6.776167731272621302e-09	4.283735114227575424e-10	1.423828865923948023e-17	1.998780706786919270e-03	8.884343014855322620e-07	1.177054182013636596e-24	8.155022735359637051e-11	2.005857126334392507e-07	1.229871052085871028e-07	3.271658499511481561e-17	8.718091805249261212e-15	7.464344920630173151e-03	5.946332672304400352e-02	1.053667327695619917e-02	6.527237211761367870e-13	1.053566185489678356e-02
1.470000000000000107e+01	6.394820501244538936e-09	4.042595455013870989e-10	1.343678828414381433e-17	1.998799333126895748e-03	8.884321558101312197e-07	1.177051336135528952e-24	7.695960876972487170e-11	1.892948227656955412e-07	1.160638543377211940e-07	3.087488965293037488e-17	7.764435025495913181e-15	7.464232587123188073e-03	5.946322169628268095e-02	1.053677830371750439e-02	6.568837103454903046e-13	1.053577380705046813e-02
1.480000000000000071e+01	6.034930579641822174e-09	3.815030685387756793e-10	1.268040814821500935e-17	1.998816910956171221e-03	8.884301309346512698e-07	1.177048650456903744e-24	7.262741777326047013e-11	1.786394995351942995e-07	1.095303536704701193e-07	2.913687378345263843e-17	6.915087826174272031e-15	7.464126577128489710e-03	5.946312258170511483e-02	1.053687741829504101e-02	6.610436897535069508e-13	1.053587945714939099e-02
1.490000000000000036e+01	5.695291067041879392e-09	3.600276536322333276e-10	1.196660797287037386e-17	1.998833499300185172e-03	8.884282200569748476e-07	1.177046115958299529e-24	6.853910483883644337e-11	1.685839660160266360e-07	1.033646593691347151e-07	2.749670002633054328e-17	6.158642454072528123e-15	7.464026534660919178e-03	5.946302904648372717e-02	1.053697095351640613e-02	6.652036599497390896e-13	1.053597915997177975e-02
1.500000000000000000e+01	5.374762901780449867e-09	3.397611776775530222e-10	1.129299052924829604e-17	1.998849153859606504e-03	8.884264167573985883e-07	1.177043724127261376e-24	6.468093976285325369e-11	1.590944592906553911e-07	9.754606335974934090e-08	2.594885974758609938e-17	5.484938527530612743e-15	7.463932123777866808e-03	5.946294077652954091e-02	1.053705922347063575e-02	6.693636214527944319e-13	1.053607325032115960e-02
1.510000000000000142e+01	5.072271049346567253e-09	3.206355787421253110e-10	1.065729357377198578e-17	1.998863927202881342e-03	8.884247149794505718e-07	1.177041466932908860e-24	6.103996547416767887e-11	1.501391170729829986e-07	9.205502371171615514e-08	2.448815452020380349e-17	4.884926673444479977e-15	7.463843027450595136e-03	5.946285747543677419e-02	1.053714252456342676e-02	6.735235747520789511e-13	1.053616204415122083e-02
1.520000000000000107e+01	4.786800906455322805e-09	3.025866272020496020e-10	1.005738224120127496e-17	1.998877868936496573e-03	8.884231090066989840e-07	1.177039336795194492e-24	5.760395446505837076e-11	1.416878707051437545e-07	8.687309894108741745e-08	2.310967864841322934e-17	4.350547072439123403e-15	7.463758946499160322e-03	5.946277886348731029e-02	1.053722113651291148e-02	6.776835203094431666e-13	1.053624583962729094e-02
1.530000000000000071e+01	4.517394913732556565e-09	2.855537102384322733e-10	9.491241881717154627e-18	1.998891025873992654e-03	8.884215934445862250e-07	1.177037326560822257e-24	5.436136776540246787e-11	1.337123441852664380e-07	8.198288601774719018e-08	2.180880267731377268e-17	3.874621284923099869e-15	7.463679598587319441e-03	5.946270467671091464e-02	1.053729532328932447e-02	6.818434585607319963e-13	1.053632491812802816e-02
1.540000000000000036e+01	4.263149347752846723e-09	2.694796278244480286e-10	8.956971279936568737e-18	1.998903442193816511e-03	8.884201632025497375e-07	1.177035429479546334e-24	5.130131610437069344e-11	1.261857588694687702e-07	7.736796186818263119e-08	2.058115783213283530e-17	3.450755884715318282e-15	7.463604717274092103e-03	5.946263466599850667e-02	1.053736533400174806e-02	6.860033899172514074e-13	1.053639954519068611e-02
1.550000000000000000e+01	4.023211298443767425e-09	2.543104005663208798e-10	8.452776267927976339e-18	1.998915159588497345e-03	8.884188134772516012e-07	1.177033639181938644e-24	4.841352332877342487e-11	1.190828435545035093e-07	7.301282817681974718e-08	1.942262133499152515e-17	3.073256630892347606e-15	7.463534051118696049e-03	5.946256859626535690e-02	1.053743140373491344e-02	6.901633147671479253e-13	1.053646997140311736e-02
1.560000000000000142e+01	3.796775815770531421e-09	2.399950883663990900e-10	7.976963697931743221e-18	1.998926217401461678e-03	8.884175397349905294e-07	1.177031949656072186e-24	4.568829188162763245e-11	1.123797496013611065e-07	6.890285929375320626e-08	1.832930254796825844e-17	2.737052021933118444e-15	7.463467362835958865e-03	5.946250624566139925e-02	1.053749375433887456e-02	6.943232334767163507e-13	1.053653643324553753e-02
1.570000000000000107e+01	3.583083214398898135e-09	2.264856191804992324e-10	7.527935750594134457e-18	1.998936652762677447e-03	8.884163376980166751e-07	1.177030355229379850e-24	4.311647020238873612e-11	1.060539708744777825e-07	6.502425308632759128e-08	1.729752989918411539e-17	2.437625204326502712e-15	7.463404428499221220e-03	5.946244740482610480e-02	1.053755259517416554e-02	6.984831463916260912e-13	1.053659915388491068e-02
1.580000000000000071e+01	3.381416532672282804e-09	2.137366276259477334e-10	7.104184570618853051e-18	1.998946500711128952e-03	8.884152033291522652e-07	1.177028850548265654e-24	4.068942200247602910e-11	1.000842681414951506e-07	6.136398455437679160e-08	1.632383854408306640e-17	2.170953324618491974e-15	7.463345036788226680e-03	5.946239187618521799e-02	1.053760812381505062e-02	7.026430538380856968e-13	1.053665834392452857e-02
1.590000000000000036e+01	3.191099130362451027e-09	2.017053024474202707e-10	6.704287196834241941e-18	1.998955794314131573e-03	8.884141328189461348e-07	1.177027430561076420e-24	3.839899722707388707e-11	9.445059777146831458e-08	5.790976206253898754e-08	1.540495872279043920e-17	1.933453510608090717e-15	7.463288988279293684e-03	5.946233947328715547e-02	1.053766052671309579e-02	7.068029561239402469e-13	1.053671420211142913e-02
1.600000000000000000e+01	3.011492422958654585e-09	1.903512426897866626e-10	6.326900781664062294e-18	1.998964564775720758e-03	8.884131225716805306e-07	1.177026090499548251e-24	3.623750467450047712e-11	8.913404441512879281e-08	5.464998603720326713e-08	1.453780477310202905e-17	1.721934757644807537e-15	7.463236094775517124e-03	5.946229002017675014e-02	1.053770997982346469e-02	7.109628535396996723e-13	1.053676691600391457e-02
1.610000000000000142e+01	2.841993743628028372e-09	1.796363220090643187e-10	5.970758081092841401e-18	1.998972841545754425e-03	8.884121691951971866e-07	1.177024825865320671e-24	3.419768616484272137e-11	8.411675750023628766e-08	5.157370999206745306e-08	1.371946476289910680e-17	1.533555076261684720e-15	7.463186178674654191e-03	5.946224335080436268e-02	1.053775664919585214e-02	7.151227463595199210e-13	1.053681666260156136e-02
1.619999999999999929e+01	2.682034324315188984e-09	1.695245605746704395e-10	5.634663196950947993e-18	1.998980652415102872e-03	8.884112694878439110e-07	1.177023632412630595e-24	3.227269215376050555e-11	7.938189128642379808e-08	4.867060374938063175e-08	1.294719070660931088e-17	1.365783324828397974e-15	7.463139072372629301e-03	5.946219930846802920e-02	1.053780069153217175e-02	7.192826348421252566e-13	1.053686360893966827e-02
1.630000000000000071e+01	2.531077389527768033e-09	1.599820041483757742e-10	5.317487557738962532e-18	1.998988023608911854e-03	8.884104204276835984e-07	1.177022506134008026e-24	3.045605871253205794e-11	7.491354829757152174e-08	4.593091873160679127e-08	1.221838933240052967e-17	1.216365213206769235e-15	7.463094617700631074e-03	5.946215774528730569e-02	1.053784225471286404e-02	7.234425192316715874e-13	1.053690791265027640e-02
1.640000000000000213e+01	2.388616359701020413e-09	1.509766101376375286e-10	5.018166131266586012e-18	1.998994979876362807e-03	8.884096191630889877e-07	1.177021443247803702e-24	2.874168583582428082e-11	7.069672594609475677e-08	4.334545521186210238e-08	1.153061337045946486e-17	1.083293027397416079e-15	7.463052665393894898e-03	5.946211852170661671e-02	1.053788147829351832e-02	7.276023997585672864e-13	1.053694972249155995e-02
1.650000000000000000e+01	2.254173151425296357e-09	1.424781398142313331e-10	4.735693842213839788e-18	1.999001544576424570e-03	8.884088630043292952e-07	1.177020440187035483e-24	2.712381692316240340e-11	6.671726615248105787e-08	4.090553140609734880e-08	1.088155333111953374e-17	9.647786592181579009e-16	7.463013074590404278e-03	5.946208150602649845e-02	1.053791849397359495e-02	7.317622766402524083e-13	1.053698917884745082e-02
1.660000000000000142e+01	2.127296577259574568e-09	1.344580568656109933e-10	4.469122200179596506e-18	1.999007739749546902e-03	8.884081494115326065e-07	1.177019493583431388e-24	2.559701946597161767e-11	6.296180780716174946e-08	3.860295430805212876e-08	1.026902974664738153e-17	8.592295914917954676e-16	7.462975712357832608e-03	5.946204657396136906e-02	1.053795342603868618e-02	7.359221500819268150e-13	1.053702641419906709e-02
1.669999999999999929e+01	2.007560832455904428e-09	1.268894314735900348e-10	4.217556111447287066e-18	1.999013586196405224e-03	8.884074759882519196e-07	1.177018600258898440e-24	2.415616678686546827e-11	5.941774190790611142e-08	3.642999216644196759e-08	9.690985849824220705e-18	7.652275034185146995e-16	7.462940453247100814e-03	5.946201360822210569e-02	1.053798639177790965e-02	7.400820202772358909e-13	1.053706155356969737e-02
1.680000000000000071e+01	1.894564068019461457e-09	1.197468498802810942e-10	3.980150873136195663e-18	1.999019103546990743e-03	8.884068404730762366e-07	1.177017757214400107e-24	2.279642082355274330e-11	5.607316922202109928e-08	3.437934851364740800e-08	9.145480665260902974e-18	6.815092195736004138e-16	7.462907178871091077e-03	5.946198249812219283e-02	1.053801750187781730e-02	7.442418874089223320e-13	1.053709471494461078e-02
1.690000000000000213e+01	1.787927043378672043e-09	1.130063290128220489e-10	3.756109335496768885e-18	1.999024310327449355e-03	8.884062407324380897e-07	1.177016961620419365e-24	2.151321587579490232e-11	5.291686032794831211e-08	3.244413765492348249e-08	8.630682489216112642e-18	6.069497397906843172e-16	7.462875777507074239e-03	5.946195313920597109e-02	1.053804686079406333e-02	7.484017516494440062e-13	1.053712600966729730e-02
1.700000000000000000e+01	1.687291855682829907e-09	1.066452359754246104e-10	3.544679225986080092e-18	1.999029224019554466e-03	8.884056747522302436e-07	1.177016210805846605e-24	2.030224327896414394e-11	4.993821791651593995e-08	3.061786154054759668e-08	8.144862737301651865e-18	5.405471268558894523e-16	7.462846143721515134e-03	5.946192543289786220e-02	1.053807456710220865e-02	7.525616131615503148e-13	1.053715554281337702e-02
1.710000000000000142e+01	1.592320738786483158e-09	1.006422119673912978e-10	3.345150620453674959e-18	1.999033861120843355e-03	8.884051406316742364e-07	1.177015502249848518e-24	1.915943692018110307e-11	4.712724120429516497e-08	2.889438793974508223e-08	7.686390138444039285e-18	4.814090450318394531e-16	7.462818178016025067e-03	5.946189928617136300e-02	1.053810071382874775e-02	7.567214720988274524e-13	1.053718341354347582e-02
1.719999999999999929e+01	1.502694931455632477e-09	9.497710059536208031e-11	3.156853560382932847e-18	1.999038237201659213e-03	8.884046365776655874e-07	1.177014833574370278e-24	1.808095959098974000e-11	4.447449235424158930e-08	2.726792984264015854e-08	7.253725255543641978e-18	4.287407722960521911e-16	7.462791786493228920e-03	5.946187461123664947e-02	1.053812538876348209e-02	7.608813286062151935e-13	1.053720971543620384e-02
1.730000000000000071e+01	1.418113608454078772e-09	8.963088017686279131e-11	2.979155802795336469e-18	1.999042366954444615e-03	8.884041608974198571e-07	1.177014202534387754e-24	1.706319009986340552e-11	4.197106478664305795e-08	2.573302602398568464e-08	6.845415315164129770e-18	3.818345230912721122e-16	7.462766880541449668e-03	5.946185132524581946e-02	1.053814867475434507e-02	7.650411828204971218e-13	1.053723453680241104e-02
1.740000000000000213e+01	1.338292871182795176e-09	8.458559982299408467e-11	2.811460695765893196e-18	1.999046264245447121e-03	8.884037119938405416e-07	1.177013607011762247e-24	1.610271110415279159e-11	3.960855327504478717e-08	2.428452270029224337e-08	6.460089328069750696e-18	3.400599385316315760e-16	7.462743376537152133e-03	5.946182935001458753e-02	1.053817064998558393e-02	7.692010348707541054e-13	1.053725796098173816e-02
1.750000000000000000e+01	1.262964796028467682e-09	7.982431918205645003e-11	2.653205175620812813e-18	1.999049942158437777e-03	8.884032883588870163e-07	1.177013045006451833e-24	1.519629763897265819e-11	3.737902572473144630e-08	2.291755622109237236e-08	6.096453484869423127e-18	3.028556172233083243e-16	7.462721195564125942e-03	5.946180861175983517e-02	1.053819138824033629e-02	7.733608848788004045e-13	1.053728006662244497e-02
1.760000000000000142e+01	1.191876535503314789e-09	7.533105153179636013e-11	2.503857875436688221e-18	1.999053413042904768e-03	8.884028885704067387e-07	1.177012514632305846e-24	1.434090628357145998e-11	3.527499653698271953e-08	2.162753673356925546e-08	5.753286810575548810e-18	2.697215722540785643e-16	7.462700263148497846e-03	5.946178904085184375e-02	1.053821095914835720e-02	7.775207329595919100e-13	1.053730092794557746e-02
1.769999999999999929e+01	1.124789470555648565e-09	7.109071011652377584e-11	2.362917341392777224e-18	1.999056688554631204e-03	8.884025112869587126e-07	1.177012014110204404e-24	1.353366494543301623e-11	3.328940147819022024e-08	2.041013276764292925e-08	5.429437064025393413e-18	2.402125132625491436e-16	7.462680509008658321e-03	5.946177057158040513e-02	1.053822942841982357e-02	7.816805792216161056e-13	1.053732061499413133e-02
1.780000000000000071e+01	1.061478409638906596e-09	6.708905744905381669e-11	2.229910347668144504e-18	1.999059779687793140e-03	8.884021552401837325e-07	1.177011541757944560e-24	1.277186320879702168e-11	3.141557396017898076e-08	1.926125668974405261e-08	5.123816868367441324e-18	2.139318629086630488e-16	7.462661866819242026e-03	5.946175314193425515e-02	1.053824685806599958e-02	7.858404237672517383e-13	1.053733919386827013e-02
1.790000000000000213e+01	1.001730833530885367e-09	6.331265751269930158e-11	2.104390307730750691e-18	1.999062696823308057e-03	8.884018192356174296e-07	1.177011095991312212e-24	1.205294323526732602e-11	2.964722265453705891e-08	1.817705097484392312e-08	4.835400059227020115e-18	1.905264283584666773e-16	7.462644273988430950e-03	5.946173669339280959e-02	1.053826330660746768e-02	7.900002666931139479e-13	1.053735672694730043e-02
1.800000000000000000e+01	9.453461824732857377e-10	5.974883064559594415e-11	1.985935774781946160e-18	1.999065449755468502e-03	8.884015021450303411e-07	1.177010675313930049e-24	1.137449117506070468e-11	2.797841037168769470e-08	1.715387525135748285e-08	4.563218238463126950e-18	1.696816553638910595e-16	7.462627671447770970e-03	5.946172117072966862e-02	1.053827882927062254e-02	7.941601080903807168e-13	1.053737327309910675e-02
1.810000000000000142e+01	8.921351833167321605e-10	5.638561096022505081e-11	1.874149026465902678e-18	1.999068047726457881e-03	8.884012029033619687e-07	1.177010278313190163e-24	1.073422906088565632e-11	2.640353412459715331e-08	1.618829407620204542e-08	4.306357522153719089e-18	1.511174014236650686e-16	7.462612003453838322e-03	5.946170652182721644e-02	1.053829347817310073e-02	7.983199480450986195e-13	1.053738888787784586e-02
1.819999999999999929e+01	8.419192143594610523e-10	5.321170615128008205e-11	1.768654728962859424e-18	1.999070499459533988e-03	8.884009205060938114e-07	1.177009903656774953e-24	1.013000715649449139e-11	2.491730631685794824e-08	1.527706539789204213e-08	4.063955471605233156e-18	1.345841714353690235e-16	7.462597217401057727e-03	5.946169269750153225e-02	1.053830730249880228e-02	8.024797866384672674e-13	1.053740362371046076e-02
1.830000000000000071e+01	7.945297060717758254e-10	5.021645957695019263e-11	1.669098676646228826e-18	1.999072813185155673e-03	8.884006540044751705e-07	1.177009550086319551e-24	9.559796738029847808e-12	2.351473698844653810e-08	1.441712966900828966e-08	3.835198197107299146e-18	1.198597649062083157e-16	7.462583263645070249e-03	5.946167965133731387e-02	1.053832034866302239e-02	8.066396239471161796e-13	1.053741753007274816e-02
1.840000000000000213e+01	7.498075759242445408e-10	4.738981450040705381e-11	1.575146603540584019e-18	1.999074996674275653e-03	8.884004025048510291e-07	1.177009216416525800e-24	9.021683286612888642e-12	2.219111706330801761e-08	1.360559957193727828e-08	3.619317624831772848e-18	1.067462902935623082e-16	7.462570095336030704e-03	5.946166733953205108e-02	1.053833266046830773e-02	8.107994600433631763e-13	1.053743065365547391e-02
1.850000000000000000e+01	7.076026954625545674e-10	4.472228037359897310e-11	1.486483062661878488e-18	1.999077057255614024e-03	8.884001651617820263e-07	1.177008901526038763e-24	8.513860069729337087e-12	2.094200258674806765e-08	1.283975035376016966e-08	3.415588925752840820e-18	9.506750588404806944e-17	7.462557668261797332e-03	5.946165572074927491e-02	1.053834427925107523e-02	8.149592949954531823e-13	1.053744303852063857e-02
1.860000000000000142e+01	6.677733826019779109e-10	4.220490071874275797e-11	1.402810358461972450e-18	1.999079001848364304e-03	8.883999411786761329e-07	1.177008604358283341e-24	8.034622026771813103e-12	1.976319965920536676e-08	1.211701058699525201e-08	3.223328057879918140e-18	8.466645016432988455e-17	7.462545940698032607e-03	5.946164475597859322e-02	1.053835524402175865e-02	8.191191288677915787e-13	1.053745472625090655e-02
1.869999999999999929e+01	6.301859286744628561e-10	3.982922320964515579e-11	1.323847552391131554e-18	1.999080836980472210e-03	8.883997298030012206e-07	1.177008323915117159e-24	7.582360073367920203e-12	1.865075045622564592e-08	1.143495359616386513e-08	3.041889485577593195e-18	7.540333352480128284e-17	7.462534873269103565e-03	5.946163440840550318e-02	1.053836559159484522e-02	8.232789617211559457e-13	1.053746575608820180e-02
1.880000000000000071e+01	5.947141529512143549e-10	3.758727149252365859e-11	1.249329526278026235e-18	1.999082568815208592e-03	8.883995303258926740e-07	1.177008059256309858e-24	7.155555736859686091e-12	1.760092001132349797e-08	1.079128935332995211e-08	2.870664023667190249e-18	6.715366063886986158e-17	7.462524428816577626e-03	5.946162464328849651e-02	1.053837535671185537e-02	8.274387936129032616e-13	1.053747616506477830e-02
1.890000000000000213e+01	5.612389747608721161e-10	3.547151812154368198e-11	1.179006082760692758e-18	1.999084203166245476e-03	8.883993420771723079e-07	1.177007809492933323e-24	6.752776003993676407e-12	1.661018356054782596e-08	1.018385671735715866e-08	2.709076772939870091e-18	5.980655529365189040e-17	7.462514572273316361e-03	5.946161542784131337e-02	1.053838457215904197e-02	8.315986245971626627e-13	1.053748598812868573e-02
1.900000000000000000e+01	5.296480166890946157e-10	3.347485946118796744e-11	1.112641111091088890e-18	1.999085745520946897e-03	8.883991644248418412e-07	1.177007573786734084e-24	6.372668543040441314e-12	1.567521478164506608e-08	9.610616222732505709e-09	2.556585201876563738e-18	5.326327272106129379e-17	7.462505270546470997e-03	5.946160673112357853e-02	1.053839326887677161e-02	8.357584547250158838e-13	1.053749525826040180e-02
1.910000000000000142e+01	4.998352229953925439e-10	3.159059155242545984e-11	1.050011784974516318e-18	1.999087201057890475e-03	8.883989967724291426e-07	1.177007351346438772e-24	6.013957109394098260e-12	1.479287450332506444e-08	9.069643155444662327e-09	2.412677304718817277e-18	4.743586862270126137e-17	7.462496492405133915e-03	5.946159852393579498e-02	1.053840147606457944e-02	8.399182840446698236e-13	1.053750400658477401e-02
1.920000000000000284e+01	4.717005106335957735e-10	2.981238804149289213e-11	9.909078289659454821e-19	1.999088574663466546e-03	8.883988385568548727e-07	1.177007141425261335e-24	5.675437343835315703e-12	1.396020036205910131e-08	8.559121211073009926e-09	2.276869914425499333e-18	4.224602346231478806e-17	7.462488208377445267e-03	5.946159077872296972e-02	1.053840922127738562e-02	8.440781126016173964e-13	1.053751226247357994e-02
1.930000000000000071e+01	4.451494262122650145e-10	2.813427848562614580e-11	9.351307973957532559e-19	1.999089870949487344e-03	8.883986892468418617e-07	1.177006943318458197e-24	5.355972642554692469e-12	1.317439664506911773e-08	8.077336265979351606e-09	2.148707045711950722e-18	3.762398379282039848e-17	7.462480390649529720e-03	5.946158346948040435e-02	1.053841653051995446e-02	8.482379404387892961e-13	1.053752005364624530e-02
1.940000000000000213e+01	4.200928340878666027e-10	2.655062862804268204e-11	8.824934187491972435e-19	1.999091094268982526e-03	8.883985483414370369e-07	1.177006756361540033e-24	5.054490402066183708e-12	1.243282506420935244e-08	7.622670721017169529e-09	2.027758390380731731e-18	3.350762834338368921e-17	7.462473012973709630e-03	5.946157657166764587e-02	1.053842342833271988e-02	8.523977675967016208e-13	1.053752740626130203e-02
1.950000000000000000e+01	3.964466158248879547e-10	2.505612139261165717e-11	8.328189639669757512e-19	1.999092248729143241e-03	8.883984153675360747e-07	1.177006579926950266e-24	4.769978401128579421e-12	1.173299584664783344e-08	7.193598037541683751e-09	1.913617863820401059e-18	2.984163215999755125e-17	7.462466050579862412e-03	5.946157006212569873e-02	1.053842993787468610e-02	8.565575941135879468e-13	1.053753434500475511e-02
1.960000000000000142e+01	3.741313878414181332e-10	2.364573902907517195e-11	7.859406529878184835e-19	1.999093338204776648e-03	8.883982898781519599e-07	1.177006413421771567e-24	4.501481401699524479e-12	1.107255937944094316e-08	6.788677614838127368e-09	1.805902242316470725e-18	2.657672329231658775e-17	7.462459480092304732e-03	5.946156391899928839e-02	1.053843608100109817e-02	8.607174200255301913e-13	1.053754089317292079e-02
1.970000000000000284e+01	3.530722325850763223e-10	2.231474611445163510e-11	7.417010897488652921e-19	1.999094366355424167e-03	8.883981714526540599e-07	1.177006256288048561e-24	4.248097912882546042e-12	1.044929825109355237e-08	6.406549909684713679e-09	1.704249864777172778e-18	2.366901967017134411e-17	7.462453279450591975e-03	5.946155812166287191e-02	1.053844187833751812e-02	8.648772453665799834e-13	1.053754707275131493e-02
1.980000000000000071e+01	3.331984494511322861e-10	2.105867380314330223e-11	6.999517386904938923e-19	1.999095336633322992e-03	8.883980596935424123e-07	1.177006107998493238e-24	4.008977192591788355e-12	9.861119874947372623e-09	6.045931913371883952e-09	1.608319429549110024e-18	2.107944085922188169e-17	7.462447427836142039e-03	5.946155265065197065e-02	1.053844734934842112e-02	8.690370701688732697e-13	1.053755290448782182e-02
1.990000000000000213e+01	3.144433190575212207e-10	1.987330492202550917e-11	6.605524293466647378e-19	1.999096252294014359e-03	8.883979542246721315e-07	1.177005968054150857e-24	3.783316410077845558e-12	9.306049508700652931e-09	5.705612872057036338e-09	1.517788855963220157e-18	1.877318182943823658e-17	7.462441905602792622e-03	5.946154748759827080e-02	1.053845251240212097e-02	8.731968944627363371e-13	1.053755840796187677e-02
2.000000000000000000e+01	2.967438755074159511e-10	1.875465957112532338e-11	6.233708777400529421e-19	1.999097116413908921e-03	8.883978546928586424e-07	1.177005835986515288e-24	3.570357904703262675e-12	8.782223515940060511e-09	5.384450154039713536e-09	1.432354184962037933e-18	1.671924538136416499e-17	7.462436694209741150e-03	5.946154261516693046e-02	1.053845738483347172e-02	8.773567182767869895e-13	1.053756360165132404e-02
2.010000000000000142e+01	2.800406971020888007e-10	1.769898189104323467e-11	5.882822465574049235e-19	1.999097931892091732e-03	8.883977607629613951e-07	1.177005711351014752e-24	3.369386666833073897e-12	8.287883170213456420e-09	5.081365451400046198e-09	1.351728568673475914e-18	1.489002559855570471e-17	7.462431776159916992e-03	5.946153801699891051e-02	1.053846198300148473e-02	8.815165416380334008e-13	1.053756850299380522e-02
2.020000000000000284e+01	2.642777075264756884e-10	1.670272749285483530e-11	5.551687273444142754e-19	1.999098701468624006e-03	8.883976721205741475e-07	1.177005593730576872e-24	3.179727944842810246e-12	7.821368762944539753e-09	4.795341167461886605e-09	1.275641309420876872e-18	1.326093678802531298e-17	7.462427134941362547e-03	5.946153367765628223e-02	1.053846632234411822e-02	8.856763645719615590e-13	1.053757312844520559e-02
2.030000000000000071e+01	2.494019861496044887e-10	1.576255146461542208e-11	5.239191418657343200e-19	1.999099427727138705e-03	8.883975884680016644e-07	1.177005482730294322e-24	3.000744961895477619e-12	7.381113995721012884e-09	4.525416977157444346e-09	1.203836944720712411e-18	1.181008324278645032e-17	7.462422754971424592e-03	5.946152958256991500e-02	1.053847041743048718e-02	8.898361871026266477e-13	1.053757749353526063e-02
2.040000000000000213e+01	2.353635907312195642e-10	1.487529716241316241e-11	4.944285695418295247e-19	1.999100113103911402e-03	8.883975095234398960e-07	1.177005377976339143e-24	2.831836782074374477e-12	6.965640724587617555e-09	4.270686606060478568e-09	1.136074390455675681e-18	1.051796461408310910e-17	7.462418621544488796e-03	5.946152571799070974e-02	1.053847428200970805e-02	8.939960092527276663e-13	1.053758161291963764e-02
2.050000000000000000e+01	2.221153914291163181e-10	1.403798571606821886e-11	4.665979986392387234e-19	1.999100759902054658e-03	8.883974350227542172e-07	1.177005279118318143e-24	2.672436312564410392e-12	6.573554052835899353e-09	4.030294820426241737e-09	1.072126140173518237e-18	9.367214190134181086e-18	7.462414720783144655e-03	5.946152207094386466e-02	1.053847792905656354e-02	8.981558310436838670e-13	1.053758550042862077e-02
2.060000000000000142e+01	2.096129093982232869e-10	1.324780582540101486e-11	4.403339871187802602e-19	1.999101370291919179e-03	8.883973647152423576e-07	1.177005185823654583e-24	2.522008361149508842e-12	6.203537548223301563e-09	3.803434495247033181e-09	1.011777485144194243e-18	8.342365149222503224e-18	7.462411039590605491e-03	5.946151862918445247e-02	1.053848137081598267e-02	9.023156524957108896e-13	1.053758916911451925e-02
2.070000000000000284e+01	1.978141698855089005e-10	1.250210447299036265e-11	4.155483539460636631e-19	1.999101946323666220e-03	8.883972983652087173e-07	1.177005097779678168e-24	2.380047868183867090e-12	5.854348896179252972e-09	3.589343948716645360e-09	9.548258052830473929e-19	7.429642882965887178e-18	7.462407565607460935e-03	5.946151538115695273e-02	1.053848461884348761e-02	9.064754736278848803e-13	1.053759263129476140e-02
2.080000000000000071e+01	1.866795618043565479e-10	1.179837804673243599e-11	3.921578840229630374e-19	1.999102489930663310e-03	8.883972357496306861e-07	1.177005014690525971e-24	2.246078216577756704e-12	5.524815742041666214e-09	3.387304393160840745e-09	9.010798910568917974e-19	6.616779685624725776e-18	7.462404287170318513e-03	5.946151231595660225e-02	1.053848768404385024e-02	9.106352944582105477e-13	1.053759589859313943e-02
2.090000000000000213e+01	1.761717022367533709e-10	1.113426377412247730e-11	3.700840434801471300e-19	1.999103002938966249e-03	8.883971766586946031e-07	1.177004936277857093e-24	2.119649601126290345e-12	5.213831681582348550e-09	3.196637476481955959e-09	8.503592894673087772e-19	5.892850786450234311e-18	7.462401193271903273e-03	5.946150942329204298e-02	1.053849057670839216e-02	9.147951150036771035e-13	1.053759898197953633e-02
2.100000000000000000e+01	1.662553129158929523e-10	1.050753191390407694e-11	3.492527201429819993e-19	1.999103487070758196e-03	8.883971208939013675e-07	1.177004862278338574e-24	2.000337542020220272e-12	4.920352604137760366e-09	3.016703040156391349e-09	8.024937076413599181e-19	5.248125458431121449e-18	7.462398273524689304e-03	5.946150669345144635e-02	1.053849330654902001e-02	9.189549352803192497e-13	1.053760189180620414e-02
2.110000000000000142e+01	1.568971013195800367e-10	9.916078239393017052e-12	3.295939736921460870e-19	1.999103943951970747e-03	8.883970682682503509e-07	1.177004792443889312e-24	1.887741453882503694e-12	4.643393171042718120e-09	2.846896959951450562e-09	7.573224384278947820e-19	4.673938387624397383e-18	7.462395518125851390e-03	5.946150411726950497e-02	1.053849588273094058e-02	9.231147553032695854e-13	1.053760463784267527e-02
2.120000000000000284e+01	1.480656487809613600e-10	9.357916965445413697e-12	3.110418005700796165e-19	1.999104375114301411e-03	8.883970186040572285e-07	1.177004726538787241e-24	1.781483299262872098e-12	4.382023507820512110e-09	2.686649117722332366e-09	7.146938208598622268e-19	4.162572118814525112e-18	7.462392917824358166e-03	5.946150168609697778e-02	1.053849831390346950e-02	9.272745750868060637e-13	1.053760722930855223e-02
2.130000000000000071e+01	1.397313051318737496e-10	8.831174088477207022e-12	2.935339126164504929e-19	1.999104782007463804e-03	8.883969717355210183e-07	1.177004664343070735e-24	1.681206320765433396e-12	4.135366081048629137e-09	2.535421486916831234e-09	6.744647308692198098e-19	3.707153543529120742e-18	7.462390463889918835e-03	5.946149939177138716e-02	1.053850060822906359e-02	9.314343946444040949e-13	1.053760967490448459e-02
2.140000000000000213e+01	1.318660891062613956e-10	8.334081090670723227e-12	2.770115278084736929e-19	1.999105165997567841e-03	8.883969275052840687e-07	1.177004605647978977e-24	1.586573842507288934e-12	3.902592753058899338e-09	2.392706326127033346e-09	6.365001007408691116e-19	3.301561525095957000e-18	7.462388148083662007e-03	5.946149722658972125e-02	1.053850277341071562e-02	9.355942139887817830e-13	1.053761198284136787e-02
2.150000000000000000e+01	1.244435942392470568e-10	7.864968991643382000e-12	2.614191725501829067e-19	1.999105528373571611e-03	8.883968857647292611e-07	1.177004550256346116e-24	1.497268137724118565e-12	3.682921995664871885e-09	2.258024471060657596e-09	6.006724647490460897e-19	2.940344625951964485e-18	7.462385962630407876e-03	5.946149518328257277e-02	1.053850481671787277e-02	9.397540331319413247e-13	1.053761416086796722e-02
2.160000000000000142e+01	1.174389010286600142e-10	7.422262796027004183e-12	2.467044971209851266e-19	1.999105870351043559e-03	8.883968463732497614e-07	1.177004497981631301e-24	1.412989371745981394e-12	3.475616290822524262e-09	2.130923740858822786e-09	5.668615352111026756e-19	2.618647855074056087e-18	7.462383900192832119e-03	5.946149325498979732e-02	1.053850674501063261e-02	9.439138520852085918e-13	1.053761621629668854e-02
2.170000000000000284e+01	1.108284919739214788e-10	7.004476123002738324e-12	2.328180971720593983e-19	1.999106193078971274e-03	8.883968091989550224e-07	1.177004448648856503e-24	1.333454579612322092e-12	3.279979615153705999e-09	2.010977395841847863e-09	5.349537922227086447e-19	2.332147372910265361e-18	7.462381953846430362e-03	5.946149143523730279e-02	1.053850856476310806e-02	9.480736708592708949e-13	1.053761815602852203e-02
2.180000000000000071e+01	1.045901735235334153e-10	6.610206272559883263e-12	2.197133497385895670e-19	1.999106497641127585e-03	8.883967741171457005e-07	1.177004402092582464e-24	1.258396726826892095e-12	3.095355130770495134e-09	1.897782721302834853e-09	5.048421069232293870e-19	2.076992413318820122e-18	7.462380117056533965e-03	5.946148971791549720e-02	1.053851028208493100e-02	9.522334894642143447e-13	1.053761998657593707e-02
2.190000000000000213e+01	9.870300135859481506e-11	6.238129502676979727e-12	2.073462562626367257e-19	1.999106785060021825e-03	8.883967410100259826e-07	1.177004358156526659e-24	1.187563810266304799e-12	2.921122972091358815e-09	1.790959671087206456e-09	4.764253806658477160e-19	1.849753513177821220e-18	7.462378383656306791e-03	5.946148809725861073e-02	1.053851190274182614e-02	9.563933079095595961e-13	1.053762171408482821e-02
2.200000000000000000e+01	9.314721006133859734e-11	5.886996583714198210e-12	1.956752948299638507e-19	1.999107056300086522e-03	8.883967097661996013e-07	1.177004316692897673e-24	1.120718011861814969e-12	2.756698165425609858e-09	1.690149591613991744e-09	4.496082055857146274e-19	1.647376422725067268e-18	7.462376747826044744e-03	5.946148656782543340e-02	1.053851343217497225e-02	9.605531262042887077e-13	1.053762334435513932e-02
2.210000000000000142e+01	8.790414676411610791e-11	5.555628604439197060e-12	1.846612807706577242e-19	1.999107312272227575e-03	8.883966802808779929e-07	1.177004277562669238e-24	1.057634900184993622e-12	2.601528664702739370e-09	1.595014017715073799e-09	4.243005442732547624e-19	1.467141050331555876e-18	7.462375204073622842e-03	5.946148512448111434e-02	1.053851487551926876e-02	9.647129443568784633e-13	1.053762488286033930e-02
2.220000000000000284e+01	8.295620853897135676e-11	5.242913014520176645e-12	1.742672351194514595e-19	1.999107553835598010e-03	8.883966524549601026e-07	1.177004240634358087e-24	9.981026770500947370e-13	2.455093498085528447e-09	1.505233536252722347e-09	4.004174274777084494e-19	1.306624906975113074e-18	7.462373747216064640e-03	5.946148376237982147e-02	1.053851623762058244e-02	9.688727623753292503e-13	1.053762633476579974e-02
2.230000000000000071e+01	7.828678324326105449e-11	4.947799885496117723e-12	1.644582603377953961e-19	1.999107781801630346e-03	8.883966261952056025e-07	1.177004205784258132e-24	9.419214657083144422e-13	2.316901018495337090e-09	1.420506713624780422e-09	3.778786688047662273e-19	1.163670541235686576e-18	7.462372372362137754e-03	5.946148247694842820e-02	1.053851752305200000e-02	9.730325802671901016e-13	1.053762770494614046e-02
2.240000000000000213e+01	7.388019383633309074e-11	4.669298391167483954e-12	1.552014233290278327e-19	1.999107996936080964e-03	8.883966014136239687e-07	1.177004172895624785e-24	8.889026408134951842e-13	2.186487253280452640e-09	1.340549083669696753e-09	3.566085954839554496e-19	1.036356547516894668e-18	7.462371074895940773e-03	5.946148126387121313e-02	1.053851873612919599e-02	9.771923980395875739e-13	1.053762899800158963e-02
2.250000000000000000e+01	6.972164569434387733e-11	4.406473477513115954e-12	1.464656447530213134e-19	1.999108199961447448e-03	8.883965780271060225e-07	1.177004141858191166e-24	8.388681944682894404e-13	2.063414346403678589e-09	1.265092192657512578e-09	3.365357943193628759e-19	9.229717365444324168e-19	7.462369850461387892e-03	5.946148011907547576e-02	1.053851988092492295e-02	9.813522156992451352e-13	1.053763021827343500e-02
2.260000000000000142e+01	6.579717695086062529e-11	4.158442723876281759e-12	1.382215946982352597e-19	1.999108391558944865e-03	8.883965559569522388e-07	1.177004112567540132e-24	7.916501386825638821e-13	1.947269088311176277e-09	1.193882697937015739e-09	3.175928719149418108e-19	8.219921386454524041e-19	7.462368694947599072e-03	5.946147903871771417e-02	1.053852096128267933e-02	9.855120332525094174e-13	1.053763136985859383e-02
2.270000000000000284e+01	6.209361162695733121e-11	3.924373380481820126e-12	1.304415942146651540e-19	1.999108572371051905e-03	8.883965351287156212e-07	1.177004084924895260e-24	7.470899414002676241e-13	1.837661528609545613e-09	1.126681517328997437e-09	2.997162283990119234e-19	7.320605183690728626e-19	7.462367604475088172e-03	5.946147801917078118e-02	1.053852198082961059e-02	9.896718507053685943e-13	1.053763245662337790e-02
2.280000000000000071e+01	5.859851540118290622e-11	3.703479572824735158e-12	1.230995223932664877e-19	1.999108743004622980e-03	8.883965154723815911e-07	1.177004058837362007e-24	7.050379942939150209e-13	1.734223666849196095e-09	1.063263026414305801e-09	2.828458438895779768e-19	6.519681343623088218e-19	7.462366575382749050e-03	5.946147705701171349e-02	1.053852294298870430e-02	9.938316680634711625e-13	1.053763348221646058e-02
2.290000000000000213e+01	5.530015383501837192e-11	3.495019661273714832e-12	1.161707286044156895e-19	1.999108904033439129e-03	8.883964969223569757e-07	1.177004034217908608e-24	6.653531101076134969e-13	1.636608217024145914e-09	1.003414301027999259e-09	2.669250769846245363e-19	5.806384906615495352e-19	7.462365604215548572e-03	5.946147614901015760e-02	1.053852385099026887e-02	9.979914853321507808e-13	1.053763445008113614e-02
2.300000000000000000e+01	5.218745301984841797e-11	3.298293753739626013e-12	1.096319498239468590e-19	1.999109055998385832e-03	8.883964794164778154e-07	1.177004010984052644e-24	6.279020491393360940e-13	1.544487441323784159e-09	9.469344022972715498e-10	2.519004745710542089e-19	5.171128701810558633e-19	7.462364687712936921e-03	5.946147529211762151e-02	1.053852470788277547e-02	1.002151302516440407e-12	1.053763536346689206e-02
2.310000000000000142e+01	4.924996237157453488e-11	3.112641354097333671e-12	1.034612324713592241e-19	1.999109199408673817e-03	8.883964628955317425e-07	1.177003989057231788e-24	5.925590715668027434e-13	1.457552050103373825e-09	8.936337020381527481e-10	2.377215923684497036e-19	4.605374469889372318e-19	7.462363822797898893e-03	5.946147448345727449e-02	1.053852551654310167e-02	1.006311119621088656e-12	1.053763622544027709e-02
2.320000000000000284e+01	4.647781955044676205e-11	2.937439144941519102e-12	9.763785871302089669e-20	1.999109334747542401e-03	8.883964473048357922e-07	1.177003968364886998e-24	5.592055153467615981e-13	1.375510163313423554e-09	8.433332460964184958e-10	2.243408255672013868e-19	4.101518115418648949e-19	7.462363006566619279e-03	5.946147372031415634e-02	1.053852627968619206e-02	1.010470936650578176e-12	1.053763703889525581e-02
2.330000000000000071e+01	4.386171735240366601e-11	2.772098894959793893e-12	9.214227690740343781e-20	1.999109462467884082e-03	8.883964325913875133e-07	1.177003948836692486e-24	5.277293978378840442e-13	1.298086330541983834e-09	7.958641535017886380e-10	2.117132489935304909e-19	3.652787491476156337e-19	7.462362236278736322e-03	5.946147300012617765e-02	1.053852699987416729e-02	1.014630753609139785e-12	1.053763780656287452e-02
2.340000000000000213e+01	4.139287245918759291e-11	2.616065483796533471e-12	8.695603595547539994e-20	1.999109582999550327e-03	8.883964187062580474e-07	1.177003930407725334e-24	4.980250397905822781e-13	1.225020606206082977e-09	7.510670494550018823e-10	1.997964662745274232e-19	3.253151386294016235e-19	7.462361509348142477e-03	5.946147232047543224e-02	1.053852767952492310e-02	1.018790570500765197e-12	1.053763853102046566e-02
2.350000000000000000e+01	3.906299595208395023e-11	2.468815038392159061e-12	8.206172335631828066e-20	1.999109696745891233e-03	8.883964056022455307e-07	1.177003913015355569e-24	4.699927105586001860e-13	1.156067676800095770e-09	7.087915302291955986e-10	1.885504674930080819e-19	2.897238450653261807e-19	7.462360823334295186e-03	5.946147167908010650e-02	1.053852832092027139e-02	1.022950387329221353e-12	1.053763921470026767e-02
2.360000000000000142e+01	3.686426548186186083e-11	2.329853174007294032e-12	7.744290674225996967e-20	1.999109804090496659e-03	8.883963932361162369e-07	1.177003896602215026e-24	4.435382932396551296e-13	1.090996037270648701e-09	6.688956581955163898e-10	1.779374948558534655e-19	2.580265010434810829e-19	7.462360175934036784e-03	5.946147107378684654e-02	1.053852892621355911e-02	1.027110204098064161e-12	1.053763985989764410e-02
2.370000000000000284e+01	3.478929901384954258e-11	2.198713334806974915e-12	7.308407872318699589e-20	1.999109905391524122e-03	8.883963815653621351e-07	1.177003881111901099e-24	4.185729687695005405e-13	1.029587213773108613e-09	6.312454852729444918e-10	1.679219159238103158e-19	2.297970764368286865e-19	7.462359564973845491e-03	5.946147050256347238e-02	1.053852949743694888e-02	1.031270020810647581e-12	1.053764046877870772e-02
2.380000000000000071e+01	3.283113002178628063e-11	2.074955226017922833e-12	6.897060477456341683e-20	1.999110000991372472e-03	8.883963705518234382e-07	1.177003866493777899e-24	3.950129174489202926e-13	9.716350301874384596e-10	5.957146032288886867e-10	1.584701039835269825e-19	2.046561525199587761e-19	7.462358988402544371e-03	5.946146996349225416e-02	1.053853003650818791e-02	1.035429837470137153e-12	1.053764104338767923e-02
2.390000000000000213e+01	3.098318412381155595e-11	1.958163337238200281e-12	6.508867415517409901e-20	1.999110091210908307e-03	8.883963601584856534e-07	1.177003852698729415e-24	3.727790378235559604e-13	9.169449156622671802e-10	5.621837191965871230e-10	1.495503251285601580e-19	1.822658221388311996e-19	7.462358444284414478e-03	5.946146945476332019e-02	1.053853054523708720e-02	1.039589654079522925e-12	1.053764158565370125e-02
2.400000000000000000e+01	2.923925699662373131e-11	1.847945546535489585e-12	6.142525351012173914e-20	1.999110176351297403e-03	8.883963503496882701e-07	1.177003839679437958e-24	3.517966809436173075e-13	8.653332516539125323e-10	5.305402551973950817e-10	1.411326317253327524e-19	1.623251482334517989e-19	7.462357930792703521e-03	5.946146897466877967e-02	1.053853102533160342e-02	1.043749470641625308e-12	1.053764209739731922e-02
2.410000000000000142e+01	2.759349355944911095e-11	1.743931804804884021e-12	5.796804314149045500e-20	1.999110256697909579e-03	8.883963410922931360e-07	1.177003827391931591e-24	3.319953999027310716e-13	8.166267552819962325e-10	5.006779701622834539e-10	1.331887618647600532e-19	1.445661187328651521e-19	7.462357446203479738e-03	5.946146852159683860e-02	1.053853147840352368e-02	1.047909287159101742e-12	1.053764258033662235e-02
2.420000000000000284e+01	2.604036829484592229e-11	1.645772891981341254e-12	5.470543566731598006e-20	1.999110332522973255e-03	8.883963323563252374e-07	1.177003815796432872e-24	3.133087130558973490e-13	7.706618976788383398e-10	4.724966032606785840e-10	1.256920444813564668e-19	1.287500444512621738e-19	7.462356988889850065e-03	5.946146809402642203e-02	1.053853190597392291e-02	1.052069103634463858e-12	1.053764303609296821e-02
2.430000000000000071e+01	2.457466671616104248e-11	1.553139245726620726e-12	5.162647708946386934e-20	1.999110404080724299e-03	8.883963241123104746e-07	1.177003804853830346e-24	2.956738810345350612e-13	7.272843547976397320e-10	4.459015372534851898e-10	1.186173097998344571e-19	1.146643507334289413e-19	7.462356557316501826e-03	5.946146769052208098e-02	1.053853230947825702e-02	1.056228920070084146e-12	1.053764346619645575e-02
2.440000000000000213e+01	2.319146784517888635e-11	1.465719853965769876e-12	4.872082998373990702e-20	1.999110471609567927e-03	8.883963163317573063e-07	1.177003794526318281e-24	2.790316959166841928e-13	6.863484893675443286e-10	4.208034808275633671e-10	1.119408048304858140e-19	1.021197204530463312e-19	7.462356150034534993e-03	5.946146730972914213e-02	1.053853269027119413e-02	1.060388736468198579e-12	1.053764387209106014e-02
2.450000000000000000e+01	2.188612770330916396e-11	1.383221211484137925e-12	4.597873881924543583e-20	1.999110535337073839e-03	8.883963089889292718e-07	1.177003784779743789e-24	2.633262825925224886e-13	6.477168618042146966e-10	3.971181687729941271e-10	1.056401136115500411e-19	9.094754931051198101e-20	7.462355765676617105e-03	5.946146695036921836e-02	1.053853304963111963e-02	1.064548552830915296e-12	1.053764425513948472e-02
2.460000000000000142e+01	2.065426371549758764e-11	1.305366334212832538e-12	4.339099719518199100e-20	1.999110595477162928e-03	8.883963020591628890e-07	1.177003775581379271e-24	2.485049111121349312e-13	6.112597689176946826e-10	3.747660790894558677e-10	9.969408195467063770e-20	8.099767983924815504e-20	7.462355402952370632e-03	5.946146661123586502e-02	1.053853338876447471e-02	1.068708369160226921e-12	1.053764461662770428e-02
2.470000000000000284e+01	1.949173999548948257e-11	1.231893829219619861e-12	4.094891692919433669e-20	1.999110652232319926e-03	8.883962955194538020e-07	1.177003766900696771e-24	2.345178196380264991e-13	5.768548083751074475e-10	3.536721660010009419e-10	9.408274642232972754e-20	7.213638295904473484e-20	7.462355060644068269e-03	5.946146629119054838e-02	1.053853370880979828e-02	1.072868185458012989e-12	1.053764495776932444e-02
2.480000000000000071e+01	1.839465346049273130e-11	1.162557017121386934e-12	3.864429888810219680e-20	1.999110705793896541e-03	8.883962893482079647e-07	1.177003758709039023e-24	2.213180473772222681e-13	5.443864677452838151e-10	3.337656079891082795e-10	8.878726730042498735e-20	6.424456075251138577e-20	7.462354737602503417e-03	5.946146598915880155e-02	1.053853401084154859e-02	1.077028001726048222e-12	1.053764527970963739e-02
2.490000000000000213e+01	1.735932069733123503e-11	1.097123101993966573e-12	3.646940539735017605e-20	1.999110756339824661e-03	8.883962835238705059e-07	1.177003750977804780e-24	2.088612765555237791e-13	5.137457358213314471e-10	3.149795694948197373e-10	8.378986520702159362e-20	5.721614530604373809e-20	7.462354432743174663e-03	5.946146570412668558e-02	1.053853429587368364e-02	1.081187817966007781e-12	1.053764558352947474e-02
2.500000000000000000e+01	1.638226571545800088e-11	1.035372397334485431e-12	3.441693451353163368e-20	1.999110804040507474e-03	8.883962780272124015e-07	1.177003743681477182e-24	1.971056850625838504e-13	4.848297399901666316e-10	2.972509785575756356e-10	7.907376194067684312e-20	5.095667433207067346e-20	7.462354145042631587e-03	5.946146543513727845e-02	1.053853456486308383e-02	1.085347634179469692e-12	1.053764587024881051e-02
2.510000000000000142e+01	1.546020809837210344e-11	9.770975772051390728e-13	3.247999513389603585e-20	1.999110849055931588e-03	8.883962728396985589e-07	1.177003736795454234e-24	1.860118038908149969e-13	4.575413959580358953e-10	2.805203121102229057e-10	7.462312336503934525e-20	4.538201904563979403e-20	7.462353873535018320e-03	5.946146518128758718e-02	1.053853481871278204e-02	1.089507450367923930e-12	1.053764614083020287e-02
2.520000000000000284e+01	1.459005210665772716e-11	9.221029875221177784e-13	3.065208410495532232e-20	1.999110891537304174e-03	8.883962679439666025e-07	1.177003730296699920e-24	1.755423860242389459e-13	4.317890847829223951e-10	2.647313979185078906e-10	7.042300672173991055e-20	4.041725635656193199e-20	7.462353617308853035e-03	5.946146494172540459e-02	1.053853505827497851e-02	1.093667266532779287e-12	1.053764639618205018e-02
2.530000000000000071e+01	1.376887625561770711e-11	8.702039873408083716e-13	2.892706432811534642e-20	1.999110931627738185e-03	8.883962633237992395e-07	1.177003724163690938e-24	1.656622810377760471e-13	4.074863447445872125e-10	2.498312256880533130e-10	6.645931038146742642e-20	3.599565964673226085e-20	7.462353375503954882e-03	5.946146471564649899e-02	1.053853528435390319e-02	1.097827082675361755e-12	1.053764663716161114e-02
2.540000000000000213e+01	1.299392350856863960e-11	8.212263290527792109e-13	2.729914415865152196e-20	1.999110969461754487e-03	8.883962589636556389e-07	1.177003718375802874e-24	1.563383171042443079e-13	3.845515809697209835e-10	2.357697690217106149e-10	6.271872648172788751e-20	3.205780293344583194e-20	7.462353147308565214e-03	5.946146450229189417e-02	1.053853549770852535e-02	1.101986898796925031e-12	1.053764686457787751e-02
2.550000000000000000e+01	1.226259201884152979e-11	7.750055732626449700e-13	2.576285795737732702e-20	1.999111005167012681e-03	8.883962548491875919e-07	1.177003712913993820e-24	1.475391896034267763e-13	3.629077914769097558e-10	2.224998174602503740e-10	5.918869624682095025e-20	2.855076187020553823e-20	7.462352931956624073e-03	5.946146430094537833e-02	1.053853569905507936e-02	1.106146714898653542e-12	1.053764707919433753e-02
2.560000000000000142e+01	1.157242639453920415e-11	7.313865367047078434e-13	2.431304774048907908e-20	1.999111038861774940e-03	8.883962509658725069e-07	1.177003707758992833e-24	1.392353560209808712e-13	3.424823086475307393e-10	2.099768179753216803e-10	5.585736782231021351e-20	2.542740248562785663e-20	7.462352728725182849e-03	5.946146411093101991e-02	1.053853588906947768e-02	1.110306530981663254e-12	1.053764728173145829e-02
2.570000000000000284e+01	1.092110945489220159e-11	6.902227712300209080e-13	2.294484586212977728e-20	1.999111070658723260e-03	8.883962473004826938e-07	1.177003702893245005e-24	1.313989367622784033e-13	3.232065552491193189e-10	1.981587253849709408e-10	5.271355648304118422e-20	2.264574760285371604e-20	7.462352536931986073e-03	5.946146393161091254e-02	1.053853606838959893e-02	1.114466347047004905e-12	1.053764747286918026e-02
2.580000000000000071e+01	1.030645445043482530e-11	6.513760721081557307e-13	2.165365867131559443e-20	1.999111100665922677e-03	8.883962438413008283e-07	1.177003698301199466e-24	1.240036215469385710e-13	3.050158141914229556e-10	1.870058611893644842e-10	4.974670708107136728e-20	2.016841269941598299e-20	7.462352355933193730e-03	5.946146376238306552e-02	1.053853623761741125e-02	1.118626163095671072e-12	1.053764765324915857e-02
2.590000000000000213e+01	9.726397721277319430e-12	6.147160140177832756e-13	2.043515108918360807e-20	1.999111128985372327e-03	8.883962405772788478e-07	1.177003693968191924e-24	1.170245810745294499e-13	2.878490112432468549e-10	1.764807803523489092e-10	4.694685860732979935e-20	1.796210338116692761e-20	7.462352185121198973e-03	5.946146360267942632e-02	1.053853639732100188e-02	1.122785979128601824e-12	1.053764782347693836e-02
2.600000000000000000e+01	9.178991768504993646e-12	5.801195131479204938e-13	1.928523205410618458e-20	1.999111155710040378e-03	8.883962374965273744e-07	1.177003689878445958e-24	1.104383836610033031e-13	2.716485099793486278e-10	1.665481455820140934e-10	4.430461074813425351e-20	1.599716793298039511e-20	7.462352023922596764e-03	5.946146345196393068e-02	1.053853654803648190e-02	1.126945795146681494e-12	1.053764798412397050e-02
2.610000000000000142e+01	8.662398715677978223e-12	5.474704139544789921e-13	1.820004078629868392e-20	1.999111180930802055e-03	8.883962345892223082e-07	1.177003686018922397e-24	1.042229165688056584e-13	2.563599182699086705e-10	1.571746086875935313e-10	4.181109232413529025e-20	1.424719873896099184e-20	7.462351871796253124e-03	5.946146330973060140e-02	1.053853669026977996e-02	1.131105611150746551e-12	1.053764813572955275e-02
2.620000000000000284e+01	8.174884138280852000e-12	5.166590991720980553e-13	1.717593382538674331e-20	1.999111204731465318e-03	8.883962318452242413e-07	1.177003682376165320e-24	9.835731176413418777e-14	2.419319056624769774e-10	1.483286986149917550e-10	3.945793150588500150e-20	1.268867738674000747e-20	7.462351728231505360e-03	5.946146317550200094e-02	1.053853682449835613e-02	1.135265427141584392e-12	1.053764827880261656e-02
2.630000000000000071e+01	7.714811240568952183e-12	4.875821217822238400e-13	1.620947279775551485e-20	1.999111227192295823e-03	8.883962292554879207e-07	1.177003678938169626e-24	9.282187585404732095e-14	2.283160310431964147e-10	1.399807157844654161e-10	3.723722770588591230e-20	1.130065853272625344e-20	7.462351592746431679e-03	5.946146304882755224e-02	1.053853695117278229e-02	1.139425243119937783e-12	1.053764841382345309e-02
2.640000000000000213e+01	7.280635360129566243e-12	4.601418576934749585e-13	1.529741287233424678e-20	1.999111248388711539e-03	8.883962268113291410e-07	1.177003675693409957e-24	8.759802396660759630e-14	2.154665799989152529e-10	1.321026323760791216e-10	3.514152505284641345e-20	1.006448841564868282e-20	7.462351464886235290e-03	5.946146292928203986e-02	1.053853707071828426e-02	1.143585059086509303e-12	1.053764854124531955e-02
2.650000000000000000e+01	6.870898781903212209e-12	4.342461779805259767e-13	1.443669186646719354e-20	1.999111268392592903e-03	8.883962245048690136e-07	1.177003672631428640e-24	8.266821735441475926e-14	2.033404113340082972e-10	1.246679982278982774e-10	3.316378735902090062e-20	8.963554113548542964e-21	7.462351344221718717e-03	5.946146281646415982e-02	1.053853718353612613e-02	1.147744875041962353e-12	1.053764866149594845e-02
2.660000000000000142e+01	6.484223398155476854e-12	4.098079849856610843e-13	1.362441482684986073e-20	1.999111287271223766e-03	8.883962223283595162e-07	1.177003669741941936e-24	7.801587508143348926e-14	1.918967398528705829e-10	1.176518076594782397e-10	3.129736269301195033e-20	7.983051308820197030e-21	7.462351230347124068e-03	5.946146270999461136e-02	1.053853729000568500e-02	1.151904690986923982e-12	1.053764877497971250e-02
2.670000000000000284e+01	6.119312004433820609e-12	3.867452942220145338e-13	1.285785675183008927e-20	1.999111305086467838e-03	8.883962202738560093e-07	1.177003667014408047e-24	7.362538961505878149e-14	1.810971746622791175e-10	1.110305229503200509e-10	2.953598962546865477e-20	7.109815096999352077e-21	7.462351122880512069e-03	5.946146260951625656e-02	1.053853739048404847e-02	1.156064506921984283e-12	1.053764888207725514e-02
2.680000000000000071e+01	5.774942316426656408e-12	3.649808562317180820e-13	1.213445002272340011e-20	1.999111321899738666e-03	8.883962183352565734e-07	1.177003664440725982e-24	6.948205483857907866e-14	1.709055422094480308e-10	1.047819658524038076e-10	2.787376836952636464e-20	6.332109270998472255e-21	7.462351021462003062e-03	5.946146251469262151e-02	1.053853748530769047e-02	1.160224322847696999e-12	1.053764898314722871e-02
2.690000000000000213e+01	5.449957849315093145e-12	3.444415801520861098e-13	1.145176524429675564e-20	1.999111337766094638e-03	8.883962165054355437e-07	1.177003662011439805e-24	6.557195631444521357e-14	1.612876162391275364e-10	9.888515201577998249e-11	2.630511673530516361e-20	5.639484201760807284e-21	7.462350925751095113e-03	5.946146242520534975e-02	1.053853757479496223e-02	1.164384138764588609e-12	1.053764907852899196e-02
2.700000000000000000e+01	5.143265630622967871e-12	3.250583891640328955e-13	1.080750644016088350e-20	1.999111352738600078e-03	8.883962147781161945e-07	1.177003659718219120e-24	6.188194376572872131e-14	1.522110501406318022e-10	9.332024951388576385e-11	2.482475909692347440e-20	5.022627971591885997e-21	7.462350835425986609e-03	5.946146234075357778e-02	1.053853765924674807e-02	1.168543954673154493e-12	1.053764916854324496e-02
2.710000000000000142e+01	4.853837775807780817e-12	3.067663200691582573e-13	1.019951436251492678e-20	1.999111366868419788e-03	8.883962131479544889e-07	1.177003657553969268e-24	5.839965003278851351e-14	1.436454236170523002e-10	8.806860745963600309e-11	2.342773400483460004e-20	4.473254699133396136e-21	7.462350750184031621e-03	5.946146226105432364e-02	1.053853773894600221e-02	1.172703770573862565e-12	1.053764925349160754e-02
2.720000000000000284e+01	4.580701600144187693e-12	2.895038983515770754e-13	9.625745720441863998e-21	1.999111380202810671e-03	8.883962116093786443e-07	1.177003655511296388e-24	5.511337210268001930e-14	1.355619499990814898e-10	8.311257654959384188e-11	2.210934644759289397e-20	3.983979590310954279e-21	7.462350669738846386e-03	5.946146218583985704e-02	1.053853781416048442e-02	1.176863586467154082e-12	1.053764933365949549e-02
2.730000000000000071e+01	4.322940057274822644e-12	2.732131658934749517e-13	9.084274101118540664e-21	1.999111392786710739e-03	8.883962101573060394e-07	1.177003653583453510e-24	5.201207638541460158e-14	1.279334892627115372e-10	7.843551705429072610e-11	2.086516997738316886e-20	3.548228168478152907e-21	7.462350593820421193e-03	5.946146211485772021e-02	1.053853788514263513e-02	1.181023402353445664e-12	1.053764940931599912e-02
2.740000000000000213e+01	4.079687375111044207e-12	2.578394051594780793e-13	8.573280802251466134e-21	1.999111404663397873e-03	8.883962087873173858e-07	1.177003651764573999e-24	4.908534620644725985e-14	1.207344188099713886e-10	7.402171958547316145e-11	1.969102563281921355e-20	3.160143537814763807e-21	7.462350522173845369e-03	5.946146204786957601e-02	1.053853795213078974e-02	1.185183218233132322e-12	1.053764948071515828e-02
2.750000000000000000e+01	3.850126613121449260e-12	2.433309848144445441e-13	8.091049700718538253e-21	1.999111415870523812e-03	8.883962074938273480e-07	1.177003650047246731e-24	4.632335241666122905e-14	1.139405612465584654e-10	6.985636082149243785e-11	1.858297016110869359e-20	2.814512200432686267e-21	7.462350454558589960e-03	5.946146198465054877e-02	1.053853801534982912e-02	1.189343034106585237e-12	1.053764954809669439e-02
2.760000000000000142e+01	3.633488593747000557e-12	2.296392921871144949e-13	7.635965007794836476e-21	1.999111426446634546e-03	8.883962062729523861e-07	1.177003648426316061e-24	4.371684053535294635e-14	1.075291527433501267e-10	6.592548410594897902e-11	1.753729085697754811e-20	2.506690440927479777e-21	7.462350390748184216e-03	5.946146192498887734e-02	1.053853807501149882e-02	1.193502849974152770e-12	1.053764961168630367e-02
2.770000000000000284e+01	3.429043846200313038e-12	2.167182241112137630e-13	7.206494345721244157e-21	1.999111436428072965e-03	8.883962051209140977e-07	1.177003646896765934e-24	4.125703382074683660e-14	1.014786045595208799e-10	6.221585323974618669e-11	1.655046666892469716e-20	2.232539691930019619e-21	7.462350330527850288e-03	5.946146186868376399e-02	1.053853813131660523e-02	1.197662665836166722e-12	1.053764967169802842e-02
2.780000000000000071e+01	3.236107202756830242e-12	2.045244774139312622e-13	6.801198402965016862e-21	1.999111445847435824e-03	8.883962040334809181e-07	1.177003645452980977e-24	3.893568857080377440e-14	9.576863911610038767e-11	5.871503590080757289e-11	1.561919039025074215e-20	1.988377782970105303e-21	7.462350273695851979e-03	5.946146181554660959e-02	1.053853818445376310e-02	1.201822481692938498e-12	1.053764972833293005e-02
2.790000000000000213e+01	3.054030880911580506e-12	1.930171117022138278e-13	6.418716402103820129e-21	1.999111454735873553e-03	8.883962030067993766e-07	1.177003644089846504e-24	3.674501089007039965e-14	9.038008527162724916e-11	5.541127813557642772e-11	1.474033527167259886e-20	1.770924149962754527e-21	7.462350220061464250e-03	5.946146176539907763e-02	1.053853823460128986e-02	1.205982297544762942e-12	1.053764978178107874e-02
2.800000000000000000e+01	2.882203558167262297e-12	1.821574908880998982e-13	6.057764156243872038e-21	1.999111463124816305e-03	8.883962020381358863e-07	1.177003642803732074e-24	3.467764555775254610e-14	8.529485090021734405e-11	5.229348754061742578e-11	1.391095054737500477e-20	1.577256775669995478e-21	7.462350169444693058e-03	5.946146171807289993e-02	1.053853828192747276e-02	1.210142113391915714e-12	1.053764983222186570e-02
2.810000000000000142e+01	2.720048792141083441e-12	1.719091833377618896e-13	5.717130750172244399e-21	1.999111471041417707e-03	8.883962011238091360e-07	1.177003641589752956e-24	3.272665701891102064e-14	8.049587615417567792e-11	4.935120461003520031e-11	1.312825381292883408e-20	1.404774084835878568e-21	7.462350121675816531e-03	5.946146167340937011e-02	1.053853832659099564e-02	1.214301929234661770e-12	1.053764987982442822e-02
2.820000000000000284e+01	2.567021583789778105e-12	1.622377446642124262e-13	5.395671320817454597e-21	1.999111478511947110e-03	8.883962002606050592e-07	1.177003640443643026e-24	3.088548803432280752e-14	7.596703178867347677e-11	4.657454039709434494e-11	1.238961444221390399e-20	1.251157957262677694e-21	7.462350076594371009e-03	5.946146163125848316e-02	1.053853836874188953e-02	1.218461745073247891e-12	1.053764992474868524e-02
2.830000000000000071e+01	2.422607870636523212e-12	1.531106856984713673e-13	5.092305992674619524e-21	1.999111485562074519e-03	8.883961994458875835e-07	1.177003639361901880e-24	2.914795358309481493e-14	7.169310407841515355e-11	4.395416726455285421e-11	1.169255112690245816e-20	1.114344345583545609e-21	7.462350034049000137e-03	5.946146159147869953e-02	1.053853840852165581e-02	1.222621560907905914e-12	1.053764996714548138e-02
2.840000000000000213e+01	2.286323777988320072e-12	1.444974251655673315e-13	4.806018304849650678e-21	1.999111492215575620e-03	8.883961986770033783e-07	1.177003638341008546e-24	2.750823185351049943e-14	6.765977275265074729e-11	4.148130536105491429e-11	1.103472827889403926e-20	9.924955494021950986e-22	7.462349993897237146e-03	5.946146155393684796e-02	1.053853844606350738e-02	1.226781376738858386e-12	1.053765000715680203e-02
2.850000000000000000e+01	2.157710364458934447e-12	1.363689575972205988e-13	4.535844173135835821e-21	1.999111498494728165e-03	8.883961979513147829e-07	1.177003637377461153e-24	2.596080102297618123e-14	6.385345540195130836e-11	3.914762721923838783e-11	1.041393065186333856e-20	8.839738292412428917e-22	7.462349956003954884e-03	5.946146151850658507e-02	1.053853848149377201e-02	1.230941192566312102e-12	1.053765004491731029e-02
2.860000000000000142e+01	2.036336896609326905e-12	1.286980602913684565e-13	4.280878768937762482e-21	1.999111504419922962e-03	8.883961972661160564e-07	1.177003636467668933e-24	2.450047865727439282e-14	6.026140446832711243e-11	3.694531722951804067e-11	9.828079162235124807e-21	7.873219515384100853e-22	7.462349920242333789e-03	5.946146148506933904e-02	1.053853851493102844e-02	1.235101008390463962e-12	1.053765008055339639e-02
2.870000000000000284e+01	1.921795441477121081e-12	1.214589515556009331e-13	4.040265159961317054e-21	1.999111510012190496e-03	8.883961966196099009e-07	1.177003635609244347e-24	2.312235664975858362e-14	5.687154715684629879e-11	3.486697347897502613e-11	9.275204776718098347e-21	7.012412092506872902e-22	7.462349886492265945e-03	5.946146145351279000e-02	1.053853854648756361e-02	1.239260824211498951e-12	1.053765011418476318e-02
2.880000000000000071e+01	1.813701174499552809e-12	1.146273101679111560e-13	3.813194957050406354e-21	1.999111515289329032e-03	8.883961960091907370e-07	1.177003634798730155e-24	2.182180492613081753e-14	5.367249456875809859e-11	3.290561335894581806e-11	8.753450003999052209e-21	6.245749620632334210e-22	7.462349854640444417e-03	5.946146142373102961e-02	1.053853857626932226e-02	1.243420640029593167e-12	1.053765014592433248e-02
2.890000000000000213e+01	1.711692050245353888e-12	1.081802545665046987e-13	3.598907622497507873e-21	1.999111520268877923e-03	8.883961954327643817e-07	1.177003634033346682e-24	2.059446748276878898e-14	5.065353195400330785e-11	3.105466758605213708e-11	8.261067304240453607e-21	5.562939149380198701e-22	7.462349824580274786e-03	5.946146139562438759e-02	1.053853860437596601e-02	1.247580455844909381e-12	1.053765017587833183e-02
2.900000000000000000e+01	1.615424896464668430e-12	1.020960959905623562e-13	3.396682264932513083e-21	1.999111524968523110e-03	8.883961948888137990e-07	1.177003633311079974e-24	1.943621539169370818e-14	4.780450311848388463e-11	2.930790933029269666e-11	7.796400235960043637e-21	4.954806122576848848e-22	7.462349796210713745e-03	5.946146136909839786e-02	1.053853863090195749e-02	1.251740271657602285e-12	1.053765020414746886e-02
2.910000000000000142e+01	1.524576146271986595e-12	9.635438475460738506e-14	3.205839177390846289e-21	1.999111529403569190e-03	8.883961943753016629e-07	1.177003632629224006e-24	1.834315560990386828e-14	4.511583208598652930e-11	2.765946749702760164e-11	7.357886989265190515e-21	4.413177071151448527e-22	7.462349769436497221e-03	5.946146134406397887e-02	1.053853865593637300e-02	1.255900087467821119e-12	1.053765023082667805e-02
2.920000000000000284e+01	1.438841186948423442e-12	9.093586909218159722e-14	3.025738469358944587e-21	1.999111533589338977e-03	8.883961938907149608e-07	1.177003631985771623e-24	1.731162314437213425e-14	4.257850384421934257e-11	2.610381492339768010e-11	6.944057245890593243e-21	3.930780780317104966e-22	7.462349744167934805e-03	5.946146132043728105e-02	1.053853867956306561e-02	1.260059903275703007e-12	1.053765025600534623e-02
2.930000000000000071e+01	1.357932544717661876e-12	8.582238043215343524e-14	2.855776253586389737e-21	1.999111537539596632e-03	8.883961934333179105e-07	1.177003631378417753e-24	1.633815921189246919e-14	4.018401058192888776e-11	2.463573541319631803e-11	6.553523409945817047e-21	3.501139623480670211e-22	7.462349720320386737e-03	5.946146129813918019e-02	1.053853870186116648e-02	1.264219719081380022e-12	1.053765027976782780e-02
2.940000000000000213e+01	1.281577993322934214e-12	8.099671385922005360e-14	2.695380672830220843e-21	1.999111541267368196e-03	8.883961930014619740e-07	1.177003630804975242e-24	1.541948848213331605e-14	3.792429577127079743e-11	2.325028945641975960e-11	6.184971488702993127e-21	3.118481589105760823e-22	7.462349697813701853e-03	5.946146127709472928e-02	1.053853872290561912e-02	1.268379534884975152e-12	1.053765030219399983e-02
2.950000000000000000e+01	1.209521298606921849e-12	7.644267517183070950e-14	2.544013463966917091e-21	1.999111544785841469e-03	8.883961925940069391e-07	1.177003630263928436e-24	1.455252803613789260e-14	3.579177613886506912e-11	2.194282769937866255e-11	5.837164675910196123e-21	2.777666831254561855e-22	7.462349676572436162e-03	5.946146125723337367e-02	1.053853874276695912e-02	1.272539350686606131e-12	1.053765032335904697e-02
2.960000000000000142e+01	1.141520645251971509e-12	7.214498145087453756e-14	2.401166653092894482e-21	1.999111548105696277e-03	8.883961922090933568e-07	1.177003629752811370e-24	1.373436843740863714e-14	3.377929515667806869e-11	2.070896242594567749e-11	5.508935765297967468e-21	2.474119331797339225e-22	7.462349656525391409e-03	5.946146123848858323e-02	1.053853876151175477e-02	1.276699166486383224e-12	1.053765034333392810e-02
2.970000000000000284e+01	1.077347720307442905e-12	6.808920313782408648e-14	2.266360630316942781e-21	1.999111551238887466e-03	8.883961918457966905e-07	1.177003629270394733e-24	1.296226270522027327e-14	3.188009589879126728e-11	1.954455092073256279e-11	5.199182724911641628e-21	2.203763096666723071e-22	7.462349637605348793e-03	5.946146122079747770e-02	1.053853877920285162e-02	1.280858982284408818e-12	1.053765036218563995e-02
2.980000000000000071e+01	1.016787396343006104e-12	6.426174400971101392e-14	2.139143484168154181e-21	1.999111554196239711e-03	8.883961915030509494e-07	1.177003628815264443e-24	1.223362250242030230e-14	3.008781166138713447e-11	1.844568971627369425e-11	4.906867166768822135e-21	1.962968864366652694e-22	7.462349619748961417e-03	5.946146120410086139e-02	1.053853879589947140e-02	1.285018798080780859e-12	1.053765037997729873e-02
2.990000000000000213e+01	9.596359695593920225e-13	6.064972982630903221e-14	2.019087300449245601e-21	1.999111556985833787e-03	8.883961911788808526e-07	1.177003628384798412e-24	1.154599693699515626e-14	2.839641382569414060e-11	1.740868262654100112e-11	4.631005843234227854e-21	1.748501778495827488e-22	7.462349602896259024e-03	5.946146118834265415e-02	1.053853881165769078e-02	1.289178613875592041e-12	1.053765039676868992e-02
3.000000000000000000e+01	9.057012563586243909e-13	5.724101443339573660e-14	1.905788365096885777e-21	1.999111559618780166e-03	8.883961908729725743e-07	1.177003627978576033e-24	1.089707372395902892e-14	2.680021471174579834e-11	1.643004249747744847e-11	4.370671112692646733e-21	1.557482943495269488e-22	7.462349586990654933e-03	5.946146117346993998e-02	1.053853882653041363e-02	1.293338429668928394e-12	1.053765041261619725e-02
3.010000000000000142e+01	8.548025056006083756e-13	5.402417421724439767e-14	1.798866979859995918e-21	1.999111562103992289e-03	8.883961905843549914e-07	1.177003627595318222e-24	1.028467812964544336e-14	2.529386498250163299e-11	1.550648961525570766e-11	4.124990516118623779e-21	1.387345677059134131e-22	7.462349571978930431e-03	5.946146115943291843e-02	1.053853884056740048e-02	1.297498245460872717e-12	1.053765042757286337e-02
3.020000000000000284e+01	8.067688253013430813e-13	5.098840867071238873e-14	1.697964157313848164e-21	1.999111564449145440e-03	8.883961903117645424e-07	1.177003627233337043e-24	9.706754042296971527e-15	2.387230708420649317e-11	1.463492316041188293e-11	3.893139183394666811e-21	1.235808898604578445e-22	7.462349557810770730e-03	5.946146114618464096e-02	1.053853885381568142e-02	1.301658061251503769e-12	1.053765044168883044e-02
3.030000000000000071e+01	7.614389408904499822e-13	4.812352511487999979e-14	1.602741113037664250e-21	1.999111566662205471e-03	8.883961900543374654e-07	1.177003626891490061e-24	9.161361063496121130e-15	2.253076809333568312e-11	1.381241682208505633e-11	3.674338666624575010e-21	1.100837661342760076e-22	7.462349544438687775e-03	5.946146113368065700e-02	1.053853886631966885e-02	1.305817877040894656e-12	1.053765045501142174e-02
3.040000000000000213e+01	7.186606568404261777e-13	4.541990467357724151e-14	1.512878134675401520e-21	1.999111568750313369e-03	8.883961898110882377e-07	1.177003626568468438e-24	8.646668030675612137e-15	2.126474377849705657e-11	1.303620902654531161e-11	3.467854340760205764e-21	9.806202153036181889e-23	7.462349531817874526e-03	5.946146112187904870e-02	1.053853887812125113e-02	1.309977692829113637e-12	1.053765046758529771e-02
3.050000000000000000e+01	6.782905653902803866e-13	4.286848386446274674e-14	1.428073970059747405e-21	1.999111570720498235e-03	8.883961895812244599e-07	1.177003626263220841e-24	8.160949512579293835e-15	2.006998998521917647e-11	1.230369765523234795e-11	3.272993998507937729e-21	8.735435783527334449e-23	7.462349519906106080e-03	5.946146111074039620e-02	1.053853888925990710e-02	1.314137508616224931e-12	1.053765047945253233e-02
3.060000000000000142e+01	6.401928787582752869e-13	4.046068079394508474e-14	1.348043374077769373e-21	1.999111572580308718e-03	8.883961893643896370e-07	1.177003625975272663e-24	7.702571758858017073e-15	1.894248806649442861e-11	1.161241884864491948e-11	3.089102211813073604e-21	7.781703834305954096e-23	7.462349508663401396e-03	5.946146110022729886e-02	1.053853889977301832e-02	1.318297324402290939e-12	1.053765049065297742e-02
3.070000000000000284e+01	6.042394866505312170e-13	3.818839879174617091e-14	1.272517229476582028e-21	1.999111574336091737e-03	8.883961891599058250e-07	1.177003625703723182e-24	7.269993391987964001e-15	1.787844659723155137e-11	1.096004805950561913e-11	2.915560612010430308e-21	6.932203730943559231e-23	7.462349498052043249e-03	5.946146109030445159e-02	1.053853890969584650e-02	1.322457140187371036e-12	1.053765050122421922e-02
3.080000000000000071e+01	5.703098945489983708e-13	3.604402251063243319e-14	1.201242417226154276e-21	1.999111575992785182e-03	8.883961889666748457e-07	1.177003625447115704e-24	6.861764664769506327e-15	1.687429953721147213e-11	1.034439892493966470e-11	2.751787589812396512e-21	6.175539654347889422e-23	7.462349488036553943e-03	5.946146108093872812e-02	1.053853891906156304e-02	1.326616955971520555e-12	1.053765051120162007e-02
3.090000000000000213e+01	5.382901851015645993e-13	3.402035228545369470e-14	1.133979634744022326e-21	1.999111577555602766e-03	8.883961887839022881e-07	1.177003625204396876e-24	6.476514964140688188e-15	1.592667550065811949e-11	9.763404426235031050e-12	2.597233283483481229e-21	5.501562292342553172e-23	7.462349478583390865e-03	5.946146107209877851e-02	1.053853892790152479e-02	1.330776771754789376e-12	1.053765052061860462e-02
3.100000000000000000e+01	5.080728518177684775e-13	3.211059362256694584e-14	1.070503046544592726e-21	1.999111579030777783e-03	8.883961886114202279e-07	1.177003624975341699e-24	6.112950810260118123e-15	1.503239282985192436e-11	9.215113868233175606e-12	2.451378775310262623e-21	4.901229977656049316e-23	7.462349469660903116e-03	5.946146106375496676e-02	1.053853893624532960e-02	1.334936587537227180e-12	1.053765052950671362e-02
3.110000000000000142e+01	4.795564396886946488e-13	3.030833448672316722e-14	1.010599529300329992e-21	1.999111580422910719e-03	8.883961884485019108e-07	1.177003624758985903e-24	5.769851532571209478e-15	1.418844896132214408e-11	8.697686359593576305e-12	2.313734357241033866e-21	4.366490974836326696e-23	7.462349461239219627e-03	5.946146105587936381e-02	1.053853894412090653e-02	1.339096403318880011e-12	1.053765053789572186e-02
3.120000000000000284e+01	4.526452045062778781e-13	2.860752376977224637e-14	9.540679561842394219e-22	1.999111581736958982e-03	8.883961882947344083e-07	1.177003624554780677e-24	5.446065170851256494e-15	1.339201034431233257e-11	8.209384631935994403e-12	2.183837886673011637e-21	3.890173304630257491e-23	7.462349453290147670e-03	5.946146104844563657e-02	1.053853895155460949e-02	1.343256219099791489e-12	1.053765054581371971e-02
3.130000000000000071e+01	4.272487916417105723e-13	2.700245098920011143e-14	9.007185220895221478e-22	1.999111582976700798e-03	8.883961881493293445e-07	1.177003624361680751e-24	5.140504610385789041e-15	1.264040292767686815e-11	7.748569206825896347e-12	2.061253234776517867e-21	3.465890188015154496e-23	7.462349445787085263e-03	5.946146104142896460e-02	1.053853895857131615e-02	1.347416034880002408e-12	1.053765055328722416e-02
3.140000000000000213e+01	4.032819323269729293e-13	2.548772709287758890e-14	8.503721056175253339e-22	1.999111584146912729e-03	8.883961880120789844e-07	1.177003624179408781e-24	4.852143927734523295e-15	1.193110318223670968e-11	7.313692891773334356e-12	1.945568822331710407e-21	3.087952652821789856e-23	7.462349438704927486e-03	5.946146103480581119e-02	1.053853896519449732e-02	1.351575850659552350e-12	1.053765056034125687e-02
3.150000000000000000e+01	3.806641575877813138e-13	2.405826637939396255e-14	8.028596681455013124e-22	1.999111585251101518e-03	8.883961878823444536e-07	1.177003624007117308e-24	4.580014948873062443e-15	1.126172962656897674e-11	6.903295585045677328e-12	1.836396237725606241e-21	2.751294535742854326e-23	7.462349432019979752e-03	5.946146102855401350e-02	1.053853897144629848e-02	1.355735666438476858e-12	1.053765056699942741e-02
3.160000000000000142e+01	3.593196460461144642e-13	2.270927687905138161e-14	7.580219341099522410e-22	1.999111586292806868e-03	8.883961877596260026e-07	1.177003623844142914e-24	4.323205418005695272e-15	1.063003832494414436e-11	6.516001514957398269e-12	1.733369502555909352e-21	2.451404779661540113e-23	7.462349425709921373e-03	5.946146102265272015e-02	1.053853897734759529e-02	1.359895482216811273e-12	1.053765057328398015e-02
3.170000000000000284e+01	3.391766015292012162e-13	2.143622101826803072e-14	7.157080835694514280e-22	1.999111587275817416e-03	8.883961876436466516e-07	1.177003623690118073e-24	4.080851509177864707e-15	1.003390446794210974e-11	6.150507946955798682e-12	1.636142067525631012e-21	2.184262758254482137e-23	7.462349419753610408e-03	5.946146101708216225e-02	1.053853898291815319e-02	1.364055297994586492e-12	1.053765057921598851e-02
3.180000000000000071e+01	3.201673943764310854e-13	2.023482455027661889e-14	6.757760490433354156e-22	1.999111588203051834e-03	8.883961875338559350e-07	1.177003623544311591e-24	3.852139526429119744e-15	9.471326553936616169e-12	5.805587747305335984e-12	1.544387494426528943e-21	1.946288897989270161e-23	7.462349414131135700e-03	5.946146101182372967e-02	1.053853898817659097e-02	1.368215113771833011e-12	1.053765058481529598e-02
3.190000000000000213e+01	3.022281761111548089e-13	1.910105220208073919e-14	6.380917060648649794e-22	1.999111589079049893e-03	8.883961874305268093e-07	1.177003623407084564e-24	3.636301267660887107e-15	8.940414987135469744e-12	5.480082392374459407e-12	1.457797596490898484e-21	1.734294864361703810e-23	7.462349408823697183e-03	5.946146100685985314e-02	1.053853899314048485e-02	1.372374929548581323e-12	1.053765059010063412e-02
3.200000000000000000e+01	2.852986996440231595e-13	1.803109631116290378e-14	6.025284954879414385e-22	1.999111589905662109e-03	8.883961873328359584e-07	1.177003623277345069e-24	3.432611861386334728e-15	8.439386751492557136e-12	5.172898703372191152e-12	1.376081569779253508e-21	1.545441913867853201e-23	7.462349403813558178e-03	5.946146100217392094e-02	1.053853899782641185e-02	1.376534745324858691e-12	1.053765059508968323e-02
3.210000000000000142e+01	2.693221521804353584e-13	1.702136626510207132e-14	5.689670724809571428e-22	1.999111590685554319e-03	8.883961872404156641e-07	1.177003623154604724e-24	3.240387756331610415e-15	7.966560470893869184e-12	4.883005817741554975e-12	1.298965187517026457e-21	1.377200796071121461e-23	7.462349399083989011e-03	5.946146099775032057e-02	1.053853900225002090e-02	1.380694561100693187e-12	1.053765059979911052e-02
3.220000000000000284e+01	2.542449179568847461e-13	1.606847350632499989e-14	5.372948081144835139e-22	1.999111591421078808e-03	8.883961871528469628e-07	1.177003623038307925e-24	3.058983866763671269e-15	7.520349386308842560e-12	4.609430882861052972e-12	1.226189654547834570e-21	1.227319582115421873e-23	7.462349394619205434e-03	5.946146099357427911e-02	1.053853900642606756e-02	1.384854376876106216e-12	1.053765060424465862e-02
3.230000000000000426e+01	2.400163750039945379e-13	1.516921868737046178e-14	5.074053624277457774e-22	1.999111592115615250e-03	8.883961870702483332e-07	1.177003622928611160e-24	2.887791127215074611e-15	7.099255339409100863e-12	4.351255368091179049e-12	1.157510626276059237e-21	1.093792288138946086e-23	7.462349390404304436e-03	5.946146098963186327e-02	1.053853901036848686e-02	1.389014192651120599e-12	1.053765060844117502e-02
3.239999999999999858e+01	2.265887508799567775e-13	1.432058255312865707e-14	4.791983813723510873e-22	1.999111592771450879e-03	8.883961869923318899e-07	1.177003622825131290e-24	2.726234756719679360e-15	6.701864502661799814e-12	4.107612446473761263e-12	1.092697512155395605e-21	9.748320355366351339e-24	7.462349386425216544e-03	5.946146098590990997e-02	1.053853901409042108e-02	1.393174008425758752e-12	1.053765061240267628e-02
3.250000000000000000e+01	2.139169621348859155e-13	1.351971579486244660e-14	4.525791595800894254e-22	1.999111593390332994e-03	8.883961869186412941e-07	1.177003622727263855e-24	2.573772327304634638e-15	6.326842632220558552e-12	3.877684084457460100e-12	1.031532701504468095e-21	8.688475033870107017e-24	7.462349382668668520e-03	5.946146098239601940e-02	1.053853901760429777e-02	1.397333824200042486e-12	1.053765061614238968e-02
3.260000000000000142e+01	2.019584631059033371e-13	1.276392949393815142e-14	4.274583227315082824e-22	1.999111593973932136e-03	8.883961868487574760e-07	1.177003622634452515e-24	2.429891944746386517e-15	5.972930587835508588e-12	3.660698295052284769e-12	9.738108328027460933e-22	7.744211698055003174e-24	7.462349379122135661e-03	5.946146097907846484e-02	1.053853902092181764e-02	1.401493639973990178e-12	1.053765061967280869e-02
3.270000000000000284e+01	1.906731030599439245e-13	1.205068609313914191e-14	4.037515274602967604e-22	1.999111594525171311e-03	8.883961867828831943e-07	1.177003622546964694e-24	2.294110529763594974e-15	5.638940105917359962e-12	3.455926546039806402e-12	9.193381042305610479e-22	6.902906350202793149e-24	7.462349375773794091e-03	5.946146097594623425e-02	1.053853902405403262e-02	1.405653455747620407e-12	1.053765062300570168e-02
3.280000000000000426e+01	1.800229912602758303e-13	1.137759086876439237e-14	3.813791779027585987e-22	1.999111595044964721e-03	8.883961867203885741e-07	1.177003622463966528e-24	2.165972194545379825e-15	5.323749810267185983e-12	3.262681314165992986e-12	8.679316230409224811e-22	6.153313606730551450e-24	7.462349372612491274e-03	5.946146097298893318e-02	1.053853902701138399e-02	1.409813271520950338e-12	1.053765062615219690e-02
3.289999999999999858e+01	1.699723698462992971e-13	1.074238389653254939e-14	3.602661586604116106e-22	1.999111595535812535e-03	8.883961866614090347e-07	1.177003622385635809e-24	2.045046713286172635e-15	5.026301446181761887e-12	3.080313776579723105e-12	8.194187914451694076e-22	5.485418563392017813e-24	7.462349369627694837e-03	5.946146097019663901e-02	1.053853902980369898e-02	1.413973087293995321e-12	1.053765062912279116e-02
3.300000000000000000e+01	1.604874937541581658e-13	1.014293246247090531e-14	3.403415825529923402e-22	1.999111595998326243e-03	8.883961866052933137e-07	1.177003622311109651e-24	1.930928077433149908e-15	4.745596327645725671e-12	2.908211632375022701e-12	7.736367271062313151e-22	4.890299890104876852e-24	7.462349366809469149e-03	5.946146096756008831e-02	1.053853903244027744e-02	1.418132903066771712e-12	1.053765063192736544e-02
3.310000000000000142e+01	1.515365174130021501e-13	9.577223902030944427e-15	3.215385526048735050e-22	1.999111596435575438e-03	8.883961865525347019e-07	1.177003622241041188e-24	1.823233132455927598e-15	4.480691984278258642e-12	2.745797046799650111e-12	7.304317162634572535e-22	4.360012325598884981e-24	7.462349364148443236e-03	5.946146096507049644e-02	1.053853903492989012e-02	1.422292718839293244e-12	1.053765063457527858e-02
3.320000000000000284e+01	1.430893878281306936e-13	9.043358842859776680e-15	3.037939374481876444e-22	1.999111596848004643e-03	8.883961865025110536e-07	1.177003622174604267e-24	1.721600291460935644e-15	4.230698996970352420e-12	2.592524711176071417e-12	6.896586976390474806e-22	3.887478085772424084e-24	7.462349361635763068e-03	5.946146096271959225e-02	1.053853903728080126e-02	1.426452534611573851e-12	1.053765063707535858e-02
3.330000000000000426e+01	1.351177436733067347e-13	8.539544827355962909e-15	2.870481593492447422e-22	1.999111597237577566e-03	8.883961864553202012e-07	1.177003622111929480e-24	1.625688321106025294e-15	3.994778011647579607e-12	2.447880012029050972e-12	6.511807753951259680e-22	3.466393658296333083e-24	7.462349359263082023e-03	5.946146096049956947e-02	1.053853903950081536e-02	1.430612350383627065e-12	1.053765063943590784e-02
3.339999999999999858e+01	1.275948200715074316e-13	8.064090294738945809e-15	2.712449941844573745e-22	1.999111597604863629e-03	8.883961864104832533e-07	1.177003622052381691e-24	1.535175195956321982e-15	3.772136921131369537e-12	2.311377303262049197e-12	6.148687595036814967e-22	3.091143667384245679e-24	7.462349357022516651e-03	5.946146095840307289e-02	1.053853904159730501e-02	1.434772166155464194e-12	1.053765064166478811e-02
3.350000000000000000e+01	1.204953587277227277e-13	7.615398901372203087e-15	2.563313826591573491e-22	1.999111597951308290e-03	8.883961863679534113e-07	1.177003621995898269e-24	1.449757017234041520e-15	3.562028205627422082e-12	2.182558275598312657e-12	5.806007319904120509e-22	2.756726942505754913e-24	7.462349354906631059e-03	5.946146095642313584e-02	1.053853904357723338e-02	1.438931981927097759e-12	1.053765064376941014e-02
3.360000000000000142e+01	1.137955231272863136e-13	7.191964161231981686e-15	2.422572521674094932e-22	1.999111598278187438e-03	8.883961863276452310e-07	1.177003621942365522e-24	1.369146992514987688e-15	3.363746422922341654e-12	2.060990417799835771e-12	5.482616375931516648e-22	2.458688195085578491e-24	7.462349352908406556e-03	5.946146095455322189e-02	1.053853904544714906e-02	1.443091797698537050e-12	1.053765064575677701e-02
3.370000000000000284e+01	1.074763786579867184e-13	6.792589392288498415e-15	2.289828273732590504e-22	1.999111598586864567e-03	8.883961862896491329e-07	1.177003621891903019e-24	1.293117307312399103e-15	3.176731202663256436e-12	1.946330163129501350e-12	5.177600817826487836e-22	2.193197087309560494e-24	7.462349351022272079e-03	5.946146095278809218e-02	1.053853904721226663e-02	1.447251613469790750e-12	1.053765064763243636e-02
3.380000000000000426e+01	1.015093790766874083e-13	6.415470450083515141e-15	2.164481420950855990e-22	1.999111598878002775e-03	8.883961862534782849e-07	1.177003621843864973e-24	1.221324503436411295e-15	3.000137718382445721e-12	1.838059542969756116e-12	4.889582761966017258e-22	1.956435121117683470e-24	7.462349349239816819e-03	5.946146095111988494e-02	1.053853904888044611e-02	1.451411429240873198e-12	1.053765064940475824e-02
3.389999999999999858e+01	9.588142990285228330e-14	6.059779753389945221e-15	2.046256891751665210e-22	1.999111599152712717e-03	8.883961862192696947e-07	1.177003621798433034e-24	1.153611032776654541e-15	2.833578438328483215e-12	1.735940959039349071e-12	4.617930156970760738e-22	1.745509108495269554e-24	7.462349347557187956e-03	5.946146094954502664e-02	1.053853905045529227e-02	1.455571245011789039e-12	1.053765065107759198e-02
3.400000000000000000e+01	9.057396087969893843e-14	5.724343647733567495e-15	1.934764586677966834e-22	1.999111599411679610e-03	8.883961861868195449e-07	1.177003621755337024e-24	1.089753464643086564e-15	2.676503775565565673e-12	1.639637456011403039e-12	4.361746645009153095e-22	1.557625578115982782e-24	7.462349345968920244e-03	5.946146094805839638e-02	1.053853905194191559e-02	1.459731060782547763e-12	1.053765065265639157e-02
3.410000000000000142e+01	8.556321542087984698e-14	5.407660698644018971e-15	1.829505458706521084e-22	1.999111599656568788e-03	8.883961861562196326e-07	1.177003621714697796e-24	1.029465968284715124e-15	2.528210653169096301e-12	1.548717972840906060e-12	4.119885531217622453e-22	1.390035255744639820e-24	7.462349344468015809e-03	5.946146094665344384e-02	1.053853905334686467e-02	1.463890876553159469e-12	1.053765065414812713e-02
3.420000000000000284e+01	8.083236556381390076e-14	5.108667365982035511e-15	1.730126008200079144e-22	1.999111599887450508e-03	8.883961861270416769e-07	1.177003621675947258e-24	9.725460756733199126e-16	2.388201047250643154e-12	1.462877167797470934e-12	3.891534555248718078e-22	1.240576909802584016e-24	7.462349343049522882e-03	5.946146094532552689e-02	1.053853905467475559e-02	1.468050692323632033e-12	1.053765065555772873e-02
3.430000000000000426e+01	7.636965199619969101e-14	4.826620452188058210e-15	1.636379211037986975e-22	1.999111600105674819e-03	8.883961860995639281e-07	1.177003621639454954e-24	9.188523029674337225e-16	2.256126941084934384e-12	1.381901669563890543e-12	3.676126113516985201e-22	1.107383406131925346e-24	7.462349341709977220e-03	5.946146094407142590e-02	1.053853905592883403e-02	1.472210508093971513e-12	1.053765065688864674e-02
3.439999999999999858e+01	7.216549788514002171e-14	4.560914694073824577e-15	1.548063889747389437e-22	1.999111600310896509e-03	8.883961860733712342e-07	1.177003621604669688e-24	8.682694251372149698e-16	2.131704907695994610e-12	1.305617707189057733e-12	3.473197946074483860e-22	9.888200695650935582e-25	7.462349340446559030e-03	5.946146094288852491e-02	1.053853905711174023e-02	1.476370323864181342e-12	1.053765065814370183e-02
3.450000000000000000e+01	6.819732795044730832e-14	4.310123316634340042e-15	1.464705812629780056e-22	1.999111600504748388e-03	8.883961860485728623e-07	1.177003621571736194e-24	8.205258244869046582e-16	2.014266831129558027e-12	1.233615654426049649e-12	3.281660378223848407e-22	8.830617845983049323e-25	7.462349339252621720e-03	5.946146094177057889e-02	1.053853905822968624e-02	1.480530139634272627e-12	1.053765065932951370e-02
3.460000000000000142e+01	6.445189612440302898e-14	4.073409158236608941e-15	1.386026723771108488e-22	1.999111600687229588e-03	8.883961860248063884e-07	1.177003621540174170e-24	7.754621290672213758e-16	1.903420693570567418e-12	1.165655162578157599e-12	3.100874042016984637e-22	7.887319262268051616e-25	7.462349338124263029e-03	5.946146094071395188e-02	1.053853905928631152e-02	1.484689955404250619e-12	1.053765066044996639e-02
3.470000000000000284e+01	6.091669983166597646e-14	3.849982046536399621e-15	1.311763985564471862e-22	1.999111600860045777e-03	8.883961860024885525e-07	1.177003621510535182e-24	7.329279123633759383e-16	1.798796481634320065e-12	1.101509374032528325e-12	2.930235458052926844e-22	7.045780197625681214e-25	7.462349337057807945e-03	5.946146093971520219e-02	1.053853906028506641e-02	1.488849771174121175e-12	1.053765066150873057e-02
3.480000000000000426e+01	5.757993832108494655e-14	3.639096165017363034e-15	1.241669703399929843e-22	1.999111601023399482e-03	8.883961859813865266e-07	1.177003621482510662e-24	6.927811919584325627e-16	1.700044951260653065e-12	1.040964164941197819e-12	2.769175020893645635e-22	6.295067438741773914e-25	7.462349336049774011e-03	5.946146093877106853e-02	1.053853906122919314e-02	1.493009586943889343e-12	1.053765066250926877e-02
3.489999999999999858e+01	5.443047319853190278e-14	3.440047558635120359e-15	1.175509896590109292e-22	1.999111601176886514e-03	8.883961859610163371e-07	1.177003621455459599e-24	6.548879546783446788e-16	1.606836461829089501e-12	9.838174305159219115e-13	2.617155097814951732e-22	5.625233531565905511e-25	7.462349335096887804e-03	5.946146093787851167e-02	1.053853906212176388e-02	1.497169402713560575e-12	1.053765066345484225e-02
3.500000000000000000e+01	5.145779130206932028e-14	3.252171787499775395e-15	1.113063718500883614e-22	1.999111601322615863e-03	8.883961859420281878e-07	1.177003621430242857e-24	6.191217099193144962e-16	1.518859875836636221e-12	9.298784103127082423e-13	2.473668233959967521e-22	5.027594571867077091e-25	7.462349334196051974e-03	5.946146093703460339e-02	1.053853906296567042e-02	1.501329218483140931e-12	1.053765066434854576e-02
3.510000000000000142e+01	4.865196958032303073e-14	3.074841707161585943e-15	1.054122718762287327e-22	1.999111601459615650e-03	8.883961859237193589e-07	1.177003621405929226e-24	5.853630670768312953e-16	1.435821520328945924e-12	8.789670515148594699e-13	2.338235458559766302e-22	4.494249399205321629e-25	7.462349333344344381e-03	5.946146093623663753e-02	1.053853906376363975e-02	1.505489034252633843e-12	1.053765066519328844e-02
3.520000000000000284e+01	4.600364197487183324e-14	2.907465375552935815e-15	9.984901475776440843e-23	1.999111601588857753e-03	8.883961859062655038e-07	1.177003621382751416e-24	5.534993370864902975e-16	1.357444206546054650e-12	8.309134078789799352e-13	2.210404686029955325e-22	4.018300045508307795e-25	7.462349332539005078e-03	5.946146093548201894e-02	1.053853906451825834e-02	1.509648850022043149e-12	1.053765066599181809e-02
3.530000000000000426e+01	4.350396814352875105e-14	2.749484076275274429e-15	9.459802987033388537e-23	1.999111601711277622e-03	8.883961858898407938e-07	1.177003621360939935e-24	5.234241561136126296e-16	1.283466304666880585e-12	7.855570724578843125e-13	2.089749206916039300e-22	3.593470112049496143e-25	7.462349331777436319e-03	5.946146093476831901e-02	1.053853906523195307e-02	1.513808665791373492e-12	1.053765066674672464e-02
3.539999999999999858e+01	4.114460398282083064e-14	2.600370455597518754e-15	8.964178902240401301e-23	1.999111601826673162e-03	8.883961858741275915e-07	1.177003621340073992e-24	4.950371308903132274e-16	1.213640870480269347e-12	7.427466421255560376e-13	1.975866263445396049e-22	3.214279721713449414e-25	7.462349331057179132e-03	5.946146093409324790e-02	1.053853906590702244e-02	1.517968481560627499e-12	1.053765066746046447e-02
3.550000000000000000e+01	3.891767373471762220e-14	2.459626759579548463e-15	8.496374786075591291e-23	1.999111601935448998e-03	8.883961858590909567e-07	1.177003621320107118e-24	4.682435031135689641e-16	1.147734821003740571e-12	7.023392122072696104e-13	1.868375705151477373e-22	2.875742609609967145e-25	7.462349330375915926e-03	5.946146093345464068e-02	1.053853906654563834e-02	1.522128297329810421e-12	1.053765066813534129e-02
3.560000000000000142e+01	3.681574373988514252e-14	2.326783175257960410e-15	8.054829073479027384e-23	1.999111602037971155e-03	8.883961858446898085e-07	1.177003621300984213e-24	4.429538336537953354e-16	1.085528156544927518e-12	6.641998994201962516e-13	1.766918719823134265e-22	2.573504966025361154e-25	7.462349329731454879e-03	5.946146093285044343e-02	1.053853906714984252e-02	1.526288113098925487e-12	1.053765066877354259e-02
3.570000000000000284e+01	3.483179757026727056e-14	2.201396259005867744e-15	7.638067845832612831e-23	1.999111602134808190e-03	8.883961858309850271e-07	1.177003621282786642e-24	4.190837033589121697e-16	1.026813226206978074e-12	6.282013916644299718e-13	1.671156635863724703e-22	2.303605004870583207e-25	7.462349329121732537e-03	5.946146093227872714e-02	1.053853906772157616e-02	1.530447928867975123e-12	1.053765066937711881e-02
3.580000000000000426e+01	3.295921266014276380e-14	2.083047459597970707e-15	7.244699921921457387e-23	1.999111602226528658e-03	8.883961858180485047e-07	1.177003621265608629e-24	3.965534318876066166e-16	9.713940347734601008e-13	5.942235229926742661e-13	1.580769791648279938e-22	2.062583148823156418e-25	7.462349328544800806e-03	5.946146093173765995e-02	1.053853906826265202e-02	1.534607744636961952e-12	1.053765066994802671e-02
3.589999999999999858e+01	3.119173817581441469e-14	1.971341719557719500e-15	6.873412209089278289e-23	1.999111602313132126e-03	8.883961858057104110e-07	1.177003621249225727e-24	3.752878114453083325e-16	9.190855885440894945e-13	5.621528725296017013e-13	1.495456468577199142e-22	1.847291192368124691e-25	7.462349327998811337e-03	5.946146093122553489e-02	1.053853906877478749e-02	1.538767560405888601e-12	1.053765067048808429e-02
3.600000000000000000e+01	2.952347413471687795e-14	1.865906155469079851e-15	6.522965316856638830e-23	1.999111602394252566e-03	8.883961857936455913e-07	1.177003621233206861e-24	3.552158555527940214e-16	8.697132776673929324e-13	5.318823858604584713e-13	1.414931883903773741e-22	1.654979733351501174e-25	7.462349327482034611e-03	5.946146093074070743e-02	1.053853906925961322e-02	1.542927376174757897e-12	1.053765067099903495e-02
3.610000000000000142e+01	2.794885173731385154e-14	1.766388814937172071e-15	6.192189425305023844e-23	1.999111602470622466e-03	8.883961857820278992e-07	1.177003621217782171e-24	3.362705624065702101e-16	8.231122933264909226e-13	5.033110176313605876e-13	1.338927239995719334e-22	1.483146703248207322e-25	7.462349326992829580e-03	5.946146093028165797e-02	1.053853906971866441e-02	1.547087191943573070e-12	1.053765067148250238e-02
3.620000000000000284e+01	2.646261477301396557e-14	1.672457501428032121e-15	5.879980379077212319e-23	1.999111602543012477e-03	8.883961857710561756e-07	1.177003621203215225e-24	3.183886911615283340e-16	7.791270777140613394e-13	4.763433943014061574e-13	1.267188827197790286e-22	1.329606749176943843e-25	7.462349326529647137e-03	5.946146092984694320e-02	1.053853907015338091e-02	1.551247007712336342e-12	1.053765067194003917e-02
3.630000000000000426e+01	2.505980205488818478e-14	1.583798664129145940e-15	5.585295997493975595e-23	1.999111602611991587e-03	8.883961857608473110e-07	1.177003621189660490e-24	3.015105505917226837e-16	7.376108046094631372e-13	4.508894957706384269e-13	1.199477176905406529e-22	1.192370999777248905e-25	7.462349326091026643e-03	5.946146092943518230e-02	1.053853907056513314e-02	1.555406823481049734e-12	1.053765067237309554e-02
3.639999999999999858e+01	2.373573088413489675e-14	1.500116352891066428e-15	5.307152600987079766e-23	1.999111602676055793e-03	8.883961857506063650e-07	1.177003621176064795e-24	2.855798001407432720e-16	6.984248893182216058e-13	4.268643548586451533e-13	1.135566262131684577e-22	1.069702125658633149e-25	7.462349325675591595e-03	5.946146092904512626e-02	1.053853907095520827e-02	1.559566639249714657e-12	1.053765067278304365e-02
3.650000000000000000e+01	2.248598140708555332e-14	1.421131229578073067e-15	5.044621725025955120e-23	1.999111602737076426e-03	8.883961857410426219e-07	1.177003621163367803e-24	2.705432617107843623e-16	6.614385261059947158e-13	4.041877737006495531e-13	1.075242743071161085e-22	9.600189025309496886e-26	7.462349325282039217e-03	5.946146092867549832e-02	1.053853907132482580e-02	1.563726455018335152e-12	1.053765067317118630e-02
3.660000000000000142e+01	2.130638185402326889e-14	1.346579635150273416e-15	4.796827019282942494e-23	1.999111602795454207e-03	8.883961857322207737e-07	1.177003621151655288e-24	2.563507420614050994e-16	6.265282514860398221e-13	3.827840560391944847e-13	1.018305254949439147e-22	8.619399000337063383e-26	7.462349324909140456e-03	5.946146092832518826e-02	1.053853907167513239e-02	1.567886270786910613e-12	1.053765067353874298e-02
3.670000000000000284e+01	2.019299462661439116e-14	1.276212710378529768e-15	4.562941325064032343e-23	1.999111602849084485e-03	8.883961857230979112e-07	1.177003621139545125e-24	2.429548654184643280e-16	5.935775321127038090e-13	3.625817545224965611e-13	9.645637357967128842e-23	7.742077289071699308e-26	7.462349324555737386e-03	5.946146092799309973e-02	1.053853907200721224e-02	1.572046086555445684e-12	1.053765067388687422e-02
3.680000000000000426e+01	1.914210314924943928e-14	1.209795564839197672e-15	4.342183913213603372e-23	1.999111602901575049e-03	8.883961857151758238e-07	1.177003621129027205e-24	2.303109152741713905e-16	5.624763758328324109e-13	3.435134322311669469e-13	9.138387920677511305e-23	6.957237080318860446e-26	7.462349324220735394e-03	5.946146092767821967e-02	1.053853907232208884e-02	1.576205902323940163e-12	1.053765067421666597e-02
3.689999999999999858e+01	1.815019946430623615e-14	1.147106492925177546e-15	4.133817878288538510e-23	1.999111602948586055e-03	8.883961857064305263e-07	1.177003621117419750e-24	2.183766851377151863e-16	5.331209644851190709e-13	3.255154375640139566e-13	8.659610998005656142e-23	6.254877323642221785e-26	7.462349323903099720e-03	5.946146092737957661e-02	1.053853907262072322e-02	1.580365718092395465e-12	1.053765067452915039e-02
3.700000000000000000e+01	1.721397251215456480e-14	1.087936233133283505e-15	3.937147676579283771e-23	1.999111602995592724e-03	8.883961856992041706e-07	1.177003621107825879e-24	2.071123375244844184e-16	5.054133073225076747e-13	3.085276917650959890e-13	8.207708394009331777e-23	5.626257800659109607e-26	7.462349323601858049e-03	5.946146092709626158e-02	1.053853907290403479e-02	1.584525533860812598e-12	1.053765067482529544e-02
3.710000000000000142e+01	1.633029709231298440e-14	1.032087270400843568e-15	3.751516807211835585e-23	1.999111603037284635e-03	8.883961856910517961e-07	1.177003621097006188e-24	1.964802711406428655e-16	4.792609139330604635e-13	2.924934883608295489e-13	7.781171621138192519e-23	5.063421809491086658e-26	7.462349323316091847e-03	5.946146092682742107e-02	1.053853907317287703e-02	1.588685349629194188e-12	1.053765067510601880e-02
3.720000000000000284e+01	1.549622342553011863e-14	9.793731764212778711e-16	3.576305619491018814e-23	1.999111603078607916e-03	8.883961856840906676e-07	1.177003621087765700e-24	1.864449952978336620e-16	4.545764855078757071e-13	2.773593038769068165e-13	7.378576864975154074e-23	4.559414421484610283e-26	7.462349323044926812e-03	5.946146092657223631e-02	1.053853907342806873e-02	1.592845165397540437e-12	1.053765067537218783e-02
3.730000000000000426e+01	1.470896730610398890e-14	9.296179872630980439e-16	3.410929244226669868e-23	1.999111603116886758e-03	8.883961856770553178e-07	1.177003621078427867e-24	1.769730114294010899e-16	4.312776234199275085e-13	2.630746191776818605e-13	6.998580231561361235e-23	4.107903575983796095e-26	7.462349322787545890e-03	5.946146092632993013e-02	1.053853907367036970e-02	1.597004981165855788e-12	1.053765067562462132e-02
3.739999999999999858e+01	1.396590080956265143e-14	8.826556160882347328e-16	3.254835641727624126e-23	1.999111603152526652e-03	8.883961856700543787e-07	1.177003621069136503e-24	1.680327012885337083e-16	4.092865541902853852e-13	2.495917508300246520e-13	6.639913261393713489e-23	3.703353254601556004e-26	7.462349322543177128e-03	5.946146092609979478e-02	1.053853907390050679e-02	1.601164796934135798e-12	1.053765067586408949e-02
3.750000000000000000e+01	1.326454352136347285e-14	8.383292987990810369e-16	3.107503759242353636e-23	1.999111603188163944e-03	8.883961856641919578e-07	1.177003621061354546e-24	1.595942214151058266e-16	3.885298698572574717e-13	2.368656919294044186e-13	6.301378695132839140e-23	3.340722698349527792e-26	7.462349322311085872e-03	5.946146092588112941e-02	1.053853907411916348e-02	1.605324612702387939e-12	1.053765067609132092e-02
3.760000000000000142e+01	1.260255425172695267e-14	7.964910704096705115e-16	2.968441790519217733e-23	1.999111603219620552e-03	8.883961856575471961e-07	1.177003621052537053e-24	1.516294034515277412e-16	3.689382829241734816e-13	2.248539618645959532e-13	5.981846477082571763e-23	3.015603798958579269e-26	7.462349322090586906e-03	5.946146092567331648e-02	1.053853907432698161e-02	1.609484428470610394e-12	1.053765067630699735e-02
3.770000000000000284e+01	1.197772322726895834e-14	7.570012715508257385e-16	2.837185535529707444e-23	1.999111603249575323e-03	8.883961856512498238e-07	1.177003621044180207e-24	1.441116601952521072e-16	3.504463950829720974e-13	2.135164645067715797e-13	5.680249982793235042e-23	2.723982328503236412e-26	7.462349321881027973e-03	5.946146092547572454e-02	1.053853907452457356e-02	1.613644244238802153e-12	1.053765067651177105e-02
3.780000000000000426e+01	1.138796471186705992e-14	7.197280821032822574e-16	2.713296850356203200e-23	1.999111603279529227e-03	8.883961856459102340e-07	1.177003621037093261e-24	1.370158968156826446e-16	3.329924789137687103e-13	2.028153543692131105e-13	5.395582458680001599e-23	2.462346940117804943e-26	7.462349321681798452e-03	5.946146092528778460e-02	1.053853907471251003e-02	1.617804060006967254e-12	1.053765067670625437e-02
3.789999999999999858e+01	1.083131004374578657e-14	6.845470811361209109e-16	2.596362184514200772e-23	1.999111603307004645e-03	8.883961856403740266e-07	1.177003621029746238e-24	1.303184270788706513e-16	3.165182718278315304e-13	1.927149102785705709e-13	5.126893661464776665e-23	2.227499614774772405e-26	7.462349321492312872e-03	5.946146092510894848e-02	1.053853907489133053e-02	1.621963875775107314e-12	1.053765067689102150e-02
3.800000000000000000e+01	1.030590106464003596e-14	6.513408316248816881e-16	2.485991200638649267e-23	1.999111603331273426e-03	8.883961856342664956e-07	1.177003621021643225e-24	1.239968942895636872e-16	3.009687815929000208e-13	1.831814161351849911e-13	4.873286686201413232e-23	2.016642134675573912e-26	7.462349321312028265e-03	5.946146092493873742e-02	1.053853907506154854e-02	1.626123691543220111e-12	1.053765067706661888e-02
3.810000000000000142e+01	9.809983916739799786e-15	6.199984884137029684e-16	2.381815471428251793e-23	1.999111603355542641e-03	8.883961856289641752e-07	1.177003621014607340e-24	1.180301966582602997e-16	2.862921027480525602e-13	1.741830483634098947e-13	4.633914972264646431e-23	1.827225600499220619e-26	7.462349321140426817e-03	5.946146092477662404e-02	1.053853907522364977e-02	1.630283507311305644e-12	1.053765067723356347e-02
3.820000000000000284e+01	9.341903188564531131e-15	5.904154282301116453e-16	2.283487249886900577e-23	1.999111603379811423e-03	8.883961856244227022e-07	1.177003621008580544e-24	1.123984168664678296e-16	2.724392433547127470e-13	1.656897696835995810e-13	4.407979477506848983e-23	1.657019027979716831e-26	7.462349320977021069e-03	5.946146092462219895e-02	1.053853907537809047e-02	1.634443323079367954e-12	1.053765067739233924e-02
3.830000000000000426e+01	8.900096388681968303e-15	5.624929004198088629e-16	2.190678308435621330e-23	1.999111603402170707e-03	8.883961856197500449e-07	1.177003621002379995e-24	1.070827555764621068e-16	2.593639614439150081e-13	1.576732288436712114e-13	4.194726010948473518e-23	1.503989878751127004e-26	7.462349320821349587e-03	5.946146092447497644e-02	1.053853907552529910e-02	1.638603138847410473e-12	1.053765067754340590e-02
3.840000000000000568e+01	8.483088730283491158e-15	5.361376973278494399e-16	2.103078843325338526e-23	1.999111603420753933e-03	8.883961856140772535e-07	1.177003620994855178e-24	1.020654686811662184e-16	2.470226106686976375e-13	1.501066659816527720e-13	3.993442715263083018e-23	1.366358472415552155e-26	7.462349320672982157e-03	5.946146092433460956e-02	1.053853907566567813e-02	1.642762954615427546e-12	1.053765067768719539e-02
3.850000000000000000e+01	8.089488209890879196e-15	5.112618432691304217e-16	2.020396440837396511e-23	1.999111603439337158e-03	8.883961856090433367e-07	1.177003620988176901e-24	9.732980809290892234e-17	2.353739946212463261e-13	1.429648233026254710e-13	3.803457690636265643e-23	1.242503136638246212e-26	7.462349320531506784e-03	5.946146092420066115e-02	1.053853907579961439e-02	1.646922770383419174e-12	1.053765067782411885e-02
3.860000000000000142e+01	7.717980954414190966e-15	4.877823004588948741e-16	1.942355099853401098e-23	1.999111603457920383e-03	8.883961856046132485e-07	1.177003620982299796e-24	9.285996576089229849e-17	2.243792292568995138e-13	1.362238607582883784e-13	3.624136751690413686e-23	1.131003362650745418e-26	7.462349320396536624e-03	5.946146092407280509e-02	1.053853907592747045e-02	1.651082586151388385e-12	1.053765067795455791e-02
3.870000000000000284e+01	7.367326842959647875e-15	4.656206923076296955e-16	1.868694312142974025e-23	1.999111603476504042e-03	8.883961856007527900e-07	1.177003620977177396e-24	8.864102099434833449e-17	2.140016131570700601e-13	1.298612764661707876e-13	3.454881310514786753e-23	1.030564499891650097e-26	7.462349320267703916e-03	5.946146092395068056e-02	1.053853907604958458e-02	1.655242401919338412e-12	1.053765067807887687e-02
3.880000000000000426e+01	7.036355362994508760e-15	4.447030415275216144e-16	1.799168191881551423e-23	1.999111603494885172e-03	8.883961855973403060e-07	1.177003620972648988e-24	8.465889060539951245e-17	2.042065049907774584e-13	1.238558316016741472e-13	3.295126378659993142e-23	9.400519827630430677e-27	7.462349320144667786e-03	5.946146092383399612e-02	1.053853907616628116e-02	1.659402217687271475e-12	1.053765067819742093e-02
3.890000000000000568e+01	6.723961706850398086e-15	4.249595234284702483e-16	1.733544655654502380e-23	1.999111603507782841e-03	8.883961855919989162e-07	1.177003620965565165e-24	8.090028194358158673e-17	1.949612078988307663e-13	1.181874795009235749e-13	3.144338681160969024e-23	8.584315373970811808e-27	7.462349320027102106e-03	5.946146092372239789e-02	1.053853907627785857e-02	1.663562033455184342e-12	1.053765067831051797e-02
3.900000000000000000e+01	6.429103078382037331e-15	4.063242324960995176e-16	1.671604646611307167e-23	1.999111603520680510e-03	8.883961855871364177e-07	1.177003620959116660e-24	7.735264845888512534e-17	1.862348603373090608e-13	1.128372987487292877e-13	3.002014876554684683e-23	7.847963239287812121e-27	7.462349319914698097e-03	5.946146092361564994e-02	1.053853907638461172e-02	1.667721849223072775e-12	1.053765067841846634e-02
3.910000000000000142e+01	6.150795216566038535e-15	3.887349626805340246e-16	1.613141404186437430e-23	1.999111603533578179e-03	8.883961855827257054e-07	1.177003620953266739e-24	7.400414787493834026e-17	1.779983330607339743e-13	1.077874300116423716e-13	2.867679876541344787e-23	7.183194588702250358e-27	7.462349319807166058e-03	5.946146092351343310e-02	1.053853907648680949e-02	1.671881664990940406e-12	1.053765067852155748e-02
3.920000000000000284e+01	5.888109105894936178e-15	3.721329994907889510e-16	1.557959773063248069e-23	1.999111603546475848e-03	8.883961855787418977e-07	1.177003620947983075e-24	7.084360260964662510e-17	1.702241318634447381e-13	1.030210164195187215e-13	2.740885260027162090e-23	6.582755375803449851e-27	7.462349319704235373e-03	5.946146092341553918e-02	1.053853907658470514e-02	1.676041480758787641e-12	1.053765067862006549e-02
3.930000000000000426e+01	5.640167879065852894e-15	3.564629242423177314e-16	1.505875552531670367e-23	1.999111603559373517e-03	8.883961855751612777e-07	1.177003620943233527e-24	6.786046250944979960e-17	1.628863058315279588e-13	9.852214729605123469e-14	2.621207776268276970e-23	6.040029331953565360e-27	7.462349319605646701e-03	5.946146092332171840e-02	1.053853907667854327e-02	1.680201296526617306e-12	1.053765067871424363e-02
3.940000000000000568e+01	5.406143888398599753e-15	3.416724289683979115e-16	1.456714881290385866e-23	1.999111603572271186e-03	8.883961855719601284e-07	1.177003620938987238e-24	6.504476961367342609e-17	1.559603607079682905e-13	9.427580505106990320e-14	2.508247932113759910e-23	5.549208611904613426e-27	7.462349319511156313e-03	5.946146092323168625e-02	1.053853907676855287e-02	1.684361112294431017e-12	1.053765067880434517e-02
3.950000000000000000e+01	5.185255942845229703e-15	3.277121417970170203e-16	1.410313657034251101e-23	1.999111603585168855e-03	8.883961855691181211e-07	1.177003620935217023e-24	6.238712491121592531e-17	1.494231771266909712e-13	9.026781505007486968e-14	2.401628658450547489e-23	5.104994390970866418e-27	7.462349319420530890e-03	5.946146092314530396e-02	1.053853907685494730e-02	1.688520928062230188e-12	1.053765067889058694e-02
3.960000000000000142e+01	4.976766700566279474e-15	3.145354621596978870e-16	1.366516988720824999e-23	1.999111603596159196e-03	8.883961855657674705e-07	1.177003620930773103e-24	5.987865696895962644e-17	1.432529334402865874e-13	8.648479829797940398e-14	2.300994051511889317e-23	4.702732148128491679e-27	7.462349319333556191e-03	5.946146092306233560e-02	1.053853907693792606e-02	1.692680743830016636e-12	1.053765067897319101e-02
3.970000000000000284e+01	4.779980207580771845e-15	3.020984052322921330e-16	1.325178679522749889e-23	1.999111603603371309e-03	8.883961855610571203e-07	1.177003620924528106e-24	5.751099231768780127e-17	1.374290328752592979e-13	8.291412677850016911e-14	2.206008184829993547e-23	4.338173885653556560e-27	7.462349319250028389e-03	5.946146092298257302e-02	1.053853907701768518e-02	1.696840559597783092e-12	1.053765067905236379e-02
3.980000000000000426e+01	4.594239574659968174e-15	2.903594551128891493e-16	1.286160738821157590e-23	1.999111603610583422e-03	8.883961855566485256e-07	1.177003620918683144e-24	5.527622750130201171e-17	1.319320347805463609e-13	7.954388130109344923e-14	2.116353987893702697e-23	4.007585358929751871e-27	7.462349319169750590e-03	5.946146092290584967e-02	1.053853907709440332e-02	1.701000375365527534e-12	1.053765067912829263e-02
3.990000000000000568e+01	4.418924784517730234e-15	2.792794262345671482e-16	1.249332921567639091e-23	1.999111603617795534e-03	8.883961855525246398e-07	1.177003620913215442e-24	5.316690269372100980e-17	1.267435897309196670e-13	7.636281171342165198e-14	2.031732187733120678e-23	3.707557220731163315e-27	7.462349319092544987e-03	5.946146092283197820e-02	1.053853907716824877e-02	1.705160191133252388e-12	1.053765067920116490e-02
4.000000000000000000e+01	4.253450622201517130e-15	2.688213325645214310e-16	1.214572293528714057e-23	1.999111603625007647e-03	8.883961855486702164e-07	1.177003620908105164e-24	5.117597679808615783e-17	1.218463782772077306e-13	7.336029934770582271e-14	1.951860309929516492e-23	3.435090001513492821e-27	7.462349319018237240e-03	5.946146092276084760e-02	1.053853907723938631e-02	1.709320006900958259e-12	1.053765067927115058e-02
4.010000000000000142e+01	4.097264721554155163e-15	2.589502641389513196e-16	1.181762820912292039e-23	1.999111603632219760e-03	8.883961855450694793e-07	1.177003620903331371e-24	4.929680394248817182e-17	1.172240531306886050e-13	7.052632157452853636e-14	1.876471735686826931e-23	3.187444098995041861e-27	7.462349318946663417e-03	5.946146092269228439e-02	1.053853907730796687e-02	1.713479822668646964e-12	1.053765067933840754e-02
4.020000000000000284e+01	3.949845721399040931e-15	2.496332705325556372e-16	1.150794983043401775e-23	1.999111603639431873e-03	8.883961855417074996e-07	1.177003620898873860e-24	4.752311129584768419e-17	1.128611845961051787e-13	6.785141834667194841e-14	1.805314811841516498e-23	2.962207113057770939e-27	7.462349318877669994e-03	5.946146092262608734e-02	1.053853907737413616e-02	1.717639638436319514e-12	1.053765067940309365e-02
4.030000000000000426e+01	3.810701525169425922e-15	2.408392508657700331e-16	1.121565406770075113e-23	1.999111603646643986e-03	8.883961855385723131e-07	1.177003620894716835e-24	4.584897812839739676e-17	1.087432090647878418e-13	6.532666062055919142e-14	1.738152010819794458e-23	2.757174679131167718e-27	7.462349318811112991e-03	5.946146092256218707e-02	1.053853907743802082e-02	1.721799454203976715e-12	1.053765067946535461e-02
4.040000000000000568e+01	3.679367658281890232e-15	2.325388499895145969e-16	1.093976521402047449e-23	1.999111603653856099e-03	8.883961855356506847e-07	1.177003620890843030e-24	4.426881604818769900e-17	1.048563804012314458e-13	6.294362055051279205e-14	1.674759137754807115e-23	2.570403810587264675e-27	7.462349318746855364e-03	5.946146092250046561e-02	1.053853907749975963e-02	1.725959269971619578e-12	1.053765067952531879e-02
4.050000000000000000e+01	3.555405717650357978e-15	2.247043604932912770e-16	1.067936233005122712e-23	1.999111603661068211e-03	8.883961855329298031e-07	1.177003620887235548e-24	4.277735034619403480e-17	1.011877240564378752e-13	6.069434335580517087e-14	1.614924582102830849e-23	2.400118223827762589e-27	7.462349318684769611e-03	5.946146092244075643e-02	1.053853907755947228e-02	1.730119085739248910e-12	1.053765067958312152e-02
4.060000000000000142e+01	3.438401908278629845e-15	2.173096302167141349e-16	1.043357616987849407e-23	1.999111603668280324e-03	8.883961855303998216e-07	1.177003620883881164e-24	4.136960238912222720e-17	9.772499375868132367e-14	5.857132076706813574e-14	1.558448611273135824e-23	2.244750585989258537e-27	7.462349318624732566e-03	5.946146092238299014e-02	1.053853907761726459e-02	1.734278901506866126e-12	1.053765067963888247e-02
4.070000000000000284e+01	3.327965661985944225e-15	2.103299749519055789e-16	1.020158627941612851e-23	1.999111603675492437e-03	8.883961855280485640e-07	1.177003620880763349e-24	4.004087300040842673e-17	9.445663063372778250e-14	5.656746596299103325e-14	1.505142703902026151e-23	2.102867289029042515e-27	7.462349318566627136e-03	5.946146092232702102e-02	1.053853907767325626e-02	1.738438717274472032e-12	1.053765067969270920e-02
4.080000000000000426e+01	3.223728333636594273e-15	2.037420960442120750e-16	9.982618257617632118e-24	1.999111603682704550e-03	8.883961855258665012e-07	1.177003620877869980e-24	3.878672677372080002e-17	9.137172462096739746e-14	5.467608991401515585e-14	1.454828920555292863e-23	1.973201901443820506e-27	7.462349318510348370e-03	5.946146092227271029e-02	1.053853907772753749e-02	1.742598533042068245e-12	1.053765067974473009e-02
4.090000000000000568e+01	3.125341970583456966e-15	1.975240026200923357e-16	9.775941171485491430e-24	1.999111603689916663e-03	8.883961855238438924e-07	1.177003620875188200e-24	3.760297726734420870e-17	8.845997805422897457e-14	5.289087905373619697e-14	1.407339309749994798e-23	1.854595387845278441e-27	7.462349318455793919e-03	5.946146092222002327e-02	1.053853907778020890e-02	1.746758348809655370e-12	1.053765067979502840e-02
4.100000000000000000e+01	3.032478151185968615e-15	1.916549381805651352e-16	9.580865116183073975e-24	1.999111603697128776e-03	8.883961855219726908e-07	1.177003620872706805e-24	3.648567302964432278e-17	8.571167128782068857e-14	5.120587420376609294e-14	1.362515347320358674e-23	1.746022588224610054e-27	7.462349318402864036e-03	5.946146092216886281e-02	1.053853907783136069e-02	1.750918164577233407e-12	1.053765067984371168e-02
4.110000000000000142e+01	2.944826888498119215e-15	1.861153113134510765e-16	9.396738912039384682e-24	1.999111603699594251e-03	8.883961855181347845e-07	1.177003620867620037e-24	3.543108440863384802e-17	8.311763025113659631e-14	4.961545068147329508e-14	1.320207407250204287e-23	1.646544704465398882e-27	7.462349318351468516e-03	5.946146092211915951e-02	1.053853907788107266e-02	1.755077980344797914e-12	1.053765067989085799e-02
4.120000000000000284e+01	2.862095595498583076e-15	1.808866302951254442e-16	9.222947930862512000e-24	1.999111603701125145e-03	8.883961855140161927e-07	1.177003620862161702e-24	3.443569110199181932e-17	8.066919582524955514e-14	4.811429952438331999e-14	1.280274262210405103e-23	1.555330253370212502e-27	7.462349318301519756e-03	5.946146092207080930e-02	1.053853907792942808e-02	1.759237796112342428e-12	1.053765067993656102e-02
4.130000000000000426e+01	2.784008108447573011e-15	1.759514413659236684e-16	9.058912044318185331e-24	1.999111603702651702e-03	8.883961855100223264e-07	1.177003620856868672e-24	3.349617040644279022e-17	7.835819493771766137e-14	4.669740976836720632e-14	1.242582612128969323e-23	1.471617296586794795e-27	7.462349318252939692e-03	5.946146092202374278e-02	1.053853907797651368e-02	1.763397611879868161e-12	1.053765067998090228e-02
4.140000000000000568e+01	2.710303764979339334e-15	1.712932704648820636e-16	8.904083687311342635e-24	1.999111603704178258e-03	8.883961855061486330e-07	1.177003620851734700e-24	3.260938612569576763e-17	7.617691328055796816e-14	4.536005172071984389e-14	1.207006639226703744e-23	1.394730014428231573e-27	7.462349318205648528e-03	5.946146092197789751e-02	1.053853907802238671e-02	1.767557427647375315e-12	1.053765068002395985e-02
4.150000000000000000e+01	2.640736534031387893e-15	1.668965682405982343e-16	8.757946030257727607e-24	1.999111603705704815e-03	8.883961855023874891e-07	1.177003620846750237e-24	3.177237810206389366e-17	7.411806955891031594e-14	4.409776117198213006e-14	1.173427588025210804e-23	1.324048675413196617e-27	7.462349318159579477e-03	5.946146092193318328e-02	1.053853907806712696e-02	1.771717243414864293e-12	1.053765068006579791e-02
4.160000000000000142e+01	2.575074194554311226e-15	1.627466581450641023e-16	8.620011253825900813e-24	1.999111603707231372e-03	8.883961854987329654e-07	1.177003620841907016e-24	3.098235233499507550e-17	7.217479118579178727e-14	4.290632449410969493e-14	1.141733368933082402e-23	1.259022740590224172e-27	7.462349318114658812e-03	5.946146092188953070e-02	1.053853907811078822e-02	1.775877059182336509e-12	1.053765068010649453e-02
4.170000000000000284e+01	2.513097560343204782e-15	1.588296874424181991e-16	8.489818920565398056e-24	1.999111603708757928e-03	8.883961854951791328e-07	1.177003620837197325e-24	3.023667165452105062e-17	7.034059134056288455e-14	4.178176457498375410e-14	1.111818184080247255e-23	1.199146981619128980e-27	7.462349318070819748e-03	5.946146092184684262e-02	1.053853907815342772e-02	1.780036874949791358e-12	1.053765068014611388e-02
4.180000000000000426e+01	2.454599748373176464e-15	1.551325809671901578e-16	8.366934437922531827e-24	1.999111603710284485e-03	8.883961854917196385e-07	1.177003620832612529e-24	2.953284691813211145e-17	6.860934731572164264e-14	4.072032754255704215e-14	1.083582174157920065e-23	1.143971836860895112e-27	7.462349318028007640e-03	5.946146092180513293e-02	1.053853907819512180e-02	1.784196690717230052e-12	1.053765068018470280e-02
4.190000000000000568e+01	2.399385488209459047e-15	1.516429974784911035e-16	8.250947607540287551e-24	1.999111603711811042e-03	8.883961854883500356e-07	1.177003620828147120e-24	2.886852870184668036e-17	6.697528007844733234e-14	3.971847023405661884e-14	1.056931085078331419e-23	1.093084414639653967e-27	7.462349317986165242e-03	5.946146092176432529e-02	1.053853907823590515e-02	1.788356506484652589e-12	1.053765068022233763e-02
4.200000000000000000e+01	2.347270470186437703e-15	1.483492884644293591e-16	8.141471255998864987e-24	1.999111603713337598e-03	8.883961854850656653e-07	1.177003620823794669e-24	2.824149945773465825e-17	6.543293498006843874e-14	3.877284836867865011e-14	1.031775953348531551e-23	1.046116672968906511e-27	7.462349317945231840e-03	5.946146092172437808e-02	1.053853907827583328e-02	1.792516322252059172e-12	1.053765068025905999e-02
4.210000000000000142e+01	2.298080730151277024e-15	1.452404592574372036e-16	8.038139942366285452e-24	1.999111603714864155e-03	8.883961854818613397e-07	1.177003620819547828e-24	2.764966611137302170e-17	6.397716354774291453e-14	3.788030538407322694e-14	1.008032809102088804e-23	1.002730304664597159e-27	7.462349317905161462e-03	5.946146092168524966e-02	1.053853907831495997e-02	1.796676138019450811e-12	1.053765068029492019e-02
4.220000000000000284e+01	2.251652068770120328e-15	1.423061323339779809e-16	7.940608738353501661e-24	1.999111603716390712e-03	8.883961854787312353e-07	1.177003620815400170e-24	2.709105307514574551e-17	6.260310629855733632e-14	3.703786189948765925e-14	9.856223958010062598e-24	9.626231940623144847e-28	7.462349317865900333e-03	5.946146092164686370e-02	1.053853907835333378e-02	1.800835953786827708e-12	1.053765068032997201e-02
4.230000000000000426e+01	2.207829503409224430e-15	1.395365126730147311e-16	7.848552076898621922e-24	1.999111603717917268e-03	8.883961854756732346e-07	1.177003620811347653e-24	2.656379565347388005e-17	6.130617651814575406e-14	3.624270577035699029e-14	9.644699056710877784e-24	9.255173872029914871e-28	7.462349317827410289e-03	5.946146092160923408e-02	1.053853907839098596e-02	1.804995769554190065e-12	1.053765068036426403e-02
4.240000000000000568e+01	2.166466750801008251e-15	1.369223550601081780e-16	7.761662665420024472e-24	1.999111603719443825e-03	8.883961854726826789e-07	1.177003620807384768e-24	2.606613381843851569e-17	6.008204494991161038e-14	3.549218270114140315e-14	9.445047299876496252e-24	8.911641848851309251e-28	7.462349317789641889e-03	5.946146092157225671e-02	1.053853907842795465e-02	1.809155585321538487e-12	1.053765068039782746e-02
4.250000000000000000e+01	2.127425738725924081e-15	1.344549332253376294e-16	7.679650460022077681e-24	1.999111603720970382e-03	8.883961854697561801e-07	1.177003620803506738e-24	2.559640633451189140e-17	5.892662534353813548e-14	3.478378738506214017e-14	9.256602233775743060e-24	8.593345650494259862e-28	7.462349317752559573e-03	5.946146092153593854e-02	1.053853907846428149e-02	1.813315401088872772e-12	1.053765068043070914e-02
4.260000000000000142e+01	2.090576145124674778e-15	1.321260107148403538e-16	7.602241697322923317e-24	1.999111603722496938e-03	8.883961854668887618e-07	1.177003620799706769e-24	2.515304521332051167e-17	5.783606081484715619e-14	3.411515514120067356e-14	9.078734813520986011e-24	8.298231969505058065e-28	7.462349317716120839e-03	5.946146092150022405e-02	1.053853907850001680e-02	1.817475216856193528e-12	1.053765068046294377e-02
4.270000000000000284e+01	2.055794963070862465e-15	1.299278133967502287e-16	7.529177980606430835e-24	1.999111603724023495e-03	8.883961854640775653e-07	1.177003620795981738e-24	2.473457047955178612e-17	5.680671097112401663e-14	3.348405402098377139e-14	8.910851303260420179e-24	8.024408130744972577e-28	7.462349317680294462e-03	5.946146092146507856e-02	1.053853907853517964e-02	1.821635032623502772e-12	1.053765068049458513e-02
4.280000000000000426e+01	2.022966090159253788e-15	1.278530035102215847e-16	7.460215417263249182e-24	1.999111603725550051e-03	8.883961854613204731e-07	1.177003620792328154e-24	2.433958523062056352e-17	5.583513975924263947e-14	3.288837735777427733e-14	8.752391294243853676e-24	7.770173700778607767e-28	7.462349317645039677e-03	5.946146092143046735e-02	1.053853907856979952e-02	1.825794848390798889e-12	1.053765068052564882e-02
4.290000000000000568e+01	1.991979940959219055e-15	1.258946551721902516e-16	7.395123804684147360e-24	1.999111603727076608e-03	8.883961854586134616e-07	1.177003620788741060e-24	2.396677097384761061e-17	5.491810399583850155e-14	3.232613673463509989e-14	8.602825834129873174e-24	7.533959709082219640e-28	7.462349317610326993e-03	5.946146092139637657e-02	1.053853907860391459e-02	1.829954664158082486e-12	1.053765068055617128e-02
4.300000000000000000e+01	1.962733081193525727e-15	1.240462312571935016e-16	7.333685861791106187e-24	1.999111603728603165e-03	8.883961854559546252e-07	1.177003620785217699e-24	2.361488322502983592e-17	5.405254254129518384e-14	3.179545534684800864e-14	8.461655661303975231e-24	7.314353512768681012e-28	7.462349317576129522e-03	5.946146092136275763e-02	1.053853907863754567e-02	1.834114479925353562e-12	1.053765068058617853e-02
4.310000000000000142e+01	1.935127882476039866e-15	1.223015615765282151e-16	7.275696503755850637e-24	1.999111603730129721e-03	8.883961854533402580e-07	1.177003620781753481e-24	2.328274735436782830e-17	5.323556608136590841e-14	3.129456173696823155e-14	8.328409538297900858e-24	7.110050347147233602e-28	7.462349317542411702e-03	5.946146092132959665e-02	1.053853907867072920e-02	1.838274295692612117e-12	1.053765068061570179e-02
4.320000000000000284e+01	1.909072196415703661e-15	1.206548222813733312e-16	7.220962157400494582e-24	1.999111603731656278e-03	8.883961854507673955e-07	1.177003620778344363e-24	2.296925466540159827e-17	5.246444748248640639e-14	3.082178388156787265e-14	8.202642678763870635e-24	6.919872861856184117e-28	7.462349317509149246e-03	5.946146092129686589e-02	1.053853907870349639e-02	1.842434111459858555e-12	1.053765068064477228e-02
4.330000000000000426e+01	1.884479047025980562e-15	1.191005164228311742e-16	7.169300115051904476e-24	1.999111603733182835e-03	8.883961854482349787e-07	1.177003620774988511e-24	2.267335869419109807e-17	5.173661268834015923e-14	3.037554360988553775e-14	8.083935262741680186e-24	6.742732479940731087e-28	7.462349317476320472e-03	5.946146092126454452e-02	1.053853907873585592e-02	1.846593927227093280e-12	1.053765068067342471e-02
4.340000000000000568e+01	1.861266340384231504e-15	1.176334556021777555e-16	7.120537924632427896e-24	1.999111603734709391e-03	8.883961854457400432e-07	1.177003620771682433e-24	2.239407171604171938e-17	5.104963212746210432e-14	2.995435133576486796e-14	7.971891035265604739e-24	6.577644726338041786e-28	7.462349317443899357e-03	5.946146092123259785e-02	1.053853907876783728e-02	1.850753742994315889e-12	1.053765068070166948e-02
4.350000000000000000e+01	1.839356590592415013e-15	1.162487426513695347e-16	7.074512813994308008e-24	1.999111603736235948e-03	8.883961854432812124e-07	1.177003620768424293e-24	2.213046144836154470e-17	5.040121260308876390e-14	2.955680108528659631e-14	7.866135983630912904e-24	6.423698392193686593e-28	7.462349317411858148e-03	5.946146092120097731e-02	1.053853907879944915e-02	1.854913558761527188e-12	1.053765068072952914e-02
4.360000000000000142e+01	1.818676661134091298e-15	1.149417552866081351e-16	7.031071147596615808e-24	1.999111603737762505e-03	8.883961854408548865e-07	1.177003620765209500e-24	2.188164793876141242e-17	4.978918963836979926e-14	2.918156580352809891e-14	7.766317088913123031e-24	6.280067543329544248e-28	7.462349317380181229e-03	5.946146092116966209e-02	1.053853907883072621e-02	1.859073374528726774e-12	1.053765068075702971e-02
4.370000000000000284e+01	1.799157520730474435e-15	1.137081306782561172e-16	6.990067913639859599e-24	1.999111603739289061e-03	8.883961854384606420e-07	1.177003620762036951e-24	2.164680062760229588e-17	4.921152025108838365e-14	2.882739292473761884e-14	7.672101147559747359e-24	6.145986897615253275e-28	7.462349317348846919e-03	5.946146092113867299e-02	1.053853907886168235e-02	1.863233190295915455e-12	1.053765068078418334e-02
4.380000000000000426e+01	1.780734012906247701e-15	1.125437508872199688e-16	6.951366240000273643e-24	1.999111603740815618e-03	8.883961854360967848e-07	1.177003620758904809e-24	2.142513557549364862e-17	4.866627613404506015e-14	2.849310019116668646e-14	7.583173659129364647e-24	6.020761215387993725e-28	7.462349317317837002e-03	5.946146092110798920e-02	1.053853907889233492e-02	1.867393006063092423e-12	1.053765068081101430e-02
4.390000000000000568e+01	1.763344638507014992e-15	1.114447291198866519e-16	6.914836937371166027e-24	1.999111603742342175e-03	8.883961854337613032e-07	1.177003620755810320e-24	2.121591284662123755e-17	4.815163721823500313e-14	2.817757170659941286e-14	7.499237776464305485e-24	5.903745624518954963e-28	7.462349317287125458e-03	5.946146092107759684e-02	1.053853907892269952e-02	1.871552821830258890e-12	1.053765068083753996e-02
4.400000000000000000e+01	1.746931350386509621e-15	1.104073967521983347e-16	6.880358067968927937e-24	1.999111603743868731e-03	8.883961854314518679e-07	1.177003620752750361e-24	2.101843403849713725e-17	4.766588559728762757e-14	2.787975421141130244e-14	7.420013314793249789e-24	5.794352948146294597e-28	7.462349317256702745e-03	5.946146092104746123e-02	1.053853907895280391e-02	1.875712637597414047e-12	1.053765068086377592e-02
4.410000000000000142e+01	1.731439359665332570e-15	1.094282910850563187e-16	6.847814538546946628e-24	1.999111603745395288e-03	8.883961854291667847e-07	1.177003620749722729e-24	2.083203995093419858e-17	4.720739979295216158e-14	2.759865356668330517e-14	7.345235816446876396e-24	5.692037971020815433e-28	7.462349317226551516e-03	5.946146092101758929e-02	1.053853907898266370e-02	1.879872453364558703e-12	1.053765068088975167e-02
4.420000000000000284e+01	1.716816952820748394e-15	1.085041437842559706e-16	6.817097716161988847e-24	1.999111603746921845e-03	8.883961854269056303e-07	1.177003620746726871e-24	2.065610838533593538e-17	4.677464934250728850e-14	2.733333143570732040e-14	7.274655668082169403e-24	5.596303143913797927e-28	7.462349317196657894e-03	5.946146092098796021e-02	1.053853907901227890e-02	1.884032269131692858e-12	1.053765068091547935e-02
4.430000000000000426e+01	1.703015319076489478e-15	1.076318699713905484e-16	6.788105065577494401e-24	1.999111603748448401e-03	8.883961854246672399e-07	1.177003620743760768e-24	2.049005206791242560e-17	4.636618968989810306e-14	2.708290215172550342e-14	7.208037267448639211e-24	5.506685990875722707e-28	7.462349317167008000e-03	5.946146092095856012e-02	1.053853907904166859e-02	1.888192084898816512e-12	1.053765068094096417e-02
4.440000000000000568e+01	1.689988387463073588e-15	1.068085579259384249e-16	6.760739806981381075e-24	1.999111603749974958e-03	8.883961854224501311e-07	1.177003620740822951e-24	2.033331668924837049e-17	4.598065736374065700e-14	2.684652976151172301e-14	7.145158236931185709e-24	5.422763537466540950e-28	7.462349317137587958e-03	5.946146092092936819e-02	1.053853907907084490e-02	1.892351900665929664e-12	1.053765068096622001e-02
4.450000000000000000e+01	1.677692673023159895e-15	1.060314593653238226e-16	6.734910592914561394e-24	1.999111603751501515e-03	8.883961854202527159e-07	1.177003620737911582e-24	2.018537905390097047e-17	4.561676542589808969e-14	2.662342523488848709e-14	7.085808681234572822e-24	5.344142222307568400e-28	7.462349317108375214e-03	5.946146092090037749e-02	1.053853907909981825e-02	1.896511716433031911e-12	1.053765068099125901e-02
4.460000000000000142e+01	1.666087131670241138e-15	1.052979802718755729e-16	6.710531203377255536e-24	1.999111603753028071e-03	8.883961854180744648e-07	1.177003620735025743e-24	2.004574533411172185e-17	4.527329917563096174e-14	2.641284383087937675e-14	7.029790486735949610e-24	5.270461323317152375e-28	7.462349317079368036e-03	5.946146092087157414e-02	1.053853907912860079e-02	1.900671532200124465e-12	1.053765068101609505e-02
4.470000000000000284e+01	1.655133023165072245e-15	1.046056722328320058e-16	6.687520257987928970e-24	1.999111603754554628e-03	8.883961854159136837e-07	1.177003620732162864e-24	1.991394942118775399e-17	4.494911209478359656e-14	2.621408261170994564e-14	6.976916660167012860e-24	5.201384867138003736e-28	7.462349317050553411e-03	5.946146092084296508e-02	1.053853907915720985e-02	1.904831347967206921e-12	1.053765068104073853e-02
4.480000000000000426e+01	1.644793781808973387e-15	1.039522242680590815e-16	6.665800944352867291e-24	1.999111603756081185e-03	8.883961854137702669e-07	1.177003620729322575e-24	1.978955136973000575e-17	4.464312202062708366e-14	2.602647809633555846e-14	6.927010704413170812e-24	5.136604269679882601e-28	7.462349317021919198e-03	5.946146092081451562e-02	1.053853907918564370e-02	1.908991163734279280e-12	1.053765068106519986e-02
4.490000000000000568e+01	1.635034894376207225e-15	1.033354551152831700e-16	6.645300761642624841e-24	1.999111603757607741e-03	8.883961854116426260e-07	1.177003620726503960e-24	1.967213592895924484e-17	4.435430753350878463e-14	2.584940404569045917e-14	6.879906029352386167e-24	5.075831840374331071e-28	7.462349316993458458e-03	5.946146092078622575e-02	1.053853907921391449e-02	1.913150979501341137e-12	1.053765068108948946e-02
4.500000000000000000e+01	1.625823784911539868e-15	1.027533059492086207e-16	6.625951278589937601e-24	1.999111603759134298e-03	8.883961854095303376e-07	1.177003620723704998e-24	1.956131115664154007e-17	4.408170454730631528e-14	2.568226937225904601e-14	6.835445395766098617e-24	5.018802807704135945e-28	7.462349316965159046e-03	5.946146092075809547e-02	1.053853907924203262e-02	1.917310795268392897e-12	1.053765068111361773e-02
4.510000000000000142e+01	1.617129705980945739e-15	1.022038335084793640e-16	6.607687905043561833e-24	1.999111603760660855e-03	8.883961854074320252e-07	1.177003620720924954e-24	1.945670711065571349e-17	4.382440309115969236e-14	2.552451616696874277e-14	6.793480390459396029e-24	4.965270097372847118e-28	7.462349316937013158e-03	5.946146092073009704e-02	1.053853907927000851e-02	1.921470611035435367e-12	1.053765068113759681e-02
4.520000000000000284e+01	1.608923636052031073e-15	1.016852036100429063e-16	6.590449676398614501e-24	1.999111603762187411e-03	8.883961854053468418e-07	1.177003620718162359e-24	1.935797461431127217e-17	4.358154427198682842e-14	2.537561783684398045e-14	6.753870930845977139e-24	4.915005877449426932e-28	7.462349316909012119e-03	5.946146092070223738e-02	1.053853907929785082e-02	1.925630426802468548e-12	1.053765068116143018e-02
4.530000000000000426e+01	1.601178182592806576e-15	1.011956850249186965e-16	6.574179050039258123e-24	1.999111603763713968e-03	8.883961854032748934e-07	1.177003620715417028e-24	1.926478409046754337e-17	4.335231740738049944e-14	2.523507734720668408e-14	6.716484797343476831e-24	4.867797354742241025e-28	7.462349316881144654e-03	5.946146092067450956e-02	1.053853907932556302e-02	1.929790242569491227e-12	1.053765068118512650e-02
4.540000000000000568e+01	1.593867490655780525e-15	1.007336437006428804e-16	6.558821713304230726e-24	1.999111603765240525e-03	8.883961854012144857e-07	1.177003620712687310e-24	1.917682446165021030e-17	4.313595731951437271e-14	2.510242556252305520e-14	6.681197192011206140e-24	4.823447945472262639e-28	7.462349316853400354e-03	5.946146092064689970e-02	1.053853907935315901e-02	1.933950058336504617e-12	1.053765068120869619e-02
4.550000000000000000e+01	1.586967156558656767e-15	1.002975373058225143e-16	6.544326402158655641e-24	1.999111603766767081e-03	8.883961853991656189e-07	1.177003620709972653e-24	1.909380211148837267e-17	4.293174178088455783e-14	2.497721968039356594e-14	6.647890321964941614e-24	4.781773886378308465e-28	7.462349316825776617e-03	5.946146092061940086e-02	1.053853907938063876e-02	1.938109874103507909e-12	1.053765068123214445e-02
4.560000000000000142e+01	1.580454146426365353e-15	9.988591008192940874e-17	6.530644730077884279e-24	1.999111603768293638e-03	8.883961853971273400e-07	1.177003620707272138e-24	1.901543990464140627e-17	4.273898910349544748e-14	2.485904175344675242e-14	6.616453006175857596e-24	4.742605114115882289e-28	7.462349316798269107e-03	5.946146092059201305e-02	1.053853907940801096e-02	1.942269689870502316e-12	1.053765068125547821e-02
4.570000000000000284e+01	1.574306719305338884e-15	9.949738798406342119e-17	6.517731026536108554e-24	1.999111603769820195e-03	8.883961853950990137e-07	1.177003620704584848e-24	1.894147626173741378e-17	4.255705586329126071e-14	2.474749729418923914e-14	6.586780304337239495e-24	4.705782528778591127e-28	7.462349316770869150e-03	5.946146092056471544e-02	1.053853907943528082e-02	1.946429505637487029e-12	1.053765068127870443e-02
4.580000000000000426e+01	1.568504354585788024e-15	9.913067409398511256e-17	6.505542184544674515e-24	1.999111603771346751e-03	8.883961853930803225e-07	1.177003620701910231e-24	1.887166428614409560e-17	4.238533475238992544e-14	2.464221395818563748e-14	6.558773166568110578e-24	4.671158647582624836e-28	7.462349316743570674e-03	5.946146092053752885e-02	1.053853907946245699e-02	1.950589321404462453e-12	1.053765068130182656e-02
4.590000000000000568e+01	1.563027683502699898e-15	9.878454429092612109e-17	6.494037516758403865e-24	1.999111603772873308e-03	8.883961853910702074e-07	1.177003620699247001e-24	1.880577093981321245e-17	4.222325255182277225e-14	2.454284030113642848e-14	6.532338102775054864e-24	4.638595391213707277e-28	7.462349316716368475e-03	5.946146092051042553e-02	1.053853907948954817e-02	1.954749137171427779e-12	1.053765068132485501e-02
4.600000000000000000e+01	1.557858424486636068e-15	9.845784316571024708e-17	6.483178619669092531e-24	1.999111603774399865e-03	8.883961853890675039e-07	1.177003620696593690e-24	1.874357626544455975e-17	4.207026821808132924e-14	2.444904460572925472e-14	6.507386870575026019e-24	4.607964563300567933e-28	7.462349316689259084e-03	5.946146092048340548e-02	1.053853907951656475e-02	1.958908952938383815e-12	1.053765068134779846e-02
4.610000000000000142e+01	1.552979322131154641e-15	9.814948016344779844e-17	6.472929245396316648e-24	1.999111603775926421e-03	8.883961853870724236e-07	1.177003620693950481e-24	1.868487265216383009e-17	4.192587107707614349e-14	2.436051377433876379e-14	6.483836180734764023e-24	4.579146056230540280e-28	7.462349316662232959e-03	5.946146092045646869e-02	1.053853907954350327e-02	1.963068768705330966e-12	1.053765068137066732e-02
4.620000000000000284e+01	1.548374089598459748e-15	9.785842594352866142e-17	6.463255180700835831e-24	1.999111603777452978e-03	8.883961853850849667e-07	1.177003620691317557e-24	1.862946414256800258e-17	4.178957911943923142e-14	2.427695228387938262e-14	6.461607419144155539e-24	4.552028196606452635e-28	7.462349316635289234e-03	5.946146092042960130e-02	1.053853907957036547e-02	1.967228584472268827e-12	1.053765068139345465e-02
4.630000000000000426e+01	1.544027354250558325e-15	9.758370894346966330e-17	6.454124132773692094e-24	1.999111603778979535e-03	8.883961853831048154e-07	1.177003620688693817e-24	1.857716577857885538e-17	4.166093739160971737e-14	2.419808119933118985e-14	6.440626384397485010e-24	4.526506288121377378e-28	7.462349316608422704e-03	5.946146092040281023e-02	1.053853907959715307e-02	1.971388400239196994e-12	1.053765068141616565e-02
4.640000000000000568e+01	1.539924606327437488e-15	9.732441213533624342e-17	6.445505621426104716e-24	1.999111603780506091e-03	8.883961853811312287e-07	1.177003620686079077e-24	1.852780298395722640e-17	4.153951647706207769e-14	2.412363724263000918e-14	6.420823040102438324e-24	4.502482854402461139e-28	7.462349316581628166e-03	5.946146092037609548e-02	1.053853907962387822e-02	1.975548216006116276e-12	1.053765068143880379e-02
4.650000000000000000e+01	1.536052150531370779e-15	9.707966996583349941e-17	6.437370877384166464e-24	1.999111603782032648e-03	8.883961853791639947e-07	1.177003620683472786e-24	1.848121098178263092e-17	4.142491106296367890e-14	2.405337191381774231e-14	6.402131281091623787e-24	4.479866453117620128e-28	7.462349316554902148e-03	5.946146092034943625e-02	1.053853907965053571e-02	1.979708031773025460e-12	1.053765068146137601e-02
4.660000000000000142e+01	1.532397060288785558e-15	9.684866546562122198e-17	6.429692746208213422e-24	1.999111603783559205e-03	8.883961853772026899e-07	1.177003620680874392e-24	1.843723424414849775e-17	4.131673858716104381e-14	2.398705066154027126e-14	6.384488712760707015e-24	4.458571840755966410e-28	7.462349316528239448e-03	5.946146092032284641e-02	1.053853907967713596e-02	1.983867847539926163e-12	1.053765068148388231e-02
4.670000000000000284e+01	1.528947134610071427e-15	9.663062752282078681e-17	6.422445597669607333e-24	1.999111603785085761e-03	8.883961853752469967e-07	1.177003620678283345e-24	1.839572597311477092e-17	4.121463796116964710e-14	2.392445210008650697e-14	6.367836442787783898e-24	4.438519005078538681e-28	7.462349316501638331e-03	5.946146092029630514e-02	1.053853907970367723e-02	1.988027663306817576e-12	1.053765068150632964e-02
4.680000000000000426e+01	1.525690857368038550e-15	9.642482830938248364e-17	6.415605240208290335e-24	1.999111603786612318e-03	8.883961853732969151e-07	1.177003620675699462e-24	1.835654761076091832e-17	4.111826836482880868e-14	2.386536727038825171e-14	6.352118884547031287e-24	4.419633271213131786e-28	7.462349316475093593e-03	5.946146092026981939e-02	1.053853907973016472e-02	1.992187479073699699e-12	1.053765068152871971e-02
4.690000000000000568e+01	1.522617358841141401e-15	9.623058085058804522e-17	6.409148840147865802e-24	1.999111603788138875e-03	8.883961853713514921e-07	1.177003620673122190e-24	1.831956837648777374e-17	4.102730810862121315e-14	2.380959894249979725e-14	6.337283571556298498e-24	4.401844510170945698e-28	7.462349316448603498e-03	5.946146092024337526e-02	1.053853907975660364e-02	1.996347294840572533e-12	1.053765068155105601e-02
4.700000000000000000e+01	1.519716379447114047e-15	9.604723673298841654e-17	6.403054845512010044e-24	1.999111603789665431e-03	8.883961853694112573e-07	1.177003620670551715e-24	1.828466483067359167e-17	4.094145355985687267e-14	2.375696095722827964e-14	6.323280982339999006e-24	4.385087201011614879e-28	7.462349316422164577e-03	5.946146092021699359e-02	1.053853907978299226e-02	2.000507110607436481e-12	1.053765068157334027e-02
4.710000000000000142e+01	1.516978235476380846e-15	9.587418393872915761e-17	6.397302914041737132e-24	1.999111603791191988e-03	8.883961853674749400e-07	1.177003620667986199e-24	1.825172046239072019e-17	4.086041812909132787e-14	2.370727760471754774e-14	6.310064375121654144e-24	4.369299781739696662e-28	7.462349316395774229e-03	5.946146092019063967e-02	1.053853907980933577e-02	2.004666926374291947e-12	1.053765068159557769e-02
4.720000000000000284e+01	1.514393786786651276e-15	9.571084480382426005e-17	6.391873845332477564e-24	1.999111603792718544e-03	8.883961853655432813e-07	1.177003620665427294e-24	1.822062530071855498e-17	4.078393131349865315e-14	2.366038303791159878e-14	6.297589631795635660e-24	4.354424678976477919e-28	7.462349316369426382e-03	5.946146092016434126e-02	1.053853907983563765e-02	2.008826742141137720e-12	1.053765068161776827e-02
4.730000000000000426e+01	1.511954406279153381e-15	9.555667408903037928e-17	6.386749516713764896e-24	1.999111603794245101e-03	8.883961853636154344e-07	1.177003620662872982e-24	1.819127554749241713e-17	4.071173779389535291e-14	2.361612071895133162e-14	6.285815110659160899e-24	4.340407774195284503e-28	7.462349316343116698e-03	5.946146092013808448e-02	1.053853907986189962e-02	2.012986557907974203e-12	1.053765068163991549e-02
4.740000000000000568e+01	1.509651951102743168e-15	9.541115715992509092e-17	6.381912822758643952e-24	1.999111603795771658e-03	8.883961853616911873e-07	1.177003620660323628e-24	1.816357323084184629e-17	4.064359658247520908e-14	2.357434289663330087e-14	6.274701507407578344e-24	4.327198409642721948e-28	7.462349316316846046e-03	5.946146092011184853e-02	1.053853907988812517e-02	2.017146373674802204e-12	1.053765068166202280e-02
4.750000000000000000e+01	1.507478735476053323e-15	9.527380826924540821e-17	6.377347618192017283e-24	1.999111603797298214e-03	8.883961853597707518e-07	1.177003620657779418e-24	1.813742587819629544e-17	4.057928021834962344e-14	2.353491011320399608e-14	6.264211723933408968e-24	4.314748948212996589e-28	7.462349316290614425e-03	5.946146092008566808e-02	1.053853907991431256e-02	2.021306189441620915e-12	1.053765068168409369e-02
4.760000000000000142e+01	1.505427505027339104e-15	9.514416893514664561e-17	6.373038663987183559e-24	1.999111603798824771e-03	8.883961853578537045e-07	1.177003620655239615e-24	1.811274620755140863e-17	4.051857400828025491e-14	2.349769073883796379e-14	6.254310744489626074e-24	4.303014762477805016e-28	7.462349316264417498e-03	5.946146092005950845e-02	1.053853907994046525e-02	2.025466005208430741e-12	1.053765068170612815e-02
4.770000000000000284e+01	1.503491412585714514e-15	9.502180641118985586e-17	6.368971576511265948e-24	1.999111603800351328e-03	8.883961853559396218e-07	1.177003620652703854e-24	1.808945183619780111e-17	4.046127531004325904e-14	2.346256053225186645e-14	6.244965518805724128e-24	4.291953870631596548e-28	7.462349316238255266e-03	5.946146092003338351e-02	1.053853907996658672e-02	2.029625820975231681e-12	1.053765068172812791e-02
4.780000000000000426e+01	1.501663995319066330e-15	9.490631224144067806e-17	6.365132779499545528e-24	1.999111603801877884e-03	8.883961853540287155e-07	1.177003620650172133e-24	1.806746500565266342e-17	4.040719285592538083e-14	2.342940222596988599e-14	6.236144851761245372e-24	4.281526913839847673e-28	7.462349316212125994e-03	5.946146092000729327e-02	1.053853907999267869e-02	2.033785636742023735e-12	1.053765068175009818e-02
4.790000000000000568e+01	1.499939153156482184e-15	9.479730089675013269e-17	6.361509458728163286e-24	1.999111603803404441e-03	8.883961853521202443e-07	1.177003620647643718e-24	1.804671232204608738e-17	4.035614611431967525e-14	2.339810513488168149e-14	6.227819299255545066e-24	4.271696854094436831e-28	7.462349316186027079e-03	5.946146091998122385e-02	1.053853908001874291e-02	2.037945452508806500e-12	1.053765068177203550e-02
4.800000000000000000e+01	1.498311128439168370e-15	9.469440848867716532e-17	6.358089519267444372e-24	1.999111603804930998e-03	8.883961853502150555e-07	1.177003620645119527e-24	1.802712451128824494e-17	4.030796468706751320e-14	2.336856478675997191e-14	6.219961069919478606e-24	4.262428943926513023e-28	7.462349316159956787e-03	5.946146091995520300e-02	1.053853908004477938e-02	2.042105268275580379e-12	1.053765068179394332e-02
4.810000000000000142e+01	1.496774486686734740e-15	9.459729155390311062e-17	6.354861545078248554e-24	1.999111603806457554e-03	8.883961853483118783e-07	1.177003620642598276e-24	1.800863618765616652e-17	4.026248774068369669e-14	2.334068257353770667e-14	6.212543932349032852e-24	4.253690474824655382e-28	7.462349316133913384e-03	5.946146091992917521e-02	1.053853908007079156e-02	2.046265084042345372e-12	1.053765068181582686e-02
4.820000000000000284e+01	1.495324098464569280e-15	9.450562590823585384e-17	6.351814760921346050e-24	1.999111603807984111e-03	8.883961853464111364e-07	1.177003620640079963e-24	1.799118563562853225e-17	4.021956346941522932e-14	2.331436542212602142e-14	6.205543127537496748e-24	4.245450742125053609e-28	7.462349316107896001e-03	5.946146091990318905e-02	1.053853908009677945e-02	2.050424899809101480e-12	1.053765068183768437e-02
4.830000000000000426e+01	1.493955122260342492e-15	9.441910556439183117e-17	6.348938996386637990e-24	1.999111603809510668e-03	8.883961853445130414e-07	1.177003620637565323e-24	1.797471460386184607e-17	4.017904858858105521e-14	2.328952548374251196e-14	6.198935286231547809e-24	4.237680834957956927e-28	7.462349316081901170e-03	5.946146091987723759e-02	1.053853908012274479e-02	2.054584715575849105e-12	1.053765068185951587e-02
4.840000000000000568e+01	1.492662988319410664e-15	9.433744171038115975e-17	6.346224651936701064e-24	1.999111603811037224e-03	8.883961853426167464e-07	1.177003620635053071e-24	1.795916811070383617e-17	4.014080785622471006e-14	2.326607984066222074e-14	6.192698350922024111e-24	4.230353598478203485e-28	7.462349316055931492e-03	5.946146091985128612e-02	1.053853908014868931e-02	2.058744531342587845e-12	1.053765068188132654e-02
4.850000000000000000e+01	1.491443383394304408e-15	9.426036174566362790e-17	6.343662666870532312e-24	1.999111603812563781e-03	8.883961853407219337e-07	1.177003620632542840e-24	1.794449426070474122e-17	4.010471362168810019e-14	2.324395022943152250e-14	6.186811502214224558e-24	4.223443457877329143e-28	7.462349316029980896e-03	5.946146091982534854e-02	1.053853908017461302e-02	2.062904347109317296e-12	1.053765068190311467e-02
4.860000000000000142e+01	1.490292236344886749e-15	9.418760837106767611e-17	6.341244489074258387e-24	1.999111603814090338e-03	8.883961853388298739e-07	1.177003620630036098e-24	1.793064407136356766e-17	4.007064539949138397e-14	2.322306277961457383e-14	6.181255089330044613e-24	4.216926379635088339e-28	7.462349316004051984e-03	5.946146091979946646e-02	1.053853908020051938e-02	2.067064162876037860e-12	1.053765068192488372e-02
4.870000000000000284e+01	1.489205704549764914e-15	9.411893872998126934e-17	6.338962046476020691e-24	1.999111603815616894e-03	8.883961853369391905e-07	1.177003620627531193e-24	1.791757130963506167e-17	4.003848946714518300e-14	2.320334776721258194e-14	6.176010564513374079e-24	4.210779723549614938e-28	7.462349315978141287e-03	5.946146091977357745e-02	1.053853908022640666e-02	2.071223978642749943e-12	1.053765068194663194e-02
4.880000000000000426e+01	1.488180161079845884e-15	9.405412359771065311e-17	6.336807720101877201e-24	1.999111603817143451e-03	8.883961853350500952e-07	1.177003620625028492e-24	1.790523233760651731e-17	4.000813848556088129e-14	2.318473938191900261e-14	6.171060421116070551e-24	4.204982204177363703e-28	7.462349315952248804e-03	5.946146091974769538e-02	1.053853908025227659e-02	2.075383794409452736e-12	1.053765068196836456e-02
4.890000000000000568e+01	1.487212182581963203e-15	9.399294661571643276e-17	6.334774318623324350e-24	1.999111603818670008e-03	8.883961853331623764e-07	1.177003620622527444e-24	1.789358596671792063e-17	3.997949114069328620e-14	2.316717550744010802e-14	6.166388135159384033e-24	4.199513765954015220e-28	7.462349315926373669e-03	5.946146091972182024e-02	1.053853908027813091e-02	2.079543610176147048e-12	1.053765068199007983e-02
4.900000000000000000e+01	1.486298537873139274e-15	9.393520357076221581e-17	6.332855054397625462e-24	1.999111603820196564e-03	8.883961853312767752e-07	1.177003620620029335e-24	1.788259332053217498e-17	3.995245180539268142e-14	2.315059751413792490e-14	6.161978110173855137e-24	4.194355545746129998e-28	7.462349315900515014e-03	5.946146091969600755e-02	1.053853908030396962e-02	2.083703425942832069e-12	1.053765068201177775e-02
4.910000000000000142e+01	1.485436177126655042e-15	9.388070171146588609e-17	6.331043520751342748e-24	1.999111603821723121e-03	8.883961853293922328e-07	1.177003620617532879e-24	1.787221770462580054e-17	3.992693022015547550e-14	2.313495006332939076e-14	6.157815625139129278e-24	4.189489767047763916e-28	7.462349315874671103e-03	5.946146091967019487e-02	1.053853908032979618e-02	2.087863241709508609e-12	1.053765068203346353e-02
4.920000000000000284e+01	1.484622221716589973e-15	9.382925910646676663e-17	6.329333670647068366e-24	1.999111603823249678e-03	8.883961853275090668e-07	1.177003620615037892e-24	1.786242448440202220e-17	3.990284119186800404e-14	2.312018092255446015e-14	6.153886785342591657e-24	4.184899704097101418e-28	7.462349315848841938e-03	5.946146091964438218e-02	1.053853908035560887e-02	2.092023057476176263e-12	1.053765068205513022e-02
4.930000000000000426e+01	1.483853954591832442e-15	9.378070403605574442e-17	6.327719796462437620e-24	1.999111603824776234e-03	8.883961853256269596e-07	1.177003620612544375e-24	1.785318096927434683e-17	3.988010430940276734e-14	2.310624079122403010e-14	6.150178475998489837e-24	4.180569592076530797e-28	7.462349315823024916e-03	5.946146091961856950e-02	1.053853908038140767e-02	2.096182873242835435e-12	1.053765068207678478e-02
4.940000000000000568e+01	1.483128811215343486e-15	9.373487441952979943e-17	6.326196510956517082e-24	1.999111603826302791e-03	8.883961853237458053e-07	1.177003620610052327e-24	1.784445630365103053e-17	3.985864367520388789e-14	2.309308313605378600e-14	6.146678318470730758e-24	4.176484593043240089e-28	7.462349315797222639e-03	5.946146091959274987e-02	1.053853908040719434e-02	2.100342689009485318e-12	1.053765068209842719e-02
4.950000000000000000e+01	1.482444370999326911e-15	9.369161727388819927e-17	6.324758729277942995e-24	1.999111603827829348e-03	8.883961853218661333e-07	1.177003620607561932e-24	1.783622136388607079e-17	3.983838765193722989e-14	2.308066403572231170e-14	6.143374628949253306e-24	4.172630719490982168e-28	7.462349315771431638e-03	5.946146091956698576e-02	1.053853908043297406e-02	2.104502504776126315e-12	1.053765068212006092e-02
4.960000000000000142e+01	1.481798349228644352e-15	9.365078820338606053e-17	6.323401651998699806e-24	1.999111603829355904e-03	8.883961853199880495e-07	1.177003620605073741e-24	1.782844866110466080e-17	3.981926862337527403e-14	2.306894203427347344e-14	6.140256379452643969e-24	4.168994802365528327e-28	7.462349315745651045e-03	5.946146091954124246e-02	1.053853908045873644e-02	2.108662320542759234e-12	1.053765068214167731e-02
4.970000000000000284e+01	1.481188589427846849e-15	9.361225091712514829e-17	6.322120749079782117e-24	1.999111603830882461e-03	8.883961853181104951e-07	1.177003620602586468e-24	1.782111224936605826e-17	3.980122276863151309e-14	2.305787800271461734e-14	6.137313161010844146e-24	4.165564425730660515e-28	7.462349315719882595e-03	5.946146091951549917e-02	1.053853908048449362e-02	2.112822136309382459e-12	1.053765068216328676e-02
4.980000000000000426e+01	1.480613056170774162e-15	9.357587677461473751e-17	6.320911744766560281e-24	1.999111603832409018e-03	8.883961853162339995e-07	1.177003620600100298e-24	1.781418763915120669e-17	3.978418984918500899e-14	2.304743500841142007e-14	6.134535148922113484e-24	4.162327897025897964e-28	7.462349315694124553e-03	5.946146091948975587e-02	1.053853908051023865e-02	2.116981952075997607e-12	1.053765068218488581e-02
4.990000000000000568e+01	1.480069828282420881e-15	9.354154435612457304e-17	6.319770603308144011e-24	1.999111603833935574e-03	8.883961853143579274e-07	1.177003620597615046e-24	1.780765171557006224e-17	3.976811300778946767e-14	2.303757819180638523e-14	6.131913069957995265e-24	4.159274191078508051e-28	7.462349315668375185e-03	5.946146091946401258e-02	1.053853908053597674e-02	2.121141767842603869e-12	1.053765068220647444e-02
5.000000000000000000e+01	1.479557092418487255e-15	9.350913905690750336e-17	6.318693515470161339e-24	1.999111603835462131e-03	8.883961853124831258e-07	1.177003620595131263e-24	1.780148266111305211e-17	3.975293857862134773e-14	2.302827465004590276e-14	6.129438171406062895e-24	4.156392922511327898e-28	7.462349315642634491e-03	5.946146091943826928e-02	1.053853908056170269e-02	2.125301583609200437e-12	1.053765068222805440e-02
5.010000000000000142e+01	1.479073137030872524e-15	9.347855270581405100e-17	6.317676885858262065e-24	1.999111603836988688e-03	8.883961853106081125e-07	1.177003620592647296e-24	1.779565988304601467e-17	3.973861590821759204e-14	2.301949332715350335e-14	6.127102191854446322e-24	4.153674297737910251e-28	7.462349315616903338e-03	5.946146091941252598e-02	1.053853908058742864e-02	2.129461399375789331e-12	1.053765068224962742e-02
5.020000000000000284e+01	1.478616346635179699e-15	9.344968320299426138e-17	6.316717320876041388e-24	1.999111603838515244e-03	8.883961853087347933e-07	1.177003620590165350e-24	1.779016394443890111e-17	3.972509718634835565e-14	2.301120491036200233e-14	6.124897333614136534e-24	4.151109089506499704e-28	7.462349315591179123e-03	5.946146091938678269e-02	1.053853908061313724e-02	2.133621215142369340e-12	1.053765068227119003e-02
5.030000000000000426e+01	1.478185196428654061e-15	9.342243417974740093e-17	6.315811617419119813e-24	1.999111603840041801e-03	8.883961853068622152e-07	1.177003620587684322e-24	1.778497649941071670e-17	3.971233728643385254e-14	2.300338173226978471e-14	6.122816236691062542e-24	4.148688595489020116e-28	7.462349315565462715e-03	5.946146091936110184e-02	1.053853908063884584e-02	2.137781030908940059e-12	1.053765068229274744e-02
5.040000000000000568e+01	1.477778247195741914e-15	9.339671467654930306e-17	6.314956752173419065e-24	1.999111603841568358e-03	8.883961853049906959e-07	1.177003620585205131e-24	1.778008023183505003e-17	3.970029361487767824e-14	2.299599767847276309e-14	6.120851954214593377e-24	4.146404615034897174e-28	7.462349315539753246e-03	5.946146091933542793e-02	1.053853908066454230e-02	2.141940846675502296e-12	1.053765068231429444e-02
5.050000000000000000e+01	1.477394140508426746e-15	9.337243883971003261e-17	6.314149871532653911e-24	1.999111603843094914e-03	8.883961853031197060e-07	1.177003620582726308e-24	1.777545879759221608e-17	3.968892596893672450e-14	2.298902810039962106e-14	6.118997929250308108e-24	4.144249413355250756e-28	7.462349315514052450e-03	5.946146091930975403e-02	1.053853908069023529e-02	2.146100662442055647e-12	1.053765068233583971e-02
5.060000000000000142e+01	1.477031594186614366e-15	9.334952563446653045e-17	6.313388282062105582e-24	1.999111603844621471e-03	8.883961853012488220e-07	1.177003620580247668e-24	1.777109676995022199e-17	3.967819640249467241e-14	2.298244973303721171e-14	6.117247972913479011e-24	4.142215700300116244e-28	7.462349315488355991e-03	5.946146091928408012e-02	1.053853908071592654e-02	2.150260478208600113e-12	1.053765068235737283e-02
5.070000000000000284e+01	1.476689398021189603e-15	9.332789857467682356e-17	6.312669441514195021e-24	1.999111603846148028e-03	8.883961852993788909e-07	1.177003620577770497e-24	1.776697958810616534e-17	3.966806909938270714e-14	2.297624061726229480e-14	6.115596243708070057e-24	4.140296599320707723e-28	7.462349315462665604e-03	5.946146091925840621e-02	1.053853908074160392e-02	2.154420293975136096e-12	1.053765068237890075e-02
5.080000000000000426e+01	1.476366409732560201e-15	9.330748546739671232e-17	6.311990950338718853e-24	1.999111603847674584e-03	8.883961852975092774e-07	1.177003620575293326e-24	1.776309350856083561e-17	3.965851025383234934e-14	2.297038002654092217e-14	6.114037228027505838e-24	4.138485628176574790e-28	7.462349315436982156e-03	5.946146091923272536e-02	1.053853908076727783e-02	2.158580109741663194e-12	1.053765068240042867e-02
5.090000000000000568e+01	1.476061551163529292e-15	9.328821817226643391e-17	6.311350543685339040e-24	1.999111603849201141e-03	8.883961852956398757e-07	1.177003620572816890e-24	1.775942555931272305e-17	3.964948795766271013e-14	2.296484839774736540e-14	6.112565721751444994e-24	4.136776671996757486e-28	7.462349315411303911e-03	5.946146091920705146e-02	1.053853908079295174e-02	2.162739925508181811e-12	1.053765068242194618e-02
5.100000000000000000e+01	1.475773804667036822e-15	9.327003237321316996e-17	6.310746083815420803e-24	1.999111603850727698e-03	8.883961852937706857e-07	1.177003620570340454e-24	1.775596349639664538e-17	3.964097209371700109e-14	2.295962726586131384e-14	6.111176812873906654e-24	4.135163965707113421e-28	7.462349315385629137e-03	5.946146091918137755e-02	1.053853908081862217e-02	2.166899741274691137e-12	1.053765068244345675e-02
5.110000000000000142e+01	1.475502209724709840e-15	9.325286736474084974e-17	6.310175552998742879e-24	1.999111603852254254e-03	8.883961852919027663e-07	1.177003620567865855e-24	1.775269576319932203e-17	3.963293423533516187e-14	2.295469920231660581e-14	6.109865865103275784e-24	4.133642070639830368e-28	7.462349315359961301e-03	5.946146091915570364e-02	1.053853908084427873e-02	2.171059557041191982e-12	1.053765068246496732e-02
5.120000000000000284e+01	1.475245859730632613e-15	9.323666584866194473e-17	6.309637046757253366e-24	1.999111603853780811e-03	8.883961852900346351e-07	1.177003620565390888e-24	1.774961145176286556e-17	3.962534755151733659e-14	2.295004775684173252e-14	6.108628502390703676e-24	4.132205858635548540e-28	7.462349315334296067e-03	5.946146091913002973e-02	1.053853908086993529e-02	2.175219372807684345e-12	1.053765068248647789e-02
5.130000000000000426e+01	1.475003898966793762e-15	9.322137374294341815e-17	6.309128767511495577e-24	1.999111603855307367e-03	8.883961852881665040e-07	1.177003620562916105e-24	1.774670026639444319e-17	3.961818671729456441e-14	2.294565740253803875e-14	6.107460594320038537e-24	4.130850491575474174e-28	7.462349315308637772e-03	5.946146091910435583e-02	1.053853908089559185e-02	2.179379188574167822e-12	1.053765068250797111e-02
5.140000000000000568e+01	1.474775519747483152e-15	9.320694000123043684e-17	6.308649018581931796e-24	1.999111603856833924e-03	8.883961852862985846e-07	1.177003620560441139e-24	1.774395248930868197e-17	3.961142782920524909e-14	2.294151348404324039e-14	6.106358242318461994e-24	4.129571407071047862e-28	7.462349315282980344e-03	5.946146091907868192e-02	1.053853908092124841e-02	2.183539004340642414e-12	1.053765068252946434e-02
5.150000000000000000e+01	1.474559959726472786e-15	9.319331644265808647e-17	6.308196198532223488e-24	1.999111603858360481e-03	8.883961852844319357e-07	1.177003620557968192e-24	1.774135894822862439e-17	3.960504832554889456e-14	2.293760216862226294e-14	6.105317766645873701e-24	4.128364300586828953e-28	7.462349315257328988e-03	5.946146091905300801e-02	1.053853908094688763e-02	2.187698820107108119e-12	1.053765068255095930e-02
5.160000000000000142e+01	1.474356499345868253e-15	9.318045759061690476e-17	6.307768795810118757e-24	1.999111603859887037e-03	8.883961852825653927e-07	1.177003620555495614e-24	1.773891098569122457e-17	3.959902691102204487e-14	2.293391039998892388e-14	6.104335694110583049e-24	4.127225112492061883e-28	7.462349315231681102e-03	5.946146091902733410e-02	1.053853908097252684e-02	2.191858635873565343e-12	1.053765068257245252e-02
5.170000000000000284e+01	1.474164459439252092e-15	9.316832052126962269e-17	6.307365383712441229e-24	1.999111603861413594e-03	8.883961852806991674e-07	1.177003620553023035e-24	1.773660043020921899e-17	3.959334348565815447e-14	2.293042585472006453e-14	6.103408746474817702e-24	4.126150012421620303e-28	7.462349315206032348e-03	5.946146091900168795e-02	1.053853908099816605e-02	2.196018451640013681e-12	1.053765068259394054e-02
5.180000000000000426e+01	1.473983198960767815e-15	9.315686472002777137e-17	6.306984615614670961e-24	1.999111603862940151e-03	8.883961852788335773e-07	1.177003620550551374e-24	1.773441956894834044e-17	3.958797907772859432e-14	2.292713690112341150e-14	6.102533829512821778e-24	4.125135387624857419e-28	7.462349315180393135e-03	5.946146091897608343e-02	1.053853908102380700e-02	2.200178267406453538e-12	1.053765068261541642e-02
5.190000000000000568e+01	1.473812112849861976e-15	9.314605194660132083e-17	6.306625220485450486e-24	1.999111603864466707e-03	8.883961852769679873e-07	1.177003620548079897e-24	1.773236112203654966e-17	3.958291578039784056e-14	2.292403256040575042e-14	6.101708022681012624e-24	4.124177829251760226e-28	7.462349315154753922e-03	5.946146091895047892e-02	1.053853908104944621e-02	2.204338083172884508e-12	1.053765068263689229e-02
5.200000000000000000e+01	1.473650630005086061e-15	9.313584610694176768e-17	6.306285998630232906e-24	1.999111603865993264e-03	8.883961852751029266e-07	1.177003620545608971e-24	1.773041821818561717e-17	3.957813669195706258e-14	2.292110247002181713e-14	6.100928569368067746e-24	4.123274121855537078e-28	7.462349315129115576e-03	5.946146091892487440e-02	1.053853908107508022e-02	2.208497898939306593e-12	1.053765068265836817e-02
5.210000000000000142e+01	1.473498211384334441e-15	9.312621313317570570e-17	6.305965817700511637e-24	1.999111603867519821e-03	8.883961852732389247e-07	1.177003620543139515e-24	1.772858437183389087e-17	3.957362585943472362e-14	2.291833684909446633e-14	6.100192867696206167e-24	4.122421231363062718e-28	7.462349315103485037e-03	5.946146091889926988e-02	1.053853908110070209e-02	2.212657714705720196e-12	1.053765068267984405e-02
5.220000000000000284e+01	1.473354348201670057e-15	9.311712086964252826e-17	6.305663608905940471e-24	1.999111603869046377e-03	8.883961852713748169e-07	1.177003620540670058e-24	1.772685346145105885e-17	3.956936822530238756e-14	2.291572646575602257e-14	6.099498461833382981e-24	4.121616295653785041e-28	7.462349315077853630e-03	5.946146091887366536e-02	1.053853908112632395e-02	2.216817530472124913e-12	1.053765068270131992e-02
5.230000000000000426e+01	1.473218560232581604e-15	9.310853896578572952e-17	6.305378363454245344e-24	1.999111603870572934e-03	8.883961852695107092e-07	1.177003620538200235e-24	1.772521970914768194e-17	3.956534957724651252e-14	2.291326260633881275e-14	6.098843033797512791e-24	4.120856613968059298e-28	7.462349315052223091e-03	5.946146091884806084e-02	1.053853908115194582e-02	2.220977346238521149e-12	1.053765068272279580e-02
5.240000000000000568e+01	1.473090394204236925e-15	9.310043877441553499e-17	6.305109129169687819e-24	1.999111603872099491e-03	8.883961852676466014e-07	1.177003620535730778e-24	1.772367766130729645e-17	3.956155650068877468e-14	2.291093704628209268e-14	6.098224395717108201e-24	4.120139638432051941e-28	7.462349315026596888e-03	5.946146091882245632e-02	1.053853908117756769e-02	2.225137162004908499e-12	1.053765068274425780e-02
5.250000000000000000e+01	1.472969422285452175e-15	9.309279325627382805e-17	6.304855007320985499e-24	1.999111603873626047e-03	8.883961852657824937e-07	1.177003620533261138e-24	1.772222217041821108e-17	3.955797633403350950e-14	2.290874202268048902e-14	6.097640482528760668e-24	4.119462964729959945e-28	7.462349315000975022e-03	5.946146091879685180e-02	1.053853908120318955e-02	2.229296977771286963e-12	1.053765068276571633e-02
5.260000000000000142e+01	1.472855240667129515e-15	9.308557689031658014e-17	6.304615149639278285e-24	1.999111603875152604e-03	8.883961852639184918e-07	1.177003620530791681e-24	1.772084837799390103e-17	3.955459712637742133e-14	2.290667020835877991e-14	6.097089345080737763e-24	4.118824324584939213e-28	7.462349314975353157e-03	5.946146091877124729e-02	1.053853908122881142e-02	2.233456793537656945e-12	1.053765068278717486e-02
5.270000000000000284e+01	1.472747468197128197e-15	9.307876558743689776e-17	6.304388755450457008e-24	1.999111603876679161e-03	8.883961852620542782e-07	1.177003620528321858e-24	1.771955169814822136e-17	3.955140759767093386e-14	2.290471468743914662e-14	6.096569143633165024e-24	4.118221577424757065e-28	7.462349314949731291e-03	5.946146091874564277e-02	1.053853908125443328e-02	2.237616609304018041e-12	1.053765068280863339e-02
5.280000000000000426e+01	1.472645745125608108e-15	9.307233661116961178e-17	6.304175069039537590e-24	1.999111603878205717e-03	8.883961852601902763e-07	1.177003620525852585e-24	1.771832780249985714e-17	3.954839710100766015e-14	2.290286893223397041e-14	6.096078141711426983e-24	4.117652703699246947e-28	7.462349314924109425e-03	5.946146091872003825e-02	1.053853908128005515e-02	2.241776425070370252e-12	1.053765068283009192e-02
5.290000000000000568e+01	1.472549731889991300e-15	9.306626850090013022e-17	6.303973377098277095e-24	1.999111603879732274e-03	8.883961852583271214e-07	1.177003620523384230e-24	1.771717260555343051e-17	3.954555558709835464e-14	2.290112678146258720e-14	6.095614700311215110e-24	4.117115797530679588e-28	7.462349314898495366e-03	5.946146091869443373e-02	1.053853908130566661e-02	2.245936240836713981e-12	1.053765068285155045e-02
5.300000000000000000e+01	1.472459107991409296e-15	9.306054100085464327e-17	6.303783006364949320e-24	1.999111603881258831e-03	8.883961852564643901e-07	1.177003620520916243e-24	1.771608225118124742e-17	3.954287357075189775e-14	2.289948241968639689e-14	6.095177272428090817e-24	4.116609060696331802e-28	7.462349314872882174e-03	5.946146091866882921e-02	1.053853908133127112e-02	2.250096056603048824e-12	1.053765068287300898e-02
5.310000000000000142e+01	1.472373570921432381e-15	9.305513499226893218e-17	6.303603321369773075e-24	1.999111603882785387e-03	8.883961852546016588e-07	1.177003620518448623e-24	1.771505309971015917e-17	3.954034209915791890e-14	2.289793035788959123e-14	6.094764397891576433e-24	4.116130796186889187e-28	7.462349314847268981e-03	5.946146091864322469e-02	1.053853908135687738e-02	2.254255872369375185e-12	1.053765068289446750e-02
5.320000000000000284e+01	1.472292835150308955e-15	9.305003242944417948e-17	6.303433722309530237e-24	1.999111603884311944e-03	8.883961852527390333e-07	1.177003620515981004e-24	1.771408171574838483e-17	3.953795272208532281e-14	2.289646541516451410e-14	6.094374698493113891e-24	4.115679402760012884e-28	7.462349314821655789e-03	5.946146091861762017e-02	1.053853908138248190e-02	2.258415688135693065e-12	1.053765068291592603e-02
5.330000000000000426e+01	1.472216631170616635e-15	9.304521627930521064e-17	6.303273643038599615e-24	1.999111603885838501e-03	8.883961852508766196e-07	1.177003620513513568e-24	1.771316485667908128e-17	3.953569746357825053e-14	2.289508270141697797e-14	6.094006873385336323e-24	4.115253369244080600e-28	7.462349314796042597e-03	5.946146091859201566e-02	1.053853908140808641e-02	2.262575503902001655e-12	1.053765068293738456e-02
5.340000000000000568e+01	1.472144704613623853e-15	9.304067046555348066e-17	6.303122549212722074e-24	1.999111603887365057e-03	8.883961852490141001e-07	1.177003620511046131e-24	1.771229946202872303e-17	3.953356879541354160e-14	2.289377760103253597e-14	6.093659694737294744e-24	4.114851269765199023e-28	7.462349314770429405e-03	5.946146091856641114e-02	1.053853908143369093e-02	2.266735319668301763e-12	1.053765068295883268e-02
5.350000000000000000e+01	1.472076815380010698e-15	9.303637981372840944e-17	6.302979936462939111e-24	1.999111603888891614e-03	8.883961852471512628e-07	1.177003620508578328e-24	1.771148264300823336e-17	3.953155961192356933e-14	2.289254575748314873e-14	6.093332003639226745e-24	4.114471758610196111e-28	7.462349314744823152e-03	5.946146091854080662e-02	1.053853908145929545e-02	2.270895135434592985e-12	1.053765068298027387e-02
5.360000000000000142e+01	1.472012736849269557e-15	9.303233000124036505e-17	6.302845328734794936e-24	1.999111603890418171e-03	8.883961852452887433e-07	1.177003620506110708e-24	1.771071167300077319e-17	3.952966320629648629e-14	2.289138305877650935e-14	6.093022706232021677e-24	4.114113565939894388e-28	7.462349314719218633e-03	5.946146091851520210e-02	1.053853908148489997e-02	2.275054951200875726e-12	1.053765068300171505e-02
5.370000000000000284e+01	1.471952255123705000e-15	9.302850750959146642e-17	6.302718276700243599e-24	1.999111603891944727e-03	8.883961852434261178e-07	1.177003620503643272e-24	1.770998397846582355e-17	3.952787324817631069e-14	2.289028562373232168e-14	6.092730770056483433e-24	4.113775493342898986e-28	7.462349314693614115e-03	5.946146091848959758e-02	1.053853908151050449e-02	2.279214766967149580e-12	1.053765068302315623e-02
5.380000000000000426e+01	1.471895168308437078e-15	9.302489957887073366e-17	6.302598356245168326e-24	1.999111603893471284e-03	8.883961852415635982e-07	1.177003620501175469e-24	1.770929713027645127e-17	3.952618376251979428e-14	2.288924978901927410e-14	6.092455220604851738e-24	4.113456409916561786e-28	7.462349314668009596e-03	5.946146091846399306e-02	1.053853908153610901e-02	2.283374582733414953e-12	1.053765068304459741e-02
5.390000000000000568e+01	1.471841285843720103e-15	9.302149416555647614e-17	6.302485167066805173e-24	1.999111603894997841e-03	8.883961852397008669e-07	1.177003620498707849e-24	1.770864883568599947e-17	3.952458910970259998e-14	2.288827209693633826e-14	6.092195138070523526e-24	4.113155248360131712e-28	7.462349314642405078e-03	5.946146091843838855e-02	1.053853908156171353e-02	2.287534398499671440e-12	1.053765068306603860e-02
5.400000000000000000e+01	1.471790427866257588e-15	9.301827990215069902e-17	6.302378331332080057e-24	1.999111603896524397e-03	8.883961852378383473e-07	1.177003620496240413e-24	1.770803693064366710e-17	3.952308396663845874e-14	2.288734928387046555e-14	6.091949654277556645e-24	4.112871001488748343e-28	7.462349314616799692e-03	5.946146091841278403e-02	1.053853908158731804e-02	2.291694214265919042e-12	1.053765068308747978e-02
5.410000000000000142e+01	1.471742424608959959e-15	9.301524605924349723e-17	6.302277492416697843e-24	1.999111603898050954e-03	8.883961852359758278e-07	1.177003620493772609e-24	1.770745937257258597e-17	3.952166330905027808e-14	2.288647826939844525e-14	6.091717949781595152e-24	4.112602718739947007e-28	7.462349314591195173e-03	5.946146091838717951e-02	1.053853908161292256e-02	2.295854030032158162e-12	1.053765068310892096e-02
5.420000000000000284e+01	1.471697115831343391e-15	9.301238250951369623e-17	6.302182313708600032e-24	1.999111603899577511e-03	8.883961852341129906e-07	1.177003620491304989e-24	1.770691423351661321e-17	3.952032239465468203e-14	2.288565614600066327e-14	6.091499251133501404e-24	4.112349503056644546e-28	7.462349314565590655e-03	5.946146091836157499e-02	1.053853908163852708e-02	2.300013845798388395e-12	1.053765068313036214e-02
5.430000000000000426e+01	1.471654350288525449e-15	9.300967969416899575e-17	6.302092477492499236e-24	1.999111603901104067e-03	8.883961852322503651e-07	1.177003620488837370e-24	1.770639969375146698e-17	3.951905674737204505e-14	2.288488016936419349e-14	6.091292828299885050e-24	4.112110507809443068e-28	7.462349314539986136e-03	5.946146091833597047e-02	1.053853908166413160e-02	2.304173661564610148e-12	1.053765068315180332e-02
5.440000000000000568e+01	1.471613985228641607e-15	9.300712859118230061e-17	6.302007683894119206e-24	1.999111603902630624e-03	8.883961852303879514e-07	1.177003620486369934e-24	1.770591403573779024e-17	3.951786214238572519e-14	2.288414774921839871e-14	6.091097992225243827e-24	4.111884934040617108e-28	7.462349314514384220e-03	5.946146091831036595e-02	1.053853908168973612e-02	2.308333477330823014e-12	1.053765068317324451e-02
5.450000000000000000e+01	1.471575885905377922e-15	9.300472068448365781e-17	6.301927649856193057e-24	1.999111603904157181e-03	8.883961852285252201e-07	1.177003620483902314e-24	1.770545563825619794e-17	3.951673459199655750e-14	2.288345644068700195e-14	6.090914092531302914e-24	4.111672027652695468e-28	7.462349314488788375e-03	5.946146091828476143e-02	1.053853908171534064e-02	2.312493293097026994e-12	1.053765068319468569e-02
5.460000000000000142e+01	1.471539925143092721e-15	9.300244793647503606e-17	6.301852108224910933e-24	1.999111603905683737e-03	8.883961852266625946e-07	1.177003620481434510e-24	1.770502297117485815e-17	3.951567033234191993e-14	2.288280393612240735e-14	6.090740515345049612e-24	4.111471077019984985e-28	7.462349314463192530e-03	5.946146091825915692e-02	1.053853908174094516e-02	2.316653108863222493e-12	1.053765068321612687e-02
5.470000000000000284e+01	1.471505982901782889e-15	9.300030276053641551e-17	6.301780806836081146e-24	1.999111603907210294e-03	8.883961852248003927e-07	1.177003620478967442e-24	1.770461459021541849e-17	3.951466581084597244e-14	2.288218805741141914e-14	6.090576681251748054e-24	4.111281410488328514e-28	7.462349314437596685e-03	5.946146091823355240e-02	1.053853908176654447e-02	2.320812924629409510e-12	1.053765068323756979e-02
5.480000000000000426e+01	1.471473945878737313e-15	9.299827799584978497e-17	6.301713507678320730e-24	1.999111603908736851e-03	8.883961852229393554e-07	1.177003620476501842e-24	1.770422913216021385e-17	3.951371767433941172e-14	2.288160674870414654e-14	6.090422043360739656e-24	4.111102394182314532e-28	7.462349314412000841e-03	5.946146091820794788e-02	1.053853908179213164e-02	2.324972740395587237e-12	1.053765068325901097e-02
5.490000000000000568e+01	1.471443707133528382e-15	9.299636688369825977e-17	6.301649986105295696e-24	1.999111603910263407e-03	8.883961852210782123e-07	1.177003620474035875e-24	1.770386531034029636e-17	3.951282275785570891e-14	2.288105806954315157e-14	6.090276085477751438e-24	4.110933429854819849e-28	7.462349314386404996e-03	5.946146091818234336e-02	1.053853908181771881e-02	2.329132556161756887e-12	1.053765068328045215e-02
5.500000000000000000e+01	1.471415165721854703e-15	9.299456304432481013e-17	6.301590030066537037e-24	1.999111603911789964e-03	8.883961852192169633e-07	1.177003620471570460e-24	1.770352191022996462e-17	3.951197807409156821e-14	2.288054018839282686e-14	6.090138320383428635e-24	4.110773952867330914e-28	7.462349314360809151e-03	5.946146091815673884e-02	1.053853908184330598e-02	2.333292371927917247e-12	1.053765068330189333e-02
5.510000000000000142e+01	1.471388226376692202e-15	9.299286045678061209e-17	6.301533439437659478e-24	1.999111603913316521e-03	8.883961852173558201e-07	1.177003620469104677e-24	1.770319778561047765e-17	3.951118080343566820e-14	2.288005137652498849e-14	6.090008288207111721e-24	4.110623430364736643e-28	7.462349314335213306e-03	5.946146091813113432e-02	1.053853908186889315e-02	2.337452187694069125e-12	1.053765068332333452e-02
5.520000000000000284e+01	1.471362799168833864e-15	9.299125343747093985e-17	6.301480025307249298e-24	1.999111603914843077e-03	8.883961852154946770e-07	1.177003620466639077e-24	1.770289185448580458e-17	3.951042828452564342e-14	2.287959000224665130e-14	6.089885554890974440e-24	4.110481359399454785e-28	7.462349314309617461e-03	5.946146091810552980e-02	1.053853908189448033e-02	2.341612003460212521e-12	1.053765068334477570e-02
5.530000000000000426e+01	1.471338799219287812e-15	9.298973662197860253e-17	6.301429609372726349e-24	1.999111603916369634e-03	8.883961852136335338e-07	1.177003620464173294e-24	1.770260309562229864e-17	3.950971800539844079e-14	2.287915452545429810e-14	6.089769710741564227e-24	4.110347265289876015e-28	7.462349314284021616e-03	5.946146091807992529e-02	1.053853908192006750e-02	2.345771819226346627e-12	1.053765068336621688e-02
5.540000000000000568e+01	1.471316146416977712e-15	9.298830494722228946e-17	6.301382023347314512e-24	1.999111603917896191e-03	8.883961852117722848e-07	1.177003620461707695e-24	1.770233054515216713e-17	3.950904759508216043e-14	2.287874349249015625e-14	6.089660369061518712e-24	4.110220700059651961e-28	7.462349314258425771e-03	5.946146091805432077e-02	1.053853908194565467e-02	2.349931634992472252e-12	1.053765068338765806e-02
5.550000000000000000e+01	1.471294765141866399e-15	9.298695363395774936e-17	6.301337108378417369e-24	1.999111603919422747e-03	8.883961852099112476e-07	1.177003620459241912e-24	1.770207329324217350e-17	3.950841481567416931e-14	2.287835553129007205e-14	6.089557164858648101e-24	4.110101240863244680e-28	7.462349314232829926e-03	5.946146091802871625e-02	1.053853908197124184e-02	2.354091450758588991e-12	1.053765068340909924e-02
5.560000000000000142e+01	1.471274584025325774e-15	9.298567817163312781e-17	6.301294714544245815e-24	1.999111603920949304e-03	8.883961852080501044e-07	1.177003620456776496e-24	1.770183048121054483e-17	3.950781755493956020e-14	2.287798934681164209e-14	6.089459753629960482e-24	4.109988488660221183e-28	7.462349314207234081e-03	5.946146091800311173e-02	1.053853908199682901e-02	2.358251266524697248e-12	1.053765068343054043e-02
5.570000000000000284e+01	1.471255535696462795e-15	9.298447430235642935e-17	6.301254700320915773e-24	1.999111603922475860e-03	8.883961852061890672e-07	1.177003620454310713e-24	1.770160129847480738e-17	3.950725381915207480e-14	2.287764371670230982e-14	6.089367810209039646e-24	4.109882066776182242e-28	7.462349314181638237e-03	5.946146091797750721e-02	1.053853908202241618e-02	2.362411082290797023e-12	1.053765068345198161e-02
5.580000000000000426e+01	1.471237556575798633e-15	9.298333800785591790e-17	6.301216932149049300e-24	1.999111603924002417e-03	8.883961852043278181e-07	1.177003620451844930e-24	1.770138498006941695e-17	3.950672172652737319e-14	2.287731748721889732e-14	6.089281027680891160e-24	4.109781619760479484e-28	7.462349314156042392e-03	5.946146091795190269e-02	1.053853908204800335e-02	2.366570898056887912e-12	1.053765068347342279e-02
5.590000000000000568e+01	1.471220586643570165e-15	9.298226549483670131e-17	6.301181283947053079e-24	1.999111603925528974e-03	8.883961852024665691e-07	1.177003620449379147e-24	1.770118080385807853e-17	3.950621950089080948e-14	2.287700956938311692e-14	6.089199116358911828e-24	4.109686812074446674e-28	7.462349314130446547e-03	5.946146091792629818e-02	1.053853908207359052e-02	2.370730713822969916e-12	1.053765068349486397e-02
5.600000000000000000e+01	1.471204569254106661e-15	9.298125318324898920e-17	6.301147636721173872e-24	1.999111603927055530e-03	8.883961852006056377e-07	1.177003620446913731e-24	1.770098808830034550e-17	3.950574546577918186e-14	2.287671893534087400e-14	6.089121802816649697e-24	4.109597327062606285e-28	7.462349314104850702e-03	5.946146091790069366e-02	1.053853908209917770e-02	2.374890529589043034e-12	1.053765068351630516e-02
5.610000000000000142e+01	1.471189450938218159e-15	9.298029769379909362e-17	6.301115878150399145e-24	1.999111603928582087e-03	8.883961851987444946e-07	1.177003620444448132e-24	1.770080619007406988e-17	3.950529803880940180e-14	2.287644461492947563e-14	6.089048828974488286e-24	4.109512865834960668e-28	7.462349314079254857e-03	5.946146091787508914e-02	1.053853908212476487e-02	2.379050345355108074e-12	1.053765068353774634e-02
5.620000000000000284e+01	1.471175181232499767e-15	9.297939583716122616e-17	6.301085902227864435e-24	1.999111603930108644e-03	8.883961851968832456e-07	1.177003620441981981e-24	1.770063450202162760e-17	3.950487572644483729e-14	2.287618569244485967e-14	6.088979951239792307e-24	4.109433146319916967e-28	7.462349314053659012e-03	5.946146091784948462e-02	1.053853908215035204e-02	2.383210161121163825e-12	1.053765068355918752e-02
5.630000000000000426e+01	1.471161712503954278e-15	9.297854460289349687e-17	6.301057608892457823e-24	1.999111603931635200e-03	8.883961851950219965e-07	1.177003620439516382e-24	1.770047245103983581e-17	3.950447711897878235e-14	2.287594130358498912e-14	6.088914939693695533e-24	4.109357902273614399e-28	7.462349314028063167e-03	5.946146091782388010e-02	1.053853908217593921e-02	2.387369976887211497e-12	1.053765068358062697e-02
5.640000000000000568e+01	1.471148999789162758e-15	9.297774114927344148e-17	6.301030903690963761e-24	1.999111603933161757e-03	8.883961851931609593e-07	1.177003620437050782e-24	1.770031949614493866e-17	3.950410088581621679e-14	2.287571063256080047e-14	6.088853577322524383e-24	4.109286882386683251e-28	7.462349314002467322e-03	5.946146091779827558e-02	1.053853908220152638e-02	2.391529792653249880e-12	1.053765068360205080e-02
5.650000000000000000e+01	1.471137000655609111e-15	9.297698279453357957e-17	6.301005697486753530e-24	1.999111603934688314e-03	8.883961851912999220e-07	1.177003620434585183e-24	1.770017512680409563e-17	3.950374577106163145e-14	2.287549290937014343e-14	6.088795659292822071e-24	4.109219849500827109e-28	7.462349313976871477e-03	5.946146091777267106e-02	1.053853908222711355e-02	2.395689608419279378e-12	1.053765068362347464e-02
5.660000000000000142e+01	1.471125675048202650e-15	9.297626700716154385e-17	6.300981906137377260e-24	1.999111603936214870e-03	8.883961851894385671e-07	1.177003620432119400e-24	1.770003886108878141e-17	3.950341058931366123e-14	2.287528740723687020e-14	6.088740992269895426e-24	4.109156579755605637e-28	7.462349313951275633e-03	5.946146091774706655e-02	1.053853908225270072e-02	2.399849424185300797e-12	1.053765068364489847e-02
5.670000000000000284e+01	1.471114985160442126e-15	9.297559139775749489e-17	6.300959450223927665e-24	1.999111603937741427e-03	8.883961851875773181e-07	1.177003620429653617e-24	1.769991024412471121e-17	3.950309422172827154e-14	2.287509344018349150e-14	6.088689393772180499e-24	4.109096861861804144e-28	7.462349313925679788e-03	5.946146091772146203e-02	1.053853908227828790e-02	2.404009239951312926e-12	1.053765068366632231e-02
5.680000000000000426e+01	1.471104895308595571e-15	9.297495371108241554e-17	6.300938254786734542e-24	1.999111603939267984e-03	8.883961851857164926e-07	1.177003620427188201e-24	1.769978884657800432e-17	3.950279561222159844e-14	2.287491036072919849e-14	6.088640691558895229e-24	4.109040496401859657e-28	7.462349313900092616e-03	5.946146091769585751e-02	1.053853908230387507e-02	2.408169055717316978e-12	1.053765068368774614e-02
5.690000000000000568e+01	1.471095371810339958e-15	9.297435181838756029e-17	6.300918249070413273e-24	1.999111603940794540e-03	8.883961851838551377e-07	1.177003620424722418e-24	1.769967426319499647e-17	3.950251376401489569e-14	2.287473755774027665e-14	6.088594723058170258e-24	4.108987295146428149e-28	7.462349313874505445e-03	5.946146091767025299e-02	1.053853908232946224e-02	2.412328871483311740e-12	1.053765068370916998e-02
5.700000000000000000e+01	1.471086382879793995e-15	9.297378371078099783e-17	6.300899366303383230e-24	1.999111603942321097e-03	8.883961851819939945e-07	1.177003620422256819e-24	1.769956611153934123e-17	3.950224773627709847e-14	2.287457445438257952e-14	6.088551334822498968e-24	4.108937080470629164e-28	7.462349313848918274e-03	5.946146091764464847e-02	1.053853908235504941e-02	2.416488687249298020e-12	1.053765068373059381e-02
5.710000000000000142e+01	1.471077898507365730e-15	9.297324749163346903e-17	6.300881543445452395e-24	1.999111603943847654e-03	8.883961851801328514e-07	1.177003620419790852e-24	1.769946403054635472e-17	3.950199664098860912e-14	2.287442050620737662e-14	6.088510382019298802e-24	4.108889684678493498e-28	7.462349313823331103e-03	5.946146091761904395e-02	1.053853908238063658e-02	2.420648503015275819e-12	1.053765068375201765e-02
5.720000000000000284e+01	1.471069890374490888e-15	9.297274137119009716e-17	6.300864721008719786e-24	1.999111603945374210e-03	8.883961851782718141e-07	1.177003620417325436e-24	1.769936767949722515e-17	3.950175963998223567e-14	2.287427519932391612e-14	6.088471727945033161e-24	4.108844949528763805e-28	7.462349313797743931e-03	5.946146091759343943e-02	1.053853908240622375e-02	2.424808318781244732e-12	1.053765068377344148e-02
5.730000000000000426e+01	1.471062331746810260e-15	9.297226365981890951e-17	6.300848842833169904e-24	1.999111603946900767e-03	8.883961851764104592e-07	1.177003620414859653e-24	1.769927673673370272e-17	3.950153594212625158e-14	2.287413804868931957e-14	6.088435243570098933e-24	4.108802725634706577e-28	7.462349313772156760e-03	5.946146091756783492e-02	1.053853908243181092e-02	2.428968134547204758e-12	1.053765068379486532e-02
5.740000000000000568e+01	1.471055197393696223e-15	9.297181276292494019e-17	6.300833855917632241e-24	1.999111603948427324e-03	8.883961851745495278e-07	1.177003620412394054e-24	1.769919089868990840e-17	3.950132480067821550e-14	2.287400859647853968e-14	6.088400807105348256e-24	4.108762872016221282e-28	7.462349313746569589e-03	5.946146091754223040e-02	1.053853908245739809e-02	2.433127950313156304e-12	1.053765068381628915e-02
5.750000000000000000e+01	1.471048463501502299e-15	9.297138717546752360e-17	6.300819710237542187e-24	1.999111603949953880e-03	8.883961851726883847e-07	1.177003620409928454e-24	1.769910987884856930e-17	3.950112551086012010e-14	2.287388641057128091e-14	6.088368303599539006e-24	4.108725255612518536e-28	7.462349313720982417e-03	5.946146091751662588e-02	1.053853908248298527e-02	2.437287766079098963e-12	1.053765068383771299e-02
5.760000000000000142e+01	1.471042107588816619e-15	9.297098547660420003e-17	6.300806358566913143e-24	1.999111603951480437e-03	8.883961851708272415e-07	1.177003620407462671e-24	1.769903340672138818e-17	3.950093740740254822e-14	2.287377108310123698e-14	6.088337624553324497e-24	4.108689750810006727e-28	7.462349313695395246e-03	5.946146091749102136e-02	1.053853908250857244e-02	2.441447581845032737e-12	1.053765068385913682e-02
5.770000000000000284e+01	1.471036108444036203e-15	9.297060632574546205e-17	6.300793756347213800e-24	1.999111603953006994e-03	8.883961851689659925e-07	1.177003620404997072e-24	1.769896122709794312e-17	3.950075986241986019e-14	2.287366222909587055e-14	6.088308667557617049e-24	4.108656239091423026e-28	7.462349313669808075e-03	5.946146091746541684e-02	1.053853908253415961e-02	2.445607397610958432e-12	1.053765068388056066e-02
5.780000000000000426e+01	1.471030446035874240e-15	9.297024845689863414e-17	6.300781861499355902e-24	1.999111603954533550e-03	8.883961851671048494e-07	1.177003620402531472e-24	1.769889309896896942e-17	3.950059228323496984e-14	2.287355948519160186e-14	6.088281335951503703e-24	4.108624608536950502e-28	7.462349313644220904e-03	5.946146091743981232e-02	1.053853908255974678e-02	2.449767213376874435e-12	1.053765068390198449e-02
5.790000000000000568e+01	1.471025101466276134e-15	9.296991067569222776e-17	6.300770634324805046e-24	1.999111603956060107e-03	8.883961851652438121e-07	1.177003620400065873e-24	1.769882879495983420e-17	3.950043411047519211e-14	2.287346250842243702e-14	6.088255538500317261e-24	4.108594753559481683e-28	7.462349313618632865e-03	5.946146091741420781e-02	1.053853908258533395e-02	2.453927029142782359e-12	1.053765068392340833e-02
5.800000000000000000e+01	1.471020056895433744e-15	9.296959185463668681e-17	6.300760037348044602e-24	1.999111603957586664e-03	8.883961851633825631e-07	1.177003620397599906e-24	1.769876810042835071e-17	3.950028481613383502e-14	2.287337097507098899e-14	6.088231189089804975e-24	4.108566574486572433e-28	7.462349313593045694e-03	5.946146091738860329e-02	1.053853908261092112e-02	2.458086844908681397e-12	1.053765068394483216e-02
5.810000000000000142e+01	1.471015295482211983e-15	9.296929092935941349e-17	6.300750035191438465e-24	1.999111603959113220e-03	8.883961851615214200e-07	1.177003620395134307e-24	1.769871081274800572e-17	3.950014390185793609e-14	2.287328457959356936e-14	6.088208206440173392e-24	4.108539977226297064e-28	7.462349313567458522e-03	5.946146091736299877e-02	1.053853908263650829e-02	2.462246660674571550e-12	1.053765068396625600e-02
5.820000000000000284e+01	1.471010801331311708e-15	9.296900689526537208e-17	6.300740594464246020e-24	1.999111603960639777e-03	8.883961851596602768e-07	1.177003620392668524e-24	1.769865674067226096e-17	3.950001089726675170e-14	2.287320303359584933e-14	6.088186513833660181e-24	4.108514872972764905e-28	7.462349313541871351e-03	5.946146091733739425e-02	1.053853908266209546e-02	2.466406476440453625e-12	1.053765068398767983e-02
5.830000000000000426e+01	1.471006559443325947e-15	9.296873880438048673e-17	6.300731683657687964e-24	1.999111603962166334e-03	8.883961851577993454e-07	1.177003620390203108e-24	1.769860570373360434e-17	3.949988535837604211e-14	2.287312606486832581e-14	6.088166038858003070e-24	4.108491177926028313e-28	7.462349313516284180e-03	5.946146091731178973e-02	1.053853908268768264e-02	2.470566292206326410e-12	1.053765068400910367e-02
5.840000000000000568e+01	1.471002555656649369e-15	9.296848576168052933e-17	6.300723273022935136e-24	1.999111603963692890e-03	8.883961851559379905e-07	1.177003620387737141e-24	1.769855753154468397e-17	3.949976686613572529e-14	2.287305341648614272e-14	6.088146713166835159e-24	4.108468812968129379e-28	7.462349313490697009e-03	5.946146091728618521e-02	1.053853908271326981e-02	2.474726107972190714e-12	1.053765068403052750e-02
5.850000000000000000e+01	1.470998776608639107e-15	9.296824692263624596e-17	6.300715334489510106e-24	1.999111603965219447e-03	8.883961851540767415e-07	1.177003620385271542e-24	1.769851206333095425e-17	3.949965502499873181e-14	2.287298484594024596e-14	6.088128472248715702e-24	4.108447703445282985e-28	7.462349313465109837e-03	5.946146091726058069e-02	1.053853908273885698e-02	2.478885923738046131e-12	1.053765068405195134e-02
5.860000000000000142e+01	1.470995209682587334e-15	9.296802148986201696e-17	6.300707841553898070e-24	1.999111603966746004e-03	8.883961851522155984e-07	1.177003620382805943e-24	1.769846914729271238e-17	3.949954946162796710e-14	2.287292012433661699e-14	6.088111255213949068e-24	4.108427778872074136e-28	7.462349313439522666e-03	5.946146091723497618e-02	1.053853908276444415e-02	2.483045739503893067e-12	1.053765068407337517e-02
5.870000000000000284e+01	1.470991842972179923e-15	9.296780871086967411e-17	6.300700769204885318e-24	1.999111603968272560e-03	8.883961851503545611e-07	1.177003620380340343e-24	1.769842864017742789e-17	3.949944982364579657e-14	2.287285903562784341e-14	6.088095004590302928e-24	4.108408972732243991e-28	7.462349313413935495e-03	5.946146091720937166e-02	1.053853908279003132e-02	2.487205555269731117e-12	1.053765068409479901e-02
5.880000000000000426e+01	1.470988665240330922e-15	9.296760787546683733e-17	6.300694093837088409e-24	1.999111603969799117e-03	8.883961851484934179e-07	1.177003620377874560e-24	1.769839040678453209e-17	3.949935577846648727e-14	2.287280137589801656e-14	6.088079666132731711e-24	4.108391222249084976e-28	7.462349313388348324e-03	5.946146091718376714e-02	1.053853908281561849e-02	2.491365371035560686e-12	1.053765068411622284e-02
5.890000000000000568e+01	1.470985665878850073e-15	9.296741831320773534e-17	6.300687793166217185e-24	1.999111603971325674e-03	8.883961851466321689e-07	1.177003620375408961e-24	1.769835431948005295e-17	3.949926701215880932e-14	2.287274695267762162e-14	6.088065188641097111e-24	4.108374468159585554e-28	7.462349313362761152e-03	5.946146091715816262e-02	1.053853908284120566e-02	2.495525186801381368e-12	1.053765068413764668e-02
5.900000000000000000e+01	1.470982834873351315e-15	9.296723939117547116e-17	6.300681846155372012e-24	1.999111603972852230e-03	8.883961851447709199e-07	1.177003620372942994e-24	1.769832025777449440e-17	3.949918322839933737e-14	2.287269558429482255e-14	6.088051523787601101e-24	4.108358654518684296e-28	7.462349313337173981e-03	5.946146091713255810e-02	1.053853908286679283e-02	2.499685002567193165e-12	1.053765068415907051e-02
5.910000000000000142e+01	1.470980162775777354e-15	9.296707051224570222e-17	6.300676232957324069e-24	1.999111603974378787e-03	8.883961851429098826e-07	1.177003620370477578e-24	1.769828810799222038e-17	3.949910414751724103e-14	2.287264709927667249e-14	6.088038625957587271e-24	4.108343728545367408e-28	7.462349313311586810e-03	5.946146091710695358e-02	1.053853908289238001e-02	2.503844818332996480e-12	1.053765068418049435e-02
5.920000000000000284e+01	1.470977640668338857e-15	9.296691111280718985e-17	6.300670934838754003e-24	1.999111603975905344e-03	8.883961851410487395e-07	1.177003620368011795e-24	1.769825776283755977e-17	3.949902950554354342e-14	2.287260133577781440e-14	6.088026452097505322e-24	4.108329640421433294e-28	7.462349313285999639e-03	5.946146091708134906e-02	1.053853908291796718e-02	2.508004634098790909e-12	1.053765068420191818e-02
5.930000000000000426e+01	1.470975260129042022e-15	9.296676066058356940e-17	6.300665934107851759e-24	1.999111603977431900e-03	8.883961851391875964e-07	1.177003620365546196e-24	1.769822912098011213e-17	3.949895905329884450e-14	2.287255814103453566e-14	6.088014961569587640e-24	4.108316343098602147e-28	7.462349313260412467e-03	5.946146091705574455e-02	1.053853908294355435e-02	2.512164449864576857e-12	1.053765068422334202e-02
5.940000000000000568e+01	1.470973013212357932e-15	9.296661865341129381e-17	6.300661214073698114e-24	1.999111603978958457e-03	8.883961851373264532e-07	1.177003620363080413e-24	1.769820208682211069e-17	3.949889255562777266e-14	2.287251737086221318e-14	6.088004116018311668e-24	4.108303792190701615e-28	7.462349313234825296e-03	5.946146091703014003e-02	1.053853908296914152e-02	2.516324265630353918e-12	1.053765068424476585e-02
5.950000000000000000e+01	1.470970892417612111e-15	9.296648461724202817e-17	6.300656758979866872e-24	1.999111603980485014e-03	8.883961851354653101e-07	1.177003620360614997e-24	1.769817657011813291e-17	3.949882979054744400e-14	2.287247888916704322e-14	6.087993879240437253e-24	4.108291945796818893e-28	7.462349313209238125e-03	5.946146091700453551e-02	1.053853908299472869e-02	2.520484081396122094e-12	1.053765068426618969e-02
5.960000000000000142e+01	1.470968890664954642e-15	9.296635810462380908e-17	6.300652553953943262e-24	1.999111603982011570e-03	8.883961851336042728e-07	1.177003620358149030e-24	1.769815248568595518e-17	3.949877054853900218e-14	2.287244256749192887e-14	6.087984217064204025e-24	4.108280764367210145e-28	7.462349313183650953e-03	5.946146091697893099e-02	1.053853908302031586e-02	2.524643897161882192e-12	1.053765068428761352e-02
5.970000000000000284e+01	1.470967001275383636e-15	9.296623869343860829e-17	6.300648584965558789e-24	1.999111603983538127e-03	8.883961851317431297e-07	1.177003620355683431e-24	1.769812975316620913e-17	3.949871463185670878e-14	2.287240828459325933e-14	6.087975097236825573e-24	4.108270210591494367e-28	7.462349313158063782e-03	5.946146091695332647e-02	1.053853908304590303e-02	2.528803712927633001e-12	1.053765068430903735e-02
5.980000000000000426e+01	1.470965217938291307e-15	9.296612598485120808e-17	6.300644838758227258e-24	1.999111603985064683e-03	8.883961851298818806e-07	1.177003620353217648e-24	1.769810829663193551e-17	3.949866185383934346e-14	2.287237592603194865e-14	6.087966489315521116e-24	4.108260249217481869e-28	7.462349313132476611e-03	5.946146091692772195e-02	1.053853908307149020e-02	2.532963528693375327e-12	1.053765068433046119e-02
5.990000000000000568e+01	1.470963534701255908e-15	9.296601960266399934e-17	6.300641302827880977e-24	1.999111603986591240e-03	8.883961851280206316e-07	1.177003620350752048e-24	1.769808804446570985e-17	3.949861203830780454e-14	2.287234538379260839e-14	6.087958364566386987e-24	4.108250846993976180e-28	7.462349313106889440e-03	5.946146091690211744e-02	1.053853908309707738e-02	2.537123344459109172e-12	1.053765068435188502e-02
6.000000000000000000e+01	1.470961945946957494e-15	9.296591919185805726e-17	6.300637965374400721e-24	1.999111603988117797e-03	8.883961851261597002e-07	1.177003620348286449e-24	1.769806892908196347e-17	3.949856501897150693e-14	2.287231655591949460e-14	6.087950695867512396e-24	4.108241972541918271e-28	7.462349313081302268e-03	5.946146091687651292e-02	1.053853908312266455e-02	2.541283160224833727e-12	1.053765068437330886e-02
6.010000000000000142e+01	1.470960446372217887e-15	9.296582441726845900e-17	6.300634815257566284e-24	1.999111603989644353e-03	8.883961851242985571e-07	1.177003620345820850e-24	1.769805088667475133e-17	3.949852063889029065e-14	2.287228934618577634e-14	6.087943457620937832e-24	4.108233596237165356e-28	7.462349313055715097e-03	5.946146091685090840e-02	1.053853908314825172e-02	2.545442975990549801e-12	1.053765068439473269e-02
6.020000000000000284e+01	1.470959030969440752e-15	9.296573496241129679e-17	6.300631841958081491e-24	1.999111603991170910e-03	8.883961851224372022e-07	1.177003620343354883e-24	1.769803385699446434e-17	3.949847874991439268e-14	2.287226366376608582e-14	6.087936625665556817e-24	4.108225690106889870e-28	7.462349313030127926e-03	5.946146091682530388e-02	1.053853908317383889e-02	2.549602791756257392e-12	1.053765068441615653e-02
6.030000000000000426e+01	1.470957695017411308e-15	9.296565052890213959e-17	6.300629035558240262e-24	1.999111603992697467e-03	8.883961851205760590e-07	1.177003620340889283e-24	1.769801778323712999e-17	3.949843921221870984e-14	2.287223942292973670e-14	6.087930177195626226e-24	4.108218227778079846e-28	7.462349313004540755e-03	5.946146091679969936e-02	1.053853908319942606e-02	2.553762607521955694e-12	1.053765068443758036e-02
6.040000000000000568e+01	1.470956434050275560e-15	9.296557083449567671e-17	6.300626386676768218e-24	1.999111603994224023e-03	8.883961851187150218e-07	1.177003620338423684e-24	1.769800261167120719e-17	3.949840189380219390e-14	2.287221654275626084e-14	6.087924090684835964e-24	4.108211184304317797e-28	7.462349312978953583e-03	5.946146091677409484e-02	1.053853908322501323e-02	2.557922423287645918e-12	1.053765068445900420e-02
6.050000000000000000e+01	1.470955243866089572e-15	9.296549561362579174e-17	6.300623886486773955e-24	1.999111603995750580e-03	8.883961851168539845e-07	1.177003620335958085e-24	1.769798829174039704e-17	3.949836667012388383e-14	2.287219494687135133e-14	6.087918345816456686e-24	4.108204536213442799e-28	7.462349312953366412e-03	5.946146091674849032e-02	1.053853908325060040e-02	2.562082239053326852e-12	1.053765068448042803e-02
6.060000000000000142e+01	1.470954120485273522e-15	9.296542461477996226e-17	6.300621526628480338e-24	1.999111603997277137e-03	8.883961851149927355e-07	1.177003620333492302e-24	1.769797477556381930e-17	3.949833342357641372e-14	2.287217456318715369e-14	6.087912923413793140e-24	4.108198261275526858e-28	7.462349312927779241e-03	5.946146091672288581e-02	1.053853908327618757e-02	2.566242054818999304e-12	1.053765068450185187e-02
6.070000000000000284e+01	1.470953060164482440e-15	9.296535760137599249e-17	6.300619299238367214e-24	1.999111603998803693e-03	8.883961851131315923e-07	1.177003620331026518e-24	1.769796201810289656e-17	3.949830204320043249e-14	2.287215532365755807e-14	6.087907805375554019e-24	4.108192338580297431e-28	7.462349312902192069e-03	5.946146091669728129e-02	1.053853908330177475e-02	2.570401870584663275e-12	1.053765068452327570e-02
6.080000000000000426e+01	1.470952059360163591e-15	9.296529434945858870e-17	6.300617196872601914e-24	1.999111604000330250e-03	8.883961851112704492e-07	1.177003620328561103e-24	1.769794997672286159e-17	3.949827242424566905e-14	2.287213716406711899e-14	6.087902974619272480e-24	4.108186748333593558e-28	7.462349312876604898e-03	5.946146091667167677e-02	1.053853908332736192e-02	2.574561686350318360e-12	1.053765068454469954e-02
6.090000000000000568e+01	1.470951114731356343e-15	9.296523464787648319e-17	6.300615212512936557e-24	1.999111604001856807e-03	8.883961851094092002e-07	1.177003620326095136e-24	1.769793861122647496e-17	3.949824446782524720e-14	2.287212002379086614e-14	6.087898415017690596e-24	4.108181471872962648e-28	7.462349312851017727e-03	5.946146091664607225e-02	1.053853908335294909e-02	2.578721502115964963e-12	1.053765068456612337e-02
6.100000000000000000e+01	1.470950223124732407e-15	9.296517829733695980e-17	6.300613339535278276e-24	1.999111604003383363e-03	8.883961851075481629e-07	1.177003620323629720e-24	1.769792788367402610e-17	3.949821808062240599e-14	2.287210384561454823e-14	6.087894111350853548e-24	4.108176491584118878e-28	7.462349312825430556e-03	5.946146091662046773e-02	1.053853908337853626e-02	2.582881317881602276e-12	1.053765068458754721e-02
6.110000000000000142e+01	1.470949381566255207e-15	9.296512510987857440e-17	6.300611571692158918e-24	1.999111604004909920e-03	8.883961851056870198e-07	1.177003620321163753e-24	1.769791775828295999e-17	3.949819317456180986e-14	2.287208857553355863e-14	6.087890049252664307e-24	4.108171790854316947e-28	7.462349312799843384e-03	5.946146091659486321e-02	1.053853908340412343e-02	2.587041133647231512e-12	1.053765068460897104e-02
6.120000000000000284e+01	1.470948587246736036e-15	9.296507490795847972e-17	6.300609903082408029e-24	1.999111604006436477e-03	8.883961851038257708e-07	1.177003620318698338e-24	1.769790820125412747e-17	3.949816966650893580e-14	2.287207416257765997e-14	6.087886215164183451e-24	4.108167353991688405e-28	7.462349312774256213e-03	5.946146091656925869e-02	1.053853908342971060e-02	2.591200949412851458e-12	1.053765068463039488e-02
6.130000000000000426e+01	1.470947837511744920e-15	9.296502752381468070e-17	6.300608328129949871e-24	1.999111604007963033e-03	8.883961851019646276e-07	1.177003620316232371e-24	1.769789918065038387e-17	3.949814747798723200e-14	2.287206055863615361e-14	6.087882596287103094e-24	4.108163166168853402e-28	7.462349312748669042e-03	5.946146091654365418e-02	1.053853908345529777e-02	2.595360765178463326e-12	1.053765068465181871e-02
6.140000000000000568e+01	1.470947129862372263e-15	9.296498279951416728e-17	6.300606841585403566e-24	1.999111604009489590e-03	8.883961851001035903e-07	1.177003620313766955e-24	1.769789066640573483e-17	3.949812653493554629e-14	2.287204771829902517e-14	6.087879180541661985e-24	4.108159213427197674e-28	7.462349312723081871e-03	5.946146091651804966e-02	1.053853908348088494e-02	2.599520580944065904e-12	1.053765068467324255e-02
6.150000000000000000e+01	1.470946461931901045e-15	9.296494058547858268e-17	6.300605438477082614e-24	1.999111604011016147e-03	8.883961850982425531e-07	1.177003620311301172e-24	1.769788263004468367e-17	3.949810676744321403e-14	2.287203559870519921e-14	6.087875956526013813e-24	4.108155482546527127e-28	7.462349312697494699e-03	5.946146091649244514e-02	1.053853908350647212e-02	2.603680396709660000e-12	1.053765068469466638e-02
6.160000000000000142e+01	1.470945831496847525e-15	9.296490074118210646e-17	6.300604114134186660e-24	1.999111604012542703e-03	8.883961850963814099e-07	1.177003620308835573e-24	1.769787504481508970e-17	3.949808810951723684e-14	2.287202415939360232e-14	6.087872913476942185e-24	4.108151961106772496e-28	7.462349312671907528e-03	5.946146091646684062e-02	1.053853908353205929e-02	2.607840212475245615e-12	1.053765068471609022e-02
6.170000000000000284e+01	1.470945236444336120e-15	9.296486313308938445e-17	6.300602864118267238e-24	1.999111604014069260e-03	8.883961850945200550e-07	1.177003620306369606e-24	1.769786788529557747e-17	3.949807049887473647e-14	2.287201336218268195e-14	6.087870041237364820e-24	4.108148637305715620e-28	7.462349312646320357e-03	5.946146091644123610e-02	1.053853908355764646e-02	2.612000028240821940e-12	1.053765068473751405e-02
6.180000000000000426e+01	1.470944674795890861e-15	9.296482763615918389e-17	6.300601684273198765e-24	1.999111604015595817e-03	8.883961850926589119e-07	1.177003620303904007e-24	1.769786112768182849e-17	3.949805387673454405e-14	2.287200317102685898e-14	6.087867330218689073e-24	4.108145500091897105e-28	7.462349312620733185e-03	5.946146091641563158e-02	1.053853908358323363e-02	2.616159844006390187e-12	1.053765068475893789e-02
6.190000000000000568e+01	1.470944144673069652e-15	9.296479413167254845e-17	6.300600570653002458e-24	1.999111604017122373e-03	8.883961850907977687e-07	1.177003620301438407e-24	1.769785474937311343e-17	3.949803818761337105e-14	2.287199355191074149e-14	6.087864771372184246e-24	4.108142538972645164e-28	7.462349312595146014e-03	5.946146091639002706e-02	1.053853908360882080e-02	2.620319659771949145e-12	1.053765068478036172e-02
6.200000000000000000e+01	1.470943644306498307e-15	9.296476250780365003e-17	6.300599519540806324e-24	1.999111604018648930e-03	8.883961850889367315e-07	1.177003620298972992e-24	1.769784872908093298e-17	3.949802337914738790e-14	2.287198447272698066e-14	6.087862356156758343e-24	4.108139744064544779e-28	7.462349312569558843e-03	5.946146091636442255e-02	1.053853908363440797e-02	2.624479475537499620e-12	1.053765068480178556e-02
6.210000000000000142e+01	1.470943172026976929e-15	9.296473265905779929e-17	6.300598527430178304e-24	1.999111604020175487e-03	8.883961850870754825e-07	1.177003620296507208e-24	1.769784304672208720e-17	3.949800940188501860e-14	2.287197590316346368e-14	6.087860076508903624e-24	4.108137106043740708e-28	7.462349312543971672e-03	5.946146091633881803e-02	1.053853908365999514e-02	2.628639291303042018e-12	1.053765068482320939e-02
6.220000000000000284e+01	1.470942726257285818e-15	9.296470448575353385e-17	6.300597591007903817e-24	1.999111604021702043e-03	8.883961850852143393e-07	1.177003620294041609e-24	1.769783768332004014e-17	3.949799620918478007e-14	2.287196781461768130e-14	6.087857924819854541e-24	4.108134616100183860e-28	7.462349312518384500e-03	5.946146091631321351e-02	1.053853908368558231e-02	2.632799107068574722e-12	1.053765068484463323e-02
6.230000000000000426e+01	1.470942305506733849e-15	9.296467789367797233e-17	6.300596707142532768e-24	1.999111604023228600e-03	8.883961850833534079e-07	1.177003620291576010e-24	1.769783262093930881e-17	3.949798375700078145e-14	2.287196018009144335e-14	6.087855893907591136e-24	4.108132265907160559e-28	7.462349312492797329e-03	5.946146091628760899e-02	1.053853908371116949e-02	2.636958922834099348e-12	1.053765068486605706e-02
6.240000000000000568e+01	1.470941908376345626e-15	9.296465279441485724e-17	6.300595872895287403e-24	1.999111604024755157e-03	8.883961850814920530e-07	1.177003620289110227e-24	1.769782784274794342e-17	3.949797200377067426e-14	2.287195297409521824e-14	6.087853976991568857e-24	4.108130047650278127e-28	7.462349312467210158e-03	5.946146091626200447e-02	1.053853908373675666e-02	2.641118738599615089e-12	1.053765068488748090e-02
6.250000000000000000e+01	1.470941533534756655e-15	9.296462910382088248e-17	6.300595085469406584e-24	1.999111604026281713e-03	8.883961850796309099e-07	1.177003620286644444e-24	1.769782333272742379e-17	3.949796091025067950e-14	2.287194617257586705e-14	6.087852167673152446e-24	4.108127953892809293e-28	7.462349312441622987e-03	5.946146091623639995e-02	1.053853908376234383e-02	2.645278554365121943e-12	1.053765068490890473e-02
6.260000000000000142e+01	1.470941179734799932e-15	9.296460674307416339e-17	6.300594342245010215e-24	1.999111604027808270e-03	8.883961850777697667e-07	1.177003620284178660e-24	1.769781907587229663e-17	3.949795043941429792e-14	2.287193975282703521e-14	6.087850459912139854e-24	4.108125977668344699e-28	7.462349312416035815e-03	5.946146091621079544e-02	1.053853908378793100e-02	2.649438370130620316e-12	1.053765068493032857e-02
6.270000000000000284e+01	1.470940845795452667e-15	9.296458563753318650e-17	6.300593640741161632e-24	1.999111604029334827e-03	8.883961850759086236e-07	1.177003620281712877e-24	1.769781505797291830e-17	3.949794055632146639e-14	2.287193369342340252e-14	6.087848848009030642e-24	4.108124112379950536e-28	7.462349312390448644e-03	5.946146091618519092e-02	1.053853908381351817e-02	2.653598185896110208e-12	1.053765068495175240e-02
6.280000000000000426e+01	1.470940530598463506e-15	9.296456571652354585e-17	6.300592978608784516e-24	1.999111604030861383e-03	8.883961850740475863e-07	1.177003620279247645e-24	1.769781126557487164e-17	3.949793122797220843e-14	2.287192797413905817e-14	6.087847326583333699e-24	4.108122351781323429e-28	7.462349312364861473e-03	5.946146091615958640e-02	1.053853908383910534e-02	2.657758001661590809e-12	1.053765068497317624e-02
6.290000000000000568e+01	1.470940233097721834e-15	9.296454691393030360e-17	6.300592353650349483e-24	1.999111604032387940e-03	8.883961850721863373e-07	1.177003620276781495e-24	1.769780768609175148e-17	3.949792242323944848e-14	2.287192257588152666e-14	6.087845890556231644e-24	4.108120690029130393e-28	7.462349312339274301e-03	5.946146091613398188e-02	1.053853908386469251e-02	2.661917817427062929e-12	1.053765068499460007e-02
6.300000000000000000e+01	1.470939952293548794e-15	9.296452916657297358e-17	6.300591763765862326e-24	1.999111604033914497e-03	8.883961850703253000e-07	1.177003620274315896e-24	1.769780430749576786e-17	3.949791411272146339e-14	2.287191748063465435e-14	6.087844535135011398e-24	4.108119121539397489e-28	7.462349312313687130e-03	5.946146091610837736e-02	1.053853908389027969e-02	2.666077633192526163e-12	1.053765068501602391e-02
6.310000000000000142e+01	1.470939687250557303e-15	9.296451241533435650e-17	6.300591206990383583e-24	1.999111604035441053e-03	8.883961850684641569e-07	1.177003620271850480e-24	1.769780111853267366e-17	3.949790626868305233e-14	2.287191267138938211e-14	6.087843255795009331e-24	4.108117641087273308e-28	7.462349312288099959e-03	5.946146091608277284e-02	1.053853908391586686e-02	2.670237448957980511e-12	1.053765068503744774e-02
6.320000000000000284e+01	1.470939437087521098e-15	9.296449660452033013e-17	6.300590681472752099e-24	1.999111604036967610e-03	8.883961850666030138e-07	1.177003620269384880e-24	1.769779810859988249e-17	3.949789886493713818e-14	2.287190813208934867e-14	6.087842048265028515e-24	4.108116243750447000e-28	7.462349312262512788e-03	5.946146091605716832e-02	1.053853908394145403e-02	2.674397264723426781e-12	1.053765068505887158e-02
6.330000000000000426e+01	1.470939200963694907e-15	9.296448168099512209e-17	6.300590185446840509e-24	1.999111604038494167e-03	8.883961850647418706e-07	1.177003620266919097e-24	1.769779526758183712e-17	3.949789187676664514e-14	2.287190384758473595e-14	6.087840908514861590e-24	4.108114924832719447e-28	7.462349312236925616e-03	5.946146091603156381e-02	1.053853908396704120e-02	2.678557080488863762e-12	1.053765068508029541e-02
6.340000000000000568e+01	1.470938978094154633e-15	9.296446759515088154e-17	6.300589717263780683e-24	1.999111604040020723e-03	8.883961850628806216e-07	1.177003620264453131e-24	1.769779258603461527e-17	3.949788528084257703e-14	2.287189980356933054e-14	6.087839832738876450e-24	4.108113679949697249e-28	7.462349312211338445e-03	5.946146091600595929e-02	1.053853908399262837e-02	2.682716896254292664e-12	1.053765068510171925e-02
6.350000000000000000e+01	1.470938767734907415e-15	9.296445429996676538e-17	6.300589275360696310e-24	1.999111604041547280e-03	8.883961850610195843e-07	1.177003620261987715e-24	1.769779005500676266e-17	3.949787905514410888e-14	2.287189598654238074e-14	6.087838817345645451e-24	4.108112504945628698e-28	7.462349312185751274e-03	5.946146091598035477e-02	1.053853908401821554e-02	2.686876712019712277e-12	1.053765068512314308e-02
6.360000000000000142e+01	1.470938569185375939e-15	9.296444175116571197e-17	6.300588858265902994e-24	1.999111604043073837e-03	8.883961850591583353e-07	1.177003620259521932e-24	1.769778766606918340e-17	3.949787317890407976e-14	2.287189238376603907e-14	6.087837858946712820e-24	4.108111395907266983e-28	7.462349312160164103e-03	5.946146091595475025e-02	1.053853908404380271e-02	2.691036527785123005e-12	1.053765068514456692e-02
6.370000000000000284e+01	1.470938381779151222e-15	9.296442990663016641e-17	6.300588464579497165e-24	1.999111604044600393e-03	8.883961850572970863e-07	1.177003620257056332e-24	1.769778541120388294e-17	3.949786763250353158e-14	2.287188898321733959e-14	6.087836954343701693e-24	4.108110349112224388e-28	7.462349312134576931e-03	5.946146091592914573e-02	1.053853908406938988e-02	2.695196343550525654e-12	1.053765068516599075e-02
6.380000000000000426e+01	1.470938204892202870e-15	9.296441872692095379e-17	6.300588092990599850e-24	1.999111604046126950e-03	8.883961850554360490e-07	1.177003620254590733e-24	1.769778328290275127e-17	3.949786239742671246e-14	2.287188577354305611e-14	6.087836100516492311e-24	4.108109361074832640e-28	7.462349312108989760e-03	5.946146091590354121e-02	1.053853908409497706e-02	2.699356159315919418e-12	1.053765068518741459e-02
6.390000000000000568e+01	1.470938037934607487e-15	9.296440817475442465e-17	6.300587742259976251e-24	1.999111604047653507e-03	8.883961850535749059e-07	1.177003620252124950e-24	1.769778127406804012e-17	3.949785745619685711e-14	2.287188274402966550e-14	6.087835294615115518e-24	4.108108428499932794e-28	7.462349312083402589e-03	5.946146091587793669e-02	1.053853908412056423e-02	2.703515975081304296e-12	1.053765068520883842e-02
6.400000000000000000e+01	1.470937880349206420e-15	9.296439821491776335e-17	6.300587411217221907e-24	1.999111604049180063e-03	8.883961850517137627e-07	1.177003620249659350e-24	1.769777937799621907e-17	3.949785279232539684e-14	2.287187988456442851e-14	6.087834533949416493e-24	4.108107548275389388e-28	7.462349312057815418e-03	5.946146091585233218e-02	1.053853908414615140e-02	2.707675790846680692e-12	1.053765068523026226e-02
6.410000000000000853e+01	1.470937731608576734e-15	9.296438881407740582e-17	6.300587098754395191e-24	1.999111604050706620e-03	8.883961850498525137e-07	1.177003620247193751e-24	1.769777758834151535e-17	3.949784839023918239e-14	2.287187718560317580e-14	6.087833815980460415e-24	4.108106717455159164e-28	7.462349312032228246e-03	5.946146091582672766e-02	1.053853908417173857e-02	2.711835606612045375e-12	1.053765068525168609e-02
6.420000000000000284e+01	1.470937591219089506e-15	9.296437994103562889e-17	6.300586803834545514e-24	1.999111604052233176e-03	8.883961850479915823e-07	1.177003620244727968e-24	1.769777589916477085e-17	3.949784423524263125e-14	2.287187463813283703e-14	6.087833138310670803e-24	4.108105933281962963e-28	7.462349312006641075e-03	5.946146091580112314e-02	1.053853908419732574e-02	2.715995422377401172e-12	1.053765068527310993e-02
6.429999999999999716e+01	1.470937458707695420e-15	9.296437156589539311e-17	6.300586525463956238e-24	1.999111604053759733e-03	8.883961850461303333e-07	1.177003620242262185e-24	1.769777430477442192e-17	3.949784031346140928e-14	2.287187223365289323e-14	6.087832498678691134e-24	4.108105193113482804e-28	7.462349311981053904e-03	5.946146091577551862e-02	1.053853908422291291e-02	2.720155238142747680e-12	1.053765068529453376e-02
6.440000000000000568e+01	1.470937333635842047e-15	9.296436366093982407e-17	6.300586262721371134e-24	1.999111604055286290e-03	8.883961850442690843e-07	1.177003620239796402e-24	1.769777279989396903e-17	3.949783661181635412e-14	2.287186996413534676e-14	6.087831894949005230e-24	4.108104494500083956e-28	7.462349311955466732e-03	5.946146091574991410e-02	1.053853908424850008e-02	2.724315053908086514e-12	1.053765068531595760e-02
6.450000000000000000e+01	1.470937215582765574e-15	9.296435619957632204e-17	6.300586014722906613e-24	1.999111604056812846e-03	8.883961850424080470e-07	1.177003620237330986e-24	1.769777137946092814e-17	3.949783311794537800e-14	2.287186782200668173e-14	6.087831325106870873e-24	4.108103835091493387e-28	7.462349311929879561e-03	5.946146091572430958e-02	1.053853908427408725e-02	2.728474869673416462e-12	1.053765068533738143e-02
6.460000000000000853e+01	1.470937104156103547e-15	9.296434915700726632e-17	6.300585780644337627e-24	1.999111604058339403e-03	8.883961850405469039e-07	1.177003620234865203e-24	1.769777003875452755e-17	3.949782982018176455e-14	2.287186580011411958e-14	6.087830787249563849e-24	4.108103212696089268e-28	7.462349311904292390e-03	5.946146091569870507e-02	1.053853908429967443e-02	2.732634685438737928e-12	1.053765068535880527e-02
6.470000000000000284e+01	1.470936998987229154e-15	9.296434250993516618e-17	6.300585559711302865e-24	1.999111604059865960e-03	8.883961850386856549e-07	1.177003620232399604e-24	1.769776877333958788e-17	3.949782670752833206e-14	2.287186389170934656e-14	6.087830279581969101e-24	4.108102625254822916e-28	7.462349311878705219e-03	5.946146091567310055e-02	1.053853908432526160e-02	2.736794501204049700e-12	1.053765068538022910e-02
6.479999999999999716e+01	1.470936899718789193e-15	9.296433623577505717e-17	6.300585351173123552e-24	1.999111604061392516e-03	8.883961850368246176e-07	1.177003620229933821e-24	1.769776757891657067e-17	3.949782376959162353e-14	2.287186209042767511e-14	6.087829800410865627e-24	4.108102070771624713e-28	7.462349311853118047e-03	5.946146091564749603e-02	1.053853908435084877e-02	2.740954316969352991e-12	1.053765068540165294e-02
6.490000000000000568e+01	1.470936806024297013e-15	9.296433031389271689e-17	6.300585154343958244e-24	1.999111604062919073e-03	8.883961850349634744e-07	1.177003620227468221e-24	1.769776645155729067e-17	3.949782099655932002e-14	2.287186039024933289e-14	6.087829348134981065e-24	4.108101547422830935e-28	7.462349311827530876e-03	5.946146091562189151e-02	1.053853908437643594e-02	2.745114132734648204e-12	1.053765068542307677e-02
6.500000000000000000e+01	1.470936717587834332e-15	9.296432472432185399e-17	6.300584968560166177e-24	1.999111604064445630e-03	8.883961850331023313e-07	1.177003620225002438e-24	1.769776538746074485e-17	3.949781837918120068e-14	2.287185878550331563e-14	6.087828921245674945e-24	4.108101053443812659e-28	7.462349311801943705e-03	5.946146091559628699e-02	1.053853908440202311e-02	2.749273948499934127e-12	1.053765068544450061e-02
6.510000000000000853e+01	1.470936634115332539e-15	9.296431944847712740e-17	6.300584793204008907e-24	1.999111604065972186e-03	8.883961850312410823e-07	1.177003620222536655e-24	1.769776438308879963e-17	3.949781590870352849e-14	2.287185727082752748e-14	6.087828518316565686e-24	4.108100587191988900e-28	7.462349311776356534e-03	5.946146091557068247e-02	1.053853908442761028e-02	2.753433764265211972e-12	1.053765068546592444e-02
6.520000000000000284e+01	1.470936555329614904e-15	9.296431446884072208e-17	6.300584627693228082e-24	1.999111604067498743e-03	8.883961850293799391e-07	1.177003620220070872e-24	1.769776343510655784e-17	3.949781357690407566e-14	2.287185584117092362e-14	6.087828138004009613e-24	4.108100147119129781e-28	7.462349311750769362e-03	5.946146091554507795e-02	1.053853908445319745e-02	2.757593580030480528e-12	1.053765068548734828e-02
6.529999999999999716e+01	1.470936480965782722e-15	9.296430976867088955e-17	6.300584471471360840e-24	1.999111604069025300e-03	8.883961850275189019e-07	1.177003620217605640e-24	1.769776254032686427e-17	3.949781137598654878e-14	2.287185449175968704e-14	6.087827779038059937e-24	4.108099731745587886e-28	7.462349311725182191e-03	5.946146091551947344e-02	1.053853908447878462e-02	2.761753395795740198e-12	1.053765068550877211e-02
6.540000000000000568e+01	1.470936410774462666e-15	9.296430533220699013e-17	6.300584324014557674e-24	1.999111604070551856e-03	8.883961850256576529e-07	1.177003620215139857e-24	1.769776169574934193e-17	3.949780929859619569e-14	2.287185321808869307e-14	6.087827440220259757e-24	4.108099339678437566e-28	7.462349311699595020e-03	5.946146091549386892e-02	1.053853908450437180e-02	2.765913211560991790e-12	1.053765068553019595e-02
6.550000000000000000e+01	1.470936344525566097e-15	9.296430114490729746e-17	6.300584184839475878e-24	1.999111604072078413e-03	8.883961850237965097e-07	1.177003620212674074e-24	1.769776089860564681e-17	3.949780733781531210e-14	2.287185201590574793e-14	6.087827120419527840e-24	4.108098969632470648e-28	7.462349311674007848e-03	5.946146091546826440e-02	1.053853908452995897e-02	2.770073027326234092e-12	1.053765068555161978e-02
6.560000000000000853e+01	1.470936281995923674e-15	9.296429719266729903e-17	6.300584053477313611e-24	1.999111604073604970e-03	8.883961850219353666e-07	1.177003620210208291e-24	1.769776014621069050e-17	3.949780548709394804e-14	2.287185088120152916e-14	6.087826818569275711e-24	4.108098620361129683e-28	7.462349311648420677e-03	5.946146091544265988e-02	1.053853908455554614e-02	2.774232843091468317e-12	1.053765068557304362e-02
6.570000000000000284e+01	1.470936222975271622e-15	9.296429346219815219e-17	6.300583929486372994e-24	1.999111604075131526e-03	8.883961850200743293e-07	1.177003620207742691e-24	1.769775943603464540e-17	3.949780374024805249e-14	2.287184981018577785e-14	6.087826533661212807e-24	4.108098290689942709e-28	7.462349311622833506e-03	5.946146091541705536e-02	1.053853908458113331e-02	2.778392658856692848e-12	1.053765068559446745e-02
6.579999999999999716e+01	1.470936167266863297e-15	9.296428994106537529e-17	6.300583812453358294e-24	1.999111604076658083e-03	8.883961850182130803e-07	1.177003620205276908e-24	1.769775876571033405e-17	3.949780209145518195e-14	2.287184879928640245e-14	6.087826264745098146e-24	4.108097979519940172e-28	7.462349311597246335e-03	5.946146091539145084e-02	1.053853908460672048e-02	2.782552474621909301e-12	1.053765068561589129e-02
6.590000000000000568e+01	1.470936114684585903e-15	9.296428661750646058e-17	6.300583701987307437e-24	1.999111604078184640e-03	8.883961850163519371e-07	1.177003620202811492e-24	1.769775813299851008e-17	3.949780053520080109e-14	2.287184784512620738e-14	6.087826010922546946e-24	4.108097685811553224e-28	7.462349311571659163e-03	5.946146091536584632e-02	1.053853908463230765e-02	2.786712290387117676e-12	1.053765068563731512e-02
6.600000000000000000e+01	1.470936065055337521e-15	9.296428348058123851e-17	6.300583597724590796e-24	1.999111604079711196e-03	8.883961850144907940e-07	1.177003620200345709e-24	1.769775753581647591e-17	3.949779906629724071e-14	2.287184694451829239e-14	6.087825771345833091e-24	4.108097408597886821e-28	7.462349311546071992e-03	5.946146091534024181e-02	1.053853908465789482e-02	2.790872106152316357e-12	1.053765068565873896e-02
6.610000000000000853e+01	1.470936018212039582e-15	9.296428051973022655e-17	6.300583499314228535e-24	1.999111604081237753e-03	8.883961850126298626e-07	1.177003620197880110e-24	1.769775697215400133e-17	3.949779767984871011e-14	2.287184609446216509e-14	6.087825545216740078e-24	4.108097146945686949e-28	7.462349311520484821e-03	5.946146091531463729e-02	1.053853908468348199e-02	2.795031921917506961e-12	1.053765068568016279e-02
6.620000000000000284e+01	1.470935973998341825e-15	9.296427772507191880e-17	6.300583406427785326e-24	1.999111604082764310e-03	8.883961850107684018e-07	1.177003620195414143e-24	1.769775644012993043e-17	3.949779637121803246e-14	2.287184529211837429e-14	6.087825331779934912e-24	4.108096899981629426e-28	7.462349311494897650e-03	5.946146091528903277e-02	1.053853908470906917e-02	2.799191737682687871e-12	1.053765068570158663e-02
6.629999999999999716e+01	1.470935932267088757e-15	9.296427508730602730e-17	6.300583318756132604e-24	1.999111604084290866e-03	8.883961850089072587e-07	1.177003620192948544e-24	1.769775593797374502e-17	3.949779513604486430e-14	2.287184453480970593e-14	6.087825130323236993e-24	4.108096666883748000e-28	7.462349311469310478e-03	5.946146091526342825e-02	1.053853908473465634e-02	2.803351553447860703e-12	1.053765068572301046e-02
6.640000000000000568e+01	1.470935892877090447e-15	9.296427259750925330e-17	6.300583236002680655e-24	1.999111604085817423e-03	8.883961850070463273e-07	1.177003620190482944e-24	1.769775546398670093e-17	3.949779397018779317e-14	2.287184382000549424e-14	6.087824940173417931e-24	4.108096446863399069e-28	7.462349311443723307e-03	5.946146091523782373e-02	1.053853908476024351e-02	2.807511369213025457e-12	1.053765068574443430e-02
6.650000000000000000e+01	1.470935855699387071e-15	9.296427024753119688e-17	6.300583157896525051e-24	1.999111604087343980e-03	8.883961850051850783e-07	1.177003620188017345e-24	1.769775501661720121e-17	3.949779286977891414e-14	2.287184314532200034e-14	6.087824760696402114e-24	4.108096239200248857e-28	7.462349311418136136e-03	5.946146091521221921e-02	1.053853908478583068e-02	2.811671184978180518e-12	1.053765068576585813e-02
6.660000000000000853e+01	1.470935820607533099e-15	9.296426802938042588e-17	6.300583084172047415e-24	1.999111604088870536e-03	8.883961850033238293e-07	1.177003620185551378e-24	1.769775459434389063e-17	3.949779183113262488e-14	2.287184250850739555e-14	6.087824591293129704e-24	4.108096043188015137e-28	7.462349311392548964e-03	5.946146091518661470e-02	1.053853908481141785e-02	2.815831000743327500e-12	1.053765068578728197e-02
6.670000000000000284e+01	1.470935787486245781e-15	9.296426593577097169e-17	6.300583014587074605e-24	1.999111604090397093e-03	8.883961850014628979e-07	1.177003620183085963e-24	1.769775419577973600e-17	3.949779085077682039e-14	2.287184190743309017e-14	6.087824431397393723e-24	4.108095858182760681e-28	7.462349311366961793e-03	5.946146091516101018e-02	1.053853908483700502e-02	2.819990816508465194e-12	1.053765068580870580e-02
6.679999999999999716e+01	1.470935756224404590e-15	9.296426395967992614e-17	6.300582948908181361e-24	1.999111604091923650e-03	8.883961849996016488e-07	1.177003620180620180e-24	1.769775381958777217e-17	3.949778992545585278e-14	2.287184134009652608e-14	6.087824280476463072e-24	4.108095683563801300e-28	7.462349311341374622e-03	5.946146091513540566e-02	1.053853908486259219e-02	2.824150632273594001e-12	1.053765068583012963e-02
6.690000000000000568e+01	1.470935726716604891e-15	9.296426209444564238e-17	6.300582886913947158e-24	1.999111604093450206e-03	8.883961849977406116e-07	1.177003620178154580e-24	1.769775346449980046e-17	3.949778905206758017e-14	2.287184080460342737e-14	6.087824138026416545e-24	4.108095518742374604e-28	7.462349311315787451e-03	5.946146091510980114e-02	1.053853908488817936e-02	2.828310448038715134e-12	1.053765068585155347e-02
6.700000000000000000e+01	1.470935698864194697e-15	9.296426033383325964e-17	6.300582828397136751e-24	1.999111604094976763e-03	8.883961849958793626e-07	1.177003620175688981e-24	1.769775312932889028e-17	3.949778822768378245e-14	2.287184029916099718e-14	6.087824003570338453e-24	4.108095363167445196e-28	7.462349311290200279e-03	5.946146091508419662e-02	1.053853908491376654e-02	2.832470263803826978e-12	1.053765068587297730e-02
6.710000000000000853e+01	1.470935672576287963e-15	9.296425867209867491e-17	6.300582773166828551e-24	1.999111604096503320e-03	8.883961849940182194e-07	1.177003620173223014e-24	1.769775281298152326e-17	3.949778744957533536e-14	2.287183982208554762e-14	6.087823876660374999e-24	4.108095216331350221e-28	7.462349311264613108e-03	5.946146091505859210e-02	1.053853908493935371e-02	2.836630079568930340e-12	1.053765068589440114e-02
6.720000000000000284e+01	1.470935647765041083e-15	9.296425710369013166e-17	6.300582721038492720e-24	1.999111604098029876e-03	8.883961849921569704e-07	1.177003620170757415e-24	1.769775251440079834e-17	3.949778671513600654e-14	2.287183937178277184e-14	6.087823756872411495e-24	4.108095077743421769e-28	7.462349311239025937e-03	5.946146091503298758e-02	1.053853908496494088e-02	2.840789895334024412e-12	1.053765068591582497e-02
6.729999999999999716e+01	1.470935624347207734e-15	9.296425562334639604e-17	6.300582671837256108e-24	1.999111604099556433e-03	8.883961849902959331e-07	1.177003620168291999e-24	1.769775223258512719e-17	3.949778602193971425e-14	2.287183894675875662e-14	6.087823643809028728e-24	4.108094946938670895e-28	7.462349311213438766e-03	5.946146091500738307e-02	1.053853908499052805e-02	2.844949711099110003e-12	1.053765068593724881e-02
6.740000000000000568e+01	1.470935602242087447e-15	9.296425422596710020e-17	6.300582625393593326e-24	1.999111604101082990e-03	8.883961849884347900e-07	1.177003620165826216e-24	1.769775196656354529e-17	3.949778536764821796e-14	2.287183854559324942e-14	6.087823537092372856e-24	4.108094823466328805e-28	7.462349311187851594e-03	5.946146091498177855e-02	1.053853908501611522e-02	2.849109526864187515e-12	1.053765068595867264e-02
6.750000000000000000e+01	1.470935581378005306e-15	9.296425290702239527e-17	6.300582581556940445e-24	1.999111604102609546e-03	8.883961849865735410e-07	1.177003620163360433e-24	1.769775171547369825e-17	3.949778475006830133e-14	2.287183816694131495e-14	6.087823436364711560e-24	4.108094706926042960e-28	7.462349311162264423e-03	5.946146091495617403e-02	1.053853908504170239e-02	2.853269342629255334e-12	1.053765068598009648e-02
6.760000000000000853e+01	1.470935561685274915e-15	9.296425166210800918e-17	6.300582540180908747e-24	1.999111604104136103e-03	8.883961849847125037e-07	1.177003620160894650e-24	1.769775147847712862e-17	3.949778416715147562e-14	2.287183780953871843e-14	6.087823341289735173e-24	4.108094596928567173e-28	7.462349311136677252e-03	5.946146091493056951e-02	1.053853908506728956e-02	2.857429158394315075e-12	1.053765068600152031e-02
6.770000000000000284e+01	1.470935543099286595e-15	9.296425048714058837e-17	6.300582501129774919e-24	1.999111604105662660e-03	8.883961849828514664e-07	1.177003620158429234e-24	1.769775125479649100e-17	3.949778361694820677e-14	2.287183747219227934e-14	6.087823251550056546e-24	4.108094493113009469e-28	7.462349311111090081e-03	5.946146091490496499e-02	1.053853908509287673e-02	2.861588974159365930e-12	1.053765068602294415e-02
6.779999999999999716e+01	1.470935525555336396e-15	9.296424937803075183e-17	6.300582464267615814e-24	1.999111604107189216e-03	8.883961849809902174e-07	1.177003620155963451e-24	1.769775104365327522e-17	3.949778309763514694e-14	2.287183715378186883e-14	6.087823166847654065e-24	4.108094395117955020e-28	7.462349311085502909e-03	5.946146091487936047e-02	1.053853908511846391e-02	2.865748789924407900e-12	1.053765068604436798e-02
6.790000000000000568e+01	1.470935508997938012e-15	9.296424833127174169e-17	6.300582429477874556e-24	1.999111604108715773e-03	8.883961849791289684e-07	1.177003620153497668e-24	1.769775084437990157e-17	3.949778260746464106e-14	2.287183685324088386e-14	6.087823086898848618e-24	4.108094302633471580e-28	7.462349311059915738e-03	5.946146091485375595e-02	1.053853908514405108e-02	2.869908605689441388e-12	1.053765068606579182e-02
6.800000000000000000e+01	1.470935493367655309e-15	9.296424734310715022e-17	6.300582396635697480e-24	1.999111604110242330e-03	8.883961849772678252e-07	1.177003620151032068e-24	1.769775065626125839e-17	3.949778214481065115e-14	2.287183656957001435e-14	6.087823011437735301e-24	4.108094215327570245e-28	7.462349311034328567e-03	5.946146091482815144e-02	1.053853908516963825e-02	2.874068421454465990e-12	1.053765068608721565e-02
6.810000000000000853e+01	1.470935478617812374e-15	9.296424641058704440e-17	6.300582365643030727e-24	1.999111604111768886e-03	8.883961849754066821e-07	1.177003620148566285e-24	1.769775047873573836e-17	3.949778170812004264e-14	2.287183630181824746e-14	6.087822940211420464e-24	4.108094132939532373e-28	7.462349311008741395e-03	5.946146091480254692e-02	1.053853908519522542e-02	2.878228237219482110e-12	1.053765068610863949e-02
6.820000000000000284e+01	1.470935464692714443e-15	9.296424553019141592e-17	6.300582336382879547e-24	1.999111604113295443e-03	8.883961849735456448e-07	1.177003620146100870e-24	1.769775031113326267e-17	3.949778129593146015e-14	2.287183604909224872e-14	6.087822872982157434e-24	4.108094055158264323e-28	7.462349310983154224e-03	5.946146091477694240e-02	1.053853908522081259e-02	2.882388052984489344e-12	1.053765068613006332e-02
6.829999999999999716e+01	1.470935451550784997e-15	9.296424469929268005e-17	6.300582308767905445e-24	1.999111604114822000e-03	8.883961849716843958e-07	1.177003620143634903e-24	1.769775015295358874e-17	3.949778090687011476e-14	2.287183581054561139e-14	6.087822809524872106e-24	4.108093981751533497e-28	7.462349310957567053e-03	5.946146091475133788e-02	1.053853908524639976e-02	2.886547868749487693e-12	1.053765068615148716e-02
6.840000000000000568e+01	1.470935439145958898e-15	9.296424391497943469e-17	6.300582282701340991e-24	1.999111604116348556e-03	8.883961849698232527e-07	1.177003620141169303e-24	1.769775000364248017e-17	3.949778053964625046e-14	2.287183558538560914e-14	6.087822749628644792e-24	4.108093912462033696e-28	7.462349310931979882e-03	5.946146091472573336e-02	1.053853908527198693e-02	2.890707684514477964e-12	1.053765068617291099e-02
6.850000000000000000e+01	1.470935427440300220e-15	9.296424317485408503e-17	6.300582258103495014e-24	1.999111604117875113e-03	8.883961849679622154e-07	1.177003620138703704e-24	1.769774986274350387e-17	3.949778019304319760e-14	2.287183537286303237e-14	6.087822693094232139e-24	4.108093847077865274e-28	7.462349310906392710e-03	5.946146091470012884e-02	1.053853908529757410e-02	2.894867500279458945e-12	1.053765068619433483e-02
6.860000000000000853e+01	1.470935416388225028e-15	9.296424247603569870e-17	6.300582234878611011e-24	1.999111604119401669e-03	8.883961849661011781e-07	1.177003620136238288e-24	1.769774972970820739e-17	3.949777986589390905e-14	2.287183517227019712e-14	6.087822639733263381e-24	4.108093785344410730e-28	7.462349310880805539e-03	5.946146091467452433e-02	1.053853908532316128e-02	2.899027316044431444e-12	1.053765068621575866e-02
6.870000000000000284e+01	1.470935405959013109e-15	9.296424181658280275e-17	6.300582212962155811e-24	1.999111604120928226e-03	8.883961849642397174e-07	1.177003620133772322e-24	1.769774960416698165e-17	3.949777955709310863e-14	2.287183498293240014e-14	6.087822589366369836e-24	4.108093727090080284e-28	7.462349310855218368e-03	5.946146091464891981e-02	1.053853908534874845e-02	2.903187131809394654e-12	1.053765068623718250e-02
6.879999999999999716e+01	1.470935396115026921e-15	9.296424119411657479e-17	6.300582192275065664e-24	1.999111604122454783e-03	8.883961849623787860e-07	1.177003620131306906e-24	1.769774948566697737e-17	3.949777926562466146e-14	2.287183480421758396e-14	6.087822541825362506e-24	4.108093672104635220e-28	7.462349310829631197e-03	5.946146091462331529e-02	1.053853908537433562e-02	2.907346947574349786e-12	1.053765068625860633e-02
6.890000000000000568e+01	1.470935386823155803e-15	9.296424060654445032e-17	6.300582172747785834e-24	1.999111604123981339e-03	8.883961849605175370e-07	1.177003620128840939e-24	1.769774937380983209e-17	3.949777899052018714e-14	2.287183463553354439e-14	6.087822496952700170e-24	4.108093620203134633e-28	7.462349310804044025e-03	5.946146091459771077e-02	1.053853908539992279e-02	2.911506763339296435e-12	1.053765068628003017e-02
6.900000000000000000e+01	1.470935378053369200e-15	9.296424005196845468e-17	6.300582154317231948e-24	1.999111604125507896e-03	8.883961849586563938e-07	1.177003620126375523e-24	1.769774926823421057e-17	3.949777873084039214e-14	2.287183447631236155e-14	6.087822454597325924e-24	4.108093571217835251e-28	7.462349310778456854e-03	5.946146091457210625e-02	1.053853908542550996e-02	2.915666579104233392e-12	1.053765068630145400e-02
6.910000000000000853e+01	1.470935369770968673e-15	9.296423952819565315e-17	6.300582136910516009e-24	1.999111604127034453e-03	8.883961849567952507e-07	1.177003620123909557e-24	1.769774916852265437e-17	3.949777848563589183e-14	2.287183432595980228e-14	6.087822414601130638e-24	4.108093524954925612e-28	7.462349310752869683e-03	5.946146091454650173e-02	1.053853908545109713e-02	2.919826394869162270e-12	1.053765068632287784e-02
6.920000000000000284e+01	1.470935361953504816e-15	9.296423903380720542e-17	6.300582120480475715e-24	1.999111604128561009e-03	8.883961849549342134e-07	1.177003620121443957e-24	1.769774907440504336e-17	3.949777825419736772e-14	2.287183418405377868e-14	6.087822376851845783e-24	4.108093481289006320e-28	7.462349310727282511e-03	5.946146091452089721e-02	1.053853908547668430e-02	2.923986210634082263e-12	1.053765068634430167e-02
6.929999999999999716e+01	1.470935354581431235e-15	9.296423856756775534e-17	6.300582104986054721e-24	1.999111604130087566e-03	8.883961849530730703e-07	1.177003620118978174e-24	1.769774898564620761e-17	3.949777803585240109e-14	2.287183405016656719e-14	6.087822341235759179e-24	4.108093440110898959e-28	7.462349310701695340e-03	5.946146091449529270e-02	1.053853908550227148e-02	2.928146026398993370e-12	1.053765068636572551e-02
6.940000000000000568e+01	1.470935347622046687e-15	9.296423812741054895e-17	6.300582090358553463e-24	1.999111604131614123e-03	8.883961849512118212e-07	1.177003620116512575e-24	1.769774890185269968e-17	3.949777782975487236e-14	2.287183392379351142e-14	6.087822307618540475e-24	4.108093401237942370e-28	7.462349310676108169e-03	5.946146091446968818e-02	1.053853908552785865e-02	2.932305842163896399e-12	1.053765068638714934e-02
6.950000000000000000e+01	1.470935341051957304e-15	9.296423771185711301e-17	6.300582076548833340e-24	1.999111604133140679e-03	8.883961849493506781e-07	1.177003620114046975e-24	1.769774882274305337e-17	3.949777763521817593e-14	2.287183380451091733e-14	6.087822275887478863e-24	4.108093364539468274e-28	7.462349310650520998e-03	5.946146091444408366e-02	1.053853908555344582e-02	2.936465657928790139e-12	1.053765068640857318e-02
6.960000000000000853e+01	1.470935334848101526e-15	9.296423731944994071e-17	6.300582063508449290e-24	1.999111604134667236e-03	8.883961849474896408e-07	1.177003620111581376e-24	1.769774874803979919e-17	3.949777745146839507e-14	2.287183369183798681e-14	6.087822245914729784e-24	4.108093329886662140e-28	7.462349310624933826e-03	5.946146091441847914e-02	1.053853908557903299e-02	2.940625473693675800e-12	1.053765068642999701e-02
6.970000000000000284e+01	1.470935328993654924e-15	9.296423694912565987e-17	6.300582051202057138e-24	1.999111604136193793e-03	8.883961849456283918e-07	1.177003620109115409e-24	1.769774867754051420e-17	3.949777727813760506e-14	2.287183358555624327e-14	6.087822217642099653e-24	4.108093297185547738e-28	7.462349310599346655e-03	5.946146091439287462e-02	1.053853908560462016e-02	2.944785289458552172e-12	1.053765068645142085e-02
6.979999999999999716e+01	1.470935323466519924e-15	9.296423659948775252e-17	6.300582039583238814e-24	1.999111604137720349e-03	8.883961849437671428e-07	1.177003620106649993e-24	1.769774861097932453e-17	3.949777711441753269e-14	2.287183348516384178e-14	6.087822190936178678e-24	4.108093266312693317e-28	7.462349310573759484e-03	5.946146091436727010e-02	1.053853908563020733e-02	2.948945105223419658e-12	1.053765068647284468e-02
6.990000000000000568e+01	1.470935318253677956e-15	9.296423626971341206e-17	6.300582028624644974e-24	1.999111604139246906e-03	8.883961849419059996e-07	1.177003620104184027e-24	1.769774854819958892e-17	3.949777696002478759e-14	2.287183339049100056e-14	6.087822165751740450e-24	4.108093237195382024e-28	7.462349310548172313e-03	5.946146091434166558e-02	1.053853908565579450e-02	2.953104920988279066e-12	1.053765068649426852e-02
7.000000000000000000e+01	1.470935313331939072e-15	9.296423595833697191e-17	6.300582018277561662e-24	1.999111604140773463e-03	8.883961849400449624e-07	1.177003620101718795e-24	1.769774848892230637e-17	3.949777681427733323e-14	2.287183330112475092e-14	6.087822141978922530e-24	4.108093209704080969e-28	7.462349310522585141e-03	5.946146091431606107e-02	1.053853908568138167e-02	2.957264736753128781e-12	1.053765068651569235e-02
7.010000000000000853e+01	1.470935308689169015e-15	9.296423566459159764e-17	6.300582008516500488e-24	1.999111604142300019e-03	8.883961849381839251e-07	1.177003620099253012e-24	1.769774843300147289e-17	3.949777667672040708e-14	2.287183321677104337e-14	6.087822119539570709e-24	4.108093183771014838e-28	7.462349310496997970e-03	5.946146091429045655e-02	1.053853908570696885e-02	2.961424552517970822e-12	1.053765068653711619e-02
7.020000000000000284e+01	1.470935304305639753e-15	9.296423538723044530e-17	6.300581999300017194e-24	1.999111604143826576e-03	8.883961849363225702e-07	1.177003620096787045e-24	1.769774838019974304e-17	3.949777654688790594e-14	2.287183313715397540e-14	6.087822098360213649e-24	4.108093159285986417e-28	7.462349310471410799e-03	5.946146091426485203e-02	1.053853908573255602e-02	2.965584368282803977e-12	1.053765068655854002e-02
7.029999999999999716e+01	1.470935300168875451e-15	9.296423512546499909e-17	6.300581990601906338e-24	1.999111604145353133e-03	8.883961849344614271e-07	1.177003620094321445e-24	1.769774833036698674e-17	3.949777642433298744e-14	2.287183306200299927e-14	6.087822078368925057e-24	4.108093136179308348e-28	7.462349310445823627e-03	5.946146091423924751e-02	1.053853908575814319e-02	2.969744184047627842e-12	1.053765068657996386e-02
7.040000000000000568e+01	1.470935296264651173e-15	9.296423487839627807e-17	6.300581982392283179e-24	1.999111604146879689e-03	8.883961849326004957e-07	1.177003620091855846e-24	1.769774828333207663e-17	3.949777630865664573e-14	2.287183299106562585e-14	6.087822059498529103e-24	4.108093114371528578e-28	7.462349310420236456e-03	5.946146091421364299e-02	1.053853908578373036e-02	2.973903999812443629e-12	1.053765068660138769e-02
7.050000000000000000e+01	1.470935292578532932e-15	9.296423464511201390e-17	6.300581974640829514e-24	1.999111604148406246e-03	8.883961849307392467e-07	1.177003620089390247e-24	1.769774823892133389e-17	3.949777619947171419e-14	2.287183292410993318e-14	6.087822041687304252e-24	4.108093093782019308e-28	7.462349310394649285e-03	5.946146091418803847e-02	1.053853908580931753e-02	2.978063815577250127e-12	1.053765068662281153e-02
7.060000000000000853e+01	1.470935289100549922e-15	9.296423442498209161e-17	6.300581967326599504e-24	1.999111604149932803e-03	8.883961849288779976e-07	1.177003620086924280e-24	1.769774819701480545e-17	3.949777609639861189e-14	2.287183286090031691e-14	6.087822024872629717e-24	4.108093074355090022e-28	7.462349310369062114e-03	5.946146091416243395e-02	1.053853908583490470e-02	2.982223631342048547e-12	1.053765068664423536e-02
7.070000000000000284e+01	1.470935285813945554e-15	9.296423421694741612e-17	6.300581960414391501e-24	1.999111604151459359e-03	8.883961849270168545e-07	1.177003620084458497e-24	1.769774815741087878e-17	3.949777599904864497e-14	2.287183280120427134e-14	6.087822008992584127e-24	4.108093055997142951e-28	7.462349310343474942e-03	5.946146091413682944e-02	1.053853908586049187e-02	2.986383447106838081e-12	1.053765068666565920e-02
7.079999999999999716e+01	1.470935282716348906e-15	9.296423402085816550e-17	6.300581953899225817e-24	1.999111604152985916e-03	8.883961849251557114e-07	1.177003620081992897e-24	1.769774812008102549e-17	3.949777590722846677e-14	2.287183274489455636e-14	6.087821994013397735e-24	4.108093038694933694e-28	7.462349310317887771e-03	5.946146091411122492e-02	1.053853908588607904e-02	2.990543262871618325e-12	1.053765068668708303e-02
7.090000000000000568e+01	1.470935279791285802e-15	9.296423383567320358e-17	6.300581947746495897e-24	1.999111604154512473e-03	8.883961849232946741e-07	1.177003620079527665e-24	1.769774808482703193e-17	3.949777582056444123e-14	2.287183269174577231e-14	6.087821979875046126e-24	4.108093022356442906e-28	7.462349310292300600e-03	5.946146091408562040e-02	1.053853908591166622e-02	2.994703078636390492e-12	1.053765068670850687e-02
7.100000000000000000e+01	1.470935277032255830e-15	9.296423366098162013e-17	6.300581941942546172e-24	1.999111604156039029e-03	8.883961849214335309e-07	1.177003620077061699e-24	1.769774805157068070e-17	3.949777573875757112e-14	2.287183264157561975e-14	6.087821966529092319e-24	4.108093006945360588e-28	7.462349310266713429e-03	5.946146091406001588e-02	1.053853908593725339e-02	2.998862894401153773e-12	1.053765068672993070e-02
7.110000000000000853e+01	1.470935274426443353e-15	9.296423349597353847e-17	6.300581936460456351e-24	1.999111604157565586e-03	8.883961849195722819e-07	1.177003620074595916e-24	1.769774802015779880e-17	3.949777566153556059e-14	2.287183259421799298e-14	6.087821953931286301e-24	4.108092992390105277e-28	7.462349310241126257e-03	5.946146091403441136e-02	1.053853908596284056e-02	3.003022710165908571e-12	1.053765068675135454e-02
7.120000000000000284e+01	1.470935271966782939e-15	9.296423334020236474e-17	6.300581931285383614e-24	1.999111604159092143e-03	8.883961849177112447e-07	1.177003620072130500e-24	1.769774799050336182e-17	3.949777558861932327e-14	2.287183254949839597e-14	6.087821942035254083e-24	4.108092978651208335e-28	7.462349310215539086e-03	5.946146091400880684e-02	1.053853908598842773e-02	3.007182525930653677e-12	1.053765068677277837e-02
7.129999999999999716e+01	1.470935269644394973e-15	9.296423319310688604e-17	6.300581926398673600e-24	1.999111604160618699e-03	8.883961849158501015e-07	1.177003620069664900e-24	1.769774796250053764e-17	3.949777551979132289e-14	2.287183250728725357e-14	6.087821930806497846e-24	4.108092965679072318e-28	7.462349310189951915e-03	5.946146091398320233e-02	1.053853908601401490e-02	3.011342341695390704e-12	1.053765068679420221e-02
7.140000000000000568e+01	1.470935267455463536e-15	9.296423305444599441e-17	6.300581921792312376e-24	1.999111604162145256e-03	8.883961849139888525e-07	1.177003620067198934e-24	1.769774793610341519e-17	3.949777545485589038e-14	2.287183246745949977e-14	6.087821920211798119e-24	4.108092953452382242e-28	7.462349310164364743e-03	5.946146091395759781e-02	1.053853908603960207e-02	3.015502157460119250e-12	1.053765068681562604e-02
7.150000000000000000e+01	1.470935265388651908e-15	9.296423292350314531e-17	6.300581917442483693e-24	1.999111604163671813e-03	8.883961849121276035e-07	1.177003620064733334e-24	1.769774791117559239e-17	3.949777539356969686e-14	2.287183242986730206e-14	6.087821910211773637e-24	4.108092941907817354e-28	7.462349310138777572e-03	5.946146091393199329e-02	1.053853908606518924e-02	3.019661973224838506e-12	1.053765068683704988e-02
7.160000000000000853e+01	1.470935263437668925e-15	9.296423279988076518e-17	6.300581913335973524e-24	1.999111604165198369e-03	8.883961849102664603e-07	1.177003620062267551e-24	1.769774788764138175e-17	3.949777533570907818e-14	2.287183239438153966e-14	6.087821900772093353e-24	4.108092931010235330e-28	7.462349310113190401e-03	5.946146091390638877e-02	1.053853908609077641e-02	3.023821788989550088e-12	1.053765068685847371e-02
7.170000000000000284e+01	1.470935261596317886e-15	9.296423268318723388e-17	6.300581909459763270e-24	1.999111604166724926e-03	8.883961849084054231e-07	1.177003620059801952e-24	1.769774786542622357e-17	3.949777528109784067e-14	2.287183236088525923e-14	6.087821891861648544e-24	4.108092920725022977e-28	7.462349310087603230e-03	5.946146091388078425e-02	1.053853908611636359e-02	3.027981604754252380e-12	1.053765068687989755e-02
7.179999999999999716e+01	1.470935259856765797e-15	9.296423257292744258e-17	6.300581905797398214e-24	1.999111604168251483e-03	8.883961849065443858e-07	1.177003620057336536e-24	1.769774784443587364e-17	3.949777522949680803e-14	2.287183232923763015e-14	6.087821883442974000e-24	4.108092911008426600e-28	7.462349310062016058e-03	5.946146091385517973e-02	1.053853908614195076e-02	3.032141420518945383e-12	1.053765068690132138e-02
7.190000000000000568e+01	1.470935258216007294e-15	9.296423246891148534e-17	6.300581902342565950e-24	1.999111604169778039e-03	8.883961849046832427e-07	1.177003620054870753e-24	1.769774782463417070e-17	3.949777518083558230e-14	2.287183229938973673e-14	6.087821875503054061e-24	4.108092901843661110e-28	7.462349310036428887e-03	5.946146091382957521e-02	1.053853908616753793e-02	3.036301236283630308e-12	1.053765068692274522e-02
7.200000000000000000e+01	1.470935256667198814e-15	9.296423237070686918e-17	6.300581899080890918e-24	1.999111604171304596e-03	8.883961849028220995e-07	1.177003620052404970e-24	1.769774780593878046e-17	3.949777513490178320e-14	2.287183227121432626e-14	6.087821868008037428e-24	4.108092893192501775e-28	7.462349310010841716e-03	5.946146091380397070e-02	1.053853908619312510e-02	3.040461052048306347e-12	1.053765068694416905e-02
7.210000000000000853e+01	1.470935255207547984e-15	9.296423227813703715e-17	6.300581896006505197e-24	1.999111604172831153e-03	8.883961849009608505e-07	1.177003620049939371e-24	1.769774778831609930e-17	3.949777509155069578e-14	2.287183224461907044e-14	6.087821860933403289e-24	4.108092885039344632e-28	7.462349309985254545e-03	5.946146091377836618e-02	1.053853908621871227e-02	3.044620867812974308e-12	1.053765068696559289e-02
7.220000000000000284e+01	1.470935253827939321e-15	9.296423219062596058e-17	6.300581893100262922e-24	1.999111604174357709e-03	8.883961848990997073e-07	1.177003620047473587e-24	1.769774777165645708e-17	3.949777505061935398e-14	2.287183221951312406e-14	6.087821854254919562e-24	4.108092877333281069e-28	7.462349309959667373e-03	5.946146091375276166e-02	1.053853908624429944e-02	3.048780683577632576e-12	1.053765068698701672e-02
7.229999999999999716e+01	1.470935252527402131e-15	9.296423210811224388e-17	6.300581890360122408e-24	1.999111604175884266e-03	8.883961848972387760e-07	1.177003620045008172e-24	1.769774775594818110e-17	3.949777501198680965e-14	2.287183219581335064e-14	6.087821847950525892e-24	4.108092870068886155e-28	7.462349309934080202e-03	5.946146091372715714e-02	1.053853908626988661e-02	3.052940499342282765e-12	1.053765068700844056e-02
7.240000000000000568e+01	1.470935251299296571e-15	9.296423203017629934e-17	6.300581887772137882e-24	1.999111604177410823e-03	8.883961848953774211e-07	1.177003620042542389e-24	1.769774774111137764e-17	3.949777497552148081e-14	2.287183217344163402e-14	6.087821841999401335e-24	4.108092863209072340e-28	7.462349309908493031e-03	5.946146091370155262e-02	1.053853908629547378e-02	3.057100315106924069e-12	1.053765068702986439e-02
7.250000000000000000e+01	1.470935250140516502e-15	9.296423195662173757e-17	6.300581885329781678e-24	1.999111604178937379e-03	8.883961848935161720e-07	1.177003620040076606e-24	1.769774772710866208e-17	3.949777494109716862e-14	2.287183215232255594e-14	6.087821836381509591e-24	4.108092856736485944e-28	7.462349309882905860e-03	5.946146091367594810e-02	1.053853908632106096e-02	3.061260130871556084e-12	1.053765068705128823e-02
7.260000000000000853e+01	1.470935249044776477e-15	9.296423188705137943e-17	6.300581883019851525e-24	1.999111604180463936e-03	8.883961848916551348e-07	1.177003620037610639e-24	1.769774771386443012e-17	3.949777490859874990e-14	2.287183213238585415e-14	6.087821831078112543e-24	4.108092850616025897e-28	7.462349309857318688e-03	5.946146091365034358e-02	1.053853908634664813e-02	3.065419946636180424e-12	1.053765068707271206e-02
7.270000000000000284e+01	1.470935248012023052e-15	9.296423182146181064e-17	6.300581880842237219e-24	1.999111604181990492e-03	8.883961848897942034e-07	1.177003620035145407e-24	1.769774770137802540e-17	3.949777487791422532e-14	2.287183211356327954e-14	6.087821826071118601e-24	4.108092844847386381e-28	7.462349309831731517e-03	5.946146091362473907e-02	1.053853908637223530e-02	3.069579762400795475e-12	1.053765068709413590e-02
7.279999999999999716e+01	1.470935247039440978e-15	9.296423175967511840e-17	6.300581878791021618e-24	1.999111604183517049e-03	8.883961848879327426e-07	1.177003620032679256e-24	1.769774768961558545e-17	3.949777484896199512e-14	2.287183209579433280e-14	6.087821821344441857e-24	4.108092839414846843e-28	7.462349309806144346e-03	5.946146091359913455e-02	1.053853908639782247e-02	3.073739578165401640e-12	1.053765068711555973e-02
7.290000000000000568e+01	1.470935246118083784e-15	9.296423170112589900e-17	6.300581876847412973e-24	1.999111604185043606e-03	8.883961848860717053e-07	1.177003620030213841e-24	1.769774767846946157e-17	3.949777482162875992e-14	2.287183207902280917e-14	6.087821816883034515e-24	4.108092834268432274e-28	7.462349309780557174e-03	5.946146091357353003e-02	1.053853908642340964e-02	3.077899393929999727e-12	1.053765068713698357e-02
7.300000000000000000e+01	1.470935245250110582e-15	9.296423164595055140e-17	6.300581875015945755e-24	1.999111604186570162e-03	8.883961848842104563e-07	1.177003620027747874e-24	1.769774766796563995e-17	3.949777479580735456e-14	2.287183206318449536e-14	6.087821812669908478e-24	4.108092829420205049e-28	7.462349309754970003e-03	5.946146091354792551e-02	1.053853908644899681e-02	3.082059209694588120e-12	1.053765068715840740e-02
7.310000000000000853e+01	1.470935244430434995e-15	9.296423159382767642e-17	6.300581873285936188e-24	1.999111604188096719e-03	8.883961848823495249e-07	1.177003620025282642e-24	1.769774765804290684e-17	3.949777477143428521e-14	2.287183204822223368e-14	6.087821808689827870e-24	4.108092824841752666e-28	7.462349309729382832e-03	5.946146091352232099e-02	1.053853908647458398e-02	3.086219025459168436e-12	1.053765068717983124e-02
7.320000000000000284e+01	1.470935243657724439e-15	9.296423154467301386e-17	6.300581871654585128e-24	1.999111604189623276e-03	8.883961848804881700e-07	1.177003620022816859e-24	1.769774764868524773e-17	3.949777474843252116e-14	2.287183203410900091e-14	6.087821804935606011e-24	4.108092820525632324e-28	7.462349309703795661e-03	5.946146091349671647e-02	1.053853908650017115e-02	3.090378841223739865e-12	1.053765068720125507e-02
7.329999999999999716e+01	1.470935242928519168e-15	9.296423149826792598e-17	6.300581870114624346e-24	1.999111604191149832e-03	8.883961848786271328e-07	1.177003620020351076e-24	1.769774763985102864e-17	3.949777472673001734e-14	2.287183202078660750e-14	6.087821801391760907e-24	4.108092816452518211e-28	7.462349309678208489e-03	5.946146091347111196e-02	1.053853908652575833e-02	3.094538656988302006e-12	1.053765068722267891e-02
7.340000000000000568e+01	1.470935242240234872e-15	9.296423145444908161e-17	6.300581868660623792e-24	1.999111604192676389e-03	8.883961848767658837e-07	1.177003620017885293e-24	1.769774763150915737e-17	3.949777470624121072e-14	2.287183200821022092e-14	6.087821798046360555e-24	4.108092812607977625e-28	7.462349309652621318e-03	5.946146091344550744e-02	1.053853908655134550e-02	3.098698472752856472e-12	1.053765068724410274e-02
7.350000000000000000e+01	1.470935241590009960e-15	9.296423141303559739e-17	6.300581867286573752e-24	1.999111604194202946e-03	8.883961848749047406e-07	1.177003620015419877e-24	1.769774762362519828e-17	3.949777468690034188e-14	2.287183199633858373e-14	6.087821794888424369e-24	4.108092808976023658e-28	7.462349309627034147e-03	5.946146091341990292e-02	1.053853908657693267e-02	3.102858288517402052e-12	1.053765068726552658e-02
7.360000000000000853e+01	1.470935240977126963e-15	9.296423137398217546e-17	6.300581865990966653e-24	1.999111604195729502e-03	8.883961848730435975e-07	1.177003620012954094e-24	1.769774761619053246e-17	3.949777466863724636e-14	2.287183198512977273e-14	6.087821791906821887e-24	4.108092805552649268e-28	7.462349309601446976e-03	5.946146091339429840e-02	1.053853908660251984e-02	3.107018104281939151e-12	1.053765068728695041e-02
7.370000000000000284e+01	1.470935240399459504e-15	9.296423133715437666e-17	6.300581864769335619e-24	1.999111604197256059e-03	8.883961848711824543e-07	1.177003620010488311e-24	1.769774760917955890e-17	3.949777465141260733e-14	2.287183197455019820e-14	6.087821789092619350e-24	4.108092802325979515e-28	7.462349309575859804e-03	5.946146091336869388e-02	1.053853908662810701e-02	3.111177920046466556e-12	1.053765068730837424e-02
7.379999999999999716e+01	1.470935239851706046e-15	9.296423130221718163e-17	6.300581863610545042e-24	1.999111604198782616e-03	8.883961848693213112e-07	1.177003620008022711e-24	1.769774760252850312e-17	3.949777463512425785e-14	2.287183196455736895e-14	6.087821786434459281e-24	4.108092799266399245e-28	7.462349309550272633e-03	5.946146091334308936e-02	1.053853908665369418e-02	3.115337735810985479e-12	1.053765068732979808e-02
7.390000000000000568e+01	1.470935239337074097e-15	9.296423126937329065e-17	6.300581862521329773e-24	1.999111604200309172e-03	8.883961848674602739e-07	1.177003620005557112e-24	1.769774759627594845e-17	3.949777461975411721e-14	2.287183195512077498e-14	6.087821783924307910e-24	4.108092796391825350e-28	7.462349309524685462e-03	5.946146091331748484e-02	1.053853908667928135e-02	3.119497551575496324e-12	1.053765068735122191e-02
7.400000000000000000e+01	1.470935238851480708e-15	9.296423123836465990e-17	6.300581861493117517e-24	1.999111604201835729e-03	8.883961848655992366e-07	1.177003620003091513e-24	1.769774759037278828e-17	3.949777460524513501e-14	2.287183194621120953e-14	6.087821781554354076e-24	4.108092793679452312e-28	7.462349309499098290e-03	5.946146091329188033e-02	1.053853908670486852e-02	3.123657367339997880e-12	1.053765068737264575e-02
7.410000000000000853e+01	1.470935238392075530e-15	9.296423120901113329e-17	6.300581860519915459e-24	1.999111604203362286e-03	8.883961848637378817e-07	1.177003620000625546e-24	1.769774758478470100e-17	3.949777459154503816e-14	2.287183193779865168e-14	6.087821779316594133e-24	4.108092791113357794e-28	7.462349309473511119e-03	5.946146091326627581e-02	1.053853908673045570e-02	3.127817183104491358e-12	1.053765068739406958e-02
7.420000000000000284e+01	1.470935237959164837e-15	9.296423118133207489e-17	6.300581859602370854e-24	1.999111604204888842e-03	8.883961848618767386e-07	1.177003619998160130e-24	1.769774757951539057e-17	3.949777457861852986e-14	2.287183192985728046e-14	6.087821777204184500e-24	4.108092788695253846e-28	7.462349309447923948e-03	5.946146091324067129e-02	1.053853908675604287e-02	3.131976998868975950e-12	1.053765068741549342e-02
7.429999999999999716e+01	1.470935237550878240e-15	9.296423115520931579e-17	6.300581858736553877e-24	1.999111604206415399e-03	8.883961848600155955e-07	1.177003619995694163e-24	1.769774757454235596e-17	3.949777456641056656e-14	2.287183192235896192e-14	6.087821775209639481e-24	4.108092786414694181e-28	7.462349309422336777e-03	5.946146091321506677e-02	1.053853908678163004e-02	3.136136814633450848e-12	1.053765068743691725e-02
7.440000000000000568e+01	1.470935237167209625e-15	9.296423113064239994e-17	6.300581857922448367e-24	1.999111604207941956e-03	8.883961848581544523e-07	1.177003619993228564e-24	1.769774756986551088e-17	3.949777455488959383e-14	2.287183191527932341e-14	6.087821773326496061e-24	4.108092784271641132e-28	7.462349309396749605e-03	5.946146091318946225e-02	1.053853908680721721e-02	3.140296630397918073e-12	1.053765068745834109e-02
7.450000000000000000e+01	1.470935236802015541e-15	9.296423110724309684e-17	6.300581857147154007e-24	1.999111604209468512e-03	8.883961848562935209e-07	1.177003619990762965e-24	1.769774756541094277e-17	3.949777454400651927e-14	2.287183190859533021e-14	6.087821771548544693e-24	4.108092782231780150e-28	7.462349309371162434e-03	5.946146091316385773e-02	1.053853908683280438e-02	3.144456446162376411e-12	1.053765068747976492e-02
7.460000000000000853e+01	1.470935236459268099e-15	9.296423108526242448e-17	6.300581856419013133e-24	1.999111604210995069e-03	8.883961848544321660e-07	1.177003619988297365e-24	1.769774756122644243e-17	3.949777453373556922e-14	2.287183190228336065e-14	6.087821769869590519e-24	4.108092780317299731e-28	7.462349309345575263e-03	5.946146091313825321e-02	1.053853908685839155e-02	3.148616261926826268e-12	1.053765068750118876e-02
7.470000000000000284e+01	1.470935236133798683e-15	9.296423106437378214e-17	6.300581855727167116e-24	1.999111604212521626e-03	8.883961848525711288e-07	1.177003619985831582e-24	1.769774755724982850e-17	3.949777452401773056e-14	2.287183189631620219e-14	6.087821768282333722e-24	4.108092778499329092e-28	7.462349309319988092e-03	5.946146091311264870e-02	1.053853908688397872e-02	3.152776077691266432e-12	1.053765068752261259e-02
7.479999999999999716e+01	1.470935235829905994e-15	9.296423104484874751e-17	6.300581855080645958e-24	1.999111604214048182e-03	8.883961848507099856e-07	1.177003619983366166e-24	1.769774755353281760e-17	3.949777451486376338e-14	2.287183189068622813e-14	6.087821766784822979e-24	4.108092776801879090e-28	7.462349309294400920e-03	5.946146091308704418e-02	1.053853908690956590e-02	3.156935893455698517e-12	1.053765068754403643e-02
7.490000000000000568e+01	1.470935235541102242e-15	9.296423102627737175e-17	6.300581854465821270e-24	1.999111604215574739e-03	8.883961848488488425e-07	1.177003619980900383e-24	1.769774754999735257e-17	3.949777450620409643e-14	2.287183188536569895e-14	6.087821765369597576e-24	4.108092775188711472e-28	7.462349309268813749e-03	5.946146091306143966e-02	1.053853908693515307e-02	3.161095709220122121e-12	1.053765068756546026e-02
7.500000000000000000e+01	1.470935235269151911e-15	9.296423100877115543e-17	6.300581853886401003e-24	1.999111604217101296e-03	8.883961848469874876e-07	1.177003619978434600e-24	1.769774754666466484e-17	3.949777449803959432e-14	2.287183188034246621e-14	6.087821764033464575e-24	4.108092773669682413e-28	7.462349309243226578e-03	5.946146091303583514e-02	1.053853908696074024e-02	3.165255524984536031e-12	1.053765068758688410e-02
7.510000000000000853e+01	1.470935235011853094e-15	9.296423099219090158e-17	6.300581853337758117e-24	1.999111604218627852e-03	8.883961848451263444e-07	1.177003619975968633e-24	1.769774754350825055e-17	3.949777449032645949e-14	2.287183187560234303e-14	6.087821762772628600e-24	4.108092772232490081e-28	7.462349309217639406e-03	5.946146091301023062e-02	1.053853908698632741e-02	3.169415340748942267e-12	1.053765068760830793e-02
7.520000000000000284e+01	1.470935234770672480e-15	9.296423097662935065e-17	6.300581852822976080e-24	1.999111604220154409e-03	8.883961848432654130e-07	1.177003619973503401e-24	1.769774754054577279e-17	3.949777448303948625e-14	2.287183187112350320e-14	6.087821761581326789e-24	4.108092770885330614e-28	7.462349309192052235e-03	5.946146091298462610e-02	1.053853908701191458e-02	3.173575156513339617e-12	1.053765068762973177e-02
7.529999999999999716e+01	1.470935234542404139e-15	9.296423096188385168e-17	6.300581852335315636e-24	1.999111604221680966e-03	8.883961848414040581e-07	1.177003619971037435e-24	1.769774753773864823e-17	3.949777447616490425e-14	2.287183186689397497e-14	6.087821760456332410e-24	4.108092769610295195e-28	7.462349309166465064e-03	5.946146091295902159e-02	1.053853908703750175e-02	3.177734972277728082e-12	1.053765068765115560e-02
7.540000000000000568e+01	1.470935234325651786e-15	9.296423094786617549e-17	6.300581851871848336e-24	1.999111604223207522e-03	8.883961848395429150e-07	1.177003619968571835e-24	1.769774753507007662e-17	3.949777446966273402e-14	2.287183186289713546e-14	6.087821759393216054e-24	4.108092768399584084e-28	7.462349309140877893e-03	5.946146091293341707e-02	1.053853908706308892e-02	3.181894788042108468e-12	1.053765068767257944e-02
7.550000000000000000e+01	1.470935234123796480e-15	9.296423093479001713e-17	6.300581851439672695e-24	1.999111604224734079e-03	8.883961848376818777e-07	1.177003619966106052e-24	1.769774753258074592e-17	3.949777446352661417e-14	2.287183185912081097e-14	6.087821758388803885e-24	4.108092767272082748e-28	7.462349309115290721e-03	5.946146091290781255e-02	1.053853908708867609e-02	3.186054603806479161e-12	1.053765068769400327e-02
7.560000000000000853e+01	1.470935233930998480e-15	9.296423092228625131e-17	6.300581851026525369e-24	1.999111604226260636e-03	8.883961848358206287e-07	1.177003619963640453e-24	1.769774753020037971e-17	3.949777445773321338e-14	2.287183185555476210e-14	6.087821757440289412e-24	4.108092766195171650e-28	7.462349309089703550e-03	5.946146091288220803e-02	1.053853908711426327e-02	3.190214419570841776e-12	1.053765068771542711e-02
7.570000000000000284e+01	1.470935233750660933e-15	9.296423091057003984e-17	6.300581850639553363e-24	1.999111604227787192e-03	8.883961848339593797e-07	1.177003619961174670e-24	1.769774752796994329e-17	3.949777445226207172e-14	2.287183185218670468e-14	6.087821756544467208e-24	4.108092765187864504e-28	7.462349309064116379e-03	5.946146091285660351e-02	1.053853908713985044e-02	3.194374235335195102e-12	1.053765068773685094e-02
7.579999999999999716e+01	1.470935233580340736e-15	9.296423089948692622e-17	6.300581850273624176e-24	1.999111604229313749e-03	8.883961848320984483e-07	1.177003619958709438e-24	1.769774752586003311e-17	3.949777444709814406e-14	2.287183184900531701e-14	6.087821755698299354e-24	4.108092764236509749e-28	7.462349309038529208e-03	5.946146091283099899e-02	1.053853908716543761e-02	3.198534051099539542e-12	1.053765068775827478e-02
7.590000000000000568e+01	1.470935233418289182e-15	9.296423088892638366e-17	6.300581849925065121e-24	1.999111604230840306e-03	8.883961848302374110e-07	1.177003619956243471e-24	1.769774752384960568e-17	3.949777444221292411e-14	2.287183184599909431e-14	6.087821754898704587e-24	4.108092763331339100e-28	7.462349309012942036e-03	5.946146091280539447e-02	1.053853908719102478e-02	3.202693866863876308e-12	1.053765068777969861e-02
7.600000000000000000e+01	1.470935233267403362e-15	9.296423087907151415e-17	6.300581849599960118e-24	1.999111604232366862e-03	8.883961848283760561e-07	1.177003619953777871e-24	1.769774752197351264e-17	3.949777443760804009e-14	2.287183184316006911e-14	6.087821754143619913e-24	4.108092762488537667e-28	7.462349308987354865e-03	5.946146091277978996e-02	1.053853908721661195e-02	3.206853682628203784e-12	1.053765068780112245e-02
7.610000000000000853e+01	1.470935233123793601e-15	9.296423086967650124e-17	6.300581849290140950e-24	1.999111604233893419e-03	8.883961848265150189e-07	1.177003619951311905e-24	1.769774752018496776e-17	3.949777443324586016e-14	2.287183184047555968e-14	6.087821753429618767e-24	4.108092761686379720e-28	7.462349308961767694e-03	5.946146091275418544e-02	1.053853908724219912e-02	3.211013498392523182e-12	1.053765068782254628e-02
7.620000000000000284e+01	1.470935232989600472e-15	9.296423086087662226e-17	6.300581849000100943e-24	1.999111604235419976e-03	8.883961848246538757e-07	1.177003619948846673e-24	1.769774751850972302e-17	3.949777442913155927e-14	2.287183183793792667e-14	6.087821752754710155e-24	4.108092760936816427e-28	7.462349308936180523e-03	5.946146091272858092e-02	1.053853908726778629e-02	3.215173314156832483e-12	1.053765068784397012e-02
7.629999999999999716e+01	1.470935232861945225e-15	9.296423085248997080e-17	6.300581848723796588e-24	1.999111604236946532e-03	8.883961848227927326e-07	1.177003619946380890e-24	1.769774751691313326e-17	3.949777442524811062e-14	2.287183183554264204e-14	6.087821752117647318e-24	4.108092760223774784e-28	7.462349308910593351e-03	5.946146091270297640e-02	1.053853908729337346e-02	3.219333129921133706e-12	1.053765068786539395e-02
7.640000000000000568e+01	1.470935232740998255e-15	9.296423084452727046e-17	6.300581848461584205e-24	1.999111604238473089e-03	8.883961848209315894e-07	1.177003619943915290e-24	1.769774751539726615e-17	3.949777442157790686e-14	2.287183183327928335e-14	6.087821751515669314e-24	4.108092759548203637e-28	7.462349308885006180e-03	5.946146091267737188e-02	1.053853908731896064e-02	3.223492945685426850e-12	1.053765068788681779e-02
7.650000000000000000e+01	1.470935232629747173e-15	9.296423083717735479e-17	6.300581848219739467e-24	1.999111604239999646e-03	8.883961848190703404e-07	1.177003619941449323e-24	1.769774751399804877e-17	3.949777441811211905e-14	2.287183183113922993e-14	6.087821750946541969e-24	4.108092758926790322e-28	7.462349308859419009e-03	5.946146091265176736e-02	1.053853908734454781e-02	3.227652761449710302e-12	1.053765068790824162e-02
7.660000000000000853e+01	1.470935232521609529e-15	9.296423083002422295e-17	6.300581847984435620e-24	1.999111604241526202e-03	8.883961848172091973e-07	1.177003619938983908e-24	1.769774751263629613e-17	3.949777441483192181e-14	2.287183182911657164e-14	6.087821750408586531e-24	4.108092758322767458e-28	7.462349308833831837e-03	5.946146091262616284e-02	1.053853908737013498e-02	3.231812577213986079e-12	1.053765068792966546e-02
7.670000000000000284e+01	1.470935232421407036e-15	9.296423082337258478e-17	6.300581847765798814e-24	1.999111604243052759e-03	8.883961848153481600e-07	1.177003619936518308e-24	1.769774751137001105e-17	3.949777441173561121e-14	2.287183182720389318e-14	6.087821749899918534e-24	4.108092757763066879e-28	7.462349308808244666e-03	5.946146091260055833e-02	1.053853908739572215e-02	3.235972392978252567e-12	1.053765068795108929e-02
7.680000000000001137e+01	1.470935232325808139e-15	9.296423081701191301e-17	6.300581847556835591e-24	1.999111604244579316e-03	8.883961848134870169e-07	1.177003619934052342e-24	1.769774751015911881e-17	3.949777440880518227e-14	2.287183182539573879e-14	6.087821749419039223e-24	4.108092757229081135e-28	7.462349308782657495e-03	5.946146091257495381e-02	1.053853908742130932e-02	3.240132208742510573e-12	1.053765068797251313e-02
7.690000000000000568e+01	1.470935232237450590e-15	9.296423081110889151e-17	6.300581847363082531e-24	1.999111604246105872e-03	8.883961848116256620e-07	1.177003619931586559e-24	1.769774750903534947e-17	3.949777440603859659e-14	2.287183182368533057e-14	6.087821748964191235e-24	4.108092756735545161e-28	7.462349308757070324e-03	5.946146091254934929e-02	1.053853908744689649e-02	3.244292024506759289e-12	1.053765068799393696e-02
7.700000000000000000e+01	1.470935232152933215e-15	9.296423080544856800e-17	6.300581847177396300e-24	1.999111604247632429e-03	8.883961848097646247e-07	1.177003619929121143e-24	1.769774750795778088e-17	3.949777440342892481e-14	2.287183182207018520e-14	6.087821748534659722e-24	4.108092756263455108e-28	7.462349308731483152e-03	5.946146091252374477e-02	1.053853908747248366e-02	3.248451840270999524e-12	1.053765068801536080e-02
7.710000000000000853e+01	1.470935232073932148e-15	9.296423080013688403e-17	6.300581847003298240e-24	1.999111604249158985e-03	8.883961848079035874e-07	1.177003619926655360e-24	1.769774750694658754e-17	3.949777440095720902e-14	2.287183182054226891e-14	6.087821748128345691e-24	4.108092755822180168e-28	7.462349308705895981e-03	5.946146091249814025e-02	1.053853908749807083e-02	3.252611656035231680e-12	1.053765068803678463e-02
7.720000000000000284e+01	1.470935231998064437e-15	9.296423079502321647e-17	6.300581846835782213e-24	1.999111604250685542e-03	8.883961848060424443e-07	1.177003619924189760e-24	1.769774750597309004e-17	3.949777439862267299e-14	2.287183181909709782e-14	6.087821747744019282e-24	4.108092755398406885e-28	7.462349308680308810e-03	5.946146091247253573e-02	1.053853908752365801e-02	3.256771471799454143e-12	1.053765068805820847e-02
7.730000000000001137e+01	1.470935231928002347e-15	9.296423079027648016e-17	6.300581846680461206e-24	1.999111604252212099e-03	8.883961848041811953e-07	1.177003619921723977e-24	1.769774750506944680e-17	3.949777439641470180e-14	2.287183181773042470e-14	6.087821747380599776e-24	4.108092755007061218e-28	7.462349308654721639e-03	5.946146091244693122e-02	1.053853908754924518e-02	3.260931287563668932e-12	1.053765068807963230e-02
7.740000000000000568e+01	1.470935231860701665e-15	9.296423078570426701e-17	6.300581846530941998e-24	1.999111604253738655e-03	8.883961848023201580e-07	1.177003619919258194e-24	1.769774750419902815e-17	3.949777439432390486e-14	2.287183181643637096e-14	6.087821747036477478e-24	4.108092754631141942e-28	7.462349308629134467e-03	5.946146091242132670e-02	1.053853908757483235e-02	3.265091103327874431e-12	1.053765068810105614e-02
7.750000000000000000e+01	1.470935231799867276e-15	9.296423078154073311e-17	6.300581846395004893e-24	1.999111604255265212e-03	8.883961848004589090e-07	1.177003619916792595e-24	1.769774750340640475e-17	3.949777439235824019e-14	2.287183181521366496e-14	6.087821746711376883e-24	4.108092754291338947e-28	7.462349308603547296e-03	5.946146091239572218e-02	1.053853908760041952e-02	3.269250919092071045e-12	1.053765068812247997e-02
7.760000000000000853e+01	1.470935231740418718e-15	9.296423077746477509e-17	6.300581846261979340e-24	1.999111604256791769e-03	8.883961847985977658e-07	1.177003619914327179e-24	1.769774750263045836e-17	3.949777439049715954e-14	2.287183181405834661e-14	6.087821746404163638e-24	4.108092753959279191e-28	7.462349308577960125e-03	5.946146091237011766e-02	1.053853908762600669e-02	3.273410734856259581e-12	1.053765068814390381e-02
7.770000000000000284e+01	1.470935231684579002e-15	9.296423077361689649e-17	6.300581846136536460e-24	1.999111604258318325e-03	8.883961847967366227e-07	1.177003619911861212e-24	1.769774750189793013e-17	3.949777438873473068e-14	2.287183181296529778e-14	6.087821746113518986e-24	4.108092753647374816e-28	7.462349308552372953e-03	5.946146091234451314e-02	1.053853908765159386e-02	3.277570550620438423e-12	1.053765068816532764e-02
7.780000000000001137e+01	1.470935231632425041e-15	9.296423077000197837e-17	6.300581846018834945e-24	1.999111604259844882e-03	8.883961847948754796e-07	1.177003619909395429e-24	1.769774750120975685e-17	3.949777438706743214e-14	2.287183181192990207e-14	6.087821745838218209e-24	4.108092753356060784e-28	7.462349308526785782e-03	5.946146091231890862e-02	1.053853908767718103e-02	3.281730366384609591e-12	1.053765068818675148e-02
7.790000000000000568e+01	1.470935231583449598e-15	9.296423076658793628e-17	6.300581845907810239e-24	1.999111604261371439e-03	8.883961847930143364e-07	1.177003619906929830e-24	1.769774750055981866e-17	3.949777438548959673e-14	2.287183181094987492e-14	6.087821745577648581e-24	4.108092753082497729e-28	7.462349308501198611e-03	5.946146091229330410e-02	1.053853908770276820e-02	3.285890182148771469e-12	1.053765068820817531e-02
7.800000000000000000e+01	1.470935231537090017e-15	9.296423076333920986e-17	6.300581845802281703e-24	1.999111604262897995e-03	8.883961847911532992e-07	1.177003619904464230e-24	1.769774749994134863e-17	3.949777438399716656e-14	2.287183181002167909e-14	6.087821745330865297e-24	4.108092752823547637e-28	7.462349308475611440e-03	5.946146091226769959e-02	1.053853908772835538e-02	3.290049997912924462e-12	1.053765068822959915e-02
7.810000000000000853e+01	1.470935231491808415e-15	9.296423076015862129e-17	6.300581845699016728e-24	1.999111604264424552e-03	8.883961847892920501e-07	1.177003619901998631e-24	1.769774749933585474e-17	3.949777438258432299e-14	2.287183180914265139e-14	6.087821745097131469e-24	4.108092752570618870e-28	7.462349308450024268e-03	5.946146091224209507e-02	1.053853908775394255e-02	3.294209813677068973e-12	1.053765068825102298e-02
7.820000000000000284e+01	1.470935231452527678e-15	9.296423075735728994e-17	6.300581845608358196e-24	1.999111604265951109e-03	8.883961847874309070e-07	1.177003619899532848e-24	1.769774749880256320e-17	3.949777438125257432e-14	2.287183180831021696e-14	6.087821744875850535e-24	4.108092752351208265e-28	7.462349308424437097e-03	5.946146091221649055e-02	1.053853908777952972e-02	3.298369629441204598e-12	1.053765068827244682e-02
7.830000000000001137e+01	1.470935231412138788e-15	9.296423075448591020e-17	6.300581845515371450e-24	1.999111604267477665e-03	8.883961847855697638e-07	1.177003619897067065e-24	1.769774749825593498e-17	3.949777437998404812e-14	2.287183180752142232e-14	6.087821744666119568e-24	4.108092752125609525e-28	7.462349308398849926e-03	5.946146091219088603e-02	1.053853908780511689e-02	3.302529445205332145e-12	1.053765068829387065e-02
7.840000000000000568e+01	1.470935231376597844e-15	9.296423075192095362e-17	6.300581845432568158e-24	1.999111604269004222e-03	8.883961847837085148e-07	1.177003619894601282e-24	1.769774749776763932e-17	3.949777437878419069e-14	2.287183180677300473e-14	6.087821744467174496e-24	4.108092751927087908e-28	7.462349308373262755e-03	5.946146091216528151e-02	1.053853908783070406e-02	3.306689260969449999e-12	1.053765068831529449e-02
7.850000000000000000e+01	1.470935231341823277e-15	9.296423074940438872e-17	6.300581845351374559e-24	1.999111604270530779e-03	8.883961847818475834e-07	1.177003619892135866e-24	1.769774749728855732e-17	3.949777437765144953e-14	2.287183180606384718e-14	6.087821744278648712e-24	4.108092751732848659e-28	7.462349308347675583e-03	5.946146091213967699e-02	1.053853908785629123e-02	3.310849076733559775e-12	1.053765068833671832e-02
7.860000000000000853e+01	1.470935231309135445e-15	9.296423074701973616e-17	6.300581845274564085e-24	1.999111604272057335e-03	8.883961847799864403e-07	1.177003619889670267e-24	1.769774749683458635e-17	3.949777437657266016e-14	2.287183180539132117e-14	6.087821744099869246e-24	4.108092751550263729e-28	7.462349308322088412e-03	5.946146091211407247e-02	1.053853908788187840e-02	3.315008892497661069e-12	1.053765068835814216e-02
7.870000000000000284e+01	1.470935231278820112e-15	9.296423074478505345e-17	6.300581845202739176e-24	1.999111604273583892e-03	8.883961847781250854e-07	1.177003619887204300e-24	1.769774749640916230e-17	3.949777437555788211e-14	2.287183180475480508e-14	6.087821743930675201e-24	4.108092751380933065e-28	7.462349308296501241e-03	5.946146091208846796e-02	1.053853908790746557e-02	3.319168708261752669e-12	1.053765068837956599e-02
7.880000000000001137e+01	1.470935231252207298e-15	9.296423074278431731e-17	6.300581845138691632e-24	1.999111604275110449e-03	8.883961847762639422e-07	1.177003619884738701e-24	1.769774749602828115e-17	3.949777437459896173e-14	2.287183180415073011e-14	6.087821743770143815e-24	4.108092751232280633e-28	7.462349308270914069e-03	5.946146091206286344e-02	1.053853908793305275e-02	3.323328524025836596e-12	1.053765068840098983e-02
7.890000000000000568e+01	1.470935231224703465e-15	9.296423074072728854e-17	6.300581845072772113e-24	1.999111604276637005e-03	8.883961847744029050e-07	1.177003619882273285e-24	1.769774749563667950e-17	3.949777437368358647e-14	2.287183180357808651e-14	6.087821743617929051e-24	4.108092751078652583e-28	7.462349308245326898e-03	5.946146091203725892e-02	1.053853908795863992e-02	3.327488339789911232e-12	1.053765068842241366e-02
7.900000000000000000e+01	1.470935231199645101e-15	9.296423073882485186e-17	6.300581845011990239e-24	1.999111604278163562e-03	8.883961847725417618e-07	1.177003619879807502e-24	1.769774749527450914e-17	3.949777437281987844e-14	2.287183180303369045e-14	6.087821743473244064e-24	4.108092750938685960e-28	7.462349308219739727e-03	5.946146091201165440e-02	1.053853908798422709e-02	3.331648155553976983e-12	1.053765068844383750e-02
7.910000000000000853e+01	1.470935231176023845e-15	9.296423073701319582e-17	6.300581844954226446e-24	1.999111604279690119e-03	8.883961847706806187e-07	1.177003619877341902e-24	1.769774749492962285e-17	3.949777437200028982e-14	2.287183180251746618e-14	6.087821743336050649e-24	4.108092750806745975e-28	7.462349308194152556e-03	5.946146091198604988e-02	1.053853908800981426e-02	3.335807971318034657e-12	1.053765068846526133e-02
7.920000000000000284e+01	1.470935231153684487e-15	9.296423073528258290e-17	6.300581844899156005e-24	1.999111604281216675e-03	8.883961847688194756e-07	1.177003619874875936e-24	1.769774749460016249e-17	3.949777437121849080e-14	2.287183180202670635e-14	6.087821743205628816e-24	4.108092750681963597e-28	7.462349308168565384e-03	5.946146091196044536e-02	1.053853908803540143e-02	3.339967787082083040e-12	1.053765068848668517e-02
7.930000000000001137e+01	1.470935231132420347e-15	9.296423073361991063e-17	6.300581844846342513e-24	1.999111604282743232e-03	8.883961847669583324e-07	1.177003619872410520e-24	1.769774749428363514e-17	3.949777437047773779e-14	2.287183180156036018e-14	6.087821743081697181e-24	4.108092750563188194e-28	7.462349308142978213e-03	5.946146091193484085e-02	1.053853908806098860e-02	3.344127602846123346e-12	1.053765068850810900e-02
7.940000000000000568e+01	1.470935231112186657e-15	9.296423073202235636e-17	6.300581844795695605e-24	1.999111604284269789e-03	8.883961847650971893e-07	1.177003619869944737e-24	1.769774749397950769e-17	3.949777436977548750e-14	2.287183180111750313e-14	6.087821742964009625e-24	4.108092750450169549e-28	7.462349308117391042e-03	5.946146091190923633e-02	1.053853908808657577e-02	3.348287418610153958e-12	1.053765068852953284e-02
7.950000000000000000e+01	1.470935231092474600e-15	9.296423073045778634e-17	6.300581844746143375e-24	1.999111604285796345e-03	8.883961847632360461e-07	1.177003619867479137e-24	1.769774749368165723e-17	3.949777436911140546e-14	2.287183180069659535e-14	6.087821742852149583e-24	4.108092750340062915e-28	7.462349308091803871e-03	5.946146091188363181e-02	1.053853908811216294e-02	3.352447234374176492e-12	1.053765068855095667e-02
7.960000000000000853e+01	1.470935231076332140e-15	9.296423072911880589e-17	6.300581844704090064e-24	1.999111604287322902e-03	8.883961847613749030e-07	1.177003619865013354e-24	1.769774749342675347e-17	3.949777436848739755e-14	2.287183180029712250e-14	6.087821742746033300e-24	4.108092750249897318e-28	7.462349308066216699e-03	5.946146091185802729e-02	1.053853908813775012e-02	3.356607050138190544e-12	1.053765068857238051e-02
7.970000000000000284e+01	1.470935231061212043e-15	9.296423072784443808e-17	6.300581844664184970e-24	1.999111604288849459e-03	8.883961847595136540e-07	1.177003619862547755e-24	1.769774749318415100e-17	3.949777436788514327e-14	2.287183179991565146e-14	6.087821742644704217e-24	4.108092750165440948e-28	7.462349308040629528e-03	5.946146091183242277e-02	1.053853908816333729e-02	3.360766865902195307e-12	1.053765068859380434e-02
7.980000000000001137e+01	1.470935231045036253e-15	9.296423072650336221e-17	6.300581844622061865e-24	1.999111604290376015e-03	8.883961847576525108e-07	1.177003619860082156e-24	1.769774749292884973e-17	3.949777436731113021e-14	2.287183179955328031e-14	6.087821742548420945e-24	4.108092750075087913e-28	7.462349308015042357e-03	5.946146091180681825e-02	1.053853908818892446e-02	3.364926681666191587e-12	1.053765068861522818e-02
7.990000000000000568e+01	1.470935231030279229e-15	9.296423072525195765e-17	6.300581844582919372e-24	1.999111604291902572e-03	8.883961847557914735e-07	1.177003619857616556e-24	1.769774749269061682e-17	3.949777436677775295e-14	2.287183179920963988e-14	6.087821742457127645e-24	4.108092749992661071e-28	7.462349307989455185e-03	5.946146091178121373e-02	1.053853908821451163e-02	3.369086497430179386e-12	1.053765068863665201e-02
8.000000000000000000e+01	1.470935231018612568e-15	9.296423072419585778e-17	6.300581844550268547e-24	1.999111604293429129e-03	8.883961847539303304e-07	1.177003619855150773e-24	1.769774749248956206e-17	3.949777436626593369e-14	2.287183179888073537e-14	6.087821742369790619e-24	4.108092749927494639e-28	7.462349307963868014e-03	5.946146091175560922e-02	1.053853908824009880e-02	3.373246313194157896e-12	1.053765068865807585e-02
8.010000000000000853e+01	1.470935231003421473e-15	9.296423072291700332e-17	6.300581844510212842e-24	1.999111604294955685e-03	8.883961847520690814e-07	1.177003619852684990e-24	1.769774749224610603e-17	3.949777436577107808e-14	2.287183179856934357e-14	6.087821742287038755e-24	4.108092749842641869e-28	7.462349307938280843e-03	5.946146091173000470e-02	1.053853908826568597e-02	3.377406128958128327e-12	1.053765068867949968e-02
8.020000000000000284e+01	1.470935230993794412e-15	9.296423072198980826e-17	6.300581844481846694e-24	1.999111604296482242e-03	8.883961847502079382e-07	1.177003619850219207e-24	1.769774749206959532e-17	3.949777436531688353e-14	2.287183179827164640e-14	6.087821742208011005e-24	4.108092749788867881e-28	7.462349307912693672e-03	5.946146091170440018e-02	1.053853908829127314e-02	3.381565944722089469e-12	1.053765068870092352e-02
8.030000000000001137e+01	1.470935230982330094e-15	9.296423072094647808e-17	6.300581844449619782e-24	1.999111604298008799e-03	8.883961847483469010e-07	1.177003619847753608e-24	1.769774749187097493e-17	3.949777436486599588e-14	2.287183179798703800e-14	6.087821742132420106e-24	4.108092749724831456e-28	7.462349307887106500e-03	5.946146091167879566e-02	1.053853908831686031e-02	3.385725760486042533e-12	1.053765068872234735e-02
8.040000000000000568e+01	1.470935230972560446e-15	9.296423072001029741e-17	6.300581844420956087e-24	1.999111604299535355e-03	8.883961847464855461e-07	1.177003619845287824e-24	1.769774749169275400e-17	3.949777436446054662e-14	2.287183179771886001e-14	6.087821742061216740e-24	4.108092749670262876e-28	7.462349307861519329e-03	5.946146091165319114e-02	1.053853908834244749e-02	3.389885576249986711e-12	1.053765068874377119e-02
8.050000000000000000e+01	1.470935230962663791e-15	9.296423071906608021e-17	6.300581844392022763e-24	1.999111604301061912e-03	8.883961847446245088e-07	1.177003619842822409e-24	1.769774749151299848e-17	3.949777436404982145e-14	2.287183179745966871e-14	6.087821741992390811e-24	4.108092749614983109e-28	7.462349307835932158e-03	5.946146091162758662e-02	1.053853908836803466e-02	3.394045392013921195e-12	1.053765068876519502e-02
8.060000000000000853e+01	1.470935230954493756e-15	9.296423071823096000e-17	6.300581844366716574e-24	1.999111604302588469e-03	8.883961847427633657e-07	1.177003619840356442e-24	1.769774749135401836e-17	3.949777436368441477e-14	2.287183179721577501e-14	6.087821741927648990e-24	4.108092749569346966e-28	7.462349307810344987e-03	5.946146091160198210e-02	1.053853908839362183e-02	3.398205207777848006e-12	1.053765068878661885e-02
8.070000000000000284e+01	1.470935230944981671e-15	9.296423071731102493e-17	6.300581844338591402e-24	1.999111604304115025e-03	8.883961847409022225e-07	1.177003619837891026e-24	1.769774749117888507e-17	3.949777436330703003e-14	2.287183179697932815e-14	6.087821741864859225e-24	4.108092749516216006e-28	7.462349307784757815e-03	5.946146091157637759e-02	1.053853908841920900e-02	3.402365023541765931e-12	1.053765068880804269e-02
8.080000000000001137e+01	1.470935230939116885e-15	9.296423071662158515e-17	6.300581844318127515e-24	1.999111604305641582e-03	8.883961847390411853e-07	1.177003619835425243e-24	1.769774749104763834e-17	3.949777436297709684e-14	2.287183179675479625e-14	6.087821741805288844e-24	4.108092749483455666e-28	7.462349307759170644e-03	5.946146091155077307e-02	1.053853908844479617e-02	3.406524839305675374e-12	1.053765068882946652e-02
8.090000000000000568e+01	1.470935230930111052e-15	9.296423071573364825e-17	6.300581844291066900e-24	1.999111604307168139e-03	8.883961847371800421e-07	1.177003619832959644e-24	1.769774749087860332e-17	3.949777436263950855e-14	2.287183179654061736e-14	6.087821741748412550e-24	4.108092749433152414e-28	7.462349307733583473e-03	5.946146091152516855e-02	1.053853908847038334e-02	3.410684655069575527e-12	1.053765068885089036e-02
8.100000000000000000e+01	1.470935230926056307e-15	9.296423071515864260e-17	6.300581844274406472e-24	1.999111604308694695e-03	8.883961847353187931e-07	1.177003619830494044e-24	1.769774749076913654e-17	3.949777436232659583e-14	2.287183179633193209e-14	6.087821741693071745e-24	4.108092749410502947e-28	7.462349307707996302e-03	5.946146091149956403e-02	1.053853908849597051e-02	3.414844470833467198e-12	1.053765068887231419e-02
8.110000000000000853e+01	1.470935230918462534e-15	9.296423071435994559e-17	6.300581844250310307e-24	1.999111604310221252e-03	8.883961847334577558e-07	1.177003619828028261e-24	1.769774749061708360e-17	3.949777436203303860e-14	2.287183179613755992e-14	6.087821741641469013e-24	4.108092749368087324e-28	7.462349307682409130e-03	5.946146091147395951e-02	1.053853908852155769e-02	3.419004286597350792e-12	1.053765068889373803e-02
8.120000000000000284e+01	1.470935230911816578e-15	9.296423071362115270e-17	6.300581844228205870e-24	1.999111604311747808e-03	8.883961847315965068e-07	1.177003619825562662e-24	1.769774749047644141e-17	3.949777436172958589e-14	2.287183179594596139e-14	6.087821741590616393e-24	4.108092749330964797e-28	7.462349307656821959e-03	5.946146091144835499e-02	1.053853908854714486e-02	3.423164102361224692e-12	1.053765068891516186e-02
8.130000000000001137e+01	1.470935230908768223e-15	9.296423071310974896e-17	6.300581844213659862e-24	1.999111604313274365e-03	8.883961847297354695e-07	1.177003619823096879e-24	1.769774749037907872e-17	3.949777436147465129e-14	2.287183179576528699e-14	6.087821741542719406e-24	4.108092749313938461e-28	7.462349307631234788e-03	5.946146091142275047e-02	1.053853908857273203e-02	3.427323918125090514e-12	1.053765068893658570e-02
8.140000000000000568e+01	1.470935230902570142e-15	9.296423071239925646e-17	6.300581844192496556e-24	1.999111604314800922e-03	8.883961847278742205e-07	1.177003619820631279e-24	1.769774749024382606e-17	3.949777436121240869e-14	2.287183179559476998e-14	6.087821741497463608e-24	4.108092749279317196e-28	7.462349307605647616e-03	5.946146091139714596e-02	1.053853908859831920e-02	3.431483733888947047e-12	1.053765068895800953e-02
8.150000000000000000e+01	1.470935230898542416e-15	9.296423071182593947e-17	6.300581844175891963e-24	1.999111604316327478e-03	8.883961847260130774e-07	1.177003619818165496e-24	1.769774749013467975e-17	3.949777436094664460e-14	2.287183179542448646e-14	6.087821741452304054e-24	4.108092749256820190e-28	7.462349307580060445e-03	5.946146091137154144e-02	1.053853908862390637e-02	3.435643549652794694e-12	1.053765068897943337e-02
8.160000000000000853e+01	1.470935230895539420e-15	9.296423071131739536e-17	6.300581844161440730e-24	1.999111604317854035e-03	8.883961847241518284e-07	1.177003619815699713e-24	1.769774749003787173e-17	3.949777436072265228e-14	2.287183179526416153e-14	6.087821741409804790e-24	4.108092749240045863e-28	7.462349307554473274e-03	5.946146091134593692e-02	1.053853908864949354e-02	3.439803365416634666e-12	1.053765068900085720e-02
8.170000000000000284e+01	1.470935230890633494e-15	9.296423071068858693e-17	6.300581844142992081e-24	1.999111604319380592e-03	8.883961847222907911e-07	1.177003619813234114e-24	1.769774748991816209e-17	3.949777436049534674e-14	2.287183179511372260e-14	6.087821741369891614e-24	4.108092749212642294e-28	7.462349307528886103e-03	5.946146091132033240e-02	1.053853908867508071e-02	3.443963181180465349e-12	1.053765068902228104e-02
8.180000000000001137e+01	1.470935230885684575e-15	9.296423071005701750e-17	6.300581844124452331e-24	1.999111604320907148e-03	8.883961847204295421e-07	1.177003619810768514e-24	1.769774748979793475e-17	3.949777436025951520e-14	2.287183179496328051e-14	6.087821741329978438e-24	4.108092749185000168e-28	7.462349307503298931e-03	5.946146091129472788e-02	1.053853908870066788e-02	3.448122996944287551e-12	1.053765068904370487e-02
8.190000000000000568e+01	1.470935230885765433e-15	9.296423070974339598e-17	6.300581844116478071e-24	1.999111604322433705e-03	8.883961847185685048e-07	1.177003619808302548e-24	1.769774748973822476e-17	3.949777436005723864e-14	2.287183179481758106e-14	6.087821741291406061e-24	4.108092749185451274e-28	7.462349307477711760e-03	5.946146091126912336e-02	1.053853908872625506e-02	3.452282812708100462e-12	1.053765068906512871e-02
8.200000000000000000e+01	1.470935230882059364e-15	9.296423070919039216e-17	6.300581844100550122e-24	1.999111604323960262e-03	8.883961847167072558e-07	1.177003619805836948e-24	1.769774748963295189e-17	3.949777435986729987e-14	2.287183179468508082e-14	6.087821741256269065e-24	4.108092749164748827e-28	7.462349307452124589e-03	5.946146091124351885e-02	1.053853908875184223e-02	3.456442628471904892e-12	1.053765068908655254e-02
8.210000000000000853e+01	1.470935230878387809e-15	9.296423070863959469e-17	6.300581844084694908e-24	1.999111604325486818e-03	8.883961847148462185e-07	1.177003619803371349e-24	1.769774748952809194e-17	3.949777435966693551e-14	2.287183179455438551e-14	6.087821741221611083e-24	4.108092749144240992e-28	7.462349307426537418e-03	5.946146091121791433e-02	1.053853908877742940e-02	3.460602444235701244e-12	1.053765068910797638e-02
8.220000000000000284e+01	1.470935230874568341e-15	9.296423070807944182e-17	6.300581844068528187e-24	1.999111604327013375e-03	8.883961847129850754e-07	1.177003619800905750e-24	1.769774748942146013e-17	3.949777435946006462e-14	2.287183179442163284e-14	6.087821741186405028e-24	4.108092749122908073e-28	7.462349307400950246e-03	5.946146091119230981e-02	1.053853908880301657e-02	3.464762259999487902e-12	1.053765068912940021e-02
8.230000000000001137e+01	1.470935230875902897e-15	9.296423070784501454e-17	6.300581844063187035e-24	1.999111604328539932e-03	8.883961847111238263e-07	1.177003619798440150e-24	1.769774748937682786e-17	3.949777435929349507e-14	2.287183179429498280e-14	6.087821741152904908e-24	4.108092749130361636e-28	7.462349307375363075e-03	5.946146091116670529e-02	1.053853908882860374e-02	3.468922075763266887e-12	1.053765068915082405e-02
8.240000000000000568e+01	1.470935230873328844e-15	9.296423070736361217e-17	6.300581844049637993e-24	1.999111604330066488e-03	8.883961847092627891e-07	1.177003619795974367e-24	1.769774748928518133e-17	3.949777435913230870e-14	2.287183179418049699e-14	6.087821741122560991e-24	4.108092749115985434e-28	7.462349307349775904e-03	5.946146091114110077e-02	1.053853908885419091e-02	3.473081891527036581e-12	1.053765068917224788e-02
8.250000000000000000e+01	1.470935230870769779e-15	9.296423070688308495e-17	6.300581844036119073e-24	1.999111604331593045e-03	8.883961847074016459e-07	1.177003619793508584e-24	1.769774748919370736e-17	3.949777435896123948e-14	2.287183179406715346e-14	6.087821741092521967e-24	4.108092749101689948e-28	7.462349307324188732e-03	5.946146091111549625e-02	1.053853908887977808e-02	3.477241707290797390e-12	1.053765068919367172e-02
8.260000000000000853e+01	1.470935230868056097e-15	9.296423070639284487e-17	6.300581844022275423e-24	1.999111604333119602e-03	8.883961847055406087e-07	1.177003619791043168e-24	1.769774748910037525e-17	3.949777435878396034e-14	2.287183179395160427e-14	6.087821741061895931e-24	4.108092749086533504e-28	7.462349307298601561e-03	5.946146091108989173e-02	1.053853908890536525e-02	3.481401523054549717e-12	1.053765068921509555e-02
8.270000000000000284e+01	1.470935230867517897e-15	9.296423070604005149e-17	6.300581844013000773e-24	1.999111604334646158e-03	8.883961847036793597e-07	1.177003619788577202e-24	1.769774748903321114e-17	3.949777435862182103e-14	2.287183179383655679e-14	6.087821741031438873e-24	4.108092749083524636e-28	7.462349307273014390e-03	5.946146091106428722e-02	1.053853908893095243e-02	3.485561338818292755e-12	1.053765068923651939e-02
8.280000000000001137e+01	1.470935230868308336e-15	9.296423070577127178e-17	6.300581844006518656e-24	1.999111604336172715e-03	8.883961847018182165e-07	1.177003619786111786e-24	1.769774748898204612e-17	3.949777435849267503e-14	2.287183179373398594e-14	6.087821741004309932e-24	4.108092749087942425e-28	7.462349307247427219e-03	5.946146091103868270e-02	1.053853908895653960e-02	3.489721154582028118e-12	1.053765068925794322e-02
8.290000000000000568e+01	1.470935230866789581e-15	9.296423070535650351e-17	6.300581843995183952e-24	1.999111604337699272e-03	8.883961846999570734e-07	1.177003619783646003e-24	1.769774748890308607e-17	3.949777435835228934e-14	2.287183179363656793e-14	6.087821740978510035e-24	4.108092749079457507e-28	7.462349307221840047e-03	5.946146091101307818e-02	1.053853908898212677e-02	3.493880970345754596e-12	1.053765068927936706e-02
8.300000000000000000e+01	1.470935230865161372e-15	9.296423070493485736e-17	6.300581843983620761e-24	1.999111604339225828e-03	8.883961846980960361e-07	1.177003619781180587e-24	1.769774748882281639e-17	3.949777435820477235e-14	2.287183179353783094e-14	6.087821740952359694e-24	4.108092749070363640e-28	7.462349307196252876e-03	5.946146091098747366e-02	1.053853908900771394e-02	3.498040786109471784e-12	1.053765068930079089e-02
8.310000000000000853e+01	1.470935230863348964e-15	9.296423070450155085e-17	6.300581843971670391e-24	1.999111604340752385e-03	8.883961846962346812e-07	1.177003619778714620e-24	1.769774748874032804e-17	3.949777435805136731e-14	2.287183179343631717e-14	6.087821740925468792e-24	4.108092749060239315e-28	7.462349307170665705e-03	5.946146091096186914e-02	1.053853908903330111e-02	3.502200601873180894e-12	1.053765068932221473e-02
8.320000000000000284e+01	1.470935230864237419e-15	9.296423070423894645e-17	6.300581843965393986e-24	1.999111604342278942e-03	8.883961846943736439e-07	1.177003619776249021e-24	1.769774748869033707e-17	3.949777435791594198e-14	2.287183179333606557e-14	6.087821740898957721e-24	4.108092749065204172e-28	7.462349307145078534e-03	5.946146091093626462e-02	1.053853908905888828e-02	3.506360417636880715e-12	1.053765068934363856e-02
8.330000000000001137e+01	1.470935230865391128e-15	9.296423070399308070e-17	6.300581843959673002e-24	1.999111604343805498e-03	8.883961846925123949e-07	1.177003619773783238e-24	1.769774748864352926e-17	3.949777435780738841e-14	2.287183179324660559e-14	6.087821740875311182e-24	4.108092749071645212e-28	7.462349307119491362e-03	5.946146091091066010e-02	1.053853908908447545e-02	3.510520233400572458e-12	1.053765068936506240e-02
8.340000000000000568e+01	1.470935230864763786e-15	9.296423070363467900e-17	6.300581843950213211e-24	1.999111604345332055e-03	8.883961846906513577e-07	1.177003619771318006e-24	1.769774748857530204e-17	3.949777435769160256e-14	2.287183179316299264e-14	6.087821740853186175e-24	4.108092749068142190e-28	7.462349307093904191e-03	5.946146091088505559e-02	1.053853908911006262e-02	3.514680049164254103e-12	1.053765068938648623e-02
8.350000000000000000e+01	1.470935230864036851e-15	9.296423070326996642e-17	6.300581843940543301e-24	1.999111604346858612e-03	8.883961846887902145e-07	1.177003619768852039e-24	1.769774748850587304e-17	3.949777435756831938e-14	2.287183179307826582e-14	6.087821740830764355e-24	4.108092749064081339e-28	7.462349307068317020e-03	5.946146091085945107e-02	1.053853908913564980e-02	3.518839864927928074e-12	1.053765068940791007e-02
8.360000000000000853e+01	1.470935230863127492e-15	9.296423070289375372e-17	6.300581843930489151e-24	1.999111604348385168e-03	8.883961846869289655e-07	1.177003619766386256e-24	1.769774748843425309e-17	3.949777435743917969e-14	2.287183179299080008e-14	6.087821740807613728e-24	4.108092749059002585e-28	7.462349307042729848e-03	5.946146091083384655e-02	1.053853908916123697e-02	3.522999680691593563e-12	1.053765068942933390e-02
8.370000000000000284e+01	1.470935230862966367e-15	9.296423070256482338e-17	6.300581843922008694e-24	1.999111604349911725e-03	8.883961846850678223e-07	1.177003619763920473e-24	1.769774748837162802e-17	3.949777435730613988e-14	2.287183179290037769e-14	6.087821740783689479e-24	4.108092749058103064e-28	7.462349307017142677e-03	5.946146091080824203e-02	1.053853908918682414e-02	3.527159496455249763e-12	1.053765068945075774e-02
8.380000000000001137e+01	1.470935230865626603e-15	9.296423070241417559e-17	6.300581843919452728e-24	1.999111604351438282e-03	8.883961846832066792e-07	1.177003619761455057e-24	1.769774748834295169e-17	3.949777435720302629e-14	2.287183179281515547e-14	6.087821740761192721e-24	4.108092749072961760e-28	7.462349306991555506e-03	5.946146091078263751e-02	1.053853908921241131e-02	3.531319312218897885e-12	1.053765068947218157e-02
8.390000000000000568e+01	1.470935230866023203e-15	9.296423070212047282e-17	6.300581843912141888e-24	1.999111604352964838e-03	8.883961846813456419e-07	1.177003619758989274e-24	1.769774748828704117e-17	3.949777435711611275e-14	2.287183179274076904e-14	6.087821740741530374e-24	4.108092749075176933e-28	7.462349306965968335e-03	5.946146091075703299e-02	1.053853908923799848e-02	3.535479127982536717e-12	1.053765068949360541e-02
8.400000000000000000e+01	1.470935230866143307e-15	9.296423070180930417e-17	6.300581843904252117e-24	1.999111604354491395e-03	8.883961846794844988e-07	1.177003619756523675e-24	1.769774748822779957e-17	3.949777435701797214e-14	2.287183179266899532e-14	6.087821740722555691e-24	4.108092749075846865e-28	7.462349306940381163e-03	5.946146091073142848e-02	1.053853908926358565e-02	3.539638943746166663e-12	1.053765068951502924e-02
8.410000000000000853e+01	1.470935230866123191e-15	9.296423070148929781e-17	6.300581843896066268e-24	1.999111604356017952e-03	8.883961846776233556e-07	1.177003619754057892e-24	1.769774748816688471e-17	3.949777435691324297e-14	2.287183179259531571e-14	6.087821740703073342e-24	4.108092749075737452e-28	7.462349306914793992e-03	5.946146091070582396e-02	1.053853908928917282e-02	3.543798759509788532e-12	1.053765068953645308e-02
8.420000000000000284e+01	1.470935230865913157e-15	9.296423070115723668e-17	6.300581843887481486e-24	1.999111604357544508e-03	8.883961846757621066e-07	1.177003619751592292e-24	1.769774748810366491e-17	3.949777435680277720e-14	2.287183179251871416e-14	6.087821740682813697e-24	4.108092749074561706e-28	7.462349306889206821e-03	5.946146091068021944e-02	1.053853908931475999e-02	3.547958575273401514e-12	1.053765068955787691e-02
8.430000000000001137e+01	1.470935230865506893e-15	9.296423070081282494e-17	6.300581843878485281e-24	1.999111604359071065e-03	8.883961846739008576e-07	1.177003619749126325e-24	1.769774748803810317e-17	3.949777435668695349e-14	2.287183179243908654e-14	6.087821740661748838e-24	4.108092749072293621e-28	7.462349306863619650e-03	5.946146091065461492e-02	1.053853908934034717e-02	3.552118391037006015e-12	1.053765068957930075e-02
8.440000000000000568e+01	1.470935230867695588e-15	9.296423070063238533e-17	6.300581843874939696e-24	1.999111604360597622e-03	8.883961846720399262e-07	1.177003619746660726e-24	1.769774748800375383e-17	3.949777435658442681e-14	2.287183179235920649e-14	6.087821740640659735e-24	4.108092749084519221e-28	7.462349306838032478e-03	5.946146091062901040e-02	1.053853908936593434e-02	3.556278206800601227e-12	1.053765068960072458e-02
8.450000000000000000e+01	1.470935230870066707e-15	9.296423070046348281e-17	6.300581843871777616e-24	1.999111604362124178e-03	8.883961846701787831e-07	1.177003619744195310e-24	1.769774748797159542e-17	3.949777435650830489e-14	2.287183179228871388e-14	6.087821740622062679e-24	4.108092749097762725e-28	7.462349306812445307e-03	5.946146091060340588e-02	1.053853908939152151e-02	3.560438022564187148e-12	1.053765068962214842e-02
8.460000000000000853e+01	1.470935230870799558e-15	9.296423070019105463e-17	6.300581843865175011e-24	1.999111604363650735e-03	8.883961846683174282e-07	1.177003619741729344e-24	1.769774748791973706e-17	3.949777435643072515e-14	2.287183179222611619e-14	6.087821740605530821e-24	4.108092749101857655e-28	7.462349306786858136e-03	5.946146091057780136e-02	1.053853908941710868e-02	3.564597838327765396e-12	1.053765068964357225e-02
8.470000000000000284e+01	1.470935230871463976e-15	9.296423069991427539e-17	6.300581843858426939e-24	1.999111604365177292e-03	8.883961846664562850e-07	1.177003619739263560e-24	1.769774748786704670e-17	3.949777435634523787e-14	2.287183179216298838e-14	6.087821740588857168e-24	4.108092749105568742e-28	7.462349306761270964e-03	5.946146091055219685e-02	1.053853908944269585e-02	3.568757654091334354e-12	1.053765068966499609e-02
8.480000000000001137e+01	1.470935230871951098e-15	9.296423069962630418e-17	6.300581843851307117e-24	1.999111604366703848e-03	8.883961846645952478e-07	1.177003619736798145e-24	1.769774748781222394e-17	3.949777435625365428e-14	2.287183179209721316e-14	6.087821740571480423e-24	4.108092749108288831e-28	7.462349306735683793e-03	5.946146091052659233e-02	1.053853908946828302e-02	3.572917469854895638e-12	1.053765068968641992e-02
8.490000000000000568e+01	1.470935230872241596e-15	9.296423069932589608e-17	6.300581843843773667e-24	1.999111604368230405e-03	8.883961846627342105e-07	1.177003619734332545e-24	1.769774748775503153e-17	3.949777435615656759e-14	2.287183179202841187e-14	6.087821740553296995e-24	4.108092749109912095e-28	7.462349306710096622e-03	5.946146091050098781e-02	1.053853908949387019e-02	3.577077285618447228e-12	1.053765068970784376e-02
8.500000000000000000e+01	1.470935230872332710e-15	9.296423069901287854e-17	6.300581843835821448e-24	1.999111604369756962e-03	8.883961846608728556e-07	1.177003619731866579e-24	1.769774748769544480e-17	3.949777435605407247e-14	2.287183179195651508e-14	6.087821740534288516e-24	4.108092749110419701e-28	7.462349306684509451e-03	5.946146091047538329e-02	1.053853908951945736e-02	3.581237101381990337e-12	1.053765068972926759e-02
8.510000000000000853e+01	1.470935230874485314e-15	9.296423069883018329e-17	6.300581843832199456e-24	1.999111604371283518e-03	8.883961846590118183e-07	1.177003619729400979e-24	1.769774748766066712e-17	3.949777435596130874e-14	2.287183179188358016e-14	6.087821740515040531e-24	4.108092749122445308e-28	7.462349306658922279e-03	5.946146091044977877e-02	1.053853908954504454e-02	3.585396917145524964e-12	1.053765068975069143e-02
8.520000000000000284e+01	1.470935230877609006e-15	9.296423069870884662e-17	6.300581843830618416e-24	1.999111604372810075e-03	8.883961846571506752e-07	1.177003619726935196e-24	1.769774748763756521e-17	3.949777435588954764e-14	2.287183179181800689e-14	6.087821740497760029e-24	4.108092749139892259e-28	7.462349306633335108e-03	5.946146091042417425e-02	1.053853908957063171e-02	3.589556732909050301e-12	1.053765068977211526e-02
8.530000000000001137e+01	1.470935230878764884e-15	9.296423069846314110e-17	6.300581843824904044e-24	1.999111604374336632e-03	8.883961846552895320e-07	1.177003619724469780e-24	1.769774748759078822e-17	3.949777435582725287e-14	2.287183179176136983e-14	6.087821740482815823e-24	4.108092749146348545e-28	7.462349306607747937e-03	5.946146091039856973e-02	1.053853908959621888e-02	3.593716548672567964e-12	1.053765068979353910e-02
8.540000000000000568e+01	1.470935230879904788e-15	9.296423069821642485e-17	6.300581843819155142e-24	1.999111604375863188e-03	8.883961846534282830e-07	1.177003619722003997e-24	1.769774748754381710e-17	3.949777435575543497e-14	2.287183179170554687e-14	6.087821740468086144e-24	4.108092749152715149e-28	7.462349306582160766e-03	5.946146091037296522e-02	1.053853908962180605e-02	3.597876364436076337e-12	1.053765068981496293e-02
8.550000000000000000e+01	1.470935230880888300e-15	9.296423069795983552e-17	6.300581843813077836e-24	1.999111604377389745e-03	8.883961846515671399e-07	1.177003619719538214e-24	1.769774748749497244e-17	3.949777435567744503e-14	2.287183179164748671e-14	6.087821740452762106e-24	4.108092749158210032e-28	7.462349306556573594e-03	5.946146091034736070e-02	1.053853908964739322e-02	3.602036180199575421e-12	1.053765068983638677e-02
8.560000000000000853e+01	1.470935230881678345e-15	9.296423069769098186e-17	6.300581843806593515e-24	1.999111604378916301e-03	8.883961846497061026e-07	1.177003619717072615e-24	1.769774748744379201e-17	3.949777435559378160e-14	2.287183179158643519e-14	6.087821740436640935e-24	4.108092749162620647e-28	7.462349306530986423e-03	5.946146091032175618e-02	1.053853908967298039e-02	3.606195995963066831e-12	1.053765068985781060e-02
8.570000000000000284e+01	1.470935230882268215e-15	9.296423069740951875e-17	6.300581843799688956e-24	1.999111604380442858e-03	8.883961846478449595e-07	1.177003619714607199e-24	1.769774748739021109e-17	3.949777435550469711e-14	2.287183179152230080e-14	6.087821740419699858e-24	4.108092749165916501e-28	7.462349306505399252e-03	5.946146091029615166e-02	1.053853908969856756e-02	3.610355811726548951e-12	1.053765068987923444e-02
8.580000000000001137e+01	1.470935230882658504e-15	9.296423069711542155e-17	6.300581843792367095e-24	1.999111604381969415e-03	8.883961846459838163e-07	1.177003619712141232e-24	1.769774748733422354e-17	3.949777435541024206e-14	2.287183179145505829e-14	6.087821740401932260e-24	4.108092749168097594e-28	7.462349306479812081e-03	5.946146091027054714e-02	1.053853908972415473e-02	3.614515627490022590e-12	1.053765068990065827e-02
8.590000000000000568e+01	1.470935230885646512e-15	9.296423069698549369e-17	6.300581843790500263e-24	1.999111604383495971e-03	8.883961846441225673e-07	1.177003619709675817e-24	1.769774748730949152e-17	3.949777435532914716e-14	2.287183179138761384e-14	6.087821740384152174e-24	4.108092749184785826e-28	7.462349306454224909e-03	5.946146091024494262e-02	1.053853908974974191e-02	3.618675443253486938e-12	1.053765068992208211e-02
8.600000000000000000e+01	1.470935230888692304e-15	9.296423069685925129e-17	6.300581843788753919e-24	1.999111604385022528e-03	8.883961846422615300e-07	1.177003619707210034e-24	1.769774748728545283e-17	3.949777435526783689e-14	2.287183179132790654e-14	6.087821740368424794e-24	4.108092749201799607e-28	7.462349306428637738e-03	5.946146091021933811e-02	1.053853908977532908e-02	3.622835259016942805e-12	1.053765068994350594e-02
8.610000000000000853e+01	1.470935230890169841e-15	9.296423069663387127e-17	6.300581843783715457e-24	1.999111604386549085e-03	8.883961846404004928e-07	1.177003619704744618e-24	1.769774748724254927e-17	3.949777435521295111e-14	2.287183179127663689e-14	6.087821740354908078e-24	4.108092749210052246e-28	7.462349306403050567e-03	5.946146091019373359e-02	1.053853908980091625e-02	3.626995074780390594e-12	1.053765068996492978e-02
8.620000000000000284e+01	1.470935230891620359e-15	9.296423069640677793e-17	6.300581843778619689e-24	1.999111604388075641e-03	8.883961846385392438e-07	1.177003619702278651e-24	1.769774748719931600e-17	3.949777435514904706e-14	2.287183179122568594e-14	6.087821740341478055e-24	4.108092749218155114e-28	7.462349306377463395e-03	5.946146091016812907e-02	1.053853908982650342e-02	3.631154890543829093e-12	1.053765068998635361e-02
8.630000000000001137e+01	1.470935230892903244e-15	9.296423069616909661e-17	6.300581843773171272e-24	1.999111604389602198e-03	8.883961846366781006e-07	1.177003619699813052e-24	1.769774748715406435e-17	3.949777435507895204e-14	2.287183179117228006e-14	6.087821740327391225e-24	4.108092749225319897e-28	7.462349306351876224e-03	5.946146091014252455e-02	1.053853908985209059e-02	3.635314706307259111e-12	1.053765069000777745e-02
8.640000000000000568e+01	1.470935230893991675e-15	9.296423069591912631e-17	6.300581843767314372e-24	1.999111604391128755e-03	8.883961846348169575e-07	1.177003619697347269e-24	1.769774748710648001e-17	3.949777435500332868e-14	2.287183179111589228e-14	6.087821740312511670e-24	4.108092749231401308e-28	7.462349306326289053e-03	5.946146091011692003e-02	1.053853908987767776e-02	3.639474522070680647e-12	1.053765069002920128e-02
8.650000000000000000e+01	1.470935230894884271e-15	9.296423069565679308e-17	6.300581843761046048e-24	1.999111604392655311e-03	8.883961846329556026e-07	1.177003619694881486e-24	1.769774748705653834e-17	3.949777435492234737e-14	2.287183179105645003e-14	6.087821740296819556e-24	4.108092749236386792e-28	7.462349306300701882e-03	5.946146091009131551e-02	1.053853908990326493e-02	3.643634337834093297e-12	1.053765069005062512e-02
8.660000000000000853e+01	1.470935230895575116e-15	9.296423069538169017e-17	6.300581843754356016e-24	1.999111604394181868e-03	8.883961846310947771e-07	1.177003619692416070e-24	1.769774748700417153e-17	3.949777435483595764e-14	2.287183179099388705e-14	6.087821740280295044e-24	4.108092749240245856e-28	7.462349306275114710e-03	5.946146091006571099e-02	1.053853908992885210e-02	3.647794153597496253e-12	1.053765069007204895e-02
8.670000000000000284e+01	1.470935230896612468e-15	9.296423069512850279e-17	6.300581843748391851e-24	1.999111604395708425e-03	8.883961846292334222e-07	1.177003619689950287e-24	1.769774748695597090e-17	3.949777435474487260e-14	2.287183179092827276e-14	6.087821740262969726e-24	4.108092749246040281e-28	7.462349306249527539e-03	5.946146091004010648e-02	1.053853908995443928e-02	3.651953969360890324e-12	1.053765069009347279e-02
8.680000000000001137e+01	1.470935230899006266e-15	9.296423069496103009e-17	6.300581843745275322e-24	1.999111604397234981e-03	8.883961846273721731e-07	1.177003619687484504e-24	1.769774748692408366e-17	3.949777435467889227e-14	2.287183179086695933e-14	6.087821740246805210e-24	4.108092749259409341e-28	7.462349306223940368e-03	5.946146091001450196e-02	1.053853908998002645e-02	3.656113785124277124e-12	1.053765069011489662e-02
8.690000000000000568e+01	1.470935230903054109e-15	9.296423069489808145e-17	6.300581843745635317e-24	1.999111604398761538e-03	8.883961846255111359e-07	1.177003619685018904e-24	1.769774748691210592e-17	3.949777435463438159e-14	2.287183179081527317e-14	6.087821740233223107e-24	4.108092749282019348e-28	7.462349306198353197e-03	5.946146090998889744e-02	1.053853909000561362e-02	3.660273600887653423e-12	1.053765069013632046e-02
8.700000000000000000e+01	1.470935230904745032e-15	9.296423069468618602e-17	6.300581843741044277e-24	1.999111604400288095e-03	8.883961846236500986e-07	1.177003619682553305e-24	1.769774748687176616e-17	3.949777435457959677e-14	2.287183179076781529e-14	6.087821740220720255e-24	4.108092749291464772e-28	7.462349306172766025e-03	5.946146090996329292e-02	1.053853909003120079e-02	3.664433416651022452e-12	1.053765069015774429e-02
8.710000000000000853e+01	1.470935230906319401e-15	9.296423069446694432e-17	6.300581843736208587e-24	1.999111604401814651e-03	8.883961846217889555e-07	1.177003619680087705e-24	1.769774748683002432e-17	3.949777435451795203e-14	2.287183179071889330e-14	6.087821740207828021e-24	4.108092749300259097e-28	7.462349306147178854e-03	5.946146090993768840e-02	1.053853909005678796e-02	3.668593232414382596e-12	1.053765069017916813e-02
8.720000000000000284e+01	1.470935230907705035e-15	9.296423069423575877e-17	6.300581843730976168e-24	1.999111604403341208e-03	8.883961846199276006e-07	1.177003619677621739e-24	1.769774748678602068e-17	3.949777435445039398e-14	2.287183179066711247e-14	6.087821740194174654e-24	4.108092749307998749e-28	7.462349306121591683e-03	5.946146090991208388e-02	1.053853909008237513e-02	3.672753048177733046e-12	1.053765069020059196e-02
8.730000000000001137e+01	1.470935230908898385e-15	9.296423069399243216e-17	6.300581843725339673e-24	1.999111604404867765e-03	8.883961846180666692e-07	1.177003619675156323e-24	1.769774748673969667e-17	3.949777435437754741e-14	2.287183179061235921e-14	6.087821740179730033e-24	4.108092749314665791e-28	7.462349306096004511e-03	5.946146090988647936e-02	1.053853909010796230e-02	3.676912863941076225e-12	1.053765069022201580e-02
8.740000000000000568e+01	1.470935230909887813e-15	9.296423069373618795e-17	6.300581843719274856e-24	1.999111604406394321e-03	8.883961846162053143e-07	1.177003619672690356e-24	1.769774748669091672e-17	3.949777435429915357e-14	2.287183179055442211e-14	6.087821740164439055e-24	4.108092749320190270e-28	7.462349306070417340e-03	5.946146090986087485e-02	1.053853909013354948e-02	3.681072679704410519e-12	1.053765069024343963e-02
8.750000000000000000e+01	1.470935230910676083e-15	9.296423069346724801e-17	6.300581843712786862e-24	1.999111604407920878e-03	8.883961846143443829e-07	1.177003619670224941e-24	1.769774748663971471e-17	3.949777435421536392e-14	2.287183179049336743e-14	6.087821740148317150e-24	4.108092749324593710e-28	7.462349306044830169e-03	5.946146090983527033e-02	1.053853909015913665e-02	3.685232495467735120e-12	1.053765069026486347e-02
8.760000000000000853e+01	1.470935230913330205e-15	9.296423069331624277e-17	6.300581843710219876e-24	1.999111604409447435e-03	8.883961846124831339e-07	1.177003619667759157e-24	1.769774748661096443e-17	3.949777435413445203e-14	2.287183179042997772e-14	6.087821740131606763e-24	4.108092749339420120e-28	7.462349306019242998e-03	5.946146090980966581e-02	1.053853909018472382e-02	3.689392311231052450e-12	1.053765069028628730e-02
8.770000000000000284e+01	1.470935230916730393e-15	9.296423069321237198e-17	6.300581843709219972e-24	1.999111604410973991e-03	8.883961846106219907e-07	1.177003619665293558e-24	1.769774748659119360e-17	3.949777435407579865e-14	2.287183179037291468e-14	6.087821740116587619e-24	4.108092749358411414e-28	7.462349305993655826e-03	5.946146090978406129e-02	1.053853909021031099e-02	3.693552126994360895e-12	1.053765069030771113e-02
8.780000000000001137e+01	1.470935230918842765e-15	9.296423069302711293e-17	6.300581843705512756e-24	1.999111604412500548e-03	8.883961846087607417e-07	1.177003619662827775e-24	1.769774748655592598e-17	3.949777435403393222e-14	2.287183179032529588e-14	6.087821740104050237e-24	4.108092749370209226e-28	7.462349305968068655e-03	5.946146090975845677e-02	1.053853909023589816e-02	3.697711942757660453e-12	1.053765069032913497e-02
8.790000000000000568e+01	1.470935230920661878e-15	9.296423069282331564e-17	6.300581843701191345e-24	1.999111604414027105e-03	8.883961846068997044e-07	1.177003619660361992e-24	1.769774748651712696e-17	3.949777435398131835e-14	2.287183179027995216e-14	6.087821740092109418e-24	4.108092749380371218e-28	7.462349305942481484e-03	5.946146090973285225e-02	1.053853909026148533e-02	3.701871758520950319e-12	1.053765069035055880e-02
8.800000000000000000e+01	1.470935230922336236e-15	9.296423069261039715e-17	6.300581843696565775e-24	1.999111604415553661e-03	8.883961846050384554e-07	1.177003619657896392e-24	1.769774748647659615e-17	3.949777435392203388e-14	2.287183179023261419e-14	6.087821740079638893e-24	4.108092749389725166e-28	7.462349305916894313e-03	5.946146090970724774e-02	1.053853909028707250e-02	3.706031574284232106e-12	1.053765069037198264e-02
8.810000000000000853e+01	1.470935230923821661e-15	9.296423069238552249e-17	6.300581843691542741e-24	1.999111604417080218e-03	8.883961846031774182e-07	1.177003619655430609e-24	1.769774748643378196e-17	3.949777435385710116e-14	2.287183179018237953e-14	6.087821740066398418e-24	4.108092749398020853e-28	7.462349305891307141e-03	5.946146090968164322e-02	1.053853909031265967e-02	3.710191390047505008e-12	1.053765069039340647e-02
8.820000000000000284e+01	1.470935230925112829e-15	9.296423069214835886e-17	6.300581843686111957e-24	1.999111604418606775e-03	8.883961846013161691e-07	1.177003619652965010e-24	1.769774748638863508e-17	3.949777435378686098e-14	2.287183179012914720e-14	6.087821740052358608e-24	4.108092749405234064e-28	7.462349305865719970e-03	5.946146090965603870e-02	1.053853909033824685e-02	3.714351205810769024e-12	1.053765069041483031e-02
8.830000000000001137e+01	1.470935230926203824e-15	9.296423069189856112e-17	6.300581843680260199e-24	1.999111604420133331e-03	8.883961845994552377e-07	1.177003619650499411e-24	1.769774748634108156e-17	3.949777435371121869e-14	2.287183179007280675e-14	6.087821740037490073e-24	4.108092749411328031e-28	7.462349305840132799e-03	5.946146090963043418e-02	1.053853909036383402e-02	3.718511021574024154e-12	1.053765069043625414e-02
8.840000000000000568e+01	1.470935230927093461e-15	9.296423069163600602e-17	6.300581843673985998e-24	1.999111604421659888e-03	8.883961845975940946e-07	1.177003619648033995e-24	1.769774748629109982e-17	3.949777435363013010e-14	2.287183179001331717e-14	6.087821740021785469e-24	4.108092749416295578e-28	7.462349305814545627e-03	5.946146090960482966e-02	1.053853909038942119e-02	3.722670837337271206e-12	1.053765069045767798e-02
8.850000000000000000e+01	1.470935230929847769e-15	9.296423069149132400e-17	6.300581843671628397e-24	1.999111604423186445e-03	8.883961845957327397e-07	1.177003619645567844e-24	1.769774748626355440e-17	3.949777435355190034e-14	2.287183178995148310e-14	6.087821740005490913e-24	4.108092749431681611e-28	7.462349305788958456e-03	5.946146090957922514e-02	1.053853909041500836e-02	3.726830653100509373e-12	1.053765069047910181e-02
8.860000000000000853e+01	1.470935230931125527e-15	9.296423069125333453e-17	6.300581843666169695e-24	1.999111604424713001e-03	8.883961845938717024e-07	1.177003619643102245e-24	1.769774748621824729e-17	3.949777435349071629e-14	2.287183178989559072e-14	6.087821739990746541e-24	4.108092749438819489e-28	7.462349305763371285e-03	5.946146090955362062e-02	1.053853909044059553e-02	3.730990468863738653e-12	1.053765069050052565e-02
8.870000000000000284e+01	1.470935230935395236e-15	9.296423069120441283e-17	6.300581843666995480e-24	1.999111604426239558e-03	8.883961845920105593e-07	1.177003619640636646e-24	1.769774748620893503e-17	3.949777435345098294e-14	2.287183178984746705e-14	6.087821739978110711e-24	4.108092749462668020e-28	7.462349305737784114e-03	5.946146090952801611e-02	1.053853909046618270e-02	3.735150284626959856e-12	1.053765069052194948e-02
8.880000000000001137e+01	1.470935230937290277e-15	9.296423069100542266e-17	6.300581843662832760e-24	1.999111604427766115e-03	8.883961845901494162e-07	1.177003619638171046e-24	1.769774748617105738e-17	3.949777435340149297e-14	2.287183178980321196e-14	6.087821739966460827e-24	4.108092749473253316e-28	7.462349305712196942e-03	5.946146090950241159e-02	1.053853909049176987e-02	3.739310100390172981e-12	1.053765069054337332e-02
8.890000000000000568e+01	1.470935230939061862e-15	9.296423069079860552e-17	6.300581843658411432e-24	1.999111604429292671e-03	8.883961845882882730e-07	1.177003619635705447e-24	1.769774748613168521e-17	3.949777435334502315e-14	2.287183178975735705e-14	6.087821739954384827e-24	4.108092749483148053e-28	7.462349305686609771e-03	5.946146090947680707e-02	1.053853909051735704e-02	3.743469916153375605e-12	1.053765069056479715e-02
8.900000000000000000e+01	1.470935230940645106e-15	9.296423069057991849e-17	6.300581843653594844e-24	1.999111604430819228e-03	8.883961845864270240e-07	1.177003619633239664e-24	1.769774748609005123e-17	3.949777435328274731e-14	2.287183178970864331e-14	6.087821739941546959e-24	4.108092749491991703e-28	7.462349305661022600e-03	5.946146090945120255e-02	1.053853909054294422e-02	3.747629731916570151e-12	1.053765069058622099e-02
8.910000000000000853e+01	1.470935230942033304e-15	9.296423069034890550e-17	6.300581843648366833e-24	1.999111604432345785e-03	8.883961845845659867e-07	1.177003619630773881e-24	1.769774748604607531e-17	3.949777435321512615e-14	2.287183178965691928e-14	6.087821739927909021e-24	4.108092749499745704e-28	7.462349305635435429e-03	5.946146090942559803e-02	1.053853909056853139e-02	3.751789547679757426e-12	1.053765069060764482e-02
8.920000000000000284e+01	1.470935230943220539e-15	9.296423069010518446e-17	6.300581843642717848e-24	1.999111604433872341e-03	8.883961845827047377e-07	1.177003619628308465e-24	1.769774748599967118e-17	3.949777435314205870e-14	2.287183178960206820e-14	6.087821739913439420e-24	4.108092749506377770e-28	7.462349305609848257e-03	5.946146090939999351e-02	1.053853909059411856e-02	3.755949363442934200e-12	1.053765069062906866e-02
8.930000000000001137e+01	1.470935230944207404e-15	9.296423068984881699e-17	6.300581843636648624e-24	1.999111604435398898e-03	8.883961845808437004e-07	1.177003619625842498e-24	1.769774748595086658e-17	3.949777435306360175e-14	2.287183178954409955e-14	6.087821739898139626e-24	4.108092749511890590e-28	7.462349305584261086e-03	5.946146090937438899e-02	1.053853909061970573e-02	3.760109179206102089e-12	1.053765069065049249e-02
8.940000000000000568e+01	1.470935230944992518e-15	9.296423068957965519e-17	6.300581843630154017e-24	1.999111604436925455e-03	8.883961845789825573e-07	1.177003619623376899e-24	1.769774748589962760e-17	3.949777435297971744e-14	2.287183178948299754e-14	6.087821739882003762e-24	4.108092749516275197e-28	7.462349305558673915e-03	5.946146090934878448e-02	1.053853909064529290e-02	3.764268994969261899e-12	1.053765069067191633e-02
8.950000000000000000e+01	1.470935230948662299e-15	9.296423068949284351e-17	6.300581843629720554e-24	1.999111604438452011e-03	8.883961845771214141e-07	1.177003619620911116e-24	1.769774748588310466e-17	3.949777435292136066e-14	2.287183178942577672e-14	6.087821739866946414e-24	4.108092749536774063e-28	7.462349305533086744e-03	5.946146090932317996e-02	1.053853909067088007e-02	3.768428810732412824e-12	1.053765069069334016e-02
8.960000000000000853e+01	1.470935230952304075e-15	9.296423068940423224e-17	6.300581843629226846e-24	1.999111604439978568e-03	8.883961845752601651e-07	1.177003619618445516e-24	1.769774748586623660e-17	3.949777435287556887e-14	2.287183178937534958e-14	6.087821739853689777e-24	4.108092749557114191e-28	7.462349305507499572e-03	5.946146090929757544e-02	1.053853909069646724e-02	3.772588626495554863e-12	1.053765069071476400e-02
8.970000000000000284e+01	1.470935230954240926e-15	9.296423068920789216e-17	6.300581843625152289e-24	1.999111604441505124e-03	8.883961845733990220e-07	1.177003619615979733e-24	1.769774748582885815e-17	3.949777435282987173e-14	2.287183178933151100e-14	6.087821739842153034e-24	4.108092749567934457e-28	7.462349305481912401e-03	5.946146090927197092e-02	1.053853909072205441e-02	3.776748442258688017e-12	1.053765069073618783e-02
8.980000000000001137e+01	1.470935230956098891e-15	9.296423068900656006e-17	6.300581843620911693e-24	1.999111604443031681e-03	8.883961845715379847e-07	1.177003619613514134e-24	1.769774748579052444e-17	3.949777435277628599e-14	2.287183178928695614e-14	6.087821739830422335e-24	4.108092749578312586e-28	7.462349305456325230e-03	5.946146090924636640e-02	1.053853909074764159e-02	3.780908258021813092e-12	1.053765069075761167e-02
8.990000000000000568e+01	1.470935230957778573e-15	9.296423068879394972e-17	6.300581843616297143e-24	1.999111604444558238e-03	8.883961845696767357e-07	1.177003619611048351e-24	1.769774748575005218e-17	3.949777435271671752e-14	2.287183178923973177e-14	6.087821739817981932e-24	4.108092749587693438e-28	7.462349305430738058e-03	5.946146090922076188e-02	1.053853909077322876e-02	3.785068073784929282e-12	1.053765069077903550e-02
9.000000000000000000e+01	1.470935230959264787e-15	9.296423068856912437e-17	6.300581843611276313e-24	1.999111604446084794e-03	8.883961845678154867e-07	1.177003619608582751e-24	1.769774748570725339e-17	3.949777435265174063e-14	2.287183178918952866e-14	6.087821739804748069e-24	4.108092749595996300e-28	7.462349305405150887e-03	5.946146090919515736e-02	1.053853909079881593e-02	3.789227889548036586e-12	1.053765069080045934e-02
9.010000000000000853e+01	1.470935230960551616e-15	9.296423068833170189e-17	6.300581843605835978e-24	1.999111604447611351e-03	8.883961845659544494e-07	1.177003619606116968e-24	1.769774748566205412e-17	3.949777435258136793e-14	2.287183178913623322e-14	6.087821739790692096e-24	4.108092749603183503e-28	7.462349305379563716e-03	5.946146090916955285e-02	1.053853909082440310e-02	3.793387705311135812e-12	1.053765069082188317e-02
9.020000000000000284e+01	1.470935230961638864e-15	9.296423068808163298e-17	6.300581843599976873e-24	1.999111604449137908e-03	8.883961845640933063e-07	1.177003619603651553e-24	1.769774748561444822e-17	3.949777435250559941e-14	2.287183178907982020e-14	6.087821739775805929e-24	4.108092749609255946e-28	7.462349305353976545e-03	5.946146090914394833e-02	1.053853909084999027e-02	3.797547521074226152e-12	1.053765069084330701e-02
9.030000000000001137e+01	1.470935230962523571e-15	9.296423068781878206e-17	6.300581843593690917e-24	1.999111604450664464e-03	8.883961845622322690e-07	1.177003619601185770e-24	1.769774748556441102e-17	3.949777435242439092e-14	2.287183178902025489e-14	6.087821739760081488e-24	4.108092749614198382e-28	7.462349305328389373e-03	5.946146090911834381e-02	1.053853909087557744e-02	3.801707336837308414e-12	1.053765069086473084e-02
9.040000000000000568e+01	1.470935230965600326e-15	9.296423068769447484e-17	6.300581843592011430e-24	1.999111604452191021e-03	8.883961845603710200e-07	1.177003619598720354e-24	1.769774748554074519e-17	3.949777435235935722e-14	2.287183178896142795e-14	6.087821739744587003e-24	4.108092749631383458e-28	7.462349305302802202e-03	5.946146090909273929e-02	1.053853909090116461e-02	3.805867152600380175e-12	1.053765069088615468e-02
9.050000000000000000e+01	1.470935230969564549e-15	9.296423068762627535e-17	6.300581843592196570e-24	1.999111604453717578e-03	8.883961845585097710e-07	1.177003619596254387e-24	1.769774748552775980e-17	3.949777435230785407e-14	2.287183178890913278e-14	6.087821739730841801e-24	4.108092749653526216e-28	7.462349305277215031e-03	5.946146090906713477e-02	1.053853909092675178e-02	3.810026968363443859e-12	1.053765069090757851e-02
9.060000000000000853e+01	1.470935230971522896e-15	9.296423068743126647e-17	6.300581843588166829e-24	1.999111604455244134e-03	8.883961845566488396e-07	1.177003619593789155e-24	1.769774748549064020e-17	3.949777435226661242e-14	2.287183178886501337e-14	6.087821739719228651e-24	4.108092749664464864e-28	7.462349305251627860e-03	5.946146090904153025e-02	1.053853909095233896e-02	3.814186784126499464e-12	1.053765069092900235e-02
9.070000000000000284e+01	1.470935230973458564e-15	9.296423068723486475e-17	6.300581843584089333e-24	1.999111604456770691e-03	8.883961845547876964e-07	1.177003619591323188e-24	1.769774748545325250e-17	3.949777435221610639e-14	2.287183178882158185e-14	6.087821739707799173e-24	4.108092749675278852e-28	7.462349305226040688e-03	5.946146090901592574e-02	1.053853909097792613e-02	3.818346599889544568e-12	1.053765069095042618e-02
9.080000000000001137e+01	1.470935230975232909e-15	9.296423068702825715e-17	6.300581843579673882e-24	1.999111604458297248e-03	8.883961845529264474e-07	1.177003619588857589e-24	1.769774748541391423e-17	3.949777435215928316e-14	2.287183178877581845e-14	6.087821739695745948e-24	4.108092749685188835e-28	7.462349305200453517e-03	5.946146090899032122e-02	1.053853909100351330e-02	3.822506415652583209e-12	1.053765069097185002e-02
9.090000000000000568e+01	1.470935230976814378e-15	9.296423068680945918e-17	6.300581843574853620e-24	1.999111604459823804e-03	8.883961845510651984e-07	1.177003619586391622e-24	1.769774748537226176e-17	3.949777435209688742e-14	2.287183178872708262e-14	6.087821739682904407e-24	4.108092749694022620e-28	7.462349305174866346e-03	5.946146090896471670e-02	1.053853909102910047e-02	3.826666231415612157e-12	1.053765069099327385e-02
9.100000000000000000e+01	1.470935230978196857e-15	9.296423068657805177e-17	6.300581843569613854e-24	1.999111604461350361e-03	8.883961845492040552e-07	1.177003619583926023e-24	1.769774748532820881e-17	3.949777435202908325e-14	2.287183178867526393e-14	6.087821739669240019e-24	4.108092749701743439e-28	7.462349305149279174e-03	5.946146090893911218e-02	1.053853909105468764e-02	3.830826047178631412e-12	1.053765069101469769e-02
9.110000000000000853e+01	1.470935230979381134e-15	9.296423068633412118e-17	6.300581843563957522e-24	1.999111604462876918e-03	8.883961845473430180e-07	1.177003619581460423e-24	1.769774748528177386e-17	3.949777435195593376e-14	2.287183178862037183e-14	6.087821739654758664e-24	4.108092749708357567e-28	7.462349305123692003e-03	5.946146090891350766e-02	1.053853909108027481e-02	3.834985862941644204e-12	1.053765069103612152e-02
9.120000000000000284e+01	1.470935230980367408e-15	9.296423068607771674e-17	6.300581843557887563e-24	1.999111604464403474e-03	8.883961845454817690e-07	1.177003619578994640e-24	1.769774748523296001e-17	3.949777435187746418e-14	2.287183178856239686e-14	6.087821739639456666e-24	4.108092749713868594e-28	7.462349305098104832e-03	5.946146090888790314e-02	1.053853909110586198e-02	3.839145678704647302e-12	1.053765069105754536e-02
9.130000000000001137e+01	1.470935230983219140e-15	9.296423068593919769e-17	6.300581843555734939e-24	1.999111604465930031e-03	8.883961845436206258e-07	1.177003619576529041e-24	1.769774748520659172e-17	3.949777435180185344e-14	2.287183178850207740e-14	6.087821739623564717e-24	4.108092749729798106e-28	7.462349305072517661e-03	5.946146090886229862e-02	1.053853909113144915e-02	3.843305494467641515e-12	1.053765069107896919e-02
9.140000000000000568e+01	1.470935230984592547e-15	9.296423068570722328e-17	6.300581843550475337e-24	1.999111604467456588e-03	8.883961845417595885e-07	1.177003619574063258e-24	1.769774748516243092e-17	3.949777435174322530e-14	2.287183178844767124e-14	6.087821739609214135e-24	4.108092749737468702e-28	7.462349305046930489e-03	5.946146090883669411e-02	1.053853909115703633e-02	3.847465310230626842e-12	1.053765069110039303e-02
9.150000000000000000e+01	1.470935230988957709e-15	9.296423068566434130e-17	6.300581843551501690e-24	1.999111604468983144e-03	8.883961845398985513e-07	1.177003619571597842e-24	1.769774748515426806e-17	3.949777435170604786e-14	2.287183178840103063e-14	6.087821739596973565e-24	4.108092749761849950e-28	7.462349305021343318e-03	5.946146090881108959e-02	1.053853909118262350e-02	3.851625125993604091e-12	1.053765069112181686e-02
9.160000000000000853e+01	1.470935230990948202e-15	9.296423068547140318e-17	6.300581843547541009e-24	1.999111604470509701e-03	8.883961845380373023e-07	1.177003619569131875e-24	1.769774748511753364e-17	3.949777435165910749e-14	2.287183178835825544e-14	6.087821739585718207e-24	4.108092749772969758e-28	7.462349304995756147e-03	5.946146090878548507e-02	1.053853909120821067e-02	3.855784941756572455e-12	1.053765069114324070e-02
9.170000000000000284e+01	1.470935230992815041e-15	9.296423068527060110e-17	6.300581843543318046e-24	1.999111604472036258e-03	8.883961845361760532e-07	1.177003619566666092e-24	1.769774748507931395e-17	3.949777435160521251e-14	2.287183178831388043e-14	6.087821739574037467e-24	4.108092749783396315e-28	7.462349304970168976e-03	5.946146090875988055e-02	1.053853909123379784e-02	3.859944757519531125e-12	1.053765069116466453e-02
9.180000000000001137e+01	1.470935230994498865e-15	9.296423068505826193e-17	6.300581843538712312e-24	1.999111604473562814e-03	8.883961845343150160e-07	1.177003619564200493e-24	1.769774748503888791e-17	3.949777435154565035e-14	2.287183178826673179e-14	6.087821739561616899e-24	4.108092749792801382e-28	7.462349304944581804e-03	5.946146090873427603e-02	1.053853909125938501e-02	3.864104573282482525e-12	1.053765069118608837e-02
9.190000000000000568e+01	1.470935230995979557e-15	9.296423068483309145e-17	6.300581843533680461e-24	1.999111604475089371e-03	8.883961845324538728e-07	1.177003619561735077e-24	1.769774748499602133e-17	3.949777435148049675e-14	2.287183178821644349e-14	6.087821739548360262e-24	4.108092749801072855e-28	7.462349304918994633e-03	5.946146090870867151e-02	1.053853909128497218e-02	3.868264389045423423e-12	1.053765069120751220e-02
9.200000000000000000e+01	1.470935230997260272e-15	9.296423068459527453e-17	6.300581843528227637e-24	1.999111604476615928e-03	8.883961845305927297e-07	1.177003619559269478e-24	1.769774748495075119e-17	3.949777435140994104e-14	2.287183178816304707e-14	6.087821739534277105e-24	4.108092749808227773e-28	7.462349304893407462e-03	5.946146090868306699e-02	1.053853909131055935e-02	3.872424204808356244e-12	1.053765069122893604e-02
9.210000000000000853e+01	1.470935230998344364e-15	9.296423068434503306e-17	6.300581843522360451e-24	1.999111604478142484e-03	8.883961845287313748e-07	1.177003619556803511e-24	1.769774748490310830e-17	3.949777435133409679e-14	2.287183178810658988e-14	6.087821739519378449e-24	4.108092749814281382e-28	7.462349304867820290e-03	5.946146090865746248e-02	1.053853909133614652e-02	3.876584020571280986e-12	1.053765069125035987e-02
9.220000000000000284e+01	1.470935230999227691e-15	9.296423068408209586e-17	6.300581843516073025e-24	1.999111604479669041e-03	8.883961845268704434e-07	1.177003619554337912e-24	1.769774748485305570e-17	3.949777435125286305e-14	2.287183178804702141e-14	6.087821739503652538e-24	4.108092749819215746e-28	7.462349304842233119e-03	5.946146090863185796e-02	1.053853909136173370e-02	3.880743836334196035e-12	1.053765069127178371e-02
9.230000000000001137e+01	1.470935231002442891e-15	9.296423068396654007e-17	6.300581843514683738e-24	1.999111604481195598e-03	8.883961845250090885e-07	1.177003619551872312e-24	1.769774748483105387e-17	3.949777435119373004e-14	2.287183178799014770e-14	6.087821739488680414e-24	4.108092749837175684e-28	7.462349304816645948e-03	5.946146090860625344e-02	1.053853909138732087e-02	3.884903652097103814e-12	1.053765069129320754e-02
9.240000000000000568e+01	1.470935231006573564e-15	9.296423068390885461e-17	6.300581843515218588e-24	1.999111604482722154e-03	8.883961845231480512e-07	1.177003619549406529e-24	1.769774748482006837e-17	3.949777435114799504e-14	2.287183178794003925e-14	6.087821739475517081e-24	4.108092749860247559e-28	7.462349304791058777e-03	5.946146090858064892e-02	1.053853909141290804e-02	3.889063467860001900e-12	1.053765069131463138e-02
9.250000000000000000e+01	1.470935231008578060e-15	9.296423068371679163e-17	6.300581843511286559e-24	1.999111604484248711e-03	8.883961845212869081e-07	1.177003619546940746e-24	1.769774748478350651e-17	3.949777435110544073e-14	2.287183178789715046e-14	6.087821739464230131e-24	4.108092749871446288e-28	7.462349304765471605e-03	5.946146090855504440e-02	1.053853909143849521e-02	3.893223283622890292e-12	1.053765069133605521e-02
9.260000000000000853e+01	1.470935231010523982e-15	9.296423068352100622e-17	6.300581843507231104e-24	1.999111604485775268e-03	8.883961845194258708e-07	1.177003619544475147e-24	1.769774748474623900e-17	3.949777435105443614e-14	2.287183178785393982e-14	6.087821739452858693e-24	4.108092749882314086e-28	7.462349304739884434e-03	5.946146090852943988e-02	1.053853909146408238e-02	3.897383099385772221e-12	1.053765069135747905e-02
9.270000000000000284e+01	1.470935231012297736e-15	9.296423068331436164e-17	6.300581843502814184e-24	1.999111604487301824e-03	8.883961845175645159e-07	1.177003619542009364e-24	1.769774748470689764e-17	3.949777435099746776e-14	2.287183178780817642e-14	6.087821739440806202e-24	4.108092749892221378e-28	7.462349304714297263e-03	5.946146090850383537e-02	1.053853909148966955e-02	3.901542915148644457e-12	1.053765069137890288e-02
9.280000000000001137e+01	1.470935231013876247e-15	9.296423068309536646e-17	6.300581843497986575e-24	1.999111604488828381e-03	8.883961845157034787e-07	1.177003619539543580e-24	1.769774748466520511e-17	3.949777435093497104e-14	2.287183178775939957e-14	6.087821739427952171e-24	4.108092749901039918e-28	7.462349304688710092e-03	5.946146090847823085e-02	1.053853909151525672e-02	3.905702730911507808e-12	1.053765069140032672e-02
9.290000000000000568e+01	1.470935231015258528e-15	9.296423068286395904e-17	6.300581843492746809e-24	1.999111604490354938e-03	8.883961845138422296e-07	1.177003619537078165e-24	1.769774748462115524e-17	3.949777435086716056e-14	2.287183178770758403e-14	6.087821739414289254e-24	4.108092749908759839e-28	7.462349304663122920e-03	5.946146090845262633e-02	1.053853909154084389e-02	3.909862546674363080e-12	1.053765069142175055e-02
9.300000000000000000e+01	1.470935231016441228e-15	9.296423068261992985e-17	6.300581843487087539e-24	1.999111604491881494e-03	8.883961845119811924e-07	1.177003619534612382e-24	1.769774748457469873e-17	3.949777435079395426e-14	2.287183178765265407e-14	6.087821739399799816e-24	4.108092749915365896e-28	7.462349304637535749e-03	5.946146090842702181e-02	1.053853909156643107e-02	3.914022362437208659e-12	1.053765069144317439e-02
9.310000000000000853e+01	1.470935231017420204e-15	9.296423068236303237e-17	6.300581843481000682e-24	1.999111604493408051e-03	8.883961845101200492e-07	1.177003619532146782e-24	1.769774748452579552e-17	3.949777435071528274e-14	2.287183178759456235e-14	6.087821739384466227e-24	4.108092749920832978e-28	7.462349304611948578e-03	5.946146090840141729e-02	1.053853909159201824e-02	3.918182178200045352e-12	1.053765069146459822e-02
9.320000000000000284e+01	1.470935231020866146e-15	9.296423068226207050e-17	6.300581843480096286e-24	1.999111604494934608e-03	8.883961845082588002e-07	1.177003619529680999e-24	1.769774748450657011e-17	3.949777435064345223e-14	2.287183178753477932e-14	6.087821739368725623e-24	4.108092749940079869e-28	7.462349304586361406e-03	5.946146090837581277e-02	1.053853909161760541e-02	3.922341993962873967e-12	1.053765069148602206e-02
9.330000000000001137e+01	1.470935231023140826e-15	9.296423068208709129e-17	6.300581843476731434e-24	1.999111604496461164e-03	8.883961845063977629e-07	1.177003619527215583e-24	1.769774748447326231e-17	3.949777435058559401e-14	2.287183178748111153e-14	6.087821739354587365e-24	4.108092749952787964e-28	7.462349304560774235e-03	5.946146090835020825e-02	1.053853909164319258e-02	3.926501809725693697e-12	1.053765069150744589e-02
9.340000000000000568e+01	1.470935231026172222e-15	9.296423068195991212e-17	6.300581843474956437e-24	1.999111604497987721e-03	8.883961845045365139e-07	1.177003619524749617e-24	1.769774748444905106e-17	3.949777435054906028e-14	2.287183178743565105e-14	6.087821739342635526e-24	4.108092749969721031e-28	7.462349304535187064e-03	5.946146090832460374e-02	1.053853909166877975e-02	3.930661625488504540e-12	1.053765069152886973e-02
9.350000000000000000e+01	1.470935231028173562e-15	9.296423068176762727e-17	6.300581843471017796e-24	1.999111604499514278e-03	8.883961845026753708e-07	1.177003619522284017e-24	1.769774748441244607e-17	3.949777435050174756e-14	2.287183178739309359e-14	6.087821739331438208e-24	4.108092749980899132e-28	7.462349304509599893e-03	5.946146090829899922e-02	1.053853909169436692e-02	3.934821441251307306e-12	1.053765069155029356e-02
9.360000000000000853e+01	1.470935231030039612e-15	9.296423068156681287e-17	6.300581843466794098e-24	1.999111604501040834e-03	8.883961845008142276e-07	1.177003619519818234e-24	1.769774748437421713e-17	3.949777435044769481e-14	2.287183178734873120e-14	6.087821739319759671e-24	4.108092749991322103e-28	7.462349304484012721e-03	5.946146090827339470e-02	1.053853909171995409e-02	3.938981257014100378e-12	1.053765069157171740e-02
9.370000000000000284e+01	1.470935231031716139e-15	9.296423068135401764e-17	6.300581843462172936e-24	1.999111604502567391e-03	8.883961844989530845e-07	1.177003619517352819e-24	1.769774748433370481e-17	3.949777435038789916e-14	2.287183178730146581e-14	6.087821739307310452e-24	4.108092750000685915e-28	7.462349304458425550e-03	5.946146090824779018e-02	1.053853909174554127e-02	3.943141072776885373e-12	1.053765069159314123e-02
9.380000000000001137e+01	1.470935231033196239e-15	9.296423068112878552e-17	6.300581843457138147e-24	1.999111604504093948e-03	8.883961844970920472e-07	1.177003619514887035e-24	1.769774748429082898e-17	3.949777435032273294e-14	2.287183178725116804e-14	6.087821739294050141e-24	4.108092750008953800e-28	7.462349304432838379e-03	5.946146090822218566e-02	1.053853909177112844e-02	3.947300888539662289e-12	1.053765069161456507e-02
9.390000000000000568e+01	1.470935231034477349e-15	9.296423068089100559e-17	6.300581843451686057e-24	1.999111604505620504e-03	8.883961844952307982e-07	1.177003619512421436e-24	1.769774748424555884e-17	3.949777435025217722e-14	2.287183178719777478e-14	6.087821739279968453e-24	4.108092750016108718e-28	7.462349304407251208e-03	5.946146090819658114e-02	1.053853909179671561e-02	3.951460704302429512e-12	1.053765069163598890e-02
9.400000000000000000e+01	1.470935231035557892e-15	9.296423068064054225e-17	6.300581843445812993e-24	1.999111604507147061e-03	8.883961844933696551e-07	1.177003619509955653e-24	1.769774748419787898e-17	3.949777435017624462e-14	2.287183178714126710e-14	6.087821739265056572e-24	4.108092750022144391e-28	7.462349304381664036e-03	5.946146090817097662e-02	1.053853909182230278e-02	3.955620520065187041e-12	1.053765069165741274e-02
9.410000000000000853e+01	1.470935231036438063e-15	9.296423068037740784e-17	6.300581843439518956e-24	1.999111604508673617e-03	8.883961844915086178e-07	1.177003619507490421e-24	1.769774748414778631e-17	3.949777435009493515e-14	2.287183178708164499e-14	6.087821739249316703e-24	4.108092750027061715e-28	7.462349304356076865e-03	5.946146090814537211e-02	1.053853909184788995e-02	3.959780335827938108e-12	1.053765069167883657e-02
9.420000000000000284e+01	1.470935231039602776e-15	9.296423068025865962e-17	6.300581843438023874e-24	1.999111604510200174e-03	8.883961844896475805e-07	1.177003619505024454e-24	1.769774748412518052e-17	3.949777435003385838e-14	2.287183178702404237e-14	6.087821739234148418e-24	4.108092750044738255e-28	7.462349304330489694e-03	5.946146090811976759e-02	1.053853909187347712e-02	3.963940151590679482e-12	1.053765069170026041e-02
9.430000000000001137e+01	1.470935231043720235e-15	9.296423068020012367e-17	6.300581843438530071e-24	1.999111604511726731e-03	8.883961844877862256e-07	1.177003619502558487e-24	1.769774748411403786e-17	3.949777434998824329e-14	2.287183178697369411e-14	6.087821739220921902e-24	4.108092750067737486e-28	7.462349304304902523e-03	5.946146090809416307e-02	1.053853909189906429e-02	3.968099967353411970e-12	1.053765069172168424e-02
9.440000000000000568e+01	1.470935231045720195e-15	9.296423068000776487e-17	6.300581843434587022e-24	1.999111604513253287e-03	8.883961844859250825e-07	1.177003619500092888e-24	1.769774748407741746e-17	3.949777434994564480e-14	2.287183178693071065e-14	6.087821739209611443e-24	4.108092750078907516e-28	7.462349304279315351e-03	5.946146090806855855e-02	1.053853909192465146e-02	3.972259783116135572e-12	1.053765069174310808e-02
9.450000000000000000e+01	1.470935231047664934e-15	9.296423067981190550e-17	6.300581843430530097e-24	1.999111604514779844e-03	8.883961844840640452e-07	1.177003619497627289e-24	1.769774748404012837e-17	3.949777434989465283e-14	2.287183178688747792e-14	6.087821739198231923e-24	4.108092750089769934e-28	7.462349304253728180e-03	5.946146090804295403e-02	1.053853909195023864e-02	3.976419598878850288e-12	1.053765069176453191e-02
9.460000000000000853e+01	1.470935231049437899e-15	9.296423067960521162e-17	6.300581843426110973e-24	1.999111604516306401e-03	8.883961844822027962e-07	1.177003619495161506e-24	1.769774748400078701e-17	3.949777434983765290e-14	2.287183178684171137e-14	6.087821739186179432e-24	4.108092750099674536e-28	7.462349304228141009e-03	5.946146090801734951e-02	1.053853909197582581e-02	3.980579414641556119e-12	1.053765069178595574e-02
9.470000000000000284e+01	1.470935231051013649e-15	9.296423067938604387e-17	6.300581843421278222e-24	1.999111604517832957e-03	8.883961844803417589e-07	1.177003619492695906e-24	1.769774748395906059e-17	3.949777434977507414e-14	2.287183178679288719e-14	6.087821739173314381e-24	4.108092750108476932e-28	7.462349304202553837e-03	5.946146090799174500e-02	1.053853909200141298e-02	3.984739230404253871e-12	1.053765069180737958e-02
9.480000000000001137e+01	1.470935231052389619e-15	9.296423067915424203e-17	6.300581843416025967e-24	1.999111604519359514e-03	8.883961844784806158e-07	1.177003619490230123e-24	1.769774748391493368e-17	3.949777434970708695e-14	2.287183178674097383e-14	6.087821739159625749e-24	4.108092750116163671e-28	7.462349304176966666e-03	5.946146090796614048e-02	1.053853909202700015e-02	3.988899046166942738e-12	1.053765069182880341e-02
9.490000000000000568e+01	1.470935231053565614e-15	9.296423067890981840e-17	6.300581843410352737e-24	1.999111604520886071e-03	8.883961844766192609e-07	1.177003619487764524e-24	1.769774748386840013e-17	3.949777434963371658e-14	2.287183178668594920e-14	6.087821739145108394e-24	4.108092750122731164e-28	7.462349304151379495e-03	5.946146090794053596e-02	1.053853909205258732e-02	3.993058861929623527e-12	1.053765069185022725e-02
9.500000000000000000e+01	1.470935231054541238e-15	9.296423067865271138e-17	6.300581843404258533e-24	1.999111604522412627e-03	8.883961844747581177e-07	1.177003619485298924e-24	1.769774748381945686e-17	3.949777434955495039e-14	2.287183178662781016e-14	6.087821739129763050e-24	4.108092750128180309e-28	7.462349304125792324e-03	5.946146090791493144e-02	1.053853909207817449e-02	3.997218677692295430e-12	1.053765069187165108e-02
9.510000000000000853e+01	1.470935231057983827e-15	9.296423067855151532e-17	6.300581843403346791e-24	1.999111604523939184e-03	8.883961844728971864e-07	1.177003619482833325e-24	1.769774748380018831e-17	3.949777434948302521e-14	2.287183178656796717e-14	6.087821739114007018e-24	4.108092750147409263e-28	7.462349304100205152e-03	5.946146090788932692e-02	1.053853909210376166e-02	4.001378493454958448e-12	1.053765069189307492e-02
9.520000000000000284e+01	1.470935231060255352e-15	9.296423067837631424e-17	6.300581843399976061e-24	1.999111604525465741e-03	8.883961844710359373e-07	1.177003619480367542e-24	1.769774748376684045e-17	3.949777434942507233e-14	2.287183178651424258e-14	6.087821739099854066e-24	4.108092750160097628e-28	7.462349304074617981e-03	5.946146090786372240e-02	1.053853909212934883e-02	4.005538309217612580e-12	1.053765069191449875e-02
9.530000000000001137e+01	1.470935231063283197e-15	9.296423067824893786e-17	6.300581843398192983e-24	1.999111604526992297e-03	8.883961844691747942e-07	1.177003619477901759e-24	1.769774748374258914e-17	3.949777434938844394e-14	2.287183178646872847e-14	6.087821739087889003e-24	4.108092750177010068e-28	7.462349304049030810e-03	5.946146090783811788e-02	1.053853909215493601e-02	4.009698124980259441e-12	1.053765069193592259e-02
9.540000000000000568e+01	1.470935231065281579e-15	9.296423067805645579e-17	6.300581843394247730e-24	1.999111604528518854e-03	8.883961844673134393e-07	1.177003619475436159e-24	1.769774748370595025e-17	3.949777434934106811e-14	2.287183178642612998e-14	6.087821739076679929e-24	4.108092750188171130e-28	7.462349304023443639e-03	5.946146090781251337e-02	1.053853909218052318e-02	4.013857940742895801e-12	1.053765069195734642e-02
9.550000000000000000e+01	1.470935231067146643e-15	9.296423067785557976e-17	6.300581843390023297e-24	1.999111604530045411e-03	8.883961844654524020e-07	1.177003619472970560e-24	1.769774748366770899e-17	3.949777434928697750e-14	2.287183178638174866e-14	6.087821739064995515e-24	4.108092750198588719e-28	7.462349303997856467e-03	5.946146090778690885e-02	1.053853909220611035e-02	4.018017756505523276e-12	1.053765069197877026e-02
9.560000000000000853e+01	1.470935231068822381e-15	9.296423067764272290e-17	6.300581843385399931e-24	1.999111604531571967e-03	8.883961844635913648e-07	1.177003619470504777e-24	1.769774748362718126e-17	3.949777434922716922e-14	2.287183178633447381e-14	6.087821739052542622e-24	4.108092750207949841e-28	7.462349303972269296e-03	5.946146090776130433e-02	1.053853909223169752e-02	4.022177572268143481e-12	1.053765069200019409e-02
9.570000000000000284e+01	1.470935231070296170e-15	9.296423067741713333e-17	6.300581843380351182e-24	1.999111604533098524e-03	8.883961844617302216e-07	1.177003619468038810e-24	1.769774748358423764e-17	3.949777434916183261e-14	2.287183178628408453e-14	6.087821739039258801e-24	4.108092750216182750e-28	7.462349303946682125e-03	5.946146090773569981e-02	1.053853909225728469e-02	4.026337388030753184e-12	1.053765069202161793e-02
9.580000000000001137e+01	1.470935231071576886e-15	9.296423067717930410e-17	6.300581843374898358e-24	1.999111604534625081e-03	8.883961844598690785e-07	1.177003619465573211e-24	1.769774748353895826e-17	3.949777434909127689e-14	2.287183178623068180e-14	6.087821739025174910e-24	4.108092750223335874e-28	7.462349303921094953e-03	5.946146090771009529e-02	1.053853909228287186e-02	4.030497203793355617e-12	1.053765069204304176e-02
9.590000000000000568e+01	1.470935231072657428e-15	9.296423067692881611e-17	6.300581843369025294e-24	1.999111604536151637e-03	8.883961844580078295e-07	1.177003619463107795e-24	1.769774748349127840e-17	3.949777434901533167e-14	2.287183178617417096e-14	6.087821739010263029e-24	4.108092750229370650e-28	7.462349303895507782e-03	5.946146090768449077e-02	1.053853909230845903e-02	4.034657019555949164e-12	1.053765069206446560e-02
9.600000000000000000e+01	1.470935231073534839e-15	9.296423067666552146e-17	6.300581843362726114e-24	1.999111604537678194e-03	8.883961844561467922e-07	1.177003619460642196e-24	1.769774748344115491e-17	3.949777434893394016e-14	2.287183178611450152e-14	6.087821738994509935e-24	4.108092750234271831e-28	7.462349303869920611e-03	5.946146090765888625e-02	1.053853909233404620e-02	4.038816835318533018e-12	1.053765069208588943e-02
9.610000000000000853e+01	1.470935231076743333e-15	9.296423067654954658e-17	6.300581843361323602e-24	1.999111604539204751e-03	8.883961844542856490e-07	1.177003619458176413e-24	1.769774748341907297e-17	3.949777434887462413e-14	2.287183178605752999e-14	6.087821738979509893e-24	4.108092750252194999e-28	7.462349303844333440e-03	5.946146090763328174e-02	1.053853909235963338e-02	4.042976651081108793e-12	1.053765069210731327e-02
9.620000000000000284e+01	1.470935231080867498e-15	9.296423067649144204e-17	6.300581843361843024e-24	1.999111604540731307e-03	8.883961844524245059e-07	1.177003619455710813e-24	1.769774748340801043e-17	3.949777434882871873e-14	2.287183178600732057e-14	6.087821738966320112e-24	4.108092750275231001e-28	7.462349303818746268e-03	5.946146090760767722e-02	1.053853909238522055e-02	4.047136466843675684e-12	1.053765069212873710e-02
9.630000000000001137e+01	1.470935231082864894e-15	9.296423067629892300e-17	6.300581843357895567e-24	1.999111604542257864e-03	8.883961844505633628e-07	1.177003619453244846e-24	1.769774748337136229e-17	3.949777434878586781e-14	2.287183178596432765e-14	6.087821738955006713e-24	4.108092750286388475e-28	7.462349303793159097e-03	5.946146090758207270e-02	1.053853909241080772e-02	4.051296282606234496e-12	1.053765069215016094e-02
9.640000000000000568e+01	1.470935231084805097e-15	9.296423067610279246e-17	6.300581843353829091e-24	1.999111604543784421e-03	8.883961844487020079e-07	1.177003619450779063e-24	1.769774748333402390e-17	3.949777434873480011e-14	2.287183178592102234e-14	6.087821738943608826e-24	4.108092750297224885e-28	7.462349303767571926e-03	5.946146090755646818e-02	1.053853909243639489e-02	4.055456098368784422e-12	1.053765069217158477e-02
9.650000000000000000e+01	1.470935231086575301e-15	9.296423067589590136e-17	6.300581843349404089e-24	1.999111604545310977e-03	8.883961844468410765e-07	1.177003619448313648e-24	1.769774748329463941e-17	3.949777434867774969e-14	2.287183178587520214e-14	6.087821738931541642e-24	4.108092750307113343e-28	7.462349303741984755e-03	5.946146090753086366e-02	1.053853909246198206e-02	4.059615914131325463e-12	1.053765069219300861e-02
9.660000000000000853e+01	1.470935231088149473e-15	9.296423067567663501e-17	6.300581843344567665e-24	1.999111604546837534e-03	8.883961844449799333e-07	1.177003619445848048e-24	1.769774748325289757e-17	3.949777434861514569e-14	2.287183178582636534e-14	6.087821738918671448e-24	4.108092750315906772e-28	7.462349303716397583e-03	5.946146090750525914e-02	1.053853909248756923e-02	4.063775729893857618e-12	1.053765069221443244e-02
9.670000000000000284e+01	1.470935231089526233e-15	9.296423067544488246e-17	6.300581843339316144e-24	1.999111604548364091e-03	8.883961844431187902e-07	1.177003619443382265e-24	1.769774748320877683e-17	3.949777434854716481e-14	2.287183178577445198e-14	6.087821738904984286e-24	4.108092750323594407e-28	7.462349303690810412e-03	5.946146090747965463e-02	1.053853909251315640e-02	4.067935545656381695e-12	1.053765069223585628e-02
9.680000000000001137e+01	1.470935231090699663e-15	9.296423067520027395e-17	6.300581843333637772e-24	1.999111604549890647e-03	8.883961844412575412e-07	1.177003619440916666e-24	1.769774748316220938e-17	3.949777434847371239e-14	2.287183178571938318e-14	6.087821738890455176e-24	4.108092750330148448e-28	7.462349303665223241e-03	5.946146090745405011e-02	1.053853909253874357e-02	4.072095361418896886e-12	1.053765069225728011e-02
9.690000000000000568e+01	1.470935231091677259e-15	9.296423067494331484e-17	6.300581843327548711e-24	1.999111604551417204e-03	8.883961844393966098e-07	1.177003619438451066e-24	1.769774748311329693e-17	3.949777434839501563e-14	2.287183178566127884e-14	6.087821738875119382e-24	4.108092750335611046e-28	7.462349303639636069e-03	5.946146090742844559e-02	1.053853909256433075e-02	4.076255177181401576e-12	1.053765069227870395e-02
9.700000000000000000e+01	1.470935231094683016e-15	9.296423067481452097e-17	6.300581843325719348e-24	1.999111604552943761e-03	8.883961844375353608e-07	1.177003619435985467e-24	1.769774748308877753e-17	3.949777434832419485e-14	2.287183178560167882e-14	6.087821738859420655e-24	4.108092750352398826e-28	7.462349303614048898e-03	5.946146090740284107e-02	1.053853909258991792e-02	4.080414992943898996e-12	1.053765069230012778e-02
9.710000000000000853e+01	1.470935231098228749e-15	9.296423067471984534e-17	6.300581843325024337e-24	1.999111604554470317e-03	8.883961844356741117e-07	1.177003619433519684e-24	1.769774748307075390e-17	3.949777434826942897e-14	2.287183178554849066e-14	6.087821738845430068e-24	4.108092750372204442e-28	7.462349303588461727e-03	5.946146090737723655e-02	1.053853909261550509e-02	4.084574808706388338e-12	1.053765069232155162e-02
9.720000000000000284e+01	1.470935231100535181e-15	9.296423067454686293e-17	6.300581843321726340e-24	1.999111604555996874e-03	8.883961844338129686e-07	1.177003619431053901e-24	1.769774748303781896e-17	3.949777434823245980e-14	2.287183178550391687e-14	6.087821738833703778e-24	4.108092750385089213e-28	7.462349303562874556e-03	5.946146090735163203e-02	1.053853909264109226e-02	4.088734624468867178e-12	1.053765069234297545e-02
9.730000000000001137e+01	1.470935231102542043e-15	9.296423067435493554e-17	6.300581843317799454e-24	1.999111604557523431e-03	8.883961844319518254e-07	1.177003619428588118e-24	1.769774748300128484e-17	3.949777434818461696e-14	2.287183178546152664e-14	6.087821738822547602e-24	4.108092750396297807e-28	7.462349303537287384e-03	5.946146090732602751e-02	1.053853909266667943e-02	4.092894440231339556e-12	1.053765069236439929e-02
9.740000000000000568e+01	1.470935231104403558e-15	9.296423067415382531e-17	6.300581843313565471e-24	1.999111604559049987e-03	8.883961844300908941e-07	1.177003619426122702e-24	1.769774748296299735e-17	3.949777434813032440e-14	2.287183178541709484e-14	6.087821738810851433e-24	4.108092750406695666e-28	7.462349303511700213e-03	5.946146090730042300e-02	1.053853909269226660e-02	4.097054255993802241e-12	1.053765069238582312e-02
9.750000000000000000e+01	1.470935231106073379e-15	9.296423067394059867e-17	6.300581843308930350e-24	1.999111604560576544e-03	8.883961844282296450e-07	1.177003619423656735e-24	1.769774748292240799e-17	3.949777434807032679e-14	2.287183178536973794e-14	6.087821738798376499e-24	4.108092750416022709e-28	7.462349303486113042e-03	5.946146090727481848e-02	1.053853909271785377e-02	4.101214071756255232e-12	1.053765069240724696e-02
9.760000000000000853e+01	1.470935231107547760e-15	9.296423067371502143e-17	6.300581843303885275e-24	1.999111604562103101e-03	8.883961844263685019e-07	1.177003619421191503e-24	1.769774748287946130e-17	3.949777434800499649e-14	2.287183178531934550e-14	6.087821738785092678e-24	4.108092750424258308e-28	7.462349303460525871e-03	5.946146090724921396e-02	1.053853909274344094e-02	4.105373887518700953e-12	1.053765069242867079e-02
9.770000000000000284e+01	1.470935231108819404e-15	9.296423067347664985e-17	6.300581843298411879e-24	1.999111604563629657e-03	8.883961844245072529e-07	1.177003619418725353e-24	1.769774748283408022e-17	3.949777434793420095e-14	2.287183178526580709e-14	6.087821738770971318e-24	4.108092750431362106e-28	7.462349303434938699e-03	5.946146090722360944e-02	1.053853909276902812e-02	4.109533703281137789e-12	1.053765069245009463e-02
9.780000000000001137e+01	1.470935231109893241e-15	9.296423067322574278e-17	6.300581843292524857e-24	1.999111604565156214e-03	8.883961844226463215e-07	1.177003619416260121e-24	1.769774748278632024e-17	3.949777434785807272e-14	2.287183178520919212e-14	6.087821738756030050e-24	4.108092750437360112e-28	7.462349303409351528e-03	5.946146090719800492e-02	1.053853909279461529e-02	4.113693519043564930e-12	1.053765069247151846e-02
9.790000000000000568e+01	1.470935231110764143e-15	9.296423067296202905e-17	6.300581843286210983e-24	1.999111604566682771e-03	8.883961844207849666e-07	1.177003619413794338e-24	1.769774748273611356e-17	3.949777434777649188e-14	2.287183178514942171e-14	6.087821738740251242e-24	4.108092750442223627e-28	7.462349303383764357e-03	5.946146090717240040e-02	1.053853909282020246e-02	4.117853334805983994e-12	1.053765069249294230e-02
9.800000000000000000e+01	1.470935231114519713e-15	9.296423067288061614e-17	6.300581843285957517e-24	1.999111604568209327e-03	8.883961844189239293e-07	1.177003619411328555e-24	1.769774748272061368e-17	3.949777434772043858e-14	2.287183178509353565e-14	6.087821738725550216e-24	4.108092750463202298e-28	7.462349303358177185e-03	5.946146090714679588e-02	1.053853909284578963e-02	4.122013150568394172e-12	1.053765069251436613e-02
9.810000000000000853e+01	1.470935231118247475e-15	9.296423067279747759e-17	6.300581843285645276e-24	1.999111604569735884e-03	8.883961844170626803e-07	1.177003619408862771e-24	1.769774748270478715e-17	3.949777434767689977e-14	2.287183178504446219e-14	6.087821738712652839e-24	4.108092750484024920e-28	7.462349303332590014e-03	5.946146090712119137e-02	1.053853909287137680e-02	4.126172966330795465e-12	1.053765069253578997e-02
9.820000000000000284e+01	1.470935231120269128e-15	9.296423067260646232e-17	6.300581843281748512e-24	1.999111604571262440e-03	8.883961844152016430e-07	1.177003619406397172e-24	1.769774748266842560e-17	3.949777434763355029e-14	2.287183178500193312e-14	6.087821738701464337e-24	4.108092750495315126e-28	7.462349303307002843e-03	5.946146090709558685e-02	1.053853909289696397e-02	4.130332782093187871e-12	1.053765069255721380e-02
9.830000000000001137e+01	1.470935231122215643e-15	9.296423067241073853e-17	6.300581843277694526e-24	1.999111604572788997e-03	8.883961844133403940e-07	1.177003619403931389e-24	1.769774748263116116e-17	3.949777434758235006e-14	2.287183178495875087e-14	6.087821738690098776e-24	4.108092750506189202e-28	7.462349303281415672e-03	5.946146090706998233e-02	1.053853909292255114e-02	4.134492597855571392e-12	1.053765069257863764e-02
9.840000000000000568e+01	1.470935231123983480e-15	9.296423067220367487e-17	6.300581843273264382e-24	1.999111604574315554e-03	8.883961844114793568e-07	1.177003619401466157e-24	1.769774748259174585e-17	3.949777434752515449e-14	2.287183178491289597e-14	6.087821738678023510e-24	4.108092750516063312e-28	7.462349303255828500e-03	5.946146090704437781e-02	1.053853909294813831e-02	4.138652413617946835e-12	1.053765069260006147e-02
9.850000000000000000e+01	1.470935231125556271e-15	9.296423067198434689e-17	6.300581843268425018e-24	1.999111604575842110e-03	8.883961844096181077e-07	1.177003619399000190e-24	1.769774748254999169e-17	3.949777434746248107e-14	2.287183178486403708e-14	6.087821738665148173e-24	4.108092750524848668e-28	7.462349303230241329e-03	5.946146090701877329e-02	1.053853909297372549e-02	4.142812229380313393e-12	1.053765069262148531e-02
9.860000000000000853e+01	1.470935231126929678e-15	9.296423067175238480e-17	6.300581843263167620e-24	1.999111604577368667e-03	8.883961844077568587e-07	1.177003619396534407e-24	1.769774748250583397e-17	3.949777434739441184e-14	2.287183178481207954e-14	6.087821738651447052e-24	4.108092750532519264e-28	7.462349303204654158e-03	5.946146090699316877e-02	1.053853909299931266e-02	4.146972045142671872e-12	1.053765069264290914e-02
9.870000000000000284e+01	1.470935231128102320e-15	9.296423067150773932e-17	6.300581843257487043e-24	1.999111604578895224e-03	8.883961844058958214e-07	1.177003619394068991e-24	1.769774748245926036e-17	3.949777434732094680e-14	2.287183178475700128e-14	6.087821738636916472e-24	4.108092750539069718e-28	7.462349303179066987e-03	5.946146090696756425e-02	1.053853909302489983e-02	4.151131860905019850e-12	1.053765069266433298e-02
9.880000000000001137e+01	1.470935231129074591e-15	9.296423067125043508e-17	6.300581843251386228e-24	1.999111604580421780e-03	8.883961844040346783e-07	1.177003619391603025e-24	1.769774748241027703e-17	3.949777434724209857e-14	2.287183178469880543e-14	6.087821738621555700e-24	4.108092750544500926e-28	7.462349303153479815e-03	5.946146090694195974e-02	1.053853909305048700e-02	4.155291676667361366e-12	1.053765069268575681e-02
9.890000000000000568e+01	1.470935231132507516e-15	9.296423067114863504e-17	6.300581843250453914e-24	1.999111604581948337e-03	8.883961844021735352e-07	1.177003619389137425e-24	1.769774748239089755e-17	3.949777434716992095e-14	2.287183178463882360e-14	6.087821738605761464e-24	4.108092750563676070e-28	7.462349303127892644e-03	5.946146090691635522e-02	1.053853909307607417e-02	4.159451492429693188e-12	1.053765069270718065e-02
9.900000000000000000e+01	1.470935231134772928e-15	9.296423067097303953e-17	6.300581843247069959e-24	1.999111604583474894e-03	8.883961844003123920e-07	1.177003619386671642e-24	1.769774748235747265e-17	3.949777434711179137e-14	2.287183178458500435e-14	6.087821738591582798e-24	4.108092750576328562e-28	7.462349303102305473e-03	5.946146090689075070e-02	1.053853909310166134e-02	4.163611308192015316e-12	1.053765069272860448e-02
9.910000000000000853e+01	1.470935231137794068e-15	9.296423067084521941e-17	6.300581843245272922e-24	1.999111604585001450e-03	8.883961843984511430e-07	1.177003619384205859e-24	1.769774748233313506e-17	3.949777434707508725e-14	2.287183178453937348e-14	6.087821738579587613e-24	4.108092750593203335e-28	7.462349303076718302e-03	5.946146090686514618e-02	1.053853909312724851e-02	4.167771123954330983e-12	1.053765069275002832e-02
9.920000000000000284e+01	1.470935231139788111e-15	9.296423067065249083e-17	6.300581843241318119e-24	1.999111604586528007e-03	8.883961843965901057e-07	1.177003619381740260e-24	1.769774748229644687e-17	3.949777434702754103e-14	2.287183178449671504e-14	6.087821738568363111e-24	4.108092750604341976e-28	7.462349303051131130e-03	5.946146090683954166e-02	1.053853909315283569e-02	4.171930939716636148e-12	1.053765069277145215e-02
9.930000000000001137e+01	1.470935231141645089e-15	9.296423067045108479e-17	6.300581843237076053e-24	1.999111604588054564e-03	8.883961843947289626e-07	1.177003619379274660e-24	1.769774748225810699e-17	3.949777434697320429e-14	2.287183178445221066e-14	6.087821738556647106e-24	4.108092750614714724e-28	7.462349303025543959e-03	5.946146090681393714e-02	1.053853909317842286e-02	4.176090755478933235e-12	1.053765069279287599e-02
9.940000000000000568e+01	1.470935231143311755e-15	9.296423067023767326e-17	6.300581843232434320e-24	1.999111604589581120e-03	8.883961843928677136e-07	1.177003619376808877e-24	1.769774748221747449e-17	3.949777434691314357e-14	2.287183178440479381e-14	6.087821738544154540e-24	4.108092750624025623e-28	7.462349302999956788e-03	5.946146090678833263e-02	1.053853909320401003e-02	4.180250571241221436e-12	1.053765069281429982e-02
9.950000000000000000e+01	1.470935231144782389e-15	9.296423067001184950e-17	6.300581843227379694e-24	1.999111604591107677e-03	8.883961843910066763e-07	1.177003619374343278e-24	1.769774748217448466e-17	3.949777434684770598e-14	2.287183178435434458e-14	6.087821738530856025e-24	4.108092750632237905e-28	7.462349302974369616e-03	5.946146090676272811e-02	1.053853909322959720e-02	4.184410387003500752e-12	1.053765069283572366e-02
9.960000000000000853e+01	1.470935231146053639e-15	9.296423066977344094e-17	6.300581843221907768e-24	1.999111604592634234e-03	8.883961843891456390e-07	1.177003619371877862e-24	1.769774748212909742e-17	3.949777434677689783e-14	2.287183178430079986e-14	6.087821738516733195e-24	4.108092750639339910e-28	7.462349302948782445e-03	5.946146090673712359e-02	1.053853909325518437e-02	4.188570202765771181e-12	1.053765069285714749e-02
9.970000000000000284e+01	1.470935231147126292e-15	9.296423066952248457e-17	6.300581843216018541e-24	1.999111604594160790e-03	8.883961843872844959e-07	1.177003619369412263e-24	1.769774748208132511e-17	3.949777434670075066e-14	2.287183178424417227e-14	6.087821738501789723e-24	4.108092750645330741e-28	7.462349302923195274e-03	5.946146090671151907e-02	1.053853909328077154e-02	4.192730018528033533e-12	1.053765069287857133e-02
9.980000000000001137e+01	1.470935231147995420e-15	9.296423066925863525e-17	6.300581843209700259e-24	1.999111604595687347e-03	8.883961843854232469e-07	1.177003619366946112e-24	1.769774748203109686e-17	3.949777434661912565e-14	2.287183178418437030e-14	6.087821738486001365e-24	4.108092750650186184e-28	7.462349302897608103e-03	5.946146090668591455e-02	1.053853909330635871e-02	4.196889834290286999e-12	1.053765069289999516e-02
9.990000000000000568e+01	1.470935231151746848e-15	9.296423066917698814e-17	6.300581843209437977e-24	1.999111604597213904e-03	8.883961843835618920e-07	1.177003619364480513e-24	1.769774748201555383e-17	3.949777434656297769e-14	2.287183178412843059e-14	6.087821738471284910e-24	4.108092750671140641e-28	7.462349302872020931e-03	5.946146090666031003e-02	1.053853909333194588e-02	4.201049650052531580e-12	1.053765069292141900e-02
