structure,qh-G(T)_SPC
00-lpdoh2,-1319.066221
01-rxt,-1880.215015
03-c1,-1880.21493
05-c2,-1880.259447
09-c3,-1704.344594
11-c4,-1704.316688
13-t1,-1880.214289
15-t2,-1880.226597
19-t3,-1704.321785
21-t4,-1704.327574
42-p1,-2667.702248
100-l2pd2oh4,-2638.132442
naphboh2,-561.150376
h2o,-76.368394
boh3,-252.272407
naph-c,-385.286152
naph-t,-385.286152
pre-catalyst-dimer,-558.7050440000003
pre-catalyst-monomer,-279.35252200000014
ligand,-1039.713699
