structure,qh-G(T)_SPC
00-lpdoh2,-1678.77959
01-rxt,-2239.925341
03-c1,-2239.917672
05-c2,-2239.966765
09-c3,-2064.056588
11-c4,-2064.031072
13-t1,-2239.923957
15-t2,-2239.934409
19-t3,-2064.0322
21-t4,-2064.034523
99-l2pd2oh4,-3357.55918
naphboh2,-561.150376
h2o,-76.368394
boh3,-252.272407
naphh-c,-385.286152
naphh-t,-385.286152
