structure,qh-G(T)_SPC
00-lpdoh2,-1780.9023965
01-rxt,-2342.048778
03-c1,-2342.042158
05-c2,-2342.097083
09-c3,-2166.181743
11-c4,-2166.149936
13-t1,-2342.048035
15-t2,-2342.056164
19-t3,-2166.150394
21-t4,-2166.16088
99-l2pd2oh4,-3561.804793
naphboh2,-561.150376
h2o,-76.368394
boh3,-252.272407
naphh-c,-385.286152
naphh-t,-385.286152
