structure,qh-G(T)_SPC
00-lpdoh2,-1685.862864
01-rxt,-2247.010375
03-c1,-2247.00215
05-c2,-2247.054952
09-c3,-2071.140845
11-c4,-2071.111652
13-t1,-2247.010529
15-t2,-2247.020957
19-t3,-2071.116108
21-t4,-2071.124599
99-l2pd2oh4,-3371.725728
naphboh2,-561.150376
h2o,-76.368394
boh3,-252.272407
naphh-c,-385.286152
naphh-t,-385.286152
