structure,qh-G(T)_SPC
00-lpdoh2,-1937.852888
01-rxt,-2499.001611
03-c1,-2498.992337
05-c2,-2499.051521
09-c3,-2323.130889
11-c4,-2323.100452
13-t1,-2499.001846
15-t2,-2499.009681
19-t3,-2323.106023
21-t4,-2323.116195
99-l2pd2oh4,-3875.705776
naphboh2,-561.150376
h2o,-76.368394
boh3,-252.272407
naphh-c,-385.286152
naphh-t,-385.286152
