structure,qh-G(T)_SPC
e00-lpdoh2,-1397.5205905
e01-ecrxt,-2285.023855
e03-ec1,-2285.017066
e05-ec2,-2285.070392
e09-ec3,-1874.952019
e11-ec4,-1874.914618
e12-etrxt,-2285.035352
e14-et1,-2285.028895
e16-et2,-2285.041612
e20-et3,-1874.931883
e22-et4,-1874.936108
e100-l2pd2oh4,-2795.041181
6cnnaphbpin,-887.519126
h2o,-76.368394
bpinoh,-486.48039
6cnnaph-c,-477.444811
6cnnaph-t,-477.444811
