structure,qh-G(T)_SPC
e00-lpdoh2,-1552.1274215
e01-ecrxt,-2461.86481
e03-ec1,-2461.872182
e05-ec2,-2461.917923
e09-ec3,-2051.792221
e11-ec4,-2051.771534
e12-etrxt,-2461.869589
e14-et1,-2461.870252
e16-et2,-2461.869286
e20-et3,-2051.764882
e22-et4,-2051.774021
e100-l2pd2oh4,-3104.254843
6omenaphbpin,-909.749633
h2o,-76.368394
bpinoh,-486.48039
6omenaph-c,-499.674855
6omenaph-t,-499.674855
