structure,qh-G(T)_SPC
00-lpdoh2,-1861.299763
01-rxt,-2422.448644
03-c1,-2422.430679
05-c2,-2422.490668
09-c3,-2246.574302
11-c4,-2246.540577
13-t1,-2422.441507
15-t2,-2422.456673
19-t3,-2246.553383
21-t4,-2246.558166
99-l2pd2oh4,-3722.599526
naphboh2,-561.150376
h2o,-76.368394
boh3,-252.272407
naphh-c,-385.286152
naphh-t,-385.286152
