structure,qh-G(T)_SPC
e00-lpdoh2,-1397.5205905
e01-ecrxt,-2192.865998
e03-ec1,-2192.859958
e05-ec2,-2192.913036
e09-ec3,-1782.793837
e11-ec4,-1782.759413
e12-etrxt,-2192.876954
e14-et1,-2192.87237
e16-et2,-2192.883033
e20-et3,-1782.773899
e22-et4,-1782.780134
e100-l2pd2oh4,-2795.041181
naphbpin,-795.362629
h2o,-76.368394
bpinoh,-486.48039
naph-c,-385.286152
naph-t,-385.286152
