structure,qh-G(T)_SPC
00-lpdoh2,-1552.1274215
01-rxt,-2227.663315
03-c1,-2227.654889
05-c2,-2227.704127
09-c3,-2051.792221
11-c4,-2051.771534
13-t1,-2227.660224
15-t2,-2227.671298
19-t3,-2051.764882
21-t4,-2051.774021
100-l2pd2oh4,-3104.254843
6omenaphboh2,-675.537712
h2o,-76.368394
boh3,-252.272407
6omenaph-c,-499.674855
6omenaph-t,-499.674855
