0.000000000000000000e+00	0.000000000000000000e+00	0.000000000000000000e+00	0.000000000000000000e+00	0.000000000000000000e+00	0.000000000000000000e+00	0.000000000000000000e+00	0.000000000000000000e+00	0.000000000000000000e+00	0.000000000000000000e+00	0.000000000000000000e+00	1.000000000000000021e-03	2.000000000000000042e-02	7.000000000000000666e-02	0.000000000000000000e+00	0.000000000000000000e+00	0.000000000000000000e+00
1.000000000000000056e-01	1.831018171587819323e-04	2.042974009718424355e-06	6.790440201740038696e-14	8.155473104594719493e-04	2.051575388002177609e-05	2.718059760636473947e-23	3.889239896459202558e-07	8.104824016020082235e-04	1.678537667190736543e-04	1.978474319001638456e-14	3.352627471560410560e-08	1.815305570192845067e-02	6.978151731205753383e-02	2.184826879426385240e-04	1.352150928120025284e-13	3.011316718854331820e-05
2.000000000000000111e-01	7.067339600288260462e-05	7.792513663529797768e-07	2.590076906220957650e-14	9.384870191346848323e-04	1.154332657155808970e-05	1.529334622911547589e-23	1.483488935031934842e-07	6.760769808619549815e-04	3.022816880642755335e-04	3.562954492835031537e-14	4.994729083166558448e-09	1.793912110609542643e-02	6.955461270637819382e-02	4.453872936219991068e-04	2.056214283229806387e-13	1.315622787449144914e-04
3.000000000000000444e-01	7.026773139956494628e-05	7.687677400748466126e-07	2.555231412671535093e-14	1.017843804858490665e-03	8.788753310564844626e-06	1.164391612037530114e-23	1.463525434626897327e-07	5.485550342673771798e-04	3.536196810910226685e-04	4.168162453421516921e-14	4.937554075520912680e-09	1.779994946052184182e-02	6.936726341995719247e-02	6.327365800429909145e-04	2.522029473688671754e-13	2.703281453475181646e-04
4.000000000000000222e-01	7.160992396933752173e-05	7.769217865982990405e-07	2.582333845271641170e-14	1.097182695805258177e-03	7.592160787641669042e-06	1.005859759084446236e-23	1.479044336999675478e-07	4.625198229054129683e-04	3.601603146702165811e-04	4.245381764288958378e-14	5.127981259078649979e-09	1.765158221107352918e-02	6.921220955603059333e-02	7.877904439695737962e-04	2.902299368342901831e-13	4.200379681790314163e-04
5.000000000000000000e-01	6.952797232756613227e-05	7.479412925735561188e-07	2.486008434111217857e-14	1.174798939853770666e-03	6.945171637488979774e-06	9.201427126833076446e-24	1.423871512670169804e-07	4.019844062529684186e-04	3.458435135256857627e-04	4.076744982416243508e-14	4.834138935176129426e-09	1.750199271394759643e-02	6.907966638852330865e-02	9.203336114768694226e-04	3.241315959675557223e-13	5.675449259487951904e-04
6.000000000000000888e-01	6.559208356049277212e-05	6.998207689792425174e-07	2.326065362819989904e-14	1.248152457649802588e-03	6.541667815805755563e-06	8.666840481822279452e-24	1.332262547588399028e-07	3.560367947417605243e-04	3.228353448979295469e-04	3.805638763902069973e-14	4.302321469398128311e-09	1.735861026429944692e-02	6.896363256373820583e-02	1.036367436261946768e-03	3.556417175170064872e-13	7.069904231545125206e-04
7.000000000000000666e-01	6.093021387168953804e-05	6.450707473257404447e-07	2.144087155537408708e-14	1.316129486828112195e-03	6.264470415620185508e-06	8.299591953755505622e-24	1.228033429779328244e-07	3.188420425510700971e-04	2.970584875693307761e-04	3.501872329591881055e-14	3.712490988870580344e-09	1.722480038814418885e-02	6.886053979163569982e-02	1.139460208364488115e-03	3.855870380672634723e-13	8.361372499589303248e-04
8.000000000000000444e-01	5.612448290154694268e-05	5.899437754409737527e-07	1.960856040483206808e-14	1.378468951231087052e-03	6.060924849490610482e-06	8.029921634584333142e-24	1.123086972318961964e-07	2.873305893344130051e-04	2.713064996142275603e-04	3.198376502888723158e-14	3.149957578253470715e-09	1.710164248889379027e-02	6.876814428195128504e-02	1.231855718048874065e-03	4.144208181078260593e-13	9.544882931387492497e-04
9.000000000000000222e-01	5.145451469533726620e-05	5.372971673306464253e-07	1.785869162405112063e-14	1.435323013937732112e-03	5.904359218177289754e-06	7.822493045763798921e-24	1.022862558191635173e-07	2.598461107088437770e-04	2.468271232599016075e-04	2.909862635153801365e-14	2.647567086314749331e-09	1.698910956159014468e-02	6.868491826967738911e-02	1.315081730322784082e-03	4.424190059392266978e-13	1.062350247373186271e-03
1.000000000000000000e+00	4.704547475174022041e-05	4.882952321215918050e-07	1.622996453794723318e-14	1.487024411573021308e-03	5.779899715208915011e-06	7.657600518022731290e-24	9.295766358164382620e-08	2.354516055817520276e-04	2.241129293048171791e-04	2.642140654314399425e-14	2.213276699083437368e-09	1.688667638863839901e-02	6.860973365870509655e-02	1.390266341295067322e-03	4.697636439894063780e-13	1.160373511778854455e-03
1.100000000000000089e+00	4.294518177027810613e-05	4.432810993887524407e-07	1.473378409268653151e-14	1.533970802102062238e-03	5.678571010313588343e-06	7.523353025450605703e-24	8.438823938814396193e-08	2.135798640325226765e-04	2.032942235922804010e-04	2.396749874021968838e-14	1.844288632044709147e-09	1.679361998718514534e-02	6.854169832267338613e-02	1.458301677326767111e-03	4.965824158485770357e-13	1.249328882203622508e-03
1.200000000000000178e+00	3.916336928436706691e-05	4.022121927627294623e-07	1.336873513424284230e-14	1.576569276828187647e-03	5.594589025974144721e-06	7.412087496470374048e-24	7.656987628784310721e-08	1.938575107721458759e-04	1.843334049030890967e-04	2.173249852429485922e-14	1.533769503801185063e-09	1.670916456869363936e-02	6.848007013837695278e-02	1.519929861623171841e-03	5.229691694681437957e-13	1.330001867149406243e-03
1.300000000000000044e+00	3.569153385064926869e-05	3.648753080520071303e-07	1.212773117837768638e-14	1.615210977646028105e-03	5.524022098510695939e-06	7.318595042437370460e-24	6.946198545155096337e-08	1.760163225570117299e-04	1.671202592198880532e-04	1.970343699177178662e-14	1.273885588813899343e-09	1.663254913154860876e-02	6.842421076905744193e-02	1.575789230942662312e-03	5.489953700497502855e-13	1.403144949055564437e-03
1.400000000000000133e+00	3.251295444360822329e-05	3.309919090925156559e-07	1.100151423572985568e-14	1.650260561848861020e-03	5.464079829458321386e-06	7.239178787205685854e-24	6.301154109929712776e-08	1.598480823990601008e-04	1.515182043214156980e-04	1.786423257197518693e-14	1.057092206870856018e-09	1.656305694115488975e-02	6.837355958886322249e-02	1.626440411136867220e-03	5.747169461518756725e-13	1.469458126393411671e-03
1.500000000000000000e+00	2.960770068724087408e-05	3.002684953769106246e-07	9.980328931862749484e-15	1.682052881958300298e-03	5.412712237151145507e-06	7.171122800350632001e-24	5.716266886214954105e-08	1.451813647404958947e-04	1.373861564425758828e-04	1.619826934713333049e-14	8.766159399771358248e-10	1.650002638314251174e-02	6.832761806101403379e-02	1.672381938986098856e-03	6.001786131411355356e-13	1.529583069689994601e-03
1.600000000000000089e+00	2.695510812165057444e-05	2.724198184286110344e-07	9.054694173466673363e-15	1.710893040823950996e-03	5.368370906963805173e-06	7.112375655476430690e-24	5.186106541941578978e-08	1.318693253236909808e-04	1.245884212433136619e-04	1.468956365052023774e-14	7.265778538761928810e-10	1.644285297431443554e-02	6.828593962135366680e-02	1.714060378646430722e-03	6.254167339957805101e-13	1.584103585856045868e-03
1.700000000000000178e+00	2.453497286316906530e-05	2.471787570274244499e-07	8.215731381262166834e-15	1.737057944227764087e-03	5.329859624717655085e-06	7.061352540906262657e-24	4.705587841143305443e-08	1.197830334504055601e-04	1.129987517270394400e-04	1.332324297838482641e-14	6.019648933968907271e-10	1.639098733076104278e-02	6.824812254308183779e-02	1.751877456918285317e-03	6.504612922306939598e-13	1.633548844902743113e-03
1.800000000000000044e+00	2.232810033810286781e-05	2.242997320378586908e-07	7.455277992116703424e-15	1.760798430810991966e-03	5.296236949477837008e-06	7.016806182622853856e-24	4.270035650168210952e-08	1.088076253875413715e-04	1.025016097957682560e-04	1.208569517263731743e-14	4.985440647608298561e-10	1.634393145375882123e-02	6.821380451005185086e-02	1.786195489948255765e-03	6.753372974909012789e-13	1.678397642515586400e-03
1.900000000000000133e+00	2.031652943766929003e-05	2.035590725163813275e-07	6.765899627723503446e-15	1.782341541141819726e-03	5.266750337150316022e-06	6.977739567499594570e-24	3.875191906159206611e-08	9.883991253114437787e-05	9.299213051142208382e-05	1.096456459414268252e-14	4.127613683777033269e-10	1.630123447121258062e-02	6.818265823588214036e-02	1.817341764117947397e-03	7.000658146654478435e-13	1.719082882558344363e-03
2.000000000000000000e+00	1.848359509091745032e-05	1.847540181407577385e-07	6.140856937332338971e-15	1.801892725453720350e-03	5.240790215632778979e-06	6.943345099485141798e-24	3.517196625596870589e-08	8.978675834173273623e-05	8.437552210737348001e-05	9.948681711245374970e-15	3.416432875148092570e-10	1.626248836718166557e-02	6.815438777696609940e-02	1.845612223034006792e-03	7.246647346571988159e-13	1.755995909976387423e-03
2.100000000000000089e+00	1.681391161798851135e-05	1.677011780521174983e-07	5.574054372718137716e-15	1.819637905960832646e-03	5.217857134178256587e-06	6.912961077250083678e-24	3.192558564783542905e-08	8.156387821752233665e-05	7.656625537381618119e-05	9.027967801327874031e-15	2.827076239006473080e-10	1.622732393408801363e-02	6.812872534503433553e-02	1.871274654965740742e-03	7.491493627891101549e-13	1.789490541699568799e-03
2.200000000000000178e+00	1.529331847748135673e-05	1.522348373835099997e-07	5.059983900550714765e-15	1.835745365354487070e-03	5.197537745780738873e-06	6.886039874324639611e-24	2.898122980853035999e-08	7.409488620758474561e-05	6.948720886891282772e-05	8.193334397496928723e-15	2.338855900403088796e-10	1.619540703807264767e-02	6.810542850570618090e-02	1.894571494293890816e-03	7.735328753694960668e-13	1.819886746897471331e-03
2.300000000000000266e+00	1.390880945103377143e-05	1.382052914545465025e-07	4.593669634330330872e-15	1.850367459190021407e-03	5.179486917380571903e-06	6.862124237720667983e-24	2.631039919529753137e-08	6.731049763785987923e-05	6.306884469708635228e-05	7.436586299707845647e-15	1.934549803323663857e-10	1.616643521915102702e-02	6.808427769167395283e-02	1.915722308326120622e-03	7.978266789870110002e-13	1.847473975906391589e-03
2.400000000000000355e+00	1.264845601487101245e-05	1.254772855116095221e-07	4.170615974448453550e-15	1.863642161206587131e-03	5.163414187741375208e-06	6.840829346595190985e-24	2.388734512204005197e-08	6.114783928832467311e-05	5.724844518993421817e-05	6.750331733424321204e-15	1.599834395462938589e-10	1.614013461675120609e-02	6.806507398188010871e-02	1.934926018119957148e-03	8.220406967806377939e-13	1.872514157913491564e-03
2.500000000000000000e+00	1.150133017314515897e-05	1.139285862406525897e-07	3.786760128107944730e-15	1.875694454976342641e-03	5.149073370852393956e-06	6.821829038282932203e-24	2.168879781594264395e-08	5.554984029210914158e-05	5.196941972552520647e-05	6.127900750284908854e-15	1.322805957585219030e-10	1.611625719822211075e-02	6.804763711087737088e-02	1.952362889122700182e-03	8.461835990499036940e-13	1.895244395174011491e-03
2.600000000000000089e+00	1.045742941226241631e-05	1.034486887738015973e-07	3.438429132788309237e-15	1.886637586329280086e-03	5.136254473630897010e-06	6.804845100442526043e-24	1.969372026829640319e-08	5.046468786962413175e-05	4.718068128128579970e-05	5.563271827753668716e-15	1.093578299079390875e-10	1.609457826365124494e-02	6.803180368026198743e-02	1.968196319738059127e-03	8.702629908719406550e-13	1.915879383107316593e-03
2.700000000000000178e+00	9.507605161173514504e-06	9.393765367209632029e-08	3.122301199859943320e-15	1.896574190534061448e-03	5.124777341823254520e-06	6.789638852815594997e-24	1.788308682908428569e-08	4.584533770586233750e-05	4.283608821811840585e-05	5.051006140870903932e-15	9.039455590473100191e-11	1.607489420009201517e-02	6.801742554907470872e-02	1.982574450925349979e-03	8.942855661120858733e-13	1.934613584466071635e-03
2.800000000000000266e+00	8.643495290793848577e-06	8.530506297371937223e-08	2.835371015698906678e-15	1.905597307208163832e-03	5.114486613434689205e-06	6.776004461270896015e-24	1.623968446823773903e-08	4.164907184210289167e-05	3.889394536179159730e-05	4.586188809740913524e-15	7.471001083624732536e-11	1.605702045976408615e-02	6.800436838356413438e-02	1.995631616435937766e-03	9.182572348822102343e-13	1.951623183537868050e-03
2.900000000000000355e+00	7.857460844179663730e-06	7.746908368668091539e-08	2.574918614042168138e-15	1.913791294654585643e-03	5.105247673084762886e-06	6.763763577928553204e-24	1.474793449124758514e-08	3.783709858157908811e-05	3.531655823297475034e-05	4.164376400531061056e-15	6.173969091488132571e-11	1.604078973909652678e-02	6.799251034935210880e-02	2.007489650647952505e-03	9.421832298144902242e-13	1.967067843795546750e-03
3.000000000000000000e+00	7.142527007269939278e-06	7.035562755312569158e-08	2.338481448220554448e-15	1.921232654110716261e-03	5.096943380762060810e-06	6.752761007249159523e-24	1.339373258214098015e-08	3.437418999996481726e-05	3.206983459238287509e-05	3.781549994446587339e-15	5.101569205744147336e-11	1.602605033768155635e-02	6.798174093115245953e-02	2.018259068847584430e-03	9.660681952808097136e-13	1.981092289904591054e-03
3.100000000000000089e+00	6.492328304459843014e-06	6.389759756390515831e-08	2.123829346798362024e-15	1.927990773280509589e-03	5.089471405688947449e-06	6.742861173804201159e-24	1.216430536122975386e-08	3.122835330290333109e-05	2.912292799176700430e-05	3.434073200588272532e-15	4.215032681434773768e-11	1.601266467845115574e-02	6.797195986693720104e-02	2.028040133062813857e-03	9.899162627686327098e-13	1.993827732672009100e-03
3.200000000000000178e+00	5.901057733327969480e-06	5.803421062550715282e-08	1.928942000366198085e-15	1.934128597451096427e-03	5.082742037158839405e-06	6.733945221963986033e-24	1.104808144009525602e-08	2.837053273546793694e-05	2.644791859549910429e-05	3.118654555908187822e-15	3.482248237684090159e-11	1.600050797244296705e-02	6.796307618492142266e-02	2.036923815078576193e-03	1.013731114933171158e-12	2.005393153429070943e-03
3.300000000000000266e+00	5.363419771019279326e-06	5.271038925841361400e-08	1.751988742801525639e-15	1.939703235612010458e-03	5.076676374605893768e-06	6.725908618011726626e-24	1.003457561818777987e-08	2.577433915545281759e-05	2.401952707936820674e-05	2.832313819156051133e-15	2.876627164110810822e-11	1.598946701329309952e-02	6.795500733302418939e-02	2.044992666975791688e-03	1.037516040320148646e-12	2.015896462481472917e-03
3.400000000000000355e+00	4.874586937026783429e-06	4.787621387157786741e-08	1.591310345959197426e-15	1.944766508147736895e-03	5.071204821442472495e-06	6.718659154704231313e-24	9.114284611394501759e-09	2.341580464145225516e-05	2.181485792040040937e-05	2.572351725233176796e-15	2.376159780669905022e-11	1.597943908828517584e-02	6.794767839157249412e-02	2.052321608427505172e-03	1.061273980350818784e-12	2.025435544621820641e-03
3.500000000000000000e+00	4.430159800888683491e-06	4.348643007799460305e-08	1.445402643818696271e-15	1.949365441984666743e-03	5.066265824094047552e-06	6.712115280682055287e-24	8.278593258864008973e-09	2.127315977911697418e-05	1.981316882472283238e-05	2.336322817313032820e-15	1.962631586135421910e-11	1.597033099422082852e-02	6.794102136100810263e-02	2.058978638991891021e-03	1.085007569848693004e-12	2.034099203255734442e-03
3.600000000000000089e+00	4.026130142033626943e-06	3.950000449694245535e-08	1.312901768232149667e-15	1.953542718435718854e-03	5.061804810279873080e-06	6.706204693850058788e-24	7.519689960315418795e-09	1.932663154605772661e-05	1.799566344333018697e-05	2.122011021388416646e-15	1.620972392319808676e-11	1.596205814753637667e-02	6.793497451721254576e-02	2.065025482787445285e-03	1.108719172144299566e-12	2.041968013422996997e-03
3.700000000000000178e+00	3.658847094645353943e-06	3.587972435629202045e-08	1.192570840499603180e-15	1.957337078418063675e-03	5.057773290247628788e-06	6.700863150647096377e-24	6.830490451635396242e-09	1.755825983687470349e-05	1.634530485926316294e-05	1.927407667146443114e-15	1.338716206168212806e-11	1.595454377936644449e-02	6.792948182783616062e-02	2.070518172163830425e-03	1.132410909602641920e-12	2.049115092879983877e-03
3.800000000000000266e+00	3.324986063144640494e-06	3.259183626821908961e-08	1.083287964990551486e-15	1.960783689258391912e-03	5.054128092168586948e-06	6.696033453057867949e-24	6.204569037979599022e-09	1.595173092813799908e-05	1.484664762944598503e-05	1.750691694295704339e-15	1.105553231864552621e-11	1.594771820710455534e-02	6.792449242369631712e-02	2.075507576303711223e-03	1.156084690266382913e-12	2.055606799424263952e-03
3.900000000000000355e+00	3.021520192597091923e-06	2.960571997449269198e-08	9.840353850847322937e-16	1.963914476811607322e-03	5.050830708524953750e-06	6.691664582672370102e-24	5.636096484089637653e-09	1.449222628201457423e-05	1.348568642112336705e-05	1.590211813646603930e-15	9.129584273813907016e-12	1.594151817500504345e-02	6.791996011991471849e-02	2.080039880085308556e-03	1.179742231186796671e-12	2.061503361774329798e-03
4.000000000000000000e+00	2.745694239008780544e-06	2.689359381362818311e-08	8.938896934847779351e-16	1.966758426278351034e-03	5.047846734928749278e-06	6.687710957202947587e-24	5.119783943553676737e-09	1.316628527869519700e-05	1.224971950746488168e-05	1.444470418671003572e-15	7.538836853879158412e-12	1.593588625707106562e-02	6.791584298200463443e-02	2.084157017995445088e-03	1.203385078917137993e-12	2.066859450548225348e-03
4.100000000000000533e+00	2.495000636797808069e-06	2.443024849309396752e-08	8.120129833326649810e-16	1.969341854754218680e-03	5.045145386309584912e-06	6.684131789503210520e-24	4.650832276547764587e-09	1.196168059970320739e-05	1.112722558643702772e-05	1.312109066720365125e-15	6.225028177704470182e-12	1.593077031616096581e-02	6.791210293259453135e-02	2.087897067405536031e-03	1.227014627564793934e-12	2.071724695204465658e-03
4.200000000000000178e+00	2.267157589373813714e-06	2.219280627859836435e-08	7.376448441394854850e-16	1.971688658223890410e-03	5.042699078156094892e-06	6.680890532773083628e-24	4.224886206269922239e-09	1.086730507117426643e-05	1.010775255841930172e-05	1.191895369243083175e-15	5.140003536009799727e-12	1.592612301391859927e-02	6.790870539490595492e-02	2.091294605094123731e-03	1.250632134734643240e-12	2.076144152205727008e-03
4.299999999999999822e+00	2.060089045810897618e-06	2.016050328052115703e-08	6.700951254184630730e-16	1.973820535442020411e-03	5.040483062729776513e-06	6.677954398593795886e-24	3.837992872416906011e-09	9.873068914815843569e-06	9.181817045071326752e-06	1.082711147643571488e-15	4.243966876775677635e-12	1.592190136663571357e-02	6.790561896948875409e-02	2.094381030511372702e-03	1.274238735643921926e-12	2.080158729128251185e-03
4.400000000000000355e+00	1.871906392272813139e-06	1.831449235093087765e-08	6.087373853729417679e-16	1.975757190909449134e-03	5.038475111956913605e-06	6.675293936804240860e-24	3.486564308333950684e-09	8.969806447349156574e-06	8.340813568498634664e-06	9.835417274803572532e-16	3.504033541151837197e-12	1.591806634264520889e-02	6.790281514105886429e-02	2.097184858941226939e-03	1.297835455645893049e-12	2.083805568961953278e-03
4.500000000000000000e+00	1.700891740744846037e-06	1.663766477278309649e-08	5.530029641991802311e-16	1.977516518939395705e-03	5.036655240145444704e-06	6.672882668139259937e-24	3.167343495664429003e-09	8.149191354553760096e-06	7.576932424596169024e-06	8.934662572228475109e-16	2.893032713694896517e-12	1.591458249729014660e-02	6.790026801259266276e-02	2.099731987407398980e-03	1.321423221364365999e-12	2.087118398420341643e-03
4.600000000000000533e+00	1.545482658311871654e-06	1.511448865451155222e-08	5.023756126432533851e-16	1.979114770597580238e-03	5.035005460782955727e-06	6.670696762020257828e-24	2.877373599234720902e-09	7.403659751221657670e-06	6.883085388239769769e-06	8.116489499894316075e-16	2.388516647021182956e-12	1.591141764189473243e-02	6.789795406410628620e-02	2.102045935893803296e-03	1.345002870611730582e-12	2.090127843698966811e-03
4.700000000000000178e+00	1.404258241594580575e-06	1.373086263992855068e-08	4.563866296084431922e-16	1.980566705128929648e-03	5.033509572625004179e-06	6.668714753151049508e-24	2.613970117541239066e-09	6.726340298707365413e-06	6.252838476688888405e-06	7.373311571409570400e-16	1.971941209044123886e-12	1.590854254353982200e-02	6.789585193380057171e-02	2.104148066199483091e-03	1.368575161238460956e-12	2.092861716780857438e-03
4.800000000000000711e+00	1.275926416478342415e-06	1.247398338313469496e-08	4.146104572842200295e-16	1.981885727343463740e-03	5.032152971085703266e-06	6.666917291635448525e-24	2.374695653706696350e-09	6.110990748055619065e-06	5.680351080315143968e-06	6.698241923369988942e-16	1.627988220586303796e-12	1.590593065270256082e-02	6.789394221947343822e-02	2.106057780526635233e-03	1.392140779041714339e-12	2.095345275082423613e-03
4.900000000000000355e+00	1.159312348262521944e-06	1.133222535309914635e-08	3.766606860890118457e-16	1.983084012271745227e-03	5.030922481516686816e-06	6.665286922093636799e-24	2.157337033657908186e-09	5.551940301121100006e-06	5.160320840868801440e-06	6.085028330316287569e-16	1.344005120825804350e-12	1.590355785616455464e-02	6.789220729830035272e-02	2.107792701699691233e-03	1.415700344843216632e-12	2.097601456960995672e-03
5.000000000000000000e+00	1.053347883452638620e-06	1.029503193980364730e-08	3.421864352545198532e-16	1.984172618283767692e-03	5.029806211509965800e-06	6.663807887982416059e-24	1.959884575802381189e-09	5.044037259561427901e-06	4.687933718916615180e-06	5.527994336238248861e-16	1.109541763276661752e-12	1.590140225280954611e-02	6.789063116327001546e-02	2.109368836729988601e-03	1.439254420832083958e-12	2.099651095359755370e-03
5.100000000000000533e+00	9.570619300010660785e-07	9.352816737724794980e-09	3.108690716845649151e-16	1.985161589751257422e-03	5.028793419785340979e-06	6.662465957887548419e-24	1.780513298183073490e-09	4.582601478780035640e-06	4.258818750615592451e-06	5.021985913649220582e-16	9.159675378557385300e-13	1.589944395015971748e-02	6.788919927472059079e-02	2.110800725279397220e-03	1.462803516255776206e-12	2.101513111645691122e-03
5.200000000000000178e+00	8.695716887517227942e-07	8.496873977902296220e-09	2.824192328947761236e-16	1.986060050228524460e-03	5.027874399575072432e-06	6.661248271022866499e-24	1.617565867266106901e-09	4.163381179178592917e-06	3.869007043645852419e-06	4.562323119732897002e-16	7.561549218800519187e-13	1.589766487972252285e-02	6.788789842557131637e-02	2.112101574428695058e-03	1.486348092531807248e-12	2.103204691498669100e-03
5.300000000000000711e+00	7.900746726732776777e-07	7.719297343444270210e-09	2.565741286010906635e-16	1.986876287035598682e-03	5.027040374721664052e-06	6.660143199572432312e-24	1.469537142698453154e-09	3.782513718409967117e-06	3.514894606609172255e-06	4.144756271497455909e-16	6.242179884091260085e-13	1.589604862938672619e-02	6.788671661897692500e-02	2.113283381023085133e-03	1.509888567843831841e-12	2.104741444531450529e-03
5.400000000000000355e+00	7.178414354786812862e-07	7.012906282137770440e-09	2.330950914971549805e-16	1.987617828043099048e-03	5.026283406950042954e-06	6.659140225837204072e-24	1.335060149303294500e-09	3.436489960488439905e-06	3.193208647197818093e-06	3.765426210112972695e-16	5.152963264086359095e-13	1.589458029127974528e-02	6.788564295725177389e-02	2.114357042748215860e-03	1.533425321277952591e-12	2.106137549160264685e-03
5.500000000000000000e+00	6.522089552977229317e-07	6.371179186130602770e-09	2.117653562795464012e-16	1.988291511381017063e-03	5.025596312983286633e-06	6.658229832423000282e-24	1.212893356372180440e-09	3.122121908142700905e-06	2.900977009578675311e-06	3.420828266046860260e-16	4.253765213501733010e-13	1.589324632365519963e-02	6.788466754101896150e-02	2.115332458981023477e-03	1.556958696548345868e-12	2.107405884101159598e-03
5.600000000000000533e+00	5.925746100773992887e-07	5.788192738018078407e-09	1.923880436320603037e-16	1.988903548730657032e-03	5.024972590361651783e-06	6.657403403959170010e-24	1.101909130867038956e-09	2.836513302431962709e-06	2.635500453884585158e-06	3.107779574803194155e-16	3.511446685570287447e-13	1.589203442550198714e-02	6.788378137763817488e-02	2.116218622361820071e-03	1.580489005355602577e-12	2.108558147736771561e-03
5.700000000000000178e+00	5.383906965896847791e-07	5.258566885599599701e-09	1.747843312958117524e-16	1.989459582789462801e-03	5.024406350954597739e-06	6.656653139009407518e-24	1.001083262162340145e-09	2.577032915815736484e-06	2.394327509873891770e-06	2.823389427463053124e-16	2.898645421730343716e-13	1.589093342269808432e-02	6.788297629805410682e-02	2.117023701945881190e-03	1.604016530416089338e-12	2.109604966480750632e-03
5.800000000000000711e+00	4.891594426579402085e-07	4.777414897190812189e-09	1.587917940069225652e-16	1.989964739455492380e-03	5.023892261316377889e-06	6.655971971049413416e-24	9.094854539819810119e-10	2.341290291673030747e-06	2.175231662568141232e-06	2.565032370545519264e-16	2.392769603213218110e-13	1.588993316463949840e-02	6.788224488128746792e-02	2.117755118712490604e-03	1.627541528196323046e-12	2.110555993160804535e-03
5.900000000000000355e+00	4.444284694464075604e-07	4.340298029818620495e-09	1.442628967572806757e-16	1.990423675213681253e-03	5.023425489109378713e-06	6.655353497483498678e-24	8.262706944991705483e-10	2.127113706463149877e-06	1.976190651040142475e-06	2.330323797245039638e-16	1.975166644701258043e-13	1.588902443037451886e-02	6.788158038586306064e-02	2.118419614136916092e-03	1.651064231382556151e-12	2.111419996345465996e-03
6.000000000000000000e+00	4.037866630583585679e-07	3.943184374151199961e-09	1.310636268816824077e-16	1.990840620162435525e-03	5.023001654918852326e-06	6.654791915804087416e-24	7.506714215690824936e-10	1.932530149110199534e-06	1.795367682365986708e-06	2.117097796656999107e-16	1.630436692220193048e-13	1.588819884336813149e-02	6.788097668753496905e-02	2.119023312464986004e-03	1.674584851112362329e-12	2.112204941452899484e-03
6.100000000000000533e+00	3.668604205517289184e-07	3.582411503939220917e-09	1.190722525993782749e-16	1.991219417097171273e-03	5.022616788911976135e-06	6.654281966169370324e-24	6.819904122333060791e-10	1.755747134474400987e-06	1.631094381772497211e-06	1.923387050021170285e-16	1.345865681656986019e-13	1.588744879409641902e-02	6.788042822272929988e-02	2.119571777270636524e-03	1.698103578992143523e-12	2.112918064401651200e-03
6.200000000000000178e+00	3.333102350731295063e-07	3.254652559248890592e-09	1.081781956880439458e-16	1.991563556998457787e-03	5.022267291783883470e-06	6.653818879660613283e-24	6.195943259216330178e-10	1.595136182104888456e-06	1.481855317187225160e-06	1.747404583246008865e-16	1.110957128106879072e-13	1.588676736974990386e-02	6.787992993717684165e-02	2.120070062823059195e-03	1.721620588921934403e-12	2.113565938492287331e-03
6.300000000000000711e+00	3.028275911040930590e-07	2.956885458796987965e-09	9.828100816289216441e-17	1.991876211267877821e-03	5.021949899568604745e-06	6.653398331660048654e-24	5.629078433467661069e-10	1.449217807379625280e-06	1.346273951537985124e-06	1.587527202828557849e-16	9.170454992445802767e-14	1.588614829039155379e-02	6.787947723925900900e-02	2.120522760740929137e-03	1.745136038746547560e-12	2.114154535144522912e-03
6.400000000000000355e+00	2.751321404747033991e-07	2.686364937114675219e-09	8.928944284748826798e-17	1.992160260999565474e-03	5.021661651881028233e-06	6.653016399774426746e-24	5.114083431669495282e-10	1.316647886914725579e-06	1.223099889985249992e-06	1.442280458585457327e-16	7.569769471712381980e-14	1.588558585097260903e-02	6.787906595763200379e-02	2.120934042367965573e-03	1.768650071750151347e-12	2.114689279057299729e-03
6.500000000000000000e+00	2.499691351543517897e-07	2.440597157669705856e-09	8.112060956430996588e-17	1.992418323578896023e-03	5.021399863283025827e-06	6.652669525897723859e-24	4.646210690385752162e-10	1.196205271543299466e-06	1.111197301885670674e-06	1.310324991486675971e-16	6.248456853242398522e-14	1.588507486866911136e-02	6.787869230273697874e-02	2.121307697262963740e-03	1.792162818009582597e-12	2.115175098305494775e-03
6.600000000000000533e+00	2.271070937252453754e-07	2.217316664377603543e-09	7.369920904871720853e-17	1.992652776824401818e-03	5.021162097385866211e-06	6.652354481899124873e-24	4.221147418322383762e-10	1.086780534214414558e-06	1.009534409245772771e-06	1.190444138978781907e-16	5.157763201532225040e-14	1.588461063505142851e-02	6.787835283184118218e-02	2.121647168158821879e-03	1.815674395620045529e-12	2.115616469836390998e-03
6.700000000000000178e+00	2.063356789663584742e-07	2.014465441141027337e-09	6.695683692959490370e-17	1.992865780934739966e-03	5.020946143488363472e-06	6.652068338670586313e-24	3.834975731580652536e-10	9.873657469265355725e-07	9.171739415512573028e-07	1.081532679760270032e-16	4.257441241467016490e-14	1.588418887263548865e-02	6.787804441727958438e-02	2.121955582720416213e-03	1.839184911805687145e-12	2.116017460796078796e-03
6.800000000000000711e+00	1.874637692082447966e-07	1.830173901895002645e-09	6.083135187618021981e-17	1.993059298407715355e-03	5.020749995421195859e-06	6.651808438097273480e-24	3.484136464050250448e-10	8.970451936081308865e-07	8.332644688581938700e-07	9.825866141259240481e-17	3.514266475787775169e-14	1.588380569542047205e-02	6.787776421760977064e-02	2.122235782390245566e-03	1.862694463925975127e-12	2.116381766063168274e-03
6.900000000000000355e+00	1.703177053977537470e-07	1.662743628032346215e-09	5.526630182433988539e-17	1.993235112149539107e-03	5.020571832451879523e-06	6.651572367758228659e-24	3.165396304322642506e-10	8.149869330543208176e-07	7.570325313946538981e-07	8.926938834917512044e-17	2.900812077121751211e-14	1.588345757304280084e-02	6.787750965140859627e-02	2.122490348591418632e-03	1.886203140387955680e-12	2.116712742341275884e-03
7.000000000000000000e+00	1.547396962358970912e-07	1.510631675412169107e-09	5.021040237267411677e-17	1.993394841907628577e-03	5.020410001964824311e-06	6.651357937978775958e-24	2.875817920649348196e-10	7.404351339818238464e-07	6.877754923403996062e-07	8.110259426340969888e-17	2.394437359300517820e-14	1.588314129821518511e-02	6.787727837346987925e-02	2.122721626530144762e-03	1.909711021473307112e-12	2.117013439126044175e-03
7.100000000000000533e+00	1.405863705805228229e-07	1.372436340805625630e-09	4.561706368741875313e-17	1.993539959211686110e-03	5.020263003819491430e-06	6.651163161106247328e-24	2.612732864257715391e-10	6.727031112862777512e-07	6.248550469157359226e-07	7.368301058096594102e-17	1.976452759382549552e-14	1.588285395714982354e-02	6.787706825318218229e-02	2.122931746817820469e-03	1.933218180088299224e-12	2.117286626833789643e-03
7.200000000000000178e+00	1.277274604755082730e-07	1.246884221522002939e-09	4.144396039009549268e-17	1.993671800941190786e-03	5.020129476175452075e-06	6.650986232729244507e-24	2.373716934518569141e-10	6.111669998029157712e-07	5.676913274134561237e-07	6.694225955720189334e-17	1.631430415850355621e-14	1.588259290269076335e-02	6.787687735488723284e-02	2.123122645112780760e-03	1.956724682444012034e-12	2.117534822352396158e-03
7.300000000000000711e+00	1.160446047961180986e-07	1.132818467337355891e-09	3.765264107493277521e-17	1.993791581647714767e-03	5.020008182647741805e-06	6.650825514659351962e-24	2.156567813922401329e-10	5.552600070764625998e-07	5.157575492729665948e-07	6.081822295567855725e-17	1.346635030329830075e-14	1.588235572990722572e-02	6.787670392003671005e-02	2.123296079963290974e-03	1.980230588673343855e-12	2.117760312251075038e-03
7.400000000000000355e+00	1.054302613935342525e-07	1.029188103832431852e-09	3.420817343780527807e-17	1.993900404753335288e-03	5.019898000681603544e-06	6.650679519528497760e-24	1.959284742717574208e-10	5.044671917324893086e-07	4.685751483817581790e-07	5.525446864960744807e-17	1.111554001780476809e-14	1.588214025392280931e-02	6.787654635098332168e-02	2.123453649016693225e-03	2.003735953390772655e-12	2.117965173863835954e-03
7.500000000000000000e+00	9.578671892078382024e-08	9.350383389111455129e-10	3.107882208414415956e-17	1.993999272718802174e-03	5.019797911005829635e-06	6.650546896815285044e-24	1.780050065247652292e-10	4.583207196713710242e-07	4.257093643692553188e-07	5.019972981283147843e-17	9.175095521553995589e-15	1.588194448977509748e-02	6.787640319625562468e-02	2.123596803744393254e-03	2.027240826200259087e-12	2.118151294441723582e-03
7.600000000000000533e+00	8.702519902782159849e-08	8.495017598188725668e-10	2.823575593529359673e-17	1.994089096286034372e-03	5.019706988086772517e-06	6.650426420197190034e-24	1.617212471549857949e-10	4.163955545006575263e-07	3.867652289163083467e-07	4.560743186865028305e-17	7.573385265793597079e-15	1.588176663411926606e-02	6.787627313718129496e-02	2.123726862818718208e-03	2.050745252156146439e-12	2.118320388550917928e-03
7.700000000000000178e+00	7.906503968998198384e-08	7.717903290386490389e-10	2.565278218798416925e-17	1.994170702869491746e-03	5.019624391461511240e-06	6.650316976067486854e-24	1.469271759792543120e-10	3.783055421098987455e-07	3.513839218903924014e-07	4.143526281109501784e-17	6.251280501179616049e-15	1.588160504860717040e-02	6.787615497573482037e-02	2.123845024265205803e-03	2.074249272181451894e-12	2.118474013877558355e-03
7.800000000000000711e+00	7.183295390730972454e-08	7.011881216045078102e-10	2.330610491704027974e-17	1.994244844183170468e-03	5.019549357888705455e-06	6.650217553135631380e-24	1.334865010162185163e-10	3.436998536260335644e-07	3.192394614639595395e-07	3.764478290860155786e-17	5.159973266662954595e-15	1.588145824478787160e-02	6.787604762349754017e-02	2.123952376502486871e-03	2.097752923447530316e-12	2.118613585585338126e-03
7.900000000000000355e+00	6.526235537818020940e-08	6.370447208699747391e-10	2.117410556383045373e-17	1.994312203164084769e-03	5.019481194216633906e-06	6.650127232977770715e-24	1.212754012263941587e-10	3.122597536332846286e-07	2.900356975799900114e-07	3.420107017729493978e-17	4.259175029502060767e-15	1.588132487039089005e-02	6.787595009162841753e-02	2.124049908371616457e-03	2.121256239718670503e-12	2.118740389358523754e-03
8.000000000000000000e+00	5.929274649555496354e-08	5.787692265008355926e-10	1.923714377383764371e-17	1.994373400272345023e-03	5.019419270939907975e-06	6.650045181499750735e-24	1.101813858024879457e-10	2.836956642326888711e-07	2.635035808767908162e-07	3.107239833587652066e-17	3.515629786461734738e-15	1.588120369686476380e-02	6.787586148175257794e-02	2.124138518247463848e-03	2.144759251664984733e-12	2.118855593250851873e-03
8.099999999999999645e+00	5.386916154349210545e-08	5.258248044879529199e-10	1.747737624990024334e-17	1.994428999201605917e-03	5.019363016321504329e-06	6.649970641149082511e-24	1.001022566451101777e-10	2.577444977060516565e-07	2.393986818634795405e-07	2.822994426928205303e-17	2.901886565447043662e-15	1.588109360805617376e-02	6.787578097768384722e-02	2.124219022316193705e-03	2.168261987146404349e-12	2.118960258449711746e-03
8.200000000000001066e+00	4.894166095063459251e-08	4.777237381750235645e-10	1.587859225819558450e-17	1.994479512075843924e-03	5.019311911082031820e-06	6.649902923878516876e-24	9.094516621763408322e-11	2.341672330220432978e-07	2.174989373131912965e-07	2.564752228541319747e-17	2.395286176714254125e-15	1.588099358992576399e-02	6.787570783790485007e-02	2.124292162095197355e-03	2.191764471470559369e-12	2.119055349055005283e-03
8.300000000000000711e+00	4.446487210012466808e-08	4.340229359070255771e-10	1.442606431138901847e-17	1.994525404167117773e-03	5.019265483572125649e-06	6.649841404749630119e-24	8.262576232878752961e-11	2.127467142870525446e-07	1.976026030662137982e-07	2.330134271141055282e-17	1.977124850926146352e-15	1.588090272120468854e-02	6.787564138873522501e-02	2.124358611264828486e-03	2.215266727626922302e-12	2.119141740962894073e-03
8.400000000000000355e+00	4.039757160728741281e-08	3.943198452455937199e-10	1.310641236526088327e-17	1.994567098180698855e-03	5.019223305388966310e-06	6.649785516124954722e-24	7.506741031416292192e-11	1.932856504988060580e-07	1.795263943300934666e-07	2.116979259911247278e-17	1.631963791612829182e-15	1.588082016490649853e-02	6.787558101812504741e-02	2.124418981874972700e-03	2.238768776499388313e-12	2.119220229936457246e-03
8.500000000000000000e+00	3.670230610639433774e-08	3.582487445556977924e-10	1.190748055840671628e-17	1.994604978153353969e-03	5.019184987411021057e-06	6.649734742414144093e-24	6.820048705860388304e-11	1.756047983187358758e-07	1.631037962691856979e-07	1.923323651086442210e-17	1.347059273504943885e-15	1.588074516061572031e-02	6.787552617001635369e-02	2.124473829983665116e-03	2.262270637059351211e-12	2.119291538937688891e-03
8.599999999999999645e+00	3.334504739501090020e-08	3.254773711800324073e-10	1.081822513944510880e-17	1.994639392988241215e-03	5.019150176182035690e-06	6.649688615282901507e-24	6.196173909543220281e-11	1.595413110778830406e-07	1.481835292832930651e-07	1.747383554597096536e-17	1.111892185670103428e-15	1.588067701748226146e-02	6.787547633922029477e-02	2.124523660779747015e-03	2.285772326541025761e-12	2.119356324788486227e-03
8.700000000000001066e+00	3.029487940966682197e-08	2.957038613272610813e-10	9.828612754975445656e-18	1.994670659670105903e-03	5.019118550637970494e-06	6.649646709316297856e-24	5.629370004721964115e-11	1.449472388100929377e-07	1.346281547856432640e-07	1.587538293473398600e-17	9.177797185102091098e-16	1.588061510785680058e-02	6.787543106676320603e-02	2.124568933236783714e-03	2.309273860600654093e-12	2.119415184222065481e-03
8.800000000000000711e+00	2.752371355397991269e-08	2.686539675394357746e-10	8.929527963716634195e-18	1.994699066186176716e-03	5.019089819135304578e-06	6.649608638081360755e-24	5.114416090983454918e-11	1.316881655184791876e-07	1.223128086233264734e-07	1.442315468387891053e-17	7.575548078737746975e-16	1.588055886150856535e-02	6.787538993565880863e-02	2.124610064341151631e-03	2.332775253461127011e-12	2.119468659380595917e-03
8.900000000000000355e+00	2.500603022012838679e-08	2.440785325173046974e-10	8.112689271473343336e-18	1.994724874178347134e-03	5.019063716749364151e-06	6.649574050547467955e-24	4.646568913981701569e-11	1.196419711246520495e-07	1.111240504370250269e-07	1.310377389347156231e-17	6.253015474113114663e-16	1.588050776037227066e-02	6.787535256706675457e-02	2.124647432933258161e-03	2.356276518043294066e-12	2.119517242809774906e-03
9.000000000000000000e+00	2.271864381119534242e-08	2.217511929015844487e-10	7.370572809382116808e-18	1.994748321352685094e-03	5.019040002821226166e-06	6.649542627836029063e-24	4.221519151890608253e-11	1.086977066771100686e-07	1.009588183519713452e-07	1.190508749436668636e-17	5.161367765633112250e-16	1.588046133377554389e-02	6.787531861680269618e-02	2.124681383197321322e-03	2.379777666085254470e-12	2.119561381996350625e-03
9.099999999999999645e+00	2.064048936470734856e-08	2.014662943679501213e-10	6.696343035806171684e-18	1.994769623671088267e-03	5.019018458736913977e-06	6.649514080278001300e-24	3.835351724675297517e-11	9.875457240563713915e-08	9.172347933734897393e-08	1.081605426683584033e-17	4.260298012255769933e-16	1.588041915410328547e-02	6.787528777216815523e-02	2.124712227831853165e-03	2.403278708250682618e-12	2.119601483490480762e-03
9.200000000000001066e+00	1.875242855371111427e-08	1.830369962486392151e-10	6.083789737718744501e-18	1.994788977338025990e-03	5.018998885899656367e-06	6.649488144727194312e-24	3.484509711417565726e-11	8.972098933857812691e-08	8.333296648542307258e-08	9.826643108676248913e-18	3.516535766957695714e-16	1.588038083285844490e-02	6.787525974906992443e-02	2.124740250930060113e-03	2.426779654227238348e-12	2.119637916650876468e-03
9.300000000000000711e+00	1.703707355599171428e-08	1.662935508797987046e-10	5.527270839623378646e-18	1.994806560611357693e-03	5.018981103903215258e-06	6.649464582139931709e-24	3.165761593927767681e-11	8.151375579719290249e-08	7.570999524422476091e-08	8.927740613509089480e-18	2.902618753444233418e-16	1.588034601708340418e-02	6.787523428940318848e-02	2.124765710596734480e-03	2.450280512815935969e-12	2.119671017047289416e-03
9.400000000000000355e+00	1.547862688527698682e-08	1.510817390129086048e-10	5.021660399734449327e-18	1.994822535440558906e-03	5.018964948855624449e-06	6.649443175354067625e-24	2.876171471378186351e-11	7.405728104220757194e-08	6.878435137703423545e-08	8.111067107027901218e-18	2.395878902155601368e-16	1.588031438610873133e-02	6.787521115867425903e-02	2.124788841325714675e-03	2.473781292012347712e-12	2.119701089551682353e-03
9.500000000000000000e+00	1.406273602509959642e-08	1.372614499280602796e-10	4.562301415760184017e-18	1.994837048959160249e-03	5.018950271867107903e-06	6.649423727085491788e-24	2.613072029652458786e-11	6.728288907001872331e-08	6.249224407791730321e-08	7.369100366459767144e-18	1.977605445034442638e-16	1.588028564859940775e-02	6.787519014384016391e-02	2.124809856159824099e-03	2.497281999080321754e-12	2.119728411146580300e-03
9.600000000000001421e+00	1.277636123364139486e-08	1.247053902845393931e-10	4.144962909658207242e-18	1.994850234843151705e-03	5.018936937683091389e-06	6.649406058116888143e-24	2.374039961491528285e-11	6.112818607842147628e-08	5.677571828946114280e-08	6.695006321094830909e-18	1.632354063456321578e-16	1.588025953987115199e-02	6.787517105134678597e-02	2.124828948653242813e-03	2.520782640618982239e-12	2.119753233476471058e-03
9.700000000000001066e+00	1.160765547332596285e-08	1.132979114651935181e-10	3.765800950889370280e-18	1.994862214539785700e-03	5.018924823429297762e-06	6.649390005635011322e-24	2.156873642427958021e-11	5.553648578148806298e-08	5.158212079331110362e-08	6.082576093696707942e-18	1.347376655872784194e-16	1.588023581945250881e-02	6.787515370534571990e-02	2.124846294654314949e-03	2.544283222623582784e-12	2.119775785165793017e-03
9.800000000000000711e+00	1.054585533829066284e-08	1.029339443895245355e-10	3.421323251718701673e-18	1.994873098386058721e-03	5.018913817477197997e-06	6.649375421727407162e-24	1.959572852622510710e-11	5.045628731195493623e-08	4.686361515418336424e-08	5.526168802705676934e-18	1.112150648028210237e-16	1.588021426886977727e-02	6.787513794607476225e-02	2.124862053925275635e-03	2.567783750540787838e-12	2.119796273924844793e-03
9.900000000000000355e+00	9.581181943991331075e-09	9.351803166444736538e-11	3.108356997827255739e-18	1.994882986627657950e-03	5.018903818420535350e-06	6.649362172026315399e-24	1.780320351736202054e-11	4.584080087294775726e-08	4.257674104640098582e-08	5.020659598015434682e-18	9.179904744772240392e-17	1.588019468963466213e-02	6.787512362838622748e-02	2.124876371613794793e-03	2.591284229318888759e-12	2.119814888463029522e-03
1.000000000000000000e+01	8.704750876539052685e-09	8.496344824695224821e-11	2.824019620883972633e-18	1.994891970336699818e-03	5.018894734125615924e-06	6.649350134450319133e-24	1.617465138820119020e-11	4.164751679450969284e-08	3.868201390290884152e-08	4.561392451567915590e-18	7.577268782471954747e-17	1.588017690141604182e-02	6.787511062041011456e-02	2.124889379589891235e-03	2.614784663453404575e-12	2.119831800227063839e-03
1.010000000000000142e+01	7.908490375344301491e-09	7.719140253760878666e-11	2.565692244479113891e-18	1.994900132257219905e-03	5.018886480898075583e-06	6.649339198100313185e-24	1.469507243382283735e-11	3.783781400339546194e-08	3.514356119358369166e-08	4.144137267268803161e-18	6.254422001442899918e-17	1.588016074037890482e-02	6.787509880233941195e-02	2.124901197660560882e-03	2.638285057028522999e-12	2.119847164980169941e-03
1.020000000000000107e+01	7.185067005734542258e-09	7.013031063742167618e-11	2.330995561862329323e-18	1.994907547562793908e-03	5.018878982699548119e-06	6.649329262221583725e-24	1.335083909278974688e-11	3.437660430183331875e-08	3.192879198136880302e-08	3.765050915022358829e-18	5.162518788802293384e-17	1.588014605767538653e-02	6.787508806532664696e-02	2.124911934673273401e-03	2.661785413754765829e-12	2.119861124236794257e-03
1.030000000000000071e+01	6.527818140168499887e-09	6.371513710741269001e-11	2.117767924099360731e-18	1.994914284550988216e-03	5.018872170451614229e-06	6.649320235281533041e-24	1.212957044630930291e-11	3.123200920573028473e-08	2.900809671171376435e-08	3.420641829877787439e-18	4.261240967334563019e-17	1.588013271807373061e-02	6.787507831048135432e-02	2.124921689518530048e-03	2.685285737003150133e-12	2.119873806566068691e-03
1.040000000000000036e+01	5.930690575425250758e-09	5.788679565750952364e-11	1.924045420160001058e-18	1.994920405270890918e-03	5.018865981394920298e-06	6.649312034120518582e-24	1.102001812625125553e-11	2.837506632934986096e-08	2.635457447012588755e-08	3.107737850204010800e-18	3.517309069189511339e-17	1.588012059871268117e-02	6.787506944795916597e-02	2.124930552040699746e-03	2.708786029836287893e-12	2.119885328776035215e-03
1.050000000000000000e+01	5.388184813716759915e-09	5.259160515044471977e-11	1.748043795567200192e-18	1.994925966096087501e-03	5.018860358514214126e-06	6.649304583190022412e-24	1.001196275358659380e-11	2.577946262524442136e-08	2.394378518886146402e-08	2.823456997879468930e-18	2.903253558702223914e-17	1.588010958796990529e-02	6.787506139613432021e-02	2.124938603865533359e-03	2.732286295036582855e-12	2.119895796989531341e-03
1.060000000000000142e+01	4.895304402381278859e-09	4.778079500656534754e-11	1.588142013034423421e-18	1.994931018243915194e-03	5.018855250012776233e-06	6.649297813856263384e-24	9.096119781371771946e-12	2.342129204511294055e-08	2.175352452686037734e-08	2.565180932100926569e-18	2.396400519232960311e-17	1.588009958443386757e-02	6.787505408084788805e-02	2.124945919151985906e-03	2.755786535131879179e-12	2.119905307621647826e-03
1.070000000000000107e+01	4.447509931735354592e-09	4.341005609657662123e-11	1.442867325031669576e-18	1.994935608244318391e-03	5.018850608827666287e-06	6.649291663757893796e-24	8.264053997355710375e-12	2.127883535489630484e-08	1.976361934434764765e-08	2.330530831722316698e-18	1.978034459316698745e-17	1.588009049596976474e-02	6.787504743472468072e-02	2.124952565275246581e-03	2.779286752418767499e-12	2.119913948267774812e-03
1.080000000000000071e+01	4.040677215664945524e-09	3.943913247803717376e-11	1.310881703916731690e-18	1.994939778372737619e-03	5.018846392206786008e-06	6.649286076245597157e-24	7.508101802089133207e-12	1.933236009120551628e-08	1.795574188883298652e-08	2.117345484036151605e-18	1.632707235864903597e-17	1.588008223887090939e-02	6.787504139655267665e-02	2.124958603447304854e-03	2.802786948983698628e-12	2.119921798510408708e-03
1.090000000000000036e+01	3.671059323216428748e-09	3.583145073449530680e-11	1.190969521903638160e-18	1.994943567037374410e-03	5.018842561309516678e-06	6.649280999852939405e-24	6.821300645518883929e-12	1.756393882715178802e-08	1.631324097933142923e-08	1.923661377992992393e-18	1.347667655488687104e-17	1.588007473708777026e-02	6.787503591071927800e-02	2.124964089280736903e-03	2.826287126722267203e-12	2.119928930652147017e-03
1.100000000000000000e+01	3.335252062354120569e-09	3.255378302183126694e-11	1.082026351391721489e-18	1.994947009132636874e-03	5.018839080848000694e-06	6.649276387821038661e-24	6.197324880486752494e-12	1.595728404806319359e-08	1.482098863535029521e-08	1.747694618663616215e-18	1.112390631975104601e-17	1.588006792152750479e-02	6.787503092669913696e-02	2.124969073300915241e-03	2.849787287356643871e-12	2.119935410381631330e-03
1.110000000000000142e+01	3.030162636546223139e-09	2.957594109316775544e-11	9.830487949608281708e-19	1.994950136362426234e-03	5.018835918766625145e-06	6.649272197673907613e-24	5.630427513676276730e-12	1.449759814292552157e-08	1.346524073559150630e-08	1.587824496090688386e-18	9.181885603382369995e-18	1.588006172941763480e-02	6.787502639858872255e-02	2.124973601411379517e-03	2.873287432451453283e-12	2.119941297378576377e-03
1.120000000000000107e+01	2.752981156649659547e-09	2.687049820131660984e-11	8.931252419605052067e-19	1.994952977528152965e-03	5.018833045936687610e-06	6.649268390813845420e-24	5.115387263658813912e-12	1.317143711654979095e-08	1.223351042509115572e-08	1.442578557434465957e-18	7.578905247977929092e-18	1.588005610372779722e-02	6.787502228468351995e-02	2.124977715316602941e-03	2.896787563428192396e-12	2.119946645863442312e-03
1.130000000000000071e+01	2.501154762684984324e-09	2.441253648197909820e-11	8.114274720288779123e-19	1.994955558798031797e-03	5.018830435898010453e-06	6.649264932179077920e-24	4.647460469758427010e-12	1.196658676641593561e-08	1.111445310297939866e-08	1.310619044707813916e-18	6.255775147162213084e-18	1.588005099264451492e-02	6.787501854709397653e-02	2.124981452906129012e-03	2.920287681578311483e-12	2.119951505096830374e-03
1.140000000000000036e+01	2.272364115196001302e-09	2.217941747098532269e-11	7.372030275410747621e-19	1.994957903946832211e-03	5.018828064611973119e-06	6.649261789916536739e-24	4.222337404987238797e-12	1.087195018482435458e-08	1.009776193139038659e-08	1.190730573167271013e-18	5.163638670894845700e-18	1.588004634909400900e-02	6.787501515139662822e-02	2.124984848603536734e-03	2.943787788075113735e-12	2.119955919833193744e-03
1.150000000000000000e+01	2.064502033269517606e-09	2.015057357871581999e-11	6.697682826328030834e-19	1.994960034571815512e-03	5.018825910232402431e-06	6.649258935078265834e-24	3.836102578639074935e-12	9.877445557918309120e-09	9.174072903505975285e-09	1.081808936917593646e-18	4.262168645248435149e-18	1.588004213030857689e-02	6.787501206631670059e-02	2.124987933683479113e-03	2.967287883984573641e-12	2.119959930733044708e-03
1.160000000000000142e+01	1.875654086693367475e-09	1.830731864176968298e-11	6.085021463137438048e-19	1.994961970297067042e-03	5.018823952917854835e-06	6.649256341372685418e-24	3.485198670654363612e-12	8.973913305504240431e-09	8.334878595884247921e-09	9.828509385685704111e-19	3.518078253010769314e-18	1.588003829743273379e-02	6.787500926344042229e-02	2.124990736559760011e-03	2.990787970275140367e-12	2.119963574737447187e-03
1.170000000000000107e+01	1.704080966635582809e-09	1.663267583708722616e-11	5.528403426744754528e-19	1.994963728952342703e-03	5.018822174644067219e-06	6.649253984916092455e-24	3.166393771308064279e-12	8.153031721153306630e-09	7.572449810333022115e-09	8.929451492291114037e-19	2.903891940992258336e-18	1.588003481516529064e-02	6.787500671695319288e-02	2.124993283047021085e-03	3.014288047826667919e-12	2.119966885408266707e-03
1.180000000000000071e+01	1.548202466793992010e-09	1.511122131770542039e-11	5.022702136492798565e-19	1.994965326735728770e-03	5.018820559033973493e-06	6.649251844007435941e-24	2.876751613854468224e-12	7.407240329045803918e-09	6.879764384472161806e-09	8.112635138337410828e-19	2.396930878366587634e-18	1.588003165143427042e-02	6.787500440340173136e-02	2.124995596598495615e-03	3.037788117438541538e-12	2.119969893237277307e-03
1.190000000000000036e+01	1.406582925352992107e-09	1.372894210889484828e-11	4.563259957657257758e-19	1.994966778360571236e-03	5.018819091201182212e-06	6.649249898920890643e-24	2.613604521947700993e-12	6.729670247055430231e-09	6.250442514404843459e-09	7.370537243770590677e-19	1.978475525980433961e-18	1.588002877710149516e-02	6.787500230147822111e-02	2.124997698522017135e-03	3.061288179837010052e-12	2.119972625927002852e-03
1.200000000000000000e+01	1.277918011264462503e-09	1.247310712736265836e-11	4.145845330789271944e-19	1.994968097198869788e-03	5.018817757632569348e-06	6.649248131750303930e-24	2.374528855324713593e-12	6.114080924912277423e-09	5.678687993463975878e-09	6.696322907761002385e-19	1.633074443511197192e-18	1.588002616569419989e-02	6.787500039182392531e-02	2.124999608176296462e-03	3.084788235681877630e-12	2.119975108645871451e-03
1.210000000000000142e+01	1.161022703935171785e-09	1.133214985017493078e-11	3.766613773193562345e-19	1.994969295396105229e-03	5.018816546042916415e-06	6.649246526216595429e-24	2.157322673267597303e-12	5.554802669371994130e-09	5.159234827435462983e-09	6.083782457238626562e-19	1.347973719010524150e-18	1.588002379316123119e-02	6.787499865685106548e-02	2.125001343149186209e-03	3.108288285572603436e-12	2.119977364260015266e-03
1.220000000000000107e+01	1.054820380778531764e-09	1.029556179820390456e-11	3.422072474940032328e-19	1.994970383986927314e-03	5.018815445271310726e-06	6.649245067530463698e-24	1.959985456847130309e-12	5.046684421597391261e-09	4.687298732519674516e-09	5.527274253185376332e-19	1.112646035733204444e-18	1.588002163765151950e-02	6.787499708058053471e-02	2.125002919419688354e-03	3.131788330053790582e-12	2.119979413543883733e-03
1.230000000000000071e+01	9.583329052065732144e-10	9.353795785372704297e-12	3.109048140832636048e-19	1.994971372999001808e-03	5.018814445183913627e-06	6.649243742263557921e-24	1.780699690299511294e-12	4.585046316366350818e-09	4.258533070011185967e-09	5.021672728719598120e-19	9.184019572242926753e-19	1.588001967931285813e-02	6.787499564849509837e-02	2.125004351505126871e-03	3.155288369620227978e-12	2.119981275371573149e-03
1.240000000000000036e+01	8.706716119331321442e-10	8.498177926930011549e-12	2.824657743706015296e-19	1.994972271541720771e-03	5.018813536571434785e-06	6.649242538212623083e-24	1.617814109876301541e-12	4.165636579544494969e-09	3.868988812477665844e-09	4.562321181108585911e-19	7.580690556859631936e-19	1.588001790010898709e-02	6.787499434740540405e-02	2.125005652594848509e-03	3.178788404721450722e-12	2.119982966890665045e-03
1.250000000000000000e+01	7.910291297837451669e-10	7.720827822887051829e-12	2.566281994983835627e-19	1.994973087889756816e-03	5.018812711063447182e-06	6.649241444285961915e-24	1.469828509015104395e-12	3.784592368822236326e-09	3.515078171641684414e-09	4.144988881701968633e-19	6.257270841288675925e-19	1.588001628365351761e-02	6.787499316532855098e-02	2.125006834671702011e-03	3.202288435765875205e-12	2.119984503680166256e-03
1.260000000000000142e+01	7.186719378470761529e-10	7.014585899792807774e-12	2.331541194526720924e-19	1.994973829562211171e-03	5.018811961058624632e-06	6.649240450411011649e-24	1.335379906256870746e-12	3.438404195471061378e-09	3.193541553971101175e-09	3.765832109868313782e-19	5.164893540599516938e-19	1.588001481505902160e-02	6.787499209137787259e-02	2.125007908622401215e-03	3.225788463124537570e-12	2.119985899893988765e-03
1.270000000000000107e+01	6.529336159894359287e-10	6.372947530299109650e-12	2.118273333283017559e-19	1.994974503390654734e-03	5.018811279651736015e-06	6.649239547437581729e-24	1.213230003463500414e-12	3.123883601143137634e-09	2.901417538487034441e-09	3.421358750772194931e-19	4.263223068772406756e-19	1.588001348079989827e-02	6.787499111566247523e-02	2.125008884337798148e-03	3.249288487134557943e-12	2.119987168391308102e-03
1.280000000000000071e+01	5.932087041241390666e-10	5.790003094854856153e-12	1.924514170985390749e-19	1.994975115580743287e-03	5.018810660566716120e-06	6.649238727049181865e-24	1.102253775249952768e-12	2.838133792692082598e-09	2.636015601393604537e-09	3.108396132186640544e-19	3.518965666084764994e-19	1.588001226858780021e-02	6.787499022919631086e-02	2.125009770803975954e-03	3.272788508102207215e-12	2.119988320855007227e-03
1.290000000000000036e+01	5.389471259549141516e-10	5.260383553259627864e-12	1.748479145215327131e-19	1.994975671770287361e-03	5.018810098101159574e-06	6.649237981689478702e-24	1.001429107338562410e-12	2.578522960743080185e-09	2.394891335546181610e-09	2.824061803232183614e-19	2.904640045917137400e-19	1.588001116725846346e-02	6.787498942381529898e-02	2.125010576185012556e-03	3.296288526305734323e-12	2.119989367899274488e-03
1.300000000000000000e+01	4.896491246122897865e-10	4.779211012803541325e-12	1.588546941233755621e-19	1.994976177081746269e-03	5.018809587075248995e-06	6.649237304494610848e-24	9.098273861228568441e-13	2.342660043259334005e-09	2.175823938632824938e-09	2.565736988390950156e-19	2.397562664561950735e-19	1.588001016666889045e-02	6.787498869210212282e-02	2.125011307898171369e-03	3.319788541997935033e-12	2.119990319167357022e-03
1.310000000000000142e+01	4.448606617363329066e-10	4.342053820084646674e-12	1.443244565392319376e-19	1.994976636170026248e-03	5.018809122785740767e-06	6.649236689232211581e-24	8.266049494124485841e-13	2.128372722367964440e-09	1.976795777108503581e-09	2.331042489244170749e-19	1.979010130712320677e-19	1.588000925760398030e-02	6.787498802731808945e-02	2.125011972682157042e-03	3.343288555408481616e-12	2.119991183420294467e-03
1.320000000000000107e+01	4.041692185448676043e-10	3.944885576577637029e-12	1.311233722721710565e-19	1.994977053263618551e-03	5.018808700957591846e-06	6.649236130237347342e-24	7.509952841497396300e-13	1.933687324359381025e-09	1.795973717268747617e-09	2.117816670035109755e-19	1.633527580839027178e-19	1.588000843169135728e-02	6.787498742334080459e-02	2.125012576659460108e-03	3.366788566746045325e-12	2.119991968617985188e-03
1.330000000000000071e+01	3.672000298951476329e-10	3.584048380575888529e-12	1.191298599282644404e-19	1.994977432203187510e-03	5.018808317704921693e-06	6.649235622360737208e-24	6.823020287093446288e-13	1.756810806309597747e-09	1.631692394204277476e-09	1.924095728378196851e-19	1.348358596245872007e-19	1.588000768132481408e-02	6.787498687460802316e-02	2.125013125392236774e-03	3.390288576200202790e-12	2.119992681991837366e-03
1.340000000000000036e+01	3.336125898621565106e-10	3.256218719387618827e-12	1.082334525408698130e-19	1.994977776479009337e-03	5.018807969498879242e-06	6.649235160926205878e-24	6.198924797313523508e-13	1.596114039166278031e-09	1.482438685097687896e-09	1.748095386132259744e-19	1.112973560307872711e-19	1.588000699959353501e-02	6.787498637606605156e-02	2.125013623934174974e-03	3.413788583943186101e-12	2.119993330112191193e-03
1.350000000000000000e+01	3.030975643137659770e-10	2.958377334118572332e-12	9.833379593580833868e-20	1.994978089262672456e-03	5.018807653135759730e-06	6.649234741688443749e-24	5.631918552233371971e-13	1.450117033837499267e-09	1.346837987693431072e-09	1.588194708940288520e-19	9.186813383735974921e-20	1.588000638021930255e-02	6.787498592312393719e-02	2.125014076876316667e-03	3.437288590131471737e-12	2.119993918947894046e-03
1.360000000000000142e+01	2.753739034127818785e-10	2.687781035919603057e-12	8.933971195936304817e-20	1.994978373433559798e-03	5.018807365699239730e-06	6.649234360782938204e-24	5.116779291664010165e-13	1.317475122783799899e-09	1.223641385487372121e-09	1.442920971391877754e-19	7.583078710830124786e-20	1.588000581749799897e-02	6.787498551161035010e-02	2.125014488389923711e-03	3.460788594907227328e-12	2.119994453922039758e-03
1.370000000000000107e+01	2.501862638972404957e-10	2.441937545888067194e-12	8.116836220652874839e-20	1.994978631611015775e-03	5.018807104548113812e-06	6.649234014709737099e-24	4.648762417399335287e-13	1.196966633358153869e-09	1.111714198774420227e-09	1.310936156387721914e-19	6.259316687787154060e-20	1.588000530624722462e-02	6.787498513773551623e-02	2.125014862264723321e-03	3.484288598399619064e-12	2.119994939961677548e-03
1.380000000000000071e+01	2.273026631792690627e-10	2.218582597685538458e-12	7.374448695746306912e-20	1.994978866171435473e-03	5.018806867274506170e-06	6.649233700278082976e-24	4.223557403038756469e-13	1.087481660558467479e-09	1.010025556859884201e-09	1.191024658667724975e-19	5.166650098008140679e-20	1.588000484175870405e-02	6.787498479805650908e-02	2.125015201943723959e-03	3.507788600725997945e-12	2.119995381543093513e-03
1.390000000000000036e+01	2.065123396757662151e-10	2.015659053123841700e-12	6.699971102100943589e-20	1.994979079275941303e-03	5.018806651696109260e-06	6.649233414596115733e-24	3.837248035935580338e-13	9.880118279086566978e-10	9.176388880815341347e-10	1.082082070622923923e-19	4.264734659900996497e-20	1.588000441975486593e-02	6.787498448944526142e-02	2.125015510554988541e-03	3.531288601992970508e-12	2.119995782733105714e-03
1.400000000000000000e+01	1.876238107323684563e-10	1.831297946394734219e-12	6.087191368250801604e-20	1.994979272886478194e-03	5.018806455826486824e-06	6.649233155031539116e-24	3.486276330740869795e-13	8.976410002237798826e-10	8.337032937928561666e-10	9.831050104733203370e-20	3.520269454059911993e-20	1.588000403634942312e-02	6.787498420905986596e-02	2.125015790940439075e-03	3.554788602297403721e-12	2.119996147226518596e-03
1.410000000000000142e+01	1.704631098454918097e-10	1.663801278366365153e-12	5.530465682035306292e-20	1.994979448786078635e-03	5.018806277862326048e-06	6.649232919194696537e-24	3.167409774581928461e-13	8.155368457595000389e-10	7.574457113892322847e-10	8.931818808912598055e-20	2.905767192661130499e-20	1.588000368801157497e-02	6.787498395431830478e-02	2.125016045682030178e-03	3.578288601727288922e-12	2.119996478380156962e-03
1.420000000000000107e+01	1.548721840298002911e-10	1.511626374001973289e-12	5.024666497763213533e-20	1.994979608596739000e-03	5.018806116170444919e-06	6.649232704921389754e-24	2.877711547986274085e-13	7.409431704464969828e-10	6.881637942545543235e-10	8.114844730162129308e-20	2.398539351805619465e-20	1.588000337153352981e-02	6.787498372287477377e-02	2.125016277125541236e-03	3.601788600362581922e-12	2.119996779243776570e-03
1.430000000000000071e+01	1.407074381109426065e-10	1.373371673861070838e-12	4.565135309982066420e-20	1.994979753787573182e-03	5.018805969255749815e-06	6.649232510230400916e-24	2.614513475895277227e-13	6.731729530789212042e-10	6.252194430171033635e-10	7.372603384958792550e-20	1.979858321374539646e-20	1.588000308400090016e-02	6.787498351259808882e-02	2.125016487402158535e-03	3.625288598275917500e-12	2.119997052588159722e-03
1.440000000000000036e+01	1.278384122965167805e-10	1.247763826477693655e-12	4.147639751104934955e-20	1.994979885697642855e-03	5.018805835770796818e-06	6.649232333336165859e-24	2.375391455181939558e-13	6.116020176460549493e-10	5.680329284984660543e-10	6.698258592534693726e-20	1.634265975182678496e-20	1.588000282276591513e-02	6.787498332155207648e-02	2.125016678448127510e-03	3.648788595533287140e-12	2.119997300930628707e-03
1.450000000000000000e+01	1.161465806326199753e-10	1.133645960654428396e-12	3.768334610843014595e-20	1.994980005540757453e-03	5.018805714484460809e-06	6.649232172607255645e-24	2.158143128396524125e-13	5.556632846939668255e-10	5.160775522866131954e-10	6.085599512224479403e-20	1.349002824355020201e-20	1.588000258542297816e-02	6.787498314797761612e-02	2.125016852022570523e-03	3.672288592194646087e-12	2.119997526558235149e-03
1.460000000000000142e+01	1.055242592970487498e-10	1.029967029826756194e-12	3.423726418987233254e-20	1.994980114421463554e-03	5.018805604282683397e-06	6.649232026567372798e-24	1.960767598432624624e-13	5.048415482319829839e-10	4.688747955706392448e-10	5.528983438405221023e-20	1.113536930510902750e-20	1.588000236978656318e-02	6.787498299027651394e-02	2.125017009723698287e-03	3.695788588314459418e-12	2.119997731548821287e-03
1.470000000000000107e+01	9.587361351446879393e-11	9.357721190349152245e-13	3.110641227706218695e-20	1.994980213341616005e-03	5.018805504149116527e-06	6.649231893869699074e-24	1.781446975727284587e-13	4.586687251032064317e-10	4.259899069068876633e-10	5.023283771322101318e-20	9.191749803114108863e-21	1.588000217387105367e-02	6.787498284699668150e-02	2.125017153003537669e-03	3.719288583942218224e-12	2.119997917790183029e-03
1.480000000000000071e+01	8.710576202376502154e-11	8.501937040598539943e-13	2.826195558648755548e-20	1.994980303213190597e-03	5.018805413164955607e-06	6.649231773296669177e-24	1.618529738113665143e-13	4.167195680457317070e-10	3.870279204524391489e-10	4.563843064012402430e-20	7.587413820015650858e-21	1.588000199587253150e-02	6.787498271681899342e-02	2.125017283181240921e-03	3.742788579122874599e-12	2.119998086997357343e-03
1.490000000000000036e+01	7.913994970153214941e-11	7.724435758024581229e-13	2.567769561182883839e-20	1.994980384863204604e-03	5.018805330491444049e-06	6.649231663736800303e-24	1.470515357110114128e-13	3.786077109252023760e-10	3.516299828105614757e-10	4.146429708357612425e-20	6.263131662420708754e-21	1.588000183415200564e-02	6.787498259854492233e-02	2.125017401455344106e-03	3.766288573897273817e-12	2.119998240728572601e-03
1.500000000000000000e+01	7.190281017138482930e-11	7.018056429729166492e-13	2.332983089963589686e-20	1.994980459045462597e-03	5.018805255372722686e-06	6.649231564188452246e-24	1.336040596264401637e-13	3.439821366436022248e-10	3.194700724828573502e-10	3.767199250803365085e-20	5.170014139629067802e-21	1.588000168722045885e-02	6.787498249108557535e-02	2.125017508914734017e-03	3.789788568302534802e-12	2.119998380399491095e-03
1.510000000000000142e+01	6.532768802980519675e-11	6.376293166705467916e-13	2.119673716588922470e-20	1.994980526441446789e-03	5.018805187113627343e-06	6.649231473730418000e-24	1.213866917254095001e-13	3.125239374221129177e-10	2.902519908056335700e-10	3.422658909391754042e-20	4.267706839314645311e-21	1.588000155372504968e-02	6.787498239345166051e-02	2.125017606548680951e-03	3.813288562372378087e-12	2.119998507296279311e-03
1.520000000000000107e+01	5.935402522733332157e-11	5.793235211541824881e-13	1.925876822589274696e-20	1.994980587670674207e-03	5.018805125083514038e-06	6.649231391526993083e-24	1.102869078077469147e-13	2.839433775478404612e-10	2.637066339000200448e-10	3.109635404537149409e-20	3.522900330459065160e-21	1.588000143243670920e-02	6.787498230474442451e-02	2.125017695255966392e-03	3.836788556137424704e-12	2.119998622587451319e-03
1.530000000000000071e+01	5.392680253876982023e-11	5.263512423107288420e-13	1.749807479618672292e-20	1.994980643301214746e-03	5.018805068722507546e-06	6.649231316836237785e-24	1.002024754870605899e-13	2.579772213083611343e-10	2.395895108390350783e-10	2.825245693190439771e-20	2.908100233921648984e-21	1.588000132223879590e-02	6.787498222414724280e-02	2.125017775853176721e-03	3.860288549625503948e-12	2.119998727334646178e-03
1.540000000000000036e+01	4.899603587607532081e-11	4.782246114172356162e-13	1.589844108855516637e-20	1.994980693842329875e-03	5.018805017504711367e-06	6.649231248961247056e-24	9.104051827728160820e-14	2.343863233373952699e-10	2.176785055664270733e-10	2.566870577330139470e-20	2.400616707063708692e-21	1.588000122211684351e-02	6.787498215091826437e-02	2.125017849082151689e-03	3.883788542861917529e-12	2.119998822502344119e-03
1.550000000000000000e+01	4.451631112130185079e-11	4.345003648785172837e-13	1.444513390071278262e-20	1.994980739760207449e-03	5.018804970961640897e-06	6.649231187281224697e-24	8.271665125438603681e-14	2.129534031401435294e-10	1.977718099947226430e-10	2.332130331001821464e-20	1.981701963238593371e-21	1.588000113114910322e-02	6.787498208438348668e-02	2.125017915616914631e-03	3.907288535869627789e-12	2.119998908966845043e-03
1.560000000000000142e+01	4.044636927814907521e-11	3.947757951014971575e-13	1.312476803140599611e-20	1.994980781477519779e-03	5.018804928664653417e-06	6.649231131228111594e-24	7.515421021671224514e-14	1.934810597074721565e-10	1.796860798462852215e-10	2.118862953955950074e-20	1.635908796942245577e-21	1.588000104849822403e-02	6.787498202393053848e-02	2.125017976069817297e-03	3.930788528669505688e-12	2.119998987524275135e-03
1.570000000000000107e+01	3.674872539748907713e-11	3.586850310193772780e-13	1.192518265241466785e-20	1.994980819379179454e-03	5.018804890227147845e-06	6.649231080289597921e-24	6.828354360137471927e-14	1.757899492583952848e-10	1.632547422738778617e-10	1.925104215060480384e-20	1.350468823427893636e-21	1.588000097340342559e-02	6.787498196900310088e-02	2.125018030997201119e-03	3.954288521280513373e-12	2.119999058897933854e-03
1.580000000000000071e+01	3.338932351897371475e-11	3.258956701523767655e-13	1.083532936493575280e-20	1.994980853813463437e-03	5.018804855294171635e-06	6.649231033995318430e-24	6.204137132332200604e-14	1.597171334525504466e-10	1.483264616719179188e-10	1.749069561114876413e-20	1.114846931272354595e-21	1.588000090517351776e-02	6.787498191909575873e-02	2.125018080904509006e-03	3.977788513719870580e-12	2.119999123744955270e-03
1.590000000000000036e+01	3.033722300081418641e-11	2.961057170324620376e-13	9.845170438896526138e-21	1.994980885098028654e-03	5.018804823546344239e-06	6.649230991922027564e-24	5.637020193749861874e-14	1.451145787672995054e-10	1.347637458628940761e-10	1.589137680965490807e-20	9.203471028774515845e-22	1.588000084318052368e-02	6.787498187374926828e-02	2.125018126250955222e-03	4.001288506003238002e-12	2.119999182662365284e-03
1.600000000000000000e+01	2.756431340472127072e-11	2.690408003409380496e-13	8.945586316130468880e-21	1.994980913520350875e-03	5.018804794690692206e-06	6.649230953681481580e-24	5.121780286009898272e-14	1.318477930374760910e-10	1.224416797738508689e-10	1.443835572983835735e-20	7.597913777038741292e-22	1.588000078685389976e-02	6.787498183254643547e-02	2.125018167453742064e-03	4.024788498144829575e-12	2.119999236192572894e-03
1.610000000000000142e+01	2.504505576263216017e-11	2.444516475455077628e-13	8.128291672324485497e-21	1.994980939344103733e-03	5.018804768467291619e-06	6.649230918929231244e-24	4.653671961047271570e-14	1.197945867640485129e-10	1.112467749391125112e-10	1.311824978378486493e-20	6.272548204981439133e-22	1.588000073567532797e-02	6.787498179510821628e-02	2.125018204891916153e-03	4.048288490157564342e-12	2.119999284828375311e-03
1.619999999999999929e+01	2.275624722111902216e-11	2.221117877151855500e-13	7.385759063145208944e-21	1.994980962805143702e-03	5.018804744630726539e-06	6.649230887340056944e-24	4.228383849168356710e-14	1.088439477519718710e-10	1.010759242564781031e-10	1.191890055650949615e-20	5.178467904748100302e-22	1.588000068917389679e-02	6.787498176109028891e-02	2.125018238909840481e-03	4.071788482053192468e-12	2.119999329017487315e-03
1.630000000000000071e+01	2.067680750492158449e-11	2.018154673006996223e-13	6.711149648915524921e-21	1.994980984119292932e-03	5.018804722961886484e-06	6.649230858623591003e-24	3.841998981370216424e-14	9.889501863215514948e-11	9.183545234534944496e-11	1.082926182399365317e-20	4.275303702134361843e-22	1.588000064692177485e-02	6.787498173017973702e-02	2.125018269820381535e-03	4.095288473842364710e-12	2.119999369166670339e-03
1.640000000000000213e+01	1.878758456066572539e-11	1.833757531230143366e-13	6.098250141717530307e-21	1.994981003484545823e-03	5.018804703266508682e-06	6.649230832522404566e-24	3.490958675576907857e-14	8.985616799232959140e-11	8.344025278874529215e-11	9.839297816500261842e-21	3.529733356065019915e-22	1.588000060853024531e-02	6.787498170209230186e-02	2.125018297907791537e-03	4.118788465534760053e-12	2.119999405645475992e-03
1.650000000000000000e+01	1.707117831943679337e-11	1.666228122108046360e-13	5.541415630603681284e-21	1.994981021077746591e-03	5.018804685360482898e-06	6.649230808792504680e-24	3.172029789581679952e-14	8.164414638436853973e-11	7.581300428077805471e-11	8.939890786529279967e-21	2.914251303037453909e-22	1.588000057364616704e-02	6.787498167656980108e-02	2.125018323430313567e-03	4.142288457139196369e-12	2.119999438789651330e-03
1.660000000000000142e+01	1.551178035849177333e-11	1.514023468213451727e-13	5.035517564796739280e-21	1.994981037061777963e-03	5.018804669082097839e-06	6.649230787219597255e-24	2.882274928245581959e-14	7.418331959089906120e-11	6.888345848181040349e-11	8.122757032502303770e-21	2.406153312366749635e-22	1.588000054194868907e-02	6.787498165337751965e-02	2.125018346622571143e-03	4.165788448663659506e-12	2.119999468904234467e-03
1.669999999999999929e+01	1.409502835333602045e-11	1.375741738226035413e-13	4.575896535169626168e-21	1.994981051583989522e-03	5.018804654282839829e-06	6.649230767606872211e-24	2.619025398927194450e-14	6.740497207201648524e-11	6.258779302114662633e-11	7.380370604692354500e-21	1.986698250243735187e-22	1.588000051314631886e-02	6.787498163230232251e-02	2.125018367697727520e-03	4.189288440115418800e-12	2.119999496266354849e-03
1.680000000000000071e+01	1.280787374568210203e-11	1.250109330688023952e-13	4.158319343212244896e-21	1.994981064776950568e-03	5.018804640824517983e-06	6.649230749771196343e-24	2.379856622585419316e-14	6.124667400364660096e-11	5.686802368129338756e-11	6.705893989833876742e-21	1.640416307968902291e-22	1.588000048697423353e-02	6.787498161315060063e-02	2.125018386849440288e-03	4.212788431501072306e-12	2.119999521127795446e-03
1.690000000000000213e+01	1.163846165203918137e-11	1.135969152505004297e-13	3.778940041094204444e-21	1.994981076763930553e-03	5.018804628588681520e-06	6.649230733555595605e-24	2.162565819340938345e-14	5.565170636044557950e-11	5.167147035003212267e-11	6.093115136080925842e-21	1.354537901328077948e-22	1.588000046319183386e-02	6.787498159574638368e-02	2.125018404253660280e-03	4.236288422826614662e-12	2.119999543717304702e-03
1.700000000000000000e+01	1.057602153637044295e-11	1.032269948072141809e-13	3.434264463797899705e-21	1.994981087655003753e-03	5.018804617462892747e-06	6.649230718811071681e-24	1.965151694133455863e-14	5.056853849367873672e-11	4.695027183560841150e-11	5.536390239859302258e-21	1.118522321587942914e-22	1.588000044158049961e-02	6.787498157992977177e-02	2.125018420070240097e-03	4.259788414097508168e-12	2.119999564242710296e-03
1.710000000000000142e+01	9.610768141555870903e-12	9.380566297095512414e-14	3.121118089404539942e-21	1.994981097549037262e-03	5.018804607342136517e-06	6.649230705398454855e-24	1.785796028589413866e-14	4.595035349283885913e-11	4.266094504605043135e-11	5.030591764215249374e-21	9.236686461604756100e-23	1.588000042194162922e-02	6.787498156555561712e-02	2.125018434444406450e-03	4.283288405318696520e-12	2.119999582892823000e-03
1.719999999999999929e+01	8.733797352852604932e-12	8.524601134373716058e-14	2.836612255227507464e-21	1.994981106538626717e-03	5.018804598137472678e-06	6.649230693199891534e-24	1.622844331196007488e-14	4.175455021531356333e-11	3.876392243639151990e-11	4.571053894466460016e-21	7.627910217174044467e-23	1.588000040409452002e-02	6.787498155249170606e-02	2.125018447508311877e-03	4.306788396494681552e-12	2.119999599839456333e-03
1.730000000000000071e+01	7.937049027780897849e-12	7.746936909929479642e-14	2.578132099117403251e-21	1.994981114706006683e-03	5.018804589764411387e-06	6.649230682103377677e-24	1.474798930642122934e-14	3.794256550745613958e-11	3.522338690619891983e-11	4.153553069273979794e-21	6.299672805979298398e-23	1.588000038787559104e-02	6.787498154061841205e-02	2.125018459381583773e-03	4.330288387629542621e-12	2.119999615238135626e-03
1.740000000000000213e+01	7.213185035821922609e-12	7.040411259230952087e-14	2.343296993234958533e-21	1.994981122125387765e-03	5.018804582144369162e-06	6.649230672004812973e-24	1.340296314125321736e-14	3.447929061813988114e-11	3.200672977463218043e-11	3.774244064930729152e-21	5.203001353742819949e-23	1.588000037313590587e-02	6.787498152982690547e-02	2.125018470173129382e-03	4.353788378726985884e-12	2.119999629230457684e-03
1.750000000000000000e+01	6.555530331741509293e-12	6.398509020585257259e-14	2.129941427121394750e-21	1.994981128866858428e-03	5.018804575212357401e-06	6.649230662818058665e-24	1.218096178064476630e-14	3.133278928435725955e-11	2.908428894393554519e-11	3.429629119534868558e-21	4.297501471737121394e-23	1.588000035973997567e-02	6.787498152001802953e-02	2.125018479982020928e-03	4.377288369790392765e-12	2.119999641945222255e-03
1.760000000000000142e+01	5.958040296958860882e-12	5.815330358744102699e-14	1.936104412617463278e-21	1.994981134990240178e-03	5.018804568900377145e-06	6.649230654452999889e-24	1.107075359730633546e-14	2.847414146149901343e-11	2.642920374716112932e-11	3.116540816598864324e-21	3.549822675953499040e-23	1.588000034756514856e-02	6.787498151110209210e-02	2.125018488897964433e-03	4.400788360822812685e-12	2.119999653499063906e-03
1.769999999999999929e+01	5.415200720435952011e-12	5.285493141486030822e-14	1.759997035776661016e-21	1.994981140554183581e-03	5.018804563156614543e-06	6.649230646840973078e-24	1.006209252493431758e-14	2.587696480246547763e-11	2.401697050942612444e-11	2.832089676722023041e-21	2.932438992124780690e-23	1.588000033649948975e-02	6.787498150299725586e-02	2.125018497002806317e-03	4.424288351827031724e-12	2.119999663998383202e-03
1.780000000000000071e+01	4.922026265353769522e-12	4.804131443006945255e-14	1.600001959421927700e-21	1.994981145609401978e-03	5.018804557928436660e-06	6.649230639912225870e-24	9.145715209087454297e-15	2.351740732710961604e-11	2.182543573343373148e-11	2.573663354025487014e-21	2.422633072477918590e-23	1.588000032644182324e-02	6.787498149562952443e-02	2.125018504370537308e-03	4.447788342805577468e-12	2.119999673539375764e-03
1.790000000000000213e+01	4.473965537267259747e-12	4.366802885919663976e-14	1.454642625465021833e-21	1.994981150202312231e-03	5.018804553168085238e-06	6.649230633603466708e-24	8.313164612409163389e-15	2.137369320887544018e-11	1.983437423855768577e-11	2.338876890209303336e-21	2.001634287105575125e-23	1.588000031729977501e-02	6.787498148893134076e-02	2.125018511068704503e-03	4.471288333760756975e-12	2.119999682209865004e-03
1.800000000000000000e+01	4.066890175899081461e-12	3.969477994318298444e-14	1.322579716076398683e-21	1.994981154374333467e-03	5.018804548830521842e-06	6.649230627855012805e-24	7.556769745856163334e-15	1.942607061594741636e-11	1.802544070691180769e-11	2.125567000851916471e-21	1.653959662746840750e-23	1.588000030898955098e-02	6.787498148284147603e-02	2.125018517158580502e-03	4.494788324694649506e-12	2.119999690089511158e-03
1.810000000000000142e+01	3.697050252857413866e-12	3.608496659824951581e-14	1.202596683863033989e-21	1.994981158165567720e-03	5.018804544881063013e-06	6.649230622620897926e-24	6.869562792292926612e-15	1.765659828307034112e-11	1.638197146041570474e-11	1.931768700913986606e-21	1.366817643130159909e-23	1.588000030143505575e-02	6.787498147730423870e-02	2.125018522695822174e-03	4.518288315609152568e-12	2.119999697250671711e-03
1.819999999999999929e+01	3.361045929293993688e-12	3.280540478112235193e-14	1.093590557077456763e-21	1.994981161610762804e-03	5.018804541284222306e-06	6.649230617854093478e-24	6.245226443009506489e-15	1.604900992384185187e-11	1.488885852637307376e-11	1.755700454519625390e-21	1.129662439039606328e-23	1.588000029456727857e-02	6.787498147226916911e-02	2.125018527730889589e-03	4.541788306506006956e-12	2.119999703758949569e-03
1.830000000000000071e+01	3.055774739077940644e-12	2.982581294771864153e-14	9.945548372855390935e-22	1.994981164740401280e-03	5.018804538004536145e-06	6.649230613507606138e-24	5.677995943524187488e-15	1.458846201342745382e-11	1.353231537660829962e-11	1.595736550857549312e-21	9.337767182271109926e-24	1.588000028832324897e-02	6.787498146769023466e-02	2.125018532309824043e-03	4.565288297386769288e-12	2.119999709674206569e-03
1.840000000000000213e+01	2.778430878959046765e-12	2.711880512476513586e-14	9.045792690808487850e-22	1.994981167583491626e-03	5.018804535013545071e-06	6.649230609543714291e-24	5.162657774614488177e-15	1.326153039526560366e-11	1.229987378205943029e-11	1.450406733273418405e-21	7.719674395692605251e-24	1.588000028264602986e-02	6.787498146352574646e-02	2.125018536474271909e-03	4.588788288252864513e-12	2.119999715050585164e-03
1.850000000000000000e+01	2.526454753910441738e-12	2.465939844834501262e-14	8.228334716431911460e-22	1.994981170165823978e-03	5.018804532283617174e-06	6.649230605925805696e-24	4.694455901504361801e-15	1.205596887204502018e-11	1.118015958888059923e-11	1.318369758733326182e-21	6.382971701331412363e-24	1.588000027748365586e-02	6.787498145973780428e-02	2.125018540262216260e-03	4.612288279105575406e-12	2.119999719937473368e-03
1.860000000000000142e+01	2.297532263431724346e-12	2.242500619785007813e-14	7.485667072010071038e-22	1.994981172512710118e-03	5.018804529794758242e-06	6.649230602627378833e-24	4.269090447724565462e-15	1.096070579277064708e-11	1.016288955224358955e-11	1.198413024464614022e-21	5.278651952269910254e-24	1.588000027278918189e-02	6.787498145629199120e-02	2.125018543708007655e-03	4.635788269946075691e-12	2.119999724379524695e-03
1.869999999999999929e+01	2.089550766540429288e-12	2.039500799335930858e-14	6.810935952451375365e-22	1.994981174645113313e-03	5.018804527523334362e-06	6.649230599617109716e-24	3.882635872779606098e-15	9.965633387102074985e-12	9.238675671107552082e-12	1.089429495062736771e-21	4.366221098522141904e-24	1.588000026851972210e-02	6.787498145315701281e-02	2.125018546843002523e-03	4.659288260775435696e-12	2.119999728417504281e-03
1.880000000000000071e+01	1.900591832122261279e-12	1.855067903559578769e-14	6.197917606054125306e-22	1.994981176582060443e-03	5.018804525447867319e-06	6.649230596866539628e-24	3.531527501425138829e-15	9.061573046763449738e-12	8.398992939580099554e-12	9.904138997256147237e-22	3.612247569689459087e-24	1.588000026463633890e-02	6.787498145030432251e-02	2.125018549695669411e-03	4.682788251594630426e-12	2.119999732088428956e-03
1.890000000000000213e+01	1.728920729364379479e-12	1.687508752754890099e-14	5.640984239489320590e-22	1.994981178340936474e-03	5.018804523549384422e-06	6.649230594350524744e-24	3.212541995629523990e-15	8.240225088319312612e-12	7.636132689424963622e-12	9.004572303881700347e-22	2.989166551282758946e-24	1.588000026110382087e-02	6.787498144770821862e-02	2.125018552291753782e-03	4.706288242404527452e-12	2.119999735425771512e-03
1.900000000000000000e+01	1.572951659684660925e-12	1.535275532157665041e-14	5.134991223631656871e-22	1.994981179939642017e-03	5.018804521815586753e-06	6.649230592052760957e-24	2.922732751324483618e-15	7.494002370342576458e-12	6.943048055813784077e-12	8.187285190074534503e-22	2.474175736496690880e-24	1.588000025788999583e-02	6.787498144534517830e-02	2.125018554654794535e-03	4.729788233205926490e-12	2.119999738460132035e-03
1.910000000000000142e+01	1.431250037582797434e-12	1.396968018158619122e-14	4.675284493066506428e-22	1.994981181391970292e-03	5.018804520229315966e-06	6.649230589950515676e-24	2.659434136498325673e-15	6.816041219743480066e-12	6.313364122960114073e-12	7.444760339377591645e-22	2.048476062219219884e-24	1.588000025496573431e-02	6.787498144319394078e-02	2.125018556806082797e-03	4.753288223999558592e-12	2.119999741219191075e-03
1.920000000000000284e+01	1.302510957861348456e-12	1.271312561287480710e-14	4.257630689699764855e-22	1.994981182711872379e-03	5.018804518778492523e-06	6.649230588027774260e-24	2.420221480707653828e-15	6.200098416734968542e-12	5.741282247305777056e-12	6.770159976966020018e-22	1.696533986413590257e-24	1.588000025230455747e-02	6.787498144123509103e-02	2.125018558764986756e-03	4.776788214786085343e-12	2.119999743728128577e-03
1.930000000000000071e+01	1.185548637352964964e-12	1.157151780836587891e-14	3.878182909731637725e-22	1.994981183909367174e-03	5.018804517445464258e-06	6.649230586261148780e-24	2.202891456538462887e-15	5.640500663418271885e-12	5.221533123388856188e-12	6.157270524811485129e-22	1.405525157357249953e-24	1.588000024988240472e-02	6.787498143945101814e-02	2.125018560549100845e-03	4.800288205566102085e-12	2.119999746009824243e-03
1.940000000000000213e+01	1.079285764150246442e-12	1.053434169202761668e-14	3.533446150552095113e-22	1.994981184999379802e-03	5.018804516228813237e-06	6.649230584648751097e-24	2.005442289196396552e-15	5.132093642668863306e-12	4.749329469850211421e-12	5.600446808895701639e-22	1.164857209476248260e-24	1.588000024767739077e-02	6.787498143782572102e-02	2.125018562174423118e-03	4.823788196340154080e-12	2.119999748085066131e-03
1.950000000000000000e+01	9.827435775028556272e-13	9.592044093952418369e-15	3.220245128058462600e-22	1.994981185989259855e-03	5.018804515111656401e-06	6.649230583168215962e-24	1.826055323764479728e-15	4.670194542255486897e-12	4.320321934930194417e-12	5.094560062869891776e-22	9.657846569383522639e-25	1.588000024566968080e-02	6.787498143634465575e-02	2.125018563655472776e-03	4.847288187108738927e-12	2.119999749972739742e-03
1.960000000000000142e+01	8.950328505234363004e-13	8.735945737279627630e-15	2.935695022855251972e-22	1.994981186888939058e-03	5.018804514086839708e-06	6.649230581810061544e-24	1.663078269988188300e-15	4.250548923277457851e-12	3.930559035723256045e-12	4.634950688319391652e-22	8.010834279925773908e-25	1.588000024384119899e-02	6.787498143499466619e-02	2.125018565005448896e-03	4.870788177872315455e-12	2.119999751690003660e-03
1.970000000000000284e+01	8.153457022267381961e-13	7.958161319805198376e-15	2.677174916967043087e-22	1.994981187705970830e-03	5.018804513144157260e-06	6.649230580560754964e-24	1.515009988061150428e-15	3.869291533133845523e-12	3.576450761996530349e-12	4.217385336302674552e-22	6.647884218693661413e-25	1.588000024217558342e-02	6.787498143376372028e-02	2.125018566236341021e-03	4.894288168631286751e-12	2.119999753252448278e-03
1.980000000000000071e+01	7.429481536932533141e-13	7.251526858600423780e-15	2.442303644631581509e-22	1.994981188448280689e-03	5.018804512277013209e-06	6.649230579411560830e-24	1.380486657083675389e-15	3.522910703627433748e-12	3.254735509503185788e-12	3.838017915026207613e-22	5.519717032088442368e-25	1.588000024065789814e-02	6.787498143264097950e-02	2.125018567359043646e-03	4.917788159386024401e-12	2.119999754674232843e-03
1.990000000000000213e+01	6.771733676489760125e-13	6.609533705097225591e-15	2.228917860223516051e-22	1.994981189122794086e-03	5.018804511478727855e-06	6.649230578353623261e-24	1.258269213390475633e-15	3.208216006195283045e-12	2.962450038182616447e-12	3.493354164480010532e-22	4.585636388780280845e-25	1.588000023927463311e-02	6.787498143161652120e-02	2.125018568383453370e-03	4.941288150136864447e-12	2.119999755968226401e-03
2.000000000000000000e+01	6.174155104533752720e-13	6.026268635173559115e-15	2.035052125387651215e-22	1.994981189735083819e-03	5.018804510741418709e-06	6.649230577376500929e-24	1.147231945387490993e-15	2.922308865624652999e-12	2.696902178421386623e-12	3.180219471603035364e-22	3.812017382323836226e-25	1.588000023801348914e-02	6.787498143068136647e-02	2.125018569318559963e-03	4.964788140884106581e-12	2.119999757146117519e-03
2.010000000000000142e+01	5.631241661532632766e-13	5.496359327664489884e-15	1.858920787177978734e-22	1.994981190290962079e-03	5.018804510059812143e-06	6.649230576473204050e-24	1.046352114193661631e-15	2.662555861458644183e-12	2.455646034243193308e-12	2.895729629809315726e-22	3.171087372717985385e-25	1.588000023686328421e-02	6.787498142982734128e-02	2.125018570172534840e-03	4.988288131628035146e-12	2.119999758218529644e-03
2.020000000000000284e+01	5.137992709301252537e-13	5.014924922160935108e-15	1.698901544451132863e-22	1.994981190797205997e-03	5.018804509432872237e-06	6.649230575642352888e-24	9.547005412360180454e-16	2.426564472609420030e-12	2.236459454618455140e-12	2.637264273110862679e-22	2.639895720501295912e-25	1.588000023581386672e-02	6.787498142904709042e-02	2.125018570952802617e-03	5.011788122368901365e-12	2.119999759195110439e-03
2.030000000000000071e+01	4.689865052236672807e-13	4.577531043945864759e-15	1.553520499047596544e-22	1.994981191256801466e-03	5.018804508851694980e-06	6.649230574872152826e-24	8.714330462622707175e-16	2.212161040299755887e-12	2.037323565858621155e-12	2.402442740661698097e-22	2.199482812856273852e-25	1.588000023485604609e-02	6.787498142833381376e-02	2.125018571666100094e-03	5.035288113106937883e-12	2.119999760084625897e-03
2.040000000000000213e+01	4.282731093615768734e-13	4.180148962552460516e-15	1.421438580906993157e-22	1.994981191674671198e-03	5.018804508313741814e-06	6.649230574159236073e-24	7.957826722787340786e-16	2.017370747558033529e-12	1.856404176286281638e-12	2.189102149099489306e-22	1.834177752888387035e-25	1.588000023398142280e-02	6.787498142768143283e-02	2.125018572318558216e-03	5.058788103842357958e-12	2.119999760895041000e-03
2.050000000000000000e+01	3.912840828131869365e-13	3.819118494673953431e-15	1.301439217731418050e-22	1.994981192054279869e-03	5.018804507814170252e-06	6.649230573497191778e-24	7.270526233074913071e-16	1.840399428471784654e-12	1.692034881857607782e-12	1.995277470656443455e-22	1.531031920421061624e-25	1.588000023318238488e-02	6.787498142708431326e-02	2.125018572915740676e-03	5.082288094575349805e-12	2.119999761633592147e-03
2.060000000000000142e+01	3.576787287613133002e-13	3.491114277542972076e-15	1.192417124926036999e-22	1.994981192399146366e-03	5.018804507349521011e-06	6.649230572881425225e-24	6.646098437862499281e-16	1.679617044342571487e-12	1.542701717456494563e-12	1.819183433923933877e-22	1.279340178789780333e-25	1.588000023245201425e-02	6.787498142653740352e-02	2.125018573462702891e-03	5.105788085306084678e-12	2.119999762306851339e-03
2.070000000000000284e+01	3.271475156917469264e-13	3.193115136553865666e-15	1.093368124004605163e-22	1.994981192712117369e-03	5.018804506915759674e-06	6.649230572306598202e-24	6.078791870250056261e-16	1.533542667767644740e-12	1.407029212077607029e-12	1.659198080089085162e-22	1.070254688030281698e-25	1.588000023178402775e-02	6.787498142603611007e-02	2.125018573964038843e-03	5.129288076034716863e-12	2.119999762920792962e-03
2.080000000000000071e+01	2.994092286181622562e-13	2.922376279864339835e-15	1.003379900626848046e-22	1.994981192996589468e-03	5.018804506511267560e-06	6.649230571770562492e-24	5.563381218400344570e-16	1.400830843431038148e-12	1.283767719576310808e-12	1.513847823329303499e-22	8.964584862361913679e-26	1.588000023117273896e-02	6.787498142557625569e-02	2.125018574423922710e-03	5.152788066761390149e-12	2.119999763480843232e-03
2.090000000000000213e+01	2.742083774655297241e-13	2.676404002986314538e-15	9.216235969064057253e-23	1.994981193255347760e-03	5.018804506133810197e-06	6.649230571270358789e-24	5.095119170193254751e-16	1.280259195619351018e-12	1.171781908629267671e-12	1.381793878141814933e-22	7.519021504569825810e-26	1.588000023061296104e-02	6.787498142515403787e-02	2.125018574846148332e-03	5.176288057486232975e-12	2.119999763991932233e-03
2.100000000000000000e+01	2.514121335537246677e-13	2.453901834907409781e-15	8.476682916061369633e-23	1.994981193489175908e-03	5.018804505780561883e-06	6.649230570802237266e-24	4.671537609386699511e-16	1.171192217882899289e-12	1.070481526822770402e-12	1.262340217419403331e-22	6.320979994903155403e-26	1.588000023010197048e-02	6.787498142476748597e-02	2.125018575232684621e-03	5.199788048209286538e-12	2.119999764456621718e-03
2.110000000000000142e+01	2.306970828472219450e-13	2.251713101025424408e-15	7.804647687298333147e-23	1.994981193701442310e-03	5.018804505448310668e-06	6.649230570361941163e-24	4.286627115189342224e-16	1.072082558153865710e-12	9.784294082920879631e-13	1.153792131620995157e-22	5.322343399578501485e-26	1.588000022963323085e-02	6.787498142441185378e-02	2.125018575588331991e-03	5.223288038930738247e-12	2.119999764881153655e-03
2.120000000000000284e+01	2.118683349913017678e-13	2.067935578908405676e-15	7.193807672891345228e-23	1.994981193894767267e-03	5.018804505136596614e-06	6.649230569948868040e-24	3.936766390992338337e-16	9.819977778559016332e-13	8.947595127253286007e-13	1.055128383869234668e-22	4.488937838252861495e-26	1.588000022920275228e-02	6.787498142408422697e-02	2.125018575915984826e-03	5.246788029650689075e-12	2.119999765269287191e-03
2.130000000000000071e+01	1.947541241737508607e-13	1.900892752643372618e-15	6.638590466636062758e-23	1.994981194070046329e-03	5.018804504841464925e-06	6.649230569557770784e-24	3.618763821930665831e-16	9.001160756394002754e-13	8.187085588184736801e-13	9.654489109630881178e-23	3.793073192279084825e-26	1.588000022880708614e-02	6.787498142378201038e-02	2.125018576218188834e-03	5.270288020369220610e-12	2.119999765624337382e-03
2.140000000000000213e+01	1.791983252601966957e-13	1.749060766762330770e-15	6.133931075353332122e-23	1.994981194229553285e-03	5.018804504562990138e-06	6.649230569188750781e-24	3.329718415698759764e-16	8.256904829397782916e-13	7.495827692870485331e-13	8.839356090126580889e-23	3.211284998474584816e-26	1.588000022844305442e-02	6.787498142350294195e-02	2.125018576497265076e-03	5.293788011086414438e-12	2.119999765949316575e-03
2.150000000000000000e+01	1.650590302852199591e-13	1.611054532119453884e-15	5.675225737581846746e-23	1.994981194375236230e-03	5.018804504300941861e-06	6.649230568841499464e-24	3.066993352047520088e-16	7.580420499994741679e-13	6.867515418864099008e-13	8.098448702924677252e-23	2.724555034997684065e-26	1.588000022810776013e-02	6.787498142324488448e-02	2.125018576755319070e-03	5.317288001802350532e-12	2.119999766246963898e-03
2.160000000000000142e+01	1.522072527956419583e-13	1.485615079665981470e-15	5.258289890035137431e-23	1.994981194506859241e-03	5.018804504050070184e-06	6.649230568509062315e-24	2.828191907928032144e-16	6.965536517565700146e-13	6.296416967294848757e-13	7.425007996616334049e-23	2.316760082018506110e-26	1.588000022779861506e-02	6.787498142300595061e-02	2.125018576994262918e-03	5.340787992517086245e-12	2.119999766519767813e-03
2.170000000000000284e+01	1.405257522756022674e-13	1.371598086280643885e-15	4.879320029739677751e-23	1.994981194627097696e-03	5.018804503812858607e-06	6.649230568194729248e-24	2.611135613898984335e-16	6.406643584124244117e-13	5.777322474191232718e-13	6.812890486729179212e-23	1.974821525880030962e-26	1.588000022751320101e-02	6.787498142278437785e-02	2.125018577215839581e-03	5.364287983230683777e-12	2.119999766769991266e-03
2.180000000000000071e+01	1.299079637431393534e-13	1.267963427123749214e-15	4.534858988132224670e-23	1.994981194735955931e-03	5.018804503585477694e-06	6.649230567893425067e-24	2.413844364746895553e-16	5.898643180773650813e-13	5.305496483505878191e-13	6.256512111779334898e-23	1.687645651170862087e-26	1.588000022724938426e-02	6.787498142257861189e-02	2.125018577421627225e-03	5.387787973943198865e-12	2.119999766999689037e-03
2.190000000000000213e+01	1.202570260632126257e-13	1.173765691510785708e-15	4.221764407706335195e-23	1.994981194834734121e-03	5.018804503367693665e-06	6.649230567604839734e-24	2.234518364376265992e-16	5.436901057124686539e-13	4.876634747451704634e-13	5.750797292132301614e-23	1.446224936202114280e-26	1.588000022700519417e-02	6.787498142238716781e-02	2.125018577613063068e-03	5.411287964654670284e-12	2.119999767210730291e-03
2.200000000000000000e+01	1.114848982239459457e-13	1.088145557348720492e-15	3.937180072350121821e-23	1.994981194924812674e-03	5.018804503159785193e-06	6.649230567329345001e-24	2.071521705161813982e-16	5.017204955618736895e-13	4.486824961027024374e-13	5.291132628055192985e-23	1.242914017683368836e-26	1.588000022677884399e-02	6.787498142220878272e-02	2.125018577791458994e-03	5.434787955365151348e-12	2.119999767404814189e-03
2.210000000000000142e+01	1.035115562504830554e-13	1.010321952633808224e-15	3.678509853720249457e-23	1.994981195006518149e-03	5.018804502959691447e-06	6.649230567064203434e-24	1.923367445644467016e-16	4.635726185265416912e-13	4.132511071872467911e-13	4.873324813813497271e-23	1.071498154180662527e-26	1.588000022656869958e-02	6.787498142204222151e-02	2.125018577957997219e-03	5.458287946074678408e-12	2.119999767583485070e-03
2.220000000000000284e+01	9.626426314345650831e-14	9.395849297042322576e-16	3.443394026672136152e-23	1.994981195081391850e-03	5.018804502768652483e-06	6.649230566811065133e-24	1.788704045112135855e-16	4.288984693693385031e-13	3.810460840102465587e-13	4.493562384143167038e-23	9.266984217351031487e-27	1.588000022637329339e-02	6.787498142188644334e-02	2.125018578113762810e-03	5.481787936783289430e-12	2.119999767748145022e-03
2.230000000000000071e+01	8.967690511160959149e-14	8.752891865552356444e-16	3.229687735396611588e-23	1.994981195149275483e-03	5.018804502583887492e-06	6.649230566566243456e-24	1.666303030005572686e-16	3.973817320796538329e-13	3.517736352215177792e-13	4.148380944174794022e-23	8.042178878422079614e-27	1.588000022619127580e-02	6.787498142174050453e-02	2.125018578259733285e-03	5.505287927491022380e-12	2.119999767900072538e-03
2.240000000000000213e+01	8.368938883920967250e-14	8.168481838827557080e-16	3.035441439640739493e-23	1.994981195210497778e-03	5.018804502404048845e-06	6.649230566327948710e-24	1.555047794423640028e-16	3.687348941828187545e-13	3.251667219653650317e-13	3.834631565120376230e-23	7.004033838438530262e-27	1.588000022602143249e-02	6.787498142160343362e-02	2.125018578396799859e-03	5.528787918197902301e-12	2.119999768040425111e-03
2.250000000000000000e+01	7.824709301928446276e-14	7.637287917873159488e-16	2.858883121413978211e-23	1.994981195266596567e-03	5.018804502231034742e-06	6.649230566098699394e-24	1.453923408952916319e-16	3.426966239682908671e-13	3.009826218160339421e-13	3.549452058133451662e-23	6.122765625840173006e-27	1.588000022586265325e-02	6.787498142147446734e-02	2.125018578525774814e-03	5.552287908903955848e-12	2.119999768170257887e-03
2.260000000000000142e+01	7.330037008685041478e-14	7.154464264536448098e-16	2.698402120275817929e-23	1.994981195317168093e-03	5.018804502062028799e-06	6.649230565874763312e-24	1.362007362273247257e-16	3.190293864872712292e-13	2.790007145425311059e-13	3.290240863993500134e-23	5.373026185588671375e-27	1.588000022571393541e-02	6.787498142135285628e-02	2.125018578647393675e-03	5.575787899609209680e-12	2.119999768290526700e-03
2.270000000000000284e+01	6.880409346153396127e-14	6.715606310236211730e-16	2.552534445034895080e-23	1.994981195363025941e-03	5.018804501897451145e-06	6.649230565656697355e-24	1.278461148382444719e-16	2.975172766010867048e-13	2.590204694864943331e-13	3.054633320219827329e-23	4.734111162726079368e-27	1.588000022557435262e-02	6.787498142123793432e-02	2.125018578762327345e-03	5.599287890313688030e-12	2.119999768402104981e-03
2.280000000000000071e+01	6.471724568113749148e-14	6.316710555842353903e-16	2.419949412026502152e-23	1.994981195404899130e-03	5.018804501737643132e-06	6.649230565444951149e-24	1.202522613623833863e-16	2.779640494139354924e-13	2.408596162226914845e-13	2.840480089450052287e-23	4.188377811314296772e-27	1.588000022544308956e-02	6.787498142112904920e-02	2.125018578871184713e-03	5.622787881017413517e-12	2.119999768505782898e-03
2.290000000000000213e+01	6.100254434147606432e-14	5.954138061627341859e-16	2.299437509897039310e-23	1.994981195443923470e-03	5.018804501584122646e-06	6.649230565241534791e-24	1.133499006199632474e-16	2.601913299567511619e-13	2.243524817819700471e-13	2.645827551935067772e-23	3.721384054798540616e-27	1.588000022531938643e-02	6.787498142102575682e-02	2.125018578974521757e-03	5.646287871720398257e-12	2.119999768602280361e-03
2.300000000000000000e+01	5.762610198792219657e-14	5.624581251065442589e-16	2.189899365844952256e-23	1.994981195477426184e-03	5.018804501428946210e-06	6.649230565035932012e-24	1.070760656547802633e-16	2.440369860470672161e-13	2.093484793001527281e-13	2.468899983649448478e-23	3.320805801050772922e-27	1.588000022520254240e-02	6.787498142092741882e-02	2.125018579072833307e-03	5.669787862422660021e-12	2.119999768692251794e-03
2.310000000000000142e+01	5.455711689734092806e-14	5.325033729680929618e-16	2.090335714006518455e-23	1.994981195509622218e-03	5.018804501281584500e-06	6.649230564840680931e-24	1.013735231699449953e-16	2.293536491559650916e-13	1.957107342825609267e-13	2.308083357166830853e-23	2.976529266884717163e-27	1.588000022509193643e-02	6.787498142083364661e-02	2.125018579166586003e-03	5.693287853124222237e-12	2.119999768776289172e-03
2.320000000000000284e+01	5.176759214789886222e-14	5.052762864927047686e-16	1.999838281549457387e-23	1.994981195537433305e-03	5.018804501133306300e-06	6.649230564644216152e-24	9.619025152588177459e-17	2.160073700840170306e-13	1.833148359653015971e-13	2.161910617682768955e-23	2.679909650677474815e-27	1.588000022498699607e-02	6.787498142074406549e-02	2.125018579256187506e-03	5.716787843825085710e-12	2.119999768854934161e-03
2.330000000000000071e+01	4.923208024428072514e-14	4.805284860394219797e-16	1.917581503836721402e-23	1.994981195565073522e-03	5.018804500993770328e-06	6.649230564459338809e-24	9.147896622334290915e-17	2.038763969523737250e-13	1.720477023656342590e-13	2.029048299661325902e-23	2.423832032596628506e-27	1.588000022488721477e-02	6.787498142065827300e-02	2.125018579342025527e-03	5.740287834525278716e-12	2.119999768928678991e-03
2.340000000000000213e+01	4.692745084439918064e-14	4.580342084833636348e-16	1.842814989041110040e-23	1.994981195587196884e-03	5.018804500848711701e-06	6.649230564267142544e-24	8.719668831177141952e-17	1.928500645786565045e-13	1.618065486971320427e-13	1.908284362357975175e-23	2.202203426137404716e-27	1.588000022479212070e-02	6.787498142057581119e-02	2.125018579424428362e-03	5.763787825224805291e-12	2.119999768997968617e-03
2.350000000000000000e+01	4.483267993859809658e-14	4.375882495046196055e-16	1.774856678725170899e-23	1.994981195609311572e-03	5.018804500711207760e-06	6.649230564084954144e-24	8.330435265896435743e-17	1.828277848602994012e-13	1.524979497003675399e-13	1.798517132804481838e-23	2.009992607381978815e-27	1.588000022470128017e-02	6.787498142049648575e-02	2.125018579503722138e-03	5.787287815923671899e-12	2.119999769063207664e-03
2.360000000000000142e+01	4.292865786797106561e-14	4.190040897558502200e-16	1.713086619591218079e-23	1.994981195629557096e-03	5.018804500575897635e-06	6.649230563905676562e-24	7.976645122608052740e-17	1.737181292807882798e-13	1.440369873854753830e-13	1.698745255963398803e-23	1.842881804603727048e-27	1.588000022461432195e-02	6.787498142042003302e-02	2.125018579580185713e-03	5.810787806621906813e-12	2.119999769124766929e-03
2.370000000000000284e+01	4.119801518884500323e-14	4.021121952169383163e-16	1.656941314198648519e-23	1.994981195645987963e-03	5.018804500437274764e-06	6.649230563722011447e-24	7.655070950295476915e-17	1.654379946826375608e-13	1.363464763510490078e-13	1.608058559674134336e-23	1.697292438998956960e-27	1.588000022453087828e-02	6.787498142034620319e-02	2.125018579654069754e-03	5.834287797319491453e-12	2.119999769182979044e-03
2.380000000000000071e+01	3.962496400327393225e-14	3.867584685052440485e-16	1.605908573427487353e-23	1.994981195662413626e-03	5.018804500304326166e-06	6.649230563545865088e-24	7.362779168112478957e-17	1.579118452690904213e-13	1.293562596625407871e-13	1.525629751628327636e-23	1.570146057370836930e-27	1.588000022445063691e-02	6.787498142027470482e-02	2.125018579725619725e-03	5.857787788016440359e-12	2.119999769238151924e-03
2.390000000000000213e+01	3.819515415182587286e-14	3.728028452489017812e-16	1.559522851100231041e-23	1.994981195678834085e-03	5.018804500176529223e-06	6.649230563376543943e-24	7.097103344277157169e-17	1.510710235083421999e-13	1.230025688416073493e-13	1.450706872353728556e-23	1.458880710400079436e-27	1.588000022437329947e-02	6.787498142020526037e-02	2.125018579795046828e-03	5.881287778712785036e-12	2.119999769290559655e-03
2.400000000000000000e+01	3.689554211089994712e-14	3.601180144623643089e-16	1.517360990764125581e-23	1.994981195691684916e-03	5.018804500044470011e-06	6.649230563201576017e-24	6.855619835621032957e-17	1.448531238083676387e-13	1.172274421451892967e-13	1.382606435541958274e-23	1.361286682756563272e-27	1.588000022429859534e-02	6.787498142013771718e-02	2.125018579862536679e-03	5.904787769408525483e-12	2.119999769340456374e-03
2.410000000000000142e+01	3.571427211065452346e-14	3.485882582009180787e-16	1.479038368934415124e-23	1.994981195702425891e-03	5.018804499911389276e-06	6.649230563025256272e-24	6.636125697873581601e-17	1.392014231436993368e-13	1.119781957940370157e-13	1.320707192764917613e-23	1.275516678954515058e-27	1.588000022422630247e-02	6.787498142007196422e-02	2.125018579928266652e-03	5.928287760103635851e-12	2.119999769388068896e-03
2.420000000000000284e+01	3.464056801423877833e-14	3.381083962506263343e-16	1.444205387452425935e-23	1.994981195713162528e-03	5.018804499782179482e-06	6.649230562854066091e-24	6.436618595526271457e-17	1.340643636919422517e-13	1.072069433644814111e-13	1.264444466131485216e-23	1.199972812304885681e-27	1.588000022415619536e-02	6.787498142000780721e-02	2.125018579992404150e-03	5.951787750798137143e-12	2.119999769433606254e-03
2.430000000000000071e+01	3.366463490129261527e-14	3.285828255365462008e-16	1.412544280668662215e-23	1.994981195723896129e-03	5.018804499656492498e-06	6.649230562687542623e-24	6.255278514866389911e-17	1.293950824642242190e-13	1.028701589511068533e-13	1.213304997088200011e-23	1.133312725774862604e-27	1.588000022408806930e-02	6.787498141994513512e-02	2.125018580055092286e-03	5.975287741492042283e-12	2.119999769477256234e-03
2.440000000000000213e+01	3.277756981045836042e-14	3.199246489272469688e-16	1.383766219762241408e-23	1.994981195734625394e-03	5.018804499533998829e-06	6.649230562525252403e-24	6.090451178864649275e-17	1.251509837995195978e-13	9.892828009764651067e-14	1.166822264172947907e-23	1.074371717338501717e-27	1.588000022402175082e-02	6.787498141988376754e-02	2.125018580116464200e-03	5.998787732185368235e-12	2.119999769519193174e-03
2.450000000000000000e+01	3.197128050046854692e-14	3.120548823044420923e-16	1.357608677197701896e-23	1.994981195745352057e-03	5.018804499414415564e-06	6.649230562366814867e-24	5.940632952010742173e-17	1.212933507976995011e-13	9.534534689073152219e-14	1.124572227198988416e-23	1.022166246118771108e-27	1.588000022395706645e-02	6.787498141982360733e-02	2.125018580176640023e-03	6.022287722878126308e-12	2.119999769559571898e-03
2.460000000000000142e+01	3.123841149307290514e-14	3.049017327068285003e-16	1.333833027417618112e-23	1.994981195751378052e-03	5.018804499285686885e-06	6.649230562196262391e-24	5.804457098202172472e-17	1.177869920871981675e-13	9.208867391687281737e-14	1.086169458960253813e-23	9.758401509285056956e-28	1.588000022389387741e-02	6.787498141976457122e-02	2.125018580235715597e-03	6.045787713570302770e-12	2.119999769598532053e-03
2.470000000000000284e+01	3.057227718383749866e-14	2.983999454597174561e-16	1.312222376833155499e-23	1.994981195756430434e-03	5.018804499156923478e-06	6.649230562025664365e-24	5.680681351927802943e-17	1.145999207651345699e-13	8.912855207146522228e-14	1.051263628961004517e-23	9.346665002052744554e-28	1.588000022383204840e-02	6.787498141970653431e-02	2.125018580293800211e-03	6.069287704261876618e-12	2.119999769636205476e-03
2.480000000000000071e+01	2.996680075496494618e-14	2.924902079351430788e-16	1.292579582039195636e-23	1.994981195761478480e-03	5.018804499030339486e-06	6.649230561857956586e-24	5.568176567537188940e-17	1.117030626645074951e-13	8.643797754343595319e-14	1.019536307593680448e-23	8.980103749518989017e-28	1.588000022377143369e-02	6.787498141964941334e-02	2.125018580350985804e-03	6.092787694952853506e-12	2.119999769672707094e-03
2.490000000000000213e+01	2.941645872394332889e-14	2.871186083203412118e-16	1.274725450868449651e-23	1.994981195766526525e-03	5.018804498905746021e-06	6.649230561692884853e-24	5.465916415714371023e-17	1.090699911050021490e-13	8.399240547737313702e-14	9.906980613162272995e-24	8.653296601641926915e-28	1.588000022371193962e-02	6.787498141959311115e-02	2.125018580407354342e-03	6.116287685643242321e-12	2.119999769708146194e-03
2.500000000000000000e+01	2.891623058427784596e-14	2.822361440873698074e-16	1.258497108642170592e-23	1.994981195771570667e-03	5.018804498782949961e-06	6.649230561530193497e-24	5.372968026121566767e-17	1.066766858098553117e-13	8.176952606191086251e-14	9.644858122815021746e-24	8.361492290239475194e-28	1.588000022365347597e-02	6.787498141953750286e-02	2.125018580462979551e-03	6.139787676333050332e-12	2.119999769742617318e-03
2.510000000000000142e+01	2.846155298338554551e-14	2.777982747475974579e-16	1.243746511614827548e-23	1.994981195776614376e-03	5.018804498661791215e-06	6.649230561369670927e-24	5.288483473102307150e-17	1.045013137753312275e-13	7.974906100780100095e-14	9.406604384011197078e-24	8.100611014557460186e-28	1.588000022359592825e-02	6.787498141948250518e-02	2.125018580517930820e-03	6.163287667022288041e-12	2.119999769776210238e-03
2.520000000000000284e+01	2.804827811443921399e-14	2.737645157363376201e-16	1.230339097127218171e-23	1.994981195781656783e-03	5.018804498542121553e-06	6.649230561211124657e-24	5.211692044386835616e-17	1.025240301016844310e-13	7.791257855748586466e-14	9.190045919342809060e-24	7.867064770500562596e-28	1.588000022353920626e-02	6.787498141942810426e-02	2.125018580572268431e-03	6.186787657710960294e-12	2.119999769809004751e-03
2.530000000000000071e+01	2.767263586060560763e-14	2.700980689226347579e-16	1.218152555494320582e-23	1.994981195786696155e-03	5.018804498423803756e-06	6.649230561054366608e-24	5.141893207037452451e-17	1.007267969551542100e-13	7.624332534104437255e-14	8.993207167285085263e-24	7.657755284965730580e-28	1.588000022348325796e-02	6.787498141937427232e-02	2.125018580626048328e-03	6.210287648399075978e-12	2.119999769841072416e-03
2.540000000000000213e+01	2.733119941626738213e-14	2.667654870560596686e-16	1.207075714693029512e-23	1.994981195791735527e-03	5.018804498306719239e-06	6.649230560899245434e-24	5.078450219459059541e-17	9.909321901944296475e-14	7.472607354249804872e-14	8.814292460012997104e-24	7.469948518656376088e-28	1.588000022342801396e-02	6.787498141932095386e-02	2.125018580679321686e-03	6.233787639086641554e-12	2.119999769872480018e-03
2.550000000000000000e+01	2.702085401408127023e-14	2.637363685279452055e-16	1.197007525809075509e-23	1.994981195796775332e-03	5.018804498190757887e-06	6.649230560745609792e-24	5.020784320511427937e-17	9.760839392727727236e-14	7.334698198385166244e-14	8.651669642394085015e-24	7.301270656353864719e-28	1.588000022337340139e-02	6.787498141926810724e-02	2.125018580732134042e-03	6.257287629773659446e-12	2.119999769903287406e-03
2.560000000000000142e+01	2.673876852017812074e-14	2.609830801270469760e-16	1.187856141531855607e-23	1.994981195801811668e-03	5.018804498075808740e-06	6.649230560593317152e-24	4.968369451556556042e-17	9.625877631456477762e-14	7.209346985819660285e-14	8.503855182567168863e-24	7.149620084031518655e-28	1.588000022331937516e-02	6.787498141921567696e-02	2.125018580784528762e-03	6.280787620460136925e-12	2.119999769933549657e-03
2.570000000000000284e+01	2.648236959891201932e-14	2.584805048752232272e-16	1.179538078010276809e-23	1.994981195806846703e-03	5.018804497961781165e-06	6.649230560442245557e-24	4.920727455959126404e-17	9.503205425120033165e-14	7.095410196112146026e-14	8.369500638399942659e-24	7.013162504003689468e-28	1.588000022326583466e-02	6.787498141916362138e-02	2.125018580836542277e-03	6.304287611146078836e-12	2.119999769963316211e-03
2.580000000000000071e+01	2.624931824428625507e-14	2.562058129630073051e-16	1.171977453488053315e-23	1.994981195811881738e-03	5.018804497848599775e-06	6.649230560292296559e-24	4.877423718343914426e-17	9.391703692607781582e-14	6.991848437249325497e-14	8.247380356260424635e-24	6.890268901434735987e-28	1.588000022321277641e-02	6.787498141911194049e-02	2.125018580888210148e-03	6.327787601831488411e-12	2.119999769992632604e-03
2.590000000000000213e+01	2.603748843671234928e-14	2.541382534294369963e-16	1.165105295888771148e-23	1.994981195816755877e-03	5.018804497735778375e-06	6.649230560142820697e-24	4.838063198765535862e-17	9.290355255777349831e-14	6.897716963775092431e-14	8.136380289970324050e-24	6.779510435533864391e-28	1.588000022316014836e-02	6.787498141906055105e-02	2.125018580939561866e-03	6.351287592516370497e-12	2.119999770021538735e-03
2.600000000000000000e+01	2.584494775288043176e-14	2.522589649051806152e-16	1.158858913762790025e-23	1.994981195816118366e-03	5.018804497609822035e-06	6.649230559975946050e-24	4.802286829789745801e-17	9.198235560279117450e-14	6.812157058306664527e-14	8.035487837868636947e-24	6.679614484758485602e-28	1.588000022310791931e-02	6.787498141900948079e-02	2.125018580990615646e-03	6.374787583200694397e-12	2.119999770050073635e-03
2.610000000000000142e+01	2.566993973347313607e-14	2.505508035130491123e-16	1.153181324265275072e-23	1.994981195815480855e-03	5.018804497484502663e-06	6.649230559809914819e-24	4.769768240203150758e-17	9.114504241226193205e-14	6.734388197868566159e-14	7.943782605332411064e-24	6.589459693676952086e-28	1.588000022305604761e-02	6.787498141895866033e-02	2.125018581041407915e-03	6.398287573884431032e-12	2.119999770078270264e-03
2.620000000000000284e+01	2.551086786285687389e-14	2.489981865021747557e-16	1.148020733424605522e-23	1.994981195814843344e-03	5.018804497359752498e-06	6.649230559644637375e-24	4.740210778247645314e-17	9.038397456985507488e-14	6.663700933538386937e-14	7.860428008438161347e-24	6.508044638406215689e-28	1.588000022300450204e-02	6.787498141890807579e-02	2.125018581091965564e-03	6.421787564567581209e-12	2.119999770106158546e-03
2.630000000000000071e+01	2.536628100226918748e-14	2.475869500690002857e-16	1.143330063568442944e-23	1.994981195814205834e-03	5.018804497235530881e-06	6.649230559480059350e-24	4.713344804931865969e-17	8.969220920970978026e-14	6.599450418484042354e-14	7.784663642206782254e-24	6.434483234494063488e-28	1.588000022295325483e-02	6.787498141885772718e-02	2.125018581142306805e-03	6.445287555250148158e-12	2.119999770133769272e-03
2.640000000000000213e+01	2.523486015386284752e-14	2.463042201680632741e-16	1.139066523924414219e-23	1.994981195813568323e-03	5.018804497111778520e-06	6.649230559316104336e-24	4.688925234631793473e-17	8.906343568021459650e-14	6.541050525321937728e-14	7.715798343778252173e-24	6.367982248149741909e-28	1.588000022290227825e-02	6.787498141880755897e-02	2.125018581192455059e-03	6.468787545932135920e-12	2.119999770161124127e-03
2.650000000000000000e+01	2.511540642638227428e-14	2.451382950512818131e-16	1.135191220204006963e-23	1.994981195812931245e-03	5.018804496988460687e-06	6.649230559152728254e-24	4.666729298969057411e-17	8.849191797463369680e-14	6.487968499156146995e-14	7.653203887261819414e-24	6.307837161114586877e-28	1.588000022285154800e-02	6.787498141875755731e-02	2.125018581242424202e-03	6.492287536613542878e-12	2.119999770188248263e-03
2.660000000000000142e+01	2.500683009966206629e-14	2.440785385322660390e-16	1.131668799834321783e-23	1.994981195812292434e-03	5.018804496865535878e-06	6.649230558989866450e-24	4.646554514863563810e-17	8.797244240441709578e-14	6.439720097500720890e-14	7.596309252720671775e-24	6.253415911061100533e-28	1.588000022280103979e-02	6.787498141870773605e-02	2.125018581292232884e-03	6.515787527294375495e-12	2.119999770215162064e-03
2.670000000000000284e+01	2.490814068243547706e-14	2.431152829458071447e-16	1.128467129414669891e-23	1.994981195811650586e-03	5.018804496742954964e-06	6.649230558827461620e-24	4.628216837155039136e-17	8.750027003698498761e-14	6.395865172765745009e-14	7.544595417028333138e-24	6.204155242326550690e-28	1.588000022275073281e-02	6.787498141865806744e-02	2.125018581341896282e-03	6.539287517974632962e-12	2.119999770241886780e-03
2.680000000000000071e+01	2.481843787753453734e-14	2.422397409639390333e-16	1.125557001610662112e-23	1.994981195811008738e-03	5.018804496620700157e-06	6.649230558665491723e-24	4.611548979828820757e-17	8.707109346480953068e-14	6.356003656993970018e-14	7.497590619060364167e-24	6.159548856238178021e-28	1.588000022270058889e-02	6.787498141860850986e-02	2.125018581391424806e-03	6.562787508654315281e-12	2.119999770268436723e-03
2.690000000000000213e+01	2.473690336805720389e-14	2.414439254250286099e-16	1.122911868682014128e-23	1.994981195810366890e-03	5.018804496498744354e-06	6.649230558503917086e-24	4.596398889787168883e-17	8.668099751081287526e-14	6.319771912230350413e-14	7.454866056040922229e-24	6.119144237180479015e-28	1.588000022265059416e-02	6.787498141855910494e-02	2.125018581440831465e-03	6.586287499333428105e-12	2.119999770294829673e-03
2.700000000000000000e+01	2.466279335298359772e-14	2.407205764778450579e-16	1.120507600323891019e-23	1.994981195809725043e-03	5.018804496377051130e-06	6.649230558342690689e-24	4.582628359877225907e-17	8.632642351216654497e-14	6.286839413221076536e-14	7.416031971773428338e-24	6.082533943622396736e-28	1.588000022260075556e-02	6.787498141850979716e-02	2.125018581490131439e-03	6.609787490011969820e-12	2.119999770321079943e-03
2.710000000000000142e+01	2.459543176120410098e-14	2.400630953472509349e-16	1.118322263517205482e-23	1.994981195809083195e-03	5.018804496255601005e-06	6.649230558181786083e-24	4.570111767976012353e-17	8.600413685618866849e-14	6.256905732188448575e-14	7.380734101079491665e-24	6.049352877357371857e-28	1.588000022255105573e-02	6.787498141846058652e-02	2.125018581539329932e-03	6.633287480689941232e-12	2.119999770347199240e-03
2.720000000000000284e+01	2.453420408452818252e-14	2.394654841414390415e-16	1.116335922459820944e-23	1.994981195808441347e-03	5.018804496134371956e-06	6.649230558021173882e-24	4.558734931089481596e-17	8.571119747252854114e-14	6.229697798167164201e-14	7.348650438001589413e-24	6.019271826139052014e-28	1.588000022250148427e-02	6.787498141841145916e-02	2.125018581588437785e-03	6.656787471367344765e-12	2.119999770373198842e-03
2.730000000000000071e+01	2.447855177144321533e-14	2.389222911323554247e-16	1.114530456689535401e-23	1.994981195807799500e-03	5.018804496013349582e-06	6.649230557860837922e-24	4.548394063645653518e-17	8.544493301226201769e-14	6.204967405906941868e-14	7.319488298294812883e-24	5.991995133560476669e-28	1.588000022245202730e-02	6.787498141836245669e-02	2.125018581637461938e-03	6.680287462044182035e-12	2.119999770399093927e-03
2.740000000000000213e+01	2.442796713200649744e-14	2.384285610250263596e-16	1.112889395789191144e-23	1.994981195807157652e-03	5.018804495892508474e-06	6.649230557700738530e-24	4.538994830762427597e-17	8.520291446932448880e-14	6.182488951611367870e-14	7.292981649404574746e-24	5.967255867704419477e-28	1.588000022240267095e-02	6.787498141831345422e-02	2.125018581686409763e-03	6.703787452720454657e-12	2.119999770424889698e-03
2.750000000000000000e+01	2.438198870615715822e-14	2.379797897500819252e-16	1.111397769125997837e-23	1.994981195806515804e-03	5.018804495771835925e-06	6.649230557540863952e-24	4.530451487624364134e-17	8.498293402179417880e-14	6.162057374860759056e-14	7.268888683576889567e-24	5.944813845492154760e-28	1.588000022235340480e-02	6.787498141826460440e-02	2.125018581735291668e-03	6.727287443396161016e-12	2.119999770450595698e-03
2.760000000000000142e+01	2.434019705429447783e-14	2.375718833778017075e-16	1.110041969289969332e-23	1.994981195805873957e-03	5.018804495651303137e-06	6.649230557381175983e-24	4.522686097321645572e-17	8.478298489099716128e-14	6.143486287941186792e-14	7.246989611958606524e-24	5.924451984902021689e-28	1.588000022230422886e-02	6.787498141821575459e-02	2.125018581784112858e-03	6.750787434071302727e-12	2.119999770476220166e-03
2.770000000000000284e+01	2.430221093068335466e-14	2.372011207687338926e-16	1.108809627951996681e-23	1.994981195805232109e-03	5.018804495530914344e-06	6.649230557221677562e-24	4.515627819822886845e-17	8.460124303457074760e-14	6.126606275517159947e-14	7.227084659567165929e-24	5.905974638201964769e-28	1.588000022225513272e-02	6.787498141816700192e-02	2.125018581832876802e-03	6.774287424745878982e-12	2.119999770501770908e-03
2.780000000000000071e+01	2.426768380573724735e-14	2.368641196295259859e-16	1.107689503040162919e-23	1.994981195804590261e-03	5.018804495410650065e-06	6.649230557062343711e-24	4.509212265773603790e-17	8.443605050661803081e-14	6.111263349134307847e-14	7.208992242836411807e-24	5.889204812871552887e-28	1.588000022220610943e-02	6.787498141811829089e-02	2.125018581881589139e-03	6.797787415419888975e-12	2.119999770527257466e-03
2.790000000000000213e+01	2.423630070461101789e-14	2.365578056560883110e-16	1.106671376177743554e-23	1.994981195803948414e-03	5.018804495290500135e-06	6.649230556903161205e-24	4.503380909068819398e-17	8.428590033300116563e-14	6.097317542455217287e-14	7.192547313115132240e-24	5.873982771006487010e-28	1.588000022215714166e-02	6.787498141806957985e-02	2.125018581930253336e-03	6.821287406093340782e-12	2.119999770552684175e-03
2.800000000000000000e+01	2.420777533399283203e-14	2.362793844897192866e-16	1.105745959470931459e-23	1.994981195803306566e-03	5.018804495170458626e-06	6.649230556744124166e-24	4.498080552976544748e-17	8.414942276395316155e-14	6.084641634411491212e-14	7.177599851004895217e-24	5.860163893458621697e-28	1.588000022210823634e-02	6.787498141802099372e-02	2.125018581978875901e-03	6.844787396766227941e-12	2.119999770578054506e-03
2.810000000000000142e+01	2.418184747026165998e-14	2.360263162242815411e-16	1.104904810775747960e-23	1.994981195802664718e-03	5.018804495050507749e-06	6.649230556585204677e-24	4.493262844826091199e-17	8.402537277848595462e-14	6.073119988626080609e-14	7.164013497803932388e-24	5.847617506628201547e-28	1.588000022205938652e-02	6.787498141797240758e-02	2.125018582027459434e-03	6.868287387438553684e-12	2.119999770603374963e-03
2.820000000000000284e+01	2.415828058567400361e-14	2.357962922366570614e-16	1.104140256687076369e-23	1.994981195802022871e-03	5.018804494930640729e-06	6.649230556426399798e-24	4.488883834925102448e-17	8.391261872664053111e-14	6.062647498516345742e-14	7.151664311570091051e-24	5.836225227160434723e-28	1.588000022201058528e-02	6.787498141792383533e-02	2.125018582076007839e-03	6.891787378110318010e-12	2.119999770628650752e-03
2.830000000000000071e+01	2.413685969054940136e-14	2.355872141254528327e-16	1.103445322535094899e-23	1.994981195801381023e-03	5.018804494810849941e-06	6.649230556267691898e-24	4.484903575611719244e-17	8.381013200597996935e-14	6.053128628456340001e-14	7.140439636457012271e-24	5.825879981702244337e-28	1.588000022196182567e-02	6.787498141787526307e-02	2.125018582124524585e-03	6.915287368781520920e-12	2.119999770653883172e-03
2.840000000000000213e+01	2.411738937209344804e-14	2.353971745689818876e-16	1.102813668761008540e-23	1.994981195800739175e-03	5.018804494691136234e-06	6.649230556109088322e-24	4.481285756844381367e-17	8.371697767810509007e-14	6.044476542249332692e-14	7.130237075006776649e-24	5.816484713946988105e-28	1.588000022191310770e-02	6.787498141782682959e-02	2.125018582173012274e-03	6.938787359452162413e-12	2.119999770679077862e-03
2.850000000000000000e+01	2.409969201170181887e-14	2.352244399253042336e-16	1.102239533083034688e-23	1.994981195800097327e-03	5.018804494571486901e-06	6.649230555950568501e-24	4.477997374955517708e-17	8.363230593968858680e-14	6.036612310962101690e-14	7.120963554026160633e-24	5.807951567304872378e-28	1.588000022186442442e-02	6.787498141777839611e-02	2.125018582221473076e-03	6.962287350122244913e-12	2.119999770704237858e-03
2.860000000000000142e+01	2.408360616464774835e-14	2.350674344172065829e-16	1.101717677930416807e-23	1.994981195799455480e-03	5.018804494451892625e-06	6.649230555792125087e-24	4.475008431578048008e-17	8.355534437009406043e-14	6.029464192893321074e-14	7.112534475523547784e-24	5.800200867604297857e-28	1.588000022181577583e-02	6.787498141772996263e-02	2.125018582269910892e-03	6.985787340791765996e-12	2.119999770729366195e-03
2.870000000000000284e+01	2.406898508727054753e-14	2.349247257568630961e-16	1.101243342662646374e-23	1.994981195798813632e-03	5.018804494332341548e-06	6.649230555633736039e-24	4.472291659979335114e-17	8.348539088493651737e-14	6.022966979107388306e-14	7.104872944960832108e-24	5.793160442722564082e-28	1.588000022176716194e-02	6.787498141768152915e-02	2.125018582318330060e-03	7.009287331460728087e-12	2.119999770754465909e-03
2.880000000000000071e+01	2.405569539834665407e-14	2.347950120801809958e-16	1.100812200141822523e-23	1.994981195798171784e-03	5.018804494212837904e-06	6.649230555475411644e-24	4.469822276327869456e-17	8.342180733133318822e-14	6.017061398564075052e-14	7.097909069780811173e-24	5.786764816895540258e-28	1.588000022171856887e-02	6.787498141763309567e-02	2.125018582366729279e-03	7.032787322129130376e-12	2.119999770779540035e-03
2.890000000000000213e+01	2.404361586223710535e-14	2.346771100697416907e-16	1.100420317255666001e-23	1.994981195797529937e-03	5.018804494093376613e-06	6.649230555317141615e-24	4.467577753587471478e-17	8.336401366627813141e-14	6.011693577416498500e-14	7.091579321810016555e-24	5.780954645096525338e-28	1.588000022167000008e-02	6.787498141758464831e-02	2.125018582415110283e-03	7.056287312796973672e-12	2.119999770804592044e-03
2.900000000000000000e+01	2.403263628300181281e-14	2.345699441608314563e-16	1.100064119040504116e-23	1.994981195796888089e-03	5.018804493973960214e-06	6.649230555158930361e-24	4.465537616030459387e-17	8.331148266522590229e-14	6.006814547544966342e-14	7.085825957720623790e-24	5.775676071148270183e-28	1.588000022162145905e-02	6.787498141753628422e-02	2.125018582463474373e-03	7.079787303464255552e-12	2.119999770829625839e-03
2.910000000000000142e+01	2.402265649909376565e-14	2.344725367291783010e-16	1.099740356067258291e-23	1.994981195796246241e-03	5.018804493854582778e-06	6.649230555000770535e-24	4.463683252439756955e-17	8.326373511244420156e-14	6.002379799843882889e-14	7.080596492265246698e-24	5.770880258050758676e-28	1.588000022157293536e-02	6.787498141748798952e-02	2.125018582511824586e-03	7.103287294130979246e-12	2.119999770854639684e-03
2.920000000000000284e+01	2.401358546959912279e-14	2.343839991722225096e-16	1.099446074797355709e-23	1.994981195795604394e-03	5.018804493735239224e-06	6.649230554842659198e-24	4.461997746321360027e-17	8.322033542937309749e-14	5.998348878186252604e-14	7.075843219478893942e-24	5.766522873813616563e-28	1.588000022152442903e-02	6.787498141743969482e-02	2.125018582560160487e-03	7.126787284797146371e-12	2.119999770879635315e-03
2.930000000000000071e+01	2.400534044377777245e-14	2.343035238034369818e-16	1.099178590641058837e-23	1.994981195794962546e-03	5.018804493615923622e-06	6.649230554684583126e-24	4.460465721594996620e-17	8.318088770101728330e-14	5.994685010360910355e-14	7.071522777479230819e-24	5.762563701845572306e-28	1.588000022147594004e-02	6.787498141739140012e-02	2.125018582608484245e-03	7.150287275462752887e-12	2.119999770904615766e-03
2.940000000000000213e+01	2.399784620611953635e-14	2.342303764837182788e-16	1.098935463465671515e-23	1.994981195794320698e-03	5.018804493496634278e-06	6.649230554526540849e-24	4.459073202316520951e-17	8.314503206423172055e-14	5.991354772617210362e-14	7.067595752896843403e-24	5.758966227207100313e-28	1.588000022142747186e-02	6.787498141734310542e-02	2.125018582656797161e-03	7.173787266127801217e-12	2.119999770929581473e-03
2.950000000000000000e+01	2.399103439018859343e-14	2.341638899241811313e-16	1.098714475335356430e-23	1.994981195793678851e-03	5.018804493377369498e-06	6.649230554368532368e-24	4.457807485181961257e-17	8.311244142482990284e-14	5.988327784755641289e-14	7.064026321325344416e-24	5.755697313589182143e-28	1.588000022137900369e-02	6.787498141729481071e-02	2.125018582705099236e-03	7.197287256792290555e-12	2.119999770954533302e-03
2.960000000000000142e+01	2.398484285500543578e-14	2.341034575993513279e-16	1.098513610279797495e-23	1.994981195793037003e-03	5.018804493258126741e-06	6.649230554210551804e-24	4.456657023651829557e-17	8.308281847367398719e-14	5.985576432983348782e-14	7.060781920511917880e-24	5.752726869077392254e-28	1.588000022133056674e-02	6.787498141724651601e-02	2.125018582753392636e-03	7.220787247456221707e-12	2.119999770979473421e-03
2.970000000000000284e+01	2.397921511807176053e-14	2.340485282132181628e-16	1.098331035900455104e-23	1.994981195792395155e-03	5.018804493138904312e-06	6.649230554052600629e-24	4.455611322600315000e-17	8.305589297445560098e-14	5.983075618006702977e-14	7.057832953307442809e-24	5.750027578478488578e-28	1.588000022128213326e-02	6.787498141719822131e-02	2.125018582801676929e-03	7.244287238119594673e-12	2.119999771004402265e-03
2.980000000000000071e+01	2.397409984019145776e-14	2.339986006708434796e-16	1.098165086657192905e-23	1.994981195791753308e-03	5.018804493019698824e-06	6.649230553894671493e-24	4.454660842588866845e-17	8.303141929846213213e-14	5.980802526061955731e-14	7.055152517665301766e-24	5.747574632351435196e-28	1.588000022123369978e-02	6.787498141714992661e-02	2.125018582849953850e-03	7.267787228782409455e-12	2.119999771029321134e-03
2.990000000000000213e+01	2.396945035708653370e-14	2.339532195067106301e-16	1.098014248673016735e-23	1.994981195791111460e-03	5.018804492900510277e-06	6.649230553736762929e-24	4.453796912834809407e-17	8.300917418381020910e-14	5.978736420796022946e-14	7.052716161226655851e-24	5.745345505362586616e-28	1.588000022118529059e-02	6.787498141710163191e-02	2.125018582898223832e-03	7.291287219444673321e-12	2.119999771054231329e-03
3.000000000000000000e+01	2.396522425370354829e-14	2.339119707297525721e-16	1.097877145923772195e-23	1.994981195790469612e-03	5.018804492781337824e-06	6.649230553578873466e-24	4.453011652112357698e-17	8.298895469874999983e-14	5.976858454098533123e-14	7.050501658253147141e-24	5.743319735901541134e-28	1.588000022113689180e-02	6.787498141705333721e-02	2.125018582946487308e-03	7.314787210106379001e-12	2.119999771079132851e-03
3.010000000000000142e+01	2.396138297727464642e-14	2.338744780466438014e-16	1.097752527685118052e-23	1.994981195789827765e-03	5.018804492662178076e-06	6.649230553421004575e-24	4.452297896854727653e-17	8.297057639039444703e-14	5.975151494159277289e-14	7.048488806871818766e-24	5.741478742624190693e-28	1.588000022108848955e-02	6.787498141700504251e-02	2.125018582994745147e-03	7.338287200767528920e-12	2.119999771104027000e-03
3.020000000000000284e+01	2.395789148563545252e-14	2.338403994292162372e-16	1.097639257123296360e-23	1.994981195789185917e-03	5.018804492543031033e-06	6.649230553263151847e-24	4.451649135807376877e-17	8.295387160205115158e-14	5.973599969182683662e-14	7.046659244782820931e-24	5.739805644783452240e-28	1.588000022104009076e-02	6.787498141695674780e-02	2.125018583042997782e-03	7.361787191428118230e-12	2.119999771128914211e-03
3.030000000000000071e+01	2.395471792755572006e-14	2.338094239943347284e-16	1.097536300924457412e-23	1.994981195788544069e-03	5.018804492423895849e-06	6.649230553105313812e-24	4.451059450629607902e-17	8.293868794377017838e-14	5.972189725333550044e-14	7.044996281748682943e-24	5.738285110425468802e-28	1.588000022099169545e-02	6.787498141690845310e-02	2.125018583091245646e-03	7.385287182088151778e-12	2.119999771153795783e-03
3.040000000000000213e+01	2.395183335214955557e-14	2.337812691676029387e-16	1.097442719867382690e-23	1.994981195787902221e-03	5.018804492304770830e-06	6.649230552947489002e-24	4.450523461899508730e-17	8.292488690215508177e-14	5.970907897618312857e-14	7.043484747337184905e-24	5.736903209570407217e-28	1.588000022094333136e-02	6.787498141686015840e-02	2.125018583139488739e-03	7.408787172747624718e-12	2.119999771178671284e-03
3.050000000000000000e+01	2.394921144478283038e-14	2.337556781056928415e-16	1.097357660255817877e-23	1.994981195787260374e-03	5.018804492185654280e-06	6.649230552789677416e-24	4.450036280042353012e-17	8.291234257678206730e-14	5.969742792523808355e-14	7.042110852528690105e-24	5.735647288636361237e-28	1.588000022089496727e-02	6.787498141681186370e-02	2.125018583187728363e-03	7.432287163406541895e-12	2.119999771203541581e-03
3.060000000000000142e+01	2.394682828703835088e-14	2.337324173534922224e-16	1.097280346131297688e-23	1.994981195786618526e-03	5.018804492066546201e-06	6.649230552631876116e-24	4.449593460729278372e-17	8.290094053164842738e-14	5.968683781342569690e-14	7.040862063925066306e-24	5.734505850279469145e-28	1.588000022084660318e-02	6.787498141676356900e-02	2.125018583235964084e-03	7.455787154064901695e-12	2.119999771228407541e-03
3.070000000000000284e+01	2.394466213847828739e-14	2.337112747140022481e-16	1.097210072193105922e-23	1.994981195785976678e-03	5.018804491947444899e-06	6.649230552474085101e-24	4.449190964326116530e-17	8.289057675125702720e-14	5.967721203212396982e-14	7.039726989413718674e-24	5.733468449509436387e-28	1.588000022079823909e-02	6.787498141671527430e-02	2.125018583284197203e-03	7.479287144722704117e-12	2.119999771253268731e-03
3.080000000000000071e+01	2.394269323835627692e-14	2.336920573129527286e-16	1.097146197365443018e-23	1.994981195785334831e-03	5.018804491828352913e-06	6.649230552316302902e-24	4.448825119049125178e-17	8.288115669170323369e-14	5.966846276984692032e-14	7.038695274242510378e-24	5.732525595190364331e-28	1.588000022074987500e-02	6.787498141666697959e-02	2.125018583332426853e-03	7.502787135379947546e-12	2.119999771278126884e-03
3.090000000000000213e+01	2.394090362530753340e-14	2.336745898388922395e-16	1.097088138947834238e-23	1.994981195784692983e-03	5.018804491709266010e-06	6.649230552158530989e-24	4.448492587461244432e-17	8.287259441820255942e-14	5.966051021118102217e-14	7.037757506558138589e-24	5.731668664133780664e-28	1.588000022070151090e-02	6.787498141661868489e-02	2.125018583380653900e-03	7.526287126036633597e-12	2.119999771302981135e-03
3.100000000000000000e+01	2.393927697355311088e-14	2.336587129444646157e-16	1.097035367301287615e-23	1.994981195784051135e-03	5.018804491590190965e-06	6.649230552000773770e-24	4.448190336036887225e-17	8.286481182116427791e-14	5.965328180866680392e-14	7.036905131546244746e-24	5.730889820253706001e-28	1.588000022065314334e-02	6.787498141657051509e-02	2.125018583428879212e-03	7.549787116692762271e-12	2.119999771327831916e-03
3.110000000000000142e+01	2.393779844389108055e-14	2.336442817920105551e-16	1.096987401014166154e-23	1.994981195783409288e-03	5.018804491471126932e-06	6.649230551843029775e-24	4.447915607474307595e-17	8.285773790360831926e-14	5.964671162098374008e-14	7.036130373389997838e-24	5.730181943520392168e-28	1.588000022060477925e-02	6.787498141652235917e-02	2.125018583477101056e-03	7.573287107348333568e-12	2.119999771352680095e-03
3.120000000000000284e+01	2.393645454841549344e-14	2.336311647331623253e-16	1.096943802513419723e-23	1.994981195782767440e-03	5.018804491352064593e-06	6.649230551685288718e-24	4.447665895558775349e-17	8.285130813351281460e-14	5.964073971139536846e-14	7.035426164334627726e-24	5.729538563544251937e-28	1.588000022055643251e-02	6.787498141647420324e-02	2.125018583525322032e-03	7.596787098003349102e-12	2.119999771377526106e-03
3.130000000000000071e+01	2.393523302738067106e-14	2.336192421069791689e-16	1.096904174069827366e-23	1.994981195782125592e-03	5.018804491233009030e-06	6.649230551527557948e-24	4.447438922282461144e-17	8.284546385511137325e-14	5.963531160097817216e-14	7.034786080211987584e-24	5.728953800829930658e-28	1.588000022050810311e-02	6.787498141642604732e-02	2.125018583573539972e-03	7.620287088657804028e-12	2.119999771402368647e-03
3.140000000000000213e+01	2.393412273743808388e-14	2.336084051490863835e-16	1.096868154172189979e-23	1.994981195781483745e-03	5.018804491113956855e-06	6.649230551369827177e-24	4.447232617077516627e-17	8.284015175380450240e-14	5.963037777163349157e-14	7.034204281835645333e-24	5.728422312148924565e-28	1.588000022045977372e-02	6.787498141637789140e-02	2.125018583621756611e-03	7.643787079311703191e-12	2.119999771427209887e-03
3.150000000000000000e+01	2.393311354993638138e-14	2.335985549990363110e-16	1.096835414227998606e-23	1.994981195780841897e-03	5.018804490994904680e-06	6.649230551212102284e-24	4.447045097919010665e-17	8.283532336978563630e-14	5.962589321435599532e-14	7.033675461732562209e-24	5.727939241995965290e-28	1.588000022041144432e-02	6.787498141632973547e-02	2.125018583669973683e-03	7.667287069965044978e-12	2.119999771452048959e-03
3.160000000000000142e+01	2.393219625853464131e-14	2.335896017985686848e-16	1.096805655566227563e-23	1.994981195780200049e-03	5.018804490875860976e-06	6.649230551054386207e-24	4.446874654158350315e-17	8.283093465599395398e-14	5.962181701864107064e-14	7.033194795725920430e-24	5.727500177598486539e-28	1.588000022036311493e-02	6.787498141628157955e-02	2.125018583718186419e-03	7.690787060617829386e-12	2.119999771476885862e-03
3.170000000000000284e+01	2.393136249520983736e-14	2.335814638718045353e-16	1.096778606712462424e-23	1.994981195779558202e-03	5.018804490756819813e-06	6.649230550896674538e-24	4.446719730916466531e-17	8.282694557626190670e-14	5.961811199927621853e-14	7.032757898926261864e-24	5.727101108808566175e-28	1.588000022031478553e-02	6.787498141623342363e-02	2.125018583766398721e-03	7.714287051270056417e-12	2.119999771501722766e-03
3.180000000000000071e+01	2.393060465394123619e-14	2.335740669803687175e-16	1.096754020913076457e-23	1.994981195778916354e-03	5.018804490637777802e-06	6.649230550738959930e-24	4.446578914903456998e-17	8.282331974009872066e-14	5.961474435711617269e-14	7.032360785730020648e-24	5.726738391051666599e-28	1.588000022026645613e-02	6.787498141618526770e-02	2.125018583814611024e-03	7.737787041921726071e-12	2.119999771526555766e-03
3.190000000000000213e+01	2.392991582130396628e-14	2.335673436459510235e-16	1.096731673883557244e-23	1.994981195778274506e-03	5.018804490518736639e-06	6.649230550581245322e-24	4.446450921522040911e-17	8.282002407071388557e-14	5.961168337075029127e-14	7.031999833460861379e-24	5.726408712172348951e-28	1.588000022021812674e-02	6.787498141613711178e-02	2.125018583862822892e-03	7.761287032572838347e-12	2.119999771551388332e-03
3.200000000000000000e+01	2.392928971340157338e-14	2.335612325347374582e-16	1.096711361762478087e-23	1.994981195777632658e-03	5.018804490399704793e-06	6.649230550423546878e-24	4.446334583148871843e-17	8.281702850327457673e-14	5.960890111624497805e-14	7.031671749321623747e-24	5.726109061892271302e-28	1.588000022016979734e-02	6.787498141608895585e-02	2.125018583911031291e-03	7.784787023223393245e-12	2.119999771576220899e-03
3.210000000000000142e+01	2.392872061854069443e-14	2.335556778978879629e-16	1.096692899251757220e-23	1.994981195776990811e-03	5.018804490280673794e-06	6.649230550265848433e-24	4.446228838482797929e-17	8.281430571064091996e-14	5.960637221240786171e-14	7.031373540355825126e-24	5.725836704419102190e-28	1.588000022012146795e-02	6.787498141604079993e-02	2.125018583959239257e-03	7.808287013873398844e-12	2.119999771601051297e-03
3.220000000000000284e+01	2.392820334514893652e-14	2.335506290631901091e-16	1.096676117927016768e-23	1.994981195776348963e-03	5.018804490161641948e-06	6.649230550108147050e-24	4.446132722867384363e-17	8.281183085406156034e-14	5.960407358924486444e-14	7.031102486144065367e-24	5.725589153276993103e-28	1.588000022007313855e-02	6.787498141599264401e-02	2.125018584007447222e-03	7.831787004522848680e-12	2.119999771625879527e-03
3.230000000000000426e+01	2.392773317438791713e-14	2.335460399725400395e-16	1.096660864700258897e-23	1.994981195775707115e-03	5.018804490042610102e-06	6.649230549950447136e-24	4.446045359485850126e-17	8.280958135659179494e-14	5.960198427750421670e-14	7.030856113986987129e-24	5.725364148658897622e-28	1.588000022002480915e-02	6.787498141594448808e-02	2.125018584055655187e-03	7.855286995171739524e-12	2.119999771650707757e-03
3.239999999999999858e+01	2.392730581711216428e-14	2.335418687618409533e-16	1.096647000423532809e-23	1.994981195775065268e-03	5.018804489923578256e-06	6.649230549792747222e-24	4.445965951363509227e-17	8.280753669714362417e-14	5.960008521738558892e-14	7.030632176348224011e-24	5.725159636662267101e-28	1.588000021997647976e-02	6.787498141589633216e-02	2.125018584103863153e-03	7.878786985820071374e-12	2.119999771675536420e-03
3.250000000000000000e+01	2.392691737474604277e-14	2.335380773791428564e-16	1.096634398619708968e-23	1.994981195774423420e-03	5.018804489804547257e-06	6.649230549635047308e-24	4.445893774098239353e-17	8.280567822326087458e-14	5.959835908466570692e-14	7.030428630351081312e-24	5.724973750587341985e-28	1.588000021992815036e-02	6.787498141584817624e-02	2.125018584152071118e-03	7.902286976467847463e-12	2.119999771700364650e-03
3.260000000000000142e+01	2.392656430370789755e-14	2.335346312374056628e-16	1.096622944328328934e-23	1.994981195773781572e-03	5.018804489685523881e-06	6.649230549477359149e-24	4.445828169250054282e-17	8.280398898096912127e-14	5.959679013265640568e-14	7.030243619142195701e-24	5.724804793798909271e-28	1.588000021987982097e-02	6.787498141580002031e-02	2.125018584200275180e-03	7.925786967115067789e-12	2.119999771725191579e-03
3.270000000000000284e+01	2.392624338311862574e-14	2.335314988993196811e-16	1.096612533058013617e-23	1.994981195773139725e-03	5.018804489566502200e-06	6.649230549319670990e-24	4.445768538340975449e-17	8.280245356012206958e-14	5.959536404855476243e-14	7.030075454952313375e-24	5.724651224287813935e-28	1.588000021983149157e-02	6.787498141575186439e-02	2.125018584248478809e-03	7.949286957761729123e-12	2.119999771750015471e-03
3.280000000000000426e+01	2.392595168536310429e-14	2.335286517899707700e-16	1.096603069831419222e-23	1.994981195772497877e-03	5.018804489447481365e-06	6.649230549161985769e-24	4.445714337384994012e-17	8.280105795381142099e-14	5.959406782287639320e-14	7.029922603699816402e-24	5.724511640506181154e-28	1.588000021978316217e-02	6.787498141570370846e-02	2.125018584296682438e-03	7.972786948407834694e-12	2.119999771774839364e-03
3.289999999999999858e+01	2.392568654941950320e-14	2.335260639365219594e-16	1.096594468319989656e-23	1.994981195771856029e-03	5.018804489328459683e-06	6.649230549004299080e-24	4.445665071932326465e-17	8.279978943059213131e-14	5.959288963077466178e-14	7.029783670995862970e-24	5.724384768614519595e-28	1.588000021973483278e-02	6.787498141565555254e-02	2.125018584344886066e-03	7.996286939053378041e-12	2.119999771799663257e-03
3.300000000000000000e+01	2.392544555658111618e-14	2.335237117312470294e-16	1.096586650056327707e-23	1.994981195771214182e-03	5.018804489209438002e-06	6.649230548846612390e-24	4.445620292558251923e-17	8.279863641832955924e-14	5.959181872416652576e-14	7.029657389423836982e-24	5.724269450811247736e-28	1.588000021968650338e-02	6.787498141560739662e-02	2.125018584393089695e-03	8.019786929698368857e-12	2.119999771824487150e-03
3.310000000000000142e+01	2.392522650840222682e-14	2.335215737162715704e-16	1.096579543718717178e-23	1.994981195770572334e-03	5.018804489090417167e-06	6.649230548688927170e-24	4.445579590765180632e-17	8.279758839865255296e-14	5.959084533368380296e-14	7.029542606977441296e-24	5.724164634786117150e-28	1.588000021963817399e-02	6.787498141555924069e-02	2.125018584441293757e-03	8.043286920342800680e-12	2.119999771849311043e-03
3.320000000000000284e+01	2.392502740660337266e-14	2.335196303874389398e-16	1.096573084479211651e-23	1.994981195769930486e-03	5.018804488971396333e-06	6.649230548531240480e-24	4.445542595248814450e-17	8.279663581099268628e-14	5.958996057955464618e-14	7.029438276551778221e-24	5.724069364068578079e-28	1.588000021958984459e-02	6.787498141551108477e-02	2.125018584489497386e-03	8.066786910986676741e-12	2.119999771874134936e-03
3.330000000000000426e+01	2.392484643487982778e-14	2.335178640167524633e-16	1.096567213413467407e-23	1.994981195769288639e-03	5.018804488852374651e-06	6.649230548373553790e-24	4.445508968517946279e-17	8.279576996535415277e-14	5.958915639059507604e-14	7.029343446390831335e-24	5.723982769327591251e-28	1.588000021954151519e-02	6.787498141546292885e-02	2.125018584537701014e-03	8.090286901629992194e-12	2.119999771898958829e-03
3.339999999999999858e+01	2.392468194230441114e-14	2.335162584903785093e-16	1.096561876962300744e-23	1.994981195768646791e-03	5.018804488733352122e-06	6.649230548215865631e-24	4.445478403810500183e-17	8.279498296304450342e-14	5.958842543057876147e-14	7.029257251404979145e-24	5.723904060405195436e-28	1.588000021949318580e-02	6.787498141541477292e-02	2.125018584585904643e-03	8.113786892272751884e-12	2.119999771923782722e-03
3.350000000000000000e+01	2.392453242829897314e-14	2.335147991619618467e-16	1.096557026444131716e-23	1.994981195768004943e-03	5.018804488614332135e-06	6.649230548058180411e-24	4.445450622301051915e-17	8.279426762462370140e-14	5.958776103131113334e-14	7.029178905279072791e-24	5.723832519128504596e-28	1.588000021944485640e-02	6.787498141536661700e-02	2.125018584634108271e-03	8.137286882914955813e-12	2.119999771948606615e-03
3.360000000000000142e+01	2.392439652892844235e-14	2.335134727188483442e-16	1.096552617610340605e-23	1.994981195767363095e-03	5.018804488495310453e-06	6.649230547900493721e-24	4.445425370554106113e-17	8.279361742441336930e-14	5.958715713180076181e-14	7.029107693299503394e-24	5.723767492734670207e-28	1.588000021939652701e-02	6.787498141531846108e-02	2.125018584682311900e-03	8.160786873556602364e-12	2.119999771973430508e-03
3.370000000000000284e+01	2.392427300444271433e-14	2.335122670604879294e-16	1.096548610241100204e-23	1.994981195766721248e-03	5.018804488376289619e-06	6.649230547742808501e-24	4.445402418209213562e-17	8.279302643095698857e-14	5.958660822296769162e-14	7.029042965834197742e-24	5.723708387911894740e-28	1.588000021934819761e-02	6.787498141527030515e-02	2.125018584730515529e-03	8.184286864197691537e-12	2.119999771998252666e-03
3.380000000000000426e+01	2.392416072800043097e-14	2.335111711883739476e-16	1.096544967779556823e-23	1.994981195766079400e-03	5.018804488257267090e-06	6.649230547585120342e-24	4.445381555885737519e-17	8.279248925291757187e-14	5.958610929738612354e-14	7.028984132406269484e-24	5.723654665392417726e-28	1.588000021929986821e-02	6.787498141522214923e-02	2.125018584778719157e-03	8.207786854838221717e-12	2.119999772023072222e-03
3.389999999999999858e+01	2.392405867534950593e-14	2.335101751053195277e-16	1.096541656997044952e-23	1.994981195765437552e-03	5.018804488138247102e-06	6.649230547427433652e-24	4.445362593265349788e-17	8.279200098989449551e-14	5.958565580360614939e-14	7.028930656307623362e-24	5.723605835016228694e-28	1.588000021925153882e-02	6.787498141517399330e-02	2.125018584826922786e-03	8.231286845478194520e-12	2.119999772047892212e-03
3.400000000000000000e+01	2.392396591552351064e-14	2.335092697246501770e-16	1.096538647691261888e-23	1.994981195764795705e-03	5.018804488019224574e-06	6.649230547269746962e-24	4.445345357363319092e-17	8.279155718770281058e-14	5.958524360462883346e-14	7.028882049702314475e-24	5.723561451271607226e-28	1.588000021920320942e-02	6.787498141512583738e-02	2.125018584875126414e-03	8.254786836117611560e-12	2.119999772072711768e-03
3.410000000000000142e+01	2.392388160231382277e-14	2.335084467869676644e-16	1.096535912409607207e-23	1.994981195764153857e-03	5.018804487900203739e-06	6.649230547112063211e-24	4.445329690943931708e-17	8.279115379776407199e-14	5.958486894016951755e-14	7.028837869176649762e-24	5.723521109215687979e-28	1.588000021915488003e-02	6.787498141507768146e-02	2.125018584923330043e-03	8.278286826756471223e-12	2.119999772097531324e-03
3.420000000000000284e+01	2.392380496658415837e-14	2.335076987851367444e-16	1.096533426199852776e-23	1.994981195763512009e-03	5.018804487781187140e-06	6.649230546954380930e-24	4.445315451092438151e-17	8.279078714014963130e-14	5.958452839235150975e-14	7.028797711693765334e-24	5.723484440791774778e-28	1.588000021910655063e-02	6.787498141502952553e-02	2.125018584971531503e-03	8.301786817394771893e-12	2.119999772122350881e-03
3.430000000000000426e+01	2.392373530921727502e-14	2.335070188954409207e-16	1.096531166381318956e-23	1.994981195762870162e-03	5.018804487662176470e-06	6.649230546796708934e-24	4.445302507904468624e-17	8.279045387003016783e-14	5.958421885452823151e-14	7.028761210917126838e-24	5.723451111455160100e-28	1.588000021905822123e-02	6.787498141498136961e-02	2.125018585019730795e-03	8.325286808032518417e-12	2.119999772147170437e-03
3.439999999999999858e+01	2.392367199477830142e-14	2.335064009157342716e-16	1.096529112339304012e-23	1.994981195762228314e-03	5.018804487543165799e-06	6.649230546639036938e-24	4.445290743308601423e-17	8.279015094716309163e-14	5.958393750294415323e-14	7.028728033868785620e-24	5.723420817137539516e-28	1.588000021900989184e-02	6.787498141493321369e-02	2.125018585067930087e-03	8.348786798669704332e-12	2.119999772171989993e-03
3.450000000000000000e+01	2.392361444568146443e-14	2.335058392085050207e-16	1.096527245335836720e-23	1.994981195761586466e-03	5.018804487424154282e-06	6.649230546481363472e-24	4.445280049982468667e-17	8.278987560814397614e-14	5.958368177097420691e-14	7.028697877891677984e-24	5.723393281456372213e-28	1.588000021896156244e-02	6.787498141488505776e-02	2.125018585116129378e-03	8.372286789306336100e-12	2.119999772196809549e-03
3.460000000000000142e+01	2.392356213693109736e-14	2.335053286495463289e-16	1.096525548339070989e-23	1.994981195760944619e-03	5.018804487305142765e-06	6.649230546323690007e-24	4.445270330375577654e-17	8.278962534119819875e-14	5.958344932570927117e-14	7.028670467888587324e-24	5.723368253196128391e-28	1.588000021891323305e-02	6.787498141483690184e-02	2.125018585164328670e-03	8.395786779942408875e-12	2.119999772221629105e-03
3.470000000000000284e+01	2.392351459133646336e-14	2.335048645812499119e-16	1.096524005868040975e-23	1.994981195760302771e-03	5.018804487186131248e-06	6.649230546166018011e-24	4.445261495820166016e-17	8.278939786326773740e-14	5.958323804667228749e-14	7.028645553812322627e-24	5.723345504019012398e-28	1.588000021886490365e-02	6.787498141478874591e-02	2.125018585212527962e-03	8.419286770577924273e-12	2.119999772246448661e-03
3.480000000000000426e+01	2.392347137518469241e-14	2.335044427703720535e-16	1.096522603852284864e-23	1.994981195759660923e-03	5.018804487067119730e-06	6.649230546008341607e-24	4.445253465727177425e-17	8.278919109920081801e-14	5.958304600647544132e-14	7.028622908384849477e-24	5.723324826392882201e-28	1.588000021881657425e-02	6.787498141474058999e-02	2.125018585260727254e-03	8.442786761212882293e-12	2.119999772271268217e-03
3.489999999999999858e+01	2.392343209423301453e-14	2.335040593689162619e-16	1.096521329501825204e-23	1.994981195759019076e-03	5.018804486948109060e-06	6.649230545850669611e-24	4.445246166841576902e-17	8.278900316280457356e-14	5.958287145323967102e-14	7.028602325024151485e-24	5.723306031673869510e-28	1.588000021876824486e-02	6.787498141469243407e-02	2.125018585308926546e-03	8.466286751847282936e-12	2.119999772296087773e-03
3.500000000000000000e+01	2.392339639013275548e-14	2.335037108792291329e-16	1.096520171191157018e-23	1.994981195758377228e-03	5.018804486829098390e-06	6.649230545692996146e-24	4.445239532577880947e-17	8.278883233963856156e-14	5.958271279461098280e-14	7.028583615959447056e-24	5.723288948394216366e-28	1.588000021871991546e-02	6.787498141464427814e-02	2.125018585357125837e-03	8.489786742481127816e-12	2.119999772320907330e-03
3.510000000000000142e+01	2.392336393719950037e-14	2.335033941224761856e-16	1.096519118354464680e-23	1.994981195757735380e-03	5.018804486710086873e-06	6.649230545535325619e-24	4.445233502420019897e-17	8.278867707137704173e-14	5.958256858323292714e-14	7.028566610518115021e-24	5.723273420717036197e-28	1.588000021867158607e-02	6.787498141459612222e-02	2.125018585405325129e-03	8.513286733114413704e-12	2.119999772345726886e-03
3.520000000000000284e+01	2.392333443935502393e-14	2.335031062087931906e-16	1.096518161386413568e-23	1.994981195757093533e-03	5.018804486591077050e-06	6.649230545377653623e-24	4.445228021353104776e-17	8.278853594159909205e-14	5.958243750354595182e-14	7.028551153569038897e-24	5.723259306972333139e-28	1.588000021862325667e-02	6.787498141454796630e-02	2.125018585453524421e-03	8.536786723747143829e-12	2.119999772370546442e-03
3.530000000000000426e+01	2.392330762753439301e-14	2.335028445119787724e-16	1.096517291558030663e-23	1.994981195756451685e-03	5.018804486472065532e-06	6.649230545219981627e-24	4.445223039381644674e-17	8.278840766286114744e-14	5.958231835978372837e-14	7.028537104107158873e-24	5.723246478416493720e-28	1.588000021857492727e-02	6.787498141449981037e-02	2.125018585501723713e-03	8.560286714379316577e-12	2.119999772395365998e-03
3.539999999999999858e+01	2.392328325714368563e-14	2.335026066446798529e-16	1.096516500934228777e-23	1.994981195755809837e-03	5.018804486353054862e-06	6.649230545062305223e-24	4.445218511057151564e-17	8.278829106496175356e-14	5.958221006506806517e-14	7.028524333967535360e-24	5.723234818015335595e-28	1.588000021852659788e-02	6.787498141445165445e-02	2.125018585549923004e-03	8.583786705010930332e-12	2.119999772420185554e-03
3.550000000000000000e+01	2.392326110585612505e-14	2.335023904368816823e-16	1.096515782302309166e-23	1.994981195755167989e-03	5.018804486234043345e-06	6.649230544904636165e-24	4.445214395068648158e-17	8.278818508423859230e-14	5.958211163148983349e-14	7.028512726655676272e-24	5.723224219389713184e-28	1.588000021847826848e-02	6.787498141440349853e-02	2.125018585598122296e-03	8.607286695641988325e-12	2.119999772445005110e-03
3.560000000000000142e+01	2.392324097161095418e-14	2.335021939163752982e-16	1.096515129107040745e-23	1.994981195754526142e-03	5.018804486115031828e-06	6.649230544746961231e-24	4.445210653870820444e-17	8.278808875389531788e-14	5.958202216109722249e-14	7.028502176284878380e-24	5.723214585857667172e-28	1.588000021842993909e-02	6.787498141435534260e-02	2.125018585646321588e-03	8.630786686272487324e-12	2.119999772469824666e-03
3.570000000000000284e+01	2.392322267073483909e-14	2.335020152904216862e-16	1.096514535389714372e-23	1.994981195753884294e-03	5.018804485996021158e-06	6.649230544589289235e-24	4.445207253334955362e-17	8.278800119517745981e-14	5.958194083770658043e-14	7.028492586610570460e-24	5.723205829535634809e-28	1.588000021838160969e-02	6.787498141430718668e-02	2.125018585694520880e-03	8.654286676902432178e-12	2.119999772494644222e-03
3.580000000000000426e+01	2.392320603629384706e-14	2.335018529296662656e-16	1.096513995734679462e-23	1.994981195753242446e-03	5.018804485877009640e-06	6.649230544431614300e-24	4.445204162442729040e-17	8.278792160934892485e-14	5.958186691945618625e-14	7.028483870152235171e-24	5.723197870549674479e-28	1.588000021833328029e-02	6.787498141425903075e-02	2.125018585742720172e-03	8.677786667531818038e-12	2.119999772519463779e-03
3.589999999999999858e+01	2.392319091652188738e-14	2.335017053528000800e-16	1.096513505218358530e-23	1.994981195752600599e-03	5.018804485757998970e-06	6.649230544273942304e-24	4.445201352994180346e-17	8.278784927039855518e-14	5.958179973203845406e-14	7.028475947395345372e-24	5.723190636283567953e-28	1.588000021828495090e-02	6.787498141421087483e-02	2.125018585790919463e-03	8.701286658160646520e-12	2.119999772544283335e-03
3.600000000000000000e+01	2.392317717350642487e-14	2.335015712137310953e-16	1.096513059366609223e-23	1.994981195751958751e-03	5.018804485638988300e-06	6.649230544116271777e-24	4.445198799363504818e-17	8.278778351842678552e-14	5.958173866254612386e-14	7.028468746065735867e-24	5.723184060749795671e-28	1.588000021823662150e-02	6.787498141416271891e-02	2.125018585839118755e-03	8.724786648788917625e-12	2.119999772569102891e-03
3.610000000000000142e+01	2.392316468187501386e-14	2.335014492887649140e-16	1.096512654112113383e-23	1.994981195751316903e-03	5.018804485519976783e-06	6.649230543958598312e-24	4.445196478254998977e-17	8.278772375362647038e-14	5.958168315388361755e-14	7.028462200470552214e-24	5.723178083961129937e-28	1.588000021818829210e-02	6.787498141411456298e-02	2.125018585887318047e-03	8.748286639416631353e-12	2.119999772593922447e-03
3.620000000000000284e+01	2.392315332768302956e-14	2.335013384657477812e-16	1.096512285758292895e-23	1.994981195750675056e-03	5.018804485400966113e-06	6.649230543800924847e-24	4.445194368496385543e-17	8.278766943080651069e-14	5.958163269968354342e-14	7.028456250898827945e-24	5.723172651398321768e-28	1.588000021813996271e-02	6.787498141406640706e-02	2.125018585935517339e-03	8.771786630043787703e-12	2.119999772618742003e-03
3.630000000000000426e+01	2.392314300735944068e-14	2.335012377337771759e-16	1.096511950945108977e-23	1.994981195750033208e-03	5.018804485281954595e-06	6.649230543643251381e-24	4.445192450842921405e-17	8.278762005442882055e-14	5.958158683968902006e-14	7.028450843076960327e-24	5.723167713505715952e-28	1.588000021809163331e-02	6.787498141401825114e-02	2.125018585983716631e-03	8.795286620670388290e-12	2.119999772643561559e-03
3.639999999999999858e+01	2.392313362675397269e-14	2.335011461739017326e-16	1.096511646618149613e-23	1.994981195749391360e-03	5.018804485162943078e-06	6.649230543485579385e-24	4.445190707800359976e-17	8.278757517407477523e-14	5.958154515555530807e-14	7.028445927673633276e-24	5.723163225235271672e-28	1.588000021804330392e-02	6.787498141397009521e-02	2.125018586031915922e-03	8.818786611296429885e-12	2.119999772668381115e-03
3.650000000000000000e+01	2.392312510029489157e-14	2.335010629509007684e-16	1.096511370001306073e-23	1.994981195748749513e-03	5.018804485043932408e-06	6.649230543327905920e-24	4.445189123468442421e-17	8.278753438033731580e-14	5.958150726703120580e-14	7.028441459849528087e-24	5.723159145643599282e-28	1.588000021799497452e-02	6.787498141392193929e-02	2.125018586080115214e-03	8.842286601921914102e-12	2.119999772693200672e-03
3.660000000000000142e+01	2.392311735019819597e-14	2.335009873055654763e-16	1.096511118571119654e-23	1.994981195748107665e-03	5.018804484924920891e-06	6.649230543170233924e-24	4.445187683393971696e-17	8.278749730108140764e-14	5.958147282848920997e-14	7.028437398848163238e-24	5.723155437513541572e-28	1.588000021794664512e-02	6.787498141387378336e-02	2.125018586128314506e-03	8.865786592546842558e-12	2.119999772718020228e-03
3.670000000000000284e+01	2.392311030579065466e-14	2.335009185480913768e-16	1.096510890034816984e-23	1.994981195747465817e-03	5.018804484805909374e-06	6.649230543012560458e-24	4.445186374445011424e-17	8.278746359807426647e-14	5.958144152577432556e-14	7.028433707624311807e-24	5.723152067030273374e-28	1.588000021789831573e-02	6.787498141382562744e-02	2.125018586176513798e-03	8.889286583171213635e-12	2.119999772742839784e-03
3.680000000000000426e+01	2.392310390278805241e-14	2.335008560510342336e-16	1.096510682306897846e-23	1.994981195746823970e-03	5.018804484686899550e-06	6.649230542854888462e-24	4.445185184676783854e-17	8.278743296387826876e-14	5.958141307334066481e-14	7.028430352506324558e-24	5.723149003435931042e-28	1.588000021784998633e-02	6.787498141377747152e-02	2.125018586224713089e-03	8.912786573795027335e-12	2.119999772767659340e-03
3.689999999999999858e+01	2.392309808279628286e-14	2.335007992444396763e-16	1.096510493492947445e-23	1.994981195746182122e-03	5.018804484567888033e-06	6.649230542697213528e-24	4.445184103238962676e-17	8.278740511904630509e-14	5.958138721164289249e-14	7.028427302888554499e-24	5.723146218790915499e-28	1.588000021780165694e-02	6.787498141372931559e-02	2.125018586272912381e-03	8.936286564418282042e-12	2.119999772792478896e-03
3.700000000000000000e+01	2.392309279272136885e-14	2.335007476100853040e-16	1.096510321870496719e-23	1.994981195745540274e-03	5.018804484448876516e-06	6.649230542539541532e-24	4.445183120266050330e-17	8.278737980957558956e-14	5.958136370476898683e-14	7.028424530952191663e-24	5.723143687691572517e-28	1.588000021775332754e-02	6.787498141368115967e-02	2.125018586321111673e-03	8.959786555040979372e-12	2.119999772817298452e-03
3.710000000000000142e+01	2.392308798432434296e-14	2.335007006771359354e-16	1.096510165874583147e-23	1.994981195744898426e-03	5.018804484329865846e-06	6.649230542381868066e-24	4.445182226794669630e-17	8.278735680460503163e-14	5.958134233828952702e-14	7.028422011411678125e-24	5.723141387057239303e-28	1.588000021770499814e-02	6.787498141363300375e-02	2.125018586369310965e-03	8.983286545663122555e-12	2.119999772842118008e-03
3.720000000000000284e+01	2.392308361372838931e-14	2.335006580173329382e-16	1.096510024081760508e-23	1.994981195744256579e-03	5.018804484210854329e-06	6.649230542224194601e-24	4.445181414671979482e-17	8.278733589429124388e-14	5.958132291730298422e-14	7.028419721284170045e-24	5.723139295894400356e-28	1.588000021765666875e-02	6.787498141358484782e-02	2.125018586417510257e-03	9.006786536284706744e-12	2.119999772866937564e-03
3.730000000000000426e+01	2.392307964106532340e-14	2.335006192415439482e-16	1.096509895198629282e-23	1.994981195743614731e-03	5.018804484091843658e-06	6.649230542066524074e-24	4.445180676489993585e-17	8.278731688788346901e-14	5.958130526465295907e-14	7.028417639679337243e-24	5.723137395127541552e-28	1.588000021760833935e-02	6.787498141353669190e-02	2.125018586465709548e-03	9.030286526905735172e-12	2.119999772891757121e-03
3.739999999999999858e+01	2.392307603010832691e-14	2.335005839961778912e-16	1.096509778049923897e-23	1.994981195742972883e-03	5.018804483972832988e-06	6.649230541908850609e-24	4.445180005517334718e-17	8.278729961201638382e-14	5.958128921931422272e-14	7.028415747609052127e-24	5.723135667423436734e-28	1.588000021756000996e-02	6.787498141348853598e-02	2.125018586513908840e-03	9.053786517526201376e-12	2.119999772916576677e-03
3.750000000000000000e+01	2.392307274791922902e-14	2.335005519597427882e-16	1.096509671567067974e-23	1.994981195742331036e-03	5.018804483853820624e-06	6.649230541751177143e-24	4.445179395633697037e-17	8.278728390911057964e-14	5.958127463492585208e-14	7.028414027814396602e-24	5.723134097022357836e-28	1.588000021751168056e-02	6.787498141344038005e-02	2.125018586562108132e-03	9.077286508146115049e-12	2.119999772941396233e-03
3.760000000000000142e+01	2.392306976456787391e-14	2.335005228401059925e-16	1.096509574779070706e-23	1.994981195741689188e-03	5.018804483734811648e-06	6.649230541593505147e-24	4.445178841277696211e-17	8.278726963593554801e-14	5.958126137845487422e-14	7.028412464608088520e-24	5.723132669603816589e-28	1.588000021746335116e-02	6.787498141339222413e-02	2.125018586610307424e-03	9.100786498765469728e-12	2.119999772966215789e-03
3.770000000000000284e+01	2.392306705281809414e-14	2.335004963714295141e-16	1.096509486802339290e-23	1.994981195741047340e-03	5.018804483615799284e-06	6.649230541435831682e-24	4.445178337388526373e-17	8.278725666229887160e-14	5.958124932898296039e-14	7.028411043731403445e-24	5.723131372136304970e-28	1.588000021741502177e-02	6.787498141334406820e-02	2.125018586658506715e-03	9.124286489384268646e-12	2.119999772991035345e-03
3.780000000000000426e+01	2.392306458796730052e-14	2.335004723126043777e-16	1.096509406835476046e-23	1.994981195740405493e-03	5.018804483496788613e-06	6.649230541278159686e-24	4.445177879376149810e-17	8.278724486985966374e-14	5.958123837659964790e-14	7.028409752223681559e-24	5.723130192800550677e-28	1.588000021736669237e-02	6.787498141329591228e-02	2.125018586706706007e-03	9.147786480002510186e-12	2.119999773015854901e-03
3.789999999999999858e+01	2.392306234751368382e-14	2.335004504440023394e-16	1.096509334148479292e-23	1.994981195739763645e-03	5.018804483377777096e-06	6.649230541120487690e-24	4.445177463059460126e-17	8.278723415106910934e-14	5.958122842140591414e-14	7.028408578304800265e-24	5.723129120830269541e-28	1.588000021731836298e-02	6.787498141324775636e-02	2.125018586754905299e-03	9.171286470620191117e-12	2.119999773040674457e-03
3.800000000000000000e+01	2.392306031103607434e-14	2.335004305663029497e-16	1.096509268078848051e-23	1.994981195739121797e-03	5.018804483258766426e-06	6.649230540962814225e-24	4.445177084643961180e-17	8.278722440815451302e-14	5.958121937259805025e-14	7.028407511267169766e-24	5.723128146454693902e-28	1.588000021727003358e-02	6.787498141319960043e-02	2.125018586803104591e-03	9.194786461237317902e-12	2.119999773065494014e-03
3.810000000000000142e+01	2.392305845994717053e-14	2.335004124980855061e-16	1.096509208023575617e-23	1.994981195738479950e-03	5.018804483139754909e-06	6.649230540805140759e-24	4.445176740675907761e-17	8.278721555225749693e-14	5.958121114764156609e-14	7.028406541378290461e-24	5.723127260780499423e-28	1.588000021722170418e-02	6.787498141315144451e-02	2.125018586851303883e-03	9.218286451853887310e-12	2.119999773090313570e-03
3.820000000000000284e+01	2.392305677737491630e-14	2.335003960746705120e-16	1.096509153435300097e-23	1.994981195737838102e-03	5.018804483020744239e-06	6.649230540647467294e-24	4.445176428020268642e-17	8.278720750259737910e-14	5.958120367151570121e-14	7.028405659791706312e-24	5.723126455735039274e-28	1.588000021717337479e-02	6.787498141310328859e-02	2.125018586899503174e-03	9.241786442469899339e-12	2.119999773115133126e-03
3.830000000000000426e+01	2.392305524797670227e-14	2.335003811463069242e-16	1.096509103816278980e-23	1.994981195737196254e-03	5.018804482901732721e-06	6.649230540489795298e-24	4.445176143826205282e-17	8.278720018576989499e-14	5.958119687603282095e-14	7.028404858466711228e-24	5.723125723977457421e-28	1.588000021712504539e-02	6.787498141305513266e-02	2.125018586947702466e-03	9.265286433085353992e-12	2.119999773139952682e-03
3.840000000000000568e+01	2.392305385779330025e-14	2.335003675767460398e-16	1.096509058713648072e-23	1.994981195736554407e-03	5.018804482782722051e-06	6.649230540332121833e-24	4.445175885499922686e-17	8.278719353503959559e-14	5.958119069921466097e-14	7.028404130094813082e-24	5.723125058828789610e-28	1.588000021707671600e-02	6.787498141300697674e-02	2.125018586995901758e-03	9.288786423700249651e-12	2.119999773164772238e-03
3.850000000000000000e+01	2.392305259415779397e-14	2.335003552423526472e-16	1.096509017716469093e-23	1.994981195735912559e-03	5.018804482663710534e-06	6.649230540174449837e-24	4.445175650687756969e-17	8.278718748974815122e-14	5.958118508472520566e-14	7.028403468032852486e-24	5.723124454228398907e-28	1.588000021702838660e-02	6.787498141295882081e-02	2.125018587044101050e-03	9.312286414314589548e-12	2.119999773189591794e-03
3.860000000000000142e+01	2.392305144554182697e-14	2.335003440306046625e-16	1.096508980450740590e-23	1.994981195735270711e-03	5.018804482544699864e-06	6.649230540016776371e-24	4.445175437247603181e-17	8.278718199476745012e-14	5.958117998135891306e-14	7.028402866242661730e-24	5.723123904660408650e-28	1.588000021698005720e-02	6.787498141291066489e-02	2.125018587092300341e-03	9.335786404928372067e-12	2.119999773214411350e-03
3.870000000000000284e+01	2.392305040146884364e-14	2.335003338392457934e-16	1.096508946576583065e-23	1.994981195734628864e-03	5.018804482425689194e-06	6.649230539859104375e-24	4.445175243232788649e-17	8.278717699998620767e-14	5.958117534257326744e-14	7.028402319235935569e-24	5.723123405112185448e-28	1.588000021693172781e-02	6.787498141286250897e-02	2.125018587140499633e-03	9.359286395541598825e-12	2.119999773239230906e-03
3.880000000000000426e+01	2.392304945243099695e-14	2.335003245754750348e-16	1.096508915785544156e-23	1.994981195733987016e-03	5.018804482306677676e-06	6.649230539701432379e-24	4.445175066876643970e-17	8.278717245985303299e-14	5.958117112606279441e-14	7.028401822024008219e-24	5.723122951034590737e-28	1.588000021688339841e-02	6.787498141281435304e-02	2.125018587188698925e-03	9.382786386154264974e-12	2.119999773264050463e-03
3.890000000000000568e+01	2.392304858976408873e-14	2.335003161547256595e-16	1.096508887796541122e-23	1.994981195733345168e-03	5.018804482187667006e-06	6.649230539543757444e-24	4.445174906569254413e-17	8.278716833297501861e-14	5.958116729337621727e-14	7.028401370072683524e-24	5.723122538282136142e-28	1.588000021683506902e-02	6.787498141276619712e-02	2.125018587236898217e-03	9.406286376766376976e-12	2.119999773288870019e-03
3.900000000000000000e+01	2.392304780560890289e-14	2.335003085002879455e-16	1.096508862354606154e-23	1.994981195732703320e-03	5.018804482068655489e-06	6.649230539386085448e-24	4.445174760850284366e-17	8.278716458172009146e-14	5.958116380956336284e-14	7.028400959260638619e-24	5.723122163094488128e-28	1.588000021678673962e-02	6.787498141271804120e-02	2.125018587285097509e-03	9.429786367377929986e-12	2.119999773313689575e-03
3.910000000000000142e+01	2.392304709280587670e-14	2.335003015422811920e-16	1.096508839227469208e-23	1.994981195732061473e-03	5.018804481949644819e-06	6.649230539228411983e-24	4.445174628389403731e-17	8.278716117187714640e-14	5.958116064285530048e-14	7.028400585841664107e-24	5.723121822046076862e-28	1.588000021673841022e-02	6.787498141266988527e-02	2.125018587333296800e-03	9.453286357988927233e-12	2.119999773338509131e-03
3.920000000000000284e+01	2.392304644486467598e-14	2.335002952173566635e-16	1.096508818204572357e-23	1.994981195731419625e-03	5.018804481830634149e-06	6.649230539070739987e-24	4.445174507980626608e-17	8.278715807236117623e-14	5.958115776437588404e-14	7.028400246410684932e-24	5.723121512031524503e-28	1.588000021669008083e-02	6.787498141262172935e-02	2.125018587381496092e-03	9.476786348599367103e-12	2.119999773363328687e-03
3.930000000000000426e+01	2.392304585588905457e-14	2.335002894679642945e-16	1.096508799094629756e-23	1.994981195730777777e-03	5.018804481711622631e-06	6.649230538913066522e-24	4.445174398528363248e-17	8.278715525491142205e-14	5.958115514787858785e-14	7.028399937872703814e-24	5.723121230229703799e-28	1.588000021664175143e-02	6.787498141257357342e-02	2.125018587429695384e-03	9.500286339209247979e-12	2.119999773388148243e-03
3.940000000000000568e+01	2.392304532049518194e-14	2.335002842415552005e-16	1.096508781722979843e-23	1.994981195730135930e-03	5.018804481592611114e-06	6.649230538755394526e-24	4.445174299032230174e-17	8.278715269384945165e-14	5.958115276950844749e-14	7.028399657414734853e-24	5.723120974064664060e-28	1.588000021659342204e-02	6.787498141252541750e-02	2.125018587477894676e-03	9.523786329818573094e-12	2.119999773412967799e-03
3.950000000000000000e+01	2.392304483380322764e-14	2.335002794904998830e-16	1.096508765931311886e-23	1.994981195729494082e-03	5.018804481473600444e-06	6.649230538597721060e-24	4.445174208585497717e-17	8.278715036582512107e-14	5.958115060758201168e-14	7.028399402479860369e-24	5.723120741201593621e-28	1.588000021654509264e-02	6.787498141247726158e-02	2.125018587526093967e-03	9.547286320427339216e-12	2.119999773437787356e-03
3.960000000000000142e+01	2.392304439139826218e-14	2.335002751717066670e-16	1.096508751576397336e-23	1.994981195728852234e-03	5.018804481354588080e-06	6.649230538440046125e-24	4.445174126367820178e-17	8.278714824962004097e-14	5.958114864238962227e-14	7.028399170743913504e-24	5.723120529528118229e-28	1.588000021649676324e-02	6.787498141242910565e-02	2.125018587574293259e-03	9.570786311035549575e-12	2.119999773462606912e-03
3.970000000000000284e+01	2.392304398923060502e-14	2.335002712456486908e-16	1.096508738526856626e-23	1.994981195728210387e-03	5.018804481235578257e-06	6.649230538282375599e-24	4.445174051626716699e-17	8.278714632595104293e-14	5.958114685601849477e-14	7.028398960094616131e-24	5.723120337106628194e-28	1.588000021644843385e-02	6.787498141238094973e-02	2.125018587622492551e-03	9.594286301643202557e-12	2.119999773487426468e-03
3.980000000000000426e+01	2.392304362362337861e-14	2.335002676764378123e-16	1.096508726663404703e-23	1.994981195727568539e-03	5.018804481116566739e-06	6.649230538124702133e-24	4.445173983678978884e-17	8.278714457727348178e-14	5.958114523218474782e-14	7.028398768611760027e-24	5.723120162177871990e-28	1.588000021640010445e-02	6.787498141233279381e-02	2.125018587670691843e-03	9.617786292250298162e-12	2.119999773512246024e-03
3.990000000000000568e+01	2.392304329127532630e-14	2.335002644318523175e-16	1.096508715878943601e-23	1.994981195726926691e-03	5.018804480997556069e-06	6.649230537967030137e-24	4.445173921911195273e-17	8.278714298765285947e-14	5.958114375608519826e-14	7.028398594549763997e-24	5.723120003162333790e-28	1.588000021635177506e-02	6.787498141228463788e-02	2.125018587718891135e-03	9.641286282856838004e-12	2.119999773537065580e-03
4.000000000000000000e+01	2.392304298915241015e-14	2.335002614822785652e-16	1.096508706075042563e-23	1.994981195726284844e-03	5.018804480878545399e-06	6.649230537809356672e-24	4.445173865759604572e-17	8.278714154261765524e-14	5.958114241426856858e-14	7.028398436322443883e-24	5.723119858608341926e-28	1.588000021630344566e-02	6.787498141223648196e-02	2.125018587767090426e-03	9.664786273462817238e-12	2.119999773561885136e-03
4.010000000000000142e+01	2.392304271448593349e-14	2.335002588006925967e-16	1.096508697161879864e-23	1.994981195725642996e-03	5.018804480759533882e-06	6.649230537651684676e-24	4.445173814709749908e-17	8.278714022899791830e-14	5.958114119450833519e-14	7.028398292488042639e-24	5.723119727191184611e-28	1.588000021625511626e-02	6.787498141218832604e-02	2.125018587815289718e-03	9.688286264068242325e-12	2.119999773586704692e-03
4.020000000000000284e+01	2.392304246478634597e-14	2.335002563627954254e-16	1.096508689058690372e-23	1.994981195725001148e-03	5.018804480640522364e-06	6.649230537494012680e-24	4.445173768299043247e-17	8.278713903481942170e-14	5.958114008568901877e-14	7.028398161735817942e-24	5.723119607719708824e-28	1.588000021620678687e-02	6.787498141214017011e-02	2.125018587863489010e-03	9.711786254673106804e-12	2.119999773611524248e-03
4.030000000000000426e+01	2.392304223777569812e-14	2.335002541463531053e-16	1.096508681691572961e-23	1.994981195724359301e-03	5.018804480521511694e-06	6.649230537336339215e-24	4.445173726104213258e-17	8.278713794921375737e-14	5.958113907770846658e-14	7.028398042874528226e-24	5.723119499104002110e-28	1.588000021615845747e-02	6.787498141209201419e-02	2.125018587911688302e-03	9.735286245277417136e-12	2.119999773636343805e-03
4.040000000000000568e+01	2.392304203140287587e-14	2.335002521313457271e-16	1.096508674993984953e-23	1.994981195723717453e-03	5.018804480402500177e-06	6.649230537178665749e-24	4.445173687744140283e-17	8.278713696229287572e-14	5.958113816138451439e-14	7.028397934821409480e-24	5.723119400362685602e-28	1.588000021611012808e-02	6.787498141204385826e-02	2.125018587959887593e-03	9.758786235881170091e-12	2.119999773661163361e-03
4.050000000000000000e+01	2.392304184376772155e-14	2.335002502992267764e-16	1.096508668904282102e-23	1.994981195723075605e-03	5.018804480283489507e-06	6.649230537020993753e-24	4.445173652865746821e-17	8.278713606506988399e-14	5.958113732837151869e-14	7.028397836592336365e-24	5.723119310586611208e-28	1.588000021606179868e-02	6.787498141199570234e-02	2.125018588008086885e-03	9.782286226484364052e-12	2.119999773685982917e-03
4.060000000000000142e+01	2.392304167318107254e-14	2.335002486335094548e-16	1.096508663367665212e-23	1.994981195722433757e-03	5.018804480164478837e-06	6.649230536863320288e-24	4.445173621155173469e-17	8.278713524937850672e-14	5.958113657108290949e-14	7.028397747292701844e-24	5.723119228967581718e-28	1.588000021601346928e-02	6.787498141194754642e-02	2.125018588056286177e-03	9.805786217087000636e-12	2.119999773710802473e-03
4.070000000000000284e+01	2.392304151807113297e-14	2.335002471188521434e-16	1.096508658333141633e-23	1.994981195721791910e-03	5.018804480045467319e-06	6.649230536705648292e-24	4.445173592320358034e-17	8.278713450778694211e-14	5.958113588262285603e-14	7.028397666109347414e-24	5.723119154753552309e-28	1.588000021596513989e-02	6.787498141189939049e-02	2.125018588104485469e-03	9.829286207689081458e-12	2.119999773735622029e-03
4.080000000000000426e+01	2.392304137704621966e-14	2.335002457416713968e-16	1.096508653755562829e-23	1.994981195721150062e-03	5.018804479926455802e-06	6.649230536547973357e-24	4.445173566102708830e-17	8.278713383355020224e-14	5.958113525672257731e-14	7.028397592303056106e-24	5.723119087278653753e-28	1.588000021591681049e-02	6.787498141185123457e-02	2.125018588152684761e-03	9.852786198290604902e-12	2.119999773760441585e-03
4.090000000000000568e+01	2.392304124882552228e-14	2.335002444894658899e-16	1.096508649593377428e-23	1.994981195720508214e-03	5.018804479807445132e-06	6.649230536390299892e-24	4.445173542264238232e-17	8.278713322054543905e-14	5.958113468768671217e-14	7.028397525202234201e-24	5.723119025930075137e-28	1.588000021586848109e-02	6.787498141180307865e-02	2.125018588200884052e-03	9.876286188891570969e-12	2.119999773785261141e-03
4.100000000000000000e+01	2.392304113223141664e-14	2.335002433507413768e-16	1.096508645808379952e-23	1.994981195719866367e-03	5.018804479688433615e-06	6.649230536232626426e-24	4.445173520586125468e-17	8.278713266318951157e-14	5.958113417033808638e-14	7.028397464196382832e-24	5.723118970144362645e-28	1.588000021582015170e-02	6.787498141175492272e-02	2.125018588249083344e-03	9.899786179491979659e-12	2.119999773810080698e-03
4.110000000000000142e+01	2.392304102613590106e-14	2.335002423144881203e-16	1.096508642363976527e-23	1.994981195719224519e-03	5.018804479569422945e-06	6.649230536074957369e-24	4.445173500858777593e-17	8.278713215607492347e-14	5.958113369965108802e-14	7.028397408692882398e-24	5.723118919381815030e-28	1.588000021577182230e-02	6.787498141170676680e-02	2.125018588297282636e-03	9.923286170091832586e-12	2.119999773834900254e-03
4.120000000000000284e+01	2.392304092965812716e-14	2.335002413721085721e-16	1.096508639231590886e-23	1.994981195718582671e-03	5.018804479450411427e-06	6.649230535917282434e-24	4.445173482918521375e-17	8.278713169498672148e-14	5.958113327171835647e-14	7.028397358230972910e-24	5.723118873220980904e-28	1.588000021572349291e-02	6.787498141165861087e-02	2.125018588345481928e-03	9.946786160691131367e-12	2.119999773859719810e-03
4.130000000000000426e+01	2.392304084198081609e-14	2.335002405156257212e-16	1.096508636384709019e-23	1.994981195717940824e-03	5.018804479331401604e-06	6.649230535759610438e-24	4.445173466613498010e-17	8.278713127602837452e-14	5.958113288291854057e-14	7.028397312383625188e-24	5.723118831270822213e-28	1.588000021567516351e-02	6.787498141161045495e-02	2.125018588393681220e-03	9.970286151289867923e-12	2.119999773884539366e-03
4.140000000000000568e+01	2.392304076225253767e-14	2.335002397367292139e-16	1.096508633795708425e-23	1.994981195717298976e-03	5.018804479212390087e-06	6.649230535601936973e-24	4.445173451785497744e-17	8.278713089505134511e-14	5.958113252939188904e-14	7.028397270695703982e-24	5.723118793123965127e-28	1.588000021562683411e-02	6.787498141156229903e-02	2.125018588441880511e-03	9.993786141888048718e-12	2.119999773909358922e-03
4.150000000000000000e+01	2.392304068974640705e-14	2.335002390283243310e-16	1.096508631441007953e-23	1.994981195716657128e-03	5.018804479093378570e-06	6.649230535444263508e-24	4.445173438299461427e-17	8.278713054859779717e-14	5.958113220792753607e-14	7.028397232788576684e-24	5.723118758432621268e-28	1.588000021557850472e-02	6.787498141151414310e-02	2.125018588490079803e-03	1.001728613248566890e-11	2.119999773934178478e-03
4.160000000000000142e+01	2.392304062378722556e-14	2.335002383838207313e-16	1.096508629298703001e-23	1.994981195716015281e-03	5.018804478974367900e-06	6.649230535286591512e-24	4.445173426029925664e-17	8.278713023352214468e-14	5.958113191560674678e-14	7.028397198318061488e-24	5.723118726873738650e-28	1.588000021553017532e-02	6.787498141146598718e-02	2.125018588538279095e-03	1.004078612308273333e-11	2.119999773958998034e-03
4.170000000000000284e+01	2.392304056379380467e-14	2.335002377975458640e-16	1.096508627349938491e-23	1.994981195715373433e-03	5.018804478855356382e-06	6.649230535128916577e-24	4.445173414868901559e-17	8.278712994696569455e-14	5.958113164977490957e-14	7.028397166971131594e-24	5.723118698169237778e-28	1.588000021548184593e-02	6.787498141141783126e-02	2.125018588586478387e-03	1.006428611367924199e-11	2.119999773983817590e-03
4.180000000000000426e+01	2.392304050921244922e-14	2.335002372640952429e-16	1.096508625576751548e-23	1.994981195714731585e-03	5.018804478736345712e-06	6.649230534971246050e-24	4.445173404713501311e-17	8.278712968633370026e-14	5.958113140802069753e-14	7.028397138463440796e-24	5.723118672054197460e-28	1.588000021543351653e-02	6.787498141136967533e-02	2.125018588634677678e-03	1.008778610427519327e-11	2.119999774008637147e-03
4.190000000000000568e+01	2.392304045949963089e-14	2.335002367781638771e-16	1.096508623961508874e-23	1.994981195714089738e-03	5.018804478617334195e-06	6.649230534813571115e-24	4.445173395462735936e-17	8.278712944893820347e-14	5.958113118785012376e-14	7.028397112500900980e-24	5.723118648268563604e-28	1.588000021538518713e-02	6.787498141132151941e-02	2.125018588682876970e-03	1.011128609487059364e-11	2.119999774033456703e-03
4.200000000000000000e+01	2.392304041432704785e-14	2.335002363365473643e-16	1.096508622493560198e-23	1.994981195713447890e-03	5.018804478498323525e-06	6.649230534655900589e-24	4.445173387055599366e-17	8.278712923331639100e-14	5.958113098789983465e-14	7.028397088922738313e-24	5.723118626655252671e-28	1.588000021533685774e-02	6.787498141127336349e-02	2.125018588731076262e-03	1.013478608546542694e-11	2.119999774058276259e-03
4.210000000000000142e+01	2.392304037321828492e-14	2.335002359345956160e-16	1.096508621157449532e-23	1.994981195712806042e-03	5.018804478379312008e-06	6.649230534498227123e-24	4.445173379403569699e-17	8.278712903715183907e-14	5.958113080602715778e-14	7.028397067476289101e-24	5.723118606986320710e-28	1.588000021528852834e-02	6.787498141122520756e-02	2.125018588779275554e-03	1.015828607605970609e-11	2.119999774083095815e-03
4.220000000000000284e+01	2.392304033581701679e-14	2.335002355688308896e-16	1.096508619941617064e-23	1.994981195712164194e-03	5.018804478260301337e-06	6.649230534340553658e-24	4.445173372440436854e-17	8.278712885867860996e-14	5.958113064058507779e-14	7.028397047967346983e-24	5.723118589091280143e-28	1.588000021524019895e-02	6.787498141117705164e-02	2.125018588827474846e-03	1.018178606665342787e-11	2.119999774107915371e-03
4.230000000000000426e+01	2.392304030177814204e-14	2.335002352358846997e-16	1.096508618834866798e-23	1.994981195711522347e-03	5.018804478141289820e-06	6.649230534182881662e-24	4.445173366102078147e-17	8.278712869629300626e-14	5.958113049007888629e-14	7.028397030219646581e-24	5.723118572805013619e-28	1.588000021519186955e-02	6.787498141112889571e-02	2.125018588875674137e-03	1.020528605724659226e-11	2.119999774132734927e-03
4.240000000000000568e+01	2.392304027078521703e-14	2.335002349326683107e-16	1.096508617826932702e-23	1.994981195710880499e-03	5.018804478022279150e-06	6.649230534025209666e-24	4.445173360329692011e-17	8.278712854851749780e-14	5.958113035314837249e-14	7.028397014072791692e-24	5.723118557976111846e-28	1.588000021514354015e-02	6.787498141108073979e-02	2.125018588923873429e-03	1.022878604783920090e-11	2.119999774157554483e-03
4.250000000000000000e+01	2.392304024257523236e-14	2.335002346566148185e-16	1.096508616909282596e-23	1.994981195710238651e-03	5.018804477903267633e-06	6.649230533867536201e-24	4.445173355074410361e-17	8.278712841403139259e-14	5.958113022855703165e-14	7.028396999380975465e-24	5.723118544478740466e-28	1.588000021509521076e-02	6.787498141103258387e-02	2.125018588972072721e-03	1.025228603843124731e-11	2.119999774182374040e-03
4.260000000000000142e+01	2.392304021685287638e-14	2.335002344048418241e-16	1.096508616072336055e-23	1.994981195709596804e-03	5.018804477784256963e-06	6.649230533709864205e-24	4.445173350281360527e-17	8.278712829145499182e-14	5.958113011502786835e-14	7.028396985993615605e-24	5.723118532171601957e-28	1.588000021504688136e-02	6.787498141098442794e-02	2.125018589020272013e-03	1.027578602902274603e-11	2.119999774207193596e-03
4.270000000000000284e+01	2.392304019346104270e-14	2.335002341758158804e-16	1.096508615310995988e-23	1.994981195708954956e-03	5.018804477665245445e-06	6.649230533552189270e-24	4.445173345921350339e-17	8.278712818003252890e-14	5.958113001186097996e-14	7.028396973828174776e-24	5.723118520979527532e-28	1.588000021499855197e-02	6.787498141093627202e-02	2.125018589068471304e-03	1.029928601961368092e-11	2.119999774232013152e-03
4.280000000000000426e+01	2.392304017215901831e-14	2.335002339671872173e-16	1.096508614617452705e-23	1.994981195708313108e-03	5.018804477546234775e-06	6.649230533394517274e-24	4.445173341949648920e-17	8.278712807858725055e-14	5.958112991795876433e-14	7.028396962755229580e-24	5.723118510787339873e-28	1.588000021495022257e-02	6.787498141088811610e-02	2.125018589116670596e-03	1.032278601020406005e-11	2.119999774256832708e-03
4.290000000000000568e+01	2.392304015273728176e-14	2.335002337769112553e-16	1.096508613984910231e-23	1.994981195707671261e-03	5.018804477427223258e-06	6.649230533236845278e-24	4.445173338327329682e-17	8.278712798618705133e-14	5.958112983245900282e-14	7.028396952673101226e-24	5.723118501494803765e-28	1.588000021490189317e-02	6.787498141083996017e-02	2.125018589164869888e-03	1.034628600079387856e-11	2.119999774281652264e-03
4.300000000000000000e+01	2.392304013502872390e-14	2.335002336033567285e-16	1.096508613407945866e-23	1.994981195707029413e-03	5.018804477308212588e-06	6.649230533079170343e-24	4.445173335023338006e-17	8.278712790194881093e-14	5.958112975454435979e-14	7.028396943485412401e-24	5.723118493021951476e-28	1.588000021485356378e-02	6.787498141079180425e-02	2.125018589213069180e-03	1.036978599138314778e-11	2.119999774306471820e-03
4.310000000000000142e+01	2.392304011891338108e-14	2.335002334453526717e-16	1.096508612882669015e-23	1.994981195706387565e-03	5.018804477189200224e-06	6.649230532921496878e-24	4.445173332015386723e-17	8.278712782530660686e-14	5.958112968368184296e-14	7.028396935129312360e-24	5.723118485311390305e-28	1.588000021480523438e-02	6.787498141074364832e-02	2.125018589261268472e-03	1.039328598197185477e-11	2.119999774331291376e-03
4.320000000000000284e+01	2.392304010419250452e-14	2.335002333009592265e-16	1.096508612402630771e-23	1.994981195705745718e-03	5.018804477070190400e-06	6.649230532763826351e-24	4.445173329266541734e-17	8.278712775538129464e-14	5.958112961905573227e-14	7.028396927508611871e-24	5.723118478268027467e-28	1.588000021475690499e-02	6.787498141069549240e-02	2.125018589309467763e-03	1.041678597256001085e-11	2.119999774356110932e-03
4.330000000000000426e+01	2.392304009079742547e-14	2.335002331695062555e-16	1.096508611965604159e-23	1.994981195705103870e-03	5.018804476951178883e-06	6.649230532606151416e-24	4.445173326764047529e-17	8.278712769174730592e-14	5.958112956027160991e-14	7.028396920576801030e-24	5.723118471859010247e-28	1.588000021470857559e-02	6.787498141064733648e-02	2.125018589357667055e-03	1.044028596314760308e-11	2.119999774380930489e-03
4.340000000000000568e+01	2.392304007856997416e-14	2.335002330494499581e-16	1.096508611566457558e-23	1.994981195704462022e-03	5.018804476832169060e-06	6.649230532448479420e-24	4.445173324478512876e-17	8.278712763374173247e-14	5.958112950671206914e-14	7.028396914261071187e-24	5.723118466008651488e-28	1.588000021466024619e-02	6.787498141059918055e-02	2.125018589405866347e-03	1.046378595373463633e-11	2.119999774405750045e-03
4.350000000000000000e+01	2.392304006741505497e-14	2.335002329398619435e-16	1.096508611202105884e-23	1.994981195703820175e-03	5.018804476713157543e-06	6.649230532290807424e-24	4.445173322392266674e-17	8.278712758084670289e-14	5.958112945790086518e-14	7.028396908505271914e-24	5.723118460671459437e-28	1.588000021461191680e-02	6.787498141055102463e-02	2.125018589454065639e-03	1.048728594432111219e-11	2.119999774430569601e-03
4.360000000000000142e+01	2.392304005721743112e-14	2.335002328396176905e-16	1.096508610868810624e-23	1.994981195703178327e-03	5.018804476594146873e-06	6.649230532133133959e-24	4.445173320483896896e-17	8.278712753259107157e-14	5.958112941340478085e-14	7.028396903258305943e-24	5.723118455792298717e-28	1.588000021456358740e-02	6.787498141050286871e-02	2.125018589502264930e-03	1.051078593490703229e-11	2.119999774455389157e-03
4.370000000000000284e+01	2.392304004791466267e-14	2.335002327481076068e-16	1.096508610564545960e-23	1.994981195702536479e-03	5.018804476475135355e-06	6.649230531975460494e-24	4.445173318741802974e-17	8.278712748855805491e-14	5.958112937282956242e-14	7.028396898473692756e-24	5.723118451341286022e-28	1.588000021451525801e-02	6.787498141045471278e-02	2.125018589550464222e-03	1.053428592549239502e-11	2.119999774480208713e-03
4.380000000000000426e+01	2.392304003941488206e-14	2.335002326644351027e-16	1.096508610286332308e-23	1.994981195701894632e-03	5.018804476356123838e-06	6.649230531817788497e-24	4.445173317148914696e-17	8.278712744836843169e-14	5.958112933581966712e-14	7.028396894109502470e-24	5.723118447274477528e-28	1.588000021446692861e-02	6.787498141040655686e-02	2.125018589598663514e-03	1.055778591607720199e-11	2.119999774505028269e-03
4.390000000000000568e+01	2.392304003164339676e-14	2.335002325878710736e-16	1.096508610031745505e-23	1.994981195701252784e-03	5.018804476237111474e-06	6.649230531660115032e-24	4.445173315691351193e-17	8.278712741166568726e-14	5.958112930205047552e-14	7.028396890127456582e-24	5.723118443556124654e-28	1.588000021441859921e-02	6.787498141035840094e-02	2.125018589646862806e-03	1.058128590666144834e-11	2.119999774529847825e-03
4.400000000000000000e+01	2.392304002453089431e-14	2.335002325177389725e-16	1.096508609798537270e-23	1.994981195700610936e-03	5.018804476118102498e-06	6.649230531502444505e-24	4.445173314356234309e-17	8.278712737813734437e-14	5.958112927122728181e-14	7.028396886492804540e-24	5.723118440153071557e-28	1.588000021437026982e-02	6.787498141031024501e-02	2.125018589695062098e-03	1.060478589724513893e-11	2.119999774554667381e-03
4.410000000000000142e+01	2.392304001802147918e-14	2.335002324534934009e-16	1.096508609584894699e-23	1.994981195699969088e-03	5.018804475999090134e-06	6.649230531344769571e-24	4.445173313133179432e-17	8.278712734748722043e-14	5.958112924308133056e-14	7.028396883173852076e-24	5.723118437038572047e-28	1.588000021432194042e-02	6.787498141026208909e-02	2.125018589743261389e-03	1.062828588782827215e-11	2.119999774579486938e-03
4.420000000000000284e+01	2.392304001205819245e-14	2.335002323945782116e-16	1.096508609388969325e-23	1.994981195699327241e-03	5.018804475880079463e-06	6.649230531187099044e-24	4.445173312011601032e-17	8.278712731942817010e-14	5.958112921734040795e-14	7.028396880138502318e-24	5.723118434185372325e-28	1.588000021427361103e-02	6.787498141021393316e-02	2.125018589791460681e-03	1.065178587841085284e-11	2.119999774604306494e-03
4.430000000000000426e+01	2.392304000659336169e-14	2.335002323405282234e-16	1.096508609209214492e-23	1.994981195698685393e-03	5.018804475761068793e-06	6.649230531029424109e-24	4.445173310982641066e-17	8.278712729377703879e-14	5.958112919383645505e-14	7.028396877366934962e-24	5.723118431570664185e-28	1.588000021422528163e-02	6.787498141016577724e-02	2.125018589839659973e-03	1.067528586899287291e-11	2.119999774629126050e-03
4.440000000000000568e+01	2.392304000157965838e-14	2.335002322908814596e-16	1.096508609044095739e-23	1.994981195698043545e-03	5.018804475642057276e-06	6.649230530871752113e-24	4.445173310037506815e-17	8.278712727029473223e-14	5.958112917234793448e-14	7.028396874833030523e-24	5.723118429171804437e-28	1.588000021417695223e-02	6.787498141011762132e-02	2.125018589887859265e-03	1.069878585957433561e-11	2.119999774653945606e-03
4.450000000000000000e+01	2.392303999698056144e-14	2.335002322452815521e-16	1.096508608892427287e-23	1.994981195697401698e-03	5.018804475523046606e-06	6.649230530714078648e-24	4.445173309169411612e-17	8.278712724877849424e-14	5.958112915268593613e-14	7.028396872514510445e-24	5.723118426971318330e-28	1.588000021412862284e-02	6.787498141006946539e-02	2.125018589936058556e-03	1.072228585015523932e-11	2.119999774678765162e-03
4.460000000000000142e+01	2.392303999276479410e-14	2.335002322034229655e-16	1.096508608753194683e-23	1.994981195696759850e-03	5.018804475404035089e-06	6.649230530556405183e-24	4.445173308372543152e-17	8.278712722905656772e-14	5.958112913468474874e-14	7.028396870391832134e-24	5.723118424954237752e-28	1.588000021408029344e-02	6.787498141002130947e-02	2.125018589984257848e-03	1.074578584073558726e-11	2.119999774703584718e-03
4.470000000000000284e+01	2.392303998887259857e-14	2.335002321647226328e-16	1.096508608624459390e-23	1.994981195696118002e-03	5.018804475285023571e-06	6.649230530398733187e-24	4.445173307635798219e-17	8.278712721095674116e-14	5.958112911819388289e-14	7.028396868447248563e-24	5.723118423091973526e-28	1.588000021403196405e-02	6.787498140997315355e-02	2.125018590032457140e-03	1.076928583131537783e-11	2.119999774728404274e-03
4.480000000000000426e+01	2.392303998529078194e-14	2.335002321290517724e-16	1.096508608505793529e-23	1.994981195695476155e-03	5.018804475166013748e-06	6.649230530241061191e-24	4.445173306956725798e-17	8.278712719431990448e-14	5.958112910306498223e-14	7.028396866663269848e-24	5.723118421378216445e-28	1.588000021398363465e-02	6.787498140992499762e-02	2.125018590080656432e-03	1.079278582189461263e-11	2.119999774753223831e-03
4.490000000000000568e+01	2.392303998199943021e-14	2.335002320962160289e-16	1.096508608396550725e-23	1.994981195694834307e-03	5.018804475047002231e-06	6.649230530083387725e-24	4.445173306331625021e-17	8.278712717902033219e-14	5.958112908917065520e-14	7.028396865024876107e-24	5.723118419803434092e-28	1.588000021393530525e-02	6.787498140987684170e-02	2.125018590128855724e-03	1.081628581247329814e-11	2.119999774778043387e-03
4.500000000000000000e+01	2.392303997895389384e-14	2.335002320657794579e-16	1.096508608295282915e-23	1.994981195694192459e-03	5.018804474927991561e-06	6.649230529925715729e-24	4.445173305752199290e-17	8.278712716495973852e-14	5.958112907643267204e-14	7.028396863522835303e-24	5.723118418346263952e-28	1.588000021388697586e-02	6.787498140982868577e-02	2.125018590177055015e-03	1.083978580305141819e-11	2.119999774802862943e-03
4.510000000000000142e+01	2.392303997614739180e-14	2.335002320376760416e-16	1.096508608201769695e-23	1.994981195693550612e-03	5.018804474808980043e-06	6.649230529768040794e-24	4.445173305217190127e-17	8.278712715201252421e-14	5.958112906472742771e-14	7.028396862142575714e-24	5.723118417003463084e-28	1.588000021383864646e-02	6.787498140978052985e-02	2.125018590225254307e-03	1.086328579362897924e-11	2.119999774827682499e-03
4.520000000000000284e+01	2.392303997355292610e-14	2.335002320116421527e-16	1.096508608115134733e-23	1.994981195692908764e-03	5.018804474689968526e-06	6.649230529610367329e-24	4.445173304721577786e-17	8.278712714006614088e-14	5.958112905395182756e-14	7.028396860871942728e-24	5.723118415762110845e-28	1.588000021379031707e-02	6.787498140973237393e-02	2.125018590273453599e-03	1.088678578420598615e-11	2.119999774852502055e-03
4.530000000000000426e+01	2.392303997113936199e-14	2.335002319873740302e-16	1.096508608034369455e-23	1.994981195692266916e-03	5.018804474570957856e-06	6.649230529452696802e-24	4.445173304259581397e-17	8.278712712904275005e-14	5.958112904402948461e-14	7.028396859701920303e-24	5.723118414607316250e-28	1.588000021374198767e-02	6.787498140968421800e-02	2.125018590321652891e-03	1.091028577478243730e-11	2.119999774877321611e-03
4.540000000000000568e+01	2.392303996891157461e-14	2.335002319649191045e-16	1.096508607959630348e-23	1.994981195691625069e-03	5.018804474451947186e-06	6.649230529295023337e-24	4.445173303832102603e-17	8.278712711885304005e-14	5.958112903488675080e-14	7.028396858623834761e-24	5.723118413541406578e-28	1.588000021369365827e-02	6.787498140963606208e-02	2.125018590369852182e-03	1.093378576535832784e-11	2.119999774902141167e-03
4.550000000000000000e+01	2.392303996683817363e-14	2.335002319439710511e-16	1.096508607889900464e-23	1.994981195690983221e-03	5.018804474332935669e-06	6.649230529137349872e-24	4.445173303433313077e-17	8.278712710942090157e-14	5.958112902644665855e-14	7.028396857628602469e-24	5.723118412549365290e-28	1.588000021364532888e-02	6.787498140958790616e-02	2.125018590418051474e-03	1.095728575593365777e-11	2.119999774926960723e-03
4.560000000000000142e+01	2.392303996490458404e-14	2.335002319243876777e-16	1.096508607824706225e-23	1.994981195690341373e-03	5.018804474213924151e-06	6.649230528979676406e-24	4.445173303060500495e-17	8.278712710066751164e-14	5.958112901863677151e-14	7.028396856707684929e-24	5.723118411624219524e-28	1.588000021359699948e-02	6.787498140953975023e-02	2.125018590466250766e-03	1.098078574650844001e-11	2.119999774951780280e-03
4.570000000000000284e+01	2.392303996310591492e-14	2.335002319061211597e-16	1.096508607763888645e-23	1.994981195689699525e-03	5.018804474094913481e-06	6.649230528822002941e-24	4.445173302712757666e-17	8.278712709255073877e-14	5.958112901141716699e-14	7.028396855856372819e-24	5.723118410763624964e-28	1.588000021354867008e-02	6.787498140949159431e-02	2.125018590514450058e-03	1.100428573708265680e-11	2.119999774976599836e-03
4.580000000000000426e+01	2.392303996142716211e-14	2.335002318890251141e-16	1.096508607706961658e-23	1.994981195689057678e-03	5.018804473975902811e-06	6.649230528664333884e-24	4.445173302387297076e-17	8.278712708500314482e-14	5.958112900472569538e-14	7.028396855067339868e-24	5.723118409960408756e-28	1.588000021350034069e-02	6.787498140944343838e-02	2.125018590562649350e-03	1.102778572765631783e-11	2.119999775001419392e-03
4.590000000000000568e+01	2.392303995985615824e-14	2.335002318729807187e-16	1.096508607653530297e-23	1.994981195688415830e-03	5.018804473856892141e-06	6.649230528506660418e-24	4.445173302081858145e-17	8.278712707796794443e-14	5.958112899851358615e-14	7.028396854334832033e-24	5.723118409208745085e-28	1.588000021345201129e-02	6.787498140939528246e-02	2.125018590610848641e-03	1.105128571822942148e-11	2.119999775026238948e-03
4.600000000000000000e+01	2.392303995837208053e-14	2.335002318577847925e-16	1.096508607602918947e-23	1.994981195687773982e-03	5.018804473737879777e-06	6.649230528348986953e-24	4.445173301792570525e-17	8.278712707139476409e-14	5.958112899273352025e-14	7.028396853653265715e-24	5.723118408498673746e-28	1.588000021340368190e-02	6.787498140934712654e-02	2.125018590659047933e-03	1.107478570880196937e-11	2.119999775051058504e-03
4.610000000000000142e+01	2.392303995698879400e-14	2.335002318435726744e-16	1.096508607555577675e-23	1.994981195687132135e-03	5.018804473618869953e-06	6.649230528191312018e-24	4.445173301522012189e-17	8.278712706525109012e-14	5.958112898734922272e-14	7.028396853018376808e-24	5.723118407836825011e-28	1.588000021335535250e-02	6.787498140929897061e-02	2.125018590707247225e-03	1.109828569937396150e-11	2.119999775075878060e-03
4.620000000000000284e+01	2.392303995568706622e-14	2.335002318301564677e-16	1.096508607510881706e-23	1.994981195686490287e-03	5.018804473499858436e-06	6.649230528033641491e-24	4.445173301266604912e-17	8.278712705949944846e-14	5.958112898232790218e-14	7.028396852426289119e-24	5.723118407213996497e-28	1.588000021330702310e-02	6.787498140925081469e-02	2.125018590755446517e-03	1.112178568994539302e-11	2.119999775100697616e-03
4.630000000000000426e+01	2.392303995445833332e-14	2.335002318174528982e-16	1.096508607468554506e-23	1.994981195685848439e-03	5.018804473380846919e-06	6.649230527875968026e-24	4.445173301024764810e-17	8.278712705410437193e-14	5.958112897763458369e-14	7.028396851872878134e-24	5.723118406626099550e-28	1.588000021325869371e-02	6.787498140920265877e-02	2.125018590803645809e-03	1.114528568051626716e-11	2.119999775125517173e-03
4.640000000000000568e+01	2.392303995329750872e-14	2.335002318054120704e-16	1.096508607428429888e-23	1.994981195685206592e-03	5.018804473261836249e-06	6.649230527718296030e-24	4.445173300795540937e-17	8.278712704902933312e-14	5.958112897323951773e-14	7.028396851354636470e-24	5.723118406070688514e-28	1.588000021321036431e-02	6.787498140915450284e-02	2.125018590851845100e-03	1.116878567108658554e-11	2.119999775150336729e-03
4.650000000000000000e+01	2.392303995219291413e-14	2.335002317939200434e-16	1.096508607390129931e-23	1.994981195684564744e-03	5.018804473142824732e-06	6.649230527560622565e-24	4.445173300576766388e-17	8.278712704424397665e-14	5.958112896911526456e-14	7.028396850868330049e-24	5.723118405542182408e-28	1.588000021316203492e-02	6.787498140910634692e-02	2.125018590900044392e-03	1.119228566165634331e-11	2.119999775175156285e-03
4.660000000000000142e+01	2.392303995114438861e-14	2.335002317829753379e-16	1.096508607353648611e-23	1.994981195683922896e-03	5.018804473023814061e-06	6.649230527402949099e-24	4.445173300368410351e-17	8.278712703971944915e-14	5.958112896523339996e-14	7.028396850410604304e-24	5.723118405040505003e-28	1.588000021311370552e-02	6.787498140905819100e-02	2.125018590948243684e-03	1.121578565222555016e-11	2.119999775199975841e-03
4.670000000000000284e+01	2.392303995015133579e-14	2.335002317725719882e-16	1.096508607318966825e-23	1.994981195683281049e-03	5.018804472904802544e-06	6.649230527245275634e-24	4.445173300170360657e-17	8.278712703544112198e-14	5.958112896157875253e-14	7.028396849979673952e-24	5.723118404565367517e-28	1.588000021306537612e-02	6.787498140901003507e-02	2.125018590996442976e-03	1.123928564279419480e-11	2.119999775224795397e-03
4.680000000000000426e+01	2.392303994919762505e-14	2.335002317625527151e-16	1.096508607285561774e-23	1.994981195682639201e-03	5.018804472785791874e-06	6.649230527087603638e-24	4.445173299979621486e-17	8.278712703138014177e-14	5.958112895812735354e-14	7.028396849572708992e-24	5.723118404109055411e-28	1.588000021301704673e-02	6.787498140896187915e-02	2.125018591044642267e-03	1.126278563336228366e-11	2.119999775249614953e-03
4.690000000000000568e+01	2.392303994829278581e-14	2.335002317530103578e-16	1.096508607253741876e-23	1.994981195681997353e-03	5.018804472666781204e-06	6.649230526929930173e-24	4.445173299797962843e-17	8.278712702751996137e-14	5.958112895486074996e-14	7.028396849187539166e-24	5.723118403676124587e-28	1.588000021296871733e-02	6.787498140891372322e-02	2.125018591092841559e-03	1.128628562392981354e-11	2.119999775274434509e-03
4.700000000000000000e+01	2.392303994742145739e-14	2.335002317437951312e-16	1.096508607223008870e-23	1.994981195681355506e-03	5.018804472547769687e-06	6.649230526772259646e-24	4.445173299622531271e-17	8.278712702384145880e-14	5.958112895176238200e-14	7.028396848822204338e-24	5.723118403259228205e-28	1.588000021292038794e-02	6.787498140886556730e-02	2.125018591141040851e-03	1.130978561449678604e-11	2.119999775299254065e-03
4.710000000000000142e+01	2.392303994658528376e-14	2.335002317349230591e-16	1.096508607193417123e-23	1.994981195680713658e-03	5.018804472428758169e-06	6.649230526614584711e-24	4.445173299453631837e-17	8.278712702032041286e-14	5.958112894881269855e-14	7.028396848474402008e-24	5.723118402859152785e-28	1.588000021287205854e-02	6.787498140881741138e-02	2.125018591189240143e-03	1.133328560506321247e-11	2.119999775324073622e-03
4.720000000000000284e+01	2.392303994576591918e-14	2.335002317262149715e-16	1.096508607164370069e-23	1.994981195680071810e-03	5.018804472309748346e-06	6.649230526456912715e-24	4.445173299287856416e-17	8.278712701695077772e-14	5.958112894600555279e-14	7.028396848143407778e-24	5.723118402467116558e-28	1.588000021282372914e-02	6.787498140876925545e-02	2.125018591237439435e-03	1.135678559562907344e-11	2.119999775348893178e-03
4.730000000000000426e+01	2.392303994499253888e-14	2.335002317179558444e-16	1.096508607136815159e-23	1.994981195679429962e-03	5.018804472190735982e-06	6.649230526299239250e-24	4.445173299130624728e-17	8.278712701371555186e-14	5.958112894332332474e-14	7.028396847827143962e-24	5.723118402097087668e-28	1.588000021277539975e-02	6.787498140872109953e-02	2.125018591285638726e-03	1.138028558619437542e-11	2.119999775373712734e-03
4.740000000000000568e+01	2.392303994422949266e-14	2.335002317097974449e-16	1.096508607109595265e-23	1.994981195678788115e-03	5.018804472071725312e-06	6.649230526141565784e-24	4.445173298975312190e-17	8.278712701059696382e-14	5.958112894075442760e-14	7.028396847524244047e-24	5.723118401731997626e-28	1.588000021272707035e-02	6.787498140867294361e-02	2.125018591333838018e-03	1.140378557675912002e-11	2.119999775398532290e-03
4.750000000000000000e+01	2.392303994351247174e-14	2.335002317020883510e-16	1.096508607083868690e-23	1.994981195678146267e-03	5.018804471952713795e-06	6.649230525983892319e-24	4.445173298828553864e-17	8.278712700759361259e-14	5.958112893828759013e-14	7.028396847233381194e-24	5.723118401388932857e-28	1.588000021267874096e-02	6.787498140862478768e-02	2.125018591382037310e-03	1.142728556732330402e-11	2.119999775423351846e-03
4.760000000000000142e+01	2.392303994280029127e-14	2.335002316944264901e-16	1.096508607058299043e-23	1.994981195677504419e-03	5.018804471833702277e-06	6.649230525826220323e-24	4.445173298682693482e-17	8.278712700469951543e-14	5.958112893591671601e-14	7.028396846953831005e-24	5.723118401048181015e-28	1.588000021263041156e-02	6.787498140857663176e-02	2.125018591430236602e-03	1.145078555788693387e-11	2.119999775448171402e-03
4.770000000000000284e+01	2.392303994211347110e-14	2.335002316870122330e-16	1.096508607033552389e-23	1.994981195676862572e-03	5.018804471714692454e-06	6.649230525668546858e-24	4.445173298541547161e-17	8.278712700189642126e-14	5.958112893363129131e-14	7.028396846684359211e-24	5.723118400719565987e-28	1.588000021258208216e-02	6.787498140852847583e-02	2.125018591478435893e-03	1.147428554845001280e-11	2.119999775472990958e-03
4.780000000000000426e+01	2.392303994144316653e-14	2.335002316797590514e-16	1.096508607009341319e-23	1.994981195676220724e-03	5.018804471595680937e-06	6.649230525510874862e-24	4.445173298403467537e-17	8.278712699917697160e-14	5.958112893142583816e-14	7.028396846424317820e-24	5.723118400398850247e-28	1.588000021253375277e-02	6.787498140848031991e-02	2.125018591526635185e-03	1.149778553901252789e-11	2.119999775497810515e-03
4.790000000000000568e+01	2.392303994079712731e-14	2.335002316727428732e-16	1.096508606985917684e-23	1.994981195675578876e-03	5.018804471476669420e-06	6.649230525353202866e-24	4.445173298269899210e-17	8.278712699653821294e-14	5.958112892929186213e-14	7.028396846172707662e-24	5.723118400089748469e-28	1.588000021248542337e-02	6.787498140843216399e-02	2.125018591574834477e-03	1.152128552957448722e-11	2.119999775522630071e-03
4.800000000000000000e+01	2.392303994015065895e-14	2.335002316657223070e-16	1.096508606962479502e-23	1.994981195674937029e-03	5.018804471357658750e-06	6.649230525195529400e-24	4.445173298136248300e-17	8.278712699396587005e-14	5.958112892722230763e-14	7.028396845928691198e-24	5.723118399780436832e-28	1.588000021243709398e-02	6.787498140838400806e-02	2.125018591623033769e-03	1.154478552013589079e-11	2.119999775547449627e-03
4.810000000000000142e+01	2.392303993952387110e-14	2.335002316588939763e-16	1.096508606939680496e-23	1.994981195674295181e-03	5.018804471238648079e-06	6.649230525037857404e-24	4.445173298006256349e-17	8.278712699145871864e-14	5.958112892521263083e-14	7.028396845691735047e-24	5.723118399480543714e-28	1.588000021238876458e-02	6.787498140833585214e-02	2.125018591671233061e-03	1.156828551069673537e-11	2.119999775572269183e-03
4.820000000000000284e+01	2.392303993890966084e-14	2.335002316521883135e-16	1.096508606917289385e-23	1.994981195673653333e-03	5.018804471119637409e-06	6.649230524880183939e-24	4.445173297878600166e-17	8.278712698900654767e-14	5.958112892325616744e-14	7.028396845461053097e-24	5.723118399186667436e-28	1.588000021234043518e-02	6.787498140828769622e-02	2.125018591719432352e-03	1.159178550125702095e-11	2.119999775597088739e-03
4.830000000000000426e+01	2.392303993831341453e-14	2.335002316456580243e-16	1.096508606895480733e-23	1.994981195673011486e-03	5.018804471000625892e-06	6.649230524722511943e-24	4.445173297754281850e-17	8.278712698660839789e-14	5.958112892134798233e-14	7.028396845236067886e-24	5.723118398901386387e-28	1.588000021229210579e-02	6.787498140823954029e-02	2.125018591767631644e-03	1.161528549181675077e-11	2.119999775621908295e-03
4.840000000000000568e+01	2.392303993771382029e-14	2.335002316390950467e-16	1.096508606873563934e-23	1.994981195672369638e-03	5.018804470881614375e-06	6.649230524564837008e-24	4.445173297629342923e-17	8.278712698425781959e-14	5.958112891948444043e-14	7.028396845016344482e-24	5.723118398614504493e-28	1.588000021224377639e-02	6.787498140819138437e-02	2.125018591815830936e-03	1.163878548237592160e-11	2.119999775646727851e-03
4.850000000000000000e+01	2.392303993712813524e-14	2.335002316326678025e-16	1.096508606852097938e-23	1.994981195671727790e-03	5.018804470762603705e-06	6.649230524407166481e-24	4.445173297506986282e-17	8.278712698194904460e-14	5.958112891766075810e-14	7.028396844801321586e-24	5.723118398334277983e-28	1.588000021219544700e-02	6.787498140814322845e-02	2.125018591864030228e-03	1.166228547293453505e-11	2.119999775671547407e-03
4.860000000000000142e+01	2.392303993655433991e-14	2.335002316263567180e-16	1.096508606831017798e-23	1.994981195671085943e-03	5.018804470643592187e-06	6.649230524249493016e-24	4.445173297386839685e-17	8.278712697968000296e-14	5.958112891587293424e-14	7.028396844590524592e-24	5.723118398059737382e-28	1.588000021214711760e-02	6.787498140809507252e-02	2.125018591912229519e-03	1.168578546349259920e-11	2.119999775696366964e-03
4.870000000000000284e+01	2.392303993598888756e-14	2.335002316201269848e-16	1.096508606810208462e-23	1.994981195670444095e-03	5.018804470524581517e-06	6.649230524091821020e-24	4.445173297268244309e-17	8.278712697744664307e-14	5.958112891411868429e-14	7.028396844383690483e-24	5.723118397789192163e-28	1.588000021209878820e-02	6.787498140804691660e-02	2.125018591960428811e-03	1.170928545405009951e-11	2.119999775721186520e-03
4.880000000000000426e+01	2.392303993542437554e-14	2.335002316139065208e-16	1.096508606789429542e-23	1.994981195669802247e-03	5.018804470405570847e-06	6.649230523934147555e-24	4.445173297149823345e-17	8.278712697524758917e-14	5.958112891239494117e-14	7.028396844180450449e-24	5.723118397519094462e-28	1.588000021205045881e-02	6.787498140799876067e-02	2.125018592008628103e-03	1.173278544460704245e-11	2.119999775746006076e-03
4.890000000000000568e+01	2.392303993487161440e-14	2.335002316078005894e-16	1.096508606769031630e-23	1.994981195669160400e-03	5.018804470286559330e-06	6.649230523776471150e-24	4.445173297033584690e-17	8.278712697307772943e-14	5.958112891069876400e-14	7.028396843980463595e-24	5.723118397254619892e-28	1.588000021200212941e-02	6.787498140795060475e-02	2.125018592056827395e-03	1.175628543516342639e-11	2.119999775770825632e-03
4.900000000000000000e+01	2.392303993431698838e-14	2.335002316016765636e-16	1.096508606748573767e-23	1.994981195668518552e-03	5.018804470167548660e-06	6.649230523618800624e-24	4.445173296917001525e-17	8.278712697093392103e-14	5.958112890902765368e-14	7.028396843783431640e-24	5.723118396989254769e-28	1.588000021195380002e-02	6.787498140790244883e-02	2.125018592105026687e-03	1.177978542571925295e-11	2.119999775795645188e-03
4.910000000000000142e+01	2.392303993377191074e-14	2.335002315956456234e-16	1.096508606728424912e-23	1.994981195667876704e-03	5.018804470048537142e-06	6.649230523461127158e-24	4.445173296802190216e-17	8.278712696881121625e-14	5.958112890737841690e-14	7.028396843588979895e-24	5.723118396728454515e-28	1.588000021190547062e-02	6.787498140785429290e-02	2.125018592153225978e-03	1.180328541627452536e-11	2.119999775820464744e-03
4.920000000000000284e+01	2.392303993323464598e-14	2.335002315896911534e-16	1.096508606708530258e-23	1.994981195667234856e-03	5.018804469929526472e-06	6.649230523303455162e-24	4.445173296688832753e-17	8.278712696671444920e-14	5.958112890574972836e-14	7.028396843396951138e-24	5.723118396471394944e-28	1.588000021185714122e-02	6.787498140780613698e-02	2.125018592201425270e-03	1.182678540682923879e-11	2.119999775845284300e-03
4.930000000000000426e+01	2.392303993269857713e-14	2.335002315837482204e-16	1.096508606688673807e-23	1.994981195666593009e-03	5.018804469810514955e-06	6.649230523145781697e-24	4.445173296575695924e-17	8.278712696463831876e-14	5.958112890414008609e-14	7.028396843207166106e-24	5.723118396214907551e-28	1.588000021180881183e-02	6.787498140775798106e-02	2.125018592249624562e-03	1.185028539738339645e-11	2.119999775870103857e-03
4.940000000000000568e+01	2.392303993216449621e-14	2.335002315778247625e-16	1.096508606668882303e-23	1.994981195665951161e-03	5.018804469691504285e-06	6.649230522988111170e-24	4.445173296462930107e-17	8.278712696257911412e-14	5.958112890254759680e-14	7.028396843019405862e-24	5.723118395959373489e-28	1.588000021176048243e-02	6.787498140770982513e-02	2.125018592297823854e-03	1.187378538793699350e-11	2.119999775894923413e-03
4.950000000000000000e+01	2.392303993163152916e-14	2.335002315719120035e-16	1.096508606649126651e-23	1.994981195665309313e-03	5.018804469572493615e-06	6.649230522830439174e-24	4.445173296350369516e-17	8.278712696053388178e-14	5.958112890097006431e-14	7.028396842833408861e-24	5.723118395704366764e-28	1.588000021171215304e-02	6.787498140766166921e-02	2.125018592346023145e-03	1.189728537849003479e-11	2.119999775919742969e-03
4.960000000000000142e+01	2.392303993110781071e-14	2.335002315660896677e-16	1.096508606629671191e-23	1.994981195664667466e-03	5.018804469453482097e-06	6.649230522672765709e-24	4.445173296239529013e-17	8.278712695850409850e-14	5.958112889940599926e-14	7.028396842649001715e-24	5.723118395453787694e-28	1.588000021166382364e-02	6.787498140761351328e-02	2.125018592394222437e-03	1.192078536904252032e-11	2.119999775944562525e-03
4.970000000000000284e+01	2.392303993058579621e-14	2.335002315602838979e-16	1.096508606610270832e-23	1.994981195664025618e-03	5.018804469334470580e-06	6.649230522515090774e-24	4.445173296129002821e-17	8.278712695648999146e-14	5.958112889785461910e-14	7.028396842466088917e-24	5.723118395204025636e-28	1.588000021161549424e-02	6.787498140756535736e-02	2.125018592442421729e-03	1.194428535959444847e-11	2.119999775969382081e-03
4.980000000000000426e+01	2.392303993006327052e-14	2.335002315544731485e-16	1.096508606590854310e-23	1.994981195663383770e-03	5.018804469215459910e-06	6.649230522357418778e-24	4.445173296018383567e-17	8.278712695448661292e-14	5.958112889631473737e-14	7.028396842284527937e-24	5.723118394954016054e-28	1.588000021156716485e-02	6.787498140751720144e-02	2.125018592490621021e-03	1.196778535014582086e-11	2.119999775994201637e-03
4.990000000000000568e+01	2.392303992954600812e-14	2.335002315487138230e-16	1.096508606571607941e-23	1.994981195662741923e-03	5.018804469096449240e-06	6.649230522199745313e-24	4.445173295908741762e-17	8.278712695249696688e-14	5.958112889478562201e-14	7.028396842104242368e-24	5.723118394706528360e-28	1.588000021151883545e-02	6.787498140746904551e-02	2.125018592538820313e-03	1.199128534069663587e-11	2.119999776019021193e-03
5.000000000000000000e+01	2.392303992903038023e-14	2.335002315429704225e-16	1.096508606552414910e-23	1.994981195662100075e-03	5.018804468977437723e-06	6.649230522042071848e-24	4.445173295799404408e-17	8.278712695051768331e-14	5.958112889326643999e-14	7.028396841925126416e-24	5.723118394459819115e-28	1.588000021147050606e-02	6.787498140742088959e-02	2.125018592587019604e-03	1.201478533124689027e-11	2.119999776043840749e-03
5.010000000000000142e+01	2.392303992851767744e-14	2.335002315372555690e-16	1.096508606533316948e-23	1.994981195661458227e-03	5.018804468858426205e-06	6.649230521884399852e-24	4.445173295690609396e-17	8.278712694854824473e-14	5.958112889175623205e-14	7.028396841747066940e-24	5.723118394214511618e-28	1.588000021142217666e-02	6.787498140737273367e-02	2.125018592635218896e-03	1.203828532179658891e-11	2.119999776068660306e-03
5.020000000000000284e+01	2.392303992800482634e-14	2.335002315315392364e-16	1.096508606514213842e-23	1.994981195660816380e-03	5.018804468739414688e-06	6.649230521726726386e-24	4.445173295581786651e-17	8.278712694658466265e-14	5.958112889025376126e-14	7.028396841569922880e-24	5.723118393969131477e-28	1.588000021137384726e-02	6.787498140732457774e-02	2.125018592683418188e-03	1.206178531234573017e-11	2.119999776093479862e-03
5.030000000000000426e+01	2.392303992749705235e-14	2.335002315258725034e-16	1.096508606495275746e-23	1.994981195660174532e-03	5.018804468620404865e-06	6.649230521569054390e-24	4.445173295473909306e-17	8.278712694463072361e-14	5.958112888875832080e-14	7.028396841393606074e-24	5.723118393726182645e-28	1.588000021132551787e-02	6.787498140727642182e-02	2.125018592731617480e-03	1.208528530289431406e-11	2.119999776118299418e-03
5.040000000000000568e+01	2.392303992698824654e-14	2.335002315201956138e-16	1.096508606476303855e-23	1.994981195659532684e-03	5.018804468501394195e-06	6.649230521411382394e-24	4.445173295365837827e-17	8.278712694268438288e-14	5.958112888726978444e-14	7.028396841218103298e-24	5.723118393482738762e-28	1.588000021127718847e-02	6.787498140722826589e-02	2.125018592779816771e-03	1.210878529344234057e-11	2.119999776143118974e-03
5.050000000000000000e+01	2.392303992647902736e-14	2.335002315145147306e-16	1.096508606457318740e-23	1.994981195658890837e-03	5.018804468382381830e-06	6.649230521253708929e-24	4.445173295257690543e-17	8.278712694074561521e-14	5.958112888578762209e-14	7.028396841043351370e-24	5.723118393239096679e-28	1.588000021122885907e-02	6.787498140718010997e-02	2.125018592828016063e-03	1.213228528398980970e-11	2.119999776167938530e-03
5.060000000000000142e+01	2.392303992597459814e-14	2.335002315088806367e-16	1.096508606438489084e-23	1.994981195658248989e-03	5.018804468263371160e-06	6.649230521096036933e-24	4.445173295150433810e-17	8.278712693881030591e-14	5.958112888431060942e-14	7.028396840869209228e-24	5.723118392997747794e-28	1.588000021118052968e-02	6.787498140713195405e-02	2.125018592876215355e-03	1.215578527453672145e-11	2.119999776192758086e-03
5.070000000000000284e+01	2.392303992546611733e-14	2.335002315032070011e-16	1.096508606419527919e-23	1.994981195657607141e-03	5.018804468144360490e-06	6.649230520938363467e-24	4.445173295042423344e-17	8.278712693687943947e-14	5.958112888283845613e-14	7.028396840695637202e-24	5.723118392754459063e-28	1.588000021113220028e-02	6.787498140708379812e-02	2.125018592924414647e-03	1.217928526508307582e-11	2.119999776217577642e-03
5.080000000000000426e+01	2.392303992496541154e-14	2.335002314976092442e-16	1.096508606400818898e-23	1.994981195656965293e-03	5.018804468025348973e-06	6.649230520780690002e-24	4.445173294935857481e-17	8.278712693495607036e-14	5.958112888137063211e-14	7.028396840522580924e-24	5.723118392514890387e-28	1.588000021108387089e-02	6.787498140703564220e-02	2.125018592972613939e-03	1.220278525562887282e-11	2.119999776242397199e-03
5.090000000000000568e+01	2.392303992445919003e-14	2.335002314919576474e-16	1.096508606381931054e-23	1.994981195656323446e-03	5.018804467906337456e-06	6.649230520623018006e-24	4.445173294828267947e-17	8.278712693303278961e-14	5.958112887990667035e-14	7.028396840349969864e-24	5.723118392272683234e-28	1.588000021103554149e-02	6.787498140698748628e-02	2.125018593020813230e-03	1.222628524617411567e-11	2.119999776267216755e-03
5.100000000000000000e+01	2.392303992395684972e-14	2.335002314863438667e-16	1.096508606363168989e-23	1.994981195655681598e-03	5.018804467787326785e-06	6.649230520465343071e-24	4.445173294721399481e-17	8.278712693111711979e-14	5.958112887844615434e-14	7.028396840177774635e-24	5.723118392032332521e-28	1.588000021098721209e-02	6.787498140693933035e-02	2.125018593069012522e-03	1.224978523671880276e-11	2.119999776292036311e-03
5.110000000000000142e+01	2.392303992345486281e-14	2.335002314807336358e-16	1.096508606344418532e-23	1.994981195655039750e-03	5.018804467668316115e-06	6.649230520307671075e-24	4.445173294614595726e-17	8.278712692920215678e-14	5.958112887698894523e-14	7.028396840005965850e-24	5.723118391792151310e-28	1.588000021093888270e-02	6.787498140689117443e-02	2.125018593117211814e-03	1.227328522726292924e-11	2.119999776316855867e-03
5.120000000000000284e+01	2.392303992295554541e-14	2.335002314751494867e-16	1.096508606325754473e-23	1.994981195654397903e-03	5.018804467549304598e-06	6.649230520149997610e-24	4.445173294508288707e-17	8.278712692729472898e-14	5.958112887553505565e-14	7.028396839834549386e-24	5.723118391553248083e-28	1.588000021089055330e-02	6.787498140684301851e-02	2.125018593165411106e-03	1.229678521780649673e-11	2.119999776341675423e-03
5.130000000000000426e+01	2.392303992245161160e-14	2.335002314695201753e-16	1.096508606306941127e-23	1.994981195653756055e-03	5.018804467430293928e-06	6.649230519992324144e-24	4.445173294401123802e-17	8.278712692538601376e-14	5.958112887408398073e-14	7.028396839663463530e-24	5.723118391312134167e-28	1.588000021084222391e-02	6.787498140679486258e-02	2.125018593213610398e-03	1.232028520834950845e-11	2.119999776366494979e-03
5.140000000000000568e+01	2.392303992195761744e-14	2.335002314639878938e-16	1.096508606288449719e-23	1.994981195653114207e-03	5.018804467311282411e-06	6.649230519834652148e-24	4.445173294295804708e-17	8.278712692348445508e-14	5.958112887263537967e-14	7.028396839492670079e-24	5.723118391075779733e-28	1.588000021079389451e-02	6.787498140674670666e-02	2.125018593261809689e-03	1.234378519889196280e-11	2.119999776391314535e-03
5.150000000000000000e+01	2.392303992145210906e-14	2.335002314583432982e-16	1.096508606269584945e-23	1.994981195652472360e-03	5.018804467192271740e-06	6.649230519676978683e-24	4.445173294188348294e-17	8.278712692158303524e-14	5.958112887118959327e-14	7.028396839322207235e-24	5.723118390833913376e-28	1.588000021074556511e-02	6.787498140669855073e-02	2.125018593310008981e-03	1.236728518943385816e-11	2.119999776416134091e-03
5.160000000000000142e+01	2.392303992095732919e-14	2.335002314528034239e-16	1.096508606251068264e-23	1.994981195651830512e-03	5.018804467073260223e-06	6.649230519519306687e-24	4.445173294082883754e-17	8.278712691968238533e-14	5.958112886974525837e-14	7.028396839151919246e-24	5.723118390597180480e-28	1.588000021069723572e-02	6.787498140665039481e-02	2.125018593358208273e-03	1.239078517997519613e-11	2.119999776440953648e-03
5.170000000000000284e+01	2.392303992045904362e-14	2.335002314472292341e-16	1.096508606232438001e-23	1.994981195651188664e-03	5.018804466954249553e-06	6.649230519361634691e-24	4.445173293976768404e-17	8.278712691778803368e-14	5.958112886830337209e-14	7.028396838981917783e-24	5.723118390358770510e-28	1.588000021064890632e-02	6.787498140660223889e-02	2.125018593406407565e-03	1.241428517051597996e-11	2.119999776465773204e-03
5.180000000000000426e+01	2.392303991995652029e-14	2.335002314416137277e-16	1.096508606213670205e-23	1.994981195650546817e-03	5.018804466835238036e-06	6.649230519203961226e-24	4.445173293869866042e-17	8.278712691589096836e-14	5.958112886686318976e-14	7.028396838812116155e-24	5.723118390118331908e-28	1.588000021060057693e-02	6.787498140655408296e-02	2.125018593454606856e-03	1.243778516105620480e-11	2.119999776490592760e-03
5.190000000000000568e+01	2.392303991946032993e-14	2.335002314360600977e-16	1.096508606195107680e-23	1.994981195649904969e-03	5.018804466716227366e-06	6.649230519046289230e-24	4.445173293764139575e-17	8.278712691399423120e-14	5.958112886542365114e-14	7.028396838642390934e-24	5.723118389880925491e-28	1.588000021055224753e-02	6.787498140650592704e-02	2.125018593502806148e-03	1.246128515159587388e-11	2.119999776515412316e-03
5.200000000000000000e+01	2.392303991896328761e-14	2.335002314304979873e-16	1.096508606176517531e-23	1.994981195649263121e-03	5.018804466597216695e-06	6.649230518888617234e-24	4.445173293658254104e-17	8.278712691210269421e-14	5.958112886398553877e-14	7.028396838472834690e-24	5.723118389643110120e-28	1.588000021050391813e-02	6.787498140645777112e-02	2.125018593551005440e-03	1.248478514213498234e-11	2.119999776540231872e-03
5.210000000000000142e+01	2.392303991846222525e-14	2.335002314248967298e-16	1.096508606157797196e-23	1.994981195648621274e-03	5.018804466478205178e-06	6.649230518730942299e-24	4.445173293551622912e-17	8.278712691021014748e-14	5.958112886254887792e-14	7.028396838303448893e-24	5.723118389403371046e-28	1.588000021045558874e-02	6.787498140640961519e-02	2.125018593599204732e-03	1.250828513267354151e-11	2.119999776565051428e-03
5.220000000000000284e+01	2.392303991796600965e-14	2.335002314193428532e-16	1.096508606139233789e-23	1.994981195647979426e-03	5.018804466359194508e-06	6.649230518573270303e-24	4.445173293445892132e-17	8.278712690831747453e-14	5.958112886111273455e-14	7.028396838134123339e-24	5.723118389165950280e-28	1.588000021040725934e-02	6.787498140636145927e-02	2.125018593647404024e-03	1.253178512321153684e-11	2.119999776589870984e-03
5.230000000000000426e+01	2.392303991747398449e-14	2.335002314138298001e-16	1.096508606120806446e-23	1.994981195647337578e-03	5.018804466240182144e-06	6.649230518415598307e-24	4.445173293340940351e-17	8.278712690643059497e-14	5.958112885967786598e-14	7.028396837964952070e-24	5.723118388930536623e-28	1.588000021035892995e-02	6.787498140631330334e-02	2.125018593695603315e-03	1.255528511374898286e-11	2.119999776614690540e-03
5.240000000000000568e+01	2.392303991697272018e-14	2.335002314082265211e-16	1.096508606102079204e-23	1.994981195646695731e-03	5.018804466121171474e-06	6.649230518257923372e-24	4.445173293234269717e-17	8.278712690454289500e-14	5.958112885824451203e-14	7.028396837795955655e-24	5.723118388690698897e-28	1.588000021031060055e-02	6.787498140626514742e-02	2.125018593743802607e-03	1.257878510428586505e-11	2.119999776639510097e-03
5.250000000000000000e+01	2.392303991647784880e-14	2.335002314026857593e-16	1.096508606083559878e-23	1.994981195646053883e-03	5.018804466002160803e-06	6.649230518100251376e-24	4.445173293128789153e-17	8.278712690265318817e-14	5.958112885681153673e-14	7.028396837627003322e-24	5.723118388453924747e-28	1.588000021026227115e-02	6.787498140621699150e-02	2.125018593792001899e-03	1.260228509482218825e-11	2.119999776664329653e-03
5.260000000000000142e+01	2.392303991598383255e-14	2.335002313971533299e-16	1.096508606065067736e-23	1.994981195645412035e-03	5.018804465883149286e-06	6.649230517942577911e-24	4.445173293023466362e-17	8.278712690076724263e-14	5.958112885537915465e-14	7.028396837458122987e-24	5.723118388217557758e-28	1.588000021021394176e-02	6.787498140616883557e-02	2.125018593840201191e-03	1.262578508535795406e-11	2.119999776689149209e-03
5.270000000000000284e+01	2.392303991548804609e-14	2.335002313916035948e-16	1.096508606046518582e-23	1.994981195644770187e-03	5.018804465764138616e-06	6.649230517784907384e-24	4.445173292917816316e-17	8.278712689888457874e-14	5.958112885394827456e-14	7.028396837289420446e-24	5.723118387980344160e-28	1.588000021016561236e-02	6.787498140612067965e-02	2.125018593888400482e-03	1.264928507589316412e-11	2.119999776713968765e-03
5.280000000000000426e+01	2.392303991498629269e-14	2.335002313859955333e-16	1.096508606027775472e-23	1.994981195644128340e-03	5.018804465645127946e-06	6.649230517627233919e-24	4.445173292811055086e-17	8.278712689699855747e-14	5.958112885251810130e-14	7.028396837120797251e-24	5.723118387740271465e-28	1.588000021011728297e-02	6.787498140607252373e-02	2.125018593936599774e-03	1.267278506642781680e-11	2.119999776738788321e-03
5.290000000000000568e+01	2.392303991449014651e-14	2.335002313804422484e-16	1.096508606009214563e-23	1.994981195643486492e-03	5.018804465526117276e-06	6.649230517469560453e-24	4.445173292705337247e-17	8.278712689511184200e-14	5.958112885108776395e-14	7.028396836952159362e-24	5.723118387502886572e-28	1.588000021006895357e-02	6.787498140602436780e-02	2.125018593984799066e-03	1.269628505696191209e-11	2.119999776763607877e-03
5.300000000000000000e+01	2.392303991400117897e-14	2.335002313749591228e-16	1.096508605990886402e-23	1.994981195642844644e-03	5.018804465407105758e-06	6.649230517311888457e-24	4.445173292600954310e-17	8.278712689323062962e-14	5.958112884965812080e-14	7.028396836783602288e-24	5.723118387268934749e-28	1.588000021002062417e-02	6.787498140597621188e-02	2.125018594032998358e-03	1.271978504749544679e-11	2.119999776788427433e-03
5.310000000000000142e+01	2.392303991350479613e-14	2.335002313694035698e-16	1.096508605972317705e-23	1.994981195642202797e-03	5.018804465288095088e-06	6.649230517154213523e-24	4.445173292495191482e-17	8.278712689135017455e-14	5.958112884822985342e-14	7.028396836615205375e-24	5.723118387031435959e-28	1.588000020997229478e-02	6.787498140592805596e-02	2.125018594081197650e-03	1.274328503802843541e-11	2.119999776813246990e-03
5.320000000000000284e+01	2.392303991300351289e-14	2.335002313638000936e-16	1.096508605953589876e-23	1.994981195641560949e-03	5.018804465169082724e-06	6.649230516996542996e-24	4.445173292388517766e-17	8.278712688946586984e-14	5.958112884680187634e-14	7.028396836446843728e-24	5.723118386791590162e-28	1.588000020992396538e-02	6.787498140587990003e-02	2.125018594129396941e-03	1.276678502856085858e-11	2.119999776838066546e-03
5.330000000000000426e+01	2.392303991250803567e-14	2.335002313582533661e-16	1.096508605935050567e-23	1.994981195640919101e-03	5.018804465050072901e-06	6.649230516838869531e-24	4.445173292282923803e-17	8.278712688758098452e-14	5.958112884537340701e-14	7.028396836278423305e-24	5.723118386554524542e-28	1.588000020987563599e-02	6.787498140583174411e-02	2.125018594177596233e-03	1.279028501909272598e-11	2.119999776862886102e-03
5.340000000000000568e+01	2.392303991201972130e-14	2.335002313527765513e-16	1.096508605916743565e-23	1.994981195640277254e-03	5.018804464931061384e-06	6.649230516681196065e-24	4.445173292178661660e-17	8.278712688570157706e-14	5.958112884394540469e-14	7.028396836110060188e-24	5.723118386320884816e-28	1.588000020982730659e-02	6.787498140578358818e-02	2.125018594225795525e-03	1.281378500962404086e-11	2.119999776887705658e-03
5.350000000000000000e+01	2.392303991152405160e-14	2.335002313472279995e-16	1.096508605898198378e-23	1.994981195639635406e-03	5.018804464812049866e-06	6.649230516523522600e-24	4.445173292073033184e-17	8.278712688382326769e-14	5.958112884251874028e-14	7.028396835941855763e-24	5.723118386083727718e-28	1.588000020977897719e-02	6.787498140573543226e-02	2.125018594273994817e-03	1.283728500015479027e-11	2.119999776912525214e-03
5.360000000000000142e+01	2.392303991102335842e-14	2.335002313416302919e-16	1.096508605879489651e-23	1.994981195638993558e-03	5.018804464693039196e-06	6.649230516365850604e-24	4.445173291966469786e-17	8.278712688194114654e-14	5.958112884109231568e-14	7.028396835773674847e-24	5.723118385844165320e-28	1.588000020973064780e-02	6.787498140568727634e-02	2.125018594322194108e-03	1.286078499068498393e-11	2.119999776937344770e-03
5.370000000000000284e+01	2.392303991053028565e-14	2.335002313361070822e-16	1.096508605861028218e-23	1.994981195638351711e-03	5.018804464574027679e-06	6.649230516208177138e-24	4.445173291861322639e-17	8.278712688005681659e-14	5.958112883966523475e-14	7.028396835605418994e-24	5.723118385608248540e-28	1.588000020968231840e-02	6.787498140563912041e-02	2.125018594370393400e-03	1.288428498121462183e-11	2.119999776962164326e-03
5.380000000000000426e+01	2.392303991003826995e-14	2.335002313305941278e-16	1.096508605842601169e-23	1.994981195637709863e-03	5.018804464455017009e-06	6.649230516050505142e-24	4.445173291756371475e-17	8.278712687817642462e-14	5.958112883823804022e-14	7.028396835437149916e-24	5.723118385372837573e-28	1.588000020963398901e-02	6.787498140559096449e-02	2.125018594418592692e-03	1.290778497174370881e-11	2.119999776986983882e-03
5.390000000000000568e+01	2.392303990954445249e-14	2.335002313250635719e-16	1.096508605824115786e-23	1.994981195637068015e-03	5.018804464336006339e-06	6.649230515892833146e-24	4.445173291651086277e-17	8.278712687629994541e-14	5.958112883681205738e-14	7.028396835269024837e-24	5.723118385136566545e-28	1.588000020958565961e-02	6.787498140554280857e-02	2.125018594466791984e-03	1.293128496227223033e-11	2.119999777011803439e-03
5.400000000000000000e+01	2.392303990904462390e-14	2.335002313194743938e-16	1.096508605805435270e-23	1.994981195636426168e-03	5.018804464216994821e-06	6.649230515735159681e-24	4.445173291544684349e-17	8.278712687442031076e-14	5.958112883538662990e-14	7.028396835100962940e-24	5.723118384897418482e-28	1.588000020953733021e-02	6.787498140549465264e-02	2.125018594514991276e-03	1.295478495280019448e-11	2.119999777036622995e-03
5.410000000000000142e+01	2.392303990854576405e-14	2.335002313138946327e-16	1.096508605786786199e-23	1.994981195635784320e-03	5.018804464097984151e-06	6.649230515577487685e-24	4.445173291438461763e-17	8.278712687253670024e-14	5.958112883396071017e-14	7.028396834932845207e-24	5.723118384658734082e-28	1.588000020948900082e-02	6.787498140544649672e-02	2.125018594563190567e-03	1.297828494332760286e-11	2.119999777061442551e-03
5.420000000000000284e+01	2.392303990805733924e-14	2.335002313084168319e-16	1.096508605768476111e-23	1.994981195635142472e-03	5.018804463978972634e-06	6.649230515419814220e-24	4.445173291334179281e-17	8.278712687065653547e-14	5.958112883253436130e-14	7.028396834764676047e-24	5.723118384425041443e-28	1.588000020944067142e-02	6.787498140539834079e-02	2.125018594611389859e-03	1.300178493385445387e-11	2.119999777086262107e-03
5.430000000000000426e+01	2.392303990756594831e-14	2.335002313029098925e-16	1.096508605750068899e-23	1.994981195634500624e-03	5.018804463859961964e-06	6.649230515262139285e-24	4.445173291229343981e-17	8.278712686878133106e-14	5.958112883110897169e-14	7.028396834596620027e-24	5.723118384189929120e-28	1.588000020939234203e-02	6.787498140535018487e-02	2.125018594659589151e-03	1.302528492438075234e-11	2.119999777111081663e-03
5.440000000000000568e+01	2.392303990706719890e-14	2.335002312973312654e-16	1.096508605731423501e-23	1.994981195633858777e-03	5.018804463740950447e-06	6.649230515104468758e-24	4.445173291123142965e-17	8.278712686690403143e-14	5.958112882968450346e-14	7.028396834428671272e-24	5.723118383951296736e-28	1.588000020934401263e-02	6.787498140530202895e-02	2.125018594707788443e-03	1.304878491490648860e-11	2.119999777135901219e-03
5.450000000000000000e+01	2.392303990656901430e-14	2.335002312917580617e-16	1.096508605712796324e-23	1.994981195633216929e-03	5.018804463621938929e-06	6.649230514946796762e-24	4.445173291017044871e-17	8.278712686502290740e-14	5.958112882825974494e-14	7.028396834260688721e-24	5.723118383712935194e-28	1.588000020929568323e-02	6.787498140525387302e-02	2.125018594755987734e-03	1.307228490543166585e-11	2.119999777160720775e-03
5.460000000000000142e+01	2.392303990607644640e-14	2.335002312862397331e-16	1.096508605694351495e-23	1.994981195632575081e-03	5.018804463502928259e-06	6.649230514789121827e-24	4.445173290911992018e-17	8.278712686314060955e-14	5.958112882683410289e-14	7.028396834092600376e-24	5.723118383477261455e-28	1.588000020924735384e-02	6.787498140520571710e-02	2.125018594804187026e-03	1.309578489595629543e-11	2.119999777185540332e-03
5.470000000000000284e+01	2.392303990558634920e-14	2.335002312807455142e-16	1.096508605675986600e-23	1.994981195631933234e-03	5.018804463383917589e-06	6.649230514631448362e-24	4.445173290807398923e-17	8.278712686126272932e-14	5.958112882540843560e-14	7.028396833924513500e-24	5.723118383242768843e-28	1.588000020919902444e-02	6.787498140515756118e-02	2.125018594852386318e-03	1.311928488648035955e-11	2.119999777210359888e-03
5.480000000000000426e+01	2.392303990508987170e-14	2.335002312751889752e-16	1.096508605657414817e-23	1.994981195631291386e-03	5.018804463264905225e-06	6.649230514473773427e-24	4.445173290701618838e-17	8.278712685938755015e-14	5.958112882398394213e-14	7.028396833756563275e-24	5.723118383005224315e-28	1.588000020915069505e-02	6.787498140510940525e-02	2.125018594900585610e-03	1.314278487700386791e-11	2.119999777235179444e-03
5.490000000000000568e+01	2.392303990459258326e-14	2.335002312696246462e-16	1.096508605638816734e-23	1.994981195630649538e-03	5.018804463145895402e-06	6.649230514316102901e-24	4.445173290595687761e-17	8.278712685750924078e-14	5.958112882255985256e-14	7.028396833588658601e-24	5.723118382767289665e-28	1.588000020910236565e-02	6.787498140506124933e-02	2.125018594948784902e-03	1.316628486752681727e-11	2.119999777259999000e-03
5.500000000000000000e+01	2.392303990409460377e-14	2.335002312640534146e-16	1.096508605620196462e-23	1.994981195630007691e-03	5.018804463026883884e-06	6.649230514158429435e-24	4.445173290489630343e-17	8.278712685562703129e-14	5.958112882113509403e-14	7.028396833420677519e-24	5.723118382529029465e-28	1.588000020905403625e-02	6.787498140501309341e-02	2.125018594996984193e-03	1.318978485804920926e-11	2.119999777284818556e-03
5.510000000000000142e+01	2.392303990360368616e-14	2.335002312585512577e-16	1.096508605601805118e-23	1.994981195629365843e-03	5.018804462907873214e-06	6.649230514000757439e-24	4.445173290384882557e-17	8.278712685374573056e-14	5.958112881970942674e-14	7.028396833252589174e-24	5.723118382294143144e-28	1.588000020900570686e-02	6.787498140496493748e-02	2.125018595045183485e-03	1.321328484857105194e-11	2.119999777309638112e-03
5.520000000000000284e+01	2.392303990311187556e-14	2.335002312530403740e-16	1.096508605583384828e-23	1.994981195628723995e-03	5.018804462788862544e-06	6.649230513843085443e-24	4.445173290279971452e-17	8.278712685187072809e-14	5.958112881828445364e-14	7.028396833084581644e-24	5.723118382058831725e-28	1.588000020895737746e-02	6.787498140491678156e-02	2.125018595093382777e-03	1.323678483909233079e-11	2.119999777334457668e-03
5.530000000000000426e+01	2.392303990261609541e-14	2.335002312474906390e-16	1.096508605564835674e-23	1.994981195628082148e-03	5.018804462669851027e-06	6.649230513685411978e-24	4.445173290174320790e-17	8.278712684999509454e-14	5.958112881686052815e-14	7.028396832916699010e-24	5.723118381821619024e-28	1.588000020890904807e-02	6.787498140486862563e-02	2.125018595141582069e-03	1.326028482961305064e-11	2.119999777359277224e-03
5.540000000000000568e+01	2.392303990211881643e-14	2.335002312419262607e-16	1.096508605546237737e-23	1.994981195627440300e-03	5.018804462550840357e-06	6.649230513527739982e-24	4.445173290068392794e-17	8.278712684811577543e-14	5.958112881543653956e-14	7.028396832748807560e-24	5.723118381583690652e-28	1.588000020886071867e-02	6.787498140482046971e-02	2.125018595189781360e-03	1.328378482013321474e-11	2.119999777384096781e-03
5.550000000000000000e+01	2.392303990162469289e-14	2.335002312363927958e-16	1.096508605527742362e-23	1.994981195626798452e-03	5.018804462431828839e-06	6.649230513370065047e-24	4.445173289963049665e-17	8.278712684623331349e-14	5.958112881401162957e-14	7.028396832580807377e-24	5.723118381347272544e-28	1.588000020881238927e-02	6.787498140477231379e-02	2.125018595237980652e-03	1.330728481065281984e-11	2.119999777408916337e-03
5.560000000000000142e+01	2.392303990113224490e-14	2.335002312308756013e-16	1.096508605509301354e-23	1.994981195626156605e-03	5.018804462312817322e-06	6.649230513212393051e-24	4.445173289858019615e-17	8.278712684435524394e-14	5.958112881258645453e-14	7.028396832412777806e-24	5.723118381111655305e-28	1.588000020876405988e-02	6.787498140472415786e-02	2.125018595286179944e-03	1.333078480117187079e-11	2.119999777433735893e-03
5.570000000000000284e+01	2.392303990063930465e-14	2.335002312253536242e-16	1.096508605490844182e-23	1.994981195625514757e-03	5.018804462193806652e-06	6.649230513054721055e-24	4.445173289752895887e-17	8.278712684248126383e-14	5.958112881116232709e-14	7.028396832244870193e-24	5.723118380875801303e-28	1.588000020871573048e-02	6.787498140467600194e-02	2.125018595334379236e-03	1.335428479169036921e-11	2.119999777458555449e-03
5.580000000000000426e+01	2.392303990014315216e-14	2.335002312198003886e-16	1.096508605472283126e-23	1.994981195624872909e-03	5.018804462074795135e-06	6.649230512897047590e-24	4.445173289647177432e-17	8.278712684060469627e-14	5.958112880973884336e-14	7.028396832077036049e-24	5.723118380638412823e-28	1.588000020866740108e-02	6.787498140462784602e-02	2.125018595382578528e-03	1.337778478220830379e-11	2.119999777483375005e-03
5.590000000000000568e+01	2.392303989964297964e-14	2.335002312142078085e-16	1.096508605453591738e-23	1.994981195624231061e-03	5.018804461955784465e-06	6.649230512739375594e-24	4.445173289540711409e-17	8.278712683872396352e-14	5.958112880831490525e-14	7.028396831909150476e-24	5.723118380399099744e-28	1.588000020861907169e-02	6.787498140457969009e-02	2.125018595430777819e-03	1.340128477272568100e-11	2.119999777508194561e-03
5.600000000000000000e+01	2.392303989914884663e-14	2.335002312086741958e-16	1.096508605435095775e-23	1.994981195623589214e-03	5.018804461836773794e-06	6.649230512581702128e-24	4.445173289435366431e-17	8.278712683684287736e-14	5.958112880689002051e-14	7.028396831741154701e-24	5.723118380162675358e-28	1.588000020857074229e-02	6.787498140453153417e-02	2.125018595478977111e-03	1.342478476324250082e-11	2.119999777533014117e-03
5.610000000000000142e+01	2.392303989866146943e-14	2.335002312032064529e-16	1.096508605416819336e-23	1.994981195622947366e-03	5.018804461717761430e-06	6.649230512424030132e-24	4.445173289331278083e-17	8.278712683496776130e-14	5.958112880546541344e-14	7.028396831573194190e-24	5.723118379929484944e-28	1.588000020852241290e-02	6.787498140448337824e-02	2.125018595527176403e-03	1.344828475375876489e-11	2.119999777557833674e-03
5.620000000000000284e+01	2.392303989816772455e-14	2.335002311976766366e-16	1.096508605398336156e-23	1.994981195622305518e-03	5.018804461598750760e-06	6.649230512266355198e-24	4.445173289226007060e-17	8.278712683309395790e-14	5.958112880404204331e-14	7.028396831405371801e-24	5.723118379693247995e-28	1.588000020847408350e-02	6.787498140443522232e-02	2.125018595575375695e-03	1.347178474427447319e-11	2.119999777582653230e-03
5.630000000000000426e+01	2.392303989766821782e-14	2.335002311920906139e-16	1.096508605379666074e-23	1.994981195621663671e-03	5.018804461479740090e-06	6.649230512108683202e-24	4.445173289119664296e-17	8.278712683121615340e-14	5.958112880261886251e-14	7.028396831237577329e-24	5.723118379454254188e-28	1.588000020842575410e-02	6.787498140438706640e-02	2.125018595623574987e-03	1.349528473478962250e-11	2.119999777607472786e-03
5.640000000000000568e+01	2.392303989716999536e-14	2.335002311865170651e-16	1.096508605361037574e-23	1.994981195621021823e-03	5.018804461360727725e-06	6.649230511951011206e-24	4.445173289013560039e-17	8.278712682933439829e-14	5.958112880119488654e-14	7.028396831069687348e-24	5.723118379215873813e-28	1.588000020837742471e-02	6.787498140433891047e-02	2.125018595671774278e-03	1.351878472530421443e-11	2.119999777632292342e-03
5.650000000000000000e+01	2.392303989667758523e-14	2.335002311810002157e-16	1.096508605342597594e-23	1.994981195620379975e-03	5.018804461241718749e-06	6.649230511793340679e-24	4.445173288908535536e-17	8.278712682745307232e-14	5.958112879976979984e-14	7.028396830901665125e-24	5.723118378980273615e-28	1.588000020832909531e-02	6.787498140429075455e-02	2.125018595719973570e-03	1.354228471581824737e-11	2.119999777657111898e-03
5.660000000000000142e+01	2.392303989618973471e-14	2.335002311755279862e-16	1.096508605324306020e-23	1.994981195619738128e-03	5.018804461122706385e-06	6.649230511635664275e-24	4.445173288804359674e-17	8.278712682557809509e-14	5.958112879834510443e-14	7.028396830733694329e-24	5.723118378746857199e-28	1.588000020828076592e-02	6.787498140424259863e-02	2.125018595768172862e-03	1.356578470633172455e-11	2.119999777681931454e-03
5.670000000000000284e+01	2.392303989569226325e-14	2.335002311699618329e-16	1.096508605305701912e-23	1.994981195619096280e-03	5.018804461003696562e-06	6.649230511477993748e-24	4.445173288698395317e-17	8.278712682370308001e-14	5.958112879692149448e-14	7.028396830565844021e-24	5.723118378508836454e-28	1.588000020823243652e-02	6.787498140419444270e-02	2.125018595816372154e-03	1.358928469684464273e-11	2.119999777706751010e-03
5.680000000000000426e+01	2.392303989519480125e-14	2.335002311643956797e-16	1.096508605287098244e-23	1.994981195618454432e-03	5.018804460884685045e-06	6.649230511320320283e-24	4.445173288592432192e-17	8.278712682182445509e-14	5.958112879549792240e-14	7.028396830398003999e-24	5.723118378270821089e-28	1.588000020818410712e-02	6.787498140414628678e-02	2.125018595864571445e-03	1.361278468735700515e-11	2.119999777731570566e-03
5.690000000000000568e+01	2.392303989469875605e-14	2.335002311588434301e-16	1.096508605268540568e-23	1.994981195617812585e-03	5.018804460765672680e-06	6.649230511162648287e-24	4.445173288486734075e-17	8.278712681994220773e-14	5.958112879407345418e-14	7.028396830230056713e-24	5.723118378033483729e-28	1.588000020813577773e-02	6.787498140409813085e-02	2.125018595912770737e-03	1.363628467786881020e-11	2.119999777756390123e-03
5.700000000000000000e+01	2.392303989421015454e-14	2.335002311533638544e-16	1.096508605250224309e-23	1.994981195617170737e-03	5.018804460646662857e-06	6.649230511004973352e-24	4.445173288382417697e-17	8.278712681806432750e-14	5.958112879264850633e-14	7.028396830062055060e-24	5.723118377799705891e-28	1.588000020808744833e-02	6.787498140404997493e-02	2.125018595960970029e-03	1.365978466838005786e-11	2.119999777781209679e-03
5.710000000000000142e+01	2.392303989371595527e-14	2.335002311478295021e-16	1.096508605231726289e-23	1.994981195616528889e-03	5.018804460527651340e-06	6.649230510847301356e-24	4.445173288277059777e-17	8.278712681619068819e-14	5.958112879122459346e-14	7.028396829894172426e-24	5.723118377563250115e-28	1.588000020803911894e-02	6.787498140400181901e-02	2.125018596009169321e-03	1.368328465889074654e-11	2.119999777806029235e-03
5.720000000000000284e+01	2.392303989321962607e-14	2.335002311422745408e-16	1.096508605213159503e-23	1.994981195615887042e-03	5.018804460408638976e-06	6.649230510689626421e-24	4.445173288171309275e-17	8.278712681431487793e-14	5.958112878980141266e-14	7.028396829726376485e-24	5.723118377325777333e-28	1.588000020799078954e-02	6.787498140395366308e-02	2.125018596057368613e-03	1.370678464940088106e-11	2.119999777830848791e-03
5.730000000000000426e+01	2.392303989272229345e-14	2.335002311367096694e-16	1.096508605194559950e-23	1.994981195615245194e-03	5.018804460289630000e-06	6.649230510531954425e-24	4.445173288065370185e-17	8.278712681243523065e-14	5.958112878837789107e-14	7.028396829558537933e-24	5.723118377087822953e-28	1.588000020794246014e-02	6.787498140390550716e-02	2.125018596105567904e-03	1.373028463991045660e-11	2.119999777855668347e-03
5.740000000000000568e+01	2.392303989222822040e-14	2.335002311311766484e-16	1.096508605176066191e-23	1.994981195614603346e-03	5.018804460170617635e-06	6.649230510374280960e-24	4.445173287960037533e-17	8.278712681055254153e-14	5.958112878695319565e-14	7.028396829390564198e-24	5.723118376851428162e-28	1.588000020789413075e-02	6.787498140385735124e-02	2.125018596153767196e-03	1.375378463041947637e-11	2.119999777880487903e-03
5.750000000000000000e+01	2.392303989173918343e-14	2.335002311256927832e-16	1.096508605157735826e-23	1.994981195613961499e-03	5.018804460051607812e-06	6.649230510216610433e-24	4.445173287855641037e-17	8.278712680867863716e-14	5.958112878552871480e-14	7.028396829222616912e-24	5.723118376617443156e-28	1.588000020784580135e-02	6.787498140380919531e-02	2.125018596201966488e-03	1.377728462092793553e-11	2.119999777905307459e-03
5.760000000000000142e+01	2.392303989124450454e-14	2.335002311201538456e-16	1.096508605139222377e-23	1.994981195613319651e-03	5.018804459932596295e-06	6.649230510058935498e-24	4.445173287750194369e-17	8.278712680680546485e-14	5.958112878410564759e-14	7.028396829054832726e-24	5.723118376380758689e-28	1.588000020779747196e-02	6.787498140376103939e-02	2.125018596250165780e-03	1.380078461143583893e-11	2.119999777930127016e-03
5.770000000000000284e+01	2.392303989074790082e-14	2.335002311145960740e-16	1.096508605120646481e-23	1.994981195612677803e-03	5.018804459813584778e-06	6.649230509901263502e-24	4.445173287644390865e-17	8.278712680492868271e-14	5.958112878268287069e-14	7.028396828887085274e-24	5.723118376143152279e-28	1.588000020774914256e-02	6.787498140371288347e-02	2.125018596298365071e-03	1.382428460194318657e-11	2.119999777954946572e-03
5.780000000000000426e+01	2.392303989024769674e-14	2.335002311090032474e-16	1.096508605101954064e-23	1.994981195612035955e-03	5.018804459694574108e-06	6.649230509743590037e-24	4.445173287537919911e-17	8.278712680304763442e-14	5.958112878125932385e-14	7.028396828719243782e-24	5.723118375903825747e-28	1.588000020770081316e-02	6.787498140366472754e-02	2.125018596346564363e-03	1.384778459244997683e-11	2.119999777979766128e-03
5.790000000000000568e+01	2.392303988975522666e-14	2.335002311034858063e-16	1.096508605083512174e-23	1.994981195611394108e-03	5.018804459575562590e-06	6.649230509585919510e-24	4.445173287432884931e-17	8.278712680116693953e-14	5.958112877983465368e-14	7.028396828551274456e-24	5.723118375668197747e-28	1.588000020765248377e-02	6.787498140361657162e-02	2.125018596394763655e-03	1.387128458295621456e-11	2.119999778004585684e-03
5.800000000000000000e+01	2.392303988926727201e-14	2.335002310980124922e-16	1.096508605065216486e-23	1.994981195610752260e-03	5.018804459456551073e-06	6.649230509428246045e-24	4.445173287328688115e-17	8.278712679929247980e-14	5.958112877841043789e-14	7.028396828383358026e-24	5.723118375434729316e-28	1.588000020760415437e-02	6.787498140356841569e-02	2.125018596442962947e-03	1.389478457346188845e-11	2.119999778029405240e-03
5.810000000000000142e+01	2.392303988877269093e-14	2.335002310924745407e-16	1.096508605046706564e-23	1.994981195610110412e-03	5.018804459337541250e-06	6.649230509270572580e-24	4.445173287223261169e-17	8.278712679741837349e-14	5.958112877698732020e-14	7.028396828215567963e-24	5.723118375198092380e-28	1.588000020755582498e-02	6.787498140352025977e-02	2.125018596491162239e-03	1.391828456396700497e-11	2.119999778054224796e-03
5.820000000000000284e+01	2.392303988827326625e-14	2.335002310868893069e-16	1.096508605028039126e-23	1.994981195609468565e-03	5.018804459218528886e-06	6.649230509112899114e-24	4.445173287116934429e-17	8.278712679554044277e-14	5.958112877556425299e-14	7.028396828047785246e-24	5.723118374959137137e-28	1.588000020750749558e-02	6.787498140347210385e-02	2.125018596539361530e-03	1.394178455447156572e-11	2.119999778079044352e-03
5.830000000000000426e+01	2.392303988777506903e-14	2.335002310813159553e-16	1.096508605009411508e-23	1.994981195608826717e-03	5.018804459099519063e-06	6.649230508955228588e-24	4.445173287010834486e-17	8.278712679365861192e-14	5.958112877414028963e-14	7.028396827879893796e-24	5.723118374720769318e-28	1.588000020745916618e-02	6.787498140342394792e-02	2.125018596587560822e-03	1.396528454497556909e-11	2.119999778103863908e-03
5.840000000000000568e+01	2.392303988728267152e-14	2.335002310757993524e-16	1.096508604990972409e-23	1.994981195608184869e-03	5.018804458980507545e-06	6.649230508797553653e-24	4.445173286905813680e-17	8.278712679177728595e-14	5.958112877271524081e-14	7.028396827711878919e-24	5.723118374485176293e-28	1.588000020741083679e-02	6.787498140337579200e-02	2.125018596635760114e-03	1.398878453547901671e-11	2.119999778128683465e-03
5.850000000000000000e+01	2.392303988679483678e-14	2.335002310703272708e-16	1.096508604972681130e-23	1.994981195607543022e-03	5.018804458861496875e-06	6.649230508639881657e-24	4.445173286801641516e-17	8.278712678990232135e-14	5.958112877129057064e-14	7.028396827543911062e-24	5.723118374251768847e-28	1.588000020736250739e-02	6.787498140332763608e-02	2.125018596683959406e-03	1.401228452598190209e-11	2.119999778153503021e-03
5.860000000000000142e+01	2.392303988629737163e-14	2.335002310647611175e-16	1.096508604954076874e-23	1.994981195606901174e-03	5.018804458742485358e-06	6.649230508482208191e-24	4.445173286695676542e-17	8.278712678802729364e-14	5.958112876986697331e-14	7.028396827376063693e-24	5.723118374013750791e-28	1.588000020731417800e-02	6.787498140327948015e-02	2.125018596732158697e-03	1.403578451648423495e-11	2.119999778178322577e-03
5.870000000000000284e+01	2.392303988579992856e-14	2.335002310591951122e-16	1.096508604935473942e-23	1.994981195606259326e-03	5.018804458623473841e-06	6.649230508324536195e-24	4.445173286589717115e-17	8.278712678614870659e-14	5.958112876844341386e-14	7.028396827208223671e-24	5.723118373775741705e-28	1.588000020726584860e-02	6.787498140323132423e-02	2.125018596780357989e-03	1.405928450698600881e-11	2.119999778203142133e-03
5.880000000000000426e+01	2.392303988530388652e-14	2.335002310536429613e-16	1.096508604916916265e-23	1.994981195605617479e-03	5.018804458504463171e-06	6.649230508166864199e-24	4.445173286484018382e-17	8.278712678426652234e-14	5.958112876701895825e-14	7.028396827040277854e-24	5.723118373538405241e-28	1.588000020721751920e-02	6.787498140318316830e-02	2.125018596828557281e-03	1.408278449748722691e-11	2.119999778227961689e-03
5.890000000000000568e+01	2.392303988481518719e-14	2.335002310481623008e-16	1.096508604898596774e-23	1.994981195604975631e-03	5.018804458385451653e-06	6.649230508009190734e-24	4.445173286379683516e-17	8.278712678238867997e-14	5.958112876559406089e-14	7.028396826872280610e-24	5.723118373304583458e-28	1.588000020716918981e-02	6.787498140313501238e-02	2.125018596876756573e-03	1.410628448798789249e-11	2.119999778252781245e-03
5.900000000000000000e+01	2.392303988432106049e-14	2.335002310426288360e-16	1.096508604880101839e-23	1.994981195604333783e-03	5.018804458266440983e-06	6.649230507851515799e-24	4.445173286274342235e-17	8.278712678051500280e-14	5.958112876417014802e-14	7.028396826704397976e-24	5.723118373068163556e-28	1.588000020712086041e-02	6.787498140308685646e-02	2.125018596924955865e-03	1.412978447848799260e-11	2.119999778277600801e-03
5.910000000000000142e+01	2.392303988382475654e-14	2.335002310370739733e-16	1.096508604861535494e-23	1.994981195603691936e-03	5.018804458147429466e-06	6.649230507693842334e-24	4.445173286168594198e-17	8.278712677863919254e-14	5.958112876274697984e-14	7.028396826536602035e-24	5.723118372830700639e-28	1.588000020707253102e-02	6.787498140303870053e-02	2.125018596973155156e-03	1.415328446898753857e-11	2.119999778302420358e-03
5.920000000000000284e+01	2.392303988332743338e-14	2.335002310315092006e-16	1.096508604842935941e-23	1.994981195603050088e-03	5.018804458028418796e-06	6.649230507536170338e-24	4.445173286062657574e-17	8.278712677675955788e-14	5.958112876132344563e-14	7.028396826368763482e-24	5.723118372592750743e-28	1.588000020702420162e-02	6.787498140299054461e-02	2.125018597021354448e-03	1.417678445948652716e-11	2.119999778327239914e-03
5.930000000000000426e+01	2.392303988283336664e-14	2.335002310259762781e-16	1.096508604824442476e-23	1.994981195602408240e-03	5.018804457909408126e-06	6.649230507378496873e-24	4.445173285957326154e-17	8.278712677487690662e-14	5.958112875989876283e-14	7.028396826200792686e-24	5.723118372356358643e-28	1.588000020697587222e-02	6.787498140294238869e-02	2.125018597069553740e-03	1.420028444998495837e-11	2.119999778352059470e-03
5.940000000000000568e+01	2.392303988234434230e-14	2.335002310204926101e-16	1.096508604806112552e-23	1.994981195601766392e-03	5.018804457790396608e-06	6.649230507220824877e-24	4.445173285852931507e-17	8.278712677300302749e-14	5.958112875847431985e-14	7.028396826032846869e-24	5.723118372122380811e-28	1.588000020692754283e-02	6.787498140289423276e-02	2.125018597117753032e-03	1.422378444048283060e-11	2.119999778376879026e-03
5.950000000000000000e+01	2.392303988184967287e-14	2.335002310149536233e-16	1.096508604787599250e-23	1.994981195601124545e-03	5.018804457671385938e-06	6.649230507063151411e-24	4.445173285747486688e-17	8.278712677112989305e-14	5.958112875705124002e-14	7.028396825865064153e-24	5.723118371885699931e-28	1.588000020687921343e-02	6.787498140284607684e-02	2.125018597165952323e-03	1.424728443098014544e-11	2.119999778401698582e-03
5.960000000000000142e+01	2.392303988135306915e-14	2.335002310093959503e-16	1.096508604769023501e-23	1.994981195600482697e-03	5.018804457552374421e-06	6.649230506905479415e-24	4.445173285641684417e-17	8.278712676925316140e-14	5.958112875562850098e-14	7.028396825697318170e-24	5.723118371648095315e-28	1.588000020683088404e-02	6.787498140279792092e-02	2.125018597214151615e-03	1.427078442147690452e-11	2.119999778426518138e-03
5.970000000000000284e+01	2.392303988085288085e-14	2.335002310038032223e-16	1.096508604750331524e-23	1.994981195599840849e-03	5.018804457433364598e-06	6.649230506747807419e-24	4.445173285535214696e-17	8.278712676737211311e-14	5.958112875420499201e-14	7.028396825529481087e-24	5.723118371408774165e-28	1.588000020678255464e-02	6.787498140274976499e-02	2.125018597262350907e-03	1.429428441197310622e-11	2.119999778451337694e-03
5.980000000000000426e+01	2.392303988035864687e-14	2.335002309982686728e-16	1.096508604731832476e-23	1.994981195599199002e-03	5.018804457314353081e-06	6.649230506590133954e-24	4.445173285429853077e-17	8.278712676549093860e-14	5.958112875278033446e-14	7.028396825361516168e-24	5.723118371172303143e-28	1.588000020673422524e-02	6.787498140270160907e-02	2.125018597310550199e-03	1.431778440246875701e-11	2.119999778476157250e-03
5.990000000000000568e+01	2.392303987987183450e-14	2.335002309928065013e-16	1.096508604713574257e-23	1.994981195598557154e-03	5.018804457195342410e-06	6.649230506432461958e-24	4.445173285325868268e-17	8.278712676361567107e-14	5.958112875135585361e-14	7.028396825193565943e-24	5.723118370939380882e-28	1.588000020668589585e-02	6.787498140265345314e-02	2.125018597358749491e-03	1.434128439296384234e-11	2.119999778500976807e-03
6.000000000000000000e+01	2.392303987937754372e-14	2.335002309872713108e-16	1.096508604695073445e-23	1.994981195597915306e-03	5.018804457076330893e-06	6.649230506274788492e-24	4.445173285220495556e-17	8.278712676174155213e-14	5.958112874993248348e-14	7.028396825025747962e-24	5.723118370702883852e-28	1.588000020663756645e-02	6.787498140260529722e-02	2.125018597406948782e-03	1.436478438345837192e-11	2.119999778525796363e-03
6.010000000000000142e+01	2.392303987887816953e-14	2.335002309816865700e-16	1.096508604676407770e-23	1.994981195597273459e-03	5.018804456957318529e-06	6.649230506117115027e-24	4.445173285114177444e-17	8.278712675986373501e-14	5.958112874850929006e-14	7.028396824857950551e-24	5.723118370463951926e-28	1.588000020658923706e-02	6.787498140255714130e-02	2.125018597455148074e-03	1.438828437395234411e-11	2.119999778550615919e-03
6.020000000000000284e+01	2.392303987837998493e-14	2.335002309761133664e-16	1.096508604657780299e-23	1.994981195596631611e-03	5.018804456838308706e-06	6.649230505959444500e-24	4.445173285008080583e-17	8.278712675798199252e-14	5.958112874708527622e-14	7.028396824690054693e-24	5.723118370225589488e-28	1.588000020654090766e-02	6.787498140250898537e-02	2.125018597503347366e-03	1.441178436444576054e-11	2.119999778575435475e-03
6.030000000000000426e+01	2.392303987788757480e-14	2.335002309705966155e-16	1.096508604639340760e-23	1.994981195595989763e-03	5.018804456719297189e-06	6.649230505801771035e-24	4.445173284903057312e-17	8.278712675610072966e-14	5.958112874566018952e-14	7.028396824522033939e-24	5.723118369989991980e-28	1.588000020649257826e-02	6.787498140246082945e-02	2.125018597551546658e-03	1.443528435493861959e-11	2.119999778600255031e-03
6.040000000000000568e+01	2.392303987739974006e-14	2.335002309651245833e-16	1.096508604621049627e-23	1.994981195595347916e-03	5.018804456600286518e-06	6.649230505644099039e-24	4.445173284798883915e-17	8.278712675422584079e-14	5.958112874423553197e-14	7.028396824354066082e-24	5.723118369756582739e-28	1.588000020644424887e-02	6.787498140241267353e-02	2.125018597599745949e-03	1.445878434543091965e-11	2.119999778625074587e-03
6.050000000000000000e+01	2.392303987690229068e-14	2.335002309595584793e-16	1.096508604602445960e-23	1.994981195594706068e-03	5.018804456481275848e-06	6.649230505486425574e-24	4.445173284692921406e-17	8.278712675235085094e-14	5.958112874281194727e-14	7.028396824186221651e-24	5.723118369518571859e-28	1.588000020639591947e-02	6.787498140236451760e-02	2.125018597647945241e-03	1.448228433592266234e-11	2.119999778649894143e-03
6.060000000000000142e+01	2.392303987640484131e-14	2.335002309539925233e-16	1.096508604583842586e-23	1.994981195594064220e-03	5.018804456362264331e-06	6.649230505328752108e-24	4.445173284586961979e-17	8.278712675047230176e-14	5.958112874138838782e-14	7.028396824018380160e-24	5.723118369280560978e-28	1.588000020634759007e-02	6.787498140231636168e-02	2.125018597696144533e-03	1.450578432641384926e-11	2.119999778674713699e-03
6.070000000000000284e+01	2.392303987590880873e-14	2.335002309484403230e-16	1.096508604565285204e-23	1.994981195593422373e-03	5.018804456243252814e-06	6.649230505171080112e-24	4.445173284481265712e-17	8.278712674859013013e-14	5.958112873996395746e-14	7.028396823850438751e-24	5.723118369043229896e-28	1.588000020629926068e-02	6.787498140226820575e-02	2.125018597744343825e-03	1.452928431690447880e-11	2.119999778699533256e-03
6.080000000000000426e+01	2.392303987542021668e-14	2.335002309429608952e-16	1.096508604546969679e-23	1.994981195592780525e-03	5.018804456124242144e-06	6.649230505013406647e-24	4.445173284376952415e-17	8.278712674671230039e-14	5.958112873853907271e-14	7.028396823682442976e-24	5.723118368809457439e-28	1.588000020625093128e-02	6.787498140222004983e-02	2.125018597792543117e-03	1.455278430739454451e-11	2.119999778724352812e-03
6.090000000000000568e+01	2.392303987492602688e-14	2.335002309374267401e-16	1.096508604528471806e-23	1.994981195592138677e-03	5.018804456005229779e-06	6.649230504855731712e-24	4.445173284271598193e-17	8.278712674483872418e-14	5.958112873711518509e-14	7.028396823514563281e-24	5.723118368573008838e-28	1.588000020620260189e-02	6.787498140217189391e-02	2.125018597840742408e-03	1.457628429788404314e-11	2.119999778749172368e-03
6.100000000000000000e+01	2.392303987442971662e-14	2.335002309318718774e-16	1.096508604509905608e-23	1.994981195591496830e-03	5.018804455886219956e-06	6.649230504698059716e-24	4.445173284165848307e-17	8.278712674296295179e-14	5.958112873569205477e-14	7.028396823346773217e-24	5.723118368335541437e-28	1.588000020615427249e-02	6.787498140212373798e-02	2.125018597888941700e-03	1.459978428837298278e-11	2.119999778773991924e-03
6.110000000000000142e+01	2.392303987393240924e-14	2.335002309263072033e-16	1.096508604491306642e-23	1.994981195590854982e-03	5.018804455767209286e-06	6.649230504540387720e-24	4.445173284059913532e-17	8.278712674108332975e-14	5.958112873426858367e-14	7.028396823178940542e-24	5.723118368097598716e-28	1.588000020610594309e-02	6.787498140207558206e-02	2.125018597937140992e-03	1.462328427886136666e-11	2.119999778798811480e-03
6.120000000000000284e+01	2.392303987343834881e-14	2.335002309207742808e-16	1.096508604472813471e-23	1.994981195590213134e-03	5.018804455648197769e-06	6.649230504382714255e-24	4.445173283954583961e-17	8.278712673920067849e-14	5.958112873284391350e-14	7.028396823010972685e-24	5.723118367861210202e-28	1.588000020605761370e-02	6.787498140202742614e-02	2.125018597985340284e-03	1.464678426934919477e-11	2.119999778823631036e-03
6.130000000000000426e+01	2.392303987294932762e-14	2.335002309152906128e-16	1.096508604454483547e-23	1.994981195589571286e-03	5.018804455529187099e-06	6.649230504225042259e-24	4.445173283850189313e-17	8.278712673732682461e-14	5.958112873141948314e-14	7.028396822843029807e-24	5.723118367627233268e-28	1.588000020600928430e-02	6.787498140197927021e-02	2.125018598033539576e-03	1.467028425983646389e-11	2.119999778848450592e-03
6.140000000000000568e+01	2.392303987245466450e-14	2.335002309097517739e-16	1.096508604435970686e-23	1.994981195588929439e-03	5.018804455410175581e-06	6.649230504067367324e-24	4.445173283744746344e-17	8.278712673545371541e-14	5.958112872999642855e-14	7.028396822675247090e-24	5.723118367390555975e-28	1.588000020596095491e-02	6.787498140193111429e-02	2.125018598081738867e-03	1.469378425032317725e-11	2.119999778873270149e-03
6.150000000000000000e+01	2.392303987195807341e-14	2.335002309041942488e-16	1.096508604417395231e-23	1.994981195588287591e-03	5.018804455291164064e-06	6.649230503909696797e-24	4.445173283638947154e-17	8.278712673357699639e-14	5.958112872857370213e-14	7.028396822507504046e-24	5.723118367152955843e-28	1.588000020591262551e-02	6.787498140188295837e-02	2.125018598129938159e-03	1.471728424080932839e-11	2.119999778898089705e-03
6.160000000000000142e+01	2.392303987145789142e-14	2.335002308986015701e-16	1.096508604398703401e-23	1.994981195587645743e-03	5.018804455172153394e-06	6.649230503752023332e-24	4.445173283532478049e-17	8.278712673169602382e-14	5.958112872715020578e-14	7.028396822339671371e-24	5.723118366913639177e-28	1.588000020586429611e-02	6.787498140183480244e-02	2.125018598178137451e-03	1.474078423129492699e-11	2.119999778922909261e-03
6.170000000000000284e+01	2.392303987096380259e-14	2.335002308930684011e-16	1.096508604380209202e-23	1.994981195587003896e-03	5.018804455053141877e-06	6.649230503594349867e-24	4.445173283427143548e-17	8.278712672981479882e-14	5.958112872572553561e-14	7.028396822171697636e-24	5.723118366677239005e-28	1.588000020581596672e-02	6.787498140178664652e-02	2.125018598226336743e-03	1.476428422177996661e-11	2.119999778947728817e-03
6.180000000000000426e+01	2.392303987047689239e-14	2.335002308876052929e-16	1.096508604361947603e-23	1.994981195586362048e-03	5.018804454934131206e-06	6.649230503436677870e-24	4.445173283323140249e-17	8.278712672793960703e-14	5.958112872430108001e-14	7.028396822003756228e-24	5.723118366444271005e-28	1.588000020576763732e-02	6.787498140173849059e-02	2.125018598274536034e-03	1.478778421226445046e-11	2.119999778972548373e-03
6.190000000000000568e+01	2.392303986998258899e-14	2.335002308820699545e-16	1.096508604343446350e-23	1.994981195585720200e-03	5.018804454815120536e-06	6.649230503279005874e-24	4.445173283217764456e-17	8.278712672606552595e-14	5.958112872287776036e-14	7.028396821835941185e-24	5.723118366207764110e-28	1.588000020571930793e-02	6.787498140169033467e-02	2.125018598322735326e-03	1.481128420274837854e-11	2.119999778997367929e-03
6.200000000000000000e+01	2.392303986948321164e-14	2.335002308764852137e-16	1.096508604324780529e-23	1.994981195585078353e-03	5.018804454696108172e-06	6.649230503121332409e-24	4.445173283111446344e-17	8.278712672418772146e-14	5.958112872145457956e-14	7.028396821668145244e-24	5.723118365968832184e-28	1.588000020567097853e-02	6.787498140164217875e-02	2.125018598370934618e-03	1.483478419323174441e-11	2.119999779022187485e-03
6.210000000000000142e+01	2.392303986898527633e-14	2.335002308709144752e-16	1.096508604306161580e-23	1.994981195584436505e-03	5.018804454577098349e-06	6.649230502963660413e-24	4.445173283005395705e-17	8.278712672230623140e-14	5.958112872003061621e-14	7.028396821500255263e-24	5.723118365730590818e-28	1.588000020562264913e-02	6.787498140159402282e-02	2.125018598419133910e-03	1.485828418371456743e-11	2.119999779047007041e-03
6.220000000000000284e+01	2.392303986849273051e-14	2.335002308653963439e-16	1.096508604287717339e-23	1.994981195583794657e-03	5.018804454458086832e-06	6.649230502805986948e-24	4.445173282900346549e-17	8.278712672042505689e-14	5.958112871860561787e-14	7.028396821332246264e-24	5.723118365494926945e-28	1.588000020557431974e-02	6.787498140154586690e-02	2.125018598467333202e-03	1.488178417419682177e-11	2.119999779071826598e-03
6.230000000000000426e+01	2.392303986800486106e-14	2.335002308599239172e-16	1.096508604269425030e-23	1.994981195583152810e-03	5.018804454339076161e-06	6.649230502648313482e-24	4.445173282796168222e-17	8.278712671855016802e-14	5.958112871718099818e-14	7.028396821164282815e-24	5.723118365261502458e-28	1.588000020552599034e-02	6.787498140149771098e-02	2.125018598515532493e-03	1.490528416467852035e-11	2.119999779096646154e-03
6.240000000000000568e+01	2.392303986750741484e-14	2.335002308543579118e-16	1.096508604250821510e-23	1.994981195582510962e-03	5.018804454220064644e-06	6.649230502490641486e-24	4.445173282690206946e-17	8.278712671667517817e-14	5.958112871575741348e-14	7.028396820996439854e-24	5.723118365023489784e-28	1.588000020547766095e-02	6.787498140144955505e-02	2.125018598563731785e-03	1.492878415515965994e-11	2.119999779121465710e-03
6.250000000000000000e+01	2.392303986701010431e-14	2.335002308487932870e-16	1.096508604232222985e-23	1.994981195581869114e-03	5.018804454101052280e-06	6.649230502332968021e-24	4.445173282584271555e-17	8.278712671479685618e-14	5.958112871433394238e-14	7.028396820828604240e-24	5.723118364785547959e-28	1.588000020542933155e-02	6.787498140140139913e-02	2.125018598611931077e-03	1.495228414564024699e-11	2.119999779146285266e-03
6.260000000000000142e+01	2.392303986651386031e-14	2.335002308432391146e-16	1.096508604213658844e-23	1.994981195581227267e-03	5.018804453982043304e-06	6.649230502175296025e-24	4.445173282478537077e-17	8.278712671291445736e-14	5.958112871290953726e-14	7.028396820660668709e-24	5.723118364548115535e-28	1.588000020538100215e-02	6.787498140135324320e-02	2.125018598660130369e-03	1.497578413612027505e-11	2.119999779171104822e-03
6.270000000000000284e+01	2.392303986602534399e-14	2.335002308377603277e-16	1.096508604195345083e-23	1.994981195580585419e-03	5.018804453863031787e-06	6.649230502017622560e-24	4.445173282374236106e-17	8.278712671103661499e-14	5.958112871148465252e-14	7.028396820492671464e-24	5.723118364314378951e-28	1.588000020533267276e-02	6.787498140130508728e-02	2.125018598708329660e-03	1.499928412659974412e-11	2.119999779195924378e-03
6.280000000000000426e+01	2.392303986553117628e-14	2.335002308322264191e-16	1.096508604176848385e-23	1.994981195579943571e-03	5.018804453744020269e-06	6.649230501859949094e-24	4.445173282268886198e-17	8.278712670916305141e-14	5.958112871006076489e-14	7.028396820324793239e-24	5.723118364077941112e-28	1.588000020528434336e-02	6.787498140125693136e-02	2.125018598756528952e-03	1.502278411707865419e-11	2.119999779220743934e-03
6.290000000000000568e+01	2.392303986503487864e-14	2.335002308266716058e-16	1.096508604158282627e-23	1.994981195579301723e-03	5.018804453625009599e-06	6.649230501702277098e-24	4.445173282163140010e-17	8.278712670728730426e-14	5.958112870863764720e-14	7.028396820157003175e-24	5.723118363840480886e-28	1.588000020523601397e-02	6.787498140120877543e-02	2.125018598804728244e-03	1.504628410755700851e-11	2.119999779245563491e-03
6.300000000000000000e+01	2.392303986453756179e-14	2.335002308211069317e-16	1.096508604139683368e-23	1.994981195578659876e-03	5.018804453505998082e-06	6.649230501544605102e-24	4.445173282057203386e-17	8.278712670540773271e-14	5.958112870721418872e-14	7.028396819989173438e-24	5.723118363602534577e-28	1.588000020518768457e-02	6.787498140116061951e-02	2.125018598852927536e-03	1.506978409803480383e-11	2.119999779270383047e-03
6.310000000000000142e+01	2.392303986404335937e-14	2.335002308155726780e-16	1.096508604121185495e-23	1.994981195578018028e-03	5.018804453386987412e-06	6.649230501386930167e-24	4.445173281951847314e-17	8.278712670352522029e-14	5.958112870578956903e-14	7.028396819821208520e-24	5.723118363366077008e-28	1.588000020513935517e-02	6.787498140111246359e-02	2.125018598901126828e-03	1.509328408851205631e-11	2.119999779295202603e-03
6.320000000000000284e+01	2.392303986354983221e-14	2.335002308100449817e-16	1.096508604102709516e-23	1.994981195577376180e-03	5.018804453267976742e-06	6.649230501229256702e-24	4.445173281846615118e-17	8.278712670164798378e-14	5.958112870436479788e-14	7.028396819653227438e-24	5.723118363129943195e-28	1.588000020509102578e-02	6.787498140106430766e-02	2.125018598949326119e-03	1.511678407898873687e-11	2.119999779320022159e-03
6.330000000000000426e+01	2.392303986305800583e-14	2.335002308045338515e-16	1.096508604084288637e-23	1.994981195576734333e-03	5.018804453148965224e-06	6.649230501071584706e-24	4.445173281741700315e-17	8.278712669977306966e-14	5.958112870294073356e-14	7.028396819485325703e-24	5.723118362894623704e-28	1.588000020504269638e-02	6.787498140101615174e-02	2.125018598997525411e-03	1.514028406946486167e-11	2.119999779344841715e-03
6.340000000000000568e+01	2.392303986256260434e-14	2.335002307989879621e-16	1.096508604065751826e-23	1.994981195576092485e-03	5.018804453029953707e-06	6.649230500913909771e-24	4.445173281636121760e-17	8.278712669789651472e-14	5.958112870151721196e-14	7.028396819317490089e-24	5.723118362657595751e-28	1.588000020499436699e-02	6.787498140096799581e-02	2.125018599045724703e-03	1.516378405994043395e-11	2.119999779369661271e-03
6.350000000000000000e+01	2.392303986206188277e-14	2.335002307933899093e-16	1.096508604047042070e-23	1.994981195575450637e-03	5.018804452910943037e-06	6.649230500756239245e-24	4.445173281529551582e-17	8.278712669601588294e-14	5.958112870009331172e-14	7.028396819149605986e-24	5.723118362418017210e-28	1.588000020494603759e-02	6.787498140091983989e-02	2.125018599093923995e-03	1.518728405041545046e-11	2.119999779394480827e-03
6.360000000000000142e+01	2.392303986156784758e-14	2.335002307878573320e-16	1.096508604028549634e-23	1.994981195574808790e-03	5.018804452791930673e-06	6.649230500598565779e-24	4.445173281424226942e-17	8.278712669413488514e-14	5.958112869866842698e-14	7.028396818981611680e-24	5.723118362181642149e-28	1.588000020489770819e-02	6.787498140087168397e-02	2.125018599142123286e-03	1.521078404088990474e-11	2.119999779419300383e-03
6.370000000000000284e+01	2.392303986108093423e-14	2.335002307823942237e-16	1.096508604010288035e-23	1.994981195574166942e-03	5.018804452672920850e-06	6.649230500440893783e-24	4.445173281320223643e-17	8.278712669225985743e-14	5.958112869724389564e-14	7.028396818813655578e-24	5.723118361948672356e-28	1.588000020484937880e-02	6.787498140082352804e-02	2.125018599190322578e-03	1.523428403136380003e-11	2.119999779444119940e-03
6.380000000000000426e+01	2.392303986058661506e-14	2.335002307768587374e-16	1.096508603991786636e-23	1.994981195573525094e-03	5.018804452553910179e-06	6.649230500283218848e-24	4.445173281214845385e-17	8.278712669038587733e-14	5.958112869582051289e-14	7.028396818645837596e-24	5.723118361712159183e-28	1.588000020480104940e-02	6.787498140077537212e-02	2.125018599238521870e-03	1.525778402183713956e-11	2.119999779468939496e-03
6.390000000000000568e+01	2.392303986008723455e-14	2.335002307712739473e-16	1.096508603973120520e-23	1.994981195572883247e-03	5.018804452434898662e-06	6.649230500125548322e-24	4.445173281108526657e-17	8.278712668850814856e-14	5.958112869439733209e-14	7.028396818478040186e-24	5.723118361473226360e-28	1.588000020475272001e-02	6.787498140072721620e-02	2.125018599286721162e-03	1.528128401230992010e-11	2.119999779493759052e-03
6.400000000000000000e+01	2.392303985958905627e-14	2.335002307657007929e-16	1.096508603954493637e-23	1.994981195572241399e-03	5.018804452315887992e-06	6.649230499967876326e-24	4.445173281002431028e-17	8.278712668662650704e-14	5.958112869297336873e-14	7.028396818310151674e-24	5.723118361234867509e-28	1.588000020470439061e-02	6.787498140067906027e-02	2.125018599334920454e-03	1.530478400278214164e-11	2.119999779518578608e-03
6.410000000000000853e+01	2.392303985910243322e-14	2.335002307602405443e-16	1.096508603936241736e-23	1.994981195571599551e-03	5.018804452196876475e-06	6.649230499810201391e-24	4.445173280898481963e-17	8.278712668474762969e-14	5.958112869154845875e-14	7.028396818142155899e-24	5.723118361002037622e-28	1.588000020465606121e-02	6.787498140063090435e-02	2.125018599383119745e-03	1.532828399325379127e-11	2.119999779543398164e-03
6.420000000000000284e+01	2.392303985861097603e-14	2.335002307547329639e-16	1.096508603917832613e-23	1.994981195570957704e-03	5.018804452077865805e-06	6.649230499652530864e-24	4.445173280793634954e-17	8.278712668287542926e-14	5.958112869012483618e-14	7.028396817974308530e-24	5.723118360766894807e-28	1.588000020460773182e-02	6.787498140058274843e-02	2.125018599431319037e-03	1.535178398372488513e-11	2.119999779568217720e-03
6.429999999999999716e+01	2.392303985811263366e-14	2.335002307491583304e-16	1.096508603899200293e-23	1.994981195570315856e-03	5.018804451958854287e-06	6.649230499494857399e-24	4.445173280687509126e-17	8.278712668100056563e-14	5.958112868870216025e-14	7.028396817806566956e-24	5.723118360528455241e-28	1.588000020455940242e-02	6.787498140053459250e-02	2.125018599479518329e-03	1.537528397419542000e-11	2.119999779593037276e-03
6.440000000000000568e+01	2.392303985761505807e-14	2.335002307435910925e-16	1.096508603880592952e-23	1.994981195569674008e-03	5.018804451839843617e-06	6.649230499337183934e-24	4.445173280581525047e-17	8.278712667912168828e-14	5.958112868727915615e-14	7.028396817638794524e-24	5.723118360290385170e-28	1.588000020451107303e-02	6.787498140048643658e-02	2.125018599527717621e-03	1.539878396466539911e-11	2.119999779617856833e-03
6.450000000000000000e+01	2.392303985711905704e-14	2.335002307380392374e-16	1.096508603862036745e-23	1.994981195569032160e-03	5.018804451720832947e-06	6.649230499179511938e-24	4.445173280475834326e-17	8.278712667723930208e-14	5.958112868585500347e-14	7.028396817470883973e-24	5.723118360053069333e-28	1.588000020446274363e-02	6.787498140043828065e-02	2.125018599575916912e-03	1.542228395513481600e-11	2.119999779642676389e-03
6.460000000000000853e+01	2.392303985663146527e-14	2.335002307325694731e-16	1.096508603843752959e-23	1.994981195568390313e-03	5.018804451601821430e-06	6.649230499021838472e-24	4.445173280371705303e-17	8.278712667536248208e-14	5.958112868443042165e-14	7.028396817302923462e-24	5.723118359819774887e-28	1.588000020441441423e-02	6.787498140039012473e-02	2.125018599624116204e-03	1.544578394560369328e-11	2.119999779667495945e-03
6.470000000000000284e+01	2.392303985613678953e-14	2.335002307270306341e-16	1.096508603825239952e-23	1.994981195567748465e-03	5.018804451482810760e-06	6.649230498864166476e-24	4.445173280266261101e-17	8.278712667348915831e-14	5.958112868300690006e-14	7.028396817135087848e-24	5.723118359583093110e-28	1.588000020436608484e-02	6.787498140034196881e-02	2.125018599672315496e-03	1.546928393607199864e-11	2.119999779692315501e-03
6.479999999999999716e+01	2.392303985564038776e-14	2.335002307214748840e-16	1.096508603806670667e-23	1.994981195567106617e-03	5.018804451363799242e-06	6.649230498706493011e-24	4.445173280160495807e-17	8.278712667161333543e-14	5.958112868158402217e-14	7.028396816967325703e-24	5.723118359345584455e-28	1.588000020431775544e-02	6.787498140029381288e-02	2.125018599720514788e-03	1.549278392653974500e-11	2.119999779717135057e-03
6.490000000000000568e+01	2.392303985514288159e-14	2.335002307159082377e-16	1.096508603788065530e-23	1.994981195566464770e-03	5.018804451244787725e-06	6.649230498548819546e-24	4.445173280054524671e-17	8.278712666973362505e-14	5.958112868016070253e-14	7.028396816799512129e-24	5.723118359107546670e-28	1.588000020426942605e-02	6.787498140024565696e-02	2.125018599768714080e-03	1.551628391700694853e-11	2.119999779741954613e-03
6.500000000000000000e+01	2.392303985464920297e-14	2.335002307103790623e-16	1.096508603769584408e-23	1.994981195565822922e-03	5.018804451125777055e-06	6.649230498391147549e-24	4.445173279949264125e-17	8.278712666785127671e-14	5.958112867873615858e-14	7.028396816631557496e-24	5.723118358871343800e-28	1.588000020422109665e-02	6.787498140019750104e-02	2.125018599816913371e-03	1.553978390747358338e-11	2.119999779766774169e-03
6.510000000000000853e+01	2.392303985415675813e-14	2.335002307048620157e-16	1.096508603751143694e-23	1.994981195565181074e-03	5.018804451006765538e-06	6.649230498233472615e-24	4.445173279844235307e-17	8.278712666597319453e-14	5.958112867731121072e-14	7.028396816463554374e-24	5.723118358635725665e-28	1.588000020417276725e-02	6.787498140014934511e-02	2.125018599865112663e-03	1.556328389793966569e-11	2.119999779791593725e-03
6.520000000000000284e+01	2.392303985366396303e-14	2.335002306993414192e-16	1.096508603732691224e-23	1.994981195564539227e-03	5.018804450887754868e-06	6.649230498075800619e-24	4.445173279739139930e-17	8.278712666409920181e-14	5.958112867588720951e-14	7.028396816295664394e-24	5.723118358399942513e-28	1.588000020412443786e-02	6.787498140010118919e-02	2.125018599913311955e-03	1.558678388840518255e-11	2.119999779816413282e-03
6.529999999999999716e+01	2.392303985316778214e-14	2.335002306937878877e-16	1.096508603714128993e-23	1.994981195563897379e-03	5.018804450768743350e-06	6.649230497918128623e-24	4.445173279633414696e-17	8.278712666222276046e-14	5.958112867446385200e-14	7.028396816127844943e-24	5.723118358162540581e-28	1.588000020407610846e-02	6.787498140005303326e-02	2.125018599961511247e-03	1.561028387887014041e-11	2.119999779841232838e-03
6.540000000000000568e+01	2.392303985266764117e-14	2.335002306881956034e-16	1.096508603695438339e-23	1.994981195563255531e-03	5.018804450649732680e-06	6.649230497760455157e-24	4.445173279526954835e-17	8.278712666034214131e-14	5.958112867304004010e-14	7.028396815959971125e-24	5.723118357923242748e-28	1.588000020402777906e-02	6.787498140000487734e-02	2.125018600009710538e-03	1.563378386933454897e-11	2.119999779866052394e-03
6.550000000000000000e+01	2.392303985217353026e-14	2.335002306826622372e-16	1.096508603676943698e-23	1.994981195562613684e-03	5.018804450530722010e-06	6.649230497602780223e-24	4.445173279421615403e-17	8.278712665846118136e-14	5.958112867161523109e-14	7.028396815791985635e-24	5.723118357686830917e-28	1.588000020397944967e-02	6.787498139995672142e-02	2.125018600057909830e-03	1.565728385979839855e-11	2.119999779890871950e-03
6.560000000000000853e+01	2.392303985168661059e-14	2.335002306771989317e-16	1.096508603658681806e-23	1.994981195561971836e-03	5.018804450411710493e-06	6.649230497445109696e-24	4.445173279317610872e-17	8.278712665658614103e-14	5.958112867019073762e-14	7.028396815624038349e-24	5.723118357453855743e-28	1.588000020393112027e-02	6.787498139990856549e-02	2.125018600106109122e-03	1.568078385026168912e-11	2.119999779915691506e-03
6.570000000000000284e+01	2.392303985119229142e-14	2.335002306716635933e-16	1.096508603640180113e-23	1.994981195561329988e-03	5.018804450292698976e-06	6.649230497287436231e-24	4.445173279212232614e-17	8.278712665471213569e-14	5.958112866876740536e-14	7.028396815456221837e-24	5.723118357217344364e-28	1.588000020388279088e-02	6.787498139986040957e-02	2.125018600154308414e-03	1.570428384072442071e-11	2.119999779940511062e-03
6.579999999999999716e+01	2.392303985069292353e-14	2.335002306660788033e-16	1.096508603621514291e-23	1.994981195560688141e-03	5.018804450173689152e-06	6.649230497129765704e-24	4.445173279105915118e-17	8.278712665283440692e-14	5.958112866734424980e-14	7.028396815288428835e-24	5.723118356978416922e-28	1.588000020383446148e-02	6.787498139981225365e-02	2.125018600202507706e-03	1.572778383118659653e-11	2.119999779965330618e-03
6.590000000000000568e+01	2.392303985019474841e-14	2.335002306605058461e-16	1.096508603602887848e-23	1.994981195560046293e-03	5.018804450054677635e-06	6.649230496972089300e-24	4.445173278999821338e-17	8.278712665095277802e-14	5.958112866592029907e-14	7.028396815120540323e-24	5.723118356740059865e-28	1.588000020378613208e-02	6.787498139976409772e-02	2.125018600250706997e-03	1.575128382164821659e-11	2.119999779990150175e-03
6.600000000000000000e+01	2.392303984970621947e-14	2.335002306550268620e-16	1.096508603584573793e-23	1.994981195559404445e-03	5.018804449935666118e-06	6.649230496814418773e-24	4.445173278895517903e-17	8.278712664907372397e-14	5.958112866449538908e-14	7.028396814952543079e-24	5.723118356506317003e-28	1.588000020373780269e-02	6.787498139971594180e-02	2.125018600298906289e-03	1.577478381210927766e-11	2.119999780014969731e-03
6.610000000000000853e+01	2.392303984921390084e-14	2.335002306495110479e-16	1.096508603566136899e-23	1.994981195558762598e-03	5.018804449816655448e-06	6.649230496656746777e-24	4.445173278790511888e-17	8.278712664719709330e-14	5.958112866307094610e-14	7.028396814784600201e-24	5.723118356270762543e-28	1.588000020368947329e-02	6.787498139966778588e-02	2.125018600347105581e-03	1.579828380256978297e-11	2.119999780039789287e-03
6.620000000000000284e+01	2.392303984871696265e-14	2.335002306439500223e-16	1.096508603547550129e-23	1.994981195558120750e-03	5.018804449697643931e-06	6.649230496499073312e-24	4.445173278684646138e-17	8.278712664532177529e-14	5.958112866164731091e-14	7.028396814616748424e-24	5.723118356032997394e-28	1.588000020364114390e-02	6.787498139961962995e-02	2.125018600395304873e-03	1.582178379302972928e-11	2.119999780064608843e-03
6.629999999999999716e+01	2.392303984821966789e-14	2.335002306383855454e-16	1.096508603528952045e-23	1.994981195557478902e-03	5.018804449578633260e-06	6.649230496341401316e-24	4.445173278578715061e-17	8.278712664344322610e-14	5.958112866022372621e-14	7.028396814448905463e-24	5.723118355795061847e-28	1.588000020359281450e-02	6.787498139957147403e-02	2.125018600443504165e-03	1.584528378348911660e-11	2.119999780089428399e-03
6.640000000000000568e+01	2.392303984772367633e-14	2.335002306328337395e-16	1.096508603510396132e-23	1.994981195556837054e-03	5.018804449459621743e-06	6.649230496183727850e-24	4.445173278473024340e-17	8.278712664156116807e-14	5.958112865879925799e-14	7.028396814280958177e-24	5.723118355557748701e-28	1.588000020354448510e-02	6.787498139952331810e-02	2.125018600491703456e-03	1.586878377394795462e-11	2.119999780114247955e-03
6.650000000000000000e+01	2.392303984723510953e-14	2.335002306273545089e-16	1.096508603492080902e-23	1.994981195556195207e-03	5.018804449340610226e-06	6.649230496026052916e-24	4.445173278368715358e-17	8.278712663968345192e-14	5.958112865737442373e-14	7.028396814112968279e-24	5.723118355323988800e-28	1.588000020349615571e-02	6.787498139947516218e-02	2.125018600539902748e-03	1.589228376440622718e-11	2.119999780139067511e-03
6.660000000000000853e+01	2.392303984674093550e-14	2.335002306218204524e-16	1.096508603473583763e-23	1.994981195555553359e-03	5.018804449221599556e-06	6.649230495868380920e-24	4.445173278263364216e-17	8.278712663780992620e-14	5.958112865595054873e-14	7.028396813945090054e-24	5.723118355087545580e-28	1.588000020344782631e-02	6.787498139942700626e-02	2.125018600588102040e-03	1.591578375486394722e-11	2.119999780163887067e-03
6.670000000000000284e+01	2.392303984624464102e-14	2.335002306162657870e-16	1.096508603455017859e-23	1.994981195554911511e-03	5.018804449102588886e-06	6.649230495710708924e-24	4.445173278157618028e-17	8.278712663593422954e-14	5.958112865452746890e-14	7.028396813777305868e-24	5.723118354850088941e-28	1.588000020339949692e-02	6.787498139937885033e-02	2.125018600636301332e-03	1.593928374532110503e-11	2.119999780188706624e-03
6.679999999999999716e+01	2.392303984574734310e-14	2.335002306107012608e-16	1.096508603436419628e-23	1.994981195554269664e-03	5.018804448983578215e-06	6.649230495553036928e-24	4.445173278051685718e-17	8.278712663405468324e-14	5.958112865310401042e-14	7.028396813609476131e-24	5.723118354612149807e-28	1.588000020335116752e-02	6.787498139933069441e-02	2.125018600684500623e-03	1.596278373577770707e-11	2.119999780213526180e-03
6.690000000000000568e+01	2.392303984525329530e-14	2.335002306051685355e-16	1.096508603417926751e-23	1.994981195553627816e-03	5.018804448864567545e-06	6.649230495395361993e-24	4.445173277946358613e-17	8.278712663217213295e-14	5.958112865167939073e-14	7.028396813441512682e-24	5.723118354375768468e-28	1.588000020330283812e-02	6.787498139928253849e-02	2.125018600732699915e-03	1.598628372623375659e-11	2.119999780238345736e-03
6.700000000000000000e+01	2.392303984476428989e-14	2.335002305996849168e-16	1.096508603399597267e-23	1.994981195552985968e-03	5.018804448745556028e-06	6.649230495237688527e-24	4.445173277841966430e-17	8.278712663029836742e-14	5.958112865025497299e-14	7.028396813273571273e-24	5.723118354141799605e-28	1.588000020325450873e-02	6.787498139923438256e-02	2.125018600780899207e-03	1.600978371668924388e-11	2.119999780263165292e-03
6.710000000000000853e+01	2.392303984426963939e-14	2.335002305941463737e-16	1.096508603381085142e-23	1.994981195552344121e-03	5.018804448626544511e-06	6.649230495080016531e-24	4.445173277736527775e-17	8.278712662842529609e-14	5.958112864883199414e-14	7.028396813105795903e-24	5.723118353905128590e-28	1.588000020320617933e-02	6.787498139918622664e-02	2.125018600829098499e-03	1.603328370714417864e-11	2.119999780287984848e-03
6.720000000000000284e+01	2.392303984377271066e-14	2.335002305885852988e-16	1.096508603362498372e-23	1.994981195551702273e-03	5.018804448507533841e-06	6.649230494922346005e-24	4.445173277630662025e-17	8.278712662654850133e-14	5.958112864740931821e-14	7.028396812938063145e-24	5.723118353667367029e-28	1.588000020315784994e-02	6.787498139913807071e-02	2.125018600877297791e-03	1.605678369759856087e-11	2.119999780312804404e-03
6.729999999999999716e+01	2.392303984327287262e-14	2.335002305829960220e-16	1.096508603343817563e-23	1.994981195551060425e-03	5.018804448388521476e-06	6.649230494764669601e-24	4.445173277524257631e-17	8.278712662466761712e-14	5.958112864598585972e-14	7.028396812770231939e-24	5.723118353428211792e-28	1.588000020310952054e-02	6.787498139908991479e-02	2.125018600925497082e-03	1.608028368805238088e-11	2.119999780337623960e-03
6.740000000000000568e+01	2.392303984277883112e-14	2.335002305774633461e-16	1.096508603325324832e-23	1.994981195550418578e-03	5.018804448269511653e-06	6.649230494606997605e-24	4.445173277418931758e-17	8.278712662278645523e-14	5.958112864456122741e-14	7.028396812602264082e-24	5.723118353191834938e-28	1.588000020306119114e-02	6.787498139904175887e-02	2.125018600973696374e-03	1.610378367850564189e-11	2.119999780362443517e-03
6.750000000000000000e+01	2.392303984229237846e-14	2.335002305720047244e-16	1.096508603307078368e-23	1.994981195549776730e-03	5.018804448150499289e-06	6.649230494449325609e-24	4.445173277315014741e-17	8.278712662091136441e-14	5.958112864313679706e-14	7.028396812434322673e-24	5.723118352959085765e-28	1.588000020301286175e-02	6.787498139899360294e-02	2.125018601021895666e-03	1.612728366895835684e-11	2.119999780387263073e-03
6.760000000000000853e+01	2.392303984179779739e-14	2.335002305664667237e-16	1.096508603288568006e-23	1.994981195549134882e-03	5.018804448031489466e-06	6.649230494291653613e-24	4.445173277209587179e-17	8.278712661903762412e-14	5.958112864171355314e-14	7.028396812266520855e-24	5.723118352722447933e-28	1.588000020296453235e-02	6.787498139894544702e-02	2.125018601070094958e-03	1.615078365941050310e-11	2.119999780412082629e-03
6.770000000000000284e+01	2.392303984129836955e-14	2.335002305608813912e-16	1.096508603269900568e-23	1.994981195548493035e-03	5.018804447912477948e-06	6.649230494133980147e-24	4.445173277103259822e-17	8.278712661715993322e-14	5.958112864029051118e-14	7.028396812098738138e-24	5.723118352483491792e-28	1.588000020291620296e-02	6.787498139889729110e-02	2.125018601118294249e-03	1.617428364986209036e-11	2.119999780436902185e-03
6.779999999999999716e+01	2.392303984080019126e-14	2.335002305553083848e-16	1.096508603251273684e-23	1.994981195547851187e-03	5.018804447793466431e-06	6.649230493976306682e-24	4.445173276997164810e-17	8.278712661527829170e-14	5.958112863886659831e-14	7.028396811930855504e-24	5.723118352245133838e-28	1.588000020286787356e-02	6.787498139884913517e-02	2.125018601166493541e-03	1.619778364031312186e-11	2.119999780461721741e-03
6.790000000000000568e+01	2.392303984030781584e-14	2.335002305497919298e-16	1.096508603232834880e-23	1.994981195547209339e-03	5.018804447674455761e-06	6.649230493818633217e-24	4.445173276892147086e-17	8.278712661339710457e-14	5.958112863744159997e-14	7.028396811762846505e-24	5.723118352009550679e-28	1.588000020281954416e-02	6.787498139880097925e-02	2.125018601214692833e-03	1.622128363076359760e-11	2.119999780486541297e-03
6.800000000000000000e+01	2.392303983982001581e-14	2.335002305443200454e-16	1.096508603214544628e-23	1.994981195546567491e-03	5.018804447555445091e-06	6.649230493660961221e-24	4.445173276787979236e-17	8.278712661152226618e-14	5.958112863601701815e-14	7.028396811594885995e-24	5.723118351776156685e-28	1.588000020277121477e-02	6.787498139875282333e-02	2.125018601262892125e-03	1.624478362121351112e-11	2.119999780511360853e-03
6.810000000000000853e+01	2.392303983932258221e-14	2.335002305387543359e-16	1.096508603195942136e-23	1.994981195545925644e-03	5.018804447436433574e-06	6.649230493503289225e-24	4.445173276682023507e-17	8.278712660964736469e-14	5.958112863459347132e-14	7.028396811427048911e-24	5.723118351538155670e-28	1.588000020272288537e-02	6.787498139870466740e-02	2.125018601311091417e-03	1.626828361166287211e-11	2.119999780536180409e-03
6.820000000000000284e+01	2.392303983882516124e-14	2.335002305331885771e-16	1.096508603177339498e-23	1.994981195545283796e-03	5.018804447317422903e-06	6.649230493345617229e-24	4.445173276576067161e-17	8.278712660776887862e-14	5.958112863317002546e-14	7.028396811259216236e-24	5.723118351300158242e-28	1.588000020267455598e-02	6.787498139865651148e-02	2.125018601359290708e-03	1.629178360211167410e-11	2.119999780560999966e-03
6.829999999999999716e+01	2.392303983832916652e-14	2.335002305276367219e-16	1.096508603158783291e-23	1.994981195544641948e-03	5.018804447198412233e-06	6.649230493187942294e-24	4.445173276470376440e-17	8.278712660588679534e-14	5.958112863174567083e-14	7.028396811091283643e-24	5.723118351062843302e-28	1.588000020262622658e-02	6.787498139860835555e-02	2.125018601407490000e-03	1.631528359255991710e-11	2.119999780585819522e-03
6.840000000000000568e+01	2.392303983784060603e-14	2.335002305221575899e-16	1.096508603140468501e-23	1.994981195544000101e-03	5.018804447079400716e-06	6.649230493030271767e-24	4.445173276366069307e-17	8.278712660400909181e-14	5.958112863032084919e-14	7.028396810923298154e-24	5.723118350829086988e-28	1.588000020257789718e-02	6.787498139856019963e-02	2.125018601455689292e-03	1.633878358300760757e-11	2.119999780610639078e-03
6.850000000000000000e+01	2.392303983734644778e-14	2.335002305166236814e-16	1.096508603121971803e-23	1.994981195543358253e-03	5.018804446960389199e-06	6.649230492872596832e-24	4.445173276260719398e-17	8.278712660213556610e-14	5.958112862889703730e-14	7.028396810755427275e-24	5.723118350592650943e-28	1.588000020252956779e-02	6.787498139851204371e-02	2.125018601503888584e-03	1.636228357345473581e-11	2.119999780635458634e-03
6.860000000000000853e+01	2.392303983685016592e-14	2.335002305110691145e-16	1.096508603103406486e-23	1.994981195542716405e-03	5.018804446841378529e-06	6.649230492714924836e-24	4.445173276154976291e-17	8.278712660025991992e-14	5.958112862747398271e-14	7.028396810587647497e-24	5.723118350355200581e-28	1.588000020248123839e-02	6.787498139846388778e-02	2.125018601552087875e-03	1.638578356390131153e-11	2.119999780660278190e-03
6.870000000000000284e+01	2.392303983635287116e-14	2.335002305055047362e-16	1.096508603084808403e-23	1.994981195542074558e-03	5.018804446722367858e-06	6.649230492557251371e-24	4.445173276049046447e-17	8.278712659838039886e-14	5.958112862605054948e-14	7.028396810419814822e-24	5.723118350117264138e-28	1.588000020243290900e-02	6.787498139841573186e-02	2.125018601600287167e-03	1.640928355434732501e-11	2.119999780685097746e-03
6.879999999999999716e+01	2.392303983585883913e-14	2.335002304999720109e-16	1.096508603066315819e-23	1.994981195541432710e-03	5.018804446603356341e-06	6.649230492399577906e-24	4.445173275943719341e-17	8.278712659649784858e-14	5.958112862462594241e-14	7.028396810251854311e-24	5.723118349880889077e-28	1.588000020238457960e-02	6.787498139836757594e-02	2.125018601648486459e-03	1.643278354479278274e-11	2.119999780709917302e-03
6.890000000000000568e+01	2.392303983536647633e-14	2.335002304944557038e-16	1.096508603047877456e-23	1.994981195540790862e-03	5.018804446484343977e-06	6.649230492241904440e-24	4.445173275838705314e-17	8.278712659461981688e-14	5.958112862320095669e-14	7.028396810083846781e-24	5.723118349645313093e-28	1.588000020233625020e-02	6.787498139831942001e-02	2.125018601696685751e-03	1.645628353523768471e-11	2.119999780734736858e-03
6.900000000000000000e+01	2.392303983487369385e-14	2.335002304889352552e-16	1.096508603029425721e-23	1.994981195540149015e-03	5.018804446365334154e-06	6.649230492084232444e-24	4.445173275733612402e-17	8.278712659274595038e-14	5.958112862177696810e-14	7.028396809915956801e-24	5.723118349409535322e-28	1.588000020228792081e-02	6.787498139827126409e-02	2.125018601744885043e-03	1.647978352568202445e-11	2.119999780759556415e-03
6.910000000000000853e+01	2.392303983437753190e-14	2.335002304833818717e-16	1.096508603010864224e-23	1.994981195539507167e-03	5.018804446246322637e-06	6.649230491926560448e-24	4.445173275627892098e-17	8.278712659086957214e-14	5.958112862035363583e-14	7.028396809748141758e-24	5.723118349172141461e-28	1.588000020223959141e-02	6.787498139822310816e-02	2.125018601793084334e-03	1.650328351612581812e-11	2.119999780784375971e-03
6.920000000000000284e+01	2.392303983387740039e-14	2.335002304777896367e-16	1.096508602992173864e-23	1.994981195538865319e-03	5.018804446127312813e-06	6.649230491768888452e-24	4.445173275521432238e-17	8.278712658898902872e-14	5.958112861892983656e-14	7.028396809580270879e-24	5.723118348932848112e-28	1.588000020219126202e-02	6.787498139817495224e-02	2.125018601841283626e-03	1.652678350656904634e-11	2.119999780809195527e-03
6.929999999999999716e+01	2.392303983338330526e-14	2.335002304722564677e-16	1.096508602973679518e-23	1.994981195538223472e-03	5.018804446008301296e-06	6.649230491611212048e-24	4.445173275416096504e-17	8.278712658710811926e-14	5.958112861750509066e-14	7.028396809412291267e-24	5.723118348696444353e-28	1.588000020214293262e-02	6.787498139812679632e-02	2.125018601889482918e-03	1.655028349701171556e-11	2.119999780834015083e-03
6.940000000000000568e+01	2.392303983289640137e-14	2.335002304667933594e-16	1.096508602955418066e-23	1.994981195537581624e-03	5.018804445889289779e-06	6.649230491453541521e-24	4.445173275312094438e-17	8.278712658523315466e-14	5.958112861608063505e-14	7.028396809244346919e-24	5.723118348463478147e-28	1.588000020209460322e-02	6.787498139807864039e-02	2.125018601937682210e-03	1.657378348745382902e-11	2.119999780858834639e-03
6.950000000000000000e+01	2.392303983240210113e-14	2.335002304612581690e-16	1.096508602936917107e-23	1.994981195536939776e-03	5.018804445770279109e-06	6.649230491295869525e-24	4.445173275206719261e-17	8.278712658335921243e-14	5.958112861465732803e-14	7.028396809076534815e-24	5.723118348226974839e-28	1.588000020204627383e-02	6.787498139803048447e-02	2.125018601985881501e-03	1.659728347789538672e-11	2.119999780883654195e-03
6.960000000000000853e+01	2.392303983190274271e-14	2.335002304556735761e-16	1.096508602918251873e-23	1.994981195536297928e-03	5.018804445651267592e-06	6.649230491138194591e-24	4.445173275100404846e-17	8.278712658148154677e-14	5.958112861323422296e-14	7.028396808908747690e-24	5.723118347988053675e-28	1.588000020199794443e-02	6.787498139798232855e-02	2.125018602034080793e-03	1.662078346833639189e-11	2.119999780908473751e-03
6.970000000000000284e+01	2.392303983140457389e-14	2.335002304501006189e-16	1.096508602899625284e-23	1.994981195535656081e-03	5.018804445532256074e-06	6.649230490980522595e-24	4.445173274994312299e-17	8.278712657959993049e-14	5.958112861181028485e-14	7.028396808740860648e-24	5.723118347749700205e-28	1.588000020194961504e-02	6.787498139793417262e-02	2.125018602082280085e-03	1.664428345877683161e-11	2.119999780933293308e-03
6.979999999999999716e+01	2.392303983091366260e-14	2.335002304445984127e-16	1.096508602881234087e-23	1.994981195535014233e-03	5.018804445413245404e-06	6.649230490822850599e-24	4.445173274889565746e-17	8.278712657771950066e-14	5.958112861038534962e-14	7.028396808572860465e-24	5.723118347514816575e-28	1.588000020190128564e-02	6.787498139788601670e-02	2.125018602130479377e-03	1.666778344921672525e-11	2.119999780958112864e-03
6.990000000000000568e+01	2.392303983042496326e-14	2.335002304391178016e-16	1.096508602862914448e-23	1.994981195534372385e-03	5.018804445294233887e-06	6.649230490665177133e-24	4.445173274785230263e-17	8.278712657584535648e-14	5.958112860896104548e-14	7.028396808404933750e-24	5.723118347280993895e-28	1.588000020185295624e-02	6.787498139783786077e-02	2.125018602178678669e-03	1.669128343965605667e-11	2.119999780982932420e-03
7.000000000000000000e+01	2.392303982992731510e-14	2.335002304335498734e-16	1.096508602844304756e-23	1.994981195533730538e-03	5.018804445175223217e-06	6.649230490507506607e-24	4.445173274679233242e-17	8.278712657397049286e-14	5.958112860753775108e-14	7.028396808237121646e-24	5.723118347042887054e-28	1.588000020180462685e-02	6.787498139778970485e-02	2.125018602226877960e-03	1.671478343009482910e-11	2.119999781007751976e-03
7.010000000000000853e+01	2.392303982942986888e-14	2.335002304279839174e-16	1.096508602825701824e-23	1.994981195533088690e-03	5.018804445056211700e-06	6.649230490349831672e-24	4.445173274573275047e-17	8.278712657209194367e-14	5.958112860611444406e-14	7.028396808069312481e-24	5.723118346804879761e-28	1.588000020175629745e-02	6.787498139774154893e-02	2.125018602275077252e-03	1.673828342053304253e-11	2.119999781032571532e-03
7.020000000000000284e+01	2.392303982893387731e-14	2.335002304224322595e-16	1.096508602807145764e-23	1.994981195532446842e-03	5.018804444937201029e-06	6.649230490192159676e-24	4.445173274467585559e-17	8.278712657020980990e-14	5.958112860469016516e-14	7.028396807901385766e-24	5.723118346567566615e-28	1.588000020170796805e-02	6.787498139769339300e-02	2.125018602323276544e-03	1.676178341097069698e-11	2.119999781057391088e-03
7.029999999999999716e+01	2.392303982844533260e-14	2.335002304169531274e-16	1.096508602788831268e-23	1.994981195531804995e-03	5.018804444818190359e-06	6.649230490034487680e-24	4.445173274363279658e-17	8.278712656833206851e-14	5.958112860326540663e-14	7.028396807733404684e-24	5.723118346333816578e-28	1.588000020165963866e-02	6.787498139764523708e-02	2.125018602371475836e-03	1.678528340140779566e-11	2.119999781082210644e-03
7.040000000000000568e+01	2.392303982795118697e-14	2.335002304114194161e-16	1.096508602770335305e-23	1.994981195531163147e-03	5.018804444699179689e-06	6.649230489876814214e-24	4.445173274257934063e-17	8.278712656645858066e-14	5.958112860184161998e-14	7.028396807565535275e-24	5.723118346097387708e-28	1.588000020161130926e-02	6.787498139759708116e-02	2.125018602419675127e-03	1.680878339184434180e-11	2.119999781107030200e-03
7.050000000000000000e+01	2.392303982745492404e-14	2.335002304058649972e-16	1.096508602751770429e-23	1.994981195530521299e-03	5.018804444580167325e-06	6.649230489719140749e-24	4.445173274152194038e-17	8.278712656458293449e-14	5.958112860041857802e-14	7.028396807397758436e-24	5.723118345859943624e-28	1.588000020156297987e-02	6.787498139754892523e-02	2.125018602467874419e-03	1.683228338228032573e-11	2.119999781131849757e-03
7.060000000000000853e+01	2.392303982695816887e-14	2.335002304003057464e-16	1.096508602733189537e-23	1.994981195529879452e-03	5.018804444461156655e-06	6.649230489561468753e-24	4.445173274046361569e-17	8.278712656270347654e-14	5.958112859899514478e-14	7.028396807229931638e-24	5.723118345622265468e-28	1.588000020151465047e-02	6.787498139750076931e-02	2.125018602516073711e-03	1.685578337271576035e-11	2.119999781156669313e-03
7.070000000000000284e+01	2.392303982646349628e-14	2.335002303947669568e-16	1.096508602714676676e-23	1.994981195529237604e-03	5.018804444342145984e-06	6.649230489403793818e-24	4.445173273940917983e-17	8.278712656082095149e-14	5.958112859757060083e-14	7.028396807061975536e-24	5.723118345385586382e-28	1.588000020146632107e-02	6.787498139745261339e-02	2.125018602564273003e-03	1.687928336315063598e-11	2.119999781181488869e-03
7.079999999999999716e+01	2.392303982596996597e-14	2.335002303892391619e-16	1.096508602696200109e-23	1.994981195528595756e-03	5.018804444223135314e-06	6.649230489246123292e-24	4.445173273835685787e-17	8.278712655894384119e-14	5.958112859614589279e-14	7.028396806894001801e-24	5.723118345149450775e-28	1.588000020141799168e-02	6.787498139740445746e-02	2.125018602612472295e-03	1.690278335358494616e-11	2.119999781206308425e-03
7.090000000000000568e+01	2.392303982547815221e-14	2.335002303837281796e-16	1.096508602677779819e-23	1.994981195527953909e-03	5.018804444104123797e-06	6.649230489088448357e-24	4.445173273730772833e-17	8.278712655706905330e-14	5.958112859472189157e-14	7.028396806726108882e-24	5.723118344914137562e-28	1.588000020136966228e-02	6.787498139735630154e-02	2.125018602660671586e-03	1.692628334401870704e-11	2.119999781231127981e-03
7.100000000000000000e+01	2.392303982498225531e-14	2.335002303781774092e-16	1.096508602659226844e-23	1.994981195527312061e-03	5.018804443985112280e-06	6.649230488930776361e-24	4.445173273625101833e-17	8.278712655519253622e-14	5.958112859329845833e-14	7.028396806558283553e-24	5.723118344676871948e-28	1.588000020132133289e-02	6.787498139730814561e-02	2.125018602708870878e-03	1.694978333445190246e-11	2.119999781255947537e-03
7.110000000000000853e+01	2.392303982448210803e-14	2.335002303725850756e-16	1.096508602640535896e-23	1.994981195526670213e-03	5.018804443866101610e-06	6.649230488773102896e-24	4.445173273518639508e-17	8.278712655331195493e-14	5.958112859187458333e-14	7.028396806390402389e-24	5.723118344437569631e-28	1.588000020127300349e-02	6.787498139725998969e-02	2.125018602757070170e-03	1.697328332488455504e-11	2.119999781280767093e-03
7.120000000000000284e+01	2.392303982398807600e-14	2.335002303670523997e-16	1.096508602622043460e-23	1.994981195526028366e-03	5.018804443747090939e-06	6.649230488615429430e-24	4.445173273413313018e-17	8.278712655143105810e-14	5.958112859044976169e-14	7.028396806222413960e-24	5.723118344201192777e-28	1.588000020122467409e-02	6.787498139721183377e-02	2.125018602805269462e-03	1.699678331531663894e-11	2.119999781305586650e-03
7.129999999999999716e+01	2.392303982350117528e-14	2.335002303615893900e-16	1.096508602603782596e-23	1.994981195525386518e-03	5.018804443628079422e-06	6.649230488457758904e-24	4.445173273309314650e-17	8.278712654955613136e-14	5.958112858902528085e-14	7.028396806054465205e-24	5.723118343968231952e-28	1.588000020117634470e-02	6.787498139716367784e-02	2.125018602853468754e-03	1.702028330574816707e-11	2.119999781330406206e-03
7.140000000000000568e+01	2.392303982300687819e-14	2.335002303560541502e-16	1.096508602585281344e-23	1.994981195524744670e-03	5.018804443509068752e-06	6.649230488300085438e-24	4.445173273203939473e-17	8.278712654768222699e-14	5.958112858760197383e-14	7.028396805886657509e-24	5.723118343731730438e-28	1.588000020112801530e-02	6.787498139711552192e-02	2.125018602901668045e-03	1.704378329617913622e-11	2.119999781355225762e-03
7.150000000000000000e+01	2.392303982250752608e-14	2.335002303504697053e-16	1.096508602566616550e-23	1.994981195524102822e-03	5.018804443390056388e-06	6.649230488142410503e-24	4.445173273097626291e-17	8.278712654580459920e-14	5.958112858617885613e-14	7.028396805718865976e-24	5.723118343492809274e-28	1.588000020107968591e-02	6.787498139706736600e-02	2.125018602949867337e-03	1.706728328660954636e-11	2.119999781380045318e-03
7.160000000000000853e+01	2.392303982200937304e-14	2.335002303448967481e-16	1.096508602547990108e-23	1.994981195523460975e-03	5.018804443271045718e-06	6.649230487984738507e-24	4.445173272991534360e-17	8.278712654392300817e-14	5.958112858475495589e-14	7.028396805550983342e-24	5.723118343254462082e-28	1.588000020103135651e-02	6.787498139701921007e-02	2.125018602998066629e-03	1.709078327703940398e-11	2.119999781404864874e-03
7.170000000000000284e+01	2.392303982152276261e-14	2.335002303394366474e-16	1.096508602529738795e-23	1.994981195522819127e-03	5.018804443152035047e-06	6.649230487827066511e-24	4.445173272887588378e-17	8.278712654204424441e-14	5.958112858333012163e-14	7.028396805382993444e-24	5.723118343021639369e-28	1.588000020098302711e-02	6.787498139697105415e-02	2.125018603046265921e-03	1.711428326746869938e-11	2.119999781429684430e-03
7.179999999999999716e+01	2.392303982103133067e-14	2.335002303339293629e-16	1.096508602511330700e-23	1.994981195522177279e-03	5.018804443033024377e-06	6.649230487669394515e-24	4.445173272782746914e-17	8.278712654017211971e-14	5.958112858190654955e-14	7.028396805215154892e-24	5.723118342786508213e-28	1.588000020093469772e-02	6.787498139692289822e-02	2.125018603094465212e-03	1.713778325789743901e-11	2.119999781454503986e-03
7.190000000000000568e+01	2.392303982053301039e-14	2.335002303283548773e-16	1.096508602492699262e-23	1.994981195521535432e-03	5.018804442914012860e-06	6.649230487511721050e-24	4.445173272676624785e-17	8.278712653829731920e-14	5.958112858048388624e-14	7.028396805047420664e-24	5.723118342548081203e-28	1.588000020088636832e-02	6.787498139687474230e-02	2.125018603142664504e-03	1.716128324832562611e-11	2.119999781479323542e-03
7.200000000000000000e+01	2.392303982003546004e-14	2.335002303227878859e-16	1.096508602474092508e-23	1.994981195520893584e-03	5.018804442795002190e-06	6.649230487354049054e-24	4.445173272570644404e-17	8.278712653641854282e-14	5.958112857906097049e-14	7.028396804879651172e-24	5.723118342310021893e-28	1.588000020083803893e-02	6.787498139682658638e-02	2.125018603190863796e-03	1.718478323875325098e-11	2.119999781504143099e-03
7.210000000000000853e+01	2.392303981953949057e-14	2.335002303172364252e-16	1.096508602455537330e-23	1.994981195520251736e-03	5.018804442675990672e-06	6.649230487196374119e-24	4.445173272464960462e-17	8.278712653453621973e-14	5.958112857763688092e-14	7.028396804711749436e-24	5.723118342072721303e-28	1.588000020078970953e-02	6.787498139677843045e-02	2.125018603239063088e-03	1.720828322918032010e-11	2.119999781528962655e-03
7.220000000000000284e+01	2.392303981905098056e-14	2.335002303117576383e-16	1.096508602437223716e-23	1.994981195519609889e-03	5.018804442556980002e-06	6.649230487038703593e-24	4.445173272360660108e-17	8.278712653265840261e-14	5.958112857621222337e-14	7.028396804543783048e-24	5.723118341838986513e-28	1.588000020074138013e-02	6.787498139673027453e-02	2.125018603287262380e-03	1.723178321960683022e-11	2.119999781553782211e-03
7.229999999999999716e+01	2.392303981855685387e-14	2.335002303062241734e-16	1.096508602418728488e-23	1.994981195518968041e-03	5.018804442437968485e-06	6.649230486881028658e-24	4.445173272255318211e-17	8.278712653078486427e-14	5.958112857478848721e-14	7.028396804375919516e-24	5.723118341602568404e-28	1.588000020069305074e-02	6.787498139668211861e-02	2.125018603335461671e-03	1.725528321003278458e-11	2.119999781578601767e-03
7.240000000000000568e+01	2.392303981806059409e-14	2.335002303006698038e-16	1.096508602400163759e-23	1.994981195518326193e-03	5.018804442318957815e-06	6.649230486723356662e-24	4.445173272149580035e-17	8.278712652890921809e-14	5.958112857336545787e-14	7.028396804208141207e-24	5.723118341365127908e-28	1.588000020064472134e-02	6.787498139663396268e-02	2.125018603383660963e-03	1.727878320045818318e-11	2.119999781603421323e-03
7.250000000000000000e+01	2.392303981756315103e-14	2.335002302951038971e-16	1.096508602381560679e-23	1.994981195517684346e-03	5.018804442199946298e-06	6.649230486565683196e-24	4.445173272043619991e-17	8.278712652702977276e-14	5.958112857194212560e-14	7.028396804040327634e-24	5.723118341127118822e-28	1.588000020059639195e-02	6.787498139658580676e-02	2.125018603431860255e-03	1.730228319088302924e-11	2.119999781628240879e-03
7.260000000000000853e+01	2.392303981706926415e-14	2.335002302895725523e-16	1.096508602363072798e-23	1.994981195517042498e-03	5.018804442080935627e-06	6.649230486408012670e-24	4.445173271938321235e-17	8.278712652514717199e-14	5.958112857051754378e-14	7.028396803872364185e-24	5.723118340890813714e-28	1.588000020054806255e-02	6.787498139653765084e-02	2.125018603480059547e-03	1.732578318130731309e-11	2.119999781653060435e-03
7.270000000000000284e+01	2.392303981657693921e-14	2.335002302840566890e-16	1.096508602344635903e-23	1.994981195516400650e-03	5.018804441961924957e-06	6.649230486250339204e-24	4.445173271833314604e-17	8.278712652326917816e-14	5.958112856909257069e-14	7.028396803704358124e-24	5.723118340655256563e-28	1.588000020049973315e-02	6.787498139648949491e-02	2.125018603528258838e-03	1.734928317173104117e-11	2.119999781677879992e-03
7.279999999999999716e+01	2.392303981608417252e-14	2.335002302785363883e-16	1.096508602326184462e-23	1.994981195515758803e-03	5.018804441842913440e-06	6.649230486092665739e-24	4.445173271728223541e-17	8.278712652139519806e-14	5.958112856766856947e-14	7.028396803536468143e-24	5.723118340419485966e-28	1.588000020045140376e-02	6.787498139644133899e-02	2.125018603576458130e-03	1.737278316215421995e-11	2.119999781702699548e-03
7.290000000000000568e+01	2.392303981558802003e-14	2.335002302729830540e-16	1.096508602307623260e-23	1.994981195515116955e-03	5.018804441723901923e-06	6.649230485934990804e-24	4.445173271622505086e-17	8.278712651951892080e-14	5.958112856624524982e-14	7.028396803368654570e-24	5.723118340182096590e-28	1.588000020040307436e-02	6.787498139639318306e-02	2.125018603624657422e-03	1.739628315257683004e-11	2.119999781727519104e-03
7.300000000000000000e+01	2.392303981508789168e-14	2.335002302673909177e-16	1.096508602288932899e-23	1.994981195514475107e-03	5.018804441604891253e-06	6.649230485777318808e-24	4.445173271516045842e-17	8.278712651763841524e-14	5.958112856482145055e-14	7.028396803200783691e-24	5.723118339942805034e-28	1.588000020035474497e-02	6.787498139634502714e-02	2.125018603672856714e-03	1.741978314299888114e-11	2.119999781752338660e-03
7.310000000000000853e+01	2.392303981459380916e-14	2.335002302618577980e-16	1.096508602270439141e-23	1.994981195513833259e-03	5.018804441485879735e-06	6.649230485619645343e-24	4.445173271410712573e-17	8.278712651575754365e-14	5.958112856339671727e-14	7.028396803032805548e-24	5.723118339706405759e-28	1.588000020030641557e-02	6.787498139629687122e-02	2.125018603721056006e-03	1.744328313342038294e-11	2.119999781777158216e-03
7.320000000000000284e+01	2.392303981410691790e-14	2.335002302563948376e-16	1.096508602252178130e-23	1.994981195513191412e-03	5.018804441366869065e-06	6.649230485461974816e-24	4.445173271306712972e-17	8.278712651388261692e-14	5.958112856197231216e-14	7.028396802864865609e-24	5.723118339473445831e-28	1.588000020025808617e-02	6.787498139624871529e-02	2.125018603769255297e-03	1.746678312384131929e-11	2.119999781801977772e-03
7.329999999999999716e+01	2.392303981361262397e-14	2.335002302508597457e-16	1.096508602233677465e-23	1.994981195512549564e-03	5.018804441247858395e-06	6.649230485304301351e-24	4.445173271201339644e-17	8.278712651200871255e-14	5.958112856054901776e-14	7.028396802697059382e-24	5.723118339236947905e-28	1.588000020020975678e-02	6.787498139620055937e-02	2.125018603817454589e-03	1.749028311426169987e-11	2.119999781826797328e-03
7.340000000000000568e+01	2.392303981311327817e-14	2.335002302452751529e-16	1.096508602215012378e-23	1.994981195511907716e-03	5.018804441128846878e-06	6.649230485146626416e-24	4.445173271095026463e-17	8.278712651013108475e-14	5.958112855912595055e-14	7.028396802529273727e-24	5.723118338998028534e-28	1.588000020016142738e-02	6.787498139615240345e-02	2.125018603865653881e-03	1.751378310468152469e-11	2.119999781851616884e-03
7.350000000000000000e+01	2.392303981261513144e-14	2.335002302397024422e-16	1.096508602196386523e-23	1.994981195511265869e-03	5.018804441009836208e-06	6.649230484988955889e-24	4.445173270988937613e-17	8.278712650824954421e-14	5.958112855770203768e-14	7.028396802361391093e-24	5.723118338759685826e-28	1.588000020011309799e-02	6.787498139610424752e-02	2.125018603913853173e-03	1.753728309510079052e-11	2.119999781876436441e-03
7.360000000000000853e+01	2.392303981212277180e-14	2.335002302341860858e-16	1.096508602177948306e-23	1.994981195510624021e-03	5.018804440890824690e-06	6.649230484831280955e-24	4.445173270883922354e-17	8.278712650636844543e-14	5.958112855627707721e-14	7.028396802193385032e-24	5.723118338524110739e-28	1.588000020006476859e-02	6.787498139605609160e-02	2.125018603962052464e-03	1.756078308551950705e-11	2.119999781901255997e-03
7.370000000000000284e+01	2.392303981163498439e-14	2.335002302287144973e-16	1.096508602159658496e-23	1.994981195509982173e-03	5.018804440771814020e-06	6.649230484673610428e-24	4.445173270779758202e-17	8.278712650449369540e-14	5.958112855485253325e-14	7.028396802025431869e-24	5.723118338290725713e-28	1.588000020001643919e-02	6.787498139600793567e-02	2.125018604010251756e-03	1.758428307593765813e-11	2.119999781926075553e-03
7.379999999999999716e+01	2.392303981113756972e-14	2.335002302231488371e-16	1.096508602141056298e-23	1.994981195509340326e-03	5.018804440652803350e-06	6.649230484515936963e-24	4.445173270673803705e-17	8.278712650261885702e-14	5.958112855342907477e-14	7.028396801857599194e-24	5.723118338052731872e-28	1.588000019996810980e-02	6.787498139595977975e-02	2.125018604058451048e-03	1.760778306635525021e-11	2.119999781950895109e-03
7.390000000000000568e+01	2.392303981064017083e-14	2.335002302175833248e-16	1.096508602122454687e-23	1.994981195508698478e-03	5.018804440533791833e-06	6.649230484358263497e-24	4.445173270567853523e-17	8.278712650074047191e-14	5.958112855200565415e-14	7.028396801689775335e-24	5.723118337814745206e-28	1.588000019991978040e-02	6.787498139591162383e-02	2.125018604106650340e-03	1.763128305677228976e-11	2.119999781975714665e-03
7.400000000000000000e+01	2.392303981014418558e-14	2.335002302120316176e-16	1.096508602103898628e-23	1.994981195508056630e-03	5.018804440414781163e-06	6.649230484200592971e-24	4.445173270462164034e-17	8.278712649885843912e-14	5.958112855058131215e-14	7.028396801521844212e-24	5.723118337577434751e-28	1.588000019987145101e-02	6.787498139586346790e-02	2.125018604154849632e-03	1.765478304718877354e-11	2.119999782000534221e-03
7.410000000000000853e+01	2.392303980965564403e-14	2.335002302065525841e-16	1.096508602085584426e-23	1.994981195507414783e-03	5.018804440295769645e-06	6.649230484042919505e-24	4.445173270357859982e-17	8.278712649698076084e-14	5.958112854915656624e-14	7.028396801353863130e-24	5.723118337343687405e-28	1.588000019982312161e-02	6.787498139581531198e-02	2.125018604203048923e-03	1.767828303760469834e-11	2.119999782025353777e-03
7.420000000000000284e+01	2.392303980916151102e-14	2.335002302010189221e-16	1.096508602067088610e-23	1.994981195506772935e-03	5.018804440176758128e-06	6.649230483885246040e-24	4.445173270252515004e-17	8.278712649510733610e-14	5.958112854773277959e-14	7.028396801185996659e-24	5.723118337107262122e-28	1.588000019977479221e-02	6.787498139576715606e-02	2.125018604251248215e-03	1.770178302802006414e-11	2.119999782050173334e-03
7.429999999999999716e+01	2.392303980866524178e-14	2.335002301954645032e-16	1.096508602048523734e-23	1.994981195506131087e-03	5.018804440057747458e-06	6.649230483727572575e-24	4.445173270146774363e-17	8.278712649323174041e-14	5.958112854630973763e-14	7.028396801018216881e-24	5.723118336869818038e-28	1.588000019972646282e-02	6.787498139571900013e-02	2.125018604299447507e-03	1.772528301843487095e-11	2.119999782074992890e-03
7.440000000000000568e+01	2.392303980816849607e-14	2.335002301899053018e-16	1.096508602029942841e-23	1.994981195505489240e-03	5.018804439938735941e-06	6.649230483569902048e-24	4.445173270040944358e-17	8.278712649135235819e-14	5.958112854488638012e-14	7.028396800850398900e-24	5.723118336632144366e-28	1.588000019967813342e-02	6.787498139567084421e-02	2.125018604347646799e-03	1.774878300884912846e-11	2.119999782099812446e-03
7.450000000000000000e+01	2.392303980767384557e-14	2.335002301843667586e-16	1.096508602011430715e-23	1.994981195504847392e-03	5.018804439819724424e-06	6.649230483412228583e-24	4.445173269935504470e-17	8.278712648946985839e-14	5.958112854346187403e-14	7.028396800682448675e-24	5.723118336395473351e-28	1.588000019962980403e-02	6.787498139562268828e-02	2.125018604395846090e-03	1.777228299926283020e-11	2.119999782124632002e-03
7.460000000000000853e+01	2.392303980718158690e-14	2.335002301788514376e-16	1.096508601992996025e-23	1.994981195504205544e-03	5.018804439700714600e-06	6.649230483254555117e-24	4.445173269830509549e-17	8.278712648759185194e-14	5.958112854203690093e-14	7.028396800514441145e-24	5.723118336159948486e-28	1.588000019958147463e-02	6.787498139557453236e-02	2.125018604444045382e-03	1.779578298967596972e-11	2.119999782149451558e-03
7.470000000000000284e+01	2.392303980668885491e-14	2.335002301733314820e-16	1.096508601974545760e-23	1.994981195503563697e-03	5.018804439581703083e-06	6.649230483096881652e-24	4.445173269725425880e-17	8.278712648571799806e-14	5.958112854061297545e-14	7.028396800346557042e-24	5.723118335924194930e-28	1.588000019953314523e-02	6.787498139552637644e-02	2.125018604492244674e-03	1.781928298008854702e-11	2.119999782174271114e-03
7.479999999999999716e+01	2.392303980619265194e-14	2.335002301677777534e-16	1.096508601955982941e-23	1.994981195502921849e-03	5.018804439462691566e-06	6.649230482939209656e-24	4.445173269619698181e-17	8.278712648384165769e-14	5.958112853918965580e-14	7.028396800178746407e-24	5.723118335686782235e-28	1.588000019948481584e-02	6.787498139547822051e-02	2.125018604540443966e-03	1.784278297050058148e-11	2.119999782199090670e-03
7.490000000000000568e+01	2.392303980569255830e-14	2.335002301621859128e-16	1.096508601937293756e-23	1.994981195502280001e-03	5.018804439343680896e-06	6.649230482781536190e-24	4.445173269513246333e-17	8.278712648196115213e-14	5.958112853776586915e-14	7.028396800010875528e-24	5.723118335447505030e-28	1.588000019943648644e-02	6.787498139543006459e-02	2.125018604588643258e-03	1.786628296091205372e-11	2.119999782223910226e-03
7.500000000000000000e+01	2.392303980519849156e-14	2.335002301566528918e-16	1.096508601918800144e-23	1.994981195501638153e-03	5.018804439224669379e-06	6.649230482623862725e-24	4.445173269407913680e-17	8.278712648008031840e-14	5.958112853634114849e-14	7.028396799842898855e-24	5.723118335211113826e-28	1.588000019938815705e-02	6.787498139538190867e-02	2.125018604636842549e-03	1.788978295132296050e-11	2.119999782248729783e-03
7.510000000000000853e+01	2.392303980471160661e-14	2.335002301511900300e-16	1.096508601900539868e-23	1.994981195500996306e-03	5.018804439105659555e-06	6.649230482466190729e-24	4.445173269303916545e-17	8.278712647820540429e-14	5.958112853491674338e-14	7.028396799674963324e-24	5.723118334978158382e-28	1.588000019933982765e-02	6.787498139533375274e-02	2.125018604685041841e-03	1.791328294173331152e-11	2.119999782273549339e-03
7.520000000000000284e+01	2.392303980421732214e-14	2.335002301456549874e-16	1.096508601882038909e-23	1.994981195500354458e-03	5.018804438986648038e-06	6.649230482308517264e-24	4.445173269198544449e-17	8.278712647633152516e-14	5.958112853349347422e-14	7.028396799507154158e-24	5.723118334741664043e-28	1.588000019929149825e-02	6.787498139528559682e-02	2.125018604733241133e-03	1.793678293214310354e-11	2.119999782298368895e-03
7.529999999999999716e+01	2.392303980371798266e-14	2.335002301400705918e-16	1.096508601863374557e-23	1.994981195499712610e-03	5.018804438867636521e-06	6.649230482150845268e-24	4.445173269092233116e-17	8.278712647445392261e-14	5.958112853207041964e-14	7.028396799339374380e-24	5.723118334502750053e-28	1.588000019924316886e-02	6.787498139523744090e-02	2.125018604781440425e-03	1.796028292255233981e-11	2.119999782323188451e-03
7.540000000000000568e+01	2.392303980321984224e-14	2.335002301344978318e-16	1.096508601844748702e-23	1.994981195499070763e-03	5.018804438748625851e-06	6.649230481993171802e-24	4.445173268986144883e-17	8.278712647257240731e-14	5.958112853064654464e-14	7.028396799171494685e-24	5.723118334264408242e-28	1.588000019919483946e-02	6.787498139518928497e-02	2.125018604829639716e-03	1.798378291296102354e-11	2.119999782348008007e-03
7.550000000000000000e+01	2.392303980272749837e-14	2.335002301289816727e-16	1.096508601826310926e-23	1.994981195498428915e-03	5.018804438629614334e-06	6.649230481835498337e-24	4.445173268881132705e-17	8.278712647069134640e-14	5.958112852922160941e-14	7.028396799003490094e-24	5.723118334028841226e-28	1.588000019914651006e-02	6.787498139514112905e-02	2.125018604877839008e-03	1.800728290336914182e-11	2.119999782372827563e-03
7.560000000000000853e+01	2.392303980223971727e-14	2.335002301235100348e-16	1.096508601808021557e-23	1.994981195497787067e-03	5.018804438510603663e-06	6.649230481677824871e-24	4.445173268776969170e-17	8.278712646881662161e-14	5.958112852779706545e-14	7.028396798835536930e-24	5.723118333795458891e-28	1.588000019909818067e-02	6.787498139509297312e-02	2.125018604926038300e-03	1.803078289377671080e-11	2.119999782397647119e-03
7.570000000000000284e+01	2.392303980174231207e-14	2.335002301179444732e-16	1.096508601789419505e-23	1.994981195497145220e-03	5.018804438391592146e-06	6.649230481520152875e-24	4.445173268671017138e-17	8.278712646694182109e-14	5.958112852637360697e-14	7.028396798667707194e-24	5.723118333557467740e-28	1.588000019904985127e-02	6.787498139504481720e-02	2.125018604974237592e-03	1.805428288418371755e-11	2.119999782422466676e-03
7.579999999999999716e+01	2.392303980124491634e-14	2.335002301123790595e-16	1.096508601770817895e-23	1.994981195496503372e-03	5.018804438272581476e-06	6.649230481362479410e-24	4.445173268565067572e-17	8.278712646506344862e-14	5.958112852495018635e-14	7.028396798499883334e-24	5.723118333319484662e-28	1.588000019900152188e-02	6.787498139499666128e-02	2.125018605022436884e-03	1.807778287459016854e-11	2.119999782447286232e-03
7.590000000000000568e+01	2.392303980074755216e-14	2.335002301068138431e-16	1.096508601752217313e-23	1.994981195495861524e-03	5.018804438153569959e-06	6.649230481204805945e-24	4.445173268459121087e-17	8.278712646318125174e-14	5.958112852352589483e-14	7.028396798331953681e-24	5.723118333081514139e-28	1.588000019895319248e-02	6.787498139494850535e-02	2.125018605070636175e-03	1.810128286499606377e-11	2.119999782472105788e-03
7.600000000000000000e+01	2.392303980026126043e-14	2.335002301013567991e-16	1.096508601733976139e-23	1.994981195495219677e-03	5.018804438034558442e-06	6.649230481047133949e-24	4.445173268355235502e-17	8.278712646130319480e-14	5.958112852210084600e-14	7.028396798163940273e-24	5.723118332848842093e-28	1.588000019890486308e-02	6.787498139490034943e-02	2.125018605118835467e-03	1.812478285540140647e-11	2.119999782496925344e-03
7.610000000000000853e+01	2.392303979976646478e-14	2.335002300958167276e-16	1.096508601715458870e-23	1.994981195494577829e-03	5.018804437915548618e-06	6.649230480889463422e-24	4.445173268249767880e-17	8.278712645943040115e-14	5.958112852067713509e-14	7.028396797996081149e-24	5.723118332612104713e-28	1.588000019885653369e-02	6.787498139485219351e-02	2.125018605167034759e-03	1.814828284580618694e-11	2.119999782521744900e-03
7.620000000000000284e+01	2.392303979927003146e-14	2.335002300902606323e-16	1.096508601696888557e-23	1.994981195493935981e-03	5.018804437796537948e-06	6.649230480731789957e-24	4.445173268143997656e-17	8.278712645755493168e-14	5.958112851925424458e-14	7.028396797828319004e-24	5.723118332374579018e-28	1.588000019880820429e-02	6.787498139480403758e-02	2.125018605215234051e-03	1.817178283621040519e-11	2.119999782546564456e-03
7.629999999999999716e+01	2.392303979877273355e-14	2.335002300846962047e-16	1.096508601678290327e-23	1.994981195493294134e-03	5.018804437677526431e-06	6.649230480574116491e-24	4.445173268038065346e-17	8.278712645567547373e-14	5.958112851783093756e-14	7.028396797660509838e-24	5.723118332136640781e-28	1.588000019875987490e-02	6.787498139475588166e-02	2.125018605263433343e-03	1.819528282661407091e-11	2.119999782571384012e-03
7.640000000000000568e+01	2.392303979827871729e-14	2.335002300791637753e-16	1.096508601659798478e-23	1.994981195492652286e-03	5.018804437558514914e-06	6.649230480416444495e-24	4.445173267932743787e-17	8.278712645379299917e-14	5.958112851640644409e-14	7.028396797492561083e-24	5.723118331900273792e-28	1.588000019871154550e-02	6.787498139470772573e-02	2.125018605311632634e-03	1.821878281701718087e-11	2.119999782596203568e-03
7.650000000000000000e+01	2.392303979778512703e-14	2.335002300736354874e-16	1.096508601641320442e-23	1.994981195492010438e-03	5.018804437439503397e-06	6.649230480258771030e-24	4.445173267827500498e-17	8.278712645191600247e-14	5.958112851498183703e-14	7.028396797324596165e-24	5.723118331664112177e-28	1.588000019866321610e-02	6.787498139465956981e-02	2.125018605359831926e-03	1.824228280741972860e-11	2.119999782621023125e-03
7.660000000000000853e+01	2.392303979729332589e-14	2.335002300681245544e-16	1.096508601622900004e-23	1.994981195491368590e-03	5.018804437320492726e-06	6.649230480101097564e-24	4.445173267722588161e-17	8.278712645004123982e-14	5.958112851355789892e-14	7.028396797156710592e-24	5.723118331428802551e-28	1.588000019861488671e-02	6.787498139461141389e-02	2.125018605408031218e-03	1.826578279782172058e-11	2.119999782645842681e-03
7.670000000000000284e+01	2.392303979679744793e-14	2.335002300625739318e-16	1.096508601604347765e-23	1.994981195490726743e-03	5.018804437201482056e-06	6.649230479943425568e-24	4.445173267616920859e-17	8.278712644816481109e-14	5.958112851213451617e-14	7.028396796988889672e-24	5.723118331191544112e-28	1.588000019856655731e-02	6.787498139456325796e-02	2.125018605456230510e-03	1.828928278822315678e-11	2.119999782670662237e-03
7.680000000000001137e+01	2.392303979629740162e-14	2.335002300569825844e-16	1.096508601585660196e-23	1.994981195490084895e-03	5.018804437082470539e-06	6.649230479785752103e-24	4.445173267510478255e-17	8.278712644628436864e-14	5.958112851071071690e-14	7.028396796821018793e-24	5.723118330952292017e-28	1.588000019851822792e-02	6.787498139451510204e-02	2.125018605504429801e-03	1.831278277862403723e-11	2.119999782695481793e-03
7.690000000000000568e+01	2.392303979580333488e-14	2.335002300514497112e-16	1.096508601567166731e-23	1.994981195489443047e-03	5.018804436963458175e-06	6.649230479628077168e-24	4.445173267405146218e-17	8.278712644440358540e-14	5.958112850928597099e-14	7.028396796653039181e-24	5.723118330715901710e-28	1.588000019846989852e-02	6.787498139446694612e-02	2.125018605552629093e-03	1.833628276902435545e-11	2.119999782720301349e-03
7.700000000000000000e+01	2.392303979531645940e-14	2.335002300459868494e-16	1.096508601548906455e-23	1.994981195488801200e-03	5.018804436844449199e-06	6.649230479470406642e-24	4.445173267301150316e-17	8.278712644252874702e-14	5.958112850786157850e-14	7.028396796485103650e-24	5.723118330482948957e-28	1.588000019842156912e-02	6.787498139441879019e-02	2.125018605600828385e-03	1.835978275942411791e-11	2.119999782745120905e-03
7.710000000000000853e+01	2.392303979482218124e-14	2.335002300404518069e-16	1.096508601530406231e-23	1.994981195488159352e-03	5.018804436725437681e-06	6.649230479312731707e-24	4.445173267195780069e-17	8.278712644065491838e-14	5.958112850643833459e-14	7.028396796317300362e-24	5.723118330246457308e-28	1.588000019837323973e-02	6.787498139437063427e-02	2.125018605649027677e-03	1.838328274982332461e-11	2.119999782769940461e-03
7.720000000000000284e+01	2.392303979432285438e-14	2.335002300348675591e-16	1.096508601511741879e-23	1.994981195487517504e-03	5.018804436606426164e-06	6.649230479155062650e-24	4.445173267089471201e-17	8.278712643877732845e-14	5.958112850501528000e-14	7.028396796149517645e-24	5.723118330007549597e-28	1.588000019832491033e-02	6.787498139432247835e-02	2.125018605697226969e-03	1.840678274022197555e-11	2.119999782794760017e-03
7.730000000000001137e+01	2.392303979382472658e-14	2.335002300292949471e-16	1.096508601493116465e-23	1.994981195486875657e-03	5.018804436487415494e-06	6.649230478997387715e-24	4.445173266983384817e-17	8.278712643689582578e-14	5.958112850359144286e-14	7.028396795981642358e-24	5.723118329769214063e-28	1.588000019827658094e-02	6.787498139427432242e-02	2.125018605745426260e-03	1.843028273062006749e-11	2.119999782819579574e-03
7.740000000000000568e+01	2.392303979333622920e-14	2.335002300238163081e-16	1.096508601474803585e-23	1.994981195486233809e-03	5.018804436368403977e-06	6.649230478839715719e-24	4.445173266879087545e-17	8.278712643501691056e-14	5.958112850216663385e-14	7.028396795813656868e-24	5.723118329535487345e-28	1.588000019822825154e-02	6.787498139422616650e-02	2.125018605793625552e-03	1.845378272101760044e-11	2.119999782844399130e-03
7.750000000000000000e+01	2.392303979284363605e-14	2.335002300182977330e-16	1.096508601456357875e-23	1.994981195485591961e-03	5.018804436249393307e-06	6.649230478682043723e-24	4.445173266774029761e-17	8.278712643314025464e-14	5.958112850074226660e-14	7.028396795645722807e-24	5.723118329299799257e-28	1.588000019817992214e-02	6.787498139417801057e-02	2.125018605841824844e-03	1.847728271141458410e-11	2.119999782869218686e-03
7.760000000000000853e+01	2.392303979234702602e-14	2.335002300127400107e-16	1.096508601437782125e-23	1.994981195484950114e-03	5.018804436130382636e-06	6.649230478524368788e-24	4.445173266668226257e-17	8.278712643126513858e-14	5.958112849931868190e-14	7.028396795477876907e-24	5.723118329062194641e-28	1.588000019813159275e-02	6.787498139412985465e-02	2.125018605890024136e-03	1.850078270181101198e-11	2.119999782894038242e-03
7.770000000000000284e+01	2.392303979184977228e-14	2.335002300071758296e-16	1.096508601419184776e-23	1.994981195484308266e-03	5.018804436011371119e-06	6.649230478366695323e-24	4.445173266562300726e-17	8.278712642938674086e-14	5.958112849789521080e-14	7.028396795310045701e-24	5.723118328824275237e-28	1.588000019808326335e-02	6.787498139408169873e-02	2.125018605938223427e-03	1.852428269220687442e-11	2.119999782918857798e-03
7.780000000000001137e+01	2.392303979135383437e-14	2.335002300016246648e-16	1.096508601400630773e-23	1.994981195483666418e-03	5.018804435892359602e-06	6.649230478209023327e-24	4.445173266456622947e-17	8.278712642750482166e-14	5.958112849647086879e-14	7.028396795142113109e-24	5.723118328586988996e-28	1.588000019803493396e-02	6.787498139403354280e-02	2.125018605986422719e-03	1.854778268260218109e-11	2.119999782943677354e-03
7.790000000000000568e+01	2.392303979086530227e-14	2.335002299961456806e-16	1.096508601382316571e-23	1.994981195483024571e-03	5.018804435773348932e-06	6.649230478051349861e-24	4.445173266352318896e-17	8.278712642562724436e-14	5.958112849504609764e-14	7.028396794974130558e-24	5.723118328353245237e-28	1.588000019798660456e-02	6.787498139398538688e-02	2.125018606034622011e-03	1.857128267299692554e-11	2.119999782968496910e-03
7.800000000000000000e+01	2.392303979037117242e-14	2.335002299906121665e-16	1.096508601363821196e-23	1.994981195482382723e-03	5.018804435654338262e-06	6.649230477893679335e-24	4.445173266246975766e-17	8.278712642375389534e-14	5.958112849362234886e-14	7.028396794806267026e-24	5.723118328116824438e-28	1.588000019793827516e-02	6.787498139393723096e-02	2.125018606082821303e-03	1.859478266339111422e-11	2.119999782993316467e-03
7.810000000000000853e+01	2.392303978987491896e-14	2.335002299850577969e-16	1.096508601345256320e-23	1.994981195481740875e-03	5.018804435535326744e-06	6.649230477736005869e-24	4.445173266141237590e-17	8.278712642187835014e-14	5.958112849219934476e-14	7.028396794638493125e-24	5.723118327879386633e-28	1.588000019788994577e-02	6.787498139388907503e-02	2.125018606131020595e-03	1.861828265378475361e-11	2.119999783018136023e-03
7.820000000000000284e+01	2.392303978937765260e-14	2.335002299794936651e-16	1.096508601326659412e-23	1.994981195481099027e-03	5.018804435416315227e-06	6.649230477578332404e-24	4.445173266035311443e-17	8.278712641999895530e-14	5.958112849077601249e-14	7.028396794470679552e-24	5.723118327641465435e-28	1.588000019784161637e-02	6.787498139384091911e-02	2.125018606179219886e-03	1.864178264417782754e-11	2.119999783042955579e-03
7.830000000000001137e+01	2.392303978888365528e-14	2.335002299739613343e-16	1.096508601308168004e-23	1.994981195480457180e-03	5.018804435297304557e-06	6.649230477420658939e-24	4.445173265929993582e-17	8.278712641811653123e-14	5.958112848935150640e-14	7.028396794302727858e-24	5.723118327405104724e-28	1.588000019779328698e-02	6.787498139379276318e-02	2.125018606227419178e-03	1.866528263457034571e-11	2.119999783067775135e-03
7.840000000000000568e+01	2.392303978839006817e-14	2.335002299684330463e-16	1.096508601289689821e-23	1.994981195479815332e-03	5.018804435178293887e-06	6.649230477262988412e-24	4.445173265824749060e-17	8.278712641623957239e-14	5.958112848792684885e-14	7.028396794134758531e-24	5.723118327168943109e-28	1.588000019774495758e-02	6.787498139374460726e-02	2.125018606275618470e-03	1.868878262496230811e-11	2.119999783092594691e-03
7.850000000000000000e+01	2.392303978789826388e-14	2.335002299629221627e-16	1.096508601271269677e-23	1.994981195479173484e-03	5.018804435059282369e-06	6.649230477105313477e-24	4.445173265719837955e-17	8.278712641436486023e-14	5.958112848650292336e-14	7.028396793966874428e-24	5.723118326933634380e-28	1.588000019769662818e-02	6.787498139369645134e-02	2.125018606323817762e-03	1.871228261535371476e-11	2.119999783117414247e-03
7.860000000000000853e+01	2.392303978740238907e-14	2.335002299573714908e-16	1.096508601252717585e-23	1.994981195478531637e-03	5.018804434940271699e-06	6.649230476947642951e-24	4.445173265614170037e-17	8.278712641248844412e-14	5.958112848507956586e-14	7.028396793799057916e-24	5.723118326696376838e-28	1.588000019764829879e-02	6.787498139364829541e-02	2.125018606372017053e-03	1.873578260574456241e-11	2.119999783142233803e-03
7.870000000000000284e+01	2.392303978690234592e-14	2.335002299517802419e-16	1.096508601234030016e-23	1.994981195477889789e-03	5.018804434821260182e-06	6.649230476789968016e-24	4.445173265507728049e-17	8.278712641060803954e-14	5.958112848365576659e-14	7.028396793631187037e-24	5.723118326457125640e-28	1.588000019759996939e-02	6.787498139360013949e-02	2.125018606420216345e-03	1.875928259613484783e-11	2.119999783167053359e-03
7.880000000000001137e+01	2.392303978640829180e-14	2.335002299462475167e-16	1.096508601215537139e-23	1.994981195477247941e-03	5.018804434702249512e-06	6.649230476632296020e-24	4.445173265402399711e-17	8.278712640872725630e-14	5.958112848223104593e-14	7.028396793463210363e-24	5.723118326220742508e-28	1.588000019755164000e-02	6.787498139355198357e-02	2.125018606468415637e-03	1.878278258652458396e-11	2.119999783191872916e-03
7.890000000000000568e+01	2.392303978592141316e-14	2.335002299407846549e-16	1.096508601197276422e-23	1.994981195476606094e-03	5.018804434583237995e-06	6.649230476474622554e-24	4.445173265298403192e-17	8.278712640685243054e-14	5.958112848080666605e-14	7.028396793295273363e-24	5.723118325987788858e-28	1.588000019750331060e-02	6.787498139350382764e-02	2.125018606516614929e-03	1.880628257691375786e-11	2.119999783216692472e-03
7.900000000000000000e+01	2.392303978542714132e-14	2.335002299352496124e-16	1.096508601178776492e-23	1.994981195475964246e-03	5.018804434464227324e-06	6.649230476316949089e-24	4.445173265193033561e-17	8.278712640497862715e-14	5.958112847938342214e-14	7.028396793127471544e-24	5.723118325751298106e-28	1.588000019745498120e-02	6.787498139345567172e-02	2.125018606564814221e-03	1.882978256730237600e-11	2.119999783241512028e-03
7.910000000000000853e+01	2.392303978492781130e-14	2.335002299296653153e-16	1.096508601160111993e-23	1.994981195475322398e-03	5.018804434345216654e-06	6.649230476159277093e-24	4.445173265086724077e-17	8.278712640310107508e-14	5.958112847796039280e-14	7.028396792959693236e-24	5.723118325512389497e-28	1.588000019740665181e-02	6.787498139340751580e-02	2.125018606613013512e-03	1.885328255769043838e-11	2.119999783266331584e-03
7.920000000000000284e+01	2.392303978442968666e-14	2.335002299240928019e-16	1.096508601141487019e-23	1.994981195474680551e-03	5.018804434226205137e-06	6.649230476001603628e-24	4.445173264980638309e-17	8.278712640121958503e-14	5.958112847653655566e-14	7.028396792791817949e-24	5.723118325274055758e-28	1.588000019735832241e-02	6.787498139335935987e-02	2.125018606661212804e-03	1.887678254807794177e-11	2.119999783291151140e-03
7.930000000000001137e+01	2.392303978394120505e-14	2.335002299186143108e-16	1.096508601123174728e-23	1.994981195474038703e-03	5.018804434107193620e-06	6.649230475843930162e-24	4.445173264876344735e-17	8.278712639934066981e-14	5.958112847511175927e-14	7.028396792623830990e-24	5.723118325040337111e-28	1.588000019730999302e-02	6.787498139331120395e-02	2.125018606709412096e-03	1.890028253846488939e-11	2.119999783315970696e-03
7.940000000000000568e+01	2.392303978344893060e-14	2.335002299130988419e-16	1.096508601104739009e-23	1.994981195473396855e-03	5.018804433988182950e-06	6.649230475686258166e-24	4.445173264771346116e-17	8.278712639746420322e-14	5.958112847368741726e-14	7.028396792455899867e-24	5.723118324804803277e-28	1.588000019726166362e-02	6.787498139326304802e-02	2.125018606757611388e-03	1.892378252885127802e-11	2.119999783340790252e-03
7.950000000000000000e+01	2.392303978295203659e-14	2.335002299075382600e-16	1.096508601086153855e-23	1.994981195472755008e-03	5.018804433869171432e-06	6.649230475528583232e-24	4.445173264665488994e-17	8.278712639558903667e-14	5.958112847226387043e-14	7.028396792288061314e-24	5.723118324567057859e-28	1.588000019721333422e-02	6.787498139321489210e-02	2.125018606805810679e-03	1.894728251923710766e-11	2.119999783365609809e-03
7.960000000000000853e+01	2.392303978245477969e-14	2.335002299019741775e-16	1.096508601067556800e-23	1.994981195472113160e-03	5.018804433750160762e-06	6.649230475370914174e-24	4.445173264559564696e-17	8.278712639371065157e-14	5.958112847084041195e-14	7.028396792120231577e-24	5.723118324329141146e-28	1.588000019716500483e-02	6.787498139316673618e-02	2.125018606854009971e-03	1.897078250962238477e-11	2.119999783390429365e-03
7.970000000000000284e+01	2.392303978195884177e-14	2.335002298964229633e-16	1.096508601049002503e-23	1.994981195471471312e-03	5.018804433631150092e-06	6.649230475213240709e-24	4.445173264453885068e-17	8.278712639182873237e-14	5.958112846941608256e-14	7.028396791952300455e-24	5.723118324091854008e-28	1.588000019711667543e-02	6.787498139311858025e-02	2.125018606902209263e-03	1.899428250000709965e-11	2.119999783415248921e-03
7.980000000000001137e+01	2.392303978147031915e-14	2.335002298909440778e-16	1.096508601030688742e-23	1.994981195470829465e-03	5.018804433512137728e-06	6.649230475055565774e-24	4.445173264349583482e-17	8.278712638995116769e-14	5.958112846799133666e-14	7.028396791784320842e-24	5.723118323858114733e-28	1.588000019706834604e-02	6.787498139307042433e-02	2.125018606950408555e-03	1.901778249039126523e-11	2.119999783440068477e-03
7.990000000000000568e+01	2.392303978097619876e-14	2.335002298854106130e-16	1.096508601012193661e-23	1.994981195470187617e-03	5.018804433393127905e-06	6.649230474897895247e-24	4.445173264244242817e-17	8.278712638807783130e-14	5.958112846656761312e-14	7.028396791616461718e-24	5.723118323621697522e-28	1.588000019702001664e-02	6.787498139302226841e-02	2.125018606998607847e-03	1.904128248077486536e-11	2.119999783464888033e-03
8.000000000000000000e+01	2.392303978047995161e-14	2.335002298798562926e-16	1.096508600993628932e-23	1.994981195469545769e-03	5.018804433274116387e-06	6.649230474740221782e-24	4.445173264138504641e-17	8.278712638620232396e-14	5.958112846514463426e-14	7.028396791448689287e-24	5.723118323384262407e-28	1.588000019697168724e-02	6.787498139297411248e-02	2.125018607046807138e-03	1.906478247115790972e-11	2.119999783489707589e-03
8.010000000000000853e+01	2.392303977998269787e-14	2.335002298742922595e-16	1.096508600975032170e-23	1.994981195468903921e-03	5.018804433155105717e-06	6.649230474582548317e-24	4.445173264032580343e-17	8.278712638432294174e-14	5.958112846372131462e-14	7.028396791280874244e-24	5.723118323146346590e-28	1.588000019692335785e-02	6.787498139292595656e-02	2.125018607095006430e-03	1.908828246154039833e-11	2.119999783514527145e-03
8.020000000000000284e+01	2.392303977948871002e-14	2.335002298687600765e-16	1.096508600956541203e-23	1.994981195468262074e-03	5.018804433036094200e-06	6.649230474424876321e-24	4.445173263927263098e-17	8.278712638244054292e-14	5.958112846229680853e-14	7.028396791112925489e-24	5.723118322909991260e-28	1.588000019687502845e-02	6.787498139287780063e-02	2.125018607143205722e-03	1.911178245192232794e-11	2.119999783539346701e-03
8.030000000000001137e+01	2.392303977899511975e-14	2.335002298632318379e-16	1.096508600938063314e-23	1.994981195467620226e-03	5.018804432917082683e-06	6.649230474267201386e-24	4.445173263822021041e-17	8.278712638056362194e-14	5.958112846087217622e-14	7.028396790944960571e-24	5.723118322673829645e-28	1.588000019682669905e-02	6.787498139282964471e-02	2.125018607191405014e-03	1.913528244230370502e-11	2.119999783564166258e-03
8.040000000000000568e+01	2.392303977850331546e-14	2.335002298577209049e-16	1.096508600919643317e-23	1.994981195466978378e-03	5.018804432798072013e-06	6.649230474109529390e-24	4.445173263717109320e-17	8.278712637868894764e-14	5.958112845944828860e-14	7.028396790777077937e-24	5.723118322438520020e-28	1.588000019677836966e-02	6.787498139278148879e-02	2.125018607239604305e-03	1.915878243268451987e-11	2.119999783588985814e-03
8.050000000000000000e+01	2.392303977800745328e-14	2.335002298521704303e-16	1.096508600901091225e-23	1.994981195466336531e-03	5.018804432679061342e-06	6.649230473951858863e-24	4.445173263611444484e-17	8.278712637681254416e-14	5.958112845802494371e-14	7.028396790609264363e-24	5.723118322201269652e-28	1.588000019673004026e-02	6.787498139273333286e-02	2.125018607287803597e-03	1.918228242306477896e-11	2.119999783613805370e-03
8.060000000000000853e+01	2.392303977750742275e-14	2.335002298465792307e-16	1.096508600882404097e-23	1.994981195465694683e-03	5.018804432560048131e-06	6.649230473794183929e-24	4.445173263505004344e-17	8.278712637493215220e-14	5.958112845660115706e-14	7.028396790441394954e-24	5.723118321962022938e-28	1.588000019668171087e-02	6.787498139268517694e-02	2.125018607336002889e-03	1.920578241344448229e-11	2.119999783638624926e-03
8.070000000000000284e+01	2.392303977701337178e-14	2.335002298410464562e-16	1.096508600863911220e-23	1.994981195465052835e-03	5.018804432441039155e-06	6.649230473636511933e-24	4.445173263399675390e-17	8.278712637305140683e-14	5.958112845517644902e-14	7.028396790273418280e-24	5.723118321725639806e-28	1.588000019663338147e-02	6.787498139263702102e-02	2.125018607384202181e-03	1.922928240382362340e-11	2.119999783663444482e-03
8.080000000000001137e+01	2.392303977652650261e-14	2.335002298355837423e-16	1.096508600845650944e-23	1.994981195464410988e-03	5.018804432322027638e-06	6.649230473478838467e-24	4.445173263295680720e-17	8.278712637117658107e-14	5.958112845375209440e-14	7.028396790105484219e-24	5.723118321492691537e-28	1.588000019658505207e-02	6.787498139258886509e-02	2.125018607432401473e-03	1.925278239420221521e-11	2.119999783688264038e-03
8.090000000000000568e+01	2.392303977603224023e-14	2.335002298300487984e-16	1.096508600827151014e-23	1.994981195463769140e-03	5.018804432203016968e-06	6.649230473321165002e-24	4.445173263190312322e-17	8.278712636930280292e-14	5.958112845232887573e-14	7.028396789937685339e-24	5.723118321256206166e-28	1.588000019653672268e-02	6.787498139254070917e-02	2.125018607480600764e-03	1.927628238458024479e-11	2.119999783713083594e-03
8.100000000000000000e+01	2.392303977553292599e-14	2.335002298244646492e-16	1.096508600808487396e-23	1.994981195463127292e-03	5.018804432084006297e-06	6.649230473163493006e-24	4.445173263084006536e-17	8.278712636742530134e-14	5.958112845090584638e-14	7.028396789769907030e-24	5.723118321017303835e-28	1.588000019648839328e-02	6.787498139249255324e-02	2.125018607528800056e-03	1.929978237495771538e-11	2.119999783737903151e-03
8.110000000000000853e+01	2.392303977503479504e-14	2.335002298188920372e-16	1.096508600789861688e-23	1.994981195462485445e-03	5.018804431964994780e-06	6.649230473005821010e-24	4.445173262977918919e-17	8.278712636554383653e-14	5.958112844948200925e-14	7.028396789602033213e-24	5.723118320778968302e-28	1.588000019644006389e-02	6.787498139244439732e-02	2.125018607576999348e-03	1.932328236533463344e-11	2.119999783762722707e-03
8.120000000000000284e+01	2.392303977454247010e-14	2.335002298133760752e-16	1.096508600771424941e-23	1.994981195461843597e-03	5.018804431845984110e-06	6.649230472848149014e-24	4.445173262872911672e-17	8.278712636366283872e-14	5.958112844805712451e-14	7.028396789434034499e-24	5.723118320543411151e-28	1.588000019639173449e-02	6.787498139239624140e-02	2.125018607625198640e-03	1.934678235571099250e-11	2.119999783787542263e-03
8.130000000000001137e+01	2.392303977405470478e-14	2.335002298079046346e-16	1.096508600753135718e-23	1.994981195461201749e-03	5.018804431726972593e-06	6.649230472690474079e-24	4.445173262768750601e-17	8.278712636178821491e-14	5.958112844663263104e-14	7.028396789266085743e-24	5.723118320310034196e-28	1.588000019634340509e-02	6.787498139234808547e-02	2.125018607673397932e-03	1.937028234608679581e-11	2.119999783812361819e-03
8.140000000000000568e+01	2.392303977355742896e-14	2.335002298023403056e-16	1.096508600734538075e-23	1.994981195460559902e-03	5.018804431607961076e-06	6.649230472532802083e-24	4.445173262662821989e-17	8.278712635991341439e-14	5.958112844520921042e-14	7.028396789098261884e-24	5.723118320072105824e-28	1.588000019629507570e-02	6.787498139229992955e-02	2.125018607721597223e-03	1.939378233646204981e-11	2.119999783837181375e-03
8.150000000000000000e+01	2.392303977305990700e-14	2.335002297967736100e-16	1.096508600715932350e-23	1.994981195459918054e-03	5.018804431488950405e-06	6.649230472375127148e-24	4.445173262556849619e-17	8.278712635803507978e-14	5.958112844378586553e-14	7.028396788930445372e-24	5.723118319834060864e-28	1.588000019624674630e-02	6.787498139225177363e-02	2.125018607769796515e-03	1.941728232683673513e-11	2.119999783862000931e-03
8.160000000000000853e+01	2.392303977256427201e-14	2.335002297912253541e-16	1.096508600697388339e-23	1.994981195459276206e-03	5.018804431369938888e-06	6.649230472217453683e-24	4.445173262451225458e-17	8.278712635615328680e-14	5.958112844236161188e-14	7.028396788762526004e-24	5.723118319596920807e-28	1.588000019619841691e-02	6.787498139220361770e-02	2.125018607817995807e-03	1.944078231721088084e-11	2.119999783886820487e-03
8.170000000000000284e+01	2.392303977207557583e-14	2.335002297857448415e-16	1.096508600679068848e-23	1.994981195458634358e-03	5.018804431250928218e-06	6.649230472059783156e-24	4.445173262346892441e-17	8.278712635427587357e-14	5.958112844093697957e-14	7.028396788594558147e-24	5.723118319363098127e-28	1.588000019615008751e-02	6.787498139215546178e-02	2.125018607866195099e-03	1.946428230758445140e-11	2.119999783911640043e-03
8.180000000000001137e+01	2.392303977158141127e-14	2.335002297802109330e-16	1.096508600660572150e-23	1.994981195457992511e-03	5.018804431131916701e-06	6.649230471902109691e-24	4.445173262241542532e-17	8.278712635240254980e-14	5.958112843951330652e-14	7.028396788426706370e-24	5.723118319126662082e-28	1.588000019610175811e-02	6.787498139210730586e-02	2.125018607914394390e-03	1.948778229795746943e-11	2.119999783936459600e-03
8.190000000000000568e+01	2.392303977108517674e-14	2.335002297746567606e-16	1.096508600642008009e-23	1.994981195457350663e-03	5.018804431012906031e-06	6.649230471744436225e-24	4.445173262135807437e-17	8.278712635052702985e-14	5.958112843809039077e-14	7.028396788258939816e-24	5.723118318889229657e-28	1.588000019605342872e-02	6.787498139205914993e-02	2.125018607962593682e-03	1.951128228832992524e-11	2.119999783961279156e-03
8.200000000000000000e+01	2.392303977058793563e-14	2.335002297690928260e-16	1.096508600623411541e-23	1.994981195456708815e-03	5.018804430893895360e-06	6.649230471586764229e-24	4.445173262029886837e-17	8.278712634864766025e-14	5.958112843666708375e-14	7.028396788091126242e-24	5.723118318651320119e-28	1.588000019600509932e-02	6.787498139201099401e-02	2.125018608010792974e-03	1.953478227870182205e-11	2.119999783986098712e-03
8.210000000000000853e+01	2.392303977009394146e-14	2.335002297635605938e-16	1.096508600604920280e-23	1.994981195456066968e-03	5.018804430774884690e-06	6.649230471429092233e-24	4.445173261924568359e-17	8.278712634676526142e-14	5.958112843524261553e-14	7.028396787923180426e-24	5.723118318414962995e-28	1.588000019595676993e-02	6.787498139196283808e-02	2.125018608058992266e-03	1.955828226907316957e-11	2.119999784010918268e-03
8.220000000000000284e+01	2.392303976960162284e-14	2.335002297580446811e-16	1.096508600586483680e-23	1.994981195455425120e-03	5.018804430655872326e-06	6.649230471271417299e-24	4.445173261819561729e-17	8.278712634488740644e-14	5.958112843381774340e-14	7.028396787755186120e-24	5.723118318179408535e-28	1.588000019590844053e-02	6.787498139191468216e-02	2.125018608107191558e-03	1.958178225944395486e-11	2.119999784035737824e-03
8.230000000000001137e+01	2.392303976910889716e-14	2.335002297525248241e-16	1.096508600568033561e-23	1.994981195454783272e-03	5.018804430536862503e-06	6.649230471113746772e-24	4.445173261714478677e-17	8.278712634301366615e-14	5.958112843239386840e-14	7.028396787587309364e-24	5.723118317943659462e-28	1.588000019586011113e-02	6.787498139186652624e-02	2.125018608155390849e-03	1.960528224981418439e-11	2.119999784060557380e-03
8.240000000000000568e+01	2.392303976861277938e-14	2.335002297469718843e-16	1.096508600549473534e-23	1.994981195454141425e-03	5.018804430417850139e-06	6.649230470956073307e-24	4.445173261608766385e-17	8.278712634113746462e-14	5.958112843097064973e-14	7.028396787419506076e-24	5.723118317706287125e-28	1.588000019581178174e-02	6.787498139181837031e-02	2.125018608203590141e-03	1.962878224018385169e-11	2.119999784085376936e-03
8.250000000000000000e+01	2.392303976811269521e-14	2.335002297413801424e-16	1.096508600530784496e-23	1.994981195453499577e-03	5.018804430298840315e-06	6.649230470798401311e-24	4.445173261502316385e-17	8.278712633925707265e-14	5.958112842954698930e-14	7.028396787251651360e-24	5.723118317467015300e-28	1.588000019576345234e-02	6.787498139177021439e-02	2.125018608251789433e-03	1.965228223055296969e-11	2.119999784110196493e-03
8.260000000000000853e+01	2.392303976761864425e-14	2.335002297358473185e-16	1.096508600512291472e-23	1.994981195452857729e-03	5.018804430179828798e-06	6.649230470640727845e-24	4.445173261396988047e-17	8.278712633737630204e-14	5.958112842812231913e-14	7.028396787083683503e-24	5.723118317230631271e-28	1.588000019571512295e-02	6.787498139172205847e-02	2.125018608299988725e-03	1.967578222092152870e-11	2.119999784135016049e-03
8.270000000000000284e+01	2.392303976713198333e-14	2.335002297303866754e-16	1.096508600494038396e-23	1.994981195452215882e-03	5.018804430060818128e-06	6.649230470483057319e-24	4.445173261293031587e-17	8.278712633550164036e-14	5.958112842669796450e-14	7.028396786915747972e-24	5.723118316997785241e-28	1.588000019566679355e-02	6.787498139167390254e-02	2.125018608348188016e-03	1.969928221128953519e-11	2.119999784159835605e-03
8.280000000000001137e+01	2.392303976663745590e-14	2.335002297248492170e-16	1.096508600475529797e-23	1.994981195451574034e-03	5.018804429941806611e-06	6.649230470325382384e-24	4.445173261187615734e-17	8.278712633362769813e-14	5.958112842527479632e-14	7.028396786747953500e-24	5.723118316761171623e-28	1.588000019561846415e-02	6.787498139162574662e-02	2.125018608396387308e-03	1.972278220165697621e-11	2.119999784184655161e-03
8.290000000000000568e+01	2.392303976613819845e-14	2.335002297192655116e-16	1.096508600456867795e-23	1.994981195450932186e-03	5.018804429822795941e-06	6.649230470167708919e-24	4.445173261081317960e-17	8.278712633175014606e-14	5.958112842385179222e-14	7.028396786580179599e-24	5.723118316522295300e-28	1.588000019557013476e-02	6.787498139157759069e-02	2.125018608444586600e-03	1.974628219202386147e-11	2.119999784209474717e-03
8.300000000000000000e+01	2.392303976564009275e-14	2.335002297136931954e-16	1.096508600438243263e-23	1.994981195450290339e-03	5.018804429703783576e-06	6.649230470010035453e-24	4.445173260975235890e-17	8.278712632986871911e-14	5.958112842242796771e-14	7.028396786412304312e-24	5.723118316283971426e-28	1.588000019552180536e-02	6.787498139152943477e-02	2.125018608492785892e-03	1.976978218239019097e-11	2.119999784234294273e-03
8.310000000000000853e+01	2.392303976514776781e-14	2.335002297081771841e-16	1.096508600419806222e-23	1.994981195449648491e-03	5.018804429584773753e-06	6.649230469852363457e-24	4.445173260870228643e-17	8.278712632798773393e-14	5.958112842100310821e-14	7.028396786244311476e-24	5.723118316048413378e-28	1.588000019547347597e-02	6.787498139148127885e-02	2.125018608540985184e-03	1.979328217275596148e-11	2.119999784259113829e-03
8.320000000000000284e+01	2.392303976466002142e-14	2.335002297027058914e-16	1.096508600401517734e-23	1.994981195449006643e-03	5.018804429465762236e-06	6.649230469694689992e-24	4.445173260766070653e-17	8.278712632611312274e-14	5.958112841957862736e-14	7.028396786076364190e-24	5.723118315815047186e-28	1.588000019542514657e-02	6.787498139143312292e-02	2.125018608589184475e-03	1.981678216312117299e-11	2.119999784283933385e-03
8.330000000000001137e+01	2.392303976416264147e-14	2.335002296971406256e-16	1.096508600382916564e-23	1.994981195448364795e-03	5.018804429346751566e-06	6.649230469537016526e-24	4.445173260660122936e-17	8.278712632423841057e-14	5.958112841815523199e-14	7.028396785908541800e-24	5.723118315577069488e-28	1.588000019537681717e-02	6.787498139138496700e-02	2.125018608637383767e-03	1.984028215348583198e-11	2.119999784308752942e-03
8.340000000000000568e+01	2.392303976366526782e-14	2.335002296915753598e-16	1.096508600364315688e-23	1.994981195447722948e-03	5.018804429227740049e-06	6.649230469379344530e-24	4.445173260554177068e-17	8.278712632236012645e-14	5.958112841673188710e-14	7.028396785740728227e-24	5.723118315339095377e-28	1.588000019532848778e-02	6.787498139133681108e-02	2.125018608685583059e-03	1.986378214384993197e-11	2.119999784333572498e-03
8.350000000000000000e+01	2.392303976316932044e-14	2.335002296860240470e-16	1.096508600345761098e-23	1.994981195447081100e-03	5.018804429108728531e-06	6.649230469221671065e-24	4.445173260448495591e-17	8.278712632047820725e-14	5.958112841530765869e-14	7.028396785572807389e-24	5.723118315101803755e-28	1.588000019528015838e-02	6.787498139128865515e-02	2.125018608733782351e-03	1.988728213421347297e-11	2.119999784358392054e-03
8.360000000000000853e+01	2.392303976268080412e-14	2.335002296805453094e-16	1.096508600327447924e-23	1.994981195446439252e-03	5.018804428989718708e-06	6.649230469063999069e-24	4.445173260344197086e-17	8.278712631860065519e-14	5.958112841388297589e-14	7.028396785404838063e-24	5.723118314868069862e-28	1.588000019523182899e-02	6.787498139124049923e-02	2.125018608781981642e-03	1.991078212457645820e-11	2.119999784383211610e-03
8.370000000000000284e+01	2.392303976218670898e-14	2.335002296750119925e-16	1.096508600308953137e-23	1.994981195445797405e-03	5.018804428870707191e-06	6.649230468906327073e-24	4.445173260238858887e-17	8.278712631672734404e-14	5.958112841245926498e-14	7.028396785236978939e-24	5.723118314631662515e-28	1.588000019518349959e-02	6.787498139119234331e-02	2.125018608830180934e-03	1.993428211493888444e-11	2.119999784408031166e-03
8.380000000000001137e+01	2.392303976169047445e-14	2.335002296694579187e-16	1.096508600290389730e-23	1.994981195445155557e-03	5.018804428751695674e-06	6.649230468748653608e-24	4.445173260133125025e-17	8.278712631485188719e-14	5.958112841103634923e-14	7.028396785069212385e-24	5.723118314394234575e-28	1.588000019513517019e-02	6.787498139114418738e-02	2.125018608878380226e-03	1.995778210530075492e-11	2.119999784432850722e-03
8.390000000000000568e+01	2.392303976119323965e-14	2.335002296638940334e-16	1.096508600271793116e-23	1.994981195444513709e-03	5.018804428632685003e-06	6.649230468590980142e-24	4.445173260027203808e-17	8.278712631297255546e-14	5.958112840961305483e-14	7.028396784901401750e-24	5.723118314156326830e-28	1.588000019508684080e-02	6.787498139109603146e-02	2.125018608926579518e-03	1.998128209566206964e-11	2.119999784457670278e-03
8.400000000000000000e+01	2.392303976069925810e-14	2.335002296583618998e-16	1.096508600253302296e-23	1.994981195443871862e-03	5.018804428513672639e-06	6.649230468433306677e-24	4.445173259921887796e-17	8.278712631109023236e-14	5.958112840818858660e-14	7.028396784733457403e-24	5.723118313919974190e-28	1.588000019503851140e-02	6.787498139104787553e-02	2.125018608974778810e-03	2.000478208602282214e-11	2.119999784482489835e-03
8.410000000000000853e+01	2.392303976020694579e-14	2.335002296528460365e-16	1.096508600234865548e-23	1.994981195443230014e-03	5.018804428394662816e-06	6.649230468275634681e-24	4.445173259816881781e-17	8.278712630921237738e-14	5.958112840676373973e-14	7.028396784565463097e-24	5.723118313684424214e-28	1.588000019499018201e-02	6.787498139099971961e-02	2.125018609022978101e-03	2.002828207638302210e-11	2.119999784507309391e-03
8.420000000000000284e+01	2.392303975971422958e-14	2.335002296473262781e-16	1.096508600216415871e-23	1.994981195442588166e-03	5.018804428275651299e-06	6.649230468117962685e-24	4.445173259711802427e-17	8.278712630733866233e-14	5.958112840533990259e-14	7.028396784397590749e-24	5.723118313448679626e-28	1.588000019494185261e-02	6.787498139095156369e-02	2.125018609071177393e-03	2.005178206674266307e-11	2.119999784532128947e-03
8.430000000000001137e+01	2.392303975921843681e-14	2.335002296417764444e-16	1.096508600197866423e-23	1.994981195441946319e-03	5.018804428156639782e-06	6.649230467960289219e-24	4.445173259606149916e-17	8.278712630546256178e-14	5.958112840391670917e-14	7.028396784229791869e-24	5.723118313211461544e-28	1.588000019489352321e-02	6.787498139090340776e-02	2.125018609119376685e-03	2.007528205710176120e-11	2.119999784556948503e-03
8.440000000000000568e+01	2.392303975871815385e-14	2.335002296361827797e-16	1.096508600179170920e-23	1.994981195441304471e-03	5.018804428037629958e-06	6.649230467802617223e-24	4.445173259499661706e-17	8.278712630358234652e-14	5.958112840249306136e-14	7.028396784061941561e-24	5.723118312972094655e-28	1.588000019484519382e-02	6.787498139085525184e-02	2.125018609167575977e-03	2.009878204746028418e-11	2.119999784581768059e-03
8.450000000000000000e+01	2.392303975822583838e-14	2.335002296306669656e-16	1.096508600160734173e-23	1.994981195440662623e-03	5.018804427918618441e-06	6.649230467644943758e-24	4.445173259394655691e-17	8.278712630170002342e-14	5.958112840106823972e-14	7.028396783893953133e-24	5.723118312736541091e-28	1.588000019479686442e-02	6.787498139080709592e-02	2.125018609215775268e-03	2.012228203781825141e-11	2.119999784606587615e-03
8.460000000000000853e+01	2.392303975773766916e-14	2.335002296251915314e-16	1.096508600142432166e-23	1.994981195440020776e-03	5.018804427799606924e-06	6.649230467487271762e-24	4.445173259290420665e-17	8.278712629982659868e-14	5.958112839964384723e-14	7.028396783726016133e-24	5.723118312502972215e-28	1.588000019474853503e-02	6.787498139075893999e-02	2.125018609263974560e-03	2.014578202817566610e-11	2.119999784631407171e-03
8.470000000000000284e+01	2.392303975724303760e-14	2.335002296196530376e-16	1.096508600123920335e-23	1.994981195439378928e-03	5.018804427680596254e-06	6.649230467329598297e-24	4.445173259184983858e-17	8.278712629795316132e-14	5.958112839822081789e-14	7.028396783558236355e-24	5.723118312266309271e-28	1.588000019470020563e-02	6.787498139071078407e-02	2.125018609312173852e-03	2.016928201853251856e-11	2.119999784656226727e-03
8.480000000000001137e+01	2.392303975674364131e-14	2.335002296140680996e-16	1.096508600105253925e-23	1.994981195438737080e-03	5.018804427561584737e-06	6.649230467171924831e-24	4.445173259078662048e-17	8.278712629607565974e-14	5.958112839679795263e-14	7.028396783390477148e-24	5.723118312027368377e-28	1.588000019465187623e-02	6.787498139066262814e-02	2.125018609360373144e-03	2.019278200888881850e-11	2.119999784681046284e-03
8.490000000000000568e+01	2.392303975624552298e-14	2.335002296084955861e-16	1.096508600086628805e-23	1.994981195438095233e-03	5.018804427442574066e-06	6.649230467014251366e-24	4.445173258972576896e-17	8.278712629419418230e-14	5.958112839537422909e-14	7.028396783222616554e-24	5.723118311789038225e-28	1.588000019460354684e-02	6.787498139061447222e-02	2.125018609408572436e-03	2.021628199924455944e-11	2.119999784705865840e-03
8.500000000000000000e+01	2.392303975575321067e-14	2.335002296029797721e-16	1.096508600068192058e-23	1.994981195437453385e-03	5.018804427323562549e-06	6.649230466856579370e-24	4.445173258867572114e-17	8.278712629231318450e-14	5.958112839394938221e-14	7.028396783054623718e-24	5.723118311553486455e-28	1.588000019455521744e-02	6.787498139056631630e-02	2.125018609456771727e-03	2.023978198959974139e-11	2.119999784730685396e-03
8.510000000000000853e+01	2.392303975526546744e-14	2.335002295975085780e-16	1.096508600049903863e-23	1.994981195436811537e-03	5.018804427204551879e-06	6.649230466698905904e-24	4.445173258763415974e-17	8.278712629043858593e-14	5.958112839252496447e-14	7.028396782886683779e-24	5.723118311320122056e-28	1.588000019450688804e-02	6.787498139051816037e-02	2.125018609504971019e-03	2.026328197995436758e-11	2.119999784755504952e-03
8.520000000000000284e+01	2.392303975476840302e-14	2.335002295919462704e-16	1.096508600031312832e-23	1.994981195436169689e-03	5.018804427085540362e-06	6.649230466541233908e-24	4.445173258657526805e-17	8.278712628856403785e-14	5.958112839110159434e-14	7.028396782718865797e-24	5.723118311082294129e-28	1.588000019445855865e-02	6.787498139047000445e-02	2.125018609553170311e-03	2.028678197030844447e-11	2.119999784780324508e-03
8.530000000000001137e+01	2.392303975427085583e-14	2.335002295863793776e-16	1.096508600012706667e-23	1.994981195435527842e-03	5.018804426966528845e-06	6.649230466383560443e-24	4.445173258551548889e-17	8.278712628668590518e-14	5.958112838967833781e-14	7.028396782551061040e-24	5.723118310844238407e-28	1.588000019441022925e-02	6.787498139042184853e-02	2.125018609601369603e-03	2.031028196066195913e-11	2.119999784805144064e-03
8.540000000000000568e+01	2.392303975377295838e-14	2.335002295808089842e-16	1.096508599994088453e-23	1.994981195434885994e-03	5.018804426847518174e-06	6.649230466225886978e-24	4.445173258445503797e-17	8.278712628480377141e-14	5.958112838825415988e-14	7.028396782383146080e-24	5.723118310606013184e-28	1.588000019436189986e-02	6.787498139037369260e-02	2.125018609649568894e-03	2.033378195101491157e-11	2.119999784829963620e-03
8.550000000000000000e+01	2.392303975328734823e-14	2.335002295753585963e-16	1.096508599975869613e-23	1.994981195434244146e-03	5.018804426728508351e-06	6.649230466068216451e-24	4.445173258341744552e-17	8.278712628292552515e-14	5.958112838682916154e-14	7.028396782215137081e-24	5.723118310373668482e-28	1.588000019431357046e-02	6.787498139032553668e-02	2.125018609697768186e-03	2.035728194136731471e-11	2.119999784854783176e-03
8.560000000000000853e+01	2.392303975279247054e-14	2.335002295698176373e-16	1.096508599957349405e-23	1.994981195433602299e-03	5.018804426609495987e-06	6.649230465910541516e-24	4.445173258236260907e-17	8.278712628105297131e-14	5.958112838540553898e-14	7.028396782047288242e-24	5.723118310136888054e-28	1.588000019426524106e-02	6.787498139027738076e-02	2.125018609745967478e-03	2.038078193171915562e-11	2.119999784879602733e-03
8.570000000000000284e+01	2.392303975229604353e-14	2.335002295642616900e-16	1.096508599938779387e-23	1.994981195432960451e-03	5.018804426490485317e-06	6.649230465752870990e-24	4.445173258130491299e-17	8.278712627917764068e-14	5.958112838398272421e-14	7.028396781879537851e-24	5.723118309899365946e-28	1.588000019421691167e-02	6.787498139022922483e-02	2.125018609794166770e-03	2.040428192207044078e-11	2.119999784904422289e-03
8.580000000000001137e+01	2.392303975179876770e-14	2.335002295586974103e-16	1.096508599920181890e-23	1.994981195432318603e-03	5.018804426371474647e-06	6.649230465595196055e-24	4.445173258024563304e-17	8.278712627729832157e-14	5.958112838255954340e-14	7.028396781711738972e-24	5.723118309661440264e-28	1.588000019416858227e-02	6.787498139018106891e-02	2.125018609842366062e-03	2.042778191242116694e-11	2.119999784929241845e-03
8.590000000000000568e+01	2.392303975130479247e-14	2.335002295531653260e-16	1.096508599901691217e-23	1.994981195431676756e-03	5.018804426252463129e-06	6.649230465437524059e-24	4.445173257919248524e-17	8.278712627541599848e-14	5.958112838113513829e-14	7.028396781543800502e-24	5.723118309425093902e-28	1.588000019412025288e-02	6.787498139013291298e-02	2.125018609890565353e-03	2.045128190277133087e-11	2.119999784954061401e-03
8.600000000000000000e+01	2.392303975081248962e-14	2.335002295476496105e-16	1.096508599883254911e-23	1.994981195431034908e-03	5.018804426133452459e-06	6.649230465279852063e-24	4.445173257814244358e-17	8.278712627353815611e-14	5.958112837971031665e-14	7.028396781375810604e-24	5.723118309189546617e-28	1.588000019407192348e-02	6.787498139008475706e-02	2.125018609938764645e-03	2.047478189312093905e-11	2.119999784978880957e-03
8.610000000000000853e+01	2.392303975032016784e-14	2.335002295421336485e-16	1.096508599864817870e-23	1.994981195430393060e-03	5.018804426014440942e-06	6.649230465122178598e-24	4.445173257709237727e-17	8.278712627166451680e-14	5.958112837828647952e-14	7.028396781207938256e-24	5.723118308953988569e-28	1.588000019402359408e-02	6.787498139003660114e-02	2.125018609986963937e-03	2.049828188347001085e-11	2.119999785003700513e-03
8.620000000000000284e+01	2.392303974982381340e-14	2.335002295365783914e-16	1.096508599846250202e-23	1.994981195429751213e-03	5.018804425895429425e-06	6.649230464964506602e-24	4.445173257603481678e-17	8.278712626978854246e-14	5.958112837686333658e-14	7.028396781040146723e-24	5.723118308716503232e-28	1.588000019397526469e-02	6.787498138998844521e-02	2.125018610035163229e-03	2.052178187381850426e-11	2.119999785028520069e-03
8.630000000000001137e+01	2.392303974932366928e-14	2.335002295309861072e-16	1.096508599827559401e-23	1.994981195429109365e-03	5.018804425776418755e-06	6.649230464806833136e-24	4.445173257497021201e-17	8.278712626790822623e-14	5.958112837543972663e-14	7.028396780872296415e-24	5.723118308477204502e-28	1.588000019392693529e-02	6.787498138994028929e-02	2.125018610083362521e-03	2.054528186416644515e-11	2.119999785053339626e-03
8.640000000000000568e+01	2.392303974883141061e-14	2.335002295254707862e-16	1.096508599809124417e-23	1.994981195428467517e-03	5.018804425657407237e-06	6.649230464649158201e-24	4.445173257392023815e-17	8.278712626602586527e-14	5.958112837401490500e-14	7.028396780704309456e-24	5.723118308241676049e-28	1.588000019387860590e-02	6.787498138989213337e-02	2.125018610131561812e-03	2.056878185451382382e-11	2.119999785078159182e-03
8.650000000000000000e+01	2.392303974834326032e-14	2.335002295199955491e-16	1.096508599790822998e-23	1.994981195427825670e-03	5.018804425538396567e-06	6.649230464491487675e-24	4.445173257287792486e-17	8.278712626415251625e-14	5.958112837259052513e-14	7.028396780536375395e-24	5.723118308008115245e-28	1.588000019383027650e-02	6.787498138984397744e-02	2.125018610179761104e-03	2.059228184486064672e-11	2.119999785102978738e-03
8.660000000000000853e+01	2.392303974784863192e-14	2.335002295144571046e-16	1.096508599772311019e-23	1.994981195427183822e-03	5.018804425419385897e-06	6.649230464333814209e-24	4.445173257182354447e-17	8.278712626227907889e-14	5.958112837116750841e-14	7.028396780368598555e-24	5.723118307771454992e-28	1.588000019378194710e-02	6.787498138979582152e-02	2.125018610227960396e-03	2.061578183520691709e-11	2.119999785127798294e-03
8.670000000000000284e+01	2.392303974734924510e-14	2.335002295088722159e-16	1.096508599753645051e-23	1.994981195426541974e-03	5.018804425300374380e-06	6.649230464176140744e-24	4.445173257076035719e-17	8.278712626040162780e-14	5.958112836974464315e-14	7.028396780200837879e-24	5.723118307532517685e-28	1.588000019373361771e-02	6.787498138974766559e-02	2.125018610276159688e-03	2.063928182555262523e-11	2.119999785152617850e-03
8.680000000000001137e+01	2.392303974685113939e-14	2.335002295032998011e-16	1.096508599735020518e-23	1.994981195425900126e-03	5.018804425181364557e-06	6.649230464018470217e-24	4.445173256969953032e-17	8.278712625852018823e-14	5.958112836832093223e-14	7.028396780032980224e-24	5.723118307294194707e-28	1.588000019368528831e-02	6.787498138969950967e-02	2.125018610324358979e-03	2.066278181589777762e-11	2.119999785177437406e-03
8.690000000000000568e+01	2.392303974636028805e-14	2.335002294977982359e-16	1.096508599716631231e-23	1.994981195425258279e-03	5.018804425062353039e-06	6.649230463860795283e-24	4.445173256865219421e-17	8.278712625663994773e-14	5.958112836689619895e-14	7.028396779864997674e-24	5.723118307059341568e-28	1.588000019363695892e-02	6.787498138965135375e-02	2.125018610372558271e-03	2.068628180624238393e-11	2.119999785202256962e-03
8.700000000000000000e+01	2.392303974587165813e-14	2.335002294923183643e-16	1.096508599698313944e-23	1.994981195424616431e-03	5.018804424943341522e-06	6.649230463703121817e-24	4.445173256760897497e-17	8.278712625476601812e-14	5.958112836547205889e-14	7.028396779697092999e-24	5.723118306825549381e-28	1.588000019358862952e-02	6.787498138960319782e-02	2.125018610420757563e-03	2.070978179658642480e-11	2.119999785227076518e-03
8.710000000000000853e+01	2.392303974537407307e-14	2.335002294867510277e-16	1.096508599679706309e-23	1.994981195423974583e-03	5.018804424824330852e-06	6.649230463545449821e-24	4.445173256654911569e-17	8.278712625289135644e-14	5.958112836404894119e-14	7.028396779529304405e-24	5.723118306587475722e-28	1.588000019354030012e-02	6.787498138955504190e-02	2.125018610468956855e-03	2.073328178692990666e-11	2.119999785251896075e-03
8.720000000000000284e+01	2.392303974487669312e-14	2.335002294811857620e-16	1.096508599661105286e-23	1.994981195423332736e-03	5.018804424705319335e-06	6.649230463387774886e-24	4.445173256548964468e-17	8.278712625101300920e-14	5.958112836262577301e-14	7.028396779361506994e-24	5.723118306349499818e-28	1.588000019349197073e-02	6.787498138950688598e-02	2.125018610517156147e-03	2.075678177727282631e-11	2.119999785276715631e-03
8.730000000000001137e+01	2.392303974437884931e-14	2.335002294756159109e-16	1.096508599642489276e-23	1.994981195422690888e-03	5.018804424586308665e-06	6.649230463230104360e-24	4.445173256442931701e-17	8.278712624913086281e-14	5.958112836120164557e-14	7.028396779193600851e-24	5.723118306111300603e-28	1.588000019344364133e-02	6.787498138945873005e-02	2.125018610565355438e-03	2.078028176761519342e-11	2.119999785301535187e-03
8.740000000000000568e+01	2.392303974388655278e-14	2.335002294701002448e-16	1.096508599624052970e-23	1.994981195422049040e-03	5.018804424467297147e-06	6.649230463072430894e-24	4.445173256337928768e-17	8.278712624725189711e-14	5.958112835977664724e-14	7.028396779025593321e-24	5.723118305875756905e-28	1.588000019339531194e-02	6.787498138941057413e-02	2.125018610613554730e-03	2.080378175795700154e-11	2.119999785326354743e-03
8.750000000000000000e+01	2.392303974339588760e-14	2.335002294646004545e-16	1.096508599605669708e-23	1.994981195421407193e-03	5.018804424348285630e-06	6.649230462914758898e-24	4.445173256233228437e-17	8.278712624537548101e-14	5.958112835835219163e-14	7.028396778857644565e-24	5.723118305640990759e-28	1.588000019334698254e-02	6.787498138936241820e-02	2.125018610661754022e-03	2.082728174829825389e-11	2.119999785351174299e-03
8.760000000000000853e+01	2.392303974290064388e-14	2.335002294590560442e-16	1.096508599587138039e-23	1.994981195420765345e-03	5.018804424229274960e-06	6.649230462757085433e-24	4.445173256127678848e-17	8.278712624349975910e-14	5.958112835692845547e-14	7.028396778689785441e-24	5.723118305404037242e-28	1.588000019329865314e-02	6.787498138931426228e-02	2.125018610709953314e-03	2.085078173863896341e-11	2.119999785375993855e-03
8.770000000000000284e+01	2.392303974240363627e-14	2.335002294534943283e-16	1.096508599568549212e-23	1.994981195420123497e-03	5.018804424110264290e-06	6.649230462599413437e-24	4.445173256021800772e-17	8.278712624162076816e-14	5.958112835550470669e-14	7.028396778521917501e-24	5.723118305166237117e-28	1.588000019325032375e-02	6.787498138926610636e-02	2.125018610758152605e-03	2.087428172897909778e-11	2.119999785400813411e-03
8.780000000000001137e+01	2.392303974190966419e-14	2.335002294479622933e-16	1.096508599550058539e-23	1.994981195419481650e-03	5.018804423991252773e-06	6.649230462441739972e-24	4.445173255916485992e-17	8.278712623973872274e-14	5.958112835408001127e-14	7.028396778353946705e-24	5.723118304929892549e-28	1.588000019320199435e-02	6.787498138921795043e-02	2.125018610806351897e-03	2.089778171931867962e-11	2.119999785425632968e-03
8.790000000000000568e+01	2.392303974141733610e-14	2.335002294424463313e-16	1.096508599531621498e-23	1.994981195418839802e-03	5.018804423872242102e-06	6.649230462284067976e-24	4.445173255811478129e-17	8.278712623786110757e-14	5.958112835265507604e-14	7.028396778185945053e-24	5.723118304694331811e-28	1.588000019315366496e-02	6.787498138916979451e-02	2.125018610854551189e-03	2.092128170965770247e-11	2.119999785450452524e-03
8.800000000000000000e+01	2.392303974092461042e-14	2.335002294369263758e-16	1.096508599513171526e-23	1.994981195418197954e-03	5.018804423753230585e-06	6.649230462126394510e-24	4.445173255706393844e-17	8.278712623598749350e-14	5.958112835123118842e-14	7.028396778018066827e-24	5.723118304458580048e-28	1.588000019310533556e-02	6.787498138912163859e-02	2.125018610902750481e-03	2.094478169999616633e-11	2.119999785475272080e-03
8.810000000000000853e+01	2.392303974042836958e-14	2.335002294313723019e-16	1.096508599494607532e-23	1.994981195417556107e-03	5.018804423634219915e-06	6.649230461968723984e-24	4.445173255600659982e-17	8.278712623411141818e-14	5.958112834980803286e-14	7.028396777850272355e-24	5.723118304221152107e-28	1.588000019305700616e-02	6.787498138907348266e-02	2.125018610950949773e-03	2.096828169033408411e-11	2.119999785500091636e-03
8.820000000000000284e+01	2.392303973992837692e-14	2.335002294257814475e-16	1.096508599475921727e-23	1.994981195416914259e-03	5.018804423515209245e-06	6.649230461811049049e-24	4.445173255494226623e-17	8.278712623223102622e-14	5.958112834838437243e-14	7.028396777682416170e-24	5.723118303981925124e-28	1.588000019300867677e-02	6.787498138902532674e-02	2.125018610999149064e-03	2.099178168067143321e-11	2.119999785524911192e-03
8.830000000000001137e+01	2.392303973943638015e-14	2.335002294202687396e-16	1.096508599457495265e-23	1.994981195416272411e-03	5.018804423396196033e-06	6.649230461653377053e-24	4.445173255389280389e-17	8.278712623034843807e-14	5.958112834695948768e-14	7.028396777514420395e-24	5.723118303746521331e-28	1.588000019296034737e-02	6.787498138897717082e-02	2.125018611047348356e-03	2.101528167100823947e-11	2.119999785549730748e-03
8.840000000000000568e+01	2.392303973894801214e-14	2.335002294147913332e-16	1.096508599439186647e-23	1.994981195415630564e-03	5.018804423277186210e-06	6.649230461495703587e-24	4.445173255285006536e-17	8.278712622847519003e-14	5.958112834553505732e-14	7.028396777346478986e-24	5.723118303512858288e-28	1.588000019291201798e-02	6.787498138892901489e-02	2.125018611095547648e-03	2.103878166134447705e-11	2.119999785574550304e-03
8.850000000000000000e+01	2.392303973845336164e-14	2.335002294092527408e-16	1.096508599420674080e-23	1.994981195414988716e-03	5.018804423158175540e-06	6.649230461338030122e-24	4.445173255179567264e-17	8.278712622660186626e-14	5.958112834411201536e-14	7.028396777178699208e-24	5.723118303276187273e-28	1.588000019286368858e-02	6.787498138888085897e-02	2.125018611143746940e-03	2.106228165168015240e-11	2.119999785599369860e-03
8.860000000000000853e+01	2.392303973795396851e-14	2.335002294036677535e-16	1.096508599402007671e-23	1.994981195414346868e-03	5.018804423039164870e-06	6.649230461180358126e-24	4.445173255073245454e-17	8.278712622472444042e-14	5.958112834268915010e-14	7.028396777010941471e-24	5.723118303037247275e-28	1.588000019281535918e-02	6.787498138883270304e-02	2.125018611191946231e-03	2.108578164201527522e-11	2.119999785624189417e-03
8.870000000000000284e+01	2.392303973745585334e-14	2.335002293980952893e-16	1.096508599383382550e-23	1.994981195413705020e-03	5.018804422920153353e-06	6.649230461022686130e-24	4.445173254967161535e-17	8.278712622284306396e-14	5.958112834126542656e-14	7.028396776843079408e-24	5.723118302798918917e-28	1.588000019276702979e-02	6.787498138878454712e-02	2.125018611240145523e-03	2.110928163234983904e-11	2.119999785649008973e-03
8.880000000000001137e+01	2.392303973696343374e-14	2.335002293925783413e-16	1.096508599364942424e-23	1.994981195413063173e-03	5.018804422801141835e-06	6.649230460865011195e-24	4.445173254862135182e-17	8.278712622096215450e-14	5.958112833984066803e-14	7.028396776675096857e-24	5.723118302563313337e-28	1.588000019271870039e-02	6.787498138873639120e-02	2.125018611288344815e-03	2.113278162268386003e-11	2.119999785673828529e-03
8.890000000000000568e+01	2.392303973647580410e-14	2.335002293871082319e-16	1.096508599346657756e-23	1.994981195412421325e-03	5.018804422682131165e-06	6.649230460707339199e-24	4.445173254757999996e-17	8.278712621908750545e-14	5.958112833841627554e-14	7.028396776507161326e-24	5.723118302330001851e-28	1.588000019267037100e-02	6.787498138868823527e-02	2.125018611336544107e-03	2.115628161301730587e-11	2.119999785698648085e-03
8.900000000000000000e+01	2.392303973597846832e-14	2.335002293815434098e-16	1.096508599328058056e-23	1.994981195411779477e-03	5.018804422563120495e-06	6.649230460549664265e-24	4.445173254652060907e-17	8.278712621721286901e-14	5.958112833699291803e-14	7.028396776339343345e-24	5.723118302092047471e-28	1.588000019262204160e-02	6.787498138864007935e-02	2.125018611384743399e-03	2.117978160335019918e-11	2.119999785723467641e-03
8.910000000000000853e+01	2.392303973548113254e-14	2.335002293759784892e-16	1.096508599309458502e-23	1.994981195411137630e-03	5.018804422444108978e-06	6.649230460391992269e-24	4.445173254546121201e-17	8.278712621533466062e-14	5.958112833556962363e-14	7.028396776171534179e-24	5.723118301854091297e-28	1.588000019257371220e-02	6.787498138859192343e-02	2.125018611432942690e-03	2.120328159368253673e-11	2.119999785748287197e-03
8.920000000000000284e+01	2.392303973498328558e-14	2.335002293704086382e-16	1.096508599290842492e-23	1.994981195410495782e-03	5.018804422325098308e-06	6.649230460234320273e-24	4.445173254440088435e-17	8.278712621345262782e-14	5.958112833414543309e-14	7.028396776003617750e-24	5.723118301615892082e-28	1.588000019252538281e-02	6.787498138854376750e-02	2.125018611481141982e-03	2.122678158401431205e-11	2.119999785773106753e-03
8.930000000000001137e+01	2.392303973449767228e-14	2.335002293649581516e-16	1.096508599272623064e-23	1.994981195409853934e-03	5.018804422206086790e-06	6.649230460076646807e-24	4.445173254336327341e-17	8.278712621157470973e-14	5.958112833272048523e-14	7.028396775835617567e-24	5.723118301383545586e-28	1.588000019247705341e-02	6.787498138849561158e-02	2.125018611529341274e-03	2.125028157434553484e-11	2.119999785797926310e-03
8.940000000000000568e+01	2.392303973400297760e-14	2.335002293594190169e-16	1.096508599254109175e-23	1.994981195409212087e-03	5.018804422087074426e-06	6.649230459918973342e-24	4.445173254230877592e-17	8.278712620970209278e-14	5.958112833129687529e-14	7.028396775667770198e-24	5.723118301146852150e-28	1.588000019242872402e-02	6.787498138844745565e-02	2.125018611577540566e-03	2.127378156467620834e-11	2.119999785822745866e-03
8.950000000000000000e+01	2.392303973350640860e-14	2.335002293538616890e-16	1.096508599235534601e-23	1.994981195408570239e-03	5.018804421968064603e-06	6.649230459761302815e-24	4.445173254125081484e-17	8.278712620782676215e-14	5.958112832987411101e-14	7.028396775500022746e-24	5.723118300909263677e-28	1.588000019238039462e-02	6.787498138839929973e-02	2.125018611625739857e-03	2.129728155500631314e-11	2.119999785847565422e-03
8.960000000000000853e+01	2.392303973300917063e-14	2.335002293482978038e-16	1.096508599216937987e-23	1.994981195407928391e-03	5.018804421849053933e-06	6.649230459603627880e-24	4.445173254019161500e-17	8.278712620594746828e-14	5.958112832845094282e-14	7.028396775332228274e-24	5.723118300671353242e-28	1.588000019233206522e-02	6.787498138835114381e-02	2.125018611673939149e-03	2.132078154533586219e-11	2.119999785872384978e-03
8.970000000000000284e+01	2.392303973251521118e-14	2.335002293427658674e-16	1.096508599198448049e-23	1.994981195407286544e-03	5.018804421730042416e-06	6.649230459445957354e-24	4.445173253913849186e-17	8.278712620406515781e-14	5.958112832702656295e-14	7.028396775164291274e-24	5.723118300435013158e-28	1.588000019228373583e-02	6.787498138830298788e-02	2.125018611722138441e-03	2.134428153566485547e-11	2.119999785897204534e-03
8.980000000000001137e+01	2.392303973202292095e-14	2.335002293372502012e-16	1.096508599180012036e-23	1.994981195406644696e-03	5.018804421611031745e-06	6.649230459288282419e-24	4.445173253808846869e-17	8.278712620218737855e-14	5.958112832560176656e-14	7.028396774996304315e-24	5.723118300199472150e-28	1.588000019223540643e-02	6.787498138825483196e-02	2.125018611770337733e-03	2.136778152599329299e-11	2.119999785922024090e-03
8.990000000000000568e+01	2.392303973153022368e-14	2.335002293317306894e-16	1.096508599161563093e-23	1.994981195406002848e-03	5.018804421492020228e-06	6.649230459130611892e-24	4.445173253703769980e-17	8.278712620031370137e-14	5.958112832417800516e-14	7.028396774828440783e-24	5.723118299963736530e-28	1.588000019218707703e-02	6.787498138820667604e-02	2.125018611818537025e-03	2.139128151632116828e-11	2.119999785946843646e-03
9.000000000000000000e+01	2.392303973103413745e-14	2.335002293261779961e-16	1.096508599143003947e-23	1.994981195405361001e-03	5.018804421373009558e-06	6.649230458972938427e-24	4.445173253598063235e-17	8.278712619843756295e-14	5.958112832275483697e-14	7.028396774660646311e-24	5.723118299726379439e-28	1.588000019213874764e-02	6.787498138815852011e-02	2.125018611866736316e-03	2.141478150664848459e-11	2.119999785971663202e-03
9.010000000000000853e+01	2.392303973053406906e-14	2.335002293205864514e-16	1.096508599124315791e-23	1.994981195404719153e-03	5.018804421253998888e-06	6.649230458815264962e-24	4.445173253491616317e-17	8.278712619655728458e-14	5.958112832133120179e-14	7.028396774492796003e-24	5.723118299487116582e-28	1.588000019209041824e-02	6.787498138811036419e-02	2.125018611914935608e-03	2.143828149697524836e-11	2.119999785996482759e-03
9.020000000000000284e+01	2.392303973004183563e-14	2.335002293150713276e-16	1.096508599105881395e-23	1.994981195404077305e-03	5.018804421134987371e-06	6.649230458657592966e-24	4.445173253386625709e-17	8.278712619467504984e-14	5.958112831990639277e-14	7.028396774324807575e-24	5.723118299251600686e-28	1.588000019204208885e-02	6.787498138806220827e-02	2.125018611963134900e-03	2.146178148730145637e-11	2.119999786021302315e-03
9.030000000000001137e+01	2.392303972954954856e-14	2.335002293095557600e-16	1.096508599087445676e-23	1.994981195403435457e-03	5.018804421015976700e-06	6.649230458499919500e-24	4.445173253281625241e-17	8.278712619279802789e-14	5.958112831848164687e-14	7.028396774156827963e-24	5.723118299016061472e-28	1.588000019199375945e-02	6.787498138801405234e-02	2.125018612011334192e-03	2.148528147762710538e-11	2.119999786046121871e-03
9.040000000000000568e+01	2.392303972905738455e-14	2.335002293040414251e-16	1.096508599069014072e-23	1.994981195402793610e-03	5.018804420896965183e-06	6.649230458342246035e-24	4.445173253176646344e-17	8.278712619092321475e-14	5.958112831705762041e-14	7.028396773988933574e-24	5.723118298780581448e-28	1.588000019194543005e-02	6.787498138796589642e-02	2.125018612059533483e-03	2.150878146795219541e-11	2.119999786070941427e-03
9.050000000000000000e+01	2.392303972855857833e-14	2.335002292984621570e-16	1.096508599050366470e-23	1.994981195402151762e-03	5.018804420777954513e-06	6.649230458184575508e-24	4.445173253070433619e-17	8.278712618904599086e-14	5.958112831563404833e-14	7.028396773821090613e-24	5.723118298541920365e-28	1.588000019189710066e-02	6.787498138791774049e-02	2.125018612107732775e-03	2.153228145827672644e-11	2.119999786095760983e-03
9.060000000000000853e+01	2.392303972806054205e-14	2.335002292928905310e-16	1.096508599031744582e-23	1.994981195401509914e-03	5.018804420658942996e-06	6.649230458026900573e-24	4.445173252964365723e-17	8.278712618716498043e-14	5.958112831420992089e-14	7.028396773653181531e-24	5.723118298303629674e-28	1.588000019184877126e-02	6.787498138786958457e-02	2.125018612155932067e-03	2.155578144860070817e-11	2.119999786120580539e-03
9.070000000000000284e+01	2.392303972756820764e-14	2.335002292873744212e-16	1.096508599013306513e-23	1.994981195400868067e-03	5.018804420539931479e-06	6.649230457869228577e-24	4.445173252859355394e-17	8.278712618528428554e-14	5.958112831278494780e-14	7.028396773485174001e-24	5.723118298068068039e-28	1.588000019180044187e-02	6.787498138782142865e-02	2.125018612204131359e-03	2.157928143892412444e-11	2.119999786145400095e-03
9.080000000000001137e+01	2.392303972708044864e-14	2.335002292819030298e-16	1.096508598995018172e-23	1.994981195400226219e-03	5.018804420420921655e-06	6.649230457711553643e-24	4.445173252755196789e-17	8.278712618340986368e-14	5.958112831136047957e-14	7.028396773317229653e-24	5.723118297834695568e-28	1.588000019175211247e-02	6.787498138777327272e-02	2.125018612252330651e-03	2.160278142924698819e-11	2.119999786170219652e-03
9.090000000000000568e+01	2.392303972658308761e-14	2.335002292763378627e-16	1.096508598976417443e-23	1.994981195399584371e-03	5.018804420301910138e-06	6.649230457553881647e-24	4.445173252649250921e-17	8.278712618153529036e-14	5.958112830993712206e-14	7.028396773149410202e-24	5.723118297596725942e-28	1.588000019170378307e-02	6.787498138772511680e-02	2.125018612300529942e-03	2.162628141956928971e-11	2.119999786195039208e-03
9.100000000000000000e+01	2.392303972608573921e-14	2.335002292707728927e-16	1.096508598957817449e-23	1.994981195398942524e-03	5.018804420182898621e-06	6.649230457396209651e-24	4.445173252543310599e-17	8.278712617965711982e-14	5.958112830851384029e-14	7.028396772981603976e-24	5.723118297358765284e-28	1.588000019165545368e-02	6.787498138767696088e-02	2.125018612348729234e-03	2.164978140989103547e-11	2.119999786219858764e-03
9.110000000000000853e+01	2.392303972558789856e-14	2.335002292652031403e-16	1.096508598939201586e-23	1.994981195398300676e-03	5.018804420063887104e-06	6.649230457238536185e-24	4.445173252437277832e-17	8.278712617777511228e-14	5.958112830708966236e-14	7.028396772813687546e-24	5.723118297120567863e-28	1.588000019160712428e-02	6.787498138762880495e-02	2.125018612396928526e-03	2.167328140021223192e-11	2.119999786244678320e-03
9.120000000000000284e+01	2.392303972510228841e-14	2.335002292597526538e-16	1.096508598920982158e-23	1.994981195397658828e-03	5.018804419944876434e-06	6.649230457080861251e-24	4.445173252333516123e-17	8.278712617589723205e-14	5.958112830566472713e-14	7.028396772645687363e-24	5.723118296888222264e-28	1.588000019155879489e-02	6.787498138758064903e-02	2.125018612445127818e-03	2.169678139053286293e-11	2.119999786269497876e-03
9.130000000000001137e+01	2.392303972460746752e-14	2.335002292542123850e-16	1.096508598902464448e-23	1.994981195397016981e-03	5.018804419825865763e-06	6.649230456923190724e-24	4.445173252228045419e-17	8.278712617402467821e-14	5.958112830424115505e-14	7.028396772477847341e-24	5.723118296651470534e-28	1.588000019151046549e-02	6.787498138753249310e-02	2.125018612493327110e-03	2.172028138085293817e-11	2.119999786294317432e-03
9.140000000000000568e+01	2.392303972411107206e-14	2.335002292486566842e-16	1.096508598883895164e-23	1.994981195396375133e-03	5.018804419706854246e-06	6.649230456765518728e-24	4.445173252122280743e-17	8.278712617214939806e-14	5.958112830281841601e-14	7.028396772310099889e-24	5.723118296413963673e-28	1.588000019146213609e-02	6.787498138748433718e-02	2.125018612541526401e-03	2.174378137117245442e-11	2.119999786319136988e-03
9.150000000000000000e+01	2.392303972361382463e-14	2.335002292430926017e-16	1.096508598865298403e-23	1.994981195395733285e-03	5.018804419587843576e-06	6.649230456607845262e-24	4.445173252016357677e-17	8.278712617027012944e-14	5.958112830139527307e-14	7.028396772142306887e-24	5.723118296176048753e-28	1.588000019141380670e-02	6.787498138743618126e-02	2.125018612589725693e-03	2.176728136149141813e-11	2.119999786343956544e-03
9.160000000000000853e+01	2.392303972311986833e-14	2.335002292375607146e-16	1.096508598846808317e-23	1.994981195395091438e-03	5.018804419468832906e-06	6.649230456450171797e-24	4.445173251911046595e-17	8.278712616838784421e-14	5.958112829997091844e-14	7.028396771974374294e-24	5.723118295939709566e-28	1.588000019136547730e-02	6.787498138738802533e-02	2.125018612637924985e-03	2.179078135180982286e-11	2.119999786368776101e-03
9.170000000000000284e+01	2.392303972262758442e-14	2.335002292320452457e-16	1.096508598828372893e-23	1.994981195394449590e-03	5.018804419349821389e-06	6.649230456292499801e-24	4.445173251806047360e-17	8.278712616651007757e-14	5.958112829854613467e-14	7.028396771806390274e-24	5.723118295704173042e-28	1.588000019131714791e-02	6.787498138733986941e-02	2.125018612686124277e-03	2.181428134212766536e-11	2.119999786393595657e-03
9.180000000000001137e+01	2.392303972213489345e-14	2.335002292265256352e-16	1.096508598809923803e-23	1.994981195393807742e-03	5.018804419230809871e-06	6.649230456134826336e-24	4.445173251700970471e-17	8.278712616463645088e-14	5.958112829712237327e-14	7.028396771638526742e-24	5.723118295468440112e-28	1.588000019126881851e-02	6.787498138729171349e-02	2.125018612734323568e-03	2.183778133244495856e-11	2.119999786418415213e-03
9.190000000000000568e+01	2.392303972163912593e-14	2.335002292209760481e-16	1.096508598791375090e-23	1.994981195393165894e-03	5.018804419111799201e-06	6.649230455977155809e-24	4.445173251595323507e-17	8.278712616276043868e-14	5.958112829569923033e-14	7.028396771470736678e-24	5.723118295231233689e-28	1.588000019122048911e-02	6.787498138724355756e-02	2.125018612782522860e-03	2.186128132276170246e-11	2.119999786443234769e-03
9.200000000000000000e+01	2.392303972113887452e-14	2.335002292153827777e-16	1.096508598772680762e-23	1.994981195392524047e-03	5.018804418992787684e-06	6.649230455819480874e-24	4.445173251488842076e-17	8.278712616088031177e-14	5.958112829427569612e-14	7.028396771302895187e-24	5.723118294991882046e-28	1.588000019117215972e-02	6.787498138719540164e-02	2.125018612830722152e-03	2.188478131307787444e-11	2.119999786468054325e-03
9.210000000000000853e+01	2.392303972064682410e-14	2.335002292098694782e-16	1.096508598754253125e-23	1.994981195391882199e-03	5.018804418873778708e-06	6.649230455661808878e-24	4.445173251383885365e-17	8.278712615899774886e-14	5.958112829285092497e-14	7.028396771134915575e-24	5.723118294756457626e-28	1.588000019112383032e-02	6.787498138714724571e-02	2.125018612878921444e-03	2.190828130339350358e-11	2.119999786492873881e-03
9.220000000000000284e+01	2.392303972015845609e-14	2.335002292043921704e-16	1.096508598735944213e-23	1.994981195391240351e-03	5.018804418754766344e-06	6.649230455504135413e-24	4.445173251279611512e-17	8.278712615712453869e-14	5.958112829142653248e-14	7.028396770966974166e-24	5.723118294522790099e-28	1.588000019107550093e-02	6.787498138709908979e-02	2.125018612927120736e-03	2.193178129370856404e-11	2.119999786517693437e-03
9.230000000000001137e+01	2.392303971966381506e-14	2.335002291988535780e-16	1.096508598717431940e-23	1.994981195390598504e-03	5.018804418635754826e-06	6.649230455346461948e-24	4.445173251174173472e-17	8.278712615525121492e-14	5.958112829000354100e-14	7.028396770799203204e-24	5.723118294286125361e-28	1.588000019102717153e-02	6.787498138705093387e-02	2.125018612975320027e-03	2.195528128402306874e-11	2.119999786542512994e-03
9.240000000000000568e+01	2.392303971916528653e-14	2.335002291932770709e-16	1.096508598698793448e-23	1.994981195389956656e-03	5.018804418516744156e-06	6.649230455188789952e-24	4.445173251068012516e-17	8.278712615337399102e-14	5.958112828858075147e-14	7.028396770631451344e-24	5.723118294047597009e-28	1.588000019097884213e-02	6.787498138700277794e-02	2.125018613023519319e-03	2.197878127433702414e-11	2.119999786567332550e-03
9.250000000000000000e+01	2.392303971866624681e-14	2.335002291876955349e-16	1.096508598680138794e-23	1.994981195389314808e-03	5.018804418397732639e-06	6.649230455031116486e-24	4.445173250961757883e-17	8.278712615149243786e-14	5.958112828715707842e-14	7.028396770463598098e-24	5.723118293808829204e-28	1.588000019093051274e-02	6.787498138695462202e-02	2.125018613071718611e-03	2.200228126465041408e-11	2.119999786592152106e-03
9.260000000000000853e+01	2.392303971817316772e-14	2.335002291821722267e-16	1.096508598661677067e-23	1.994981195388672961e-03	5.018804418278721969e-06	6.649230454873444490e-24	4.445173250856608887e-17	8.278712614961051866e-14	5.958112828573220630e-14	7.028396770295600853e-24	5.723118293572909733e-28	1.588000019088218334e-02	6.787498138690646610e-02	2.125018613119917903e-03	2.202578125496325795e-11	2.119999786616971662e-03
9.270000000000000284e+01	2.392303971768596407e-14	2.335002291767062588e-16	1.096508598643406212e-23	1.994981195388031113e-03	5.018804418159710452e-06	6.649230454715772494e-24	4.445173250752552587e-17	8.278712614773576863e-14	5.958112828430758661e-14	7.028396770127635935e-24	5.723118293339801828e-28	1.588000019083385395e-02	6.787498138685831017e-02	2.125018613168117194e-03	2.204928124527552991e-11	2.119999786641791218e-03
9.280000000000001137e+01	2.392303971718873557e-14	2.335002291711424228e-16	1.096508598624810332e-23	1.994981195387389265e-03	5.018804418040699781e-06	6.649230454558099029e-24	4.445173250646633835e-17	8.278712614586125842e-14	5.958112828288409026e-14	7.028396769959803260e-24	5.723118293101897670e-28	1.588000019078552455e-02	6.787498138681015425e-02	2.125018613216316486e-03	2.207278123558724933e-11	2.119999786666610774e-03
9.290000000000000568e+01	2.392303971669140926e-14	2.335002291655776501e-16	1.096508598606210779e-23	1.994981195386747418e-03	5.018804417921689111e-06	6.649230454400425563e-24	4.445173250540695979e-17	8.278712614398318886e-14	5.958112828146075800e-14	7.028396769791989686e-24	5.723118292863945981e-28	1.588000019073719515e-02	6.787498138676199833e-02	2.125018613264515778e-03	2.209628122589840653e-11	2.119999786691430330e-03
9.300000000000000000e+01	2.392303971619358123e-14	2.335002291600080456e-16	1.096508598587595209e-23	1.994981195386105570e-03	5.018804417802677594e-06	6.649230454242752098e-24	4.445173250434665678e-17	8.278712614210121918e-14	5.958112828003655483e-14	7.028396769624071787e-24	5.723118292625754837e-28	1.588000019068886576e-02	6.787498138671384240e-02	2.125018613312715070e-03	2.211978121620900797e-11	2.119999786716249886e-03
9.310000000000000853e+01	2.392303971570306121e-14	2.335002291545096357e-16	1.096508598569216796e-23	1.994981195385463722e-03	5.018804417683666924e-06	6.649230454085078633e-24	4.445173250329993080e-17	8.278712614022290981e-14	5.958112827861158173e-14	7.028396769456065727e-24	5.723118292391060438e-28	1.588000019064053636e-02	6.787498138666568648e-02	2.125018613360914362e-03	2.214328120651906657e-11	2.119999786741069443e-03
9.320000000000000284e+01	2.392303971521126323e-14	2.335002291489987521e-16	1.096508598550796652e-23	1.994981195384821875e-03	5.018804417564655407e-06	6.649230453927405167e-24	4.445173250225081975e-17	8.278712613834747820e-14	5.958112827718740381e-14	7.028396769288152236e-24	5.723118292155752606e-28	1.588000019059220697e-02	6.787498138661753055e-02	2.125018613409113653e-03	2.216678119682855325e-11	2.119999786765888999e-03
9.330000000000001137e+01	2.392303971471579863e-14	2.335002291434521724e-16	1.096508598532257931e-23	1.994981195384180027e-03	5.018804417445643889e-06	6.649230453769733171e-24	4.445173250119491094e-17	8.278712613647193300e-14	5.958112827576399581e-14	7.028396769120331316e-24	5.723118291918693263e-28	1.588000019054387757e-02	6.787498138656937463e-02	2.125018613457312945e-03	2.219028118713748740e-11	2.119999786790708555e-03
9.340000000000000568e+01	2.392303971421872791e-14	2.335002291378899635e-16	1.096508598513667047e-23	1.994981195383538179e-03	5.018804417326633219e-06	6.649230453612061175e-24	4.445173250013602541e-17	8.278712613459292943e-14	5.958112827434043636e-14	7.028396768952489824e-24	5.723118291680865336e-28	1.588000019049554817e-02	6.787498138652121871e-02	2.125018613505512237e-03	2.221378117744585933e-11	2.119999786815528111e-03
9.350000000000000000e+01	2.392303971372453495e-14	2.335002291323556605e-16	1.096508598495169174e-23	1.994981195382896332e-03	5.018804417207621702e-06	6.649230453454387710e-24	4.445173249908245853e-17	8.278712613271102286e-14	5.958112827291590502e-14	7.028396768784535191e-24	5.723118291444414045e-28	1.588000019044721878e-02	6.787498138647306278e-02	2.125018613553711529e-03	2.223728116775368519e-11	2.119999786840347667e-03
9.360000000000000853e+01	2.392303971323239934e-14	2.335002291268416214e-16	1.096508598476738451e-23	1.994981195382254484e-03	5.018804417088611032e-06	6.649230453296715714e-24	4.445173249803273119e-17	8.278712613083323098e-14	5.958112827149104552e-14	7.028396768616540886e-24	5.723118291208945680e-28	1.588000019039888938e-02	6.787498138642490686e-02	2.125018613601910820e-03	2.226078115806094559e-11	2.119999786865167223e-03
9.370000000000000284e+01	2.392303971273974308e-14	2.335002291213224054e-16	1.096508598458290537e-23	1.994981195381612636e-03	5.018804416969600362e-06	6.649230453139043718e-24	4.445173249698203625e-17	8.278712612895964215e-14	5.958112827006723363e-14	7.028396768448670007e-24	5.723118290973228893e-28	1.588000019035055999e-02	6.787498138637675094e-02	2.125018613650110112e-03	2.228428114836764701e-11	2.119999786889986779e-03
9.380000000000001137e+01	2.392303971224355273e-14	2.335002291157687753e-16	1.096508598439728305e-23	1.994981195380970788e-03	5.018804416850588844e-06	6.649230452981370252e-24	4.445173249592477775e-17	8.278712612708364257e-14	5.958112826864410332e-14	7.028396768280881412e-24	5.723118290735823374e-28	1.588000019030223059e-02	6.787498138632859501e-02	2.125018613698309404e-03	2.230778113867380235e-11	2.119999786914806335e-03
9.390000000000000568e+01	2.392303971174357900e-14	2.335002291101781674e-16	1.096508598421042941e-23	1.994981195380328941e-03	5.018804416731578174e-06	6.649230452823696787e-24	4.445173249486048113e-17	8.278712612520332634e-14	5.958112826722046813e-14	7.028396768113031105e-24	5.723118290496603565e-28	1.588000019025390119e-02	6.787498138628043909e-02	2.125018613746508696e-03	2.233128112897938900e-11	2.119999786939625892e-03
9.400000000000000000e+01	2.392303971125137082e-14	2.335002291046632901e-16	1.096508598402609720e-23	1.994981195379687093e-03	5.018804416612567504e-06	6.649230452666024791e-24	4.445173249381062436e-17	8.278712612332109160e-14	5.958112826579565912e-14	7.028396767945044146e-24	5.723118290261100224e-28	1.588000019020557180e-02	6.787498138623228316e-02	2.125018613794707988e-03	2.235478111928441667e-11	2.119999786964445448e-03
9.410000000000000853e+01	2.392303971076325840e-14	2.335002290991883982e-16	1.096508598384309183e-23	1.994981195379045245e-03	5.018804416493555140e-06	6.649230452508351326e-24	4.445173249276836038e-17	8.278712612144786880e-14	5.958112826437135497e-14	7.028396767777115962e-24	5.723118290027558253e-28	1.588000019015724240e-02	6.787498138618412724e-02	2.125018613842907279e-03	2.237828110958889180e-11	2.119999786989265004e-03
9.420000000000000284e+01	2.392303971026865523e-14	2.335002290936502002e-16	1.096508598365798086e-23	1.994981195378403398e-03	5.018804416374544470e-06	6.649230452350677860e-24	4.445173249171404778e-17	8.278712611957457028e-14	5.958112826294838874e-14	7.028396767609345000e-24	5.723118289790909659e-28	1.588000019010891301e-02	6.787498138613597132e-02	2.125018613891106571e-03	2.240178109989280794e-11	2.119999787014084560e-03
9.430000000000001137e+01	2.392303970976907278e-14	2.335002290880634873e-16	1.096508598347125799e-23	1.994981195377761550e-03	5.018804416255533799e-06	6.649230452193007334e-24	4.445173249065049072e-17	8.278712611769732113e-14	5.958112826152563708e-14	7.028396767441600487e-24	5.723118289551879978e-28	1.588000019006058361e-02	6.787498138608781539e-02	2.125018613939305863e-03	2.242528109019618124e-11	2.119999787038904116e-03
9.440000000000000568e+01	2.392303970927115008e-14	2.335002290824928474e-16	1.096508598328507144e-23	1.994981195377119702e-03	5.018804416136522282e-06	6.649230452035332399e-24	4.445173248959000898e-17	8.278712611581581846e-14	5.958112826010195140e-14	7.028396767273742832e-24	5.723118289313643096e-28	1.588000019001225421e-02	6.787498138603965947e-02	2.125018613987505155e-03	2.244878108049897939e-11	2.119999787063723672e-03
9.450000000000000000e+01	2.392303970877891034e-14	2.335002290769777236e-16	1.096508598310072895e-23	1.994981195376477855e-03	5.018804416017511612e-06	6.649230451877660403e-24	4.445173248854008442e-17	8.278712611393494687e-14	5.958112825867719288e-14	7.028396767105761750e-24	5.723118289078127200e-28	1.588000018996392482e-02	6.787498138599150355e-02	2.125018614035704446e-03	2.247228107080122178e-11	2.119999787088543228e-03
9.460000000000000853e+01	2.392303970829122076e-14	2.335002290715069239e-16	1.096508598291786023e-23	1.994981195375836007e-03	5.018804415898500095e-06	6.649230451719988407e-24	4.445173248749860930e-17	8.278712611206046189e-14	5.958112825725282563e-14	7.028396766937829158e-24	5.723118288844784325e-28	1.588000018991559542e-02	6.787498138594334762e-02	2.125018614083903738e-03	2.249578106110291164e-11	2.119999787113362785e-03
9.470000000000000284e+01	2.392303970779388182e-14	2.335002290659420525e-16	1.096508598273186323e-23	1.994981195375194159e-03	5.018804415779488577e-06	6.649230451562314941e-24	4.445173248643921224e-17	8.278712611018588857e-14	5.958112825582953123e-14	7.028396766770018523e-24	5.723118288606828151e-28	1.588000018986726602e-02	6.787498138589519170e-02	2.125018614132103030e-03	2.251928105140403927e-11	2.119999787138182341e-03
9.480000000000001137e+01	2.392303970729635671e-14	2.335002290603753570e-16	1.096508598254580745e-23	1.994981195374552312e-03	5.018804415660477907e-06	6.649230451404641476e-24	4.445173248537947622e-17	8.278712610830784426e-14	5.958112825440632518e-14	7.028396766602219644e-24	5.723118288368782294e-28	1.588000018981893663e-02	6.787498138584703578e-02	2.125018614180302322e-03	2.254278104170462730e-11	2.119999787163001897e-03
9.490000000000000568e+01	2.392303970679867699e-14	2.335002290548071330e-16	1.096508598235969731e-23	1.994981195373910464e-03	5.018804415541466390e-06	6.649230451246969480e-24	4.445173248431943822e-17	8.278712610642568525e-14	5.958112825298217250e-14	7.028396766434307622e-24	5.723118288130660206e-28	1.588000018977060723e-02	6.787498138579887985e-02	2.125018614228501614e-03	2.256628103200464018e-11	2.119999787187821453e-03
9.500000000000000000e+01	2.392303970630643725e-14	2.335002290492919598e-16	1.096508598217535629e-23	1.994981195373268616e-03	5.018804415422456567e-06	6.649230451089296015e-24	4.445173248326953215e-17	8.278712610454684576e-14	5.958112825155721203e-14	7.028396766266301562e-24	5.723118287895145207e-28	1.588000018972227784e-02	6.787498138575072393e-02	2.125018614276700905e-03	2.258978102230409407e-11	2.119999787212641009e-03
9.510000000000000853e+01	2.392303970581580048e-14	2.335002290437926133e-16	1.096508598199153395e-23	1.994981195372626769e-03	5.018804415303445050e-06	6.649230450931622549e-24	4.445173248222259047e-17	8.278712610267056850e-14	5.958112825013278167e-14	7.028396766098358684e-24	5.723118287660394307e-28	1.588000018967394844e-02	6.787498138570256800e-02	2.125018614324900197e-03	2.261328101260299866e-11	2.119999787237460565e-03
9.520000000000000284e+01	2.392303970532078710e-14	2.335002290382502738e-16	1.096508598180629220e-23	1.994981195371984921e-03	5.018804415184434379e-06	6.649230450773952023e-24	4.445173248116750133e-17	8.278712610079526311e-14	5.958112824870913386e-14	7.028396765930506907e-24	5.723118287423547513e-28	1.588000018962561904e-02	6.787498138565441208e-02	2.125018614373099489e-03	2.263678100290135071e-11	2.119999787262280121e-03
9.530000000000001137e+01	2.392303970482354599e-14	2.335002290326863885e-16	1.096508598162032606e-23	1.994981195371343073e-03	5.018804415065422862e-06	6.649230450616277088e-24	4.445173248010828300e-17	8.278712609891613332e-14	5.958112824728546080e-14	7.028396765762652191e-24	5.723118287185637975e-28	1.588000018957728965e-02	6.787498138560625616e-02	2.125018614421298781e-03	2.266028099319913731e-11	2.119999787287099677e-03
9.540000000000000568e+01	2.392303970432964333e-14	2.335002290271549944e-16	1.096508598143544431e-23	1.994981195370701225e-03	5.018804414946412192e-06	6.649230450458605092e-24	4.445173247905527695e-17	8.278712609703416364e-14	5.958112824586082850e-14	7.028396765594687272e-24	5.723118286949325692e-28	1.588000018952896025e-02	6.787498138555810023e-02	2.125018614469498072e-03	2.268378098349636169e-11	2.119999787311919234e-03
9.550000000000000000e+01	2.392303970383734679e-14	2.335002290216393283e-16	1.096508598125108271e-23	1.994981195370059378e-03	5.018804414827399828e-06	6.649230450300930157e-24	4.445173247800526611e-17	8.278712609515662420e-14	5.958112824443593113e-14	7.028396765426688559e-24	5.723118286713782890e-28	1.588000018948063086e-02	6.787498138550994431e-02	2.125018614517697364e-03	2.270728097379303677e-11	2.119999787336738790e-03
9.560000000000000853e+01	2.392303970334464952e-14	2.335002290161196685e-16	1.096508598106659328e-23	1.994981195369417530e-03	5.018804414708390005e-06	6.649230450143258161e-24	4.445173247695447257e-17	8.278712609328312373e-14	5.958112824301215710e-14	7.028396765258823557e-24	5.723118286478044580e-28	1.588000018943230146e-02	6.787498138546178839e-02	2.125018614565896656e-03	2.273078096408915285e-11	2.119999787361558346e-03
9.570000000000000284e+01	2.392303970284856014e-14	2.335002290105670738e-16	1.096508598088100035e-23	1.994981195368775682e-03	5.018804414589377640e-06	6.649230449985584696e-24	4.445173247589741128e-17	8.278712609140712414e-14	5.958112824158901417e-14	7.028396765091032024e-24	5.723118286240686592e-28	1.588000018938397206e-02	6.787498138541363246e-02	2.125018614614095948e-03	2.275428095438470671e-11	2.119999787386377902e-03
9.580000000000001137e+01	2.392303970234852014e-14	2.335002290049758250e-16	1.096508598069412761e-23	1.994981195368133835e-03	5.018804414470367817e-06	6.649230449827911230e-24	4.445173247483299140e-17	8.278712608952690888e-14	5.958112824016542947e-14	7.028396764923184655e-24	5.723118286001437188e-28	1.588000018933564267e-02	6.787498138536547654e-02	2.125018614662295240e-03	2.277778094467970481e-11	2.119999787411197458e-03
9.590000000000000568e+01	2.392303970185629302e-14	2.335002289994607505e-16	1.096508598050978659e-23	1.994981195367491987e-03	5.018804414351356300e-06	6.649230449670239234e-24	4.445173247378308533e-17	8.278712608764469938e-14	5.958112823874064570e-14	7.028396764755203574e-24	5.723118285765923982e-28	1.588000018928731327e-02	6.787498138531732061e-02	2.125018614710494531e-03	2.280128093497414714e-11	2.119999787436017014e-03
9.600000000000000000e+01	2.392303970136818692e-14	2.335002289939860065e-16	1.096508598032678709e-23	1.994981195366850139e-03	5.018804414232344783e-06	6.649230449512567238e-24	4.445173247274085833e-17	8.278712608577148921e-14	5.958112823731637942e-14	7.028396764587279798e-24	5.723118285532385598e-28	1.588000018923898388e-02	6.787498138526916469e-02	2.125018614758693823e-03	2.282478092526803372e-11	2.119999787460836570e-03
9.610000000000000853e+01	2.392303970087359006e-14	2.335002289884477592e-16	1.096508598014167612e-23	1.994981195366208292e-03	5.018804414113334960e-06	6.649230449354893773e-24	4.445173247168653340e-17	8.278712608389819069e-14	5.958112823589342581e-14	7.028396764419511774e-24	5.723118285295737901e-28	1.588000018919065448e-02	6.787498138522100877e-02	2.125018614806893115e-03	2.284828091556136130e-11	2.119999787485656127e-03
9.620000000000000284e+01	2.392303970037423795e-14	2.335002289828632156e-16	1.096508597995502819e-23	1.994981195365566444e-03	5.018804413994323442e-06	6.649230449197221777e-24	4.445173247062340158e-17	8.278712608202086581e-14	5.958112823447063628e-14	7.028396764251759914e-24	5.723118285056818530e-28	1.588000018914232508e-02	6.787498138517285284e-02	2.125018614855092407e-03	2.287178090585412988e-11	2.119999787510475683e-03
9.630000000000001137e+01	2.392303969987616380e-14	2.335002289772911952e-16	1.096508597976879021e-23	1.994981195364924596e-03	5.018804413875311925e-06	6.649230449039548312e-24	4.445173246956263635e-17	8.278712608013955246e-14	5.958112823304701371e-14	7.028396764083911076e-24	5.723118284818509005e-28	1.588000018909399569e-02	6.787498138512469692e-02	2.125018614903291699e-03	2.289528089614634594e-11	2.119999787535295239e-03
9.640000000000000568e+01	2.392303969938388304e-14	2.335002289717756770e-16	1.096508597958443743e-23	1.994981195364282749e-03	5.018804413756301255e-06	6.649230448881876316e-24	4.445173246851265016e-17	8.278712607825871874e-14	5.958112823162226781e-14	7.028396763915931464e-24	5.723118284582974275e-28	1.588000018904566629e-02	6.787498138507654100e-02	2.125018614951490990e-03	2.291878088643800300e-11	2.119999787560114795e-03
9.650000000000000000e+01	2.392303969889618083e-14	2.335002289663047787e-16	1.096508597940156431e-23	1.994981195363640901e-03	5.018804413637289738e-06	6.649230448724204320e-24	4.445173246747115038e-17	8.278712607638423377e-14	5.958112823019791318e-14	7.028396763748000341e-24	5.723118284349626916e-28	1.588000018899733690e-02	6.787498138502838507e-02	2.125018614999690282e-03	2.294228087672909784e-11	2.119999787584934351e-03
9.660000000000000853e+01	2.392303969839885767e-14	2.335002289607400553e-16	1.096508597921557171e-23	1.994981195362999053e-03	5.018804413518279068e-06	6.649230448566532324e-24	4.445173246641177798e-17	8.278712607450967306e-14	5.958112822877465665e-14	7.028396763580194114e-24	5.723118284111676123e-28	1.588000018894900750e-02	6.787498138498022915e-02	2.125018615047889574e-03	2.296578086701964015e-11	2.119999787609753907e-03
9.670000000000000284e+01	2.392303969790153767e-14	2.335002289551753318e-16	1.096508597902958206e-23	1.994981195362357206e-03	5.018804413399267550e-06	6.649230448408857389e-24	4.445173246535242407e-17	8.278712607263154040e-14	5.958112822735145060e-14	7.028396763412392296e-24	5.723118283873728918e-28	1.588000018890067810e-02	6.787498138493207323e-02	2.125018615096088866e-03	2.298928085730962347e-11	2.119999787634573463e-03
9.680000000000001137e+01	2.392303969740373173e-14	2.335002289496058752e-16	1.096508597884343077e-23	1.994981195361715358e-03	5.018804413280256880e-06	6.649230448251185393e-24	4.445173246429215803e-17	8.278712607074957071e-14	5.958112822592736103e-14	7.028396763244489091e-24	5.723118283635545846e-28	1.588000018885234871e-02	6.787498138488391730e-02	2.125018615144288157e-03	2.301278084759905102e-11	2.119999787659393019e-03
9.690000000000000568e+01	2.392303969691146359e-14	2.335002289440905542e-16	1.096508597865908240e-23	1.994981195361073510e-03	5.018804413161246210e-06	6.649230448093511927e-24	4.445173246324220266e-17	8.278712606887076909e-14	5.958112822450243842e-14	7.028396763076491846e-24	5.723118283400018290e-28	1.588000018880401931e-02	6.787498138483576138e-02	2.125018615192487449e-03	2.303628083788792281e-11	2.119999787684212576e-03
9.700000000000000000e+01	2.392303969642082997e-14	2.335002289385910597e-16	1.096508597847526006e-23	1.994981195360431662e-03	5.018804413042234693e-06	6.649230447935838462e-24	4.445173246219524865e-17	8.278712606699451707e-14	5.958112822307803330e-14	7.028396762908548968e-24	5.723118283165270081e-28	1.588000018875568992e-02	6.787498138478760545e-02	2.125018615240686741e-03	2.305978082817623238e-11	2.119999787709032132e-03
9.710000000000000853e+01	2.392303969592566514e-14	2.335002289330472904e-16	1.096508597828996689e-23	1.994981195359789815e-03	5.018804412923222329e-06	6.649230447778164997e-24	4.445173246113988834e-17	8.278712606511899712e-14	5.958112822165438550e-14	7.028396762740698661e-24	5.723118282928351541e-28	1.588000018870736052e-02	6.787498138473944953e-02	2.125018615288886033e-03	2.308328081846398941e-11	2.119999787733851688e-03
9.720000000000000284e+01	2.392303969542865752e-14	2.335002289274857224e-16	1.096508597810408009e-23	1.994981195359147967e-03	5.018804412804212505e-06	6.649230447620493001e-24	4.445173246008111991e-17	8.278712606324014501e-14	5.958112822023072506e-14	7.028396762572845414e-24	5.723118282690553209e-28	1.588000018865903112e-02	6.787498138469129361e-02	2.125018615337085325e-03	2.310678080875118422e-11	2.119999787758671244e-03
9.730000000000001137e+01	2.392303969493471700e-14	2.335002289219539339e-16	1.096508597791918365e-23	1.994981195358506119e-03	5.018804412685200988e-06	6.649230447462819535e-24	4.445173245902802142e-17	8.278712606135821319e-14	5.958112821880614324e-14	7.028396762404886373e-24	5.723118282454222093e-28	1.588000018861070173e-02	6.787498138464313768e-02	2.125018615385284616e-03	2.313028079903782974e-11	2.119999787783490800e-03
9.740000000000000568e+01	2.392303969444242047e-14	2.335002289164382185e-16	1.096508597773482205e-23	1.994981195357864272e-03	5.018804412566191165e-06	6.649230447305149009e-24	4.445173245797799209e-17	8.278712605948072424e-14	5.958112821738129637e-14	7.028396762236895006e-24	5.723118282218675704e-28	1.588000018856237233e-02	6.787498138459498176e-02	2.125018615433483908e-03	2.315378078932390979e-11	2.119999787808310356e-03
9.750000000000000000e+01	2.392303969394972319e-14	2.335002289109187066e-16	1.096508597755033115e-23	1.994981195357222424e-03	5.018804412447179648e-06	6.649230447147475543e-24	4.445173245692723552e-17	8.278712605760722376e-14	5.958112821595752234e-14	7.028396762069027066e-24	5.723118281982940981e-28	1.588000018851404294e-02	6.787498138454682584e-02	2.125018615481683200e-03	2.317728077960943409e-11	2.119999787833129912e-03
9.760000000000000853e+01	2.392303969345364327e-14	2.335002289053661119e-16	1.096508597736474263e-23	1.994981195356580576e-03	5.018804412328167284e-06	6.649230446989800609e-24	4.445173245587016807e-17	8.278712605573124942e-14	5.958112821453440464e-14	7.028396761901238472e-24	5.723118281745585684e-28	1.588000018846571354e-02	6.787498138449866991e-02	2.125018615529882492e-03	2.320078076989440585e-11	2.119999787857949469e-03
9.770000000000000284e+01	2.392303969295360643e-14	2.335002288997747644e-16	1.096508597717786842e-23	1.994981195355938729e-03	5.018804412209157460e-06	6.649230446832128613e-24	4.445173245480576052e-17	8.278712605385105941e-14	5.958112821311085781e-14	7.028396761733398450e-24	5.723118281506336280e-28	1.588000018841738414e-02	6.787498138445051399e-02	2.125018615578081783e-03	2.322428076017881539e-11	2.119999787882769025e-03
9.780000000000001137e+01	2.392303969246106693e-14	2.335002288942567317e-16	1.096508597699342895e-23	1.994981195355296881e-03	5.018804412090145943e-06	6.649230446674456616e-24	4.445173245375527513e-17	8.278712605196833242e-14	5.958112821168608666e-14	7.028396761565417368e-24	5.723118281270675993e-28	1.588000018836905475e-02	6.787498138440235806e-02	2.125018615626281075e-03	2.324778075046268209e-11	2.119999787907588581e-03
9.790000000000000568e+01	2.392303969197315015e-14	2.335002288887838120e-16	1.096508597681048970e-23	1.994981195354655033e-03	5.018804411971133579e-06	6.649230446516783151e-24	4.445173245271339325e-17	8.278712605009509700e-14	5.958112821026166892e-14	7.028396761397475960e-24	5.723118281037226395e-28	1.588000018832072535e-02	6.787498138435420214e-02	2.125018615674480367e-03	2.327128074074597688e-11	2.119999787932408137e-03
9.800000000000000000e+01	2.392303969147858485e-14	2.335002288832460084e-16	1.096508597662539195e-23	1.994981195354013186e-03	5.018804411852123756e-06	6.649230446359111155e-24	4.445173245165914844e-17	8.278712604822191207e-14	5.958112820883865220e-14	7.028396761229699120e-24	5.723118280800598428e-28	1.588000018827239596e-02	6.787498138430604622e-02	2.125018615722679659e-03	2.329478073102871590e-11	2.119999787957227693e-03
9.810000000000000853e+01	2.392303969097923905e-14	2.335002288776615635e-16	1.096508597643874402e-23	1.994981195353371338e-03	5.018804411733112239e-06	6.649230446201437690e-24	4.445173245059603511e-17	8.278712604634463769e-14	5.958112820741585005e-14	7.028396761061947260e-24	5.723118280561680852e-28	1.588000018822406656e-02	6.787498138425789029e-02	2.125018615770878951e-03	2.331828072131089916e-11	2.119999787982047249e-03
9.820000000000000284e+01	2.392303969048116490e-14	2.335002288720893951e-16	1.096508597625250751e-23	1.994981195352729490e-03	5.018804411614101568e-06	6.649230446043764224e-24	4.445173244953525139e-17	8.278712604446338744e-14	5.958112820599221487e-14	7.028396760894096952e-24	5.723118280323372223e-28	1.588000018817573716e-02	6.787498138420973437e-02	2.125018615819078242e-03	2.334178071159252343e-11	2.119999788006866805e-03
9.830000000000001137e+01	2.392303968998889360e-14	2.335002288665739755e-16	1.096508597606815620e-23	1.994981195352087643e-03	5.018804411495090898e-06	6.649230445886092228e-24	4.445173244848527752e-17	8.278712604258256634e-14	5.958112820456749420e-14	7.028396760726115871e-24	5.723118280087839287e-28	1.588000018812740777e-02	6.787498138416157845e-02	2.125018615867277534e-03	2.336528070187359516e-11	2.119999788031686361e-03
9.840000000000000568e+01	2.392303968950119455e-14	2.335002288611032251e-16	1.096508597588528455e-23	1.994981195351445795e-03	5.018804411376079381e-06	6.649230445728420232e-24	4.445173244744379624e-17	8.278712604070811923e-14	5.958112820314315220e-14	7.028396760558187687e-24	5.723118279854494618e-28	1.588000018807907837e-02	6.787498138411342252e-02	2.125018615915476826e-03	2.338878069215410468e-11	2.119999788056505918e-03
9.850000000000000000e+01	2.392303968900387139e-14	2.335002288555384031e-16	1.096508597569929489e-23	1.994981195350803947e-03	5.018804411257068711e-06	6.649230445570748236e-24	4.445173244638443616e-17	8.278712603883359640e-14	5.958112820171992091e-14	7.028396760390384399e-24	5.723118279616544722e-28	1.588000018803074898e-02	6.787498138406526660e-02	2.125018615963676118e-03	2.341228068243405519e-11	2.119999788081325474e-03
9.860000000000000853e+01	2.392303968850656716e-14	2.335002288499738276e-16	1.096508597551330817e-23	1.994981195350162100e-03	5.018804411138058041e-06	6.649230445413073302e-24	4.445173244532508841e-17	8.278712603695550160e-14	5.958112820029671486e-14	7.028396760222586988e-24	5.723118279378602898e-28	1.588000018798241958e-02	6.787498138401711067e-02	2.125018616011875409e-03	2.343578067271344995e-11	2.119999788106145030e-03
9.870000000000000284e+01	2.392303968800876122e-14	2.335002288444044203e-16	1.096508597532715836e-23	1.994981195349520252e-03	5.018804411019046523e-06	6.649230445255401306e-24	4.445173244426482238e-17	8.278712603507355716e-14	5.958112819887263791e-14	7.028396760054683783e-24	5.723118279140422516e-28	1.588000018793409018e-02	6.787498138396895475e-02	2.125018616060074701e-03	2.345928066299229218e-11	2.119999788130964586e-03
9.880000000000001137e+01	2.392303968751650255e-14	2.335002288388890993e-16	1.096508597514280852e-23	1.994981195348878404e-03	5.018804410900035853e-06	6.649230445097727840e-24	4.445173244321486700e-17	8.278712603319476816e-14	5.958112819744772792e-14	7.028396759886683600e-24	5.723118278904896755e-28	1.588000018788576079e-02	6.787498138392079883e-02	2.125018616108273993e-03	2.348278065327057541e-11	2.119999788155784142e-03
9.890000000000000568e+01	2.392303968702586578e-14	2.335002288333896048e-16	1.096508597495898765e-23	1.994981195348236556e-03	5.018804410781024336e-06	6.649230444940055844e-24	4.445173244216792532e-17	8.278712603131852876e-14	5.958112819602333543e-14	7.028396759718745130e-24	5.723118278670146752e-28	1.588000018783743139e-02	6.787498138387264290e-02	2.125018616156473285e-03	2.350628064354829642e-11	2.119999788180603698e-03
9.900000000000000000e+01	2.392303968653059681e-14	2.335002288278448494e-16	1.096508597477366068e-23	1.994981195347594709e-03	5.018804410662012819e-06	6.649230444782380909e-24	4.445173244111236164e-17	8.278712602944304667e-14	5.958112819459973811e-14	7.028396759550902169e-24	5.723118278433177989e-28	1.588000018778910200e-02	6.787498138382448698e-02	2.125018616204672577e-03	2.352978063382547136e-11	2.119999788205423254e-03
9.910000000000000853e+01	2.392303968603368071e-14	2.335002288222841196e-16	1.096508597458780180e-23	1.994981195346952861e-03	5.018804410543002149e-06	6.649230444624708913e-24	4.445173244005376577e-17	8.278712602756415670e-14	5.958112819317607768e-14	7.028396759383048923e-24	5.723118278195424499e-28	1.588000018774077260e-02	6.787498138377633106e-02	2.125018616252871868e-03	2.355328062410208731e-11	2.119999788230242811e-03
9.920000000000000284e+01	2.392303968553976858e-14	2.335002288167526269e-16	1.096508597440291417e-23	1.994981195346311013e-03	5.018804410423990631e-06	6.649230444467035448e-24	4.445173243900072891e-17	8.278712602568226274e-14	5.958112819175148323e-14	7.028396759215088413e-24	5.723118277959106835e-28	1.588000018769244320e-02	6.787498138372817513e-02	2.125018616301071160e-03	2.357678061437813780e-11	2.119999788255062367e-03
9.930000000000001137e+01	2.392303968504748467e-14	2.335002288112370594e-16	1.096508597421855845e-23	1.994981195345669166e-03	5.018804410304979961e-06	6.649230444309363452e-24	4.445173243795072423e-17	8.278712602380479903e-14	5.958112819032666160e-14	7.028396759047097046e-24	5.723118277723568518e-28	1.588000018764411381e-02	6.787498138368001921e-02	2.125018616349270452e-03	2.360028060465363253e-11	2.119999788279881923e-03
9.940000000000000568e+01	2.392303968455479686e-14	2.335002288057175968e-16	1.096508597403407049e-23	1.994981195345027318e-03	5.018804410185969291e-06	6.649230444151691456e-24	4.445173243689997383e-17	8.278712602193132380e-14	5.958112818890290019e-14	7.028396758879234983e-24	5.723118277487836485e-28	1.588000018759578441e-02	6.787498138363186329e-02	2.125018616397469744e-03	2.362378059492856826e-11	2.119999788304701479e-03
9.950000000000000000e+01	2.392303968405872010e-14	2.335002288001651007e-16	1.096508597384848491e-23	1.994981195344385470e-03	5.018804410066957774e-06	6.649230443994017991e-24	4.445173243584292486e-17	8.278712602005536208e-14	5.958112818747978250e-14	7.028396758711447858e-24	5.723118277250482982e-28	1.588000018754745502e-02	6.787498138358370736e-02	2.125018616445669035e-03	2.364728058520294824e-11	2.119999788329521035e-03
9.960000000000000853e+01	2.392303968355868011e-14	2.335002287945737532e-16	1.096508597366161070e-23	1.994981195343743623e-03	5.018804409947947104e-06	6.649230443836345995e-24	4.445173243477851115e-17	8.278712601817522256e-14	5.958112818605624829e-14	7.028396758543604897e-24	5.723118277011235371e-28	1.588000018749912562e-02	6.787498138353555144e-02	2.125018616493868327e-03	2.367078057547677568e-11	2.119999788354340591e-03
9.970000000000000284e+01	2.392303968306647508e-14	2.335002287890590239e-16	1.096508597347727996e-23	1.994981195343101775e-03	5.018804409828935586e-06	6.649230443678671060e-24	4.445173243372866054e-17	8.278712601629308879e-14	5.958112818463148976e-14	7.028396758375625285e-24	5.723118276775735618e-28	1.588000018745079622e-02	6.787498138348739551e-02	2.125018616542067619e-03	2.369428056575004090e-11	2.119999788379160147e-03
9.980000000000001137e+01	2.392303968257837212e-14	2.335002287835842306e-16	1.096508597329427900e-23	1.994981195342459927e-03	5.018804409709924916e-06	6.649230443521000533e-24	4.445173243268642121e-17	8.278712601441987861e-14	5.958112818320722348e-14	7.028396758207702978e-24	5.723118276542196337e-28	1.588000018740246683e-02	6.787498138343923959e-02	2.125018616590266911e-03	2.371778055602275036e-11	2.119999788403979703e-03
9.990000000000000568e+01	2.392303968208378474e-14	2.335002287780461312e-16	1.096508597310917390e-23	1.994981195341818080e-03	5.018804409590913399e-06	6.649230443363327068e-24	4.445173243163212710e-17	8.278712601254660533e-14	5.958112818178429512e-14	7.028396758039937894e-24	5.723118276305554020e-28	1.588000018735413743e-02	6.787498138339108367e-02	2.125018616638466203e-03	2.374128054629490082e-11	2.119999788428799260e-03
