structure,qh-G(T)_SPC
00-lpdoh2,-1240.604742
01-rxt,-1801.749425
03-c1,-1801.755197
05-c2,-1801.798763
09-c3,-1625.887343
11-c4,-1625.866141
13-t1,-1801.753305
15-t2,-1801.760649
19-t3,-1625.85638
21-t4,-1625.86269
42-p1,-2510.790047
100-l2pd2oh4,-2481.209484
naphboh2,-561.150376
h2o,-76.368394
boh3,-252.272407
naph-c,-385.286152
naph-t,-385.286152
pre-catalyst-dimer,-558.713776
pre-catalyst-monomer,-279.356888
ligand,-961.247854
