0.000000000000000000e+00	0.000000000000000000e+00	0.000000000000000000e+00	0.000000000000000000e+00	0.000000000000000000e+00	0.000000000000000000e+00	0.000000000000000000e+00	0.000000000000000000e+00	0.000000000000000000e+00	0.000000000000000000e+00	0.000000000000000000e+00	0.000000000000000000e+00	1.000000000000000021e-03	2.000000000000000042e-02	7.000000000000000666e-02	0.000000000000000000e+00	0.000000000000000000e+00	0.000000000000000000e+00
1.000000000000000000e+02	3.927449206308753288e-08	1.005052656900462137e-10	1.691544845386643396e-15	1.001616980414611570e-03	1.480259672264264334e-10	5.421114517515103496e-27	9.868435119518899471e-11	2.995944324303028917e-10	9.983197021584413154e-04	1.463654561451481074e-17	2.339608428654750406e-08	1.542485726792383805e-15	1.794766930244002731e-02	6.894931017772507054e-02	1.050689822274901214e-03	1.913451209263524331e-14	5.236997207134430962e-05
2.000000000000000000e+02	3.839783439865619309e-08	9.798241330977299778e-11	1.649084205039534947e-15	1.028099013866924953e-03	1.484163705050188908e-10	5.435412150293282793e-27	9.636715741287774773e-11	2.928814231471818248e-10	9.718391438111196462e-04	1.424833478942107992e-17	2.280880294834861846e-08	1.474393686431858874e-15	1.789662838984932766e-02	6.892475069975238788e-02	1.075249300247581264e-03	3.831952647075909198e-14	1.034100079817582268e-04
3.000000000000000000e+02	3.753516021219653301e-08	9.551515257782497776e-11	1.607559194935480232e-15	1.053915257335596729e-03	1.487874446612695416e-10	5.449001897898252355e-27	9.409176461681510759e-11	2.862696040376478216e-10	9.460243483402148079e-04	1.386988303152742800e-17	2.223446249320539217e-08	1.408888252234445775e-15	1.784694229695245674e-02	6.890088026462910797e-02	1.099119735370863342e-03	5.755380353762734453e-14	1.530952381856377277e-04
4.000000000000000000e+02	3.668654328110338107e-08	9.310269513967074399e-11	1.566956546744364492e-15	1.079080440667269008e-03	1.491407271165289923e-10	5.461940064891927304e-27	9.185817519648441770e-11	2.797605441397891057e-10	9.208605860132624546e-04	1.350097447453017137e-17	2.167287940427487885e-08	1.345902458071973845e-15	1.779857690918280194e-02	6.887767948745290858e-02	1.122320512547060351e-03	7.683494309649376802e-14	2.014597773162235918e-04
5.000000000000000000e+02	3.585203746336197970e-08	9.074423656144062469e-11	1.527262721514211797e-15	1.103609081140901043e-03	1.494775736638805532e-10	5.474276304113858174e-27	8.966633400539415056e-11	2.733555538466458640e-10	8.963333396760621513e-04	1.314139636559347011e-17	2.112386642169077490e-08	1.285368590227026947e-15	1.775149886966084431e-02	6.885512952843622636e-02	1.144870471563729777e-03	9.616073184687824683e-14	2.485369823139213876e-04
6.000000000000000000e+02	3.503167779765253304e-08	8.843895871675298294e-11	1.488463949842454824e-15	1.127515479507535182e-03	1.497991858953739545e-10	5.486054621141328035e-27	8.751613272382850684e-11	2.670557022124090408e-10	8.724283087328049083e-04	1.279093912374219578e-17	2.058723309818005460e-08	1.227218449259411006e-15	1.770567556810741586e-02	6.883321207786069484e-02	1.166787922139248500e-03	1.155291217264457396e-13	2.943594634917166375e-04
7.000000000000000000e+02	3.422548148589014837e-08	8.618603179403059162e-11	1.450546265659890978e-15	1.150813716608279757e-03	1.501066337678016339e-10	5.497314200709587511e-27	8.540741378586650009e-11	2.608618328088324433e-10	8.491314125264442505e-04	1.244939638946863751e-17	2.006278626633533603e-08	1.171383582852437869e-15	1.766107512953366682e-02	6.881190934138528559e-02	1.188090658614662093e-03	1.349382114595775687e-13	3.389590958466345079e-04
8.000000000000000000e+02	3.343344893996996756e-08	8.398461641521052627e-11	1.413495541889439021e-15	1.173517650517828630e-03	1.504008742685073175e-10	5.508090090304666057e-27	8.333997431356348207e-11	2.547745793978881723e-10	8.264287931671805178e-04	1.211656506625280134e-17	1.955033053181813836e-08	1.117795507911217373e-15	1.761766640279662996e-02	6.879120402574571969e-02	1.208795974254230814e-03	1.543862307648651915e-13	3.823670305317783793e-04
9.000000000000000000e+02	3.265556467567654557e-08	8.183386531081273236e-11	1.377297518638231198e-15	1.195640914224304100e-03	1.506827669488560347e-10	5.518413769041404297e-27	8.131356955714958272e-11	2.487943799872251223e-10	8.043068178887203667e-04	1.179224535516398654e-17	1.904966866328907967e-08	1.066385904263587800e-15	1.757541894895587112e-02	6.877107932479226138e-02	1.228920675207705385e-03	1.738715267686226579e-13	4.246137064623353632e-04
1.000000000000000000e+03	3.189179818992589023e-08	7.973292490851222881e-11	1.341937829933935133e-15	1.217196913742774186e-03	1.509530869232611213e-10	5.528313623723246347e-27	7.932791616892781790e-11	2.429214902171297865e-10	7.827520808909880839e-04	1.147624078193712964e-17	1.856060196220317843e-08	1.017086791796719569e-15	1.753430302960358109e-02	6.875151890593211856e-02	1.248481094067828250e-03	1.933925522592360683e-13	4.657288620303498767e-04
1.100000000000000000e+03	3.114210501068236818e-08	7.768093731602515585e-11	1.307402037097535524e-15	1.238198826713829805e-03	1.512125358039862712e-10	5.537815349304513184e-27	7.738269575423477923e-11	2.371559973671705018e-10	7.617514047858395775e-04	1.116835821823310347e-17	1.808293072439525689e-08	9.698307044516721475e-16	1.749428959501857575e-02	6.873250689688420456e-02	1.267493103115731410e-03	2.129478554859337789e-13	5.057415469043982691e-04
1.200000000000000000e+03	3.040642739382922107e-08	7.567704138465765637e-11	1.273675646643303975e-15	1.258659601379790013e-03	1.514617509455511422e-10	5.546942287445743859e-27	7.547755750193187660e-11	2.314978315325589862e-10	7.412918415926229984e-04	1.086840789630046749e-17	1.761645448765786440e-08	9.245508268702376019e-16	1.745535027233222763e-02	6.871402787282034075e-02	1.285972127179586116e-03	2.325360712599026511e-13	5.446801338926661289e-04
1.300000000000000000e+03	2.968469531959698862e-08	7.372037449057410709e-11	1.240744140258271055e-15	1.278591955956739261e-03	1.517013132965891553e-10	5.555715714070124621e-27	7.361212139296468184e-11	2.259467783007970375e-10	7.213606733607816216e-04	1.057620341817388019e-17	1.716097244639315762e-08	8.811811362463664528e-16	1.741745735362797837e-02	6.869606684383797179e-02	1.303933156161969599e-03	2.521559131589501010e-13	5.825723308477089891e-04
1.400000000000000000e+03	2.897682718989776214e-08	7.181007355088923937e-11	1.208592991903470124e-15	1.298008378372413497e-03	1.519317540986411623e-10	5.564155084691594284e-27	7.178598063540922850e-11	2.205024890353052027e-10	7.019454124513766977e-04	1.029156175987158021e-17	1.671628368814355875e-08	8.396565142923729901e-16	1.738058378400731199e-02	6.867860924276353307e-02	1.321390757236431523e-03	2.718061666727551971e-13	6.194451925814855242e-04
1.500000000000000000e+03	2.828273067239308303e-08	6.994527637699423486e-11	1.177207690590978376e-15	1.316921126283041510e-03	1.521535606312759378e-10	5.572278244816799068e-27	6.999870433688185968e-11	2.151644916910719698e-10	6.830338014962824200e-04	1.001430327087087399e-17	1.628218750862537458e-08	7.999128541897570143e-16	1.734470314978317149e-02	6.866164091336375563e-02	1.338359086636190312e-03	2.914856831600952731e-13	6.553251326948529402e-04
1.600000000000000000e+03	2.760230343705604572e-08	6.812512275854255146e-11	1.146573758627832983e-15	1.335342227665078192e-03	1.523671811272941080e-10	5.580101609953281390e-27	6.824983985863676709e-11	2.099322005557781259e-10	6.646138128371451275e-04	9.744251665955611082e-18	1.585848366406395137e-08	7.618871537987138971e-16	1.730978966598013466e-02	6.864514809843748344e-02	1.354851901562429328e-03	3.111933744331297429e-13	6.902379360469010263e-04
1.700000000000000000e+03	2.693543367597384785e-08	6.634875500488679651e-11	1.116676760728649938e-15	1.353283481077337952e-03	1.525730290774923025e-10	5.587640323261658780e-27	6.653891461462583024e-11	2.048049242605211854e-10	6.466736482217657137e-04	9.481234020836653422e-18	1.544497249723207483e-08	7.255175873465771485e-16	1.727581816551100602e-02	6.862911742925484337e-02	1.370882570745075683e-03	3.309282080838140392e-13	7.242087696193442222e-04
1.800000000000000000e+03	2.628200132388554042e-08	6.461532016216637304e-11	1.087502341330099944e-15	1.370756456994286047e-03	1.527714868817435116e-10	5.594908389268165124e-27	6.486543932773769756e-11	1.997818778368900828e-10	6.292017374803614152e-04	9.225080752827268324e-18	1.504145545355369621e-08	6.907435938969688319e-16	1.724276408623574494e-02	6.861353591394959983e-02	1.386464086050307300e-03	3.506892031328787515e-13	7.572621954477615734e-04
1.900000000000000000e+03	2.564187823788325720e-08	6.292396973187491532e-11	1.059036219854299795e-15	1.387772498748380059e-03	1.529629090950779490e-10	5.601918792744963600e-27	6.322890895458063182e-11	1.948621879399274905e-10	6.121867376288893077e-04	8.975625607764090487e-18	1.464773501559099443e-08	6.575059208564420805e-16	1.721060345978762257e-02	6.859839092728761689e-02	1.401609072712308888e-03	3.704754262777836536e-13	7.894221817500275901e-04
2.000000000000000000e+03	2.501492826447058228e-08	6.127385896322862636e-11	1.031264178799199435e-15	1.404342723912920757e-03	1.531476252504638026e-10	5.608683602088066093e-27	6.162880316644662562e-11	1.900448966695553557e-10	5.956175314198106086e-04	8.732705638839286055e-18	1.426361453832014350e-08	6.257466116846021887e-16	1.717931289985628190e-02	6.858367020033281913e-02	1.416329799667122476e-03	3.902859884688134841e-13	8.207121147093924011e-04
2.100000000000000000e+03	2.440101140231533636e-08	5.966415679991240879e-11	1.004172231145747592e-15	1.420478026072217060e-03	1.533259421772541024e-10	5.615214054225250983e-27	6.006459643200959021e-11	1.853289928366824179e-10	5.794832256019473828e-04	8.496161181155224747e-18	1.388890056457260800e-08	5.954093637230150029e-16	1.714886959011118275e-02	6.856936181014325338e-02	1.430638189856673920e-03	4.101200417984944845e-13	8.511548105186566562e-04
2.200000000000000000e+03	2.379997736503146315e-08	5.809402832542616729e-11	9.777463249072031690e-16	1.436189076483397782e-03	1.534981464387025685e-10	5.621520643884389134e-27	5.853574312576725821e-11	1.807133714296239645e-10	5.637731492695682205e-04	8.265835827612937039e-18	1.352339873859867211e-08	5.664389226278646764e-16	1.711925127298753388e-02	6.855545417021435828e-02	1.444545829785589403e-03	4.299767767501209194e-13	8.807725265878909573e-04
2.300000000000000000e+03	2.321167308952410464e-08	5.656265353776851738e-11	9.519726591134052236e-16	1.451486326069704319e-03	1.536645059459443084e-10	5.627613182701976998e-27	5.704169549594418867e-11	1.761968872661571389e-10	5.484768518425664268e-04	8.041576399344971112e-18	1.316691817650786888e-08	5.387817676293418586e-16	1.709043623813236157e-02	6.854193602092287230e-02	1.458063979077036136e-03	4.498554196656709592e-13	9.095869731201009813e-04
2.400000000000000000e+03	2.263593989766882375e-08	5.506921899052929101e-11	9.268375431276255636e-16	1.466380007567478962e-03	1.538252717940590252e-10	5.633500866464679387e-27	5.558189701239278113e-11	1.717783379053489639e-10	5.335841009399700657e-04	7.823232914635478050e-18	1.281926952045272759e-08	5.123857750475690038e-16	1.706240331100027444e-02	6.852879642026805940e-02	1.471203579731854673e-03	4.697552304599897897e-13	9.376193244968503929e-04
2.500000000000000000e+03	2.207261456435078679e-08	5.361291987933599923e-11	9.023274317621733467e-16	1.480880137799685898e-03	1.539806797096245784e-10	5.639192328122729222e-27	5.415578511603904844e-11	1.674564734087923313e-10	5.190848800855855233e-04	7.610658555341697209e-18	1.248026542431956510e-08	4.872003136879743827e-16	1.703513184158922389e-02	6.851602473488091483e-02	1.483975265119006834e-03	4.896755005346718138e-13	9.648902305630591364e-04
2.600000000000000000e+03	2.152152985412028483e-08	5.219296061496085963e-11	8.784289349240222936e-16	1.494996519975394511e-03	1.541309513835795747e-10	5.644695686602972587e-27	5.276279256334839959e-11	1.632300019945482361e-10	5.049693864285667404e-04	7.403709633547741105e-18	1.214972068713905200e-08	4.631762471290402792e-16	1.700860169355530513e-02	6.850361063143854679e-02	1.496389368561372923e-03	5.096155508922855019e-13	9.914198274922323990e-04
2.700000000000000000e+03	2.098251501103498073e-08	5.080855531722522186e-11	8.551288259274252778e-16	1.508738746333481264e-03	1.542762956410628515e-10	5.650018589651584135e-27	5.140234865065877364e-11	1.590975952413034090e-10	4.912280280863138941e-04	7.202245552677547639e-18	1.182745236805955975e-08	4.402659361664910318e-16	1.698279323289998005e-02	6.849154406799577710e-02	1.508455932004175567e-03	5.295747303776635646e-13	1.017227749111984788e-03
2.800000000000000000e+03	2.045539611987936934e-08	4.945892800412720921e-11	8.324140446770106769e-16	1.522116200709152430e-03	1.544169094975402083e-10	5.655168252512307497e-27	5.007388012266065362e-11	1.550578923001796084e-10	4.778514215773044813e-04	7.006128769924114529e-18	1.151327983037320698e-08	4.184232305518052581e-16	1.695768731723323181e-02	6.847981528581437161e-02	1.520184714185558511e-03	5.495524140899466505e-13	1.042333137641785878e-03
2.900000000000000000e+03	1.993999661992935262e-08	4.814331316862130513e-11	8.102717073752171325e-16	1.535138061254225994e-03	1.545529791007944839e-10	5.660151492424703351e-27	4.877681239550331716e-11	1.511095049290257587e-10	4.648303891102701616e-04	6.815224756572868027e-18	1.120702487578126541e-08	3.976034651853971624e-16	1.693326528503012393e-02	6.846841480134029101e-02	1.531585198659648431e-03	5.695480019157534169e-13	1.066754654426845450e-03
3.000000000000000000e+03	1.943613754290567834e-08	4.686095570397238568e-11	7.886891052659759578e-16	1.547813303229835869e-03	1.546846805766859887e-10	5.664974759598195257e-27	4.751057014750513327e-11	1.472510206213173328e-10	4.521559557844308588e-04	6.629401957015976276e-18	1.090851172701777200e-08	3.777634425207345388e-16	1.690950894505159965e-02	6.845733339841710008e-02	1.542666601582822882e-03	5.895609171782464606e-13	1.090510490524144570e-03
3.100000000000000000e+03	1.894363805106914619e-08	4.561111156261139110e-11	7.676537157235164815e-16	1.560150701868685515e-03	1.548121807900486538e-10	5.669644165078172004e-27	4.627457854566973583e-11	1.434810074955391136e-10	4.398193467143113799e-04	6.448531746664259592e-18	1.061756718122097734e-08	3.588614226156229168e-16	1.688640056591886665e-02	6.844656212072276757e-02	1.553437879277150832e-03	6.095906053900616187e-13	1.113618377141061900e-03
3.200000000000000000e+03	1.846231569734015428e-08	4.439304776256096829e-11	7.471532023605166099e-16	1.572158835321705401e-03	1.549356380305556762e-10	5.674165505864246343e-27	4.506826384244258415e-11	1.397980172944904736e-10	4.278119841136159571e-04	6.272488389253322601e-18	1.033402061142915456e-08	3.408571008973188376e-16	1.686392286579391220e-02	6.843609226439692494e-02	1.563907735602997149e-03	6.296365330997649217e-13	1.136095595924100591e-03
3.300000000000000000e+03	1.799198671529188347e-08	4.320604248461908559e-11	7.271754166637409314e-16	1.583846087601214992e-03	1.550552026334544364e-10	5.678544287643265372e-27	4.389105402327459168e-11	1.362005884618147896e-10	4.161254843189777087e-04	6.101148993266916356e-18	1.005770398920345806e-08	3.237115859671397710e-16	1.684205900233808062e-02	6.842591537094230847e-02	1.574084629057628587e-03	6.496981868254148357e-13	1.157958989033744390e-03
3.400000000000000000e+03	1.753246642386468101e-08	4.204938545695217377e-11	7.077084044669027959e-16	1.595220651729563821e-03	1.551710175383940291e-10	5.682785745255099093e-27	4.274237968684025409e-11	1.326872498251317552e-10	4.047516546643214119e-04	5.934393466170738425e-18	9.788451974155318989e-09	3.073873790430227580e-16	1.682079256247335369e-02	6.841602322013519422e-02	1.583976779864729829e-03	6.697750720515476080e-13	1.179224969359610143e-03
3.500000000000000000e+03	1.708356948904872366e-08	4.092237801756184777e-11	6.887404070020019232e-16	1.606290532640005687e-03	1.552832188015565626e-10	5.686894861448279841e-27	4.162167460154071247e-11	1.292565232815550042e-10	3.936824905656431911e-04	5.772104471727140809e-18	9.526101928487706352e-09	2.918483474642761884e-16	1.680010755293985178e-02	6.840640782348361704e-02	1.593592176516314815e-03	6.898667123211901364e-13	1.199909529977579922e-03
3.600000000000000000e+03	1.664510981245482184e-08	3.982433231966399715e-11	6.702598475255929127e-16	1.617063550376589536e-03	1.553919360569026321e-10	5.690876383772127313e-27	4.052837545585834394e-11	1.259069241048780388e-10	3.829101723289435192e-04	5.614167383241759205e-18	9.270493732020636155e-09	2.770596919261400932e-16	1.677998839041596954e-02	6.839706141754715862e-02	1.602938582452775613e-03	7.099726483665148546e-13	1.220028254021917171e-03
3.700000000000000000e+03	1.621690246143262709e-08	3.875457526535711691e-11	6.522553975237223419e-16	1.627547343264204409e-03	1.554972929485068830e-10	5.694734840409797947e-27	3.946192588775177078e-11	1.226369735249015520e-10	3.724270619721210015e-04	5.460470237061429135e-18	9.021470697883507533e-09	2.629879274859888326e-16	1.676041989192082748e-02	6.838797645751039378e-02	1.612023542489516605e-03	7.300924373009945674e-13	1.239596324290004716e-03
3.800000000000000000e+03	1.579876070429854617e-08	3.771244120517786497e-11	6.347158538430900680e-16	1.637749370972428967e-03	1.555994074891816487e-10	5.698474553312566732e-27	3.842177025498995484e-11	1.194451816810415429e-10	3.622257001677014142e-04	5.310903687722705699e-18	8.778877873094391690e-09	2.496008397844597318e-16	1.674138726565864085e-02	6.837914561108950073e-02	1.620854388910419192e-03	7.502256518757986850e-13	1.258628532393079409e-03
3.900000000000000000e+03	1.539049936375590807e-08	3.669727916816600548e-11	6.176302603753619020e-16	1.647676917719383821e-03	1.556983924430039878e-10	5.702099652208507063e-27	3.740736062082605371e-11	1.163300686238461773e-10	3.522988030405228800e-04	5.165360961127326639e-18	8.542563721597310935e-09	2.368674706611836230e-16	1.672287610173847638e-02	6.837056175245742606e-02	1.629438247542507089e-03	7.703718797724231385e-13	1.277139288033216037e-03
4.000000000000000000e+03	1.499193350484942888e-08	3.570844935579494647e-11	6.009878490489136186e-16	1.657337095343925726e-03	1.557943556339716418e-10	5.705614085906562140e-27	3.641815393801007289e-11	1.132901570150542839e-10	3.426392590861810001e-04	5.023737809375424239e-18	8.312379308108628596e-09	2.247580702737959006e-16	1.670487236336433423e-02	6.836221795650537780e-02	1.637782043494578985e-03	7.905307229501961363e-13	1.295142627823508670e-03
4.100000000000000000e+03	1.460287896487616876e-08	3.474532393588829217e-11	5.847780531907011324e-16	1.666736846587875366e-03	1.558874002433534754e-10	5.709021633186279007e-27	3.545361312497930293e-11	1.103239759938591609e-10	3.332401259040527011e-04	4.885932462919220157e-18	8.088178482927476904e-09	2.132440740655249079e-16	1.668736237773692579e-02	6.835410749302713029e-02	1.645892506972784644e-03	8.107017970174796352e-13	1.312652224370626985e-03
4.200000000000000000e+03	1.422315241180003417e-08	3.380728672686546107e-11	5.689905022119877814e-16	1.675882948198681747e-03	1.559776250836086565e-10	5.712325912829476905e-27	3.451320711244070478e-11	1.074300620355765029e-10	3.240946270652846030e-04	4.751845584686311804e-18	7.869817808432995652e-09	2.022980644584001815e-16	1.667033282750179229e-02	6.834622382126973039e-02	1.653776178730186931e-03	8.308847306525967670e-13	1.329681394856389648e-03
4.300000000000000000e+03	1.385257168639207241e-08	3.289373357737465124e-11	5.536150279977199739e-16	1.684782014074855117e-03	1.560651248500122063e-10	5.715530392835466507e-27	3.359641150694765019e-11	1.046069615511795855e-10	3.151961489950434714e-04	4.621380224415002848e-18	7.657156647457059670e-09	1.918937423480433901e-16	1.665377074225492943e-02	6.833856058458445681e-02	1.661439415415493252e-03	8.510791650566986136e-13	1.346243109504243352e-03
4.400000000000000000e+03	1.349095577406388653e-08	3.200407187900900035e-11	5.386416567053432445e-16	1.693440498534937123e-03	1.561499903502726604e-10	5.718638398830265588e-27	3.270270844154870095e-11	1.018532310957993410e-10	3.065382377044273475e-04	4.494441770777964322e-18	7.450057049852079951e-09	1.820058876008603772e-16	1.663766348992663791e-02	6.833111160507958359e-02	1.668888394920367124e-03	8.712847534267053604e-13	1.362350000194662448e-03
4.500000000000000000e+03	1.313812509976040888e-08	3.113772086993384714e-11	5.240606138749720031e-16	1.701864699237259871e-03	1.562323087219059572e-10	5.721653122027427886e-27	3.183158713549880820e-11	9.916743959415130350e-11	2.981145958468649974e-04	4.370937908266709053e-18	7.248383823170770441e-09	1.726103311413248680e-16	1.662199876903538986e-02	6.832387087879418508e-02	1.676129121205794043e-03	8.915011604811686309e-13	1.378014368235115899e-03
4.600000000000000000e+03	1.279390159558398249e-08	3.029411140200455069e-11	5.098623205098865987e-16	1.710060760476987164e-03	1.563121636285317820e-10	5.724577626416950134e-27	3.098254394473978000e-11	9.654816905523752025e-11	2.899190794426089314e-04	4.250778569205688158e-18	7.052004478454748188e-09	1.636839180516327940e-16	1.660676460027015258e-02	6.831683257057741265e-02	1.683167429422577962e-03	9.117280619855088919e-13	1.393248192756074266e-03
4.700000000000000000e+03	1.245810880543254976e-08	2.947268582142174401e-11	4.960373910679133967e-16	1.718034676185245394e-03	1.563896354444659002e-10	5.727414855525549112e-27	3.015508250164142745e-11	9.399401551336370825e-11	2.819456948655815493e-04	4.133875889611134588e-18	6.860789202452906496e-09	1.552044750120346603e-16	1.659194931881663448e-02	6.830999100941381741e-02	1.690008990586181229e-03	9.319651443206226896e-13	1.408063138398996019e-03
4.800000000000000000e+03	1.213057204334867673e-08	2.867289798478491291e-11	4.825766337316128937e-16	1.725792293024655403e-03	1.564648014255664025e-10	5.730167638673507992e-27	2.934871396427151828e-11	9.150359025457798951e-11	2.741885957609985561e-04	4.020144164035221237e-18	6.674610861358444885e-09	1.471507781355327158e-16	1.657754156659110856e-02	6.830334068375272516e-02	1.696659316247263721e-03	9.522121040669183396e-13	1.422470563069249327e-03
4.900000000000000000e+03	1.181111843577724600e-08	2.789421301560131688e-11	4.694710463102240310e-16	1.733339313458087802e-03	1.565377358675558420e-10	5.732838696772879702e-27	2.856295701355656651e-11	8.907552028322650249e-11	2.666420799688709749e-04	3.909499800492928498e-18	6.493344944127880154e-09	1.395025187130066774e-16	1.656353028463409399e-02	6.829687623697067167e-02	1.703123763029311573e-03	9.724686476090116429e-13	1.436481525550234494e-03
5.000000000000000000e+03	1.149957708380657923e-08	2.713610735978220850e-11	4.567118171736899034e-16	1.740681298655707802e-03	1.566085102554979145e-10	5.735430647801719786e-27	2.779733811275087129e-11	8.670844952197052804e-11	2.593005866077143493e-04	3.801861277738560985e-18	6.316869575399710829e-09	1.322402731374335871e-16	1.654990470593615398e-02	6.829059246310413556e-02	1.709407536895838579e-03	9.927344907692551886e-13	1.450106792686877994e-03
5.100000000000000000e+03	1.119577909752166980e-08	2.639806854935845559e-11	4.442903212758933817e-16	1.747823671599707616e-03	1.566771934001857124e-10	5.737946011798994640e-27	2.705139148506274177e-11	8.440103916551007705e-11	2.521586929875338327e-04	3.697149100035937605e-18	6.145065460491044809e-09	1.253454696050245014e-16	1.653665434794709954e-02	6.828448430246357448e-02	1.715515697536407463e-03	1.013009358445291679e-12	1.463356846858669420e-03
5.200000000000000000e+03	1.089955768311504799e-08	2.567959510647286697e-11	4.321981185388082742e-16	1.754771719986868758e-03	1.567438515677277359e-10	5.740387215610383824e-27	2.632465920962633435e-11	8.215196835460383125e-11	2.452111116984007533e-04	3.595285754502507654e-18	5.977815863048474581e-09	1.188003576731255959e-16	1.652376900558947745e-02	6.827854683754926157e-02	1.721453162450757883e-03	1.033292984275328511e-12	1.476241892975210801e-03
5.300000000000000000e+03	1.061074821126229465e-08	2.498019641389320689e-11	4.204269516731825757e-16	1.761530599147632199e-03	1.568085486000462138e-10	5.742756597301251155e-27	2.561669127528382463e-11	7.995993470324569400e-11	2.384526876922301469e-04	3.496195668352474226e-18	5.815006574905507339e-09	1.125879776072475537e-16	1.651123874431868754e-02	6.827277528903054338e-02	1.727224710969488437e-03	1.053585110316485685e-12	1.488771865415122438e-03
5.400000000000000000e+03	1.032918828498893159e-08	2.429939259668885842e-11	4.089687441871051619e-16	1.768105334924308190e-03	1.568713460278082210e-10	5.745056410292487129e-27	2.492704563409275824e-11	7.782365480242107914e-11	2.318783954002475150e-04	3.399805166662038387e-18	5.656525888538695492e-09	1.066921306073304279e-16	1.649905389334384298e-02	6.826716501184493247e-02	1.732834988155066173e-03	1.073885486738419497e-12	1.500956434809585377e-03
5.500000000000000000e+03	1.005471777594757045e-08	2.363671434236757243e-11	3.978155973588361291e-16	1.774500826517253112e-03	1.569323031762627658e-10	5.747288827236558768e-27	2.425528818863183016e-11	7.574186451126801133e-11	2.254833358931341170e-04	3.306042430758564145e-18	5.502264555198235598e-09	1.010973495529540804e-16	1.648720503898620446e-02	6.826171149140267125e-02	1.738288508597373577e-03	1.094193871531086452e-12	1.512805014677740889e-03
5.600000000000000000e+03	9.787178874680760148e-09	2.299170276365187147e-11	3.869597879272755830e-16	1.780721849290176247e-03	1.569914772646323826e-10	5.749455943657498473e-27	2.360099280901074901e-11	7.371331931393059714e-11	2.192627340769194653e-04	3.214837457133254323e-18	5.352115752964421973e-09	9.578887035719644549e-17	1.647568301818863254e-02	6.825641033990134665e-02	1.743589660098719641e-03	1.114510030225786906e-12	1.524326767915811344e-03
5.700000000000000000e+03	9.526416155609202603e-09	2.236390930779517134e-11	3.763937665657176165e-16	1.786773057530585728e-03	1.570489234995760364e-10	5.751559781373772247e-27	2.296374138348947705e-11	7.173679475415650062e-11	2.132119359229054083e-04	3.126122016851969748e-18	5.205975065637823756e-09	9.075260477176272721e-17	1.646447891218066548e-02	6.825125729275154096e-02	1.748742707248538558e-03	1.134833735628688504e-12	1.535530613141874740e-03
5.800000000000000000e+03	9.272276580382439742e-09	2.175289553208248780e-11	3.661101541034348985e-16	1.792658987179906538e-03	1.571046951630730306e-10	5.753602291716818237e-27	2.234312373838960807e-11	6.981108647444693640e-11	2.073264057485400727e-04	3.039829615710810180e-18	5.063740430479301723e-09	8.597511298176816342e-17	1.645358404026518381e-02	6.824624820509338219e-02	1.753751794906713594e-03	1.155164767566072932e-12	1.546425230898312549e-03
5.900000000000000000e+03	9.024609522939363823e-09	2.115823293920241453e-11	3.561017387549217926e-16	1.798384058514914579e-03	1.571588436952606991e-10	5.755585358564803652e-27	2.173873760486117784e-11	6.793501037344597921e-11	2.016017235317807226e-04	2.955895454882323187e-18	4.925312099887120939e-09	8.144357703968397811e-17	1.644298995375993722e-02	6.824137904841967583e-02	1.758620951580444668e-03	1.175502912640637319e-12	1.557019069714315898e-03
6.000000000000000000e+03	8.783266827568420026e-09	2.057950290107569887e-11	3.463614748378974679e-16	1.803952578785558486e-03	1.572114187725926862e-10	5.757510801204982923e-27	2.115018865908008114e-11	6.610740295926894014e-11	1.960335822656539577e-04	2.874256392150699768e-18	4.790592623665420293e-09	7.714577615501951015e-17	1.643268843008101332e-02	6.823664590729699997e-02	1.763354092703115113e-03	1.195847963998198203e-12	1.567320352030193492e-03
6.100000000000000000e+03	8.548102796361827585e-09	2.001629642616203306e-11	3.368824788569842912e-16	1.809368744820050254e-03	1.572624683815527591e-10	5.759380377033303275e-27	2.057709041226836374e-11	6.432712125397319058e-11	1.906177853653058779e-04	2.794850903914301296e-18	4.659486794856793009e-09	7.307006141831115164e-17	1.642267146694203345e-02	6.823204497617005315e-02	1.767955023830043498e-03	1.216199721104233215e-12	1.577337079986068820e-03
6.200000000000000000e+03	8.318974212005674556e-09	1.946821401855896813e-11	3.276580271322844635e-16	1.814636645579746676e-03	1.573120388883792837e-10	5.761195784107907917e-27	2.001906417803549689e-11	6.259304290697907397e-11	1.853502441104080273e-04	2.717619047706446882e-18	4.531901616942683602e-09	6.920533194173562032e-17	1.641293127670171922e-02	6.822757255626404893e-02	1.772427443736028637e-03	1.236557989529692392e-12	1.587077041077023399e-03
6.300000000000000000e+03	8.095740353252984655e-09	1.893486552921873050e-11	3.186815532952984046e-16	1.819760264667865009e-03	1.573601751050586239e-10	5.762958663565985145e-27	1.947573902613986318e-11	6.090406625554394305e-11	1.802269751278826753e-04	2.642502425306328796e-18	4.407746269208941883e-09	6.554101186391235415e-17	1.640346028084884236e-02	6.822322505257824576e-02	1.776774947421811421e-03	1.256922580745597880e-12	1.596547813676830801e-03
6.400000000000000000e+03	7.878262992240513741e-09	1.841586997277026433e-11	3.099466452059638911e-16	1.824743482804893702e-03	1.574069203517332569e-10	5.764670601909334293e-27	1.894675169901796091e-11	5.925911026523210372e-11	1.752440979289498254e-04	2.569444146645252208e-18	4.286932064104801358e-09	6.206702777262819258e-17	1.639425110459499443e-02	6.821899897095426435e-02	1.781001029045783729e-03	1.277293311925943316e-12	1.605756772432619887e-03
6.500000000000000000e+03	7.666406393665822572e-09	1.791085535691537575e-11	3.014470420813242403e-16	1.829590080249292317e-03	1.574523165159529787e-10	5.766333133174300044e-27	1.843174653410312639e-11	5.765711447476540406e-11	1.703978324783186492e-04	2.498388794183450103e-18	4.169372407528921407e-09	5.877378699868743654e-17	1.638529657161694186e-02	6.821489091523894044e-02	1.785109084761101784e-03	1.297670005758468183e-12	1.614711093532796319e-03
6.600000000000000000e+03	7.460037334660295984e-09	1.741945856795672325e-11	2.931766325689159518e-16	1.834303739180760239e-03	1.574964041088438540e-10	5.767947740988833724e-27	1.793037543235474633e-11	5.609703906325893670e-11	1.656844968140424961e-04	2.429282388029388874e-18	4.054982772182059158e-09	5.565215702858934050e-17	1.637658969891029465e-02	6.821089758452128504e-02	1.789102415478774312e-03	1.318052490262902643e-12	1.623417759850274977e-03
6.700000000000000000e+03	7.259025085905774176e-09	1.694132517351610756e-11	2.851294514264380212e-16	1.838888046039782341e-03	1.575392223184299328e-10	5.769515860525284738e-27	1.744229774599609366e-11	5.457786467324069965e-11	1.611005047115201215e-04	2.362072351704817808e-18	3.943680651642910123e-09	5.269344519374986045e-17	1.636812369176489021e-02	6.820701577044736841e-02	1.792984229552684874e-03	1.338440598616286014e-12	1.631883565963502180e-03
6.800000000000000000e+03	7.063241368894132111e-09	1.647610917629489439e-11	2.772996753774383876e-16	1.843346493820535508e-03	1.575808090603376384e-10	5.771038880357324336e-27	1.696718011679260458e-11	5.309859208068689763e-11	1.566423633882633234e-04	2.296707478506384618e-18	3.835385503047315737e-09	4.988937862924722744e-17	1.635989193886603493e-02	6.820324235461451556e-02	1.796757645385544224e-03	1.358834168985026488e-12	1.640115123057638230e-03
6.900000000000000000e+03	6.872560424046402849e-09	1.602347303400560652e-11	2.696816234467703281e-16	1.847682484319320122e-03	1.576212010260450574e-10	5.772518144226973930e-27	1.650469655352248378e-11	5.165824254669730134e-11	1.523066712518319793e-04	2.233137898501794435e-18	3.730018751728029438e-09	4.723208678141208063e-17	1.635188800751503219e-02	6.819957430604005333e-02	1.800425693959993231e-03	1.379233044363357969e-12	1.648118863707727583e-03
7.000000000000000000e+03	6.686858930776638839e-09	1.558308733985481041e-11	2.622697515829892472e-16	1.851899330344068456e-03	1.576604337287621328e-10	5.773954952724859606e-27	1.605452819468241978e-11	5.025585725081768814e-11	1.480901156962589969e-04	2.171315046233216876e-18	3.627503716836037633e-09	4.471408233492183458e-17	1.634410563895536891e-02	6.819600867869718419e-02	1.803991321302909857e-03	1.399637072417886257e-12	1.655901046546580163e-03
7.100000000000000000e+03	6.506016009297164121e-09	1.515463070094533014e-11	2.550586506118112253e-16	1.856000257876610268e-03	1.576985415471633670e-10	5.775350564891825340e-27	1.561636324836669247e-11	4.889049722775888377e-11	1.439894709380270393e-04	2.111191629001644495e-18	3.527765583034454036e-09	4.232824431809244091e-17	1.633653874381984714e-02	6.819254260912406551e-02	1.807457390876022899e-03	1.420046105337935396e-12	1.663467760819409280e-03
7.200000000000000000e+03	6.329913221683539592e-09	1.473778961947586667e-11	2.480430442366540390e-16	1.859988408191552093e-03	1.577355577671036773e-10	5.776706199746679605e-27	1.518989693111279604e-11	4.756124329335417781e-11	1.400015958947440340e-04	2.052721595776837569e-18	3.430731372843612341e-09	4.006780138515422471e-17	1.632918139768939694e-02	6.818917331410180582e-02	1.810826685898315113e-03	1.440459999691421144e-12	1.670824930827555016e-03
7.300000000000000000e+03	6.158434533831065002e-09	1.433225829054899337e-11	2.412177856356637303e-16	1.863866839935046475e-03	1.577715146213851298e-10	5.778023037742559264e-27	1.477483132693113465e-11	4.626719573235719130e-11	1.361234321098591629e-04	1.995860106780733852e-18	3.336329899573883042e-09	3.792631591065572130e-17	1.632202783675478983e-02	6.818589808839456423e-02	1.814101911605574269e-03	1.460878616285999543e-12	1.677978320263323565e-03
7.400000000000000000e+03	5.991466293007717637e-09	1.393773844002796841e-11	2.345778547327767203e-16	1.867638531157955533e-03	1.578064433277417710e-10	5.779302222158048644e-27	1.437087527974543496e-11	4.500747407579759416e-11	1.323520017166786072e-04	1.940563503647041096e-18	3.244491729581205367e-09	3.589766833442871828e-17	1.631507245359093902e-02	6.818271430255724852e-02	1.817285697442891281e-03	1.481301820035237530e-12	1.684933536438468519e-03
7.500000000000000000e+03	5.828897217527751150e-09	1.355393919731840995e-11	2.281183560565847140e-16	1.871306381308793232e-03	1.578403741251198731e-10	5.780544860425840426e-27	1.397774431478194033e-11	4.378121695544953956e-11	1.286844054466545248e-04	1.886789280229582544e-18	3.155149152652631683e-09	3.397604277226536681e-17	1.630830979303177566e-02	6.817961940080312366e-02	1.820380599196993587e-03	1.501729479829600235e-12	1.691696034408237456e-03
7.600000000000000000e+03	5.670618368926670688e-09	1.318057693146367433e-11	2.218345159817514709e-16	1.874873213184928035e-03	1.578733363083670710e-10	5.781752025403172116e-27	1.359516052350968620e-11	4.258758184680410695e-11	1.251178206794048879e-04	1.834496054021711874e-18	3.068236143851828886e-09	3.215591268575569442e-17	1.630173454814704687e-02	6.817661089893196913e-02	1.823389101068194091e-03	1.522161468412023906e-12	1.698271120993292754e-03
7.700000000000000000e+03	5.516523108677689640e-09	1.281737505683951788e-11	2.157216794587751558e-16	1.878341774840160301e-03	1.579053582614171165e-10	5.782924756587118166e-27	1.322285241801638726e-11	4.142574471780637639e-11	1.216494995318929013e-04	1.783643538149018165e-18	2.983688318287790751e-09	3.043202720775932936e-17	1.629534155632365172e-02	6.817368638231861844e-02	1.826313617681540880e-03	1.542597662257880614e-12	1.704663958701693044e-03
7.800000000000000000e+03	5.366507099914699704e-09	1.246406394775853760e-11	2.097753085767454233e-16	1.881714741455934453e-03	1.579364674890312547e-10	5.784064061277065929e-27	1.286055488264969295e-11	4.029489995342697400e-11	1.182767669931375986e-04	1.734192514030168329e-18	2.901442911236053300e-09	2.879939845174145820e-17	1.628912579543571881e-02	6.817084350395459513e-02	1.829156496045560064e-03	1.563037941459144697e-12	1.710879569552918936e-03
7.900000000000000000e+03	5.220468263021672548e-09	1.212038075033918861e-11	2.039909793970221701e-16	1.884994717165667209e-03	1.579666906472346698e-10	5.785170915689365406e-27	1.250800902912150089e-11	3.919425999588846589e-11	1.149970190926955204e-04	1.686104804531450687e-18	2.821438734344685577e-09	2.725328888222919017e-17	1.628308238012347170e-02	6.816807998255104695e-02	1.831920017449105865e-03	1.583482189612578778e-12	1.716922838806239594e-03
8.000000000000000000e+03	5.078306727912022968e-09	1.178606919099553281e-11	1.983643787300394606e-16	1.888184236846018708e-03	1.579960535724431697e-10	5.786246266024040146e-27	1.216496204639958478e-11	3.812305496524430623e-11	1.118077211160746856e-04	1.639343247808939113e-18	2.743616131053649440e-09	2.578919922669609884e-17	1.627720655815199230e-02	6.816539360068878117e-02	1.834606399311408068e-03	1.603930293711782055e-12	1.722798518595351769e-03
8.100000000000000000e+03	4.939924851826405624e-09	1.146087954092083053e-11	1.928913035375498004e-16	1.891285767862246588e-03	1.580245813094145746e-10	5.787291029488434472e-27	1.183116719125912225e-11	3.708053268183597654e-11	1.087064058531204513e-04	1.593871671635164122e-18	2.667916968327115690e-09	2.440285754209209846e-17	1.627149370687441809e-02	6.816278220302673940e-02	1.837217796973429672e-03	1.624382144042925149e-12	1.728511231471348449e-03
8.200000000000000000e+03	4.805227145629631230e-09	1.114456837223676390e-11	1.875676568285150022e-16	1.894301711781338441e-03	1.580522981380335237e-10	5.788306095278152186e-27	1.150638358618911032e-11	3.606595812786820683e-11	1.056906718917424650e-04	1.549654868388135169e-18	2.594284579888747921e-09	2.309020792324647761e-17	1.626593932977167881e-02	6.816024369455507548e-02	1.839756305445095766e-03	1.644837634084027541e-12	1.734065473856220016e-03
8.300000000000000000e+03	4.674120252186951867e-09	1.083689843840610033e-11	1.823894456464032437e-16	1.897234406040749664e-03	1.580792275990500268e-10	5.789292325519666140e-27	1.119037612920070952e-11	3.507861322835731280e-11	1.027581819439273123e-04	1.506658570514558659e-18	2.522663738383605709e-09	2.184740013207630333e-17	1.626053905309206987e-02	6.815777603890306457e-02	1.842223961097106235e-03	1.665296660407635407e-12	1.739465619408656896e-03
8.400000000000000000e+03	4.546512931428875794e-09	1.053763857389112996e-11	1.773527793803985499e-16	1.900086125583022763e-03	1.581053925187686345e-10	5.790250556174512598e-27	1.088291541955136698e-11	3.411779667442290216e-11	9.990666121312818395e-05	1.464849426599505312e-18	2.453000632020163469e-09	2.067077984277595090e-17	1.625528862256894053e-02	6.815537725669160163e-02	1.844622743308584143e-03	1.685759122586762943e-12	1.744715922304306260e-03
8.500000000000000000e+03	4.422316003460203677e-09	1.024656349954182142e-11	1.724538664900041175e-16	1.902859084452759907e-03	1.581308150327639387e-10	5.791181597907808938e-27	1.058377759558301243e-11	3.318282348914799153e-11	9.713389579844573622e-05	1.424194977974264194e-18	2.385242819267661926e-09	1.955687883386240257e-17	1.625018390022303291e-02	6.815304542393237075e-02	1.846954576067779243e-03	1.706224923103957228e-12	1.749820520432295587e-03
8.600000000000000000e+03	4.301442336912367695e-09	9.963453736460960234e-12	1.676890130553571155e-16	1.905555437354913102e-03	1.581555166086819874e-10	5.792086236923303060e-27	1.029274427031480950e-11	3.227302487262123306e-11	9.443773113328527964e-05	1.384663635830345398e-18	2.319339208805233530e-09	1.850240617421615418e-17	1.624522086125072817e-02	6.815077867047468485e-02	1.849221329525486826e-03	1.726693967263388070e-12	1.754783438509993068e-03
8.700000000000000000e+03	4.183806799547923527e-09	9.688095434971060550e-12	1.630546198986715448e-16	1.908177281179992534e-03	1.581795180681610102e-10	5.792965235766184220e-27	1.000960238796107064e-11	3.138774781552046714e-11	9.181607046274470525e-05	1.346224658900245580e-18	2.255240019708018320e-09	1.750423933601415691e-17	1.624039559098681279e-02	6.814857517849282065e-02	1.851424821507323924e-03	1.747166163105819247e-12	1.759608591117896781e-03
8.800000000000000000e+03	4.069326230199639220e-09	9.420280256098439216e-12	1.585471805895668062e-16	1.910726656492427004e-03	1.582028396078998380e-10	5.793819334094645414e-27	9.734144127203963287e-12	3.052635484496325630e-11	8.926687335521947889e-05	1.308848131640065380e-18	2.192896753858481931e-09	1.655941596514773363e-17	1.623570428194745160e-02	6.814643318101792913e-02	1.853566818982185088e-03	1.767641421326367654e-12	1.764299785656486038e-03
8.900000000000000000e+03	3.957919417614382388e-09	9.159805271856896660e-12	1.541632797668010566e-16	1.913205548984097185e-03	1.582255008199530115e-10	5.794649249423160420e-27	9.466166820430903528e-12	2.968822381381992487e-11	8.678815424847821734e-05	1.272504942917418455e-18	2.132262172733977700e-09	1.566512611625414922e-17	1.623114323095019990e-02	6.814435096051116303e-02	1.855649039488941427e-03	1.788119655194934826e-12	1.768860725226844210e-03
9.000000000000000000e+03	3.849507032131252439e-09	8.906472758697018245e-12	1.498995896619382246e-16	1.915615890894385677e-03	1.582475207112408706e-10	5.795455677836992661e-27	9.205472774042268173e-12	2.887274740167448725e-11	8.437798103083092073e-05	1.237166765212544023e-18	2.073290249324918525e-09	1.481870438357926481e-17	1.622670883630645058e-02	6.814232684747624502e-02	1.857673152523844256e-03	1.808600780479219367e-12	1.773295011436894003e-03
9.100000000000000000e+03	3.744011638809544869e-09	8.660090182298193752e-12	1.457528698433912929e-16	1.917959562393761882e-03	1.582689177223685846e-10	5.796239294681397637e-27	8.951869262836327963e-12	2.807933311652865943e-11	8.203447365285378981e-05	1.202806034269023318e-18	2.015936164594589421e-09	1.401762315080751723e-17	1.622239759509267604e-02	6.814035921911434923e-02	1.859640780885722698e-03	1.829084715370202838e-12	1.777606147134868459e-03
9.200000000000000000e+03	3.641357618106603506e-09	8.420469970326438375e-12	1.417199633918437335e-16	1.920238392940276130e-03	1.582897097457039267e-10	5.797000755223680810e-27	8.705168329348834212e-12	2.730740273079492334e-11	7.975580277812110302e-05	1.169395929314093110e-18	1.960156254580652462e-09	1.325948529788571132e-17	1.621820610048075109e-02	6.813844649801079068e-02	1.861553501989276702e-03	1.849571380410028333e-12	1.781797539071876008e-03
9.300000000000000000e+03	3.541471164083054050e-09	8.187429467342740279e-12	1.377977961413378055e-16	1.922454162597319162e-03	1.583099141428512057e-10	5.797740695293142491e-27	8.465186748938923914e-12	2.655639219414045424e-11	7.754018845962410637e-05	1.136910353657087249e-18	1.905907999898504392e-09	1.254201800704739410e-17	1.621413103915046033e-02	6.813658715086524931e-02	1.863412849134815901e-03	1.870060698422179851e-12	1.785872500495218817e-03
9.400000000000000000e+03	3.444280236183242093e-09	7.960790783919103321e-12	1.339833741398361453e-16	1.924608603324527885e-03	1.583295477614426963e-10	5.798459731896023391e-27	8.231745897244822932e-12	2.582575126247849231e-11	7.538589885313025688e-05	1.105323915828255063e-18	1.853149990617804566e-09	1.186306634440624588e-17	1.621016918875949064e-02	6.813477968725273337e-02	1.865220312747316008e-03	1.890552594443873611e-12	1.789834253674087074e-03
9.500000000000000000e+03	3.349714527400143337e-09	7.740380686141717105e-12	1.302737817895147470e-16	1.926703400233340489e-03	1.583486269513751088e-10	5.799158463810130132e-27	8.004671653728516816e-12	2.511494322936325238e-11	7.329124895716208248e-05	1.074611911108006772e-18	1.801841900540507564e-09	1.122058741494336645e-17	1.620631741548827012e-02	6.813302265842392791e-02	1.866977341576108894e-03	1.911046995660593851e-12	1.793685932359275013e-03
9.600000000000000000e+03	3.257705423002482590e-09	7.526030464909773677e-12	1.266661796470082804e-16	1.928740192816866391e-03	1.583671675804199352e-10	5.799837472156534167e-27	7.783794286058960443e-12	2.442344460056654704e-11	7.125459938858994186e-05	1.044750303577934926e-18	1.751944456775632049e-09	1.061264462589617222e-17	1.620257267163915244e-02	6.813131465613421478e-02	1.868685343865844790e-03	1.931543831342683868e-12	1.797430584178544765e-03
9.700000000000000000e+03	3.168185987859458944e-09	7.317575873278211487e-12	1.231578033688628540e-16	1.930720576144593975e-03	1.583851850493451633e-10	5.800497320953356327e-27	7.568948396039236135e-12	2.375074494490197023e-11	6.927435518248318462e-05	1.015715708527973802e-18	1.703419425153615629e-09	1.003740245289106616e-17	1.619893199330943792e-02	6.812965431151118967e-02	1.870345688488887249e-03	1.952043032783923004e-12	1.801071172969177835e-03
9.800000000000000000e+03	3.081090910018786799e-09	7.114856964536355192e-12	1.197459609863330891e-16	1.932646102033071115e-03	1.584026943064221381e-10	5.801138557647058124e-27	7.359972774057604374e-12	2.309634647938762589e-11	6.734896462728258524e-05	9.874853753802359230e-19	1.656229572533499249e-09	9.493121200098298482e-18	1.619539249811408413e-02	6.812804029394831096e-02	1.871959706051734736e-03	1.972544533242029422e-12	1.804610581049215581e-03
9.900000000000000000e+03	2.996356479546492248e-09	6.917718013167996202e-12	1.164280315751079793e-16	1.934518280183055664e-03	1.584197098615122664e-10	5.801761713628333389e-27	7.156710328792867357e-12	2.245976387054457200e-11	6.547691812309063724e-05	9.600371709524701441e-19	1.610338648403654563e-09	8.978152152233324441e-18	1.619195138297890163e-02	6.812647131003518597e-02	1.873528689964849099e-03	1.993048267881009088e-12	1.808051611429003754e-03
1.000000000000000000e+04	2.913920557131122379e-09	6.726007414076072351e-12	1.132014635592206245e-16	1.936338579290686939e-03	1.584362457996293152e-10	5.802367304728797683e-27	6.959007996465819444e-12	2.184052397539957528e-11	6.365674707067390679e-05	9.333495631713823067e-19	1.565711361422827605e-09	8.490933011754991308e-18	1.618860592198725565e-02	6.812494610251523808e-02	1.875053897484806097e-03	2.013554173715294830e-12	1.811396989964334740e-03
1.010000000000000000e+04	2.833722532846787068e-09	6.539577560267540194e-12	1.100637726524348161e-16	1.938108428132544843e-03	1.584523157940250211e-10	5.802955831700218207e-27	6.766716629913549107e-12	2.123816552316790400e-11	6.188702278941275758e-05	9.074016052100231345e-19	1.522313350947057821e-09	8.029983393002206313e-18	1.618535346428069677e-02	6.812346344927143471e-02	1.876536550728591249e-03	2.034062189555603164e-12	1.814649367452803421e-03
1.020000000000000000e+04	2.755703303351168111e-09	6.358284764679634815e-12	1.070125405425486388e-16	1.939829216621776842e-03	1.584679331188481332e-10	5.803527780678119466e-27	6.579690927560887296e-12	2.065223891114946189e-11	6.016635546011588368e-05	8.821729199900113934e-19	1.480111168832029671e-09	7.593900695404312744e-18	1.618219143201913082e-02	6.812202216234269914e-02	1.877977837657332028e-03	2.054572255956467294e-12	1.817811321674713682e-03
1.030000000000000000e+04	2.679805232562053521e-09	6.181989145219041775e-12	1.040454129565567591e-16	1.941502296837754145e-03	1.584831106613769411e-10	5.804083623629773330e-27	6.397789328282562418e-12	2.008230590110815700e-11	5.849339309413924742e-05	8.576436850688943143e-19	1.439072252671951958e-09	7.181356084295013233e-18	1.617911731839529257e-02	6.812062108696777252e-02	1.879378913032246070e-03	2.075084315165374797e-12	1.820885359379914668e-03
1.040000000000000000e+04	2.605972124722717171e-09	6.010554539609672721e-12	1.011600982275035340e-16	1.943128984031040592e-03	1.584978609338211516e-10	5.804623818786421357e-27	6.220873933181166206e-12	1.952793939263535468e-11	5.686682052960853996e-05	8.337946179250684903e-19	1.399164905977431754e-09	6.791090715321781985e-18	1.617612868569934942e-02	6.811925910065499967e-02	1.880740899344973812e-03	2.095598311073462321e-12	1.823873918221909042e-03
1.050000000000000000e+04	2.534149192664846190e-09	5.843848410412859208e-12	9.835436569593374506e-17	1.944710557602259823e-03	1.585121960847529304e-10	5.805148811061901166e-27	6.048810417983510928e-12	1.898872316857062975e-11	5.528535845181627406e-05	8.106069615968906532e-19	1.360358276065626708e-09	6.421912130524185827e-18	1.617322316343702479e-02	6.811793511227923203e-02	1.882064887720709791e-03	2.116114189167708753e-12	1.826779368640586102e-03
1.060000000000000000e+04	2.464283022902490231e-09	5.681741743891535912e-12	9.562604400773560965e-17	1.946248262056927405e-03	1.585261279101382083e-10	5.805659032456654454e-27	5.881467939475907090e-12	1.846425162249196691e-11	5.374776243917939693e-05	7.880624706963643945e-19	1.322622330517381794e-09	6.072690814654528594e-18	1.617039844649616198e-02	6.811664806120310001e-02	1.883351938796789344e-03	2.136631896484592500e-12	1.829604015694853269e-03
1.070000000000000000e+04	2.396321552369139915e-09	5.524108976829697857e-12	9.297301988248195732e-17	1.947743307936009201e-03	1.585396678640118352e-10	5.806154902448667126e-27	5.718719067225270012e-12	1.795412955862458341e-11	5.225282203309757089e-05	7.661433977734091149e-19	1.285927840141919810e-09	5.742356982602696333e-18	1.616765229336249513e-02	6.811539691642352901e-02	1.884603083576388751e-03	2.157151381565142628e-12	1.832350100846474351e-03
1.080000000000000000e+04	2.330214032253091017e-09	5.370827894565810759e-12	9.039323639729092850e-17	1.949196872722092555e-03	1.585528270688032756e-10	5.806636828371633509e-27	5.560439688662859537e-12	1.745797191414478450e-11	5.079935983071844356e-05	7.448324800155796506e-19	1.250246355240583719e-09	5.429897436186011850e-18	1.616498252438447469e-02	6.811418067574244450e-02	1.885819324257489299e-03	2.177672594411356782e-12	1.835019803696273828e-03
1.090000000000000000e+04	2.265911002799223441e-09	5.221779555426347362e-12	8.788469171501120954e-17	1.950610101723185622e-03	1.585656163253319742e-10	5.807105205781014798e-27	5.406508938072553119e-12	1.697540355001233034e-11	4.938623060136324526e-05	7.241129262948346242e-19	1.215550188016122924e-09	5.134352672896109350e-18	1.616238702008342479e-02	6.811299836496079174e-02	1.887001635039140977e-03	2.198195486443926924e-12	1.837615243673968281e-03
1.100000000000000000e+04	2.203364261997949390e-09	5.076848201885482165e-12	8.544543758900333877e-17	1.951984108934364708e-03	1.585780461224516106e-10	5.807560418807229046e-27	5.256809113223788677e-12	1.650605900564204656e-11	4.801232042616053350e-05	7.039684045543414012e-19	1.181812391892032107e-09	4.854814070092099365e-18	1.615986371950742587e-02	6.811184903709419092e-02	1.888150962905756113e-03	2.218720010461243409e-12	1.840138481682831052e-03
1.110000000000000000e+04	2.142526835396854486e-09	4.935921175280590030e-12	8.307357792776662604e-17	1.953319977876181741e-03	1.585901266464031592e-10	5.808002840498198283e-27	5.111225595013135394e-12	1.604958226174954973e-11	4.667654585836980818e-05	6.843830294985577166e-19	1.149006741659629229e-09	4.590421240628456358e-18	1.615741061863196562e-02	6.811073177161192094e-02	1.889268228388028045e-03	2.239246120599621648e-12	1.842591521700287114e-03
1.120000000000000000e+04	2.083352954077991690e-09	4.798888850110363690e-12	8.076726768914943456e-17	1.954618762412178943e-03	1.586018677898736026e-10	5.808432833151089175e-27	4.969646784870189367e-12	1.560562655417675363e-11	4.537785310576974556e-05	6.653413506069320282e-19	1.117107718183663844e-09	4.340359530668842934e-18	1.615502576880259791e-02	6.810964567369696965e-02	1.890354326302989959e-03	2.259773772294727951e-12	1.844976312335580701e-03
1.130000000000000000e+04	2.025798019917383314e-09	4.665644539913574989e-12	7.852471129625013264e-17	1.955881487546351841e-03	1.586132791607360514e-10	5.808850748632415695e-27	4.831964015968877456e-12	1.517385411163744526e-11	4.411521723530827409e-05	6.468283404736051655e-19	1.086090486492335681e-09	4.103857616969601156e-18	1.615270727521677524e-02	6.810858987352540195e-02	1.891410126474553973e-03	2.280302922244144351e-12	1.847294748345666227e-03
1.140000000000000000e+04	1.969818580241542539e-09	4.536084425486405145e-12	7.634416142928524546e-17	1.957109150197612873e-03	1.586243700905456905e-10	5.809256928689169889e-27	4.698071484715466149e-12	1.475393595168468552e-11	4.288764139559856378e-05	6.288293834089135533e-19	1.055930879067390962e-09	3.880185239739765613e-18	1.615045329545191505e-02	6.810756352556880666e-02	1.892436474431142537e-03	2.300833528371066763e-12	1.849548672110342762e-03
1.150000000000000000e+04	1.915372305212645393e-09	4.410107490122613533e-12	7.422391793565531110e-17	1.958302719956605924e-03	1.586351496427290736e-10	5.809651705248739391e-27	4.567866188566864902e-12	1.434555169475847328e-11	4.169415606217728460e-05	6.113302643746138223e-19	1.026605380769028709e-09	3.668651067730085484e-18	1.614826203802772336e-02	6.810656580791356329e-02	1.893434192086388074e-03	2.321365549789065399e-12	1.851739875067698023e-03
1.160000000000000000e+04	1.862417956036654751e-09	4.287615434420695822e-12	7.216232639611376436e-17	1.959463139822334964e-03	1.586456266205449870e-10	5.810035400710467898e-27	4.441247844991565435e-12	1.394838932341403720e-11	4.053381830139330023e-05	5.943171581919673946e-19	9.980911090043086303e-10	3.468600641509910477e-18	1.614613176100909361e-02	6.810559592160012055e-02	1.894404078399852072e-03	2.341898946767901765e-12	1.853870099110936122e-03
1.170000000000000000e+04	1.810915365879452346e-09	4.168512620981189318e-12	7.015777719400059202e-17	1.960591326917991619e-03	1.586558095747757565e-10	5.810408328227314643e-27	4.318118837691261603e-12	1.356214502010529391e-11	3.940571105211586160e-05	5.777766190113259123e-19	9.703658008535398967e-10	3.279414462504933407e-18	1.614406077064921285e-02	6.810465308998210621e-02	1.895346910017850798e-03	2.362433680700353393e-12	1.855941037947494597e-03
1.180000000000000000e+04	1.760825407609532230e-09	4.052705989348962039e-12	6.820870408368558895e-17	1.961688173190909157e-03	1.586657068111844866e-10	5.810770791978968135e-27	4.198384135505448323e-12	1.318652292585836822e-11	3.830894242860260492e-05	5.616955700915771273e-19	9.434077932701415376e-10	3.100506117266688003e-18	1.614204742006450366e-02	6.810373655810116056e-02	1.896263441898810758e-03	2.382969714070019629e-12	1.857954338421534055e-03
1.190000000000000000e+04	1.712109969435198664e-09	3.940104989778229279e-12	6.631358307580683855e-17	1.962754546092015506e-03	1.586753263977398373e-10	5.811123087436436419e-27	4.081951228441660926e-12	1.282123494821061236e-11	3.724264503944267661e-05	5.460612938154019416e-19	9.171960076621629129e-10	2.931320547241203362e-18	1.614009010794935015e-02	6.810284559208101829e-02	1.897154407918974928e-03	2.403507010420080216e-12	1.859911601800701185e-03
1.200000000000000000e+04	1.664731933202895459e-09	3.830621523655067090e-12	6.447093143455692545e-17	1.963791289238581757e-03	1.586846761716063725e-10	5.811465501618055746e-27	3.968730069751945976e-12	1.246600058651582504e-11	3.620597532538820498e-05	5.308614219814688116e-19	8.917099360235533260e-10	2.771332410286984955e-18	1.613818727732354436e-02	6.810197947853778577e-02	1.898020521462212215e-03	2.424045534322967899e-12	1.861814385028103848e-03
1.210000000000000000e+04	1.618655155496294614e-09	3.724169890819374631e-12	6.267930679109008967e-17	1.964799223059570960e-03	1.586937637459310597e-10	5.811798313338019662e-27	3.858633024265412944e-12	1.212054677520166954e-11	3.519811291436127586e-05	5.160839263484723811e-19	8.669296286715233582e-10	2.620044512049228794e-18	1.613633741431397609e-02	6.810113752400689946e-02	1.898862475993109370e-03	2.444585251350938080e-12	1.863664201940401152e-03
1.220000000000000000e+04	1.573844431978518109e-09	3.620666698924339131e-12	6.093730561800467945e-17	1.965779145423346072e-03	1.587025965164059657e-10	5.812121793446731155e-27	3.751574781890770202e-12	1.178460762620368678e-11	3.421825999282691291e-05	5.017171094186537029e-19	8.428356731468200455e-10	2.476986296646049603e-18	1.613453904697025737e-02	6.810031905438652944e-02	1.899680945613471802e-03	2.465126128047501603e-12	1.865462524452924254e-03
1.230000000000000000e+04	1.530265483917428592e-09	3.520030824205717152e-12	5.924356256907435124e-17	1.966731832249910255e-03	1.587111816676509122e-10	5.812436205064559872e-27	3.647472318182215566e-12	1.145792430740731734e-11	3.326564069444949419e-05	4.877495954752195604e-19	8.194091850814176869e-10	2.341712451132998275e-18	1.613279074411113484e-02	6.809952341439606815e-02	1.900476585603954769e-03	2.485668131899691989e-12	1.867210783712657928e-03
1.240000000000000000e+04	1.487884932771501393e-09	3.422183345309919632e-12	5.759674936554733387e-17	1.967658038106196751e-03	1.587195261793610296e-10	5.812741803806968221e-27	3.546244830182477986e-12	1.114024484951913884e-11	3.233950050448231776e-05	4.741703218500932851e-19	7.966317927947081579e-10	2.213801572867791481e-18	1.613109111420280711e-02	6.809874996704988470e-02	1.901250032950171833e-03	2.506211231311146121e-12	1.868910371219954401e-03
1.250000000000000000e+04	1.446670277554060777e-09	3.327047483871521159e-12	5.599557379604162610e-17	1.968558496786134392e-03	1.587276368323029379e-10	5.813038838004111573e-27	3.447813678434711315e-12	1.083132397073836771e-11	3.143910567988504460e-05	4.609685304222854767e-19	7.744856234608597936e-10	2.092854891992948794e-18	1.612943880426762414e-02	6.809799809314594221e-02	1.902001906854085267e-03	2.526755395575970502e-12	1.870562639919810376e-03
1.260000000000000000e+04	1.406589874959717504e-09	3.234548551869810429e-12	5.443877883053419459e-17	1.969433921875000850e-03	1.587355202141155317e-10	5.813327548913282457e-27	3.352102335176594619e-12	1.053092291924807702e-11	3.056374268456034740e-05	4.481337593379603498e-19	7.529532908542278104e-10	1.978495076545846480e-18	1.612783249882292907e-02	6.809726719076918122e-02	1.902732809230843654e-03	2.547300594853370080e-12	1.872168905263464677e-03
1.270000000000000000e+04	1.367612913531016003e-09	3.144613885654412721e-12	5.292514150998504024e-17	1.970285007299413683e-03	1.587431827249301296e-10	5.813608170924744044e-27	3.259036320325610552e-12	1.023880928041015223e-11	2.971271764009903146e-05	4.356558349576963311e-19	7.320178799915313121e-10	1.870365081274179928e-18	1.612627091884763844e-02	6.809655667480772612e-02	1.903443325192285098e-03	2.567846800143017407e-12	1.873730446241158492e-03
1.280000000000000000e+04	1.329709400411843267e-09	3.057172809271031004e-12	5.145347232909454219e-17	1.971112427862128230e-03	1.587506305828126247e-10	5.813880931761013892e-27	3.168543164288666958e-12	9.954756861486008330e-12	2.888535579058850109e-05	4.235248640102026407e-19	7.116629385946497809e-10	1.768127089699747822e-18	1.612475282077776781e-02	6.809586597648360773e-02	1.904134023516394813e-03	2.588393983261136296e-12	1.875248506386783132e-03
1.290000000000000000e+04	1.292850135014703362e-09	2.972156568024284286e-12	5.002261411813850261e-17	1.971916839762901351e-03	1.587578698290595086e-10	5.814146052670839164e-27	3.080552343515300603e-12	9.678545497565195099e-12	2.808100098165310074e-05	4.117312259543450327e-19	6.918724616250678735e-10	1.671461471647642305e-18	1.612327699552944249e-02	6.809519454289635065e-02	1.904805457103645166e-03	2.608942116817279776e-12	1.876724294755181604e-03
1.300000000000000000e+04	1.257006690134918456e-09	2.889498279499828575e-12	4.863144121865072331e-17	1.972698881105731071e-03	1.587649063333206007e-10	5.814403748616794308e-27	2.994995232053877318e-12	9.409960903784800170e-12	2.729901515370774354e-05	4.002655655497055975e-19	6.726308798825807545e-10	1.580065819256894488e-18	1.612184226754771396e-02	6.809454183657906445e-02	1.905458163420922476e-03	2.629491174191785783e-12	1.878158986872818055e-03
1.310000000000000000e+04	1.222151396502006626e-09	2.809132892775468169e-12	4.727885879692887622e-17	1.973459172392342913e-03	1.587717457985727559e-10	5.814654228457440353e-27	2.911805060616479318e-12	9.148794549274852638e-12	2.653877784839297165e-05	3.891187856204546525e-19	6.539230505102616558e-10	1.493654035975041039e-18	1.612044749388188980e-02	6.809390733506726079e-02	1.906092664932709877e-03	2.650041129513883131e-12	1.879553725662530669e-03
1.320000000000000000e+04	1.188257317265126907e-09	2.730997124794802594e-12	4.596380177317725945e-17	1.974198317002128032e-03	1.587783937659363826e-10	5.814897695123705736e-27	2.830916854738389449e-12	8.894843470691070462e-12	2.579968572789279483e-05	3.782820400078262558e-19	6.357342421832271144e-10	1.411955452351644840e-18	1.611909156328667284e-02	6.809329053048003566e-02	1.906709469519931536e-03	2.670591957640433611e-12	1.880909622343053447e-03
1.330000000000000000e+04	1.155298235856032080e-09	2.655029427744913558e-12	4.468523427245963796e-17	1.974916901660221484e-03	1.587848556193558889e-10	5.815134345790314480e-27	2.752267401368929043e-12	8.647910168016374353e-12	2.508115210788061157e-05	3.677467267227006342e-19	6.180501275146593467e-10	1.334714013692403577e-18	1.611777339534631662e-02	6.809269092911210408e-02	1.907309070887853357e-03	2.691143634135281563e-12	1.882227757303973643e-03
1.340000000000000000e+04	1.123248631946169784e-09	2.581169929348685535e-12	4.344214861979453692e-17	1.975615496892580477e-03	1.587911365901384742e-10	5.815364372041994804e-27	2.675795190667805303e-12	8.407802428711721337e-12	2.438260650248150541e-05	3.575044812740451513e-19	6.008567691567766491e-10	1.261687489065620884e-18	1.611649193962350762e-02	6.809210805103783903e-02	1.907891948962128813e-03	2.711696135249204434e-12	1.883509180956814862e-03
1.350000000000000000e+04	1.092083669780815365e-09	2.509360401824253088e-12	4.223356481773013501e-17	1.976294657468500617e-03	1.587972417613436667e-10	5.815587960034236451e-27	2.601440384089952056e-12	8.174333227933309084e-12	2.370349418122369981e-05	3.475471701734101181e-19	5.841406125750675711e-10	1.192646741893570017e-18	1.611524617483191257e-02	6.809154142972641266e-02	1.908458570273556488e-03	2.732249437900451820e-12	1.884754914562842328e-03
1.360000000000000000e+04	1.061779176333915358e-09	2.439544207694414595e-12	4.105852963429432254e-17	1.976954922831693825e-03	1.588031760720795961e-10	5.815805290650646495e-27	2.529144761289619677e-12	7.947320567568608605e-12	2.304327573781284465e-05	3.378668846124932896e-19	5.678884734335539295e-10	1.127375019604736107e-18	1.611403510803153041e-02	6.809099061166791478e-02	1.909009388332017073e-03	2.752803519655826137e-12	1.885965951038225032e-03
1.370000000000000000e+04	1.032311624176345686e-09	2.371666256643566508e-12	3.991611587687941058e-17	1.977596817519914913e-03	1.588089443216134088e-10	5.816016539653467729e-27	2.458851677195270225e-12	7.726587344783926469e-12	2.240142667126547222e-05	3.284559343219972038e-19	5.520875275517483166e-10	1.065667289403311056e-18	1.611285777384443771e-02	6.809045515600919973e-02	1.909544843990739274e-03	2.773358358712325508e-12	1.887143255737171654e-03
1.380000000000000000e+04	1.003658118023653269e-09	2.305672971040191401e-12	3.880542181197113601e-17	1.978220851572926042e-03	1.588145511734145532e-10	5.816221877831659089e-27	2.390506027035130684e-12	7.511961243593151474e-12	2.177743697725607484e-05	3.193068415803019615e-19	5.367253028788148870e-10	1.007329617734808892e-18	1.611171323369400832e-02	6.808993463420058567e-02	1.910065365799348781e-03	2.793913933879301220e-12	1.888287767213628777e-03
1.390000000000000000e+04	9.757963769626112834e-10	2.241512241715440323e-12	3.772557042088443600e-17	1.978827520930068022e-03	1.588200011590478789e-10	5.816421471143478161e-27	2.324054202495367607e-12	7.303274600909166883e-12	2.117081075135406184e-05	3.104123353963346633e-19	5.217896691995048467e-10	9.521785692267600301e-19	1.611060057506324972e-02	6.808942862965201848e-02	1.910571370347942865e-03	2.814470224561137822e-12	1.889400397962119052e-03
1.400000000000000000e+04	9.487047180258161912e-10	2.179133387032105935e-12	3.667570871087718415e-17	1.979417307816264474e-03	1.588252986819491478e-10	5.816615480854745257e-27	2.259444050918933268e-12	7.100364281445996666e-12	2.058106580215484399e-05	3.017653458375131786e-19	5.072688286060388570e-10	9.000406419860475161e-19	1.610951891077498296e-02	6.808893673739922769e-02	1.911063262600746441e-03	2.835027210740422344e-12	1.890482035138267266e-03
1.410000000000000000e+04	9.223620412615514499e-10	2.118487115563802008e-12	3.565500708702563576e-17	1.979990681118670628e-03	1.588304480211197912e-10	5.816804063674152256e-27	2.196624837861702444e-12	6.903071562435857638e-12	2.000773327544424379e-05	2.933589985194727001e-19	4.931513068103944964e-10	8.507517351150711050e-19	1.610846737829055297e-02	6.808845856377893080e-02	1.911541436221058082e-03	2.855584872961603437e-12	1.891533541259582006e-03
1.420000000000000000e+04	8.967478139065385915e-10	2.059525486877783707e-12	3.466265869218317726e-17	1.980548096752346963e-03	1.588354533346706291e-10	5.816987371883051273e-27	2.135547207949618189e-12	6.711242013517522967e-12	1.945035728822502893e-05	2.851866092403451852e-19	4.794259440151462492e-10	8.041566415789409609e-19	1.610744513902832853e-02	6.808799372611316902e-02	1.912006273886826795e-03	2.876143192315115405e-12	1.892555754887005962e-03
1.430000000000000000e+04	8.718420593966183086e-10	2.002201883587350046e-12	3.369787893661076405e-17	1.981089998016241378e-03	1.588403186632981230e-10	5.817165553462756592e-27	2.076163156105262290e-12	6.524725406701792662e-12	1.890849457237198098e-05	2.772416787563079257e-19	4.660818884076955706e-10	7.601085764591849792e-19	1.610645137770137444e-02	6.808754185240284418e-02	1.912458147597148389e-03	2.896702150421954600e-12	1.893549491287756584e-03
1.440000000000000000e+04	8.476253364299831072e-10	1.946470960704127514e-12	3.275990464555507005e-17	1.981616815940008113e-03	1.588450479336347150e-10	5.817338752217253392e-27	2.018425978029698044e-12	6.343375566468659745e-12	1.838171412858984592e-05	2.695178877079279540e-19	4.531085843702575288e-10	7.184687112815273442e-19	1.610548530167199566e-02	6.808710258102912416e-02	1.912897418970882285e-03	2.917261729418703732e-12	1.894515543079984023e-03
1.450000000000000000e+04	8.240787303444721699e-10	1.892288623412004087e-12	3.184799368517477570e-17	1.982128969621037209e-03	1.588496449615033193e-10	5.817507107892370086e-27	1.962290246767482629e-12	6.167050295377363177e-12	1.786959688934648986e-05	2.620090916783824803e-19	4.404957673059746998e-10	6.791057538482910409e-19	1.610454614032476653e-02	6.808667556046350822e-02	1.913324439536518611e-03	2.937821911942974223e-12	1.895454680859706047e-03
1.460000000000000000e+04	8.011838371121105069e-10	1.839611988029467092e-12	3.096142430552058063e-17	1.982626866551784675e-03	1.588541134551046292e-10	5.817670756292528502e-27	1.907711773901335289e-12	5.995611255304903190e-12	1.737173539003927257e-05	2.547093163721919885e-19	4.282334545515476126e-10	6.418955409297376175e-19	1.610363314445851721e-02	6.808626044898700991e-02	1.913739551013053566e-03	2.958382681119277892e-12	1.896367653810519111e-03
1.470000000000000000e+04	7.789227523330236084e-10	1.788399354559273893e-12	3.009949467853494417e-17	1.983110902939716653e-03	1.588584570180550933e-10	5.817829829391979624e-27	1.854647581443867221e-12	5.828923879786693046e-12	1.688773345113433308e-05	2.476127529549454756e-19	4.163119389872192803e-10	6.067206540116971162e-19	1.610274558569104938e-02	6.808585691441500221e-02	1.914143085585067773e-03	2.978944020545290430e-12	1.897255190296533124e-03
1.480000000000000000e+04	7.572780518302534210e-10	1.738610160089851860e-12	2.926152211377860967e-17	1.983581464017637134e-03	1.588626791523946993e-10	5.817984455444970320e-27	1.803055856211088003e-12	5.666857235758786799e-12	1.641720586732441396e-05	2.407137534957025533e-19	4.047217781893361151e-10	5.734700477510683913e-19	1.610188275588325668e-02	6.808546463383152725e-02	1.914535366168552272e-03	2.999505914278511092e-12	1.898117998439042761e-03
1.490000000000000000e+04	7.362327886466009654e-10	1.690204969957398794e-12	2.844684290968499522e-17	1.984038924345091388e-03	1.588667832614739895e-10	5.818134759091474691e-27	1.752895938839764213e-12	5.509283985578081801e-12	1.595977810505786479e-05	2.340068265325237176e-19	3.934537923730201868e-10	5.420387190782490536e-19	1.610104396657927386e-02	6.808508329333091968e-02	1.914916706669192361e-03	3.020068346823301645e-12	1.898956766677282896e-03
1.500000000000000000e+04	7.157704722624777611e-10	1.643145428200836071e-12	2.765481151969685681e-17	1.984483648102842654e-03	1.588707726527676897e-10	5.818280861460228479e-27	1.704128275576422449e-12	5.356080241538130223e-12	1.551508600933794696e-05	2.274866327734652347e-19	3.824990528588421585e-10	5.123273689456347660e-19	1.610022854845998344e-02	6.808471258776561952e-02	1.915287412234515513e-03	3.040631303118299741e-12	1.899772164313773401e-03
1.510000000000000000e+04	6.958750603920480384e-10	1.597394236994647722e-12	2.688480020611245607e-17	1.984915989378362947e-03	1.588746505405937036e-10	5.818422880268310313e-27	1.656714396652280943e-12	5.207125497340319158e-12	1.508277551770690051e-05	2.211479809032116688e-19	3.718488772851020720e-10	4.842420996638324230e-19	1.609943585081306111e-02	6.808435222050192304e-02	1.915647779498200936e-03	3.061194768524180835e-12	1.900564842044647970e-03
1.520000000000000000e+04	6.765309463250219638e-10	1.552915125949739278e-12	2.613619852340645176e-17	1.985336292443946968e-03	1.588784200487827091e-10	5.818560929918917812e-27	1.610616885428170734e-12	5.062302532988787764e-12	1.466250238202926856e-05	2.149858235039358697e-19	3.614948224615395513e-10	4.576941212834438709e-19	1.609866524101757901e-02	6.808400190318251999e-02	1.915998096817579264e-03	3.081758728811778376e-12	1.901335432475370494e-03
1.530000000000000000e+04	6.577229479611597346e-10	1.509672825392190222e-12	2.540841286850034698e-17	1.985744892027132072e-03	1.588820842132247628e-10	5.818695121594612899e-27	1.565799351239378162e-12	4.921497330503719768e-12	1.425393189827152266e-05	2.089952530934283764e-19	3.514286781490378560e-10	4.325994762727291464e-19	1.609791610404206347e-02	6.808366135549516474e-02	1.916338644504920639e-03	3.102323170150536395e-12	1.902084550622240577e-03
1.540000000000000000e+04	6.394362956099903367e-10	1.467633036890734843e-12	2.470086598472787367e-17	1.986142113573945156e-03	1.588856459843895126e-10	5.818825563349632981e-27	1.522226399764584528e-12	4.784598982572602474e-12	1.385673864325550529e-05	2.031714982654314696e-19	3.416424601988732128e-10	4.088787760915990146e-19	1.609718784195702385e-02	6.808333030494821692e-02	1.916669695051868893e-03	3.122888079097289656e-12	1.902812794400078741e-03
1.550000000000000000e+04	6.216566226015528610e-10	1.426762410320880979e-12	2.401299657581474938e-17	1.986528273504909684e-03	1.588891082297432458e-10	5.818952360198408165e-27	1.479863609438880801e-12	4.651499618796572231e-12	1.347060621887862870e-05	1.975099199395073354e-19	3.321284052135932316e-10	3.864569564245667100e-19	1.609647987346039463e-02	6.808300848665219118e-02	1.916991513347908937e-03	3.143453442585362483e-12	1.903520745096469024e-03
1.560000000000000000e+04	6.043699519792015007e-10	1.387028512008854592e-12	2.334425876972817363e-17	1.986903679463857073e-03	1.588924737361040781e-10	5.819075614201813446e-27	1.438677499740575335e-12	4.522094308539742193e-12	1.309522700301959803e-05	1.920060077088204607e-19	3.228789631314163325e-10	3.652630388401548968e-19	1.609579163341668187e-02	6.808269564310766297e-02	1.917304356892428471e-03	3.164019247913986662e-12	1.904208967832916573e-03
1.570000000000000000e+04	5.875626885641982717e-10	1.348399805281299285e-12	2.269412179132027521e-17	1.987268630560190801e-03	1.588957452119358816e-10	5.819195424551175227e-27	1.398635510894677923e-12	4.396280996900289385e-12	1.273030190738559665e-05	1.866553762898146246e-19	3.138867926984995861e-10	3.452299130199964781e-19	1.609512257240845387e-02	6.808239152399911398e-02	1.917608476001001969e-03	3.184585482738003290e-12	1.904878012013286890e-03
1.580000000000000000e+04	5.712216083116929934e-10	1.310845624862779614e-12	2.206206953142762772e-17	1.987623417604327848e-03	1.588989252895533925e-10	5.819311887649027720e-27	1.359705977992157409e-12	4.273960424646493722e-12	1.237554014204937489e-05	1.814537620698995269e-19	3.051447555090705534e-10	3.262941257713051653e-19	1.609447215630016234e-02	6.808209588599413442e-02	1.917904114005986515e-03	3.205152135057867938e-12	1.905528411759860449e-03
1.590000000000000000e+04	5.553338481691056846e-10	1.274336152494715133e-12	2.144760013652788241e-17	1.987968323336958450e-03	1.589020165273050118e-10	5.819425097189062927e-27	1.321858106272712026e-12	4.155036051614052100e-12	1.203065898616749224e-05	1.763970197457662387e-19	2.966459103298887617e-10	3.083956829134622773e-19	1.609383986581438067e-02	6.808180849254884259e-02	1.918191507451259478e-03	3.225719193209938151e-12	1.906160686337355931e-03
1.600000000000000000e+04	5.398868948571554276e-10	1.238842390140243754e-12	2.085022555776663787e-17	1.988303622651987554e-03	1.589050214116500883e-10	5.819535144232196970e-27	1.285061944253191668e-12	4.039413973996217057e-12	1.169538356541343368e-05	1.714811190601192866e-19	2.883835068627494159e-10	2.914778592913632651e-19	1.609322519611898136e-02	6.808152911371810612e-02	1.918470886281972753e-03	3.246286645857029934e-12	1.906775340565250573e-03
1.610000000000000000e+04	5.248685784770458764e-10	1.204336144323684784e-12	2.026947128738421118e-17	1.988629582812997086e-03	1.589079423591964972e-10	5.819642117281192893e-27	1.249288367095676427e-12	3.927002871326559332e-12	1.136944663491443593e-05	1.667021416192115597e-19	2.803509820989502188e-10	2.754870246654504606e-19	1.609262765642675147e-02	6.808125752597166125e-02	1.918742474028410899e-03	3.266854481979250911e-12	1.907372865218698614e-03
1.620000000000000000e+04	5.102670614428764443e-10	1.170789999798295665e-12	1.970487591553309141e-17	1.988946463664471517e-03	1.589107817186792562e-10	5.819746102353128910e-27	1.214509050255545191e-12	3.817713925479061713e-12	1.105258836877099142e-05	1.620562778067701104e-19	2.725419541895485410e-10	2.603724740373783839e-19	1.609204676960495489e-02	6.808099351201470084e-02	1.919006487985361114e-03	3.287422690865085113e-12	1.907953737418384811e-03
1.630000000000000000e+04	4.960708299159652741e-10	1.138177299003583767e-12	1.915599078453615775e-17	1.989254517836527326e-03	1.589135417728877010e-10	5.819847183049966096e-27	1.180696448473404634e-12	3.711460755204559879e-12	1.074455615461388415e-05	1.575398237718342817e-19	2.649502176633397751e-10	2.460862683147915297e-19	1.609148207179691981e-02	6.808073686061431873e-02	1.919263139385746914e-03	3.307991262102733026e-12	1.908518421009599468e-03
1.640000000000000000e+04	4.822686847911466818e-10	1.106472120547778956e-12	1.862237962673786955e-17	1.989553990944465615e-03	1.589162247405170519e-10	5.819945440626373201e-27	1.147823773928462650e-12	3.608159348360868788e-12	1.044510439443667578e-05	1.531491785085839535e-19	2.575697384179064954e-10	2.325830843507140228e-19	1.609093311205301094e-02	6.808048736643000642e-02	1.919512633570051412e-03	3.328560185571698016e-12	1.909067366930829223e-03
1.650000000000000000e+04	4.688497346762952207e-10	1.075649262306704637e-12	1.810361828005126682e-17	1.989845121782915418e-03	1.589188327779920880e-10	5.820040954056495363e-27	1.115864978663200541e-12	3.507728006584701084e-12	1.015399431064048524e-05	1.488808410126308427e-19	2.503946497852942957e-10	2.198200737203015582e-19	1.609039945197212815e-02	6.808024482984928460e-02	1.919755170150771713e-03	3.349129451434605401e-12	1.909601013572168483e-03
1.660000000000000000e+04	4.558033851159449255e-10	1.045684215950851761e-12	1.759929425923823002e-17	1.990128142514220339e-03	1.589213679812216497e-10	5.820133800098228194e-27	1.084794729201915515e-12	3.410087267491182469e-12	9.870993757195740135e-06	1.447314075122335088e-19	2.434192466023062531e-10	2.077567258865804795e-19	1.608988066535363415e-02	6.808000905682798365e-02	1.919990943172072018e-03	3.369699050129261033e-12	1.910119787123808460e-03
1.670000000000000000e+04	4.431193338757262529e-10	1.016553155418581046e-12	1.710900656190873565e-17	1.990403278852045151e-03	1.589238323872977187e-10	5.820224053355425564e-27	1.054588393992170185e-12	3.315159864053298681e-12	9.595877036414999581e-06	1.406975687819241551e-19	2.366379825272407426e-10	1.963547440578527844e-19	1.608937633785799404e-02	6.807977985873464588e-02	1.920220141265408052e-03	3.390268972360927175e-12	1.910624101914891980e-03
1.680000000000000000e+04	4.307875591296327075e-10	9.882329091460386723e-13	1.663236520113891985e-17	1.990670750240011982e-03	1.589262279761737680e-10	5.820311786339382751e-27	1.025222016011259217e-12	3.222870641182651247e-12	9.328424720472868224e-06	1.367761075255530938e-19	2.300454635754415262e-10	1.855779210792920925e-19	1.608888606667739293e-02	6.807955705219953524e-02	1.920442947800533005e-03	3.410839209094820116e-12	1.911114360742992551e-03
1.690000000000000000e+04	4.187983161397352860e-10	9.607009518177533058e-13	1.616899106663029567e-17	1.990930770024714695e-03	1.589285566722693366e-10	5.820397069527583175e-27	9.966723032913421133e-13	3.133146524200009564e-12	9.068423477489022405e-06	1.329638958264406278e-19	2.236364461989640207e-10	1.753920296011998784e-19	1.608840946021612359e-02	6.807934045896811559e-02	1.920659541031927500e-03	3.431409751548812569e-12	1.911590955194472034e-03
1.700000000000000000e+04	4.071421258520746207e-10	9.339353776060722156e-13	1.571851547431844769e-17	1.991183545625084712e-03	1.589308203460332983e-10	5.820479971420962138e-27	9.689166025457613570e-13	3.045916438570391073e-12	8.815665903360994239e-06	1.292578926816245187e-19	2.174058310571256159e-10	1.657647106678218942e-19	1.608794613777794064e-02	6.807912990575792911e-02	1.920870094242130028e-03	3.451980591186358203e-12	1.912054265955967589e-03
1.710000000000000000e+04	3.958097706299502628e-10	9.079148898182763674e-13	1.528057999212971263e-17	1.991429278696272512e-03	1.589330208154667003e-10	5.820560558599666032e-27	9.419328878565554931e-13	2.961111273252029657e-12	8.569950357373423287e-06	1.256551415916478082e-19	2.113486606065132797e-10	1.566653745227107745e-19	1.608749572926365667e-02	6.807892522411983227e-02	1.921074775880214072e-03	3.472551719709595915e-12	1.912504663117267460e-03
1.720000000000000000e+04	3.847922860865607915e-10	8.826187816268875317e-13	1.485483611566440357e-17	1.991668165289097771e-03	1.589351598476075790e-10	5.820638895777448374e-27	9.156997412350388128e-13	2.878663820637757987e-12	8.331080802361794219e-06	1.221527682170212021e-19	2.054601146152948689e-10	1.480651034139902825e-19	1.608705787487711356e-02	6.807872625030363112e-02	1.921273749696433006e-03	3.493123129052661299e-12	1.912942506465788086e-03
1.730000000000000000e+04	3.740809534473210674e-10	8.580269180440721994e-13	1.444094496481860892e-17	1.991900396005679211e-03	1.589372391599658334e-10	5.820715045854191096e-27	8.901963343741966370e-13	2.798508720052909454e-12	8.098866649876863873e-06	1.187479781080120594e-19	1.997355059671364280e-10	1.399365597240683733e-19	1.608663222483812383e-02	6.807853282512632553e-02	1.921467174873706931e-03	3.513694811375184310e-12	1.913368145772895851e-03
1.740000000000000000e+04	3.636672943783096037e-10	8.341197235813951721e-13	1.403857707609274853e-17	1.992126156150061077e-03	1.589392604219098387e-10	5.820789069966718276e-27	8.654024156393981217e-13	2.720582416465930659e-12	7.873122609024674296e-06	1.154380544883802682e-19	1.941702777885820242e-10	1.322539009940711983e-19	1.608621843910442578e-02	6.807834479384516913e-02	1.921655206154858570e-03	3.534266759055967072e-12	1.913781921072305915e-03
1.750000000000000000e+04	3.535430634927038428e-10	8.108781646100492121e-13	1.364741210570705219e-17	1.992345625875111253e-03	1.589412252560363349e-10	5.820861027538942622e-27	8.412982922481413998e-13	2.644823105381793581e-12	7.653668539592571119e-06	1.122203561018917580e-19	1.887599993427863427e-10	1.249926977401353449e-19	1.608581618710121230e-02	6.807816200603361567e-02	1.921837993966415926e-03	3.554838964686843027e-12	1.914184162930758493e-03
1.760000000000000000e+04	3.437002422801740193e-10	7.882837350097436714e-13	1.326713858806644983e-17	1.992558980325394389e-03	1.589431352394749940e-10	5.820930976329645041e-27	8.178648155050567551e-13	2.571170686661840899e-12	7.440329309555980630e-06	1.090923151230919886e-19	1.835003626887954434e-10	1.181298565559714265e-19	1.608542514745736618e-02	6.807798431546077667e-02	1.922015684539298301e-03	3.575411421066708148e-12	1.914575192711195266e-03
1.770000000000000000e+04	3.341310332252995800e-10	7.663184422747639898e-13	1.289745370191985225e-17	1.992766389775857839e-03	1.589449919051755644e-10	5.820998972479624277e-27	7.950833664880781559e-13	2.499566719717830342e-12	7.232934656025308668e-06	1.060514351185181600e-19	1.783871794472509195e-10	1.116435473724441318e-19	1.608504500775011573e-02	6.807781157997445931e-02	1.922188420025644929e-03	3.595984121195718562e-12	1.914955322828642810e-03
1.780000000000000000e+04	3.248278533833510897e-10	7.449647923982873477e-13	1.253806301595697583e-17	1.992968019766823938e-03	1.589467967431442739e-10	5.821065070556966065e-27	7.729358406577200403e-13	2.429954375683246200e-12	7.031319050331452662e-06	1.030952890685728833e-19	1.734163772816902601e-10	1.055131343351337541e-19	1.608467546425600830e-02	6.807764366138739642e-02	1.922356338612693505e-03	3.616557058269653360e-12	1.915324856999007716e-03
1.790000000000000000e+04	3.157833283665138833e-10	7.242057757188876913e-13	1.218868025059924281e-17	1.993164031235456889e-03	1.589485512016661178e-10	5.821129323601809356e-27	7.514046333836804386e-13	2.362278392314566169e-12	6.835321566760922838e-06	1.002215174429134500e-19	1.685839966038304289e-10	9.971911047322333243e-20	1.608431622170901354e-02	6.807748042536669597e-02	1.922519574633403498e-03	3.637130225674436544e-12	1.915684090480962096e-03
1.800000000000000000e+04	3.069902877894533786e-10	7.040248561340786337e-13	1.184902709645925813e-17	1.993354580643314812e-03	1.589502566884634548e-10	5.821191783168783638e-27	7.304726285931451688e-13	2.296485037998807686e-12	6.644785754971034430e-06	9.742782632982962464e-20	1.638861880626459410e-10	9.424303680126547478e-20	1.608396699306523930e-02	6.807732174132605230e-02	1.922678258674061268e-03	3.657703616980809631e-12	1.916033310311130670e-03
1.810000000000000000e+04	2.984417576936998781e-10	6.844059534040739924e-13	1.151883291650584935e-17	1.993539820100391144e-03	1.589519145718407472e-10	5.821252499368926098e-27	7.101231811227029683e-13	2.232522057627796577e-12	6.459559515715754435e-06	9.471198561408276925e-20	1.593192084249558266e-10	8.906748273895398286e-20	1.608362749927446864e-02	6.807716748232142678e-02	1.922832517678664012e-03	3.678277225939158136e-12	1.916372795532757028e-03
1.820000000000000000e+04	2.901309579841023717e-10	6.653334369679002368e-13	1.119783464198670758e-17	1.993719897485917748e-03	1.589535261817976622e-10	5.821311520910447263e-27	6.903401096528081113e-13	2.170338649149525294e-12	6.279494980173660153e-06	9.207182720767864762e-20	1.548794191359095679e-10	8.417597275996153456e-20	1.608329746905786881e-02	6.807701752494954572e-02	1.922982475050561985e-03	3.698851046474481848e-12	1.916702817418012563e-03
1.830000000000000000e+04	2.820512943431793049e-10	6.467921071127521231e-13	1.088577645550091967e-17	1.993894956565844291e-03	1.589550928111042508e-10	5.821368895138101876e-27	6.711076780932563660e-13	2.109885406804789778e-12	6.104448392671301294e-06	8.950524333028258993e-20	1.505632819355016929e-10	7.955293264233317959e-20	1.608297663869152905e-02	6.807687174924874352e-02	1.923128250751339257e-03	3.719425072681504447e-12	1.917023639684150606e-03
1.840000000000000000e+04	2.741963548981602532e-10	6.287671870576804628e-13	1.058240965776417611e-17	1.994065137106864651e-03	1.589566157163416970e-10	5.821424668071323585e-27	6.524105869977943151e-13	2.051114293428858826e-12	5.934279996510786222e-06	8.701018483526222514e-20	1.463673570157757563e-10	7.518364099994233931e-20	1.608266475179645841e-02	6.807673003860331695e-02	1.923269961396789889e-03	3.739999298819927717e-12	1.917335518703665136e-03
1.850000000000000000e+04	2.665599048282310845e-10	6.112443103306755196e-13	1.028749245515991351e-17	1.994230574987371565e-03	1.589580961189275039e-10	5.821478884441741182e-27	6.342339606992819084e-13	1.993978600448622648e-12	5.768853922845810974e-06	8.458465958037159614e-20	1.422883000824032753e-10	7.105418286421735199e-20	1.608236155913453369e-02	6.807659227964998894e-02	1.923407720350119423e-03	3.760573719309806925e-12	1.917638703708604564e-03
1.860000000000000000e+04	2.591358811503706724e-10	5.942095085669299344e-13	1.000078975437907162e-17	1.994391402305489575e-03	1.589595352060932219e-10	5.821531587729011665e-27	6.165633348679151866e-13	1.938432909183199529e-12	5.608038082998856191e-06	8.222673084888998127e-20	1.383228595143060045e-10	6.715140489585297096e-20	1.608206681840931157e-02	6.807645836218721713e-02	1.923541637812905755e-03	3.781148328727073227e-12	1.917933436989224891e-03
1.870000000000000000e+04	2.519183888936136275e-10	5.776492025072623988e-13	9.722073010919881952e-18	1.994547747483953366e-03	1.589609341318514740e-10	5.821582820196219231e-27	5.993846470268614275e-13	1.884433060751565186e-12	5.451704063364328202e-06	7.993451580870665137e-20	1.344678742682274299e-10	6.346287466134510230e-20	1.608178029407331469e-02	6.807632817908698675e-02	1.923671820913146115e-03	3.801723121799157035e-12	1.918219954087125798e-03
1.880000000000000000e+04	2.449016950358587497e-10	5.615501878767578201e-13	9.451119991419576863e-18	1.994699735372185839e-03	1.589622940179321438e-10	5.821632622924167227e-27	5.826842224118534560e-13	1.831936112590768678e-12	5.299727023390378570e-06	7.770618401648612189e-20	1.307202705914965153e-10	5.997684025359108546e-20	1.608150175714012295e-02	6.807620162620915683e-02	1.923798373791006395e-03	3.822298093400763265e-12	1.918498483983025133e-03
1.890000000000000000e+04	2.380802258039566258e-10	5.458996289881544003e-13	9.187714665996780794e-18	1.994847487345429750e-03	1.589636159546777205e-10	5.821681035844164857e-27	5.664487669369532527e-13	1.780900315585223937e-12	5.151985596394055633e-06	7.553995596345559177e-20	1.270770605329945755e-10	5.668219391824432819e-20	1.608123098500181813e-02	6.807607860231797148e-02	1.923921397682199982e-03	3.842873238549740274e-12	1.918769249279317964e-03
1.900000000000000000e+04	2.314485609428385910e-10	5.306850454072983626e-13	8.931646983825628643e-18	1.994991121401330173e-03	1.589649010019295715e-10	5.821728097770493183e-27	5.506653538345197832e-13	1.731285072970122174e-12	5.008361793135095807e-06	7.343410166156089723e-20	1.235353388390774903e-10	5.356843634674316352e-20	1.608096776125138294e-02	6.807595900900112462e-02	1.924040990999051608e-03	3.863448552403088555e-12	1.919032466377568061e-03
1.910000000000000000e+04	2.250014304487551080e-10	5.158943042785781821e-13	8.682712743969701074e-18	1.995130752253799090e-03	1.589661501898898904e-10	5.821773846431961375e-27	5.353214155086532848e-13	1.683050914370129455e-12	4.868740907992243109e-06	7.138693926783881365e-20	1.200922811670546184e-10	5.062564370576545424e-20	1.608071187551015149e-02	6.807584275059097578e-02	1.924157249409236010e-03	3.884024030253051824e-12	1.919288345651071681e-03
1.920000000000000000e+04	2.187337096685204103e-10	5.015156089142435942e-13	8.440713403335555062e-18	1.995266491424011173e-03	1.589673645199457757e-10	5.821818318502089029e-27	5.204047319924147833e-13	1.636159460075603560e-12	4.733011427639127324e-06	6.939683374539431639e-20	1.167451414289571673e-10	4.784443575022845870e-20	1.608046312326030097e-02	6.807572973408798633e-02	1.924270265912225676e-03	3.904599667523348660e-12	1.919537091612623977e-03
1.930000000000000000e+04	2.126404158337784530e-10	4.875374906842133142e-13	8.205455940174885790e-18	1.995398447329212958e-03	1.589685449654733018e-10	5.821861549628560244e-27	5.059034224609315001e-13	1.590573394223636325e-12	4.601064942530173984e-06	6.746219556561077385e-20	1.134912499036097918e-10	4.521594644702606487e-20	1.608022130568139210e-02	6.807561986908636231e-02	1.924380130913882006e-03	3.925175459765485740e-12	1.919778903077633096e-03
1.940000000000000000e+04	2.067167039576406448e-10	4.739487994525323785e-13	7.976752693126159520e-18	1.995526725369047016e-03	1.589696924726390318e-10	5.821903574462573672e-27	4.918059354351702667e-13	1.546256434241761094e-12	4.472796060557929886e-06	6.558147944217892267e-20	1.103280110103848559e-10	4.273179570425279771e-20	1.607998622949201317e-02	6.807551306770151522e-02	1.924486932298688762e-03	3.945751402655190620e-12	1.920013973322689301e-03
1.950000000000000000e+04	2.009578634181553713e-10	4.607386955971703080e-13	7.754421226904559486e-18	1.995651428009191219e-03	1.589708079611465730e-10	5.821944426686177214e-27	4.781010404652825989e-13	1.503173304631734865e-12	4.348102323226043435e-06	6.375318310202467458e-20	1.072529014515334353e-10	4.038406287074420219e-20	1.607975770679557700e-02	6.807540924450009023e-02	1.924590755500100309e-03	3.966327491988933375e-12	1.920242490239740685e-03
1.960000000000000000e+04	1.953593134457218484e-10	4.478966395254919502e-13	7.538284155843056646e-18	1.995772654863106274e-03	1.589718923249859517e-10	5.821984139039719658e-27	4.647778175466404425e-13	1.461289704255668915e-12	4.226884124238458131e-06	6.197584609163343318e-20	1.042634677715480781e-10	3.816526136438479733e-20	1.607953555493021533e-02	6.807530831643118785e-02	1.924691683569012450e-03	3.986903723680555678e-12	1.920464636485980439e-03
1.970000000000000000e+04	1.899166007529694613e-10	4.354123861087962848e-13	7.328169050223401677e-18	1.995890502771210679e-03	1.589729464331574987e-10	5.822022743348361000e-27	4.518256510636017133e-13	1.420572286760331282e-12	4.109044630110751537e-06	6.024804861307358662e-20	1.013573250616085540e-10	3.606831524072719433e-20	1.607931959632331528e-02	6.807521020276004198e-02	1.924789797240105847e-03	4.007480093757983079e-12	1.920680589629569909e-03
1.980000000000000000e+04	1.846253946228094381e-10	4.232759732974102059e-13	7.123908244663513622e-18	1.996005065877886828e-03	1.589739711303673282e-10	5.822060270547538861e-27	4.392342184296887969e-13	1.380988625725262075e-12	3.994489703112846876e-06	5.856841039413712697e-20	9.853215430935052802e-11	3.408653633561502034e-20	1.607910965834979597e-02	6.807511482500368249e-02	1.924885174996451885e-03	4.028056598360042300e-12	1.920890522291312597e-03
1.990000000000000000e+04	1.794814848134840403e-10	4.114777172002817928e-13	6.925338755304972876e-18	1.996116435706450556e-03	1.589749672377043846e-10	5.822096750707766942e-27	4.269934846734998907e-13	1.342507197054155284e-12	3.883127826401877395e-06	5.693558959066001916e-20	9.578570125347009173e-11	3.221360339227028646e-20	1.607890557319426386e-02	6.807502210686777744e-02	1.924977893132384914e-03	4.048633233733355267e-12	1.921094602282383832e-03
2.000000000000000000e+04	1.744807774778838798e-10	4.000082026189181903e-13	6.732302120495359170e-18	1.996224701232145703e-03	1.589759355533157061e-10	5.822132213059361009e-27	4.150936928834998973e-13	1.305097349441856295e-12	3.774870031136021930e-06	5.534828171783508603e-20	9.311577418017000641e-11	3.044354170629567344e-20	1.607870717771714766e-02	6.807493197418565400e-02	1.925068025814520275e-03	4.069209996229332504e-12	1.921292992738241230e-03
2.010000000000000000e+04	1.696192922547436692e-10	3.888582762742629841e-13	6.544644286793781662e-18	1.996329948952788123e-03	1.589768768530328077e-10	5.822166686015386293e-27	4.035253571424698645e-13	1.268729282089333035e-12	3.669629825644016585e-06	5.380521861169297286e-20	9.052024234648031475e-11	2.877070430591780721e-20	1.607851431332453507e-02	6.807484435485904040e-02	1.925155645141110030e-03	4.089786882301234378e-12	1.921485852248805068e-03
2.020000000000000000e+04	1.648931589982043007e-10	3.780190392099668449e-13	6.362215481114840253e-18	1.996432262957753903e-03	1.589777918910089974e-10	5.822200197194989441e-27	3.922792547300128572e-13	1.233374020350528369e-12	3.567323126522551097e-06	5.230516741883829181e-20	8.799703421185658103e-11	2.718975388534240027e-20	1.607832682584161427e-02	6.807475917880047300e-02	1.925240821199700192e-03	4.110363888501337360e-12	1.921673334985026091e-03
2.030000000000000000e+04	1.602986149021071425e-10	3.674818401064225991e-13	6.184870098201060251e-18	1.996531724994950532e-03	1.589786814003226760e-10	5.822232773445497153e-27	3.813464191814562648e-13	1.199003393903343433e-12	3.467868191706208418e-06	5.084692961511448595e-20	8.554413588178949836e-11	2.569564593805692427e-20	1.607814456538960227e-02	6.807467637787692483e-02	1.925323622123249452e-03	4.130941011478154410e-12	1.921855590821923377e-03
2.040000000000000000e+04	1.558320013891976852e-10	3.572382680608720762e-13	6.012466579109160549e-18	1.996628414535895485e-03	1.589795460935674264e-10	5.822264440864026222e-27	3.707181328789719615e-13	1.165590013613684484e-12	3.371185555347909700e-06	4.942934005080702081e-20	8.315958942712477976e-11	2.428361264717404254e-20	1.607796738626611835e-02	6.807459588585548782e-02	1.925404114144630948e-03	4.151518247973755521e-12	1.922032765458220631e-03
2.050000000000000000e+04	1.514897613032751696e-10	3.472801460670845011e-13	5.844867301470346610e-18	1.996722408838982887e-03	1.589803866634219669e-10	5.822295224818359606e-27	3.603859203039266949e-13	1.133107250355657203e-12	3.277197964513211297e-06	4.805126602244650933e-20	8.084149136623216447e-11	2.294914777890489858e-20	1.607779514682890903e-02	6.807451763835048464e-02	1.925482361649624588e-03	4.172095594821145624e-12	1.922205000532630978e-03
2.060000000000000000e+04	1.472684362808774240e-10	3.375995249109320490e-13	5.681938476750348067e-18	1.996813783011120412e-03	1.589812037832129447e-10	5.822325149967549866e-27	3.503415416912228146e-13	1.101529215039179527e-12	3.185830317665065943e-06	4.671160637086612572e-20	7.858799124398892268e-11	2.168799232019473572e-20	1.607762770938271635e-02	6.807444157277166286e-02	1.925558427228465670e-03	4.192673048941732963e-12	1.922372433736926033e-03
2.070000000000000000e+04	1.431646635816953110e-10	3.281886758300586099e-13	5.523550026708633314e-18	1.996902610067570298e-03	1.589819981074587036e-10	5.822354240281841729e-27	3.405769855706868237e-13	1.070830735460914178e-12	3.097009604792021819e-06	4.540929060334006509e-20	7.639728992306353248e-11	2.049612089838708925e-20	1.607746494006942820e-02	6.807436762827426269e-02	1.925632371725889474e-03	4.213250607342842704e-12	1.922535198925851658e-03
2.080000000000000000e+04	1.391751741486388474e-10	3.190400859960735364e-13	5.369575507361885638e-18	1.996988960989981490e-03	1.589827702723855217e-10	5.822382519061575132e-27	3.310844639129625584e-13	1.040987340726956240e-12	3.010664849215807161e-06	4.414327804037368953e-20	7.426763853223969671e-11	1.936972910715137336e-20	1.607730670876123674e-02	6.807429574571033370e-02	1.925704254289801760e-03	4.233828267115342834e-12	1.922693426223989971e-03
2.090000000000000000e+04	1.352967890827905835e-10	3.101464503671988900e-13	5.219891971860702414e-18	1.997072904783155425e-03	1.589835208964496665e-10	5.822410008956299923e-27	3.218564039713862555e-13	1.011975236166803737e-12	2.926727051098686379e-06	4.291255698737475122e-20	7.219733656983736370e-11	1.830522113701974007e-20	1.607715288895661399e-02	6.807422586758146710e-02	1.925774132418671186e-03	4.254406025431284591e-12	1.922847242129648243e-03
2.100000000000000000e+04	1.315264181791904274e-10	3.015006682689879711e-13	5.074379912941685166e-18	1.997154508529950471e-03	1.589842505808347111e-10	5.822436731982996595e-27	3.128854444704339116e-13	9.837712908485938216e-13	2.845129132362137807e-06	4.171614392706686295e-20	7.018473110775660609e-11	1.729919868534600068e-20	1.607700335767947228e-02	6.807415793799270753e-02	1.925842062007450048e-03	4.274983879541643071e-12	1.922996769615854936e-03
2.110000000000000000e+04	1.278610567544422275e-10	2.930958360623139537e-13	4.932923139526696225e-18	1.997233837444738289e-03	1.589849599099261547e-10	5.822462709543453999e-27	3.041644282308164841e-13	9.563530148360549664e-13	2.765805883303597053e-06	4.055308273675607146e-20	6.822821508469781808e-11	1.634844983361353462e-20	1.607685799538085061e-02	6.807409190260781118e-02	1.925908097392376329e-03	4.295561826774122446e-12	1.923142128228552423e-03
2.120000000000000000e+04	1.242977833001411084e-10	2.849252417083215096e-13	4.795408685248749109e-18	1.997310954925390902e-03	1.589856494517872845e-10	5.822487962441691548e-27	2.956863965473955479e-13	9.296985415463291875e-13	2.688693910549911914e-06	3.942244392521512761e-20	6.632622604096582046e-11	1.544993892770071977e-20	1.607671668584350136e-02	6.807402770860578045e-02	1.925972291394387323e-03	4.316139864531001585e-12	1.923283434182049062e-03
2.130000000000000000e+04	1.208337579240234566e-10	2.769823611417847296e-13	4.661726747414139421e-18	1.997385922603840507e-03	1.589863197586146160e-10	5.822512510900656770e-27	2.874445852421263638e-13	9.037866149904974334e-13	2.613731586548306531e-06	3.832332389212883436e-20	6.447724527424314936e-11	1.460079705329114035e-20	1.607657931608912419e-02	6.807396530463875883e-02	1.926034695361408724e-03	4.336717990287050751e-12	1.923420800451823651e-03
2.140000000000000000e+04	1.174662190686373059e-10	2.692608506990869607e-13	4.531770559562245256e-18	1.997458800395226792e-03	1.589869713671824249e-10	5.822536374578481629e-27	2.794324171190385195e-13	8.785965666460812084e-13	2.540859000424316524e-06	3.725484420753777567e-20	6.267979607694000643e-11	1.379831261891744720e-20	1.607644577628807372e-02	6.807390464079071668e-02	1.926095359209432445e-03	4.357296201587517772e-12	1.923554336864741459e-03
2.150000000000000000e+04	1.141924821921407892e-10	2.617545440469608369e-13	4.405436339774953393e-18	1.997529646545732809e-03	1.589876047992813597e-10	5.822559572584555170e-27	2.716434985580225394e-13	8.541083043305693074e-13	2.470017910192100747e-06	3.621615091115776289e-20	6.093244302125187071e-11	1.303992298781923222e-20	1.607631595967171784e-02	6.807384566853770524e-02	1.926154331462433473e-03	4.377874496046141677e-12	1.923684150186763140e-03
2.160000000000000000e+04	1.110099368434127153e-10	2.544574454329426243e-13	4.282623177079051901e-18	1.997598517678840502e-03	1.589882205621191592e-10	5.822582123494212177e-27	2.640716127556241806e-13	8.303022914158079056e-13	2.401151696336813853e-06	3.520641383177524105e-20	5.923379038796907401e-11	1.232320608290779487e-20	1.607618976244714476e-02	6.807378834070894336e-02	1.926211659291220514e-03	4.398452871343261651e-12	1.923810344208211820e-03
2.170000000000000000e+04	1.079160457111221953e-10	2.473637274632148169e-13	4.163232994046388549e-18	1.997665468840708475e-03	1.589888191487456680e-10	5.822604045364277048e-27	2.567107171282677630e-13	8.071595381099722950e-13	2.334205316666430532e-06	3.422482592530319893e-20	5.758248164919238674e-11	1.164587292256458042e-20	1.607606708371421556e-02	6.807373261144897270e-02	1.926267388551180550e-03	4.419031325223938916e-12	1.923933019826665767e-03
2.180000000000000000e+04	1.049083415052919059e-10	2.404677239145469164e-13	4.047170425815901884e-18	1.997730553543929088e-03	1.589894010384424645e-10	5.822625355747347804e-27	2.495549361802639326e-13	7.846615796566315460e-13	2.269125262346917546e-06	3.327060263013211055e-20	5.597719779506315484e-11	1.100576012137625809e-20	1.607594782538508682e-02	6.807367843618125636e-02	1.926321563818902743e-03	4.439609855496159390e-12	1.924052275127548228e-03
2.190000000000000000e+04	1.019844254301083355e-10	2.337639261956448433e-13	3.934342760536677464e-18	1.997793823810346640e-03	1.589899666971079135e-10	5.822646071705890680e-27	2.425985577325167963e-13	7.627904642884108199e-13	2.205859515346980821e-06	3.234298124318637499e-20	5.441665651001979718e-11	1.040082303030247186e-20	1.607583189210566241e-02	6.807362577157219374e-02	1.926374228427968176e-03	4.460188460029072693e-12	1.924168205462468625e-03
2.200000000000000000e+04	9.914196557705879534e-11	2.272469796283034882e-13	3.824659876778216025e-18	1.997855330212379779e-03	1.589905165776315170e-10	5.822666209825949448e-27	2.358360289962566690e-13	7.415287407546491023e-13	2.144357506784404573e-06	3.144122030919674026e-20	5.289961130710704348e-11	9.829129336018071427e-21	1.607571919117969927e-02	6.807357457549667590e-02	1.926425424503456314e-03	4.480767136751287711e-12	1.924280903525389923e-03
2.210000000000000000e+04	9.637869474720114259e-11	2.209116784217807808e-13	3.718034158947086266e-18	1.997915121913546380e-03	1.589910511202606915e-10	5.822685786230584965e-27	2.292619514670486284e-13	7.208594424755623678e-13	2.084570076703729156e-06	3.056459903094373292e-20	5.142485035808738881e-11	9.288852800696666034e-21	1.607560963249456479e-02	6.807352480700436248e-02	1.926475192995768214e-03	4.501345883649206918e-12	1.924390459426668365e-03
2.220000000000000000e+04	9.369240862074083272e-11	2.147529614452383047e-13	3.614380426135377464e-18	1.997973246707510867e-03	1.589915707529447198e-10	5.822704816592464529e-27	2.228710765619545666e-13	7.007660738707241904e-13	2.026449434812088764e-06	2.971241669355701805e-20	4.999119550933008871e-11	8.778267433356146366e-21	1.607550312844933590e-02	6.807347642628677753e-02	1.926523573713344274e-03	4.521924698765419677e-12	1.924496960765036688e-03
2.230000000000000000e+04	9.108096420567252482e-11	2.087659086416604778e-13	3.513615871765475462e-18	1.998029751056335304e-03	1.589920758916880090e-10	5.822723316146799206e-27	2.166583018573358790e-13	6.812325984527083818e-13	1.969949122345330329e-06	2.888399210539294135e-20	4.859750144702652087e-11	8.295742040663036438e-21	1.607539959388477185e-02	6.807342939464559872e-02	1.926570605354506818e-03	4.542503580197128659e-12	1.924600492697582004e-03
2.240000000000000000e+04	8.854227807645711372e-11	2.029457369621338056e-13	3.415659995162323723e-18	1.998084680127550864e-03	1.589925669408821000e-10	5.822741299703516334e-27	2.106186669006269864e-13	6.622434257175282616e-13	1.915023975013016486e-06	2.807866305472420905e-20	4.724265475075283044e-11	7.839735008440857847e-21	1.607529894601531645e-02	6.807338367446164051e-02	1.926616325538437922e-03	4.563082526094621498e-12	1.924701138007775579e-03
2.250000000000000000e+04	8.607432478699603118e-11	1.972877967012136154e-13	3.320434539876134692e-18	1.998138077830155512e-03	1.589930442936276733e-10	5.822758781659025233e-27	2.047473494017670634e-13	6.437833991591679317e-13	1.861630086950879367e-06	2.729578578120434522e-20	4.592557304039937215e-11	7.408789387361023502e-21	1.607520110436293920e-02	6.807333922916482261e-02	1.926660770835266021e-03	4.583661534659801412e-12	1.924798977171609604e-03
2.260000000000000000e+04	8.367513498288163129e-11	1.917875671445907810e-13	3.227863420430844607e-18	1.998189986849659323e-03	1.589935083320519023e-10	5.822775776007864525e-27	1.990396608066842278e-13	6.258377825233511706e-13	1.809724775666288178e-06	2.653473446188309458e-20	4.464520396301444728e-11	7.001528213771755063e-21	1.607510599069288462e-02	6.807329602320477679e-02	1.926703976795305978e-03	4.604240604144733985e-12	1.924894088421891247e-03
2.270000000000000000e+04	8.134279423011930469e-11	1.864406538603004654e-13	3.137872676734036804e-18	1.998240448682226875e-03	1.589939594276180255e-10	5.822792296354028037e-27	1.934910433887483436e-13	6.083922504770736738e-13	1.759266548006655589e-06	2.579490071223708841e-20	4.340052456223912665e-11	6.616650173184922466e-21	1.607501352895109384e-02	6.807325402202255016e-02	1.926745977977532397e-03	4.624819732850250490e-12	1.924986547810748211e-03
2.280000000000000000e+04	7.907544122355372726e-11	1.812427845695610792e-13	3.050390404581474131e-18	1.998289503667685998e-03	1.589943979414179098e-10	5.822808355921684440e-27	1.880970660498933312e-13	5.914328755705251879e-13	1.710215067004713603e-06	2.507569310004082367e-20	4.219054031710194326e-11	6.252925405022788132e-21	1.607492364520353087e-02	6.807321319202290499e-02	1.926786807977189922e-03	4.645398919124590799e-12	1.925076429270389808e-03
2.290000000000000000e+04	7.687126649205895572e-11	1.761898061574939735e-13	2.965346705346285240e-18	1.998337191021785832e-03	1.589948242244634511e-10	5.822823967565844517e-27	1.828534211781076088e-13	5.749461182796681227e-13	1.662531119725638390e-06	2.437653667393815418e-20	4.101428444616031700e-11	5.909191612582580092e-21	1.607483626757697653e-02	6.807317350054739591e-02	1.926826499452708548e-03	4.665978161362076172e-12	1.925163804672182970e-03
2.300000000000000000e+04	7.472851083493291312e-11	1.712776810689448633e-13	2.882673625319149366e-18	1.998383548867431816e-03	1.589952386179653594e-10	5.822839143782576427e-27	1.777559209514813566e-13	5.589188154698473201e-13	1.616176585925541000e-06	2.369687250390255934e-20	3.987081706850294973e-11	5.584350333429451118e-21	1.607475132620175481e-02	6.807313491584830734e-02	1.926865084151793651e-03	4.686557458001822449e-12	1.925248743884075278e-03
2.310000000000000000e+04	7.264546397296848197e-11	1.665024841974667323e-13	2.802305103348623640e-18	1.998428614265271904e-03	1.589956414536178389e-10	5.822853896719420424e-27	1.728004941056922204e-13	5.433381702244188853e-13	1.571114407645379962e-06	2.303615723541703960e-20	3.875922447955292111e-11	5.277363435638269620e-21	1.607466875315577068e-02	6.807309740706324330e-02	1.926902592936845108e-03	4.707136807526490388e-12	1.925331314826423789e-03
2.320000000000000000e+04	7.062046306506876690e-11	1.618603994672738071e-13	2.724176913314006231e-18	1.998472423243123977e-03	1.589960330538525319e-10	5.822868238184702269e-27	1.679831824299576956e-13	5.281917409093861377e-13	1.527308559616461046e-06	2.239386265554925643e-20	3.767861835539885752e-11	4.987249804230642514e-21	1.607458848241033814e-02	6.807306094419045273e-02	1.926939055809636552e-03	4.727716208461070746e-12	1.925411583526272143e-03
2.330000000000000000e+04	6.865189178844434181e-11	1.573477177078178613e-13	2.648226628353593113e-18	1.998515010824815190e-03	1.589964137321027515e-10	5.822882179657200349e-27	1.633001384576637593e-13	5.134674337149099373e-13	1.484724020509689629e-06	2.176947527141115721e-20	3.662813525802896556e-11	4.713082245882082054e-21	1.607451044977735444e-02	6.807302549806477920e-02	1.926974501935325469e-03	4.748295659371702477e-12	1.925489614170106762e-03
2.340000000000000000e+04	6.673817851458195244e-11	1.529608324569675719e-13	2.574393550230470124e-18	1.998556411058135304e-03	1.589967837930541950e-10	5.822895732295337836e-27	1.587476212689901061e-13	4.991534897585265354e-13	1.443326744967796806e-06	2.116249590007520197e-20	3.560693565837561775e-11	4.453984472657522451e-21	1.607443459285802512e-02	6.807299104033431858e-02	1.927008959665778504e-03	4.768875158864527280e-12	1.925565469155151753e-03
2.350000000000000000e+04	6.487779543509751921e-11	1.486962379421014423e-13	2.502618675353465391e-18	1.998596657042053196e-03	1.589971435328926327e-10	5.822908906946244272e-27	1.543219942982874174e-13	4.852384780055908344e-13	1.403083636416525801e-06	2.057243926993462538e-20	3.461420346634460306e-11	4.209128340193792228e-21	1.607436085099298723e-02	6.807295754343785366e-02	1.927042456562245813e-03	4.789454705584566766e-12	1.925639209139230279e-03
2.360000000000000000e+04	6.306925733438141587e-11	1.445505262526131979e-13	2.432844647189266594e-18	1.998635780953005297e-03	1.589974932395289265e-10	5.822921714153992774e-27	1.500197224102395412e-13	4.717112860960930019e-13	1.363962520656032287e-06	1.999883363349366264e-20	3.364914537261783294e-11	3.977731220492174201e-21	1.607428916521385850e-02	6.807292498058269137e-02	1.927075019417425449e-03	4.810034298214644053e-12	1.925710893089241198e-03
2.370000000000000000e+04	6.131112011907124662e-11	1.405203839557949082e-13	2.365015699306343910e-18	1.998673814070842276e-03	1.589978331928510107e-10	5.822934164168846730e-27	1.458373684751081605e-13	4.585611097422595598e-13	1.325932120151000910e-06	1.944122039039565182e-20	3.271099006088288955e-11	3.759053450164229561e-21	1.607421947819608760e-02	6.807289332572323548e-02	1.927106674276882203e-03	4.830613935474326368e-12	1.925780578328283033e-03
2.380000000000000000e+04	5.960197994890275181e-11	1.366025900918787122e-13	2.299077621630672906e-18	1.998710786803572712e-03	1.589981636649300398e-10	5.822946266954793891e-27	1.417715912159460238e-13	4.457774458227202230e-13	1.288962029056402730e-06	1.889915372125140222e-20	3.179898774110938675e-11	3.552396014219752407e-21	1.607415173421316776e-02	6.807286255354025317e-02	1.927137446459879907e-03	4.851193616118893487e-12	1.925848320581465640e-03
2.390000000000000000e+04	5.794047224201209967e-11	1.327940138820073904e-13	2.234977721869949017e-18	1.998746728711669161e-03	1.589984849202403418e-10	5.822958032197598481e-27	1.378191428018474772e-13	4.333500847614893517e-13	1.253022688933054903e-06	1.837220023157758456e-20	3.091240961599977464e-11	3.357098323789949397e-21	1.607408587909209610e-02	6.807283263942047469e-02	1.927167360579636925e-03	4.871773338938353851e-12	1.925914174020444897e-03
2.400000000000000000e+04	5.632527004207623900e-11	1.290916109743038112e-13	2.172664762333389848e-18	1.998781668531825206e-03	1.589987972158810509e-10	5.822969469312933659e-27	1.339768651105887855e-13	4.212690990783060929e-13	1.218085365169292232e-06	1.785993860607165944e-20	3.005054700713177162e-11	3.172536046350783561e-21	1.607402186017004020e-02	6.807280355943709504e-02	1.927196440563039336e-03	4.892353102756464707e-12	1.925978191306719446e-03
2.410000000000000000e+04	5.475508356236180127e-11	1.254924223879242905e-13	2.112088942159723195e-18	1.998815634199799587e-03	1.589991008017767498e-10	5.822980587453717597e-27	1.302416884699576188e-13	4.095248391213032543e-13	1.184122123993914512e-06	1.736195927158484996e-20	2.921271110915032975e-11	2.998119176054349254e-21	1.607395962625229879e-02	6.807277529033041452e-02	1.927224709669746096e-03	4.912932906429795875e-12	1.926040423633719207e-03
2.420000000000000000e+04	5.322865875342179698e-11	1.219935712200622666e-13	2.053201841894706423e-18	1.998848652872721714e-03	1.589993959208735640e-10	5.822991395517299610e-27	1.266106283591692191e-13	3.981079229215337436e-13	1.151105810214216098e-06	1.687786407070119268e-20	2.839823222320844627e-11	2.833290113649193506e-21	1.607389912757126865e-02	6.807274780948929793e-02	1.927252190510843170e-03	4.933512748846808061e-12	1.926100920767721218e-03
2.430000000000000000e+04	5.174477658533485517e-11	1.185922609911216350e-13	1.995956395639717750e-18	1.998880750950853338e-03	1.589996828093453360e-10	5.823001902153003580e-27	1.230807836168504874e-13	3.870092304164267559e-13	1.119010025454036180e-06	1.640726594266534428e-20	2.760645937174902623e-11	2.677521903856494956e-21	1.607384031574688940e-02	6.807272109493327228e-02	1.927278905066857331e-03	4.954092628926971546e-12	1.926159731087629442e-03
2.440000000000000000e+04	5.030225200370652968e-11	1.152857732428067205e-13	1.940306850626618831e-18	1.998911954098636385e-03	1.589999616967751143e-10	5.823012115768787460e-27	1.196493339739767347e-13	3.762198957414932398e-13	1.087809107128819829e-06	1.594978861510747654e-20	2.683675973937693934e-11	2.530316558013868321e-21	1.607378314374778225e-02	6.807269512529473543e-02	1.927304874705398734e-03	4.974672545619894585e-12	1.926216901623638723e-03
2.450000000000000000e+04	4.889993269032913133e-11	1.120714646889487156e-13	1.886208719265006143e-18	1.998942287265187412e-03	1.590002328063394077e-10	5.823022044537987450e-27	1.163135371836089527e-13	3.657312983701948318e-13	1.057478107934436933e-06	1.550506630329575879e-20	2.608851800961527795e-11	2.391203416981637136e-21	1.607372756585369322e-02	6.807266987980190032e-02	1.927330120198243821e-03	4.995252497904485719e-12	1.926272478094828624e-03
2.460000000000000000e+04	4.753669870445356833e-11	1.089467663851640071e-13	1.833618765167205705e-18	1.998971774704125064e-03	1.590004963549797476e-10	5.823031696405587918e-27	1.130707280067522576e-13	3.555350596353217189e-13	1.027992775906264575e-06	1.507274341777117359e-20	2.536113617161437331e-11	2.259737724030916150e-21	1.607367353761900153e-02	6.807264533826223873e-02	1.927354661737936412e-03	5.015832484788132252e-12	1.926326504945706898e-03
2.470000000000000000e+04	4.621146099911161251e-11	1.059091803206398949e-13	1.782494945786643706e-18	1.999000439993174182e-03	1.590007525535947493e-10	5.823041079095271211e-27	1.099183148444089442e-13	3.456230324609192392e-13	9.993295350542903614e-07	1.465247428039971454e-20	2.465403272677194777e-11	2.135499127768506966e-21	1.607362101583714384e-02	6.807262148104623045e-02	1.927378518953950116e-03	5.036412505305912652e-12	1.926379025381736842e-03
2.480000000000000000e+04	4.492316104726274869e-11	1.029562785539931446e-13	1.732796397873979688e-18	1.999028306052775053e-03	1.590010016071917442e-10	5.823050200114963656e-27	1.068537787061981101e-13	3.359872978633973968e-13	9.714654665186088594e-07	1.424392284808147970e-20	2.396664248757412796e-11	2.018090398722084027e-21	1.607356995850613146e-02	6.807259828907177845e-02	1.927401710928375441e-03	5.056992558519813796e-12	1.926430081403869565e-03
2.490000000000000000e+04	4.367076966074499813e-11	1.000857004995210356e-13	1.684483391803604913e-18	1.999055395164592904e-03	1.590012437150645722e-10	5.823059066763347273e-27	1.038746704920185500e-13	3.266201565907348643e-13	9.443782902843413710e-07	1.384676244464155479e-20	2.329841594587635407e-11	1.907136122811484711e-21	1.607352032479490711e-02	6.807257574378897114e-02	1.927424256211215286e-03	5.077572643517989423e-12	1.926479713842121303e-03
2.500000000000000000e+04	4.245328641480363449e-11	9.729515160175478147e-14	1.637517309265831176e-18	1.999081728989150503e-03	1.590014790709422673e-10	5.823067686135306048e-27	1.009786095508947216e-13	3.175141244663531776e-13	9.180463473547101100e-07	1.346067549945299199e-20	2.264881896435974781e-11	1.802281528176753169e-21	1.607347207501074945e-02	6.807255382716499714e-02	1.927446172835192316e-03	5.098152759414028262e-12	1.926527962388211368e-03
2.510000000000000000e+04	4.126973865249438841e-11	9.458240104749623218e-14	1.591860604759530482e-18	1.999107328583223531e-03	1.590017078631506165e-10	5.823076065127843585e-27	9.816328136507488502e-14	3.086619252186473730e-13	8.924485824584674540e-07	1.308535329388357375e-20	2.201733224392836015e-11	1.703191328379342922e-21	1.607342517056753461e-02	6.807253252167000390e-02	1.927467478330184688e-03	5.118732905346238338e-12	1.926574865627290242e-03
2.520000000000000000e+04	4.011918082845838477e-11	9.194528025602313423e-14	1.547476780181667661e-18	1.999132214416634006e-03	1.590019302747598371e-10	5.823084210445489919e-27	9.542643595266640322e-14	3.000564854004942623e-13	8.675645272309318117e-07	1.272049571469452914e-20	2.140345097225207470e-11	1.609548670439667275e-21	1.607337957395490666e-02	6.807251181026294229e-02	1.927488189737253674e-03	5.139313080476965185e-12	1.926620461068783829e-03
2.530000000000000000e+04	3.900069368732444344e-11	8.938168099056872015e-14	1.504330353042732859e-18	1.999156406388652094e-03	1.590021464837363902e-10	5.823092128605861154e-27	9.276588592933300815e-14	2.916909283357442769e-13	8.433742838520995141e-07	1.236581101413648052e-20	2.080668438414806510e-11	1.521054108080742564e-21	1.607333524870824953e-02	6.807249167637792475e-02	1.927508323622266224e-03	5.159893283991914116e-12	1.926664785176377716e-03
2.540000000000000000e+04	3.791338364471847909e-11	8.688955393448631437e-14	1.462386832503001145e-18	1.999179923843779922e-03	1.590023566630748646e-10	5.823099825944488713e-27	9.017950500140811794e-14	2.835585693256123268e-13	8.198585091589509489e-07	1.202101557700256536e-20	2.022655543013373368e-11	1.437424659319172945e-21	1.607329215937955760e-02	6.807247210391102754e-02	1.927527896089156713e-03	5.180473515099509633e-12	1.926707873397170718e-03
2.550000000000000000e+04	3.685638195459222527e-11	8.446690677797328098e-14	1.421612687171316055e-18	1.999202785587342844e-03	1.590025609809484976e-10	5.823107308620334496e-27	8.766522601600180518e-14	2.756529095856328340e-13	7.969983991741335286e-07	1.168583369378078863e-20	1.966260033104538572e-11	1.358392890733765812e-21	1.607325027150913535e-02	6.807245307720739824e-02	1.927546922792794685e-03	5.201053773030246778e-12	1.926749760190008334e-03
2.560000000000000000e+04	3.582884402955175008e-11	8.211180265572377154e-14	1.381975318810145045e-18	1.999225009900454028e-03	1.590027596008386548e-10	5.823114582620531883e-27	8.522103933831521493e-14	2.679676311410529967e-13	7.747756740895086557e-07	1.135999734047900922e-20	1.911436821434777452e-11	1.283706064725355663e-21	1.607320955159800835e-02	6.807243458104869638e-02	1.927565418951513246e-03	5.221634057036082858e-12	1.926790479053032325e-03
2.570000000000000000e+04	3.482994886848190199e-11	7.982235883073680935e-14	1.343443040183526145e-18	1.999246614554655525e-03	1.590029526816672303e-10	5.823121653765230778e-27	8.284499145963339834e-14	2.604965924004163124e-13	7.531725636657145799e-07	1.104324596455184722e-20	1.858142080774478046e-11	1.213125338232614990e-21	1.607316996708110790e-02	6.807241660064092259e-02	1.927583399359292238e-03	5.242214366389843719e-12	1.926830062550461808e-03
2.580000000000000000e+04	3.385889830166060433e-11	7.759674496010575575e-14	1.305985045869595793e-18	1.999267616826037614e-03	1.590031403779187338e-10	5.823128527712075303e-27	8.053518322733570854e-14	2.532338226469036091e-13	7.321717930215447232e-07	1.073532627653812994e-20	1.806333203548183592e-11	1.146424993830057405e-21	1.607313148630130917e-02	6.807239912160263640e-02	1.927600878397579950e-03	5.262794700384631635e-12	1.926868542338625164e-03
2.590000000000000000e+04	3.291491633818008218e-11	7.543318159550233961e-14	1.269571387023120616e-18	1.999288033509124835e-03	1.590033228397703130e-10	5.823135209960962027e-27	7.828976829503760503e-14	2.461735171772451727e-13	7.117565688322618640e-07	1.043599204769638951e-20	1.755968766928158748e-11	1.083391717538418339e-21	1.607309407848409727e-02	6.807238212995343762e-02	1.927617870046796937e-03	5.283375058333267120e-12	1.926905949191268144e-03
2.600000000000000000e+04	3.199724868448074517e-11	7.332993907602408415e-14	1.234172952741663564e-18	1.999307880930294937e-03	1.590035002132115394e-10	5.823141705858426546e-27	7.610695193696236164e-14	2.393100335040701328e-13	6.919105659043891393e-07	1.014500391316415014e-20	1.707008507061574283e-11	1.023823923660727482e-21	1.607305771371296196e-02	6.807236561210268377e-02	1.927634387897519562e-03	5.303955439567736397e-12	1.926942313024160476e-03
2.610000000000000000e+04	3.110516201707383043e-11	7.128533585792106316e-14	1.199761441954201424e-18	1.999327174960756782e-03	1.590036726401560263e-10	5.823148020601729441e-27	7.398498935127330682e-14	2.326378860911015405e-13	6.726179141393598961e-07	9.862129180812208417e-21	1.659413280189111471e-11	9.675311041629504115e-22	1.607302236290545153e-02	6.807234955483883188e-02	1.927650445161356715e-03	5.324535843438655026e-12	1.926977662919009690e-03
2.620000000000000000e+04	3.023794343916522389e-11	6.929773726597662392e-14	1.166309342406349475e-18	1.999345931029311400e-03	1.590038402585604135e-10	5.823154159243219907e-27	7.192218435423847779e-14	2.261517422281558934e-13	6.538631858485277149e-07	9.587141645254809990e-21	1.613145033579017656e-11	9.143332238792631579e-22	1.607298799778994827e-02	6.807233394531869708e-02	1.927666054681516881e-03	5.345116269314749298e-12	1.927012027146712695e-03
2.630000000000000000e+04	2.939489988832796722e-11	6.736555413287395115e-14	1.133789907760343011e-18	1.999364164134628634e-03	1.590040032025314353e-10	5.823160126694251667e-27	6.991688797609541817e-14	2.198464176312848664e-13	6.356313834170376465e-07	9.319821406973319310e-21	1.568166773853645536e-11	8.640601394689905936e-22	1.607295459088307205e-02	6.807231877105711371e-02	1.927681228943075751e-03	5.365696716582354597e-12	1.927045433189959658e-03
2.640000000000000000e+04	2.857535766065625459e-11	6.548724170571061617e-14	1.102177139191229619e-18	1.999381888857293919e-03	1.590041616024382621e-10	5.823165927729295488e-27	6.796749730609079408e-14	2.137168727729646182e-13	6.179079273191132074e-07	9.059954696594901126e-21	1.524442541534795425e-11	8.165510651265763350e-22	1.607292211546770128e-02	6.807230401991726243e-02	1.927695980082962590e-03	5.386277184644917795e-12	1.927077907765205799e-03
2.650000000000000000e+04	2.777866172508304651e-11	6.366129807176669979e-14	1.071445758891899090e-18	1.999399119371389737e-03	1.590043155850100820e-10	5.823171566989520760e-27	6.607245390150054549e-14	2.077582079609656072e-13	6.006786444714559517e-07	8.807333704123128988e-21	1.481937374398004025e-11	7.716540472313005941e-22	1.607289054557159078e-02	6.807228968010056724e-02	1.927710319899675557e-03	5.406857672922525508e-12	1.927109476844033210e-03
2.660000000000000000e+04	2.700417539990484224e-11	6.188626341451909157e-14	1.041571197551500232e-18	1.999415869455892746e-03	1.590044652734441252e-10	5.823177048986745860e-27	6.423024296100474539e-14	2.019656606355191645e-13	5.839297568967187121e-07	8.561756412723579066e-21	1.440617290153703835e-11	7.292254887845899333e-22	1.607285985594664526e-02	6.807227574013753613e-02	1.927724259862711011e-03	5.427438180851435568e-12	1.927140165673913103e-03
2.670000000000000000e+04	2.625127970563696307e-11	6.016071852805238543e-14	1.012529569352367182e-18	1.999432152505654144e-03	1.590046107875008674e-10	5.823182378106924312e-27	6.243939182306191231e-14	1.963346007241413553e-13	5.676478707230691263e-07	8.323026437428874975e-21	1.400449251864984236e-11	6.891296861159523434e-22	1.607283002204868208e-02	6.807226218887850455e-02	1.927737811121746705e-03	5.448018707883629510e-12	1.927169998798396481e-03
2.680000000000000000e+04	2.551937285744027087e-11	5.848328365145172587e-14	9.842976523523706473e-19	1.999447981542063022e-03	1.590047522435972685e-10	5.823187558613564225e-27	6.069846876095299509e-14	1.908605268618965764e-13	5.518199654654890269e-07	8.090952867977733697e-21	1.361401140814046785e-11	6.512383909450364081e-22	1.607280102001784269e-02	6.807224901548471208e-02	1.927750984515549807e-03	5.468599253486374748e-12	1.927199000076734942e-03
2.690000000000000000e+04	2.480786989285009407e-11	5.685261761342026668e-14	9.568528740884835299e-19	1.999463369223499799e-03	1.590048897549028551e-10	5.823192594651239567e-27	5.900608206609662726e-14	1.855390634539710064e-13	5.364333836292633536e-07	7.865350116381057599e-21	1.323441736590211243e-11	6.154304086117066234e-22	1.607277282665954196e-02	6.807223620941958708e-02	1.927763790580655284e-03	5.489179817141790787e-12	1.927227192702958948e-03
2.700000000000000000e+04	2.411620211539989427e-11	5.526741655509280443e-14	9.301732900812041023e-19	1.999478327855492600e-03	1.590050234314340185e-10	5.823197490249047625e-27	5.736087874842360582e-14	1.803659566385047123e-13	5.214758205888652054e-07	7.646037768521047129e-21	1.286540687358974311e-11	5.815912045621704702e-22	1.607274541942581986e-02	6.807222376044046175e-02	1.927776239559792111e-03	5.509760398346443711e-12	1.927254599224422025e-03
2.710000000000000000e+04	2.344381669352257306e-11	5.372641300882577969e-14	9.042375683302207999e-19	1.999492869400456858e-03	1.590051533801340968e-10	5.823202249323548463e-27	5.576154356654144942e-14	1.753370712108535248e-13	5.069353147487353629e-07	7.432840439887066596e-21	1.250668488417657265e-11	5.496125411728654515e-22	1.607271877639744606e-02	6.807221165859020373e-02	1.927788341410069861e-03	5.530340996610939866e-12	1.927281241559829737e-03
2.720000000000000000e+04	2.279017618625548410e-11	5.222837480935453766e-14	8.790249709887362067e-19	1.999507005487425378e-03	1.590052797049725068e-10	5.823206875682380938e-27	5.420679790775987560e-14	1.704483871212383433e-13	4.928002379868280904e-07	7.225587635455366386e-21	1.215796456848812750e-11	5.193921306104773037e-22	1.607269287626629517e-02	6.807219989418933359e-02	1.927800105810949325e-03	5.550921611459528424e-12	1.927307141016765387e-03
2.730000000000000000e+04	2.215475810388104673e-11	5.077210408511586479e-14	8.545153373870148409e-19	1.999520747421068036e-03	1.590054025070056972e-10	5.823211373026510524e-27	5.269539874501238171e-14	1.656959962020830203e-13	4.790592863579909647e-07	7.024113613379111634e-21	1.181896708039763461e-11	4.908333066863989324e-22	1.607266769831833600e-02	6.807218845782828098e-02	1.927811542171983935e-03	5.571502242429736258e-12	1.927332318308726082e-03
2.740000000000000000e+04	2.153705455799002996e-11	4.935643645460328110e-14	8.306890705067138005e-19	1.999534106191008537e-03	1.590055218844808819e-10	5.823215744954016804e-27	5.122613778486256168e-14	1.610760994549322552e-13	4.657014710599286234e-07	6.828257252530452835e-21	1.148942136974986054e-11	4.638447190805120625e-22	1.607264322241709273e-02	6.807217734035993228e-02	1.927822659640346294e-03	5.592082889071979396e-12	1.927356793571686740e-03
2.750000000000000000e+04	2.093657179241519579e-11	4.798023994980654965e-14	8.075271188619253799e-19	1.999547092480429954e-03	1.590056379328998885e-10	5.823219994962432408e-27	4.979784036865797933e-14	1.565850036304259694e-13	4.527161096465030458e-07	6.637861923665794305e-21	1.116906393175432422e-11	4.383400384354016115e-22	1.607261942898751544e-02	6.807216653289215047e-02	1.927833467108143722e-03	5.612663550949214862e-12	1.927380586380201145e-03
2.760000000000000000e+04	2.035282977840356599e-11	4.664241408695636932e-14	7.850109608594315563e-19	1.999559716674727521e-03	1.590057507451050035e-10	5.823224126451902727e-27	4.840936451178827329e-14	1.522191182144005562e-13	4.400928174891472003e-07	6.452775364230362296e-21	1.085763859066892667e-11	4.142376799168258150e-22	1.607259629900034681e-02	6.807215602678078070e-02	1.927843973219529102e-03	5.633244227636589282e-12	1.927403715763051752e-03
2.770000000000000000e+04	1.978536191797537940e-11	4.534188918528509336e-14	7.631225933331655925e-19	1.999571988869739032e-03	1.590058604113469310e-10	5.823228142727646100e-27	4.705960017318597381e-14	1.479749530862701166e-13	4.278214994774896911e-07	6.272849556672502082e-21	1.055489634121789705e-11	3.914605462169226779e-22	1.607257381395688078e-02	6.807214581362268369e-02	1.927854186377621999e-03	5.653824918721093963e-12	1.927426200218466251e-03
2.780000000000000000e+04	1.923371454575256472e-11	4.407762522401859785e-14	7.418445123069181725e-19	1.999583918879807402e-03	1.590059670193578943e-10	5.823232047002657939e-27	4.574746810463548452e-14	1.438491149685405068e-13	4.158923419396233055e-07	6.097940609973213529e-21	1.026059508251701887e-11	3.699357752268852497e-22	1.607255195587421054e-02	6.807213588524911596e-02	1.927864114751215094e-03	5.674405623801241769e-12	1.927448057728910636e-03
2.790000000000000000e+04	1.869744672317948472e-11	4.284861136951989694e-14	7.211597050359694332e-19	1.999595516245715725e-03	1.590060706544269870e-10	5.823235842400457182e-27	4.447191931713145599e-14	1.398383056672563522e-13	4.042958048127685717e-07	5.927908644854042825e-21	9.974499507999940043e-12	3.495945139742978438e-22	1.607253070727080596e-02	6.807212623371899918e-02	1.927873766281327974e-03	5.694986342486739967e-12	1.927469305775466593e-03
2.800000000000000000e+04	1.817612971771278746e-11	4.165386478054933068e-14	7.010516298991272389e-19	1.999606790242202531e-03	1.590061713994610228e-10	5.823239531957316898e-27	4.323193388840894297e-14	1.359393184128100367e-13	3.930226140033903694e-07	5.762617681754708237e-21	9.696380827301027440e-12	3.303716916555266749e-22	1.607251005115256995e-02	6.807211685131278611e-02	1.927883148687542124e-03	5.715567074398181653e-12	1.927489961351809469e-03
2.810000000000000000e+04	1.766934678622001413e-11	4.049243011074162306e-14	6.815042080252137465e-19	1.999617749885434104e-03	1.590062693350543541e-10	5.823243118624822039e-27	4.202652041211461297e-14	1.321490360623496921e-13	3.820637539814413296e-07	5.601935532250875352e-21	9.426016650439710656e-12	3.122058158800426104e-22	1.607248997099922083e-02	6.807210773052614627e-02	1.927892269474188033e-03	5.736147819166739592e-12	1.927510040977799396e-03
2.820000000000000000e+04	1.717669280335332517e-11	3.936337865588334802e-14	6.625018089413939723e-19	1.999628403940243056e-03	1.590063645395568823e-10	5.823246605272356899e-27	4.085471512406160563e-14	1.284644283738196759e-13	3.714104605658398625e-07	5.445733693271783811e-21	9.163190789319714453e-12	2.950387756017494816e-22	1.607247045075109113e-02	6.807209886406401234e-02	1.927901135936337801e-03	5.756728576433869764e-12	1.927529560712689044e-03
2.830000000000000000e+04	1.669777389164545529e-11	3.826580750519252675e-14	6.440292362888639506e-19	1.999638760927020809e-03	1.590064570891270749e-10	5.823249994689053027e-27	3.971558103484812669e-14	1.248825493042333420e-13	3.610542139230554811e-07	5.293887244442302671e-21	8.907693060159982519e-12	2.788156529514436636e-22	1.607245147479632180e-02	6.807209024483470983e-02	1.927909755165644863e-03	5.777309345851031861e-12	1.927548536167966644e-03
2.840000000000000000e+04	1.623220720225017962e-11	3.719883903788416400e-14	6.260717193498421209e-19	1.999648829128712006e-03	1.590065470578074968e-10	5.823253289586550033e-27	3.860820738118833055e-14	1.214005352346357620e-13	3.509867317526135445e-07	5.146274748169201976e-21	8.659319166302859290e-12	2.634845505397109143e-22	1.607243302795829942e-02	6.807208186594433663e-02	1.927918134056015890e-03	5.797890127079401720e-12	1.927566982519838407e-03
2.850000000000000000e+04	1.577962052212286475e-11	3.616162002205164034e-14	6.086148978813725287e-19	1.999658616597234720e-03	1.590066345175678246e-10	5.823256492600575443e-27	3.753170871540854600e-14	1.180156021542086832e-13	3.411999626676731176e-07	5.002778152583082648e-21	8.417870488447481103e-12	2.489964238202406293e-22	1.607241509548361369e-02	6.807207372069121187e-02	1.927926279309125036e-03	5.818470919789606360e-12	1.927584914521364868e-03
2.860000000000000000e+04	1.533965201880503187e-11	3.515332102893375397e-14	5.916448122572017449e-19	1.999668131160115339e-03	1.590067195383788525e-10	5.823259606293647394e-27	3.648522428618290174e-14	1.147250436914589209e-13	3.316860797563622971e-07	4.863282697133845136e-21	8.183153948300157756e-12	2.353049239948082083e-22	1.607239766303017806e-02	6.807206580256057460e-02	1.927934197439772936e-03	5.839051723661455798e-12	1.927602346514259608e-03
2.870000000000000000e+04	1.491194993624015067e-11	3.417313573501872968e-14	5.751478917218993138e-19	1.999677380426505887e-03	1.590068021882480877e-10	5.823262633156384718e-27	3.546791731883893121e-14	1.115262288600396509e-13	3.224374743262683194e-07	4.727676820870184442e-21	7.954981846114869134e-12	2.223662508985201971e-22	1.607238071665579443e-02	6.807205810521924083e-02	1.927941894781101933e-03	5.859632538383691018e-12	1.927619292440355342e-03
2.880000000000000000e+04	1.449617234159913326e-11	3.322028034108280255e-14	5.591109446130418107e-19	1.999686371793591658e-03	1.590068825333014341e-10	5.823265575610503082e-27	3.447897440496401477e-14	1.084166001252800356e-13	3.134467498168793191e-07	4.595852073182746018e-21	7.733171725454351612e-12	2.101390125655882993e-22	1.607236424280703707e-02	6.807205062251066308e-02	1.927949377489653233e-03	5.880213363653729511e-12	1.927635765852753636e-03
2.890000000000000000e+04	1.409198681481858180e-11	3.229399285999366177e-14	5.435211463746509800e-19	1.999695112452168355e-03	1.590069606378082661e-10	5.823268436009716836e-27	3.351760477406944873e-14	1.053936711346299126e-13	3.047067158924249418e-07	4.467703027190666398e-21	7.517546207401688699e-12	1.985840923887786036e-22	1.607234822830835158e-02	6.807204334845001759e-02	1.927956651550300892e-03	5.900794199177434255e-12	1.927651779926665846e-03
2.900000000000000000e+04	1.369907020734705034e-11	3.139353256315330490e-14	5.283660302406009408e-19	1.999703609392598693e-03	1.590070365642495680e-10	5.823271216642250142e-27	3.258303971250676831e-14	1.024550248780220031e-13	2.962103826855504961e-07	4.343127195341260869e-21	7.307932861700682185e-12	1.876645244322566196e-22	1.607233266035155983e-02	6.807203627721930550e-02	1.927963722781031626e-03	5.921375044668860058e-12	1.927667347469945707e-03
2.910000000000000000e+04	1.331710837169621424e-11	3.051817936007606370e-14	5.136334767926611922e-19	1.999711869410377828e-03	1.590071103733663752e-10	5.823273919732606242e-27	3.167453192336592160e-14	9.959831168239106970e-14	2.879509552135680329e-07	4.222024947539134250e-21	7.104164062331121279e-12	1.773453753739696711e-22	1.607231752648562856e-02	6.807202940316273154e-02	1.927970596837601681e-03	5.941955899850047577e-12	1.927682480933331794e-03
2.920000000000000000e+04	1.294579591165503712e-11	2.966723322535130825e-14	4.993117043160441936e-19	1.999719899111475005e-03	1.590071821242006170e-10	5.823276547443061939e-27	3.079135493168807516e-14	9.682124734134412169e-14	2.799218279458803071e-07	4.104299431492192751e-21	6.906076854114521365e-12	1.675936318960409784e-22	1.607230281460666349e-02	6.807202272078229088e-02	1.927977279218060988e-03	5.962536764450779364e-12	1.927697192420405265e-03
2.930000000000000000e+04	1.258483595706852814e-11	2.884001368193767978e-14	4.853892601030351014e-19	1.999727704917771045e-03	1.590072518741552156e-10	5.823279101875865186e-27	2.993280254320484713e-14	9.412161140373342068e-14	2.721165795208193393e-07	3.989856495248832994e-21	6.713512832432914679e-12	1.583780960748756036e-22	1.607228851294825733e-02	6.807201622473323110e-02	1.927983775267150691e-03	5.983117638208378721e-12	1.927711493697268101e-03
2.940000000000000000e+04	1.223393990973515872e-11	2.803585921830372551e-14	4.718550106432302341e-19	1.999735293071973254e-03	1.590073196790220042e-10	5.823281585074268245e-27	2.909818824434616440e-14	9.149724529644515489e-14	2.645289676083203340e-07	3.878604611872540854e-21	6.526318007548150378e-12	1.496692856053083341e-22	1.607227461007208758e-02	6.807200990981983335e-02	1.927990090180573381e-03	6.003698520867490793e-12	1.927725396201953332e-03
2.950000000000000000e+04	1.189282719538937516e-11	2.725412671954157318e-14	4.586981320489460285e-19	1.999742669642819159e-03	1.590073855930438684e-10	5.823283999024790559e-27	2.828684461699075312e-14	8.894605049401131205e-14	2.571529239253181262e-07	3.770454806355720919e-21	6.344342672173870728e-12	1.414393386967140364e-22	1.607226109485877796e-02	6.807200377099122124e-02	1.927996229009156653e-03	6.024279412179882232e-12	1.927738911053571147e-03
2.960000000000000000e+04	1.156122507660539963e-11	2.649419103811905160e-14	4.459081028308021727e-19	1.999749840529848298e-03	1.590074496689513492e-10	5.823286345658568315e-27	2.749812288281111836e-14	8.646598706652200813e-14	2.499825493798372619e-07	3.665320584421841562e-21	6.167441301553206250e-12	1.336619253290436798e-22	1.607224795649896815e-02	6.807199780333747507e-02	1.928002196662886554e-03	6.044860311904245713e-12	1.927752049061200656e-03
2.970000000000000000e+04	1.123886842429190275e-11	2.575544446976756712e-14	4.334746950766981276e-19	1.999756811468071660e-03	1.590075119580012361e-10	5.823288626852765689e-27	2.673139236244790979e-14	8.405507198502915017e-14	2.430121093523419139e-07	3.563117863338911420e-21	5.995472431453486924e-12	1.263121634597879053e-22	1.607223518448469210e-02	6.807199200208553791e-02	1.928007997914838031e-03	6.065441219805997177e-12	1.927764820732536183e-03
2.980000000000000000e+04	1.092549948156678528e-11	2.503729621193176169e-14	4.213879653373003127e-19	1.999763588032591258e-03	1.590075725100199681e-10	5.823290844432161164e-27	2.598603992047538467e-14	8.171137738967580281e-14	2.362360291151146342e-07	3.463764904756477798e-21	5.828298532101650169e-12	1.193665389225672513e-22	1.607222276860098900e-02	6.807198636259539914e-02	1.928013637404992625e-03	6.086022135657098922e-12	1.927777236282286581e-03
2.990000000000000000e+04	1.062086768738689440e-11	2.433917195917906192e-14	4.096382478166178836e-19	1.999770175643115610e-03	1.590076313734482244e-10	5.823293000170787655e-27	2.526146953739837927e-14	7.943302922847903301e-14	2.296488893715738870e-07	3.367182249302483436e-21	5.665785914001780225e-12	1.128028304322399083e-22	1.607221069891771187e-02	6.807198088035643080e-02	1.928019119643950997e-03	6.106603059235869776e-12	1.927789305640347081e-03
3.000000000000000000e+04	1.032472946044585756e-11	2.366051340758323720e-14	3.982161460305750016e-19	1.999776579568208080e-03	1.590076885953733387e-10	5.823295095793102692e-27	2.455710179985731033e-14	7.721820566307621291e-14	2.232454219220168864e-07	3.273292653032736976e-21	5.507804612563208488e-12	1.066000384561778802e-22	1.607219896578160334e-02	6.807197555098384867e-02	1.928024449016532693e-03	6.127183990326813033e-12	1.927801038459739770e-03
3.010000000000000000e+04	1.003684800947737951e-11	2.300077781963998143e-14	3.871125254843618142e-19	1.999782804929574245e-03	1.590077442215723134e-10	5.823297132975593392e-27	2.387237344792168007e-14	7.506513564305428090e-14	2.170205054557505499e-07	3.182021025733985304e-21	5.354228286819526531e-12	1.007383179595922060e-22	1.607218755980854147e-02	6.807197037021509023e-02	1.928029629785296553e-03	6.147764928720436317e-12	1.927812444124331814e-03
3.020000000000000000e+04	9.756993143697786654e-12	2.235943758952354769e-14	3.763185063555248993e-19	1.999788856706064769e-03	1.590077982965411839e-10	5.823299113347821801e-27	2.320673692404522218e-14	7.297209748800994049e-14	2.109691614505890393e-07	3.093294370801139460e-21	5.204934118226998772e-12	9.519891520503047551e-23	1.607217647187609774e-02	6.807196533390642845e-02	1.928034666093937080e-03	6.168345874213095679e-12	1.927823531756341817e-03
3.030000000000000000e+04	9.484941089538979605e-12	2.173597982277644197e-14	3.658254564199727982e-19	1.999794739737748538e-03	1.590078508635384721e-10	5.823301038494032019e-27	2.255965993687178022e-14	7.093741751603030966e-14	2.050865501956663818e-07	3.007041726922574873e-21	5.059802712822780030e-12	8.996410747147754667e-23	1.607216569311617493e-02	6.807196043802976604e-02	1.928039561970608818e-03	6.188926826606821109e-12	1.927834310223634122e-03
3.040000000000000000e+04	9.220474313906443174e-12	2.112990593097168432e-14	3.556249842299755664e-19	1.999800458729699987e-03	1.590079019646125342e-10	5.823302909954152498e-27	2.193062504006025838e-14	6.895946871844036340e-14	1.993679669195690087e-07	2.923194111309716316e-21	4.918718006868498986e-12	8.501714652509866383e-23	1.607215521490795718e-02	6.807195567866924923e-02	1.928044321331141885e-03	6.209507785709163060e-12	1.927844788146810357e-03
3.050000000000000000e+04	8.963381338335490876e-12	2.054073120553475320e-14	3.457089319414125670e-19	1.999806018255923488e-03	1.590079516406482197e-10	5.823304729225492124e-27	2.131912919348492708e-14	6.703666938673485349e-14	1.938088380306217828e-07	2.841684464570689589e-21	4.781567167642540437e-12	8.034220501155530688e-23	1.607214502887098148e-02	6.807195105201821472e-02	1.928048947982178131e-03	6.230088751333042197e-12	1.927854973906104529e-03
3.060000000000000000e+04	8.713456585476433858e-12	1.996798446566603673e-14	3.360693693881646253e-19	1.999811422762756870e-03	1.590079999313796662e-10	5.823306497763230253e-27	2.072468339356761706e-14	6.516748194209081950e-14	1.884047174544708735e-07	2.762447597011262566e-21	4.648240511481805982e-12	7.592432566858478990e-23	1.607213512685849374e-02	6.807194655437616426e-02	1.928053445624211245e-03	6.250669723296593492e-12	1.927864875648084260e-03
3.070000000000000000e+04	8.470500208148831288e-12	1.941120766633601064e-14	3.266985874845096962e-19	1.999816676572569851e-03	1.590080468754335717e-10	5.823308216981975039e-27	2.014681226845820536e-14	6.335041166633232648e-14	1.831512830846139767e-07	2.685420136591286290e-21	4.518631412528984956e-12	7.174937377670118222e-23	1.607212550095087067e-02	6.807194218214585035e-02	1.928057817854551175e-03	6.271250701423023245e-12	1.927874501292165758e-03
3.080000000000000000e+04	8.234317932738802129e-12	1.886995553916226864e-14	3.175890921809384977e-19	1.999821783887336269e-03	1.590080925103686664e-10	5.823309888257230650e-27	1.958505370454013662e-14	6.158400552604334292e-14	1.780443333246501193e-07	2.610540478226211179e-21	4.392636219134256686e-12	6.780399181429906938e-23	1.607211614344933315e-02	6.807193793183019537e-02	1.928062068170199872e-03	6.291831685540469334e-12	1.927883858536947725e-03
3.090000000000000000e+04	8.004720897208636573e-12	1.834379522095441015e-14	3.087335982124102181e-19	1.999826748791761356e-03	1.590081368726876813e-10	5.823311512925829186e-27	1.903895846286455109e-14	5.986685097020889544e-14	1.730797837266481703e-07	2.537748734497673770e-21	4.270154167386215569e-12	6.407555664231276481e-23	1.607210704686972552e-02	6.807193380002973804e-02	1.928066199970647661e-03	6.312412675481861473e-12	1.927892954866367676e-03
3.100000000000000000e+04	7.781525500843833773e-12	1.783230590916982290e-14	3.001250232995342243e-19	1.999831575256701740e-03	1.590081799978788875e-10	5.823313092287446677e-27	1.850808982145776584e-14	5.819757480529864801e-14	1.682536637246047249e-07	2.466986687758501874e-21	4.151087300907277275e-12	6.055213914433795261e-23	1.607209820393663488e-02	6.807192978343978851e-02	1.928070216560590468e-03	6.332993671084784685e-12	1.927901797555687169e-03
3.110000000000000000e+04	7.564553265669242733e-12	1.733507854412249669e-14	2.917564828000124280e-19	1.999836267142267136e-03	1.590082219204384308e-10	5.823314627605423865e-27	1.799202324337332645e-14	5.657484214745492617e-14	1.635621134642464288e-07	2.398197743650521011e-21	4.035340396876766216e-12	5.722246611270767402e-23	1.607208960757745830e-02	6.807192587884779156e-02	1.928074121152578311e-03	6.353574672191360565e-12	1.927910393677312447e-03
3.120000000000000000e+04	7.353630693611719308e-12	1.685171548145716735e-14	2.836212841962455840e-19	1.999840828200995322e-03	1.590082626739051763e-10	5.823316120108046163e-27	1.749034603679443909e-14	5.499735535378688300e-14	1.590013807087891342e-07	2.331326885735874471e-21	3.922820889787902963e-12	5.407588437937933619e-23	1.607208125091681358e-02	6.807192208313077308e-02	1.928077916869579437e-03	6.374155678648105912e-12	1.927918750106446611e-03
3.130000000000000000e+04	7.148589112902364630e-12	1.638183013997442885e-14	2.757129211680850822e-19	1.999845262080763436e-03	1.590083022908798372e-10	5.823317570989242462e-27	1.700265699387163763e-14	5.346385289500506279e-14	1.545678178456429490e-07	2.266320631608057174e-21	3.813438789466916814e-12	5.110232630494829148e-23	1.607207312727104709e-02	6.807191839325288374e-02	1.928081606747481577e-03	6.394736690305821254e-12	1.927926873526589983e-03
3.140000000000000000e+04	6.949264561362677574e-12	1.592504673399108565e-14	2.680250690883483453e-19	1.999849572327708387e-03	1.590083408030520645e-10	5.823318981409570213e-27	1.652856610790878121e-14	5.197310845656083511e-14	1.502578789653622873e-07	2.203126990063063376e-21	3.707106618770614700e-12	4.829227794221515950e-23	1.607206523014284572e-02	6.807191480626285929e-02	1.928085193737518171e-03	6.415317707019466449e-12	1.927934770434886966e-03
3.150000000000000000e+04	6.755497643936326568e-12	1.548099994669071166e-14	2.605515795251741395e-19	1.999853762389102591e-03	1.590083782412282872e-10	5.823320352497247857e-27	1.606769423762853878e-14	5.052392988920854510e-14	1.460681170272591968e-07	2.141695419540470384e-21	3.603739337547420483e-12	4.563674842141645104e-23	1.607205755321606047e-02	6.807191131929175854e-02	1.928088680708630849e-03	6.435898728648049206e-12	1.927942447147319152e-03
3.160000000000000000e+04	6.567133411781669226e-12	1.504933465289262779e-14	2.532864755761117723e-19	1.999857835616117817e-03	1.590084146353574585e-10	5.823321685349083946e-27	1.561967281767923702e-14	4.911515829537913745e-14	1.419951811026405840e-07	2.081976787703115877e-21	3.503254278102244039e-12	4.312724124829141076e-23	1.607205009035067925e-02	6.807190792955064573e-02	1.928092070449762083e-03	6.456479755054503114e-12	1.927949909803757921e-03
3.170000000000000000e+04	6.384021231191767169e-12	1.462970561851828181e-14	2.462239468100156496e-19	1.999861795266493630e-03	1.590084500145540351e-10	5.823322981031332353e-27	1.518414354880829781e-14	4.774566705893335197e-14	1.380358136952058807e-07	2.023923332147791885e-21	3.405571075236848116e-12	4.075572707954973878e-23	1.607204283557786550e-02	6.807190463432832850e-02	1.928095365672088208e-03	6.477060786105587471e-12	1.927957164372874795e-03
3.180000000000000000e+04	6.206014673484410844e-12	1.422177724812092251e-14	2.393583450178670031e-19	1.999865644507128198e-03	1.590084844071197434e-10	5.823324240580477906e-27	1.476075813300896714e-14	4.641436100699365438e-14	1.341868481360136790e-07	1.967488622209713880e-21	3.310611607478647235e-12	3.851461812399767658e-23	1.607203578309523637e-02	6.807190143098926227e-02	1.928098569011184793e-03	6.497641821671773386e-12	1.927964216656914307e-03
3.190000000000000000e+04	6.032971386804979952e-12	1.382522329097453317e-14	2.326841792661302942e-19	1.999869386416616625e-03	1.590085178405671791e-10	5.823325465004104512e-27	1.434917797165691532e-14	4.512017546680869426e-14	1.304452060511605325e-07	1.912627521832586967e-21	3.218299928662711007e-12	3.639674375780573575e-23	1.607202892726218232e-02	6.807189831697131599e-02	1.928101683029136929e-03	6.518222861627148460e-12	1.927971072296336564e-03
3.200000000000000000e+04	5.864752992529163344e-12	1.343972660354331173e-14	2.261961118990161694e-19	1.999873023987741583e-03	1.590085503416435634e-10	5.823326655281771904e-27	1.394907391618217923e-14	4.386207547644206753e-14	1.268078948999845426e-07	1.859296153473265839e-21	3.128562212638301746e-12	3.439532766299992692e-23	1.607202226259539166e-02	6.807189528978387083e-02	1.928104710216589027e-03	6.538803905849310157e-12	1.927977736774325783e-03
3.210000000000000000e+04	5.701224964666756249e-12	1.306497887300359554e-14	2.198889538852431330e-19	1.999876560129773984e-03	1.590085819363454510e-10	5.823327812365542257e-27	1.356012598395890836e-14	4.263905489681652817e-14	1.232720055819398104e-07	1.807451863012775956e-21	3.041326688909023043e-12	3.250396609825127231e-23	1.607201578376442688e-02	6.807189234700573854e-02	1.928107652994734541e-03	6.559384954219268869e-12	1.927984215421176114e-03
3.220000000000000000e+04	5.542256532527380599e-12	1.270068039407927651e-14	2.137576610620853580e-19	1.999879997670922418e-03	1.590086126499487157e-10	5.823328937181087957e-27	1.318202312388863047e-14	4.145013566928526547e-14	1.198347101100752080e-07	1.757053185644415776e-21	2.956523590683522988e-12	3.071660747153624973e-23	1.607200948558749204e-02	6.807188948628323244e-02	1.928110513717254089e-03	6.579966006621352597e-12	1.927990513418555586e-03
3.230000000000000000e+04	5.387720566878484995e-12	1.234653980805454011e-14	2.077973297428501192e-19	1.999883339360531039e-03	1.590086425070236975e-10	5.823330030628241893e-27	1.281446294816633920e-14	4.029436697722073949e-14	1.164932593496679288e-07	1.708059812716686155e-21	2.874085094121668364e-12	2.902753290642419727e-23	1.607200336302728322e-02	6.807188670532828001e-02	1.928113294672198497e-03	6.600547062943114860e-12	1.927996635803649276e-03
3.240000000000000000e+04	5.237493486083907711e-12	1.200227388757997528e-14	2.020031930950766165e-19	1.999886587871215881e-03	1.590086715314505581e-10	5.823331093581558519e-27	1.245715150681212139e-14	3.917082453300755442e-14	1.132449808195229181e-07	1.660432559495476266e-21	2.793945268240698394e-12	2.743133801564906751e-23	1.607199741118693972e-02	6.807188400191667432e-02	1.928115998083817628e-03	6.621128123075245841e-12	1.928002587473187776e-03
3.250000000000000000e+04	5.091455150787766975e-12	1.166760729523477129e-14	1.963706170770386292e-19	1.999889745801171174e-03	1.590086997464509455e-10	5.823332126891479011e-27	1.210980303895164559e-14	3.807860979951217289e-14	1.100872765548558344e-07	1.614133333828845611e-21	2.716040018712221936e-12	2.592291555180750972e-23	1.607199162530614442e-02	6.807188137388613114e-02	1.928118626114340211e-03	6.641709186911481911e-12	1.928008373187365277e-03
3.260000000000000000e+04	4.949488774712015380e-12	1.134227237902032308e-14	1.908950969958178291e-19	1.999892815676090115e-03	1.590087271745947929e-10	5.823333131384574491e-27	1.177213975868313839e-14	3.701684931318886343e-14	1.070176210295744208e-07	1.569125105683058005e-21	2.640307040256250207e-12	2.449743912893366931e-23	1.607198600075732120e-02	6.807187881913476235e-02	1.928121180865702278e-03	6.662290254348524045e-12	1.928013997573643822e-03
3.270000000000000000e+04	4.811480823182093782e-12	1.102600893973653669e-14	1.855722535921517186e-19	1.999895799951288168e-03	1.590087538378260905e-10	5.823334107864495953e-27	1.144389161595216495e-14	3.598469393656187189e-14	1.040335591366660583e-07	1.525371877530213431e-21	2.566685762489979138e-12	2.315034771388355266e-23	1.607198053304191923e-02	6.807187633561921636e-02	1.928123664381229188e-03	6.682871325285951385e-12	1.928019465130456070e-03
3.280000000000000000e+04	4.677320930652934368e-12	1.071856404190403298e-14	1.803978298581769246e-19	1.999898701013518888e-03	1.590087797574691667e-10	5.823335057112197388e-27	1.112479609802515649e-14	3.498131822962882886e-14	1.011327042246343499e-07	1.482838655558092314e-21	2.495117305913374482e-12	2.187733108829688907e-23	1.607197521778683247e-02	6.807187392135317927e-02	1.928126078647271046e-03	6.703452399626148542e-12	1.928024780230802896e-03
3.290000000000000000e+04	4.546901805136385053e-12	1.041969179467425328e-14	1.753676873500560050e-19	1.999901521183099391e-03	1.590088049542623958e-10	5.823335979887171265e-27	1.081459800417766439e-14	3.400591974534473875e-14	9.831273618902496787e-08	1.441491421687352629e-21	2.425544430908402393e-12	2.067431602564467642e-23	1.607197005074088164e-02	6.807187157440565406e-02	1.928128425594788668e-03	6.724033477274215927e-12	1.928029947125750165e-03
3.300000000000000000e+04	4.420119147783417952e-12	1.012915316747233617e-14	1.704778030851718756e-19	1.999904262715589132e-03	1.590088294483612744e-10	5.823336876927574082e-27	1.051304925289448296e-14	3.305771842059755639e-14	9.557139961681392589e-08	1.401297106364120896e-21	2.357911494823525592e-12	1.953745328072560421e-23	1.607196502777144542e-02	6.807186929289954502e-02	1.928130707100900740e-03	6.744614558137905937e-12	1.928034969947828563e-03
3.310000000000000000e+04	4.296871567610689916e-12	9.846715794516872352e-15	1.657242662521148668e-19	1.999906927803686823e-03	1.590088532593616335e-10	5.823337748951048583e-27	1.021990867953502515e-14	3.213595594103641335e-14	9.290650198275306532e-08	1.362223562114219054e-21	2.292164406468896020e-12	1.846310526863345074e-23	1.607196014486110200e-02	6.807186707501006184e-02	1.928132924990383053e-03	6.765195642127536524e-12	1.928039852714340209e-03
3.320000000000000000e+04	4.177060499570724626e-12	9.572153787005686796e-15	1.611032750496924722e-19	1.999909518578910517e-03	1.590088764063096170e-10	5.823338596655124106e-27	9.934941841676223850e-15	3.123989512950478423e-14	9.031591189592801112e-08	1.324239537833643894e-21	2.228250582396085451e-12	1.744783441728282265e-23	1.607195539810448229e-02	6.807186491896330405e-02	1.928135081037130223e-03	6.785776729155933030e-12	1.928044599330570050e-03
3.330000000000000000e+04	4.060590127315609567e-12	9.305247556060776463e-15	1.566111337070199423e-19	1.999912037113438148e-03	1.590088989077276341e-10	5.823339420718136369e-27	9.657920834935223088e-15	3.036881936612273329e-14	8.779755739515623312e-08	1.287314653795220657e-21	2.166118905682383290e-12	1.648839218216354602e-23	1.607195078370508845e-02	6.807186282303487324e-02	1.928137176965572311e-03	6.806357819138349022e-12	1.928049213592909240e-03
3.340000000000000000e+04	3.947367305245804586e-12	9.045783634038463134e-15	1.522442494760970664e-19	1.999914485421542577e-03	1.590089207816115934e-10	5.823340221799149984e-27	9.388624107912860167e-15	2.952203200715695343e-14	8.534942429204164245e-08	1.251419377353931157e-21	2.105719684334542424e-12	1.558170864276828022e-23	1.607194629797230323e-02	6.807186078554837427e-02	1.928139214452055227e-03	6.826938911992400867e-12	1.928053699191892420e-03
3.350000000000000000e+04	3.837301485147866558e-12	8.793554506358578869e-15	1.479991298014241882e-19	1.999916865461386604e-03	1.590089420454597514e-10	5.823341000538994477e-27	9.126836287361520293e-15	2.869885583472479665e-14	8.296955456006847278e-08	1.216524999327350135e-21	2.047004612141191324e-12	1.472488268800531428e-23	1.607194193731839929e-02	6.807185880487424956e-02	1.928141195126181458e-03	6.847520007638001486e-12	1.928058059715148263e-03
3.360000000000000000e+04	3.730304642840907932e-12	8.548358443356766658e-15	1.438723794900074984e-19	1.999919179136530438e-03	1.590089627162824568e-10	5.823341757560635939e-27	8.872348003958594999e-15	2.789863250950620920e-14	8.065604476873089743e-08	1.182603611036356035e-21	1.989926729530629684e-12	1.391517272851254716e-23	1.607193769825570120e-02	6.807185687942833574e-02	1.928143120572113926e-03	6.868101105997297352e-12	1.928062298650270014e-03
3.370000000000000000e+04	3.626291208732506323e-12	8.309999341098479206e-15	1.398606980321933154e-19	1.999921428297508560e-03	1.590089828106193928e-10	5.823342493469804081e-27	8.624955726846764808e-15	2.712072205000806834e-14	7.840704456123699920e-08	1.149628081984788788e-21	1.934440386514767110e-12	1.314998793056658517e-23	1.607193357739377174e-02	6.807185500767060082e-02	1.928144992329841470e-03	6.888682206994608709e-12	1.928066419387604053e-03
3.380000000000000000e+04	3.525177998594734227e-12	8.078286562700043287e-15	1.359608769310367629e-19	1.999923614743120796e-03	1.590090023445386204e-10	5.823343208854952065e-27	8.384461599189509591e-15	2.636450231594890376e-14	7.622075517470052160e-08	1.117572038162033270e-21	1.880501205751105082e-12	1.242687992181191458e-23	1.607192957143672649e-02	6.807185318810402008e-02	1.928146811896413104e-03	6.909263310556360910e-12	1.928070425222961270e-03
3.390000000000000000e+04	3.426884147671036238e-12	7.853034787285306038e-15	1.321697971601798082e-19	1.999925740222206934e-03	1.590090213336757660e-10	5.823343904288700755e-27	8.150673281250095819e-15	2.562936851453870693e-14	7.409542800159994617e-08	1.086409840950710771e-21	1.828066047382154354e-12	1.174353496157434134e-23	1.607192567718055895e-02	6.807185141927331318e-02	1.928148580727131935e-03	6.929844416611036761e-12	1.928074319360252760e-03
3.400000000000000000e+04	3.331331045538938522e-12	7.634063860676662934e-15	1.284844266509203322e-19	1.999927806434695799e-03	1.590090397932183568e-10	5.823344580327257574e-27	7.923403795577571843e-15	2.491473271396668251e-14	7.202936319129422113e-08	1.056116566621668876e-21	1.777092974278605362e-12	1.109776653499903207e-23	1.607192189151062517e-02	6.807184969976369515e-02	1.928150300236722205e-03	6.950425525089108660e-12	1.928078104914054177e-03
3.410000000000000000e+04	3.238442273654317076e-12	7.421198652233464232e-15	1.249018178827433593e-19	1.999929815033112731e-03	1.590090577379304034e-10	5.823345237511325529e-27	7.702471378325501970e-15	2.422002337570292521e-14	7.002090829057548561e-08	1.026667986401361868e-21	1.727541218713492602e-12	1.048750835979927965e-23	1.607191821139911450e-02	6.807184802819997438e-02	1.928151971800460759e-03	6.971006635922991752e-12	1.928081784912093546e-03
3.420000000000000000e+04	3.148143543939128485e-12	7.214268914083705497e-15	1.214191055141332807e-19	1.999931767624035014e-03	1.590090751821743722e-10	5.823345876366888837e-27	7.487699333252496281e-15	2.354468489560835033e-14	6.806845692210839985e-08	9.980405470947201069e-22	1.679371149593504342e-12	9.910807773297211991e-24	1.607191463390265224e-02	6.807184640324516478e-02	1.928153596755274261e-03	6.991587749046981722e-12	1.928085362297677057e-03
3.430000000000000000e+04	3.060362639657093173e-12	7.013109145600803800e-15	1.180335041016620396e-19	1.999933665769117967e-03	1.590090921399024994e-10	5.823346497404922351e-27	7.278915891001234396e-15	2.288817716132862874e-14	6.617044749969988395e-08	9.702113522480511024e-22	1.632544240911247056e-12	9.365819486211905536e-24	1.607191115615992996e-02	6.807184482359963928e-02	1.928155176400811466e-03	7.012168864397207143e-12	1.928088839932038312e-03
3.440000000000000000e+04	2.975029357450497895e-12	6.817558460543161272e-15	1.147423058638933698e-19	1.999935510986530860e-03	1.590091086246823824e-10	5.823347101122306329e-27	7.075954071279603573e-15	2.224997511907649749e-14	6.432536197943461397e-08	9.431581438378078640e-22	1.587023040817375306e-12	8.850799677743695200e-24	1.607190777538942614e-02	6.807184328799996409e-02	1.928156712000481240e-03	7.032749981911580192e-12	1.928092220596630329e-03
3.450000000000000000e+04	2.892075451321113795e-12	6.627460458650582160e-15	1.115428785202981285e-19	1.999937304752051961e-03	1.590091246496985306e-10	5.823347688001893871e-27	6.878651549572177439e-15	2.162956835447821392e-14	6.253172464557419274e-08	9.168592844690705934e-22	1.542771141730207054e-12	8.364100416140550799e-24	1.607190448888717524e-02	6.807184179521798273e-02	1.928158204782462600e-03	7.053331101529744149e-12	1.928095506995348594e-03
3.460000000000000000e+04	2.811434578093932244e-12	6.442663100640443713e-15	1.084326631873884551e-19	1.999939048500394730e-03	1.590091402277746215e-10	5.823348258513323813e-27	6.686850527403090494e-15	2.102646068463040483e-14	6.078810093034596335e-08	8.912937400709388053e-22	1.499753151236751688e-12	7.904164386875420675e-24	1.607190129402460282e-02	6.807184034405973361e-02	1.928159655940688954e-03	7.073912223193020082e-12	1.928098701756693605e-03
3.470000000000000000e+04	2.733042244256657937e-12	6.263018586358192089e-15	1.054091723279405618e-19	1.999940743626188802e-03	1.590091553713705543e-10	5.823348813112910235e-27	6.500397605912402948e-15	2.044016976065139739e-14	5.909309626662940434e-08	8.664410630742658310e-22	1.457934663728010703e-12	7.469519908891079041e-24	1.607189818824645081e-02	6.807183893336463121e-02	1.928161066635801979e-03	7.094493346844372919e-12	1.928101807435874011e-03
3.480000000000000000e+04	2.656835754501725493e-12	6.088383236830768619e-15	1.024699877659056617e-19	1.999942391485265425e-03	1.590091700926057658e-10	5.823349352244499111e-27	6.319143663419895533e-15	1.987022668265018299e-14	5.744535497261633791e-08	8.422813760582086811e-22	1.417282232942826811e-12	7.058776226420526499e-24	1.607189516906868884e-02	6.807183756200434199e-02	1.928162437996079051e-03	7.115074472428354901e-12	1.928104826516849248e-03
3.490000000000000000e+04	2.582754161562958711e-12	5.918617379288361870e-15	9.961275875127878608e-20	1.999943993395551269e-03	1.590091844032538019e-10	5.823349876339271010e-27	6.142943736109064775e-15	1.931617562458163219e-14	5.584355916758056047e-08	8.187953558529169246e-22	1.377763345202711404e-12	6.670619059067084697e-24	1.607189223407655410e-02	6.807183622888207664e-02	1.928163771118336601e-03	7.135655599891060348e-12	1.928107761414316447e-03
3.500000000000000000e+04	2.510738217380045769e-12	5.753585235230266672e-15	9.683520007620135807e-20	1.999945550638266688e-03	1.590091983147632817e-10	5.823350385816504477e-27	5.971656901889538268e-15	1.877757346913192456e-14	5.428642771788451127e-08	7.959642180855558763e-22	1.339346393355292152e-12	6.303806396208391015e-24	1.607188938092262917e-02	6.807183493293159082e-02	1.928165067068807453e-03	7.156236729180091731e-12	1.928110614475642484e-03
3.510000000000000000e+04	2.440730325899071440e-12	5.593154812241238733e-15	9.413509025418603636e-20	1.999947064458975233e-03	1.590092118382689353e-10	5.823350881083985706e-27	5.805146168073659228e-15	1.825398945444841892e-14	5.277271521235316888e-08	7.737697021569335844e-22	1.302000651590822079e-12	5.957164523762344496e-24	1.607188660732494084e-02	6.807183367311638034e-02	1.928166326883994086e-03	7.176817860244512009e-12	1.928113387982739648e-03
3.520000000000000000e+04	2.372674496930952324e-12	5.437197798233337799e-15	9.151026974016344935e-20	1.999948536068394192e-03	1.590092249845858905e-10	5.823351362537792582e-27	5.643278361643621639e-15	1.774500482915429864e-14	5.130121096623902202e-08	7.521940566373304494e-22	1.265696250823298362e-12	5.629584268350378797e-24	1.607188391106514902e-02	6.807183244842889003e-02	1.928167551571496104e-03	7.197398993034801823e-12	1.928116084153893390e-03
3.530000000000000000e+04	2.306516301355247420e-12	5.285589458771951894e-15	8.895863920243731555e-20	1.999949966643559032e-03	1.590092377642338944e-10	5.823351830563185773e-27	5.485924022701790891e-15	1.725021251733857446e-14	4.987073805294194766e-08	7.312200250692800980e-22	1.230404154789541001e-12	5.320017448415415554e-24	1.607188128998676691e-02	6.807183125788957012e-02	1.928168742110817312e-03	7.217980127502825561e-12	1.928118705145533476e-03
3.540000000000000000e+04	2.242202827629518606e-12	5.138208537394725124e-15	8.647815784501088938e-20	1.999951357328629605e-03	1.590092501874345729e-10	5.823352285534510438e-27	5.332957301010708587e-15	1.676921679322989765e-14	4.848015236272581582e-08	7.108308321661877291e-22	1.196096136844963947e-12	5.027473520249533769e-24	1.607187874199343669e-02	6.807183010054622396e-02	1.928169899454148725e-03	7.238561263601787741e-12	1.928121253053961554e-03
3.550000000000000000e+04	2.179682639539701138e-12	4.994937158775380599e-15	8.406684177779442082e-20	1.999952709235916243e-03	1.590092622641293186e-10	5.823352727815847685e-27	5.184255855477932475e-15	1.630163296511502465e-14	4.712834168770475589e-08	6.910101703961217533e-22	1.162744757421600233e-12	4.751016409110683239e-24	1.607187626504727462e-02	6.807182897547324474e-02	1.928171024527131419e-03	7.259142401286197470e-12	1.928123729917025813e-03
3.560000000000000000e+04	2.118905734877431409e-12	4.855660734012693606e-15	8.172276242257990255e-20	1.999954023446698110e-03	1.590092740039807644e-10	5.823353157761066943e-27	5.039700755915974096e-15	1.584708706654348825e-14	4.581422483229155089e-08	6.717421869389329405e-22	1.130323341980828575e-12	4.489761513283482726e-24	1.607187385716719180e-02	6.807182788177079669e-02	1.928172118229594433e-03	7.279723540511836127e-12	1.928126137715751405e-03
3.570000000000000000e+04	2.059823505741996202e-12	4.720267869643405753e-15	7.944404498169083784e-20	1.999955301012103573e-03	1.590092854163819338e-10	5.823353575714168914e-27	4.899176388534257709e-15	1.540521555901404762e-14	4.453675074851133248e-08	6.530114710079675280e-22	1.098805959832972131e-12	4.242872874811045671e-24	1.607187151642735720e-02	6.807182681856412121e-02	1.928173181436275982e-03	7.300304681235716170e-12	1.928128478375924684e-03
3.580000000000000000e+04	2.002388699427513438e-12	4.588650277997053047e-15	7.722886692921746092e-20	1.999956542953942006e-03	1.590092965104632465e-10	5.823353982009533815e-27	4.762570362970649339e-15	1.497566503978167243e-14	4.329489769538145397e-08	6.348030415246341103e-22	1.068167403269281318e-12	4.009560503589266981e-24	1.607186924095562949e-02	6.807182578500285686e-02	1.928174214997524288e-03	7.320885823416043167e-12	1.928130753769633637e-03
3.590000000000000000e+04	1.946555380718431945e-12	4.460702690778939792e-15	7.507545655658244129e-20	1.999957750265502626e-03	1.590093072950982565e-10	5.823354376972135898e-27	4.629773422582377654e-15	1.455809195974012664e-14	4.208767242172389457e-08	6.171023351365506953e-22	1.038383167445371864e-12	3.789077850205190964e-24	1.607186702893208252e-02	6.807182478026040096e-02	1.928175219739975419e-03	7.341466967012196411e-12	1.928132965716766256e-03
3.600000000000000000e+04	1.892278895244501764e-12	4.336322775081741490e-15	7.298209155898211570e-20	1.999958923912406681e-03	1.590093177789154917e-10	5.823354760917971778e-27	4.500679357256249194e-15	1.415216234922367603e-14	4.091410937181130278e-08	5.998951945704901360e-22	1.009429430830017771e-12	3.580719417390005927e-24	1.607186487858752386e-02	6.807182380353316020e-02	1.928176196467215088e-03	7.362048111984686106e-12	1.928135115986463581e-03
3.610000000000000000e+04	1.839515833578038884e-12	4.215411051098868457e-15	7.094709765046828473e-20	1.999960064833429703e-03	1.590093279703089741e-10	5.823355134154457192e-27	4.375184918062596401e-15	1.375755154975383930e-14	3.977326991310735166e-08	5.831678573092656631e-22	9.812830360500812006e-13	3.383818501982333513e-24	1.607186278820210701e-02	6.807182285403992617e-02	1.928177145960421369e-03	7.382629258295119440e-12	1.928137206298537838e-03
3.620000000000000000e+04	1.788223996774334798e-12	4.097870813145619461e-15	6.896884723470213180e-20	1.999961173941017158e-03	1.590093378774265879e-10	5.823355496979987907e-27	4.253189735217616788e-15	1.337394395595164691e-14	3.866424158556879420e-08	5.669069445847791640e-22	9.539214715054519924e-13	3.197745062651534301e-24	1.607186075610392631e-02	6.807182193102136181e-02	1.928178068978991799e-03	7.403210405906177964e-12	1.928139238324844389e-03
3.630000000000000000e+04	1.738362362402185112e-12	3.983608051804144232e-15	6.704575809462167719e-20	1.999962252122288418e-03	1.590093475081980741e-10	5.823355849684972156e-27	4.134596237344919472e-15	1.300103276178803376e-14	3.758613737186996699e-08	5.510994506778222374e-22	9.273228532455854667e-13	3.021903703015732446e-24	1.607185878066770546e-02	6.807182103373918269e-02	1.928178966261147277e-03	7.423791554781582055e-12	1.928141213690623109e-03
3.640000000000000000e+04	1.689891051839397027e-12	3.872531378967805862e-15	6.517629213090795140e-20	1.999963300239592737e-03	1.590093568703295766e-10	5.823356192551633334e-27	4.019309573655752130e-15	1.263851971583932845e-14	3.653809498798093321e-08	5.357327325163212498e-22	9.014659075209822513e-13	2.855731767072790805e-24	1.607185686031347913e-02	6.807182016147579617e-02	1.928179838524524689e-03	7.444372704886063444e-12	1.928143133975793568e-03
3.650000000000000000e+04	1.642771298388525363e-12	3.764551954765787639e-15	6.335895413209601503e-20	1.999964319131185362e-03	1.590093659713084241e-10	5.823356525854175730e-27	3.907237538106556740e-15	1.228611488280963331e-14	3.551927619352187943e-08	5.207944995635421490e-22	8.763299537723555017e-13	2.698697538806413672e-24	1.607185499350534744e-02	6.807181931353359361e-02	1.928180686466749588e-03	7.464953856185337759e-12	1.928145000716222470e-03
3.660000000000000000e+04	1.596965416271195765e-12	3.659583416501575803e-15	6.159229057858048008e-20	1.999965309612005120e-03	1.590093748184175800e-10	5.823356849859319042e-27	3.798290495649557878e-15	1.194353641163985867e-14	3.452886612134381052e-08	5.062728039881994173e-22	8.518948880886022281e-13	2.550298540751882454e-24	1.607185317875022695e-02	6.807181848923431200e-02	1.928181510765994986e-03	7.485535008646078666e-12	1.928146815404950315e-03
3.670000000000000000e+04	1.552436770456728008e-12	3.557541809503858052e-15	5.987488847880788250e-20	1.999966272474366577e-03	1.590093834187450516e-10	5.823357164826647778e-27	3.692381310476291356e-15	1.161051030989887291e-14	3.356607262580516736e-08	4.921560311086876742e-22	8.281411671099510710e-13	2.410059926265286884e-24	1.607185141459668148e-02	6.807181768791878418e-02	1.928182312081524108e-03	7.506116162235885567e-12	1.928148579493385540e-03
3.680000000000000000e+04	1.509149747395548477e-12	3.458345520051304651e-15	5.820537424037296015e-20	1.999967208488233686e-03	1.590093917791604187e-10	5.823357471007743127e-27	3.589425276395511206e-15	1.128677022485157281e-14	3.263012564922992087e-08	4.784328901038983763e-22	8.050497924138803293e-13	2.277532960053649372e-24	1.607184969963374246e-02	6.807181690894606452e-02	1.928183091054217748e-03	7.526697316923260974e-12	1.928150294392466137e-03
3.690000000000000000e+04	1.467069726524952666e-12	3.361915210067708408e-15	5.658241257091141407e-20	1.999968118402307895e-03	1.590093999063585452e-10	5.823357768647788646e-27	3.489340049060415393e-15	1.097205723036467142e-14	3.172027660600672850e-08	4.650924049826934235e-22	7.826022953131495465e-13	2.152293582485106810e-24	1.607184803248976057e-02	6.807181615169322075e-02	1.928183848307084497e-03	7.547278472677591127e-12	1.928151961473786782e-03
3.700000000000000000e+04	1.426163052637413278e-12	3.268173753794195073e-15	5.500470541226704576e-20	1.999969002944356009e-03	1.590094078068425441e-10	5.823358057984950367e-27	3.392045580228905715e-15	1.066611962016908910e-14	3.083579778388739256e-08	4.521239058055623631e-22	7.607807221140595675e-13	2.033941052713750754e-24	1.607184641183136142e-02	6.807181541555455684e-02	1.928184584445762290e-03	7.567859629469115296e-12	1.928153582070697572e-03
3.710000000000000000e+04	1.386397008874571905e-12	3.177046175895617178e-15	5.347099089879694153e-20	1.999969862821849870e-03	1.590094154869341433e-10	5.823358339250743423e-27	3.297464053552686957e-15	1.036871270600645076e-14	2.997598176195632982e-08	4.395170201507101981e-22	7.395676197085716559e-13	1.922096666215336220e-24	1.607184483636233535e-02	6.807181469994129375e-02	1.928185300059001529e-03	7.588440787268893467e-12	1.928155157479369362e-03
3.720000000000000000e+04	1.347739790604459073e-12	3.088459591591362569e-15	5.198004234974856039e-20	1.999970698722505422e-03	1.590094229527768648e-10	5.823358612670158322e-27	3.205519822430506978e-15	1.007959862219570853e-14	2.914014084484829692e-08	4.272616648183878059e-22	7.189460216376781329e-13	1.816402543178733314e-24	1.607184330482263820e-02	6.807181400428113927e-02	1.928185995719134760e-03	7.609021946048809578e-12	1.928156688959830689e-03
3.730000000000000000e+04	1.310160480045802357e-12	3.002343148498533050e-15	5.053066729045647370e-20	1.999971511314911545e-03	1.590094302103463390e-10	5.823358878462043357e-27	3.116139349634390092e-15	9.798546135766748093e-15	2.832760651280847745e-08	4.153480377675041800e-22	6.988994345533845054e-13	1.716520483498179975e-24	1.607184181598732969e-02	6.807181332801773288e-02	1.928186671982536592e-03	7.629603105781508508e-12	1.928158177736975657e-03
3.740000000000000000e+04	1.273629021667430412e-12	2.918627970251673675e-15	4.912170650343934177e-20	1.999972301249003208e-03	1.590094372654512866e-10	5.823359136839113930e-27	3.029251148810721837e-15	9.525330462548345364e-15	2.753772889093283599e-08	4.037666103334681242e-22	6.794118250942507011e-13	1.622130885209837468e-24	1.607184036866566093e-02	6.807181267061020169e-02	1.928187329390062795e-03	7.650184266440413849e-12	1.928159625001535805e-03
3.750000000000000000e+04	1.238116197411664427e-12	2.837247099719476954e-15	4.775203307271375313e-20	1.999973069156539378e-03	1.590094441237334671e-10	5.823359388008030042e-27	2.944785725595980719e-15	9.259733082106528929e-15	2.676987621709858533e-08	3.925081194268164445e-22	6.604676066671069784e-13	1.532931718315373360e-24	1.607183896170005094e-02	6.807181203153275795e-02	1.928187968467496346e-03	7.670765427999690745e-12	1.928161031911055463e-03
3.760000000000000000e+04	1.203593604399523850e-12	2.758135447909133161e-15	4.642055152383335432e-20	1.999973815651753112e-03	1.590094507906847395e-10	5.823359632169874121e-27	2.862675524427738036e-15	9.001541570197369492e-15	2.602343434767292204e-08	3.815635602857781971e-22	6.420516275527721703e-13	1.448637564761010153e-24	1.607183759396520195e-02	6.807181141027428273e-02	1.928188589725956604e-03	7.691346590434218434e-12	1.928162399590798142e-03
3.770000000000000000e+04	1.170033631500607947e-12	2.681229740269203155e-15	4.512619692014437580e-20	1.999974541331681153e-03	1.590094572716384282e-10	5.823359869519980266e-27	2.782854873019470190e-15	8.750549424563701813e-15	2.529780626655852257e-08	3.709241792777340930e-22	6.241491584061869628e-13	1.368978698884217741e-24	1.607183626436721816e-02	6.807181080633790959e-02	1.928189193662308053e-03	7.711927753719582163e-12	1.928163729134643170e-03
3.780000000000000000e+04	1.137409437587936989e-12	2.606468466854073009e-15	4.386793402403288555e-20	1.999975246776768047e-03	1.590094635717835923e-10	5.823360100248389124e-27	2.705259930504193462e-15	8.506555901625125912e-15	2.459241160469158807e-08	3.605814668539598022e-22	6.067458806554614708e-13	1.293700228758968219e-24	1.607183497184268978e-02	6.807181021924063602e-02	1.928189780759561678e-03	7.732508917832037646e-12	1.928165021605971266e-03
3.790000000000000000e+04	1.105694929821506869e-12	2.533791832554427227e-15	4.264475645928314184e-20	1.999975932551233907e-03	1.590094696961614066e-10	5.823360324539720175e-27	2.629828635817581978e-15	8.269365854245292496e-15	2.390668617327599090e-08	3.505271507057607811e-22	5.898278749162940144e-13	1.222561277868850234e-24	1.607183371535785346e-02	6.807180964851293481e-02	1.928190351487260286e-03	7.753090082748517532e-12	1.928166278038514776e-03
3.800000000000000000e+04	1.074864742815912390e-12	2.463141709353907253e-15	4.145568590753769530e-20	1.999976599203529774e-03	1.590094756496693231e-10	5.823360542573330295e-27	2.556500658157931203e-15	8.038789575980286576e-15	2.324008151415806918e-08	3.407531891719288726e-22	5.733816098780531878e-13	1.155334215391877765e-24	1.607183249390777349e-02	6.807180909369833777e-02	1.928190906301856678e-03	7.773671248446589393e-12	1.928167499437182745e-03
3.810000000000000000e+04	1.044894218847975884e-12	2.394461590969260744e-15	4.029977134487243913e-20	1.999977247266894031e-03	1.590094814370753142e-10	5.823360754523837505e-27	2.485217349879126261e-15	7.814642652899719201e-15	2.259206446953304921e-08	3.312517649296489157e-22	5.573939317446997055e-13	1.091803928614135173e-24	1.607183130651555769e-02	6.807180855435311650e-02	1.928191445647067315e-03	7.794252414904439571e-12	1.928168686778852607e-03
3.820000000000000000e+04	1.015759387335113536e-12	2.327696545819541844e-15	3.917608825024902556e-20	1.999977877259660319e-03	1.590094870630107383e-10	5.823360960560854793e-27	2.415921697713116798e-15	7.596745810276460446e-15	2.196211674083242515e-08	3.220152785267684432e-22	5.418520532867395907e-13	1.031767132995158165e-24	1.607183015223153863e-02	6.807180803004593550e-02	1.928191969954246585e-03	7.814833582100876409e-12	1.928169841013173793e-03
3.830000000000000000e+04	9.874369460860520910e-13	2.262793174057018604e-15	3.808373788232731108e-20	1.999978489685690780e-03	1.590094925319764403e-10	5.823361160849214677e-27	2.348558278151581713e-15	7.384924772247288834e-15	2.134973448157397846e-08	3.130363424120420974e-22	5.267435438386758025e-13	9.750317224958686109e-25	1.607182903013250341e-02	6.807180752035743576e-02	1.928192479642717701e-03	7.835414750015293095e-12	1.928170963063316696e-03
3.840000000000000000e+04	9.599042428290638423e-13	2.199699565234232828e-15	3.702184656698464208e-20	1.999979085034813645e-03	1.590094978483494723e-10	5.823361355549217450e-27	2.283073213518129970e-15	7.179010123702451461e-15	2.075442789855941617e-08	3.043077750877687538e-22	5.120563194445504374e-13	9.214161553996774597e-25	1.607182793932099979e-02	6.807180702488004054e-02	1.928192975120106853e-03	7.855995918627654732e-12	1.928172053826702559e-03
3.850000000000000000e+04	9.331392568927574790e-13	2.138365256320845174e-15	3.598956499072222082e-20	1.999979663783187523e-03	1.590095030163838689e-10	5.823361544816657010e-27	2.219414128388758260e-15	6.978837173242230287e-15	2.017572085524229286e-08	2.958225952942516734e-22	4.977786330849109056e-13	8.707488727539074375e-25	1.607182687892462838e-02	6.807180654321746960e-02	1.928193456782677576e-03	7.876577087918493494e-12	1.928173114175729891e-03
3.860000000000000000e+04	9.071205815331982966e-13	2.078741191201762254e-15	3.498606751900185812e-20	1.999980226393760670e-03	1.590095080402201087e-10	5.823361728803167392e-27	2.157530107569862464e-15	6.784245821069430833e-15	1.961315049063053678e-08	2.875740164220303417e-22	4.838990652485937986e-13	8.228677494452138733e-25	1.607182584809528636e-02	6.807180607498448943e-02	1.928193925015643214e-03	7.897158257868869855e-12	1.928174144958473774e-03
3.870000000000000000e+04	8.818274069317455667e-13	2.020779681712449521e-15	3.401055154045436897e-20	1.999980773316501273e-03	1.590095129238777206e-10	5.823361907655956592e-27	2.097371655637982282e-15	6.595080431728468981e-15	1.906626685009121816e-08	2.795554410986275604e-22	4.704065148623445440e-13	7.776195756155775322e-25	1.607182484600852557e-02	6.807180561980666345e-02	1.928194380193475922e-03	7.917739428460385508e-12	1.928175146999361106e-03
3.880000000000000000e+04	8.572395035043422889e-13	1.964434369388115952e-15	3.306223682310264728e-20	1.999981304988834169e-03	1.590095176712642026e-10	5.823362081518127272e-27	2.038890657253568693e-15	6.411189709341395815e-15	1.853463252546098042e-08	2.717604559117394150e-22	4.572901903866124163e-13	7.348595663634251954e-25	1.607182387186288294e-02	6.807180517731992175e-02	1.928194822680205905e-03	7.938320599675147824e-12	1.928176121099830446e-03
3.890000000000000000e+04	8.333372056983412782e-13	1.909660188330277206e-15	3.214036488939071242e-20	1.999981821835992556e-03	1.590095222861788468e-10	5.823362250528819536e-27	1.982040338628182024e-15	6.232426576458744241e-15	1.801782230521459046e-08	2.641828262798975892e-22	4.445396011714588112e-13	6.944508984011250723e-25	1.607182292487925601e-02	6.807180474717040852e-02	1.928195252829713498e-03	7.958901771495771472e-12	1.928177068038972345e-03
3.900000000000000000e+04	8.101013963444039763e-13	1.856413329345459149e-15	3.124419841262335490e-20	1.999982324271361474e-03	1.590095267723153508e-10	5.823362414823307787e-27	1.926775230282728729e-15	6.058648056914260428e-15	1.751542283437121142e-08	2.568164914659142783e-22	4.321445491085955737e-13	6.562642723581286810e-25	1.607182200430026103e-02	6.807180432901412115e-02	1.928195670986011063e-03	7.979482943905342869e-12	1.928177988574154497e-03
3.910000000000000000e+04	7.875134913759515968e-13	1.804651204926301487e-15	3.037302062758375624e-20	1.999982812696781374e-03	1.590095311332634200e-10	5.823362574533053819e-27	1.873051130720211596e-15	5.889715161631714475e-15	1.702703228546872254e-08	2.496555597526046131e-22	4.200951204795227376e-13	6.201774991171388107e-25	1.607182110938962238e-02	6.807180392251661882e-02	1.928196077483516641e-03	8.000064116887431495e-12	1.928178883441622601e-03
3.920000000000000000e+04	7.655554247383129575e-13	1.754332414667510127e-15	2.952613474846978089e-20	1.999983287502974001e-03	1.590095353725190555e-10	5.823362729786092818e-27	1.820825070529568782e-15	5.725492775748742761e-15	1.655226003207558104e-08	2.426943036557191709e-22	4.083816779048939558e-13	5.860751082482547276e-25	1.607182023943161397e-02	6.807180352735277273e-02	1.928196472647326085e-03	8.020645290426062423e-12	1.928179753357099711e-03
3.930000000000000000e+04	7.442096342256905748e-13	1.705416712808080566e-15	2.870286342261623139e-20	1.999983749069629557e-03	1.590095394934701308e-10	5.823362880706500277e-27	1.770055278690465135e-15	5.565849552650202262e-15	1.609072634191060994e-08	2.359271554243728280e-22	3.969948527888433030e-13	5.538479796901469619e-25	1.607181939373043822e-02	6.807180314320662728e-02	1.928196856793469149e-03	8.041226464505701783e-12	1.928180599016346766e-03
3.940000000000000000e+04	7.234590474049669890e-13	1.657864975972652455e-15	2.790254818756876320e-20	1.999984197765952276e-03	1.590095434994185181e-10	5.823363027415195564e-27	1.720701149097743816e-15	5.410657808717005148e-15	1.564206207285645233e-08	2.293487025838999316e-22	3.859255378096674632e-13	5.233929932906811419e-25	1.607181857160974725e-02	6.807180276977091438e-02	1.928197230229161891e-03	8.061807639111256761e-12	1.928181421095722910e-03
3.950000000000000000e+04	7.032870677058193271e-13	1.611639171294067590e-15	2.712454893457329493e-20	1.999984633950808739e-03	1.590095473935699301e-10	5.823363170029581751e-27	1.672723207478775605e-15	5.259793419305064421e-15	1.520590837235287229e-08	2.229536835282683595e-22	3.751648794992460605e-13	4.946126995639418374e-25	1.607181777241199067e-02	6.807180240674701177e-02	1.928197593253056039e-03	8.082388814228043284e-12	1.928182220252733876e-03
3.960000000000000000e+04	6.836775612818866582e-13	1.566702326302969222e-15	2.636824340180571597e-20	1.999985057973090435e-03	1.590095511790431738e-10	5.823363308663881388e-27	1.626083080146032773e-15	5.113135720497400541e-15	1.478191639356639543e-08	2.167369833584706637e-22	3.647042712338027422e-13	4.674150078805619319e-25	1.607181699549798878e-02	6.807180205384458227e-02	1.928197946155478602e-03	8.102969989841798951e-12	1.928182997126550021e-03
3.970000000000000000e+04	6.646148444766668606e-13	1.523018500203274585e-15	2.563302669092623082e-20	1.999985470171901109e-03	1.590095548588659887e-10	5.823363443428972924e-27	1.580743464150711257e-15	4.970567415190634843e-15	1.436974702174266182e-08	2.106936298702217565e-22	3.545353465472747791e-13	4.417128915017802514e-25	1.607181624024638100e-02	6.807180171078142106e-02	1.928198289218654559e-03	8.123551165938652328e-12	1.928183752338512432e-03
3.980000000000000000e+04	6.460836707185493089e-13	1.480552753839562992e-15	2.491831076161829285e-20	1.999985870876947510e-03	1.590095584359861104e-10	5.823363574432812571e-27	1.536668096182534967e-15	4.831974475436536185e-15	1.396907059626208518e-08	2.048187894786484784e-22	3.446499721401828099e-13	4.174241096259981317e-25	1.607181550605313661e-02	6.807180137728312264e-02	1.928198622716941705e-03	8.144132342505119728e-12	1.928184486492639247e-03
3.990000000000000000e+04	6.280692186402469278e-13	1.439271122470349884e-15	2.422352397335149380e-20	1.999986260408744519e-03	1.590095619132689960e-10	5.823363701780341756e-27	1.493821724235835539e-15	4.697246053204318560e-15	1.357956664787963318e-08	1.991077633656253652e-22	3.350402415416657036e-13	3.944709434157842659e-25	1.607181479233105170e-02	6.807180105308301143e-02	1.928198946917047919e-03	8.164713519528093890e-12	1.928185200176108990e-03
4.000000000000000000e+04	6.105570800227833593e-13	1.399140588139409022e-15	2.354811062037973267e-20	1.999986639078841100e-03	1.590095652934980565e-10	5.823363825573497878e-27	1.452170078986336686e-15	4.566274390476441165e-15	1.320092364205717340e-08	1.935559837164301419e-22	3.256984686779486409e-13	3.727799479788124916e-25	1.607181409850932247e-02	6.807180073792180874e-02	1.928199262078245839e-03	8.185294696994834294e-12	1.928185893959728520e-03
4.010000000000000000e+04	5.935332484893498492e-13	1.360129053765543763e-15	2.289153049566132735e-20	1.999987007190072268e-03	1.590095685793770611e-10	5.823363945911300409e-27	1.411679846870334107e-15	4.438954734543225095e-15	1.283283873224961781e-08	1.881590101023526866e-22	3.166171818408394064e-13	3.522817170729428623e-25	1.607181342403305249e-02	6.807180043154746618e-02	1.928199568452576042e-03	8.205875874892959082e-12	1.928186568398383401e-03
4.020000000000000000e+04	5.769841081447243194e-13	1.322205317107687735e-15	2.225325845268102423e-20	1.999987365036876540e-03	1.590095717735379950e-10	5.823364062890134290e-27	1.372318643076357387e-15	4.315185253101824629e-15	1.247501751524548942e-08	1.829125258934226743e-22	3.077891176272024246e-13	3.329106610270173073e-25	1.607181276836280523e-02	6.807180013371499916e-02	1.928199866285053689e-03	8.226457053210422435e-12	1.928187224031493270e-03
4.030000000000000000e+04	5.608964228978212649e-13	1.285339046295525825e-15	2.163278399362032130e-20	1.999987712905445126e-03	1.590095748785365878e-10	5.823364176603603567e-27	1.334054986151965438e-15	4.194866954415460400e-15	1.212717380053248509e-08	1.778123348767762286e-22	2.992072152428634612e-13	3.146047972287132698e-25	1.607181213097418765e-02	6.807179984418615382e-02	1.928200155813857833e-03	8.247038231935516194e-12	1.928187861383427737e-03
4.040000000000000000e+04	5.452573255950634654e-13	1.249500754926654624e-15	2.102961085023245289e-20	1.999988051074046754e-03	1.590095778968619036e-10	5.823364287142862146e-27	1.296858272143955174e-15	4.077903605973704032e-15	1.178902937428306393e-08	1.728543577961420820e-22	2.908646107056102052e-13	2.973055511246689758e-25	1.607181151135744085e-02	6.807179956272947641e-02	1.928200437270531555e-03	8.267619411056866624e-12	1.928188480963943536e-03
4.050000000000000000e+04	5.300543078603990899e-13	1.214661778783144953e-15	2.044325659197258737e-20	1.999988379813129151e-03	1.590095808309286377e-10	5.823364394596344022e-27	1.260698750447274256e-15	3.964201658578838387e-15	1.146031378078321677e-08	1.680346291470819702e-22	2.827546314251650665e-13	2.809575693214133680e-25	1.607181090901700637e-02	6.807179928911982758e-02	1.928200710880157397e-03	8.288200590563413417e-12	1.928189083268580040e-03
4.060000000000000000e+04	5.152752101765570601e-13	1.180794253100977733e-15	1.987325224343308303e-20	1.999988699385643002e-03	1.590095836830877406e-10	5.823364499050144254e-27	1.225547500200200495e-15	3.853670172097474780e-15	1.114076410694542322e-08	1.633492940174550925e-22	2.748707909118585736e-13	2.655085422307912966e-25	1.607181032347116192e-02	6.807179902313845177e-02	1.928200976861543618e-03	8.308781770444401608e-12	1.928189668779056948e-03
4.070000000000000000e+04	5.009082120564815593e-13	1.147871090046179182e-15	1.931914190525767468e-20	1.999989010047158178e-03	1.590095864556205767e-10	5.823364600587815208e-27	1.191376406919145051e-15	3.746220742013399656e-15	1.083012477071742923e-08	1.587946049850012988e-22	2.672067835334191454e-13	2.509090369131441550e-25	1.607180975425159114e-02	6.807179876457257472e-02	1.928201235427395724e-03	8.329362950689373503e-12	1.928190237963661778e-03
4.080000000000000000e+04	4.869418225583626460e-13	1.115865956978395964e-15	1.878048238830844461e-20	1.999989312046212414e-03	1.590095891507527011e-10	5.823364699290860887e-27	1.158158139932771902e-15	3.641767428459640692e-15	1.052814731553035307e-08	1.543669191034777474e-22	2.597564794550668758e-13	2.371123385640728508e-25	1.607180920090306789e-02	6.807179851321547293e-02	1.928201486784489934e-03	8.349944131288171905e-12	1.928190791277626954e-03
4.090000000000000000e+04	4.733648711870272603e-13	1.084753255599885460e-15	1.825684286273484501e-20	1.999989605624266208e-03	1.590095917706355332e-10	5.823364795238075428e-27	1.125866130738282100e-15	3.540226688156302834e-15	1.023459021335016939e-08	1.500626950149391292e-22	2.525139197857177642e-13	2.240743012805845900e-25	1.607180866298302951e-02	6.807179826886612661e-02	1.928201731133835379e-03	8.370525312230920730e-12	1.928191329163491058e-03
4.100000000000000000e+04	4.601664989175304136e-13	1.054508101384589135e-15	1.774780451175651513e-20	1.999989891016196782e-03	1.590095943173725414e-10	5.823364888506491595e-27	1.094474551655195626e-15	3.441517307296808809e-15	9.949218670899973507e-09	1.458784901085092827e-22	2.454733117893883985e-13	2.117532067335642942e-25	1.607180814006127154e-02	6.807179803132910878e-02	1.928201968670838250e-03	8.391106493508012081e-12	1.928191852051452720e-03
4.110000000000000000e+04	4.473361495027431205e-13	1.025106303658048284e-15	1.725296019640012900e-20	1.999990168450253413e-03	1.590095967930023641e-10	5.823364979170768058e-27	1.063958295152668989e-15	3.345560336548274632e-15	9.671804441871091197e-09	1.418109577669625656e-22	2.386290242481053002e-13	2.001096306579104794e-25	1.607180763171959029e-02	6.807179780041447414e-02	1.928202199585453153e-03	8.411687675110114327e-12	1.928192360359712787e-03
4.120000000000000000e+04	4.348635610623030082e-13	9.965243463221232608e-16	1.677191413108847920e-20	1.999990438148325882e-03	1.590095991995071587e-10	5.823365067303498623e-27	1.034292953835023380e-15	3.252279028100616845e-15	9.402125644366698131e-09	1.378568446900276733e-22	2.319755829749149865e-13	1.891063167455585130e-25	1.607180713755142210e-02	6.807179757593757874e-02	1.928202424062339451e-03	8.432268857028154330e-12	1.928192854494812595e-03
4.130000000000000000e+04	4.227387578261478378e-13	9.687393689339936759e-16	1.630428156519233001e-20	1.999990700326101899e-03	1.590096015388126017e-10	5.823365152975208649e-27	1.005454800817620133e-15	3.161598773986148237e-15	9.139966583440676671e-09	1.340129882923962874e-22	2.255076664093660952e-13	1.787080573736631795e-25	1.607180665716155185e-02	6.807179735771888562e-02	1.928202642281007196e-03	8.452850039253302907e-12	1.928193334851957281e-03
4.140000000000000000e+04	4.109520422093666168e-13	9.417291485444338685e-16	1.584968847736112264e-20	1.999990955193350298e-03	1.590096038127984093e-10	5.823365236254733143e-27	9.774207708620286161e-16	3.073447046732013948e-15	8.885117578576109073e-09	1.302763141741618765e-22	2.192201013897380804e-13	1.688815810016449739e-25	1.607180619016580075e-02	6.807179714558390937e-02	1.928202854415960463e-03	8.473431221776987753e-12	1.928193801815331933e-03
4.150000000000000000e+04	3.994939869804414927e-13	9.154720817501367133e-16	1.540777127345619873e-20	1.999991202953855986e-03	1.590096060232808634e-10	5.823365317208595444e-27	9.501684417579624269e-16	2.987753340835394503e-15	8.637374795089325045e-09	1.266438336488130050e-22	2.131078589750973911e-13	1.595954456383640517e-25	1.607180573619068284e-02	6.807179693936304954e-02	1.928203060636839161e-03	8.494012404590878900e-12	1.928194255758410155e-03
4.160000000000000000e+04	3.883554279002788064e-13	8.899471678249161406e-16	1.497817650264207648e-20	1.999991443805788568e-03	1.590096081720312161e-10	5.823365395901658674e-27	9.236760168119578656e-16	2.904449117694026111e-15	8.396540084706133237e-09	1.231126414057139628e-22	2.071660505185005082e-13	1.508199383848278691e-25	1.607180529487311355e-02	6.807179673889131311e-02	1.928203261108550875e-03	8.514593587686864486e-12	1.928194697044247671e-03
4.170000000000000000e+04	3.775274561012805631e-13	8.651339912552306306e-16	1.456056056345209378e-20	1.999991677941760030e-03	1.590096102607686330e-10	5.823365472396886830e-27	8.979223067230589638e-16	2.823467748619189030e-15	8.162420820925764368e-09	1.196799130961599248e-22	2.013899236015312376e-13	1.425269801102453903e-25	1.607180486586016685e-02	6.807179654400846713e-02	1.928203455991406605e-03	8.535174771057068522e-12	1.928195126025783728e-03
4.180000000000000000e+04	3.670014112529825234e-13	8.410127060782070378e-16	1.415458944019095992e-20	1.999991905549096220e-03	1.590096122911709984e-10	5.823365546755727902e-27	8.728867133249881417e-16	2.744744463709551444e-15	7.934829751058997060e-09	1.163429031639154687e-22	1.957748583884332964e-13	1.346900358546572504e-25	1.607180444880872486e-02	6.807179635455862243e-02	1.928203645441245451e-03	8.555755954693831511e-12	1.928195543046109985e-03
4.190000000000000000e+04	3.567688744312431622e-13	8.175640195403600197e-16	1.375993842790427982e-20	1.999992126809810832e-03	1.590096142648627399e-10	5.823365619037669767e-27	8.485492126281781597e-16	2.668216298532723521e-15	7.713584842232449429e-09	1.130989425872817212e-22	1.903163638221106180e-13	1.272840297667623921e-25	1.607180404338526269e-02	6.807179617039027519e-02	1.928203829609562766e-03	8.576337138589710442e-12	1.928195948438753051e-03
4.200000000000000000e+04	3.468216615290060114e-13	7.947691769973946736e-16	1.337629187823605851e-20	1.999992341900897700e-03	1.590096161834270812e-10	5.823365689300697933e-27	8.248903391439546880e-16	2.593822044827301030e-15	7.498509138654044675e-09	1.099454367862795993e-22	1.850100741090331338e-13	1.202852649097346706e-25	1.607180364926553973e-02	6.807179599135623760e-02	1.928204008643627683e-03	8.596918322737465870e-12	1.928196342527939032e-03
4.210000000000000000e+04	3.371518165590585377e-13	7.726099465665356205e-16	1.300334294112107963e-20	1.999992550994359863e-03	1.590096180483985457e-10	5.823365757601010700e-27	8.018911699587239246e-16	2.521502200431611488e-15	7.289430617059310465e-09	1.068798635031587112e-22	1.798517451465341758e-13	1.136713474253269477e-25	1.607180326613436364e-02	6.807179581731329088e-02	1.928204182686605846e-03	8.617499507130065143e-12	1.928196725628856341e-03
4.220000000000000000e+04	3.277516054383638703e-13	7.510686048824394607e-16	1.264079332505109831e-20	1.999992754257446347e-03	1.590096198612724949e-10	5.823365823993368570e-27	7.795333099486246086e-16	2.451198922789360362e-15	7.086182052199529352e-09	1.038997708301438127e-22	1.748372512070055698e-13	1.074211148709244800e-25	1.607180289368533369e-02	6.807179564812222694e-02	1.928204351877667831e-03	8.638080691760664636e-12	1.928197098047900728e-03
4.230000000000000000e+04	3.186135097261395824e-13	7.301279227471386565e-16	1.228835305555749045e-20	1.999992951852747579e-03	1.590096216235028024e-10	5.823365888531018913e-27	7.577988768866854091e-16	2.382855982121935023e-15	6.888600881519137218e-09	1.010027752252932301e-22	1.699625815974248091e-13	1.015145685716464624e-25	1.607180253162058398e-02	6.807179548364777899e-02	1.928204516352105807e-03	8.658661876622617821e-12	1.928197460082926385e-03
4.240000000000000000e+04	3.097302206051877017e-13	7.097711513374360450e-16	1.194574024307603518e-20	1.999993143938282123e-03	1.590096233364999918e-10	5.823365951265622064e-27	7.366704871239342376e-16	2.316418716396687812e-15	6.696529074736903159e-09	9.818655960025850023e-23	1.652238374486475236e-13	9.593280955923434569e-26	1.607180217965055793e-02	6.807179532375844111e-02	1.928204676241438049e-03	8.679243061709463966e-12	1.928197812023482727e-03
4.250000000000000000e+04	3.010946331007236537e-13	6.899820089565644658e-16	1.161268085997196024e-20	1.999993330667698341e-03	1.590096250016379844e-10	5.823366012247488808e-27	7.161312418445590767e-16	2.251833988117700001e-15	6.509813009269875642e-09	9.544887149371186324e-23	1.606172286313977259e-13	9.065797807507182240e-26	1.607180183749377239e-02	6.807179516832637112e-02	1.928204831673515631e-03	8.699824247014915207e-12	1.928198154151042516e-03
4.260000000000000000e+04	2.926998402703161349e-13	6.707446677196653959e-16	1.128890851645102654e-20	1.999993512190343346e-03	1.590096266202509450e-10	5.823366071525482088e-27	6.961647132448927521e-16	2.189050140862786162e-15	6.328303344456326925e-09	9.278752122716458005e-23	1.561390706568509094e-13	8.567319649706808059e-26	1.607180150487659900e-02	6.807179501722726567e-02	1.928204982772626285e-03	8.720405432532867854e-12	1.928198486739235180e-03
4.270000000000000000e+04	2.845391278403275076e-13	6.520437412624730325e-16	1.097416425369167634e-20	1.999993688651408724e-03	1.590096281936366165e-10	5.823366129147131076e-27	6.767549317727389763e-16	2.128016959151549696e-15	6.151854905304586349e-09	9.020038020045728862e-23	1.517857818154044449e-13	8.096251527529915899e-26	1.607180118153303527e-02	6.807179487034027698e-02	1.928205129659589815e-03	8.740986618257381395e-12	1.928198810054055409e-03
4.280000000000000000e+04	2.766059686523864930e-13	6.338642720146941804e-16	1.066819632965071381e-20	1.999993860192024204e-03	1.590096297230554930e-10	5.823366185158598176e-27	6.578863729533899064e-16	2.068685627086805006e-15	5.980326565087985617e-09	8.768537917032766147e-23	1.475538802141146419e-13	7.651086164409917250e-26	1.607180086720448944e-02	6.807179472754798510e-02	1.928205272451857409e-03	8.761567804182684951e-12	1.928199124354081301e-03
4.290000000000000000e+04	2.688940179248379382e-13	6.161917203409783677e-16	1.037076003630176314e-20	1.999994026949364345e-03	1.590096312097317500e-10	5.823366239604711308e-27	6.395439459627968606e-16	2.011008692127544601e-15	5.813581130929406039e-09	8.524050657283116120e-23	1.434399812488866151e-13	7.230399289168699627e-26	1.607180056163958967e-02	6.807179458873624522e-02	1.928205411263607914e-03	8.782148990303169205e-12	1.928199429890682746e-03
4.300000000000000000e+04	2.613971071682606222e-13	5.990119505976102453e-16	1.008161746496289256e-20	1.999994189056836322e-03	1.590096326548591125e-10	5.823366292529193494e-27	6.217129794672183871e-16	1.954940021152325577e-15	5.651485236050669783e-09	8.286380694343875861e-23	1.394407943586745866e-13	6.832844763820809861e-26	1.607180026459396546e-02	6.807179445379400728e-02	1.928205546205832626e-03	8.802730176613378318e-12	1.928199726908219180e-03
4.310000000000000000e+04	2.541092403165994417e-13	5.823112222664497088e-16	9.800537357077992226e-21	1.999994346644113751e-03	1.590096340595977274e-10	5.823366343974528696e-27	6.043792121087364445e-16	1.900434769949839025e-15	5.493909232233834939e-09	8.055337934030155005e-23	1.355531209616109489e-13	6.457150602356869208e-26	1.607179997583007766e-02	6.807179432261337149e-02	1.928205677386430261e-03	8.823311363108006702e-12	1.928200015644237347e-03
4.320000000000000000e+04	2.470245883908736856e-13	5.660761777261846819e-16	9.527294898401527428e-21	1.999994499837222991e-03	1.590096354250725342e-10	5.823366393981918766e-27	5.875287799707635591e-16	1.847449344103516175e-15	5.340727086484512677e-09	7.830737582908144475e-23	1.317738516083357265e-13	6.102114727245206307e-26	1.607179969511698600e-02	6.807179419508951890e-02	1.928205804910290222e-03	8.843892549781902250e-12	1.928200296329660385e-03
4.330000000000000000e+04	2.401374850152343978e-13	5.502938319768113888e-16	9.261671546057441405e-21	1.999994648758676719e-03	1.590096367523773760e-10	5.823366442591420483e-27	5.711482058784098803e-16	1.795941365281481646e-15	5.191816281429035510e-09	7.612400002254741695e-23	1.280999635900139281e-13	5.766601171116799089e-26	1.607179942223020686e-02	6.807179407112044778e-02	1.928205928879377388e-03	8.864473736630058258e-12	1.928200569188968884e-03
4.340000000000000000e+04	2.334424217175345255e-13	5.349515618703270445e-16	9.003454847287259684e-21	1.999994793527596227e-03	1.590096380425771961e-10	5.823366489842035232e-27	5.552243882260012895e-16	1.745869636114748984e-15	5.047057714083643111e-09	7.400150559629793788e-23	1.245285184314063976e-13	5.449536425918143413e-26	1.607179915695150160e-02	6.807179395060700133e-02	1.928206049392812557e-03	8.885054923647594036e-12	1.928200834440387803e-03
4.350000000000000000e+04	2.269340436408774492e-13	5.200370962832174495e-16	8.752438274049037217e-21	1.999994934259749588e-03	1.590096392967051431e-10	5.823366535771599956e-27	5.397445907723207918e-16	1.697194108099802031e-15	4.906335602754972675e-09	7.193819492370780478e-23	1.210566596031755115e-13	5.149906017520853102e-26	1.607179889906873785e-02	6.807179383345286772e-02	1.928206166546954196e-03	8.905636110829780762e-12	1.928201092296058213e-03
4.360000000000000000e+04	2.206071452978782539e-13	5.055385063868385731e-16	8.508421059263894948e-21	1.999995071067733367e-03	1.590096405157694468e-10	5.823366580417039700e-27	5.246964325426935247e-16	1.649875849847139127e-15	4.769537395273761762e-09	6.993241773042257109e-23	1.176816102569791112e-13	4.866751254873111759e-26	1.607179864837568473e-02	6.807179371956433023e-02	1.928206280435472821e-03	8.926217298172010780e-12	1.928201342962201654e-03
4.370000000000000000e+04	2.144566663015879955e-13	4.914441958643265820e-16	8.271208032162593391e-21	1.999995204060934020e-03	1.590096417007455857e-10	5.823366623814075601e-27	5.100678776883574137e-16	1.603877015219754251e-15	4.636553677705571312e-09	6.798256975584620411e-23	1.144006709481174981e-13	4.599166172238875871e-26	1.607179840467185677e-02	6.807179360885039221e-02	1.928206391149427101e-03	8.946798485669816992e-12	1.928201586639290144e-03
4.380000000000000000e+04	2.084776873901757836e-13	4.777428918006879425e-16	8.040609464962034600e-21	1.999995333345759921e-03	1.590096428525865237e-10	5.823366665997615193e-27	4.958472260031695322e-16	1.559160813459973443e-15	4.507278086221895299e-09	6.608709146097069143e-23	1.112112175148859807e-13	4.346294614106063322e-26	1.607179816776237516e-02	6.807179350122247175e-02	1.928206498777336941e-03	8.967379673318845392e-12	1.928201823522209674e-03
4.390000000000000000e+04	2.026654264542029476e-13	4.644236355788392098e-16	7.816440919641846283e-21	1.999995459025578903e-03	1.590096439722135590e-10	5.823366707001390800e-27	4.820231035008159232e-16	1.515691479609854948e-15	4.381607223227010398e-09	6.424446679860004106e-23	1.081106989593125234e-13	4.107327508109356309e-26	1.607179793745777338e-02	6.807179339659455430e-02	1.928206603405253948e-03	8.987960861114863140e-12	1.928202053800407876e-03
4.400000000000000000e+04	1.970152347095379649e-13	4.514757741093996676e-16	7.598523100338217454e-21	1.999995581200952454e-03	1.590096450605280082e-10	5.823366746858416567e-27	4.685844533024408506e-16	1.473434245839236367e-15	4.259440573850149986e-09	6.245322198893370132e-23	1.050966354055880460e-13	3.881500270893329227e-26	1.607179771357389667e-02	6.807179329488298458e-02	1.928206705116830176e-03	9.008542049053765029e-12	1.928202277658051670e-03
4.410000000000000000e+04	1.915225930680616892e-13	4.388889515137459405e-16	7.386681713366283920e-21	1.999995699969578031e-03	1.590096461184013578e-10	5.823366785600604611e-27	4.555205270024238720e-16	1.432355314291956438e-15	4.140680427311255900e-09	6.071192436660754163e-23	1.021666161640091791e-13	3.668090365660611086e-26	1.607179749593169379e-02	6.807179319600643874e-02	1.928206803993385340e-03	9.029123237131550867e-12	1.928202495274171238e-03
4.420000000000000000e+04	1.861831083838000571e-13	4.266531005216053073e-16	7.180747322438106976e-21	1.999995815426456464e-03	1.590096471466829414e-10	5.823366823259063489e-27	4.428208757439578631e-16	1.392421829031134367e-15	4.025231796064447444e-09	5.901918119515015349e-23	9.931829772846982627e-14	3.466414984865140074e-26	1.607179728435713384e-02	6.807179309988585503e-02	1.928206900113970789e-03	9.049704425344335166e-12	1.928202706822806185e-03
4.430000000000000000e+04	1.809925100315779725e-13	4.147584346306555653e-16	6.980555216705512893e-21	1.999995927663940094e-03	1.590096481461984403e-10	5.823366859864030755e-27	4.304753420792932278e-16	1.353601850439951876e-15	3.913002341649509928e-09	5.737363857979495018e-23	9.654940195133627813e-14	3.275828868850096002e-26	1.607179707868102228e-02	6.807179300644439213e-02	1.928206993555434557e-03	9.070285613688347145e-12	1.928202912473142789e-03
4.440000000000000000e+04	1.759466464682197777e-13	4.031954402261343315e-16	6.785945278129889100e-21	1.999996036771784381e-03	1.590096491177489014e-10	5.823366895444842828e-27	4.184740517911340614e-16	1.315864329505337923e-15	3.803902300372309832e-09	5.577398037778352643e-23	9.385771420901321394e-14	3.095722240446750785e-26	1.607179687873888999e-02	6.807179291560733203e-02	1.928207084392481426e-03	9.090866802159908112e-12	1.928203112389648881e-03
4.450000000000000000e+04	1.710414819114265405e-13	3.919548689701204436e-16	6.596761853390663737e-21	1.999996142837251554e-03	1.590096500621137615e-10	5.823366930030042611e-27	4.068074059937012823e-16	1.279179082980621966e-15	3.697844411512090835e-09	5.421892714571929520e-23	9.124108163028508214e-14	2.925518853531429367e-26	1.607179668437084055e-02	6.807179282730208003e-02	1.928207172697733209e-03	9.111447990755455699e-12	1.928203306732207637e-03
4.460000000000000000e+04	1.662730931103254915e-13	3.810277304008966127e-16	6.412853629329559370e-21	1.999996245945199948e-03	1.590096509800529928e-10	5.823366963647464868e-27	3.954660734520669199e-16	1.243516769234962230e-15	3.594743847528981061e-09	5.270723511624830973e-23	8.869741137356122806e-14	2.764674149345243701e-26	1.607179649542144970e-02	6.807179274145802594e-02	1.928207258541786429e-03	9.132029179471518008e-12	1.928203495656242907e-03
4.470000000000000000e+04	1.616376662132920950e-13	3.704052847552240034e-16	6.234073512146508581e-21	1.999996346178062323e-03	1.590096518723006146e-10	5.823366996323991572e-27	3.844409831308170225e-16	1.208848864820017359e-15	3.494518146217188778e-09	5.123769520326888084e-23	8.622466895601149671e-14	2.612673513966851314e-26	1.607179631173962647e-02	6.807179265800653023e-02	1.928207341993269566e-03	9.152610368304720078e-12	1.928203679312845420e-03
4.480000000000000000e+04	1.571314937107527810e-13	3.600790359624463966e-16	6.060278509487568537e-21	1.999996443616032776e-03	1.590096527395750333e-10	5.823367028085930723e-27	3.737233169245458201e-16	1.175147641615023696e-15	3.397087144750210378e-09	4.980913203488216747e-23	8.382087662270123605e-14	2.469030631662585933e-26	1.607179613317848491e-02	6.807179257688089624e-02	1.928207423118897049e-03	9.173191557251785498e-12	1.928203857848892261e-03
4.490000000000000000e+04	1.527509714754758647e-13	3.500407248620016843e-16	5.891329616292851154e-21	1.999996538337058070e-03	1.590096535825737173e-10	5.823367058958826936e-27	3.633045026167473559e-16	1.142386144683429246e-15	3.302372915564487800e-09	4.842040301329873335e-23	8.148411176773187339e-14	2.333285928739390518e-26	1.607179595959524337e-02	6.807179249801624532e-02	1.928207501983523250e-03	9.193772746309525098e-12	1.928204031407165699e-03
4.500000000000000000e+04	1.484925958737541021e-13	3.402823225833914283e-16	5.727091703378699014e-21	1.999996630416861921e-03	1.590096544019707671e-10	5.823367088967367460e-27	3.531762070106207149e-16	1.110538170676385542e-15	3.210299704031545001e-09	4.707039740096827275e-23	7.921250539319949622e-14	2.205005103010787185e-26	1.607179579085109625e-02	6.807179242134957231e-02	1.928207578650194091e-03	9.214353935474845031e-12	1.928204200126465949e-03
4.510000000000000000e+04	1.443529609697161742e-13	3.307960241395679605e-16	5.567433409611758249e-21	1.999996719929091581e-03	1.590096551984242048e-10	5.823367118135649785e-27	3.433303292778165663e-16	1.079578246914756324e-15	3.120793867867800117e-09	4.575803543218791172e-23	7.700424061783353256e-14	2.083777734134764339e-26	1.607179562681111326e-02	6.807179234681953739e-02	1.928207653180197571e-03	9.234935124744730609e-12	1.928204364141723704e-03
4.520000000000000000e+04	1.403287558003966993e-13	3.215742421824719904e-16	5.412227036812118971e-21	1.999996806945373348e-03	1.590096559725763363e-10	5.823367146487200299e-27	3.337589944775356056e-16	1.049481611010704322e-15	3.033783818233745536e-09	4.448226744948027358e-23	7.485755122338173144e-14	1.969215970517919391e-26	1.607179546734412157e-02	6.807179227436659097e-02	1.928207725633112333e-03	9.255516314116249543e-12	1.928204523584106395e-03
4.530000000000000000e+04	1.364167617044250554e-13	3.126096008814494490e-16	5.261348446724561418e-21	1.999996891535282643e-03	1.590096567250473142e-10	5.823367174044725329e-27	3.244545472057013840e-16	1.020224190903114465e-15	2.949199962188881964e-09	4.324207305984990618e-23	7.277072022959951747e-14	1.860953287434964608e-26	1.607179531232260511e-02	6.807179220393284880e-02	1.928207796066856890e-03	9.276097503586561630e-12	1.928204678581125738e-03
4.540000000000000000e+04	1.326138498156838773e-13	3.038949301797094597e-16	5.114676964352388520e-21	1.999996973766473684e-03	1.590096574564416268e-10	5.823367200830365122e-27	3.154095456294975569e-16	9.917825860914453115e-16	2.866974648170728446e-09	4.203646033538016721e-23	7.074207855724153781e-14	1.758643316422895688e-26	1.607179516162260749e-02	6.807179213546198093e-02	1.928207864537733645e-03	9.296678693152896139e-12	1.928204829256734230e-03
4.550000000000000000e+04	1.289169784801262392e-13	2.954232598747024426e-16	4.972095278327711187e-21	1.999997053704724581e-03	1.590096581673469082e-10	5.823367226865645057e-27	3.066167553441451386e-16	9.641340483201617332e-16	2.787042110203698204e-09	4.086446499520698759e-23	6.877000365006394603e-14	1.661958734110524939e-26	1.607179501512363134e-02	6.807179206889923950e-02	1.928207931100475291e-03	9.317259882812571194e-12	1.928204975731431185e-03
4.560000000000000000e+04	1.253231908519343194e-13	2.871878141094686675e-16	4.833489348198716270e-21	1.999997131414004130e-03	1.590096588583378163e-10	5.823367252171604789e-27	2.980691436613401557e-16	9.372564636301270778e-16	2.709338416369944420e-09	3.972514964998132087e-23	6.685291819249612669e-14	1.570590216585400927e-26	1.607179487270853080e-02	6.807179200419145870e-02	1.928207995808288618e-03	9.337841072562966313e-12	1.928205118122357275e-03
4.570000000000000000e+04	1.218296125483686597e-13	2.791820059984946427e-16	4.698748313980476213e-21	1.999997206956410228e-03	1.590096595299649951e-10	5.823367276768412973e-27	2.897598740228844130e-16	9.111283347763841436e-16	2.633801417449568350e-09	3.861760304881771036e-23	6.498928885862102183e-14	1.484245449413735031e-26	1.607179473426343166e-02	6.807179194128686051e-02	1.928208058712895705e-03	9.358422262401536947e-12	1.928205256543383435e-03
4.580000000000000000e+04	1.184334493319789576e-13	2.713994323162647164e-16	4.567764406761181112e-21	1.999997280392378472e-03	1.590096601827694980e-10	5.823367300675882398e-27	2.816823004930098184e-16	8.857287639191807106e-16	2.560370697194284566e-09	3.754093935019076774e-23	6.317762507575235040e-14	1.402648192115804327e-26	1.607179459967763083e-02	6.807179188013517956e-02	1.928208119864577514e-03	9.379003452325811248e-12	1.928205391105205840e-03
4.590000000000000000e+04	1.151319848650964801e-13	2.638338683514595655e-16	4.440432862096158127e-21	1.999997351780663946e-03	1.590096608172776446e-10	5.823367323913290628e-27	2.738299624177495274e-16	8.610374358310413503e-16	2.488987523792334236e-09	3.649429741029884522e-23	6.141647782657055345e-14	1.325537393897510276e-26	1.607179446884351645e-02	6.807179182068752443e-02	1.928208179312213997e-03	9.399584642333393298e-12	1.928205521915434591e-03
4.600000000000000000e+04	1.119225785893203891e-13	2.564792630475875145e-16	4.316651838222722998e-21	1.999997421178353798e-03	1.590096614339987973e-10	5.823367346499286724e-27	2.661965793773628763e-16	8.370346020172608830e-16	2.419594803706691240e-09	3.547684010622613745e-23	5.970443851793648165e-14	1.252666360011579549e-26	1.607179434165648124e-02	6.807179176289643308e-02	1.928208237103319666e-03	9.420165832421948576e-12	1.928205649078679803e-03
4.610000000000000000e+04	1.088026635133485278e-13	2.493297339335786309e-16	4.196322330740072169e-21	1.999997488640964816e-03	1.590096620334290577e-10	5.823367368451985956e-27	2.587760459362127844e-16	8.137010642289286915e-16	2.352137034728299120e-09	3.448775364759448965e-23	5.804013780081167325e-14	1.183801959062892302e-26	1.607179421801482183e-02	6.807179170671566470e-02	1.928208293284086085e-03	9.440747022589202335e-12	1.928205772696634434e-03
4.620000000000000000e+04	1.057697443429460788e-13	2.423795628384573063e-16	4.079348100484969040e-21	1.999997554222452106e-03	1.590096626160528432e-10	5.823367389789311313e-27	2.515624271589843509e-16	7.910181602951336896e-16	2.286560262748554014e-09	3.352624694274791088e-23	5.642224457269802333e-14	1.118723881759634390e-26	1.607179409781967980e-02	6.807179165210033855e-02	1.928208347899415488e-03	9.461328212832949297e-12	1.928205892868155172e-03
4.630000000000000000e+04	1.028213952026149023e-13	2.356231906702588613e-16	3.965635585659825561e-21	1.999997617975233805e-03	1.590096631823332718e-10	5.823367410528035687e-27	2.445499532595423065e-16	7.689677474260785671e-16	2.222812037758335255e-09	3.259155095359831001e-23	5.484946476225363321e-14	1.057223931172869092e-26	1.607179398097496534e-02	6.807179159900678123e-02	1.928208400992959155e-03	9.481909403151043964e-12	1.928206009689342878e-03
4.640000000000000000e+04	9.995525797894287219e-14	2.290552136197242487e-16	3.855093837938243736e-21	1.999997679950319893e-03	1.590096637327286531e-10	5.823367430685005869e-27	2.377330155928368283e-16	7.475321894801684122e-16	2.160841372760641115e-09	3.168291809318840840e-23	5.332054044556707106e-14	9.991053597989443283e-27	1.607179386738724278e-02	6.807179154739258220e-02	1.928208452607149724e-03	9.502490593541403844e-12	1.928206123253617833e-03
4.650000000000000000e+04	9.716904026386653869e-14	2.226703784470556282e-16	3.747634443139722046e-21	1.999997740197288331e-03	1.590096642676824853e-10	5.823367450276463827e-27	2.311061617972345093e-16	7.266943417546553130e-16	2.100598701954383732e-09	3.079962161257066079e-23	5.183424874898842034e-14	9.441822386077651043e-27	1.607179375696569240e-02	6.807179149721646894e-02	1.928208502783237835e-03	9.523071784001998142e-12	1.928206233651796929e-03
4.660000000000000000e+04	9.446051357861811253e-14	2.164635784119275381e-16	3.643171452729974965e-21	1.999997798764327137e-03	1.590096647876253675e-10	5.823367469318182309e-27	2.246640915639590368e-16	7.064375376708030262e-16	2.042035841843086400e-09	2.994095503057073160e-23	5.038940090169792937e-14	8.922788625831089946e-27	1.607179364962203413e-02	6.807179144843837626e-02	1.928208551561323789e-03	9.543652974530857460e-12	1.928206340972163065e-03
4.670000000000000000e+04	9.182751158515432406e-14	2.104298491748076887e-16	3.541621314838469238e-21	1.999997855698285986e-03	1.590096652929764218e-10	5.823367487825505734e-27	2.184016523820086024e-16	6.867455753919875227e-16	1.985105952480912699e-09	2.910623156556503379e-23	4.898484128159629711e-14	8.432291884172460683e-27	1.607179354527044426e-02	6.807179140101930759e-02	1.928208598980391594e-03	9.564234165126064094e-12	1.928206445300538431e-03
4.680000000000000000e+04	8.926792835086512493e-14	2.045643648203730862e-16	3.442902807330890543e-21	1.999997911044709611e-03	1.590096657841430088e-10	5.823367505813356652e-27	2.123138354115933714e-16	6.676027048493390523e-16	1.929763500009834394e-09	2.829478358618921640e-23	4.761944648961696719e-14	7.968763032324892712e-27	1.607179344382748953e-02	6.807179135492136268e-02	1.928208645078335198e-03	9.584815355785761736e-12	1.928206546720351734e-03
4.690000000000000000e+04	8.677971666612366310e-14	1.988624340020180063e-16	3.346936972919636367e-21	1.999997964847842133e-03	1.590096662615189440e-10	5.823367523296157542e-27	2.063957714819722981e-16	6.489936151561132663e-16	1.875964220240141682e-09	2.750596207734441798e-23	4.629212445222678879e-14	7.530719224880067979e-27	1.607179334521206121e-02	6.807179131010769602e-02	1.928208689891991890e-03	9.605396546508136080e-12	1.928206645312706066e-03
4.700000000000000000e+04	8.436088640287573042e-14	1.933194961804091272e-16	3.253647055857146073e-21	1.999998017150747195e-03	1.590096667254912187e-10	5.823367540288078333e-27	2.006427271885648827e-16	6.309034223373926258e-16	1.823665083247057969e-09	2.673913612110199994e-23	4.500181354581921472e-14	7.116759154926345744e-27	1.607179324934532999e-02	6.807179126654250290e-02	1.928208733457173083e-03	9.625977737291424522e-12	1.928206741156441792e-03
4.710000000000000000e+04	8.200950292688029669e-14	1.879311179849868772e-16	3.162958440698486203e-21	1.999998067995198241e-03	1.590096671764289881e-10	5.823367556802641085e-27	1.950501011147607587e-16	6.133176574463580525e-16	1.772824258902293523e-09	2.599369239131669512e-23	4.374748174972773919e-14	6.725558569747445934e-27	1.607179315615062803e-02	6.807179122419101946e-02	1.928208775808691209e-03	9.646558928133917770e-12	1.928206834328201813e-03
4.720000000000000000e+04	7.972368554645395739e-14	1.826929896591207246e-16	3.074798592471848126e-21	1.999998117421924407e-03	1.590096676147004510e-10	5.823367572853329114e-27	1.896134201445033820e-16	5.962222549735138386e-16	1.723401083500733112e-09	2.526903466429675948e-23	4.252812581871248063e-14	6.355866037321318324e-27	1.607179306555347673e-02	6.807179118301931453e-02	1.928208816980388554e-03	9.667140119033955000e-12	1.928206924902491851e-03
4.730000000000000000e+04	7.750160601894552240e-14	1.776009216375575497e-16	2.989096999075605024e-21	1.999998165470416242e-03	1.590096680406555824e-10	5.823367588452959929e-27	1.843283359076939097e-16	5.796035416650171038e-16	1.675356027287840610e-09	2.456458334268101439e-23	4.134277048624276456e-14	6.006498935519431276e-27	1.607179297748142360e-02	6.807179114299453937e-02	1.928208857005162848e-03	9.687721309989919010e-12	1.928207012951740082e-03
4.740000000000000000e+04	7.534148708269220043e-14	1.726508411822659389e-16	2.905785114658188222e-21	1.999998212179132564e-03	1.590096684546401436e-10	5.823367603614194632e-27	1.791906212899697533e-16	5.634482255505995096e-16	1.628650662830085348e-09	2.387977499167627367e-23	4.019046768137313674e-14	5.676339677131632093e-27	1.607179289186406318e-02	6.807179110408469180e-02	1.928208895914995452e-03	9.708302501000237834e-12	1.928207098546354812e-03
4.750000000000000000e+04	7.324160101860307662e-14	1.678387890861726586e-16	2.824796304140624907e-21	1.999998257585414163e-03	1.590096688569859634e-10	5.823367618349190664e-27	1.741961670125334619e-16	5.477433851909519508e-16	1.583247633991624438e-09	2.321406188418378553e-23	3.907029576142397107e-14	5.364332119884054165e-27	1.607179280863295368e-02	6.807179106625868559e-02	1.928208933740975213e-03	9.728883692063384742e-12	1.928207181754780638e-03
4.760000000000000000e+04	7.120026829385894613e-14	1.631609165650790134e-16	2.746065790906208587e-21	1.999998301725565333e-03	1.590096692480172708e-10	5.823367632669817044e-27	1.693409784026512835e-16	5.324764595158722887e-16	1.539110626332664342e-09	2.256691156677140048e-23	3.798135878846701861e-14	5.069478205286584143e-27	1.607179272772155110e-02	6.807179102948635041e-02	1.928208970513324485e-03	9.749464883177875008e-12	1.928207262643555049e-03
4.770000000000000000e+04	6.921585620291531639e-14	1.586134821433957649e-16	2.669530604386145625e-21	1.999998344634913282e-03	1.590096696280509793e-10	5.823367646587680203e-27	1.646211721654202632e-16	5.176352376809569368e-16	1.496204338036686776e-09	2.193780643339917371e-23	3.692278580437244671e-14	4.790834750043360780e-27	1.607179264906517802e-02	6.807179099373825149e-02	1.928209006261422760e-03	9.770046074342262683e-12	1.928207341277358728e-03
4.780000000000000000e+04	6.728677756957784663e-14	1.541928486798318596e-16	2.595129530000679183e-21	1.999998386347789925e-03	1.590096699973949034e-10	5.823367660114055098e-27	1.600329732940862867e-16	5.032078493472523491e-16	1.454494451645090372e-09	2.132624331098433192e-23	3.589373013843479225e-14	4.527510435842609020e-27	1.607179257260095764e-02	6.807179095898586996e-02	1.928209041013829875e-03	9.790627265555143822e-12	1.928207417719069328e-03
4.790000000000000000e+04	6.541148947406898944e-14	1.498954804503548537e-16	2.522803060064106861e-21	1.999998426897538380e-03	1.590096703563454325e-10	5.823367673259794821e-27	1.555727120434186591e-16	4.891827551660315449e-16	1.413947606609234019e-09	2.073173305695082834e-23	3.489336872833077769e-14	4.278662955341639809e-27	1.607179249826775139e-02	6.807179092520139474e-02	1.928209074798310297e-03	9.811208456815156484e-12	1.928207492029811784e-03
4.800000000000000000e+04	6.358849201652031603e-14	1.457179403146222137e-16	2.452493346094664930e-21	1.999998466316565884e-03	1.590096707051903218e-10	5.823367686035440363e-27	1.512368209894242040e-16	4.755487375345129969e-16	1.374531372607913436e-09	2.015380016800196529e-23	3.392090146050805243e-14	4.043496317072146446e-27	1.607179242600614497e-02	6.807179089235787517e-02	1.928209107641854153e-03	9.831789648120964579e-12	1.928207564269006878e-03
4.810000000000000000e+04	6.181632712488941090e-14	1.416568869842175821e-16	2.384144152837824794e-21	1.999998504636453945e-03	1.590096710442154916e-10	5.823367698451462408e-27	1.470218321919290952e-16	4.622948916697138104e-16	1.336214223608787864e-09	1.959198239980126926e-23	3.297555053427252102e-14	3.821258299325839054e-27	1.607179235575838597e-02	6.807179086042901284e-02	1.928209139570697186e-03	9.852370839471290177e-12	1.928207634494416784e-03
4.820000000000000000e+04	6.009357738123145195e-14	1.377090723329476027e-16	2.317700812997480047e-21	1.999998541887845586e-03	1.590096713736944801e-10	5.823367710517873894e-27	1.429243744050345374e-16	4.494106168408732137e-16	1.298965512653441930e-09	1.904583039726316061e-23	3.205655983566665967e-14	3.611238042596759036e-27	1.607179228746829711e-02	6.807179082938936976e-02	1.928209170610346553e-03	9.872952030864874737e-12	1.928207702762194499e-03
4.830000000000000000e+04	5.841886489138392664e-14	1.338713388066254214e-16	2.253110183641544921e-21	1.999998578100486545e-03	1.590096716938896070e-10	5.823367722244287414e-27	1.389411703877780694e-16	4.368856079111580385e-16	1.262755447344763766e-09	1.851490733514150036e-23	3.116319433450679454e-14	3.412763775297159671e-27	1.607179222108131092e-02	6.807179079921411857e-02	1.928209200785595354e-03	9.893533222300503336e-12	1.928207769126925701e-03
4.840000000000000000e+04	5.679085018169096930e-14	1.301406168948169925e-16	2.190320603650406559e-21	1.999998613303363617e-03	1.590096720050613567e-10	5.823367733640238793e-27	1.350690342803959744e-16	4.247098470881021756e-16	1.227555066018834521e-09	1.799878856865446360e-23	3.029473949584457558e-14	3.225200664471613586e-27	1.607179215654434487e-02	6.807179076987913968e-02	1.928209230120547140e-03	9.914114413776986902e-12	1.928207833641676448e-03
4.850000000000000000e+04	5.520823113017779698e-14	1.265139226815340447e-16	2.129281852494078998e-21	1.999998647524653048e-03	1.590096723074630790e-10	5.823367744715008438e-27	1.313048690614742290e-16	4.128735959263994304e-16	1.193336214580516579e-09	1.749706129384096047e-23	2.945050070980566557e-14	3.047948784616482924e-27	1.607179209380582563e-02	6.807179074136103514e-02	1.928209258638633036e-03	9.934695605293176754e-12	1.928207896358030693e-03
4.860000000000000000e+04	5.366974192282055870e-14	1.229883554534351806e-16	2.069945109977255051e-21	1.999998680791725304e-03	1.590096726013392058e-10	5.823367755477548877e-27	1.276456640661242786e-16	4.013673875251254950e-16	1.160071523984941624e-09	1.700932421738722450e-23	2.862980273481580907e-14	2.880441198153895846e-27	1.607179203281559887e-02	6.807179071363704537e-02	1.928209286362630179e-03	9.955276796847953288e-12	1.928207957326135390e-03
4.870000000000000000e+04	5.217415203891726356e-14	1.195610953747150084e-16	2.012262917106728102e-21	1.999998713131174999e-03	1.590096728869265693e-10	5.823367765936531387e-27	1.240884925733624728e-16	3.901820189425496989e-16	1.127734388347538091e-09	1.653518723566930022e-23	2.783198915635061410e-14	2.722142141062320943e-27	1.607179197352491540e-02	6.807179068668500754e-02	1.928209313314681230e-03	9.975857988440225985e-12	1.928208016594739086e-03
4.880000000000000000e+04	5.072026527385294987e-14	1.162294012476860507e-16	1.956189138401070235e-21	1.999998744568871629e-03	1.590096731644565216e-10	5.823367776100429947e-27	1.206305094798653330e-16	3.793085438776674843e-16	1.096298943663824327e-09	1.607427112273629969e-23	2.705642186563333542e-14	2.572545309537411088e-27	1.607179191588638603e-02	6.807179066048338334e-02	1.928209339516311288e-03	9.996439180068944711e-12	1.928208074211231176e-03
4.890000000000000000e+04	4.930691877476534263e-14	1.129906083029231171e-16	1.901678924697858945e-21	1.999998775129967817e-03	1.590096734341542884e-10	5.823367785977492531e-27	1.172689490084688432e-16	3.687382654687112414e-16	1.065740047122654409e-09	1.562620722699469748e-23	2.630248054521446257e-14	2.431172239133641338e-27	1.607179185985394693e-02	6.807179063501125893e-02	1.928209364988445022e-03	1.001702037173307226e-11	1.928208130221678541e-03
4.900000000000000000e+04	4.793298211524907272e-14	1.098421260788681147e-16	1.848688677466553368e-21	1.999998804838876328e-03	1.590096736962359448e-10	5.823367795575632059e-27	1.140011225060718117e-16	3.584627293662304430e-16	1.036033256996666670e-09	1.519063717635606466e-23	2.556956217537618499e-14	2.297570774536709084e-27	1.607179180538280752e-02	6.807179061024830335e-02	1.928209389751423799e-03	1.003760156343161666e-11	1.928208184670864370e-03
4.910000000000000000e+04	4.659735638904806201e-14	1.067814363449485626e-16	1.797176013853723055e-21	1.999998833719389760e-03	1.590096739509162475e-10	5.823367804902715533e-27	1.108244162886374461e-16	3.484737169579509347e-16	1.007154813093100561e-09	1.476721259160088221e-23	2.485708055066623515e-14	2.171313622512179996e-27	1.607179175242942973e-02	6.807179058617471301e-02	1.928209413825021732e-03	1.005818275516359887e-11	1.928208237602323065e-03
4.920000000000000000e+04	4.529897333291825557e-14	1.038060910915422060e-16	1.747099732853337315e-21	1.999998861794582972e-03	1.590096741983995878e-10	5.823367813966225393e-27	1.077362895544716407e-16	3.387632388062279001e-16	9.790816177499337727e-10	1.435559480773813174e-23	2.416446581199252730e-14	2.051996985084207001e-27	1.607179170095149670e-02	6.807179056277128104e-02	1.928209437228461292e-03	1.007876394692807862e-11	1.928208289058375375e-03
4.930000000000000000e+04	4.403679446958180176e-14	1.009137105659835105e-16	1.698419782251942304e-21	1.999998889086922801e-03	1.590096744388877201e-10	5.823367822773551528e-27	1.047342723465200089e-16	3.293235282419800856e-16	9.517912173618097320e-10	1.395545460313275264e-23	2.349116398943556032e-14	1.939239267213704469e-27	1.607179165090786774e-02	6.807179054001932794e-02	1.928209459980429136e-03	1.009934513872413663e-11	1.928208339080160916e-03
4.940000000000000000e+04	4.280981028046379864e-14	9.810198137681935711e-17	1.651097226722504313e-21	1.999998915618268064e-03	1.590096746725777203e-10	5.823367831331912349e-27	1.018159635838363804e-16	3.201470351729635980e-16	9.252617844210660688e-10	1.356647193618578278e-23	2.283663656094819511e-14	1.832679856309762123e-27	1.607179160225855052e-02	6.807179051790065993e-02	1.928209482099091940e-03	1.011992633055087625e-11	1.928208387707673523e-03
4.950000000000000000e+04	4.161703939448678367e-14	9.536865463486260797e-17	1.605094216537588100e-21	1.999998941409771979e-03	1.590096748996541013e-10	5.823367839648064942e-27	9.897902913322761496e-17	3.112264200221511002e-16	8.994721000595287191e-10	1.318833568935666474e-23	2.220036001962148964e-14	1.731977968014500266e-27	1.607179155496465256e-02	6.807179049639762447e-02	1.928209503602107671e-03	1.014050752240743477e-11	1.928208434979792902e-03
4.960000000000000000e+04	4.045752780664226771e-14	9.271154416248272080e-17	1.560373957430975913e-21	1.999998966482121558e-03	1.590096751203058222e-10	5.823367847728927101e-27	9.622119994969885827e-17	3.025545478786028710e-16	8.744015370774929697e-10	1.282074342032909885e-23	2.158182545683500240e-14	1.636811556279597196e-27	1.607179150898839157e-02	6.807179047549306861e-02	1.928209524506644020e-03	1.016108871429296885e-11	1.928208480934311088e-03
4.970000000000000000e+04	3.933034811269990184e-14	9.012852473987713875e-17	1.516900681081696844e-21	1.999998990855346784e-03	1.590096753347101064e-10	5.823367855580992601e-27	9.354027025687761535e-17	2.941244827770865709e-16	8.500300434452893308e-10	1.246340112010590059e-23	2.098053815401565095e-14	1.546876282712593668e-27	1.607179146429302610e-02	6.807179045517031124e-02	1.928209544829388592e-03	1.018166990620665452e-11	1.928208525607968656e-03
4.980000000000000000e+04	3.823459876914829718e-14	8.761753040916321430e-17	1.474639616571200006e-21	1.999999014548960261e-03	1.590096755430427556e-10	5.823367863210699254e-27	9.093409578635195307e-17	2.859294821608595641e-16	8.263381262653456113e-10	1.211602297785584756e-23	2.039601718785634244e-14	1.461884543085963931e-27	1.607179142084283821e-02	6.807179043541314312e-02	1.928209564586563871e-03	1.020225109814769694e-11	1.928208569036480094e-03
4.990000000000000000e+04	3.716940336886181832e-14	8.517655281450778912e-17	1.433556962447054943e-21	1.999999037581893027e-03	1.590096757454714033e-10	5.823367870624184971e-27	8.840059205579439252e-17	2.779629914690414676e-16	8.033068361812976196e-10	1.177833115231524753e-23	1.982779504392361602e-14	1.381564546838144538e-27	1.607179137860310913e-02	6.807179041620574356e-02	1.928209583793940446e-03	1.022283229011532061e-11	1.928208611254566109e-03
5.000000000000000000e+04	3.613390994563731312e-14	8.280363960841481568e-17	1.393619859900115857e-21	1.999999059972585192e-03	1.590096759421621575e-10	5.823367877827532418e-27	8.593773271330359945e-17	2.702186389275481148e-16	7.809177522218129510e-10	1.145005554956356139e-23	1.927541724566578761e-14	1.305659448006244104e-27	1.607179133754008810e-02	6.807179039753284699e-02	1.928209602466849151e-03	1.024341348210877267e-11	1.928208652295977698e-03
5.010000000000000000e+04	3.512729028704224931e-14	8.049689287705926110e-17	1.354796366262248583e-21	1.999999081738925225e-03	1.590096761332733717e-10	5.823367884826543734e-27	8.354354790465289425e-17	2.626902304180256203e-16	7.591529670670900059e-10	1.113093360699616479e-23	1.873844198785491886e-14	1.233926522947135017e-27	1.607179129762095066e-02	6.807179037937947930e-02	1.928209620620192997e-03	1.026399467412731803e-11	1.928208692193526070e-03
5.020000000000000000e+04	3.414873927558700929e-14	7.825446763052870824e-17	1.317055429596473807e-21	1.999999102898325411e-03	1.590096763189609694e-10	5.823367891626925634e-27	8.121612270530333027e-17	2.553717445454819408e-16	7.379950727263109868e-10	1.082071008332286570e-23	1.821643978513812312e-14	1.166136394151362881e-27	1.607179125881381260e-02	6.807179036173122144e-02	1.928209638268459092e-03	1.028457586617024907e-11	1.928208730979105419e-03
5.030000000000000000e+04	3.319747424368119758e-14	7.607457032465152669e-17	1.280366863818732599e-21	1.999999123467718389e-03	1.590096764993768675e-10	5.823367898234244209e-27	7.895359558650600322e-17	2.482573278155916474e-16	7.174271466140636458e-10	1.051913685441611238e-23	1.770899312794192272e-14	1.102072296193261000e-27	1.607179122108766747e-02	6.807179034457395972e-02	1.928209655425731873e-03	1.030515705823687107e-11	1.928208768683723493e-03
5.040000000000000000e+04	3.227273434728077686e-14	7.395545742565761483e-17	1.244701324540536158e-21	1.999999143463561911e-03	1.590096766746683559e-10	5.823367904653891926e-27	7.675415692566002440e-17	2.413412899507825317e-16	6.974327380154932540e-10	1.022597271485890015e-23	1.721569614834723383e-14	1.041529382285321442e-27	1.607179118441236232e-02	6.807179032789396900e-02	1.928209672105701562e-03	1.032573825032651196e-11	1.928208805337520678e-03
5.050000000000000000e+04	3.137377995859445574e-14	7.189543401851443824e-17	1.210030285646689432e-21	1.999999162901803292e-03	1.590096768449748144e-10	5.823367910890975699e-27	7.461604756155043018e-17	2.346180993465838016e-16	6.779958549286011586e-10	9.940983185022557767e-24	1.673615429613136737e-14	9.843140689196798820e-28	1.607179114875860113e-02	6.807179031167799599e-02	1.928209688321677389e-03	1.034631944243852065e-11	1.928208840969799272e-03
5.060000000000000000e+04	3.049989207247279959e-14	6.989285244661889620e-17	1.176326016400750752e-21	1.999999181798082365e-03	1.590096770104425249e-10	5.823367916950851403e-27	7.253755738304640328e-17	2.280823786349343977e-16	6.591009512733191541e-10	9.663940323522229322e-24	1.626998402210913266e-14	9.302434164613309043e-28	1.607179111409789973e-02	6.807179029591307884e-02	1.928209704086598008e-03	1.036690063457225253e-11	1.928208875609042135e-03
5.070000000000000000e+04	2.965037173297445953e-14	6.794611099772601457e-17	1.143561559328667788e-21	1.999999200167452626e-03	1.590096771712017424e-10	5.823367922838290896e-27	7.051702396476385967e-17	2.217289003932163530e-16	6.407329144574776491e-10	9.394622544905330912e-24	1.581681247223721296e-14	8.791445439299941711e-28	1.607179108040256849e-02	6.807179028058664427e-02	1.928209719413039947e-03	1.038748182672710013e-11	1.928208909282940224e-03
5.080000000000000000e+04	2.882453947459446050e-14	6.605365262347776372e-17	1.111710708667927483e-21	1.999999218024585499e-03	1.590096773273821791e-10	5.823367928558039490e-27	6.855283123798635857e-17	2.155525829648889207e-16	6.228770532895949473e-10	9.132814442425181093e-24	1.537627718954011891e-14	8.308540759490708746e-28	1.607179104764569141e-02	6.807179026568646596e-02	1.928209734313230620e-03	1.040806301890245115e-11	1.928208942018410591e-03
5.090000000000000000e+04	2.802173477717711193e-14	6.421396369029104500e-17	1.080747989344485442e-21	1.999999235383815872e-03	1.590096774791154861e-10	5.823367934114926441e-27	6.664340819465856204e-17	2.095484863851161447e-16	6.055190862281624649e-10	8.878306615748372183e-24	1.494802582333606832e-14	7.852176199457413916e-28	1.607179101580109848e-02	6.807179025120066451e-02	1.928209748799055052e-03	1.042864421109773367e-11	1.928208973841620891e-03
5.100000000000000000e+04	2.724131553858765724e-14	6.242557277094151980e-17	1.050648636634625806e-21	1.999999252258952143e-03	1.590096776265197950e-10	5.823367939513269453e-27	6.478722763289863977e-17	2.037118084355798935e-16	5.886451299592246980e-10	8.630895503475796794e-24	1.453171584793620828e-14	7.420892722986943416e-28	1.607179098484334823e-02	6.807179023711766586e-02	1.928209762882067153e-03	1.044922540331237415e-11	1.928209004778008240e-03
5.110000000000000000e+04	2.648265756225093485e-14	6.068704947021643061e-17	1.021388576400218229e-21	1.999999268663585003e-03	1.590096777697230346e-10	5.823367944757760028e-27	6.298280493782780395e-17	1.980378808102641526e-16	5.722416882920680375e-10	8.390383220327828769e-24	1.412701428927463292e-14	7.013311515804122888e-28	1.607179095474771738e-02	6.807179022342622898e-02	1.928209776573499472e-03	1.046980659554581845e-11	1.928209034852301123e-03
5.120000000000000000e+04	2.574515405507282125e-14	5.899700327436029287e-17	9.929444057244178227e-22	1.999999284610766946e-03	1.590096779088370809e-10	5.823367949852492737e-27	6.122869688819569439e-17	1.925221653644469098e-16	5.562956413646173803e-10	8.156577398870512271e-24	1.373359745707700787e-14	6.628129573409522665e-28	1.607179092549015920e-02	6.807179021011544595e-02	1.928209789884270360e-03	1.049038778779753342e-11	1.928209064088538469e-03
5.130000000000000000e+04	2.502821514218574538e-14	5.735408243907486926e-17	9.652933741962441956e-22	1.999999300113276812e-03	1.590096780439777652e-10	5.823367954801709950e-27	5.952350050148405659e-17	1.871602504817619869e-16	5.407942350936391165e-10	7.929291034831258044e-24	1.335115068600395319e-14	6.264115532288006519e-28	1.607179089704730696e-02	6.807179019717471413e-02	1.928209802824994590e-03	1.051096898006699401e-11	1.928209092510088088e-03
5.140000000000000000e+04	2.433126740432628471e-14	5.575697292938218795e-17	9.384133660680470423e-22	1.999999315183542594e-03	1.590096781752590315e-10	5.823367959609583007e-27	5.786585193396020263e-17	1.819478476161794862e-16	5.257250712010162704e-10	7.708342340861004384e-24	1.297936808886744706e-14	5.920105723169175815e-28	1.607179086939645313e-02	6.807179018459369457e-02	1.928209815405990514e-03	1.053155017235369614e-11	1.928209120139667485e-03
5.150000000000000000e+04	2.365375340420032619e-14	5.420439733425093291e-17	9.122828819882152236e-22	1.999999329833586359e-03	1.590096783027835537e-10	5.823367964279879317e-27	5.625442535390037576e-17	1.768807877484096692e-16	5.110760969526775367e-10	7.493554596083252061e-24	1.261795230397263907e-14	5.595000501246537908e-28	1.607179084251550774e-02	6.807179017236238139e-02	1.928209827637288954e-03	1.055213136465714867e-11	1.928209146999359472e-03
5.160000000000000000e+04	2.299513124916531019e-14	5.269511386444884913e-17	8.868810221346344412e-22	1.999999344075087566e-03	1.590096784266557116e-10	5.823367968816412204e-27	5.468793190208367533e-17	1.719550181184141428e-16	4.968355957514836961e-10	7.284756008164100678e-24	1.226661426183291356e-14	5.287760611853360536e-28	1.607179081638299492e-02	6.807179016047101849e-02	1.928209839528640139e-03	1.057271255697686856e-11	1.928209173110631471e-03
5.170000000000000000e+04	2.235487415900407293e-14	5.122791536205981841e-17	8.621874695444391161e-22	1.999999357919508402e-03	1.590096785469817721e-10	5.823367973223078937e-27	5.316511866265834404e-17	1.671665989872403117e-16	4.829921777063021899e-10	7.081779575033144091e-24	1.192507295460101840e-14	4.997403986799490887e-28	1.607179079097805635e-02	6.807179014891012736e-02	1.928209851089524550e-03	1.059329374931239050e-11	1.928209198494353288e-03
5.180000000000000000e+04	2.173247004062277994e-14	4.980162832587049306e-17	8.381824737108785254e-22	1.999999371377906426e-03	1.590096786638597043e-10	5.823367977503465406e-27	5.168476765270294919e-17	1.625117004618640741e-16	4.695347705224896487e-10	6.884462951316905055e-24	1.159305520919382513e-14	4.723002540819232832e-28	1.607179076628039230e-02	6.807179013767047926e-02	1.928209862329156171e-03	1.061387494166326213e-11	1.928209223170811431e-03
5.190000000000000000e+04	2.112742108074395053e-14	4.841511197799322831e-17	8.148468348741957435e-22	1.999999384460988787e-03	1.590096787773810927e-10	5.823367981660926477e-27	5.024569485283189218e-17	1.579865994457602566e-16	4.564526106459471552e-10	6.692648318490279161e-24	1.127029547001653706e-14	4.463679215364866235e-28	1.607179074227029283e-02	6.807179012674313690e-02	1.928209873256492681e-03	1.063445613402904564e-11	1.928209247159727103e-03
5.200000000000000000e+04	2.053924334700725956e-14	4.706725734975633213e-17	7.921618886367840039e-22	1.999999397179280484e-03	1.590096788876443459e-10	5.823367985699065256e-27	4.884674925864503892e-17	1.535876766566252031e-16	4.437352346543153604e-10	6.506182258651600265e-24	1.095653558617191081e-14	4.218605172820711875e-28	1.607179071892858233e-02	6.807179011611939889e-02	1.928209883880242607e-03	1.065503732640930965e-11	1.928209270480272250e-03
5.210000000000000000e+04	1.996746640123406646e-14	4.575698639546840091e-17	7.701094910474797528e-22	1.999999409542938325e-03	1.590096789947389545e-10	5.823367989621158407e-27	4.748681196080760854e-17	1.493114137335546131e-16	4.313724708880086022e-10	6.324915631814311137e-24	1.065152460515822492e-14	3.986997144962370196e-28	1.607179069623661596e-02	6.807179010579074430e-02	1.928209894208870968e-03	1.067561851880364058e-11	1.928209293151083659e-03
5.220000000000000000e+04	1.941163292241165084e-14	4.448325112845648169e-17	7.486720040607291268e-22	1.999999421561825946e-03	1.590096790987513330e-10	5.823367993430374253e-27	4.616479524854918533e-17	1.451543904184349726e-16	4.193544313146658997e-10	6.148703456621030096e-24	1.035501857175220862e-14	3.768114927278039161e-28	1.607179067417628324e-02	6.807179009574898521e-02	1.928209904250606640e-03	1.069619971121163130e-11	1.928209315190278130e-03
5.230000000000000000e+04	1.887129834240636566e-14	4.324503278627326005e-17	7.278322814866812141e-22	1.999999433245563257e-03	1.590096791997680253e-10	5.823367997129878968e-27	4.487964174281262861e-17	1.411132818293784878e-16	4.076715036204661042e-10	5.977404794384025657e-24	1.006678033368206409e-14	3.561259011386454098e-28	1.607179065272997670e-02	6.807179008598614189e-02	1.928209914013450169e-03	1.071678090363289406e-11	1.928209336615468094e-03
5.240000000000000000e+04	1.834603048870350272e-14	4.204134101200678486e-17	7.075736552122975576e-22	1.999999444603542918e-03	1.590096792978762213e-10	5.823368000722865269e-27	4.363032354700362194e-17	1.371848557911913789e-16	3.963143435221076452e-10	5.810882636361078504e-24	9.786579351048941129e-15	3.365768347034683044e-28	1.607179063188056423e-02	6.807179007649441504e-02	1.928209923505177451e-03	1.073736209606703791e-11	1.928209357443774188e-03
5.250000000000000000e+04	1.783540923972263274e-14	4.087121306440792913e-17	6.878799219074714723e-22	1.999999455644818017e-03	1.590096793931546324e-10	5.823368004212220235e-27	4.241584142690319578e-17	1.333659702561231645e-16	3.852738672928505723e-10	5.649003794170037526e-24	9.514191512456719356e-15	3.181018227578441395e-28	1.607179061161140288e-02	6.807179006726624126e-02	1.928209932733348630e-03	1.075794328851369609e-11	1.928209377691840433e-03
5.260000000000000000e+04	1.733902618856954782e-14	3.973371304735093952e-17	6.687353300565339806e-22	1.999999466378216562e-03	1.590096794856820735e-10	5.823368007600823052e-27	4.123522401098511131e-17	1.296535707894220266e-16	3.745412444972110290e-10	5.491638793262688810e-24	9.249398955642252851e-15	3.006418291773049425e-28	1.607179059190631462e-02	6.807179005829427920e-02	1.928209941705312427e-03	1.077852448097250671e-11	1.928209397375846160e-03
5.270000000000000000e+04	1.685648431661810492e-14	3.862793116182009391e-17	6.501245673688815948e-22	1.999999476812352756e-03	1.590096795755373334e-10	5.823368010891567255e-27	4.008752701398393947e-17	1.260446881277559763e-16	3.641078909282112185e-10	5.338661769368545631e-24	8.991989893349320016e-15	2.841410635249222660e-28	1.607179057274957940e-02	6.807179004957138180e-02	1.928209950428213517e-03	1.079910567344311921e-11	1.928209416511519458e-03
5.280000000000000000e+04	1.638739767538012291e-14	3.755298297688910359e-17	6.320327485092613578e-22	1.999999486955506868e-03	1.590096796627899729e-10	5.823368014086995541e-27	3.897183248040450218e-17	1.225364358007728688e-16	3.539654617414858937e-10	5.189950367825017071e-24	8.741758443623820083e-15	2.685468025801228587e-28	1.607179055412590041e-02	6.807179004109061016e-02	1.928209958908996000e-03	1.081968686592519429e-11	1.928209435114150178e-03
5.290000000000000000e+04	1.593139107819092749e-14	3.650800872319383636e-17	6.144454032066267533e-22	1.999999496815827327e-03	1.590096797475153172e-10	5.823368017189865844e-27	3.788724805110882914e-17	1.191260078247166244e-16	3.441058447809059251e-10	5.045385645715659994e-24	8.498504465345070173e-15	2.538092216937413103e-28	1.607179053602041108e-02	6.807179003284520580e-02	1.928209967154411635e-03	1.084026805841839915e-11	1.928209453198601866e-03
5.300000000000000000e+04	1.548809980063259407e-14	3.549217260642831402e-17	5.973484646999940243e-22	1.999999506401202790e-03	1.590096798297838833e-10	5.823368020202764624e-27	3.683290625064772213e-17	1.158106764612024982e-16	3.345211540901754880e-10	4.904851976735237750e-24	8.262033398418180106e-15	2.398812354423244088e-28	1.607179051841866810e-02	6.807179002482859065e-02	1.928209975171023315e-03	1.086084925092240906e-11	1.928209470779323250e-03
5.310000000000000000e+04	1.505716928751180117e-14	3.450466213586111439e-17	5.807282584370967316e-22	1.999999515719295094e-03	1.590096799096639137e-10	5.823368023128187941e-27	3.580796379069175009e-17	1.125877900275849619e-16	3.252037236056148403e-10	4.768236958711346158e-24	8.032156107462988476e-15	2.267183469595003351e-28	1.607179050130661674e-02	6.807179001703442256e-02	1.928209982965211353e-03	1.088143044343691220e-11	1.928209487870360386e-03
5.320000000000000000e+04	1.463825487082687915e-14	3.354468747803427197e-17	5.645714911968746755e-22	1.999999524777567022e-03	1.590096799872228237e-10	5.823368025968603158e-27	3.481160089880011133e-17	1.094547707854801680e-16	3.161461010246716762e-10	4.635431323702690780e-24	7.808688731365066718e-15	2.142785056700962117e-28	1.607179048467060820e-02	6.807179000945645653e-02	1.928209990543177169e-03	1.090201163596160163e-11	1.928209504485368150e-03
5.330000000000000000e+04	1.423102149275398322e-14	3.261148082196412181e-17	5.488652404055428510e-22	1.999999533583250635e-03	1.590096800625241250e-10	5.823368028726342751e-27	3.384302065993120178e-17	1.064091128708823872e-16	3.073410418452206674e-10	4.506328850601425766e-24	7.591452535504232263e-15	2.025219727333022979e-28	1.607179046849736836e-02	6.807179000208866959e-02	1.928209997910950444e-03	1.092259282849618814e-11	1.928209520637619344e-03
5.340000000000000000e+04	1.383514343841781284e-14	3.170429576676414033e-17	5.335969438300327395e-22	1.999999542143415365e-03	1.590096801356330618e-10	5.823368031403789422e-27	3.290144838064384268e-17	1.034483802945247620e-16	2.987815035713542992e-10	4.380826280176718228e-24	7.380273769202515689e-15	1.914111939676679584e-28	1.607179045277398743e-02	6.807178999492523308e-02	1.928210005074391942e-03	1.094317402104037931e-11	1.928209536340017710e-03
5.350000000000000000e+04	1.345030407527363861e-14	3.082240672441810632e-17	5.187543895264198604e-22	1.999999550464863062e-03	1.590096802066070970e-10	5.823368034003049648e-27	3.198613096926052324e-17	1.005702049928839819e-16	2.904606400805964001e-10	4.258823232485098496e-24	7.174983526698923034e-15	1.809106797226046045e-28	1.607179043748793376e-02	6.807178998796041547e-02	1.928210012039199145e-03	1.096375521359389243e-11	1.928209551605107467e-03
5.360000000000000000e+04	1.307619559962799190e-14	2.996510833891214780e-17	5.043257060636775847e-22	1.999999558554296699e-03	1.590096802755095618e-10	5.823368036526445862e-27	3.109633633304689071e-17	9.777228493276161767e-17	2.823717961482470050e-10	4.140222126584725658e-24	6.975417611932290028e-15	1.709868913655709891e-28	1.607179042262700183e-02	6.807178998118870727e-02	1.928210018810911025e-03	1.098433640615645768e-11	1.928209566445082202e-03
5.370000000000000000e+04	1.271251879096932187e-14	2.913171492326400918e-17	4.902993530486489305e-22	1.999999566418155135e-03	1.590096803423957222e-10	5.823368038975997727e-27	3.023135279375615031e-17	9.505238227321368300e-17	2.745085021243740935e-10	4.024928102487821534e-24	6.781416407490325325e-15	1.616081340154825522e-28	1.607179040817934348e-02	6.807178997460469616e-02	1.928210025394911948e-03	1.100491759872781172e-11	1.928209580871796365e-03
5.380000000000000000e+04	1.235898277178076258e-14	2.832155990911487274e-17	4.766641118624513303e-22	1.999999574062730646e-03	1.590096804073221366e-10	5.823368041353778000e-27	2.939048851659868842e-17	9.240832157042914986e-17	2.668644687592044775e-10	3.912848945288947634e-24	6.592824746483021074e-15	1.527444551581339832e-28	1.607179039413342975e-02	6.807178996820316408e-02	1.928210031796436007e-03	1.102549879130769122e-11	1.928209594896772424e-03
5.390000000000000000e+04	1.201530477555693358e-14	2.753399531512155975e-17	4.634090767132994630e-22	1.999999581494169790e-03	1.590096804703457254e-10	5.823368043661871633e-27	2.857307095829726695e-17	8.983798804180983635e-17	2.594335821728216717e-10	3.803895011409194719e-24	6.409491788792535203e-15	1.443675488537745293e-28	1.607179038047806471e-02	6.807178996197901788e-02	1.928210038020570930e-03	1.104607998389585383e-11	1.928209608531212789e-03
5.400000000000000000e+04	1.168120992075718218e-14	2.676839122895245001e-17	4.505236459182832582e-22	1.999999588718363690e-03	1.590096805315156800e-10	5.823368045902080898e-27	2.777844632941622450e-17	8.733932587522821090e-17	2.522098989652035883e-10	3.697979156898057589e-24	6.231270900489757013e-15	1.364506652172646432e-28	1.607179036720235085e-02	6.807178995592733095e-02	1.928210044072263931e-03	1.106666117649205237e-11	1.928209621786008054e-03
5.410000000000000000e+04	1.135643099020874408e-14	2.602413530177244682e-17	4.379975133953433808e-22	1.999999595741123667e-03	1.590096805908861807e-10	5.823368048076390301e-27	2.700597906989121389e-17	8.491033658024669245e-17	2.451876414625146117e-10	3.595016667733094855e-24	6.058019536158180990e-15	1.289685248391524767e-28	1.607179035429571329e-02	6.807178995004328770e-02	1.928210049956322362e-03	1.108724236909605096e-11	1.928209634671743285e-03
5.420000000000000000e+04	1.104070821704277643e-14	2.530063225769842662e-17	4.258206604072047133e-22	1.999999602568051146e-03	1.590096806485061088e-10	5.823368050186588485e-27	2.625505133966458455e-17	8.254907738601320948e-17	2.383611930711910944e-10	3.494925191700134893e-24	5.889599124702648598e-15	1.218972379380945970e-28	1.607179034174784776e-02	6.807178994432215580e-02	1.928210055677421738e-03	1.110782356170761859e-11	1.928209647198709294e-03
5.430000000000000000e+04	1.073378908099800351e-14	2.459730342701291416e-17	4.139833477051719685e-22	1.999999609204623947e-03	1.590096807044256896e-10	5.823368052234514309e-27	2.552506253435901591e-17	8.025365971861108822e-17	2.317250938855690578e-10	3.397624673990950367e-24	5.725874960688667670e-15	1.152142280387376302e-28	1.607179032954875880e-02	6.807178993875946660e-02	1.928210061240104864e-03	1.112840475432653551e-11	1.928209659376910450e-03
5.440000000000000000e+04	1.043542809972412784e-14	2.391358626791957151e-17	4.024761074800768019e-22	1.999999615656134714e-03	1.590096807586911676e-10	5.823368054221861710e-27	2.481542878883038299e-17	7.802224763986073508e-17	2.252740361697322576e-10	3.303037290956735656e-24	5.566716093014397436e-15	1.088981596281994844e-28	1.607179031768871114e-02	6.807178993335079309e-02	1.928210066648789649e-03	1.114898594695258203e-11	1.928209671216071829e-03
5.450000000000000000e+04	1.014538663704133180e-14	2.324893392715449626e-17	3.912897359671874146e-22	1.999999621927778509e-03	1.590096808113513982e-10	5.823368056150422196e-27	2.412558252115534260e-17	7.585305641346867570e-17	2.190028602141752486e-10	3.211087389357236010e-24	5.411995222627733201e-15	1.029288700181407974e-28	1.607179030615826787e-02	6.807178992809180540e-02	1.928210071907769966e-03	1.116956713958554810e-11	1.928209682725647457e-03
5.460000000000000000e+04	9.863432710890177984e-15	2.260281479988845394e-17	3.804152860391811987e-22	1.999999628024514038e-03	1.590096808624466549e-10	5.823368058021668723e-27	2.345497197584665545e-17	7.374435106867915902e-17	2.129065501829822294e-10	3.121701425470808002e-24	5.261588600078259564e-15	9.728730484555847777e-29	1.607179029494821762e-02	6.807178992297834019e-02	1.928210077021220645e-03	1.119014833222523017e-11	1.928209693914826814e-03
5.470000000000000000e+04	9.589340807992335180e-15	2.197471210500728209e-17	3.698440600579410207e-22	1.999999633951242330e-03	1.590096809120223549e-10	5.823368059837264374e-27	2.280306078297878189e-17	7.169444501385800657e-17	2.069802301021663272e-10	3.034807906274229091e-24	5.115375926649079655e-15	9.195545713453450967e-29	1.607179028404964738e-02	6.807178991800634515e-02	1.928210081993199420e-03	1.121072952487142467e-11	1.928209704792545028e-03
5.480000000000000000e+04	9.322891702995710337e-15	2.136412347066873281e-17	3.595676028993057967e-22	1.999999639712712624e-03	1.590096809601217701e-10	5.823368061598796181e-27	2.216932752817023143e-17	6.970169868457827952e-17	2.012191599597256978e-10	2.950337332260513745e-24	4.973240257880768843e-15	8.691630970879787300e-29	1.607179027345386271e-02	6.807178991317190675e-02	1.928210086827651052e-03	1.123131071752394096e-11	1.928209715367485474e-03
5.490000000000000000e+04	9.063872283690425306e-15	2.077056053377112715e-17	3.495776952119646850e-22	1.999999645313560968e-03	1.590096810067881208e-10	5.823368063307843285e-27	2.155326533671475496e-17	6.776451823564388341e-17	1.956187319145073783e-10	2.868222141852129968e-24	4.835067910333853307e-15	8.215378077749113130e-29	1.607179026315240858e-02	6.807178990847113920e-02	1.928210091528410365e-03	1.125189191018259003e-11	1.928209725648091701e-03
5.500000000000000000e+04	8.812075380133987480e-15	2.019354854838030763e-17	3.398663468271206530e-22	1.999999650758215244e-03	1.590096810520573893e-10	5.823368064965726539e-27	2.095438146728339196e-17	6.588135426372769373e-17	1.901744666107132176e-10	2.788396657363144897e-24	4.700748370436586401e-15	7.765267250765519441e-29	1.607179025313710402e-02	6.807178990390033713e-02	1.928210096099204629e-03	1.127247310284718930e-11	1.928209735642570253e-03
5.510000000000000000e+04	8.567299599321086063e-15	1.963262600686243760e-17	3.304257903820017177e-22	1.999999656051040450e-03	1.590096810959693836e-10	5.823368066573902395e-27	2.037219691859326781e-17	6.405070057036322011e-17	1.848820095952209728e-10	2.710797032468898553e-24	4.570174206290491147e-15	7.339862242669842429e-29	1.607179024339994849e-02	6.807178989945589231e-02	1.928210100543658765e-03	1.129305429551755783e-11	1.928209745358900424e-03
5.520000000000000000e+04	8.329349163706950184e-15	1.908734426984762375e-17	3.212484750919960482e-22	1.999999661196310511e-03	1.590096811385649459e-10	5.823368068133866768e-27	1.980624604545611987e-17	6.227109295483785820e-17	1.797371278347863511e-10	2.635361201140147032e-24	4.443240981531555911e-15	6.937805749338357366e-29	1.607179023393319472e-02	6.807178989513426592e-02	1.928210104865295130e-03	1.131363548819352598e-11	1.928209754804837295e-03
5.530000000000000000e+04	8.098033754864135751e-15	1.855726720795719588e-17	3.123270607207750184e-22	1.999999666198092486e-03	1.590096811798771891e-10	5.823368069646832891e-27	1.925607618685704785e-17	6.054110804457331718e-17	1.747357063303673273e-10	2.562028828001252445e-24	4.319847171929850280e-15	6.557815069686736374e-29	1.607179022472929666e-02	6.807178989093201626e-02	1.928210109067538501e-03	1.133421668087492090e-11	1.928209763987921059e-03
5.540000000000000000e+04	7.873168361336451461e-15	1.804197085314904380e-17	3.036544117122927394e-22	1.999999671060417438e-03	1.590096812199442411e-10	5.823368071114196950e-27	1.872124730406314987e-17	5.885936215713464874e-17	1.698737448258598315e-10	2.490741260072660718e-24	4.199894084228059914e-15	6.198678004782852235e-29	1.607179021578093378e-02	6.807178988684582654e-02	1.928210113153717813e-03	1.135479787356158424e-11	1.928209772915480923e-03
5.550000000000000000e+04	7.654573130514257916e-15	1.754104305927823003e-17	2.952235914778813995e-22	1.999999675787149465e-03	1.590096812587988274e-10	5.823368072537157112e-27	1.820133162835900724e-17	5.722451019262883581e-17	1.651473546085892215e-10	2.421441479858726074e-24	4.083285777125205582e-15	5.859248981207438299e-29	1.607179020708096942e-02	6.807178988287244936e-02	1.928210117127069842e-03	1.137537906625335122e-11	1.928209781594642045e-03
5.560000000000000000e+04	7.442073224536183773e-15	1.705408317188455428e-17	2.870278568386409731e-22	1.999999680382075901e-03	1.590096812964752499e-10	5.823368073916970375e-27	1.769591331838631955e-17	5.563524455635561777e-17	1.605527553990016043e-10	2.354074059743405944e-24	3.969928984408253729e-15	5.538445388110319223e-29	1.607179019862248898e-02	6.807178987900876221e-02	1.928210120990740293e-03	1.139596025895007483e-11	1.928209790032330744e-03
5.570000000000000000e+04	7.235498680993398707e-15	1.658070170898540228e-17	2.790606526530518579e-22	1.999999684848883900e-03	1.590096813330074490e-10	5.823368075254877236e-27	1.720458812868563590e-17	5.409029411626314226e-17	1.560862723271160379e-10	2.288585117658088733e-24	3.859733040645590700e-15	5.235244116422658672e-29	1.607179019039874784e-02	6.807178987525171199e-02	1.928210124747787267e-03	1.141654145165160157e-11	1.928209798235279914e-03
5.580000000000000000e+04	7.034684276837015829e-15	1.612052004920899160e-17	2.713156065681296167e-22	1.999999689191111433e-03	1.590096813684245570e-10	5.823368076551948151e-27	1.672696308605122323e-17	5.258842318534220339e-17	1.517443329933122945e-10	2.224922273985964129e-24	3.752609808589221753e-15	4.948678287641706177e-29	1.607179018240320958e-02	6.807178987159832884e-02	1.928210128401184513e-03	1.143712264435778282e-11	1.928209806210035536e-03
5.590000000000000000e+04	6.839469329166947113e-15	1.567316997528650078e-17	2.637865213362093479e-22	1.999999693412283456e-03	1.590096814027614704e-10	5.823368077809458775e-27	1.626265601585682416e-17	5.112843003244066963e-17	1.475234631717139456e-10	2.163034588563696317e-24	3.648473572906736336e-15	4.677833957467374273e-29	1.607179017462950082e-02	6.807178986804568455e-02	1.928210131953823599e-03	1.145770383706847802e-11	1.928209813962962742e-03
5.600000000000000000e+04	6.649697496080474005e-15	1.523829321768111506e-17	2.564673671340366106e-22	1.999999697515764466e-03	1.590096814360472958e-10	5.823368079028475259e-27	1.581129506817826450e-17	4.970914539178177005e-17	1.434202824881265710e-10	2.102872497310051495e-24	3.547240933945160303e-15	4.421847681483648275e-29	1.607179016707142860e-02	6.807178986459101744e-02	1.928210135408517812e-03	1.147828502978354985e-11	1.928209821500256015e-03
5.610000000000000000e+04	6.465217371930455686e-15	1.481554281866780861e-17	2.493523045207888551e-22	1.999999701504836559e-03	1.590096814683118634e-10	5.823368080210091020e-27	1.537252013374742826e-17	4.832943691568920266e-17	1.394315173035236832e-10	2.044388001127492177e-24	3.448831125267802371e-15	4.179903451401234605e-29	1.607179015972299077e-02	6.807178986123157971e-02	1.928210138767990451e-03	1.149886622250285936e-11	1.928209828827912725e-03
5.620000000000000000e+04	6.285881311637538033e-15	1.440458043815426248e-17	2.424356390939370365e-22	1.999999705382673847e-03	1.590096814995822373e-10	5.823368081355297593e-27	1.494598004755383055e-17	4.698820038125386016e-17	1.355539752863345793e-10	1.987534293073293863e-24	3.353165386490684476e-15	3.951230292091007517e-29	1.607179015257835172e-02	6.807178985796467907e-02	1.928210142034899330e-03	1.151944741522628377e-11	1.928209835951782579e-03
5.630000000000000000e+04	6.111545732843001514e-15	1.400507704608716150e-17	2.357118331427266101e-22	1.999999709152365870e-03	1.590096815298849651e-10	5.823368082465065710e-27	1.453133330755167263e-17	4.568436195038097898e-17	1.317845519497470203e-10	1.932265854211466627e-24	3.260167124464108255e-15	3.735099100168713451e-29	1.607179014563182157e-02	6.807178985478777589e-02	1.928210145211827452e-03	1.154002860795369384e-11	1.928209842877553083e-03
5.640000000000000000e+04	5.942071453698045493e-15	1.361671369652220091e-17	2.291755186760943409e-22	1.999999712816954035e-03	1.590096815592494891e-10	5.823368083540473719e-27	1.412824887796142532e-17	4.441688069552731745e-17	1.281202379467286519e-10	1.878538560574606618e-24	3.169762093464285107e-15	3.530821266786869282e-29	1.607179013887788041e-02	6.807178985169833052e-02	1.928210148301278890e-03	1.156060980068496354e-11	1.928209849610737839e-03
5.650000000000000000e+04	5.777322667904211228e-15	1.323917917885033552e-17	2.228214578918417328e-22	1.999999716379342700e-03	1.590096815876994616e-10	5.823368084582386166e-27	1.373640375170538598e-17	4.318474093534492119e-17	1.245580969273501623e-10	1.826309358501164855e-24	3.081877848434826097e-15	3.337745699212162708e-29	1.607179013231116102e-02	6.807178984869394212e-02	1.928210151305699387e-03	1.158119099341997333e-11	1.928209856156718176e-03
5.660000000000000000e+04	5.617167937598832142e-15	1.287217229307091028e-17	2.166445814704159193e-22	1.999999719842402400e-03	1.590096816152623862e-10	5.823368085591816829e-27	1.335548531160364511e-17	4.198695965874454514e-17	1.210952869816340577e-10	1.775536579037091349e-24	2.996444274635432915e-15	3.155257539469543709e-29	1.607179012592644882e-02	6.807178984577219594e-02	1.928210154227452504e-03	1.160177218615861011e-11	1.928209862520700001e-03
5.670000000000000000e+04	5.461478968417019582e-15	1.251539904275199876e-17	2.106399413312801289e-22	1.999999723208906958e-03	1.590096816419633111e-10	5.823368086569676887e-27	1.298518841721561107e-17	4.082257736513590952e-17	1.177290341762991381e-10	1.726179549923456385e-24	2.913392934206115687e-15	2.982775228243094580e-29	1.607179011971865065e-02	6.807178984293081603e-02	1.928210157068847158e-03	1.162235337890075918e-11	1.928209868707766051e-03
5.680000000000000000e+04	5.310131067808463913e-15	1.216857368529847771e-17	2.048027283093563834e-22	1.999999726481532618e-03	1.590096816678244925e-10	5.823368087516784969e-27	1.262521649471553489e-17	3.969066149110640731e-17	1.144566424485830561e-10	1.678198740662726864e-24	2.832657310653493413e-15	2.819749158453001457e-29	1.607179011368283644e-02	6.807178984016752643e-02	1.928210159832126997e-03	1.164293457164630744e-11	1.928209874722856603e-03
5.690000000000000000e+04	5.163003362849318126e-15	1.183141923108447011e-17	1.991282805556303769e-22	1.999999729662910956e-03	1.590096816928708235e-10	5.823368088434047231e-27	1.227528205517506642e-17	3.859030804057542371e-17	1.112754983334631183e-10	1.631555831830684268e-24	2.754172925041185451e-15	2.665660355173439883e-29	1.607179010781422182e-02	6.807178983748018997e-02	1.928210162519467365e-03	1.166351576439515150e-11	1.928209880570759928e-03
5.700000000000000000e+04	5.019978377687732203e-15	1.150366647513753254e-17	1.936120672399960223e-22	1.999999732755577270e-03	1.590096817171245604e-10	5.823368089322285890e-27	1.193510568920403582e-17	3.752063842284261281e-17	1.081830618011970062e-10	1.586213580733711058e-24	2.677877110580701188e-15	2.520018272006319559e-29	1.607179010210812650e-02	6.807178983486666946e-02	1.928210165132982238e-03	1.168409695714718473e-11	1.928209886256129638e-03
5.710000000000000000e+04	4.880941488486387058e-15	1.118505274809710904e-17	1.882496675293774595e-22	1.999999735761985326e-03	1.590096817406060467e-10	5.823368090182239933e-27	1.160441477086863710e-17	3.648079537769518931e-17	1.051768544957848902e-10	1.542135648957457371e-24	2.603708721873771540e-15	2.382358947863655162e-29	1.607179009656002980e-02	6.807178983232491098e-02	1.928210167674733119e-03	1.170467814990230697e-11	1.928209891783506805e-03
5.720000000000000000e+04	4.745781398318861011e-15	1.087532300447619761e-17	1.830367889036176411e-22	1.999999738684615346e-03	1.590096817633425275e-10	5.823368091014910942e-27	1.128294458711106797e-17	3.546994652664190577e-17	1.022544699958732648e-10	1.499286752815380901e-24	2.531608388242954354e-15	2.252244090536962543e-29	1.607179009116552898e-02	6.807178982985295779e-02	1.928210170146724264e-03	1.172525934266042127e-11	1.928209897157301530e-03
5.730000000000000000e+04	4.614390276333231309e-15	1.057423014156530446e-17	1.779692725227624743e-22	1.999999741525699919e-03	1.590096817853467468e-10	5.823368091820767420e-27	1.097043866867031783e-17	3.448728541334289614e-17	9.941357681814792172e-11	1.457632707385415651e-24	2.461518587967576070e-15	2.129259733547369472e-29	1.607179008592033581e-02	6.807178982744878371e-02	1.928210172550895310e-03	1.174584053542142908e-11	1.928209902381784703e-03
5.740000000000000000e+04	4.486662710136798464e-15	1.028153259874144590e-17	1.730430528224474989e-22	1.999999744287563139e-03	1.590096818066425633e-10	5.823368092600699026e-27	1.066664629817777935e-17	3.353202366751966078e-17	9.665189574972400050e-11	1.417140094150555554e-24	2.393383089439707684e-15	2.013014706629580577e-29	1.607179008082029389e-02	6.807178982511057075e-02	1.928210174889142745e-03	1.176642172818523833e-11	1.928209907461132886e-03
5.750000000000000000e+04	4.362496878107696986e-15	9.996997043910218159e-18	1.682542027278181352e-22	1.999999746972395531e-03	1.590096818272499847e-10	5.823368093355375152e-27	1.037132529981981409e-17	3.260339977956591037e-17	9.396722530246079504e-11	1.377776634217686191e-24	2.327147576526643068e-15	1.903137855658688727e-29	1.607179007586134051e-02	6.807178982283643154e-02	1.928210177163298652e-03	1.178700292095176014e-11	1.928209912399378011e-03
5.760000000000000000e+04	4.241793153718456085e-15	9.720395175205938139e-18	1.635988798248330593e-22	1.999999749582384145e-03	1.590096818471896903e-10	5.823368094085615144e-27	1.008423871481522725e-17	3.170066863727806808e-17	9.135741115448976353e-11	1.339510740260357150e-24	2.262758904055779952e-15	1.799280831066232559e-29	1.607179007103954824e-02	6.807178982062458972e-02	1.928210179375156519e-03	1.180758411372090890e-11	1.928209917200469827e-03
5.770000000000000000e+04	4.124455286768845483e-15	9.451506427877368723e-18	1.590733719182637789e-22	1.999999752119598941e-03	1.590096818664790511e-10	5.823368094792051089e-27	9.805157625029645560e-18	3.082311043129288294e-17	8.882037276454116337e-11	1.302311906744942445e-24	2.200165727936129240e-15	1.701113130252628341e-29	1.607179006635110069e-02	6.807178981847331056e-02	1.928210181526447816e-03	1.182816530649259413e-11	1.928209921868218003e-03
5.780000000000000000e+04	4.010389162783316855e-15	9.190115131351650564e-18	1.546740491839050361e-22	1.999999754586060437e-03	1.590096818851359288e-10	5.823368095475314355e-27	9.533858177705924464e-18	2.997002125305485078e-17	8.635407468322298801e-11	1.266150289289984830e-24	2.139317843366272038e-15	1.608322149880183437e-29	1.607179006179227168e-02	6.807178981638092874e-02	1.928210183618867370e-03	1.184874649926673182e-11	1.928209926406354363e-03
5.790000000000000000e+04	3.899503774162943312e-15	8.936012734703431223e-18	1.503974016241437561e-22	1.999999756983766169e-03	1.590096819031800209e-10	5.823368096136138909e-27	9.270123919135129236e-18	2.914072047798848900e-17	8.395654935962441462e-11	1.230997039061509812e-24	2.080166702889591026e-15	1.520612958643556214e-29	1.607179005735944605e-02	6.807178981434576504e-02	1.928210185654050373e-03	1.186932769204324605e-11	1.928209930818481710e-03
5.800000000000000000e+04	3.791710341761486342e-15	8.688995793678953205e-18	1.462400051887432401e-22	1.999999759314623465e-03	1.590096819206274572e-10	5.823368096775110920e-27	9.013743693383089083e-18	2.833454413547580699e-17	8.162587723844328838e-11	1.196824010952065238e-24	2.022664947804269481e-15	1.437706725031153409e-29	1.607179005304912658e-02	6.807178981236625126e-02	1.928210187633595807e-03	1.188990888482206086e-11	1.928209935108118498e-03
5.810000000000000000e+04	3.686922509395220483e-15	8.448866416430147956e-18	1.421985292767320213e-22	1.999999761580459855e-03	1.590096819374917570e-10	5.823368097392727590e-27	8.764512107469074291e-18	2.755084637640727555e-17	7.936019115916647949e-11	1.163603828082626947e-24	1.966766511923374277e-15	1.359339750251082467e-29	1.607179004885786466e-02	6.807178981044081922e-02	1.928210189559057333e-03	1.191049007760309227e-11	1.928209939278684518e-03
5.820000000000000000e+04	3.585056588465246402e-15	8.215432824085456700e-18	1.382697461710405306e-22	1.999999763783117616e-03	1.590096819537916870e-10	5.823368097989674817e-27	8.522230113050412935e-18	2.678900130200683953e-17	7.715768163476512258e-11	1.131309959200457678e-24	1.912426752067141756e-15	1.285263064293394310e-29	1.607179004478237472e-02	6.807178980856797013e-02	1.928210191431941776e-03	1.193107127038626755e-11	1.928209943333496993e-03
5.830000000000000000e+04	3.486031111769062158e-15	7.988508328274707639e-18	1.344505138298256407e-22	1.999999765924373105e-03	1.590096819695440235e-10	5.823368098566568185e-27	8.286703945241333076e-18	2.604839962709218199e-17	7.501658720833760327e-11	1.099916577285249201e-24	1.859602210046452548e-15	1.215241283383572224e-29	1.607179004081940241e-02	6.807178980674620516e-02	1.928210193253714760e-03	1.195165246317152210e-11	1.928209947275782293e-03
5.840000000000000000e+04	3.389766875811981263e-15	7.767911428088921944e-18	1.307377775183436454e-22	1.999999768005907268e-03	1.590096819847619496e-10	5.823368099123889112e-27	8.057745223304567697e-18	2.532844899680252251e-17	7.293519537232224694e-11	1.069398573026893300e-24	1.808250635233584901e-15	1.149051938343461711e-29	1.607179003696582870e-02	6.807178980497412268e-02	1.928210195025799193e-03	1.197223365595877998e-11	1.928209951108677883e-03
5.850000000000000000e+04	3.296186963559492436e-15	7.553465862219063008e-18	1.271285706864670661e-22	1.999999770029388911e-03	1.590096819994604838e-10	5.823368099662189330e-27	7.835171004629836993e-18	2.462857415607164233e-17	7.091184304986396093e-11	1.039731561883443001e-24	1.758330996699319528e-15	1.086484823177656330e-29	1.607179003321860047e-02	6.807178980325036266e-02	1.928210196749581334e-03	1.199281484874797333e-11	1.928209954835231454e-03
5.860000000000000000e+04	3.205216490458869233e-15	7.345000026944994649e-18	1.236200051732000429e-22	1.999999771996445203e-03	1.590096820136546704e-10	5.823368100182019134e-27	7.618803180814282626e-18	2.394821505092022628e-17	6.894491111521440201e-11	1.010891803737525053e-24	1.709803347729694093e-15	1.027341250803731475e-29	1.607179002957474789e-02	6.807178980157356507e-02	1.928210198426408848e-03	1.201339604153903753e-11	1.928209958458409166e-03
5.870000000000000000e+04	3.116782647921586644e-15	7.142347075778734578e-18	1.202092728837149820e-22	1.999999773908676861e-03	1.590096820273607947e-10	5.823368100683973302e-27	7.408468580975113869e-18	2.328682715311312762e-17	6.703282532555737288e-11	9.828562165590600825e-25	1.662628849021424328e-15	9.714333835853453278e-30	1.607179002603139131e-02	6.807178979994239765e-02	1.928210200057591233e-03	1.203397723433190634e-11	1.928209961981096517e-03
5.880000000000000000e+04	3.030814632977602417e-15	6.945344758261808484e-18	1.168936430762462841e-22	1.999999775767562302e-03	1.590096820405882657e-10	5.823368101168399804e-27	7.203998804494363216e-18	2.264388093434268331e-17	6.517405480449749176e-11	9.556023541697053037e-25	1.616769731156401742e-15	9.185837268561414787e-30	1.607179002258571007e-02	6.807178979835561139e-02	1.928210201644403295e-03	1.205455842712651513e-11	1.928209965406096817e-03
5.890000000000000000e+04	2.947243830866229862e-15	6.753835838386257767e-18	1.136704694042869696e-22	1.999999777574628518e-03	1.590096820533539115e-10	5.823368101635912074e-27	7.005230655245630623e-18	2.201886323153165285e-17	6.336711598574345088e-11	9.291084640663484417e-25	1.572189392003682565e-15	8.686246142762246419e-30	1.607179001923501535e-02	6.807178979681192954e-02	1.928210203188078205e-03	1.207513961992280899e-11	1.928209968736130115e-03
5.900000000000000000e+04	2.866003325447656299e-15	6.567666972664926595e-18	1.105371710340520777e-22	1.999999779331311425e-03	1.590096820656697519e-10	5.823368102086952069e-27	6.812004977211072151e-18	2.141127358562260450e-17	6.161056203311425883e-11	9.033533322939956436e-25	1.528852135551464845e-15	8.213974999408679504e-30	1.607179001597663567e-02	6.807178979531020024e-02	1.928210204689821163e-03	1.209572081272072651e-11	1.928209971973846417e-03
5.910000000000000000e+04	2.787028035367267415e-15	6.386689022162474797e-18	1.074912378960879346e-22	1.999999781038993164e-03	1.590096820775463853e-10	5.823368102521905067e-27	6.624166978278793258e-18	2.082062525962799378e-17	5.990298577989242131e-11	8.783163265434715086e-25	1.486723244543118028e-15	7.767525220065798375e-30	1.607179001280798630e-02	6.807178979384924389e-02	1.928210206150802455e-03	1.211630200552020792e-11	1.928209975121823088e-03
5.920000000000000000e+04	2.710254943601328423e-15	6.210757578516939112e-18	1.045302395384314267e-22	1.999999782699057177e-03	1.590096820889974601e-10	5.823368102941276165e-27	6.441566776215800125e-18	2.024644695544157132e-17	5.824302469293365638e-11	8.539774689367154921e-25	1.445769102926935847e-15	7.345481926266757945e-30	1.607179000972658311e-02	6.807178979242790862e-02	1.928210207572157026e-03	1.213688319832119990e-11	1.928209978182557262e-03
5.930000000000000000e+04	2.635622623460669230e-15	6.039731877740680697e-18	1.016518068454339276e-22	1.999999784312841370e-03	1.590096821000357718e-10	5.823368103345528845e-27	6.264058271326227891e-18	1.968827926901904966e-17	5.662935062641447721e-11	8.303172857930897002e-25	1.405956943005655926e-15	6.946506568773180436e-30	1.607179000672999403e-02	6.807178979104508421e-02	1.928210208954990760e-03	1.215746439112364591e-11	1.928209981158483409e-03
5.940000000000000000e+04	2.563071398255078133e-15	5.873475166103624040e-18	9.885363819572657589e-23	1.999999785881628571e-03	1.590096821106722288e-10	5.823368103735064169e-27	6.091499526181683072e-18	1.914567588438187167e-17	5.506067327234598147e-11	8.073168582218693616e-25	1.367254930608467527e-15	6.569334942164252654e-30	1.607179000381584941e-02	6.807178978969970207e-02	1.928210210300375718e-03	1.217804558392749425e-11	1.928209984051964436e-03
5.950000000000000000e+04	2.492543197733750024e-15	5.711854371155465717e-18	9.613349392538889252e-23	1.999999787406664311e-03	1.590096821209172484e-10	5.823368104110263110e-27	5.923752424143720933e-18	1.861820249979970442e-17	5.353573705428070789e-11	7.849577765768255131e-25	1.329632088510025447e-15	6.212771444651991499e-30	1.607179000098185942e-02	6.807178978839073524e-02	1.928210211609357938e-03	1.219862677673269484e-11	1.928209986865301456e-03
5.960000000000000000e+04	2.423981525114042582e-15	5.554740026169517514e-18	9.348919505630778515e-23	1.999999788889178075e-03	1.590096821307821268e-10	5.823368104471548975e-27	5.760682591014539368e-18	1.810543658155922954e-17	5.205332041990138515e-11	7.632221300839372521e-25	1.293058278842139019e-15	5.875686005106769797e-30	1.607178999822576893e-02	6.807178978711714290e-02	1.928210212882953967e-03	1.221920796953919920e-11	1.928209989600732479e-03
5.970000000000000000e+04	2.357331723411414858e-15	5.402006880458217721e-18	9.091863356803841343e-23	1.999999790330369859e-03	1.590096821402794527e-10	5.823368104819359415e-27	5.602160028401892663e-18	1.760696935539087283e-17	5.061224159295011588e-11	7.420925911779474986e-25	1.257504345165859217e-15	5.557012818698317357e-30	1.607178999554541993e-02	6.807178978587795359e-02	1.928210214122146092e-03	1.223978916234695241e-11	1.928209992260422655e-03
5.980000000000000000e+04	2.292540305902007933e-15	5.253532365076644419e-18	8.841974657496370661e-23	1.999999791731345115e-03	1.590096821494151456e-10	5.823368105153931911e-27	5.448057521355249199e-18	1.712240079952339639e-17	4.921134410373976852e-11	7.215522033462809642e-25	1.222941755310789097e-15	5.255741013916781096e-30	1.607178999293868912e-02	6.807178978467222363e-02	1.928210215327897954e-03	1.226037035515591247e-11	1.928209994846491167e-03
5.990000000000000000e+04	2.229555541726092247e-15	5.109197934777823095e-18	8.599053891195397772e-23	1.999999793093270011e-03	1.590096821582028798e-10	5.823368105475762950e-27	5.298252031110623458e-18	1.665134402396070112e-17	4.784950944485007795e-11	7.015845666907441941e-25	1.189342913761699776e-15	4.970917881927912344e-30	1.607178999040353301e-02	6.807178978349899545e-02	1.928210216501140446e-03	1.228095154796603414e-11	1.928209997360986723e-03
6.000000000000000000e+04	2.168327135268422541e-15	4.968888333288133665e-18	8.362907076865003362e-23	1.999999794417230484e-03	1.590096821666523230e-10	5.823368105785204807e-27	5.152623932565812931e-18	1.619342287285114507e-17	4.652565014265913825e-11	6.821737363401930184e-25	1.156680990625910949e-15	4.701642529649077897e-30	1.607178998793797400e-02	6.807178978235736699e-02	1.928210217642778446e-03	1.230153274077727056e-11	1.928209999805903171e-03
6.010000000000000000e+04	2.108806027034876931e-15	4.832491137000803244e-18	8.133345000963747125e-23	1.999999795704255224e-03	1.590096821747703510e-10	5.823368106082510029e-27	5.011056540634109583e-18	1.574827043504525871e-17	4.523870544861436039e-11	6.633041592746335715e-25	1.124929815412136981e-15	4.447062754312724513e-30	1.607178998554005186e-02	6.807178978124643620e-02	1.928210218753695143e-03	1.232211393358957650e-11	1.928210002183183619e-03
6.020000000000000000e+04	2.050944537552811599e-15	4.699897084734611140e-18	7.910183772442150913e-23	1.999999796955410653e-03	1.590096821825690874e-10	5.823368106368119857e-27	4.873436452544321675e-18	1.531553012052252259e-17	4.398764445384074530e-11	6.449607199925573811e-25	1.094063953793256350e-15	4.206373190983565649e-30	1.607178998320786187e-02	6.807178978016538429e-02	1.928210219834748359e-03	1.234269512640291480e-11	1.928210004494715661e-03
6.030000000000000000e+04	1.994696539203026925e-15	4.571000471500092081e-18	7.693245485467181463e-23	1.999999798171677758e-03	1.590096821900561059e-10	5.823368106642314820e-27	4.739653956555603800e-18	1.489485694561964565e-17	4.277146980609069886e-11	6.271287950099951032e-25	1.064058799269039116e-15	3.978814176621508817e-30	1.607178998093961031e-02	6.807178977911337858e-02	1.928210220886767507e-03	1.236327631921724183e-11	1.928210006742327263e-03
6.040000000000000000e+04	1.940016893964222953e-15	4.445697860047601684e-18	7.482356050905141865e-23	1.999999799354008900e-03	1.590096821972382050e-10	5.823368106905340290e-27	4.609601694633036264e-18	1.448591332781022077e-17	4.158920555035801785e-11	6.097940745758810330e-25	1.034890273234306726e-15	3.763665532781815932e-30	1.607178997873349308e-02	6.807178977808960030e-02	1.928210221910565958e-03	1.238385751203251884e-11	1.928210008927808009e-03
6.050000000000000000e+04	1.886862014957484430e-15	4.323889367689811795e-18	7.277347362096389392e-23	1.999999800503380731e-03	1.590096822041267066e-10	5.823368107157618855e-27	4.483175997680099825e-18	1.408837328358924826e-17	4.043990924240325955e-11	5.929427402843046313e-25	1.006535124531466589e-15	3.560248141879416432e-30	1.607178997658779279e-02	6.807178977709323064e-02	1.928210222906926287e-03	1.240443870484870542e-11	1.928210011052882865e-03
6.060000000000000000e+04	1.835189270620222442e-15	4.205477300920327030e-18	7.078054996862588251e-23	1.999999801620721326e-03	1.590096822107302704e-10	5.823368107399456873e-27	4.360275469439296109e-18	1.370191797757443469e-17	3.932265914515072303e-11	5.765612773440641812e-25	9.789706116106675004e-16	3.367919742618261511e-30	1.607178997450080943e-02	6.807178977612356185e-02	1.928210223876616327e-03	1.242501989766576603e-11	1.928210013119242968e-03
6.070000000000000000e+04	1.784957389865177552e-15	4.090367083866766593e-18	6.884319780131348680e-23	1.999999802706901517e-03	1.590096822170549451e-10	5.823368107631086083e-27	4.240801948952345119e-18	1.332623874667137673e-17	3.823656289802356023e-11	5.606366016912240303e-25	9.521747186594375720e-16	3.186072863464122792e-30	1.607178997247091234e-02	6.807178977517980289e-02	1.928210224820379407e-03	1.244560109048366351e-11	1.928210015128520262e-03
6.080000000000000000e+04	1.736126141864568573e-15	3.978466524491532103e-18	6.695986548921986854e-23	1.999999803762801242e-03	1.590096822231096487e-10	5.823368107852824323e-27	4.124659749622971578e-18	1.296103470862798664e-17	3.718075064576774963e-11	5.451559592417681726e-25	9.261259847854819544e-16	3.014133957586103667e-30	1.607178997049650213e-02	6.807178977426127375e-02	1.928210225738938473e-03	1.246618228330236072e-11	1.928210017082310690e-03
6.090000000000000000e+04	1.688656574644883354e-15	3.869686361350030657e-18	6.512905072562049865e-23	1.999999804789248832e-03	1.590096822289004558e-10	5.823368108064899748e-27	4.011756226507436323e-18	1.260601454548337982e-17	3.615438018182253902e-11	5.301070013052851238e-25	9.008036312936047807e-16	2.851561009082430052e-30	1.607178996857602793e-02	6.807178977336722503e-02	1.928210226632995220e-03	1.248676347612182532e-11	1.928210018982156855e-03
6.100000000000000000e+04	1.642510592660137021e-15	3.763939295567363200e-18	6.334928423464383551e-23	1.999999805787076521e-03	1.590096822344354832e-10	5.823368108267607234e-27	3.902000771631957831e-18	1.226089334445527719e-17	3.515662781770858927e-11	5.154776507091425857e-25	8.761873363447342380e-16	2.697841026570104953e-30	1.607178996670800136e-02	6.807178977249697671e-02	1.928210227503235298e-03	1.250734466894202017e-11	1.928210020829568619e-03
6.110000000000000000e+04	1.597651411464715691e-15	3.661141032756066780e-18	6.161914730717418710e-23	1.999999806757064933e-03	1.590096822397208571e-10	5.823368108461170631e-27	3.795305895393881108e-18	1.192539599833703667e-17	3.418669821289637976e-11	5.012562459270258456e-25	8.522574774983892730e-16	2.552489999129818851e-30	1.607178996489095138e-02	6.807178977164990430e-02	1.928210228350320070e-03	1.252792586176291780e-11	1.928210022626001847e-03
6.120000000000000000e+04	1.554043030801875090e-15	3.561209075557912755e-18	5.993725147883490301e-23	1.999999807700012476e-03	1.590096822447641773e-10	5.823368108645874055e-27	3.691585973300773441e-18	1.159925326461036926e-17	3.324381297953551651e-11	4.874313739979941376e-25	8.289948506349326474e-16	2.415050299684304116e-30	1.607178996312346245e-02	6.807178977082530003e-02	1.928210229174898106e-03	1.254850705458448106e-11	1.928210024372882482e-03
6.130000000000000000e+04	1.511650687713307293e-15	3.464063761979280306e-18	5.830225600559870898e-23	1.999999808616673320e-03	1.590096822495745944e-10	5.823368108822041083e-27	3.590758323825688944e-18	1.128220515502014638e-17	3.232722049185230443e-11	4.739920143548580295e-25	8.063809116641155238e-16	2.285087748485572766e-30	1.607178996140413638e-02	6.807178977002262266e-02	1.928210229977593473e-03	1.256908824740668408e-11	1.928210026071589195e-03
6.140000000000000000e+04	1.470440365510563420e-15	3.369627140161449203e-18	5.671284892571007941e-23	1.999999809507770412e-03	1.590096822541555724e-10	5.823368108989810903e-27	3.492742039977285339e-18	1.097399726046030380e-17	3.143618522741975617e-11	4.609273825426622704e-25	7.843975145888667388e-16	2.162194758017362936e-30	1.607178995973164784e-02	6.807178976924120606e-02	1.928210230759020262e-03	1.258966944022949618e-11	1.928210027723469217e-03
6.150000000000000000e+04	1.430379155167563461e-15	3.277823796539246191e-18	5.516776099793530575e-23	1.999999810374006749e-03	1.590096822585133666e-10	5.823368109149403776e-27	3.397458850418457939e-18	1.067438346168846820e-17	3.056999570029221280e-11	4.482270465366004412e-25	7.630271042879226978e-16	2.045984514702875775e-30	1.607178995810468192e-02	6.807178976848046736e-02	1.928210231519769799e-03	1.261025063305288505e-11	1.928210029329826408e-03
6.160000000000000000e+04	1.391435067418469930e-15	3.188580425248974679e-18	5.366575845452054623e-23	1.999999811216102239e-03	1.590096822626566885e-10	5.823368109301143279e-27	3.304832669790044616e-18	1.038312451011923443e-17	2.972796018861055883e-11	4.358808640990930103e-25	7.422526162805876908e-16	1.936091538293522109e-30	1.607178995652196532e-02	6.807178976773983758e-02	1.928210232260416275e-03	1.263083182587682483e-11	1.928210030891927334e-03
6.170000000000000000e+04	1.353576856174622932e-15	3.101825423474642186e-18	5.220563619070370406e-23	1.999999812034703069e-03	1.590096822665888983e-10	5.823368109445150664e-27	3.214789181415895833e-18	1.009998672075442110e-17	2.890940312120423354e-11	4.238789297988066760e-25	7.220573825295552858e-16	1.832170294114577750e-30	1.607178995498227334e-02	6.807178976701874773e-02	1.928210232981523477e-03	1.265141301870128645e-11	1.928210032411010371e-03
6.180000000000000000e+04	1.316774334087833928e-15	3.017489614585551723e-18	5.078622993541622265e-23	1.999999812830539122e-03	1.590096822703222746e-10	5.823368109581876499e-27	3.127256586489045611e-18	9.824744325392402919e-18	2.811367179723853541e-11	4.122116735362980938e-25	7.024252997762415915e-16	1.733894635347496466e-30	1.607178995348440553e-02	6.807178976631664269e-02	1.928210233683633722e-03	1.267199421152623920e-11	1.928210033888270742e-03
6.190000000000000000e+04	1.280997971736300089e-15	2.935505329639986591e-18	4.940640079261351195e-23	1.999999813604143393e-03	1.590096822738539222e-10	5.823368109711216033e-27	3.042164651055998288e-18	9.557176476472761406e-18	2.734012774248907126e-11	4.008697338070375029e-25	6.833406157289318959e-16	1.640955793361456382e-30	1.607178995202719271e-02	6.807178976563300898e-02	1.928210234367278703e-03	1.269257540435166694e-11	1.928210035324878736e-03
6.200000000000000000e+04	1.246219201837136067e-15	2.855807104511621408e-18	4.806504697419836764e-23	1.999999814356174643e-03	1.590096822771927075e-10	5.823368109833491409e-27	2.959445429535122473e-18	9.297069522085490582e-18	2.658815328437353621e-11	3.898440541065413678e-25	6.647880913431166970e-16	1.553062287423364831e-30	1.607178995060949689e-02	6.807178976496731926e-02	1.928210235032972331e-03	1.271315659717753896e-11	1.928210036721965826e-03
6.210000000000000000e+04	1.212410253066649898e-15	2.778331299075894566e-18	4.676109739077138314e-23	1.999999815087273852e-03	1.590096822803471091e-10	5.823368109949013289e-27	2.879032869506470286e-18	9.044215763322895806e-18	2.585714796183833586e-11	3.791258302910270217e-25	6.467529121739205740e-16	1.469938602742003992e-30	1.607178994923022172e-02	6.807178976431907391e-02	1.928210235681215292e-03	1.273373779000383266e-11	1.928210038080633345e-03
6.220000000000000000e+04	1.179543993068109722e-15	2.703015737450240466e-18	4.549350559672654580e-23	1.999999815797954064e-03	1.590096822833166358e-10	5.823368110057768040e-27	2.800862438281423351e-18	8.798412279979905191e-18	2.514652512829334034e-11	3.687064607686049008e-25	6.292206046295442987e-16	1.391324348047841389e-30	1.607178994788829862e-02	6.807178976368777334e-02	1.928210236312495043e-03	1.275431898283052217e-11	1.928210039401955303e-03
6.230000000000000000e+04	1.147594180707313409e-15	2.629800286057093569e-18	4.426125951928872996e-23	1.999999816488814627e-03	1.590096822861087322e-10	5.823368110160019690e-27	2.724871722869036953e-18	8.559462817107021965e-18	2.445571740527175617e-11	3.585776264625107506e-25	6.121771705354738883e-16	1.316972395432783488e-30	1.607178994658267981e-02	6.807178976307298734e-02	1.928210236927283428e-03	1.277490017565758326e-11	1.928210040686971667e-03
6.240000000000000000e+04	1.116535302678617291e-15	2.558626479194078442e-18	4.306337515670623218e-23	1.999999817160391571e-03	1.590096822887272500e-10	5.823368110255916037e-27	2.651000041430195503e-18	8.327176563388930161e-18	2.378417315527075712e-11	3.487312390948069224e-25	5.956089999729474071e-16	1.246651073054348724e-30	1.607178994531235222e-02	6.807178976247424407e-02	1.928210237526040800e-03	1.279548136848499494e-11	1.928210041936692046e-03
6.250000000000000000e+04	1.086342434144289417e-15	2.489437199678329371e-18	4.189889120336394838e-23	1.999999817813240873e-03	1.590096822911781862e-10	5.823368110345676625e-27	2.579188111719199191e-18	8.101367108390716177e-18	2.313135346127014476e-11	3.391593968991703603e-25	5.795027969378682095e-16	1.180139876935271368e-30	1.607178994407633746e-02	6.807178976189103004e-02	1.928210238109215151e-03	1.281606256131273458e-11	1.928210043152103715e-03
6.260000000000000000e+04	1.056991467723446011e-15	2.422177203592257072e-18	4.076687788146963256e-23	1.999999818447901600e-03	1.590096822934678221e-10	5.823368110429530325e-27	2.509378595773930805e-18	7.881854155413045267e-18	2.249673708187246296e-11	3.298544572746684527e-25	5.638457014935609686e-16	1.117230954573048115e-30	1.607178994287368143e-02	6.807178976132299830e-02	1.928210238677239728e-03	1.283664375414078119e-11	1.928210044334162506e-03
6.270000000000000000e+04	1.028458927948942464e-15	2.356792695097249032e-18	3.966642978499425122e-23	1.999999819064842994e-03	1.590096822955975278e-10	5.823368110507525208e-27	2.441515658599786085e-18	7.668462133768923769e-18	2.187981643858348132e-11	3.208089779500382016e-25	5.486251907939263596e-16	1.057727759970151618e-30	1.607178994170344391e-02	6.807178976076970478e-02	1.928210239230537804e-03	1.285722494696911375e-11	1.928210045483798882e-03
6.280000000000000000e+04	1.000722030570479602e-15	2.293231462331282688e-18	3.859666816688439778e-23	1.999999819664599783e-03	1.590096822975751099e-10	5.823368110579948976e-27	2.375545109223144276e-18	7.461020642328856619e-18	2.128009889839754309e-11	3.120157357893449938e-25	5.338291107183192881e-16	1.001444575092673933e-30	1.607178994056472632e-02	6.807178976023073314e-02	1.928210239769518556e-03	1.287780613979771127e-11	1.928210046601915766e-03
6.290000000000000000e+04	9.737585160156218730e-16	2.231442495772051811e-18	3.755673451595729948e-23	1.999999820247626032e-03	1.590096822994026879e-10	5.823368110646880551e-27	2.311414004584704338e-18	7.259363203973887271e-18	2.069710317266670701e-11	3.034676739910998917e-25	5.194455870323386977e-16	9.482056417007075868e-31	1.607178993945665088e-02	6.807178975970568091e-02	1.928210240294582923e-03	1.289838733262655759e-11	1.928210047689394397e-03
6.300000000000000000e+04	9.475468560473768940e-16	2.171376461808690730e-18	3.654579852730713780e-23	1.999999820814407896e-03	1.590096823010860005e-10	5.823368110708527280e-27	2.249071141057236257e-18	7.063328811142181540e-18	2.013036378499727582e-11	2.951579675979265991e-25	5.054631356280623194e-16	8.978450378134461008e-31	1.607178993837835371e-02	6.807178975919414565e-02	1.928210240806117965e-03	1.291896852545562848e-11	1.928210048747087176e-03
6.310000000000000000e+04	9.220661190906515577e-16	2.112985394126992158e-18	3.556305290819158904e-23	1.999999821365360409e-03	1.590096823026261332e-10	5.823368110764930776e-27	2.188466734148808471e-18	6.872760918700727642e-18	1.957942816063853753e-11	2.870799808202867169e-25	4.918705906832570185e-16	8.502059086680362191e-31	1.607178993732901254e-02	6.807178975869576654e-02	1.928210241304500984e-03	1.293954971828490939e-11	1.928210049775824601e-03
6.320000000000000000e+04	8.972958579776722019e-16	2.056222436469406779e-18	3.460770904857722661e-23	1.999999821900977533e-03	1.590096823040308927e-10	5.823368110816375156e-27	2.129552151493557511e-18	6.687506604311471881e-18	1.904385419792309961e-11	2.792272314281964016e-25	4.786570447798540774e-16	8.051398007181701941e-31	1.607178993630782246e-02	6.807178975821016886e-02	1.928210241790099090e-03	1.296013091111438094e-11	1.928210050776415921e-03
6.330000000000000000e+04	8.732162939193937729e-16	2.001042264219660938e-18	3.367900411658182634e-23	1.999999822421676902e-03	1.590096823053041563e-10	5.823368110863007499e-27	2.072280350412403792e-18	6.507417944313606326e-18	1.852321424571680731e-11	2.715934490698145377e-25	4.658119470423830850e-16	7.625066913315586513e-31	1.607178993531399244e-02	6.807178975773700569e-02	1.928210242263268988e-03	1.298071210394402213e-11	1.928210051749644147e-03
6.340000000000000000e+04	8.498081679776743414e-16	1.947400744039836306e-18	3.277619533002588513e-23	1.999999822927826278e-03	1.590096823064447867e-10	5.823368110904780453e-27	2.016605524693168006e-18	6.332350903124258113e-18	1.801709189543266511e-11	2.641725282349652972e-25	4.533250239066983648e-16	7.221739171044274755e-31	1.607178993434676614e-02	6.807178975727593007e-02	1.928210242724356970e-03	1.300129329677382326e-11	1.928210052696271905e-03
6.350000000000000000e+04	8.270527873640895112e-16	1.895255039967649177e-18	3.189856174209445094e-23	1.999999823419930465e-03	1.590096823074649330e-10	5.823368110942140281e-27	1.962483214645916101e-18	6.162165679181524860e-18	1.752508297718833133e-11	2.569585428611098506e-25	4.411863038178061458e-16	6.840162976889771428e-31	1.607178993340540110e-02	6.807178975682659505e-02	1.928210243173698706e-03	1.302187448960376334e-11	1.928210053617041009e-03
6.360000000000000000e+04	8.049319207566461882e-16	1.844563373526654116e-18	3.104540020389281894e-23	1.999999823898254876e-03	1.590096823083577711e-10	5.823368110974839457e-27	1.909870058169310227e-18	5.996725922277374784e-18	1.704679330018233738e-11	2.499457132020462168e-25	4.293860613871945284e-16	6.479153821463560012e-31	1.607178993248917220e-02	6.807178975638865370e-02	1.928210243611621841e-03	1.304245568243382781e-11	1.928210054512672885e-03
6.370000000000000000e+04	7.834278467582978752e-16	1.795285134772656311e-18	3.021602723340337391e-23	1.999999824363250973e-03	1.590096823091321931e-10	5.823368111003199406e-27	1.858723905979598191e-18	5.835899095839395076e-18	1.658183969838587798e-11	2.431284211601647957e-25	4.179148432427369836e-16	6.137591873799039130e-31	1.607178993159738209e-02	6.807178975596182846e-02	1.928210244038445782e-03	1.306303687526399891e-11	1.928210055383869879e-03
6.380000000000000000e+04	7.625233950271462751e-16	1.747380976546725475e-18	2.940978060180245673e-23	1.999999824815282615e-03	1.590096823097908356e-10	5.823368111027322008e-27	1.809003919444357533e-18	5.679556784579918199e-18	1.612985092046438504e-11	2.365012233347503835e-25	4.067634899693473696e-16	5.814419237710917095e-31	1.607178993072934034e-02	6.807178975554578626e-02	1.928210244454479959e-03	1.308361806809426372e-11	1.928210056231312438e-03
6.390000000000000000e+04	7.422018460875407757e-16	1.700812584884630154e-18	2.862601546935697896e-23	1.999999825254705418e-03	1.590096823103364905e-10	5.823368111047304838e-27	1.760670332293485917e-18	5.527573945214896790e-18	1.569046546386159068e-11	2.300588192646591444e-25	3.959230826638187205e-16	5.508635770345496307e-31	1.607178992988439470e-02	6.807178975514022179e-02	1.928210244860025131e-03	1.310419926092460607e-11	1.928210057055662575e-03
6.400000000000000000e+04	7.224469724511801476e-16	1.655542773248999583e-18	2.786410597139031019e-23	1.999999825681899723e-03	1.590096823107745085e-10	5.823368111063346634e-27	1.713684548417368273e-18	5.379829213974714290e-18	1.526333246344811858e-11	2.237960644579568517e-25	3.853849648706236128e-16	5.219296242678198877e-31	1.607178992906189291e-02	6.807178975474487137e-02	1.928210245255374249e-03	1.312478045375501143e-11	1.928210057857563872e-03
6.410000000000000000e+04	7.032429458707541600e-16	1.611535269993912281e-18	2.712344164122419241e-23	1.999999826097144818e-03	1.590096823111032094e-10	5.823368111075382106e-27	1.668008921277253317e-18	5.236204212973652231e-18	1.484810968634914504e-11	2.177079409914678648e-25	3.751406931069319706e-16	4.945506379714105997e-31	1.607178992826121741e-02	6.807178975435942969e-02	1.928210245640811157e-03	1.314536164658546849e-11	1.928210058637642565e-03
6.420000000000000000e+04	6.845743816733686306e-16	1.568754819958344835e-18	2.640342912003815254e-23	1.999999826500823211e-03	1.590096823113293140e-10	5.823368111083664520e-27	1.623606859349875637e-18	5.096583881776334701e-18	1.444446449052401701e-11	2.117895715657634346e-25	3.651820605120070384e-16	4.686420807001173574e-31	1.607178992748175758e-02	6.807178975398361920e-02	1.928210246016612110e-03	1.316594283941595948e-11	1.928210059396509276e-03
6.430000000000000000e+04	6.664263744339889733e-16	1.527167266214611097e-18	2.570349353272921630e-23	1.999999826893236743e-03	1.590096823114542183e-10	5.823368111088237641e-27	1.580442910975040685e-18	4.960856744198038446e-18	1.405207459611898302e-11	2.060362308149709626e-25	3.555011158769876183e-16	4.441241099083234294e-31	1.607178992672291667e-02	6.807178975361719009e-02	1.928210246383045990e-03	1.318652403224647308e-11	1.928210060134753160e-03
6.440000000000000000e+04	6.487844088852735309e-16	1.486739345911394098e-18	2.502307505186642763e-23	1.999999827274733227e-03	1.590096823114832989e-10	5.823368111089302358e-27	1.538482552457953864e-18	4.828914241997906825e-18	1.367062615903216371e-11	2.004433170607942549e-25	3.460901161202781330e-16	4.209212062263984837e-31	1.607178992598412570e-02	6.807178975325987869e-02	1.928210246740374523e-03	1.320710522507699800e-11	1.928210060852949929e-03
6.450000000000000000e+04	6.316343972860738081e-16	1.447438775906534609e-18	2.436163033892578080e-23	1.999999827645547717e-03	1.590096823114137381e-10	5.823368111086756793e-27	1.497692276948634510e-18	4.700651014357645952e-18	1.329981457893459997e-11	1.950063641599655667e-25	3.369415462215478343e-16	3.989620094854871044e-31	1.607178992526481914e-02	6.807178975291139356e-02	1.928210247088851413e-03	1.322768641790752130e-11	1.928210061551655996e-03
6.460000000000000000e+04	6.149625984807123345e-16	1.409234067285144559e-18	2.371862942255404697e-23	1.999999828006032362e-03	1.590096823112526447e-10	5.823368111080854928e-27	1.458039401933250413e-18	4.575964292554080287e-18	1.293934274950726657e-11	1.897210158486844591e-25	3.280480760443928981e-16	3.781789948696367741e-31	1.607178992456446617e-02	6.807178975257149878e-02	1.928210247428722556e-03	1.324826761073802683e-11	1.928210062231417365e-03
6.470000000000000000e+04	5.987556564108349177e-16	1.372094613612476140e-18	2.309355718390069008e-23	1.999999828356470357e-03	1.590096823110020348e-10	5.823368111071679270e-27	1.419492160825732660e-18	4.454754187952574568e-18	1.258892189062634883e-11	1.845830379443739197e-25	3.194025808802502954e-16	3.585083339842126623e-31	1.607178992388252903e-02	6.807178975223997230e-02	1.928210247760228863e-03	1.326884880356850489e-11	1.928210062892763126e-03
6.480000000000000000e+04	5.830006310757286865e-16	1.335990761881866815e-18	2.248591455070092996e-23	1.999999828697136654e-03	1.590096823106642867e-10	5.823368111059308742e-27	1.382019776607985622e-18	4.336923923571033477e-18	1.224827221800493255e-11	1.795883281641711850e-25	3.109981579639914788e-16	3.398897334531865347e-31	1.607178992321849770e-02	6.807178975191659209e-02	1.928210248083603220e-03	1.328942999639894579e-11	1.928210063536205240e-03
6.490000000000000000e+04	5.676849211702302750e-16	1.300893635233560281e-18	2.189521551356075815e-23	1.999999829028318351e-03	1.590096823102426830e-10	5.823368111043867464e-27	1.345592277832401638e-18	4.222379255514785306e-18	1.191712127077646663e-11	1.747328916034446786e-25	3.028280852055831491e-16	3.222661678490510843e-31	1.607178992257187258e-02	6.807178975160110834e-02	1.928210248399072442e-03	1.331001118922933985e-11	1.928210064162243524e-03
6.500000000000000000e+04	5.527962767673285814e-16	1.266775162017863318e-18	2.132098761510180468e-23	1.999999829350255706e-03	1.590096823097379478e-10	5.823368111025384853e-27	1.310180528778640232e-18	4.111028567787982268e-18	1.159520418509195617e-11	1.700128447473601208e-25	2.948858279555441551e-16	3.055837214804699715e-31	1.607178992194216102e-02	6.807178975129335452e-02	1.928210248706856839e-03	1.333059238205967251e-11	1.928210064771363483e-03
6.510000000000000000e+04	5.383228055686526779e-16	1.233608090118620161e-18	2.076277219103126690e-23	1.999999829663224975e-03	1.590096823091536222e-10	5.823368111003984313e-27	1.275756244329331509e-18	4.002782919087252446e-18	1.128226382998552521e-11	1.654244174629822876e-25	2.871650423392307839e-16	2.897914393608494323e-31	1.607178992132889811e-02	6.807178975099302531e-02	1.928210249007170866e-03	1.335117357488993246e-11	1.928210065364036096e-03
6.520000000000000000e+04	5.242529017904540881e-16	1.201365823989972910e-18	2.022012162740377871e-23	1.999999829967441262e-03	1.590096823084893186e-10	5.823368110979655081e-27	1.242291820821701950e-18	3.897555510906983591e-18	1.097804926915597669e-11	1.609639304454460868e-25	2.796595373214939678e-16	2.748411031360525893e-31	1.607178992073161894e-02	6.807178975069996807e-02	1.928210249300222256e-03	1.337175476772011164e-11	1.928210065940721279e-03
6.530000000000000000e+04	5.105753403097986509e-16	1.170022640399592801e-18	1.969260299166843532e-23	1.999999830263180824e-03	1.590096823077498192e-10	5.823368110952571502e-27	1.209760559974967754e-18	3.795262391681179338e-18	1.068231779705381773e-11	1.566278250716872951e-25	2.723633249283944991e-16	2.606871750227121320e-31	1.607178992014988289e-02	6.807178975041401625e-02	1.928210249586213973e-03	1.339233596055020035e-11	1.928210066501863992e-03
6.540000000000000000e+04	4.972791478081313595e-16	1.139553393144252955e-18	1.917979306291085870e-23	1.999999830550669173e-03	1.590096823069363387e-10	5.823368110922778775e-27	1.178136362403220691e-18	3.695821493029563711e-18	1.039483215203050876e-11	1.524126225387837689e-25	2.652705515095184436e-16	2.472866026680605446e-31	1.607178991958325975e-02	6.807178975013487843e-02	1.928210249865343340e-03	1.341291715338018889e-11	1.928210067047897696e-03
6.550000000000000000e+04	4.843537082660225878e-16	1.109933754799175768e-18	1.868128240059363667e-23	1.999999830830144400e-03	1.590096823060510487e-10	5.823368110890359410e-27	1.147393978544782772e-18	3.599153418825103954e-18	1.011536279858695723e-11	1.483149573269841651e-25	2.583755540135133959e-16	2.345985133755257801e-31	1.607178991903132625e-02	6.807178974986242970e-02	1.928210250137801611e-03	1.343349834621006757e-11	1.928210067579243714e-03
6.560000000000000000e+04	4.717886836042384835e-16	1.081140034860878603e-18	1.819667228382623737e-23	1.999999831101829419e-03	1.590096823050966632e-10	5.823368110855406677e-27	1.117508819895066255e-18	3.505180851592391838e-18	9.843686210199544344e-12	1.443315520219704889e-25	2.516728176545394200e-16	2.225845604622791835e-31	1.607178991849367300e-02	6.807178974959644802e-02	1.928210250403774402e-03	1.345407953903982670e-11	1.928210068096312090e-03
6.570000000000000000e+04	4.595740239338629237e-16	1.053149203236185174e-18	1.772557510669430956e-23	1.999999831365955379e-03	1.590096823040758706e-10	5.823368110818021020e-27	1.088456983394436754e-18	3.413828629210412940e-18	9.579585091619014492e-12	1.404592205742803095e-25	2.451569813801434866e-16	2.112082822819928590e-31	1.607178991796989406e-02	6.807178974933678073e-02	1.928210250663442774e-03	1.347466073186945981e-11	1.928210068599500509e-03
6.580000000000000000e+04	4.476999596194982325e-16	1.025938872054403740e-18	1.726761407215135570e-23	1.999999831622715270e-03	1.590096823029891363e-10	5.823368110778223247e-27	1.060215232552020546e-18	3.325023685559154420e-18	9.322848207336220600e-12	1.366948657842145932e-25	2.388228336374175050e-16	2.004352524905444920e-31	1.607178991745961474e-02	6.807178974908323354e-02	1.928210250916982367e-03	1.349524192469895559e-11	1.928210069089196033e-03
6.590000000000000000e+04	4.361570062707121525e-16	9.994873071056178379e-19	1.682242338452985324e-23	1.999999831872348050e-03	1.590096823018411130e-10	5.823368110736177657e-27	1.032761009311117835e-18	3.238695087817601508e-18	9.073270489007386870e-12	1.330354808769413123e-25	2.326653150356555244e-16	1.902329318073832850e-31	1.607178991696244993e-02	6.807178974883566769e-02	1.928210251164563403e-03	1.351582311752830759e-11	1.928210069565774445e-03
6.600000000000000000e+04	4.249359103860193270e-16	9.737733032796916662e-19	1.638964615312859455e-23	1.999999832115005940e-03	1.590096823006296553e-10	5.823368110691811067e-27	1.006072304775937126e-18	3.154773629987282191e-18	8.830651860905557272e-12	1.294781322809039107e-25	2.266794893504652531e-16	1.805705304691069303e-31	1.607178991647803881e-02	6.807178974859388887e-02	1.928210251406353064e-03	1.353640431035750288e-11	1.928210070029601772e-03
6.610000000000000000e+04	4.140277124645414541e-16	9.487763291914876886e-19	1.596893682631444927e-23	1.999999832350868485e-03	1.590096822993553318e-10	5.823368110645142851e-27	9.801278093060777320e-19	3.073192304833367801e-18	8.594798603505354440e-12	1.260199796211200832e-25	2.208605771903005530e-16	1.714189457375417244e-31	1.607178991600601362e-02	6.807178974835771668e-02	1.928210251642512897e-03	1.355698550318653661e-11	1.928210070481033199e-03
6.620000000000000000e+04	4.034236681736876432e-16	9.244763465305512599e-19	1.555995815110342817e-23	1.999999832580168137e-03	1.590096822980233384e-10	5.823368110596362418e-27	9.549067250316671899e-19	2.993885714371669541e-18	8.365521650011917202e-12	1.226582507423659480e-25	2.152039139438381982e-16	1.627506549638447660e-31	1.607178991554604475e-02	6.807178974812704009e-02	1.928210251873199678e-03	1.357756669601540716e-11	1.928210070920415888e-03
6.630000000000000000e+04	3.931153086056473514e-16	9.008539481434889136e-19	1.516238349714375396e-23	1.999999832803066226e-03	1.590096822966335974e-10	5.823368110545466182e-27	9.303889091628959991e-19	2.916790520486003353e-18	8.142637888669859689e-12	1.193902608040295481e-25	2.097049819234382299e-16	1.545396450106981006e-31	1.607178991509778873e-02	6.807178974790169257e-02	1.928210252098565627e-03	1.359814788884410000e-11	1.928210071348084422e-03
6.640000000000000000e+04	3.830943888477085361e-16	8.778902401789035084e-19	1.477589487316680430e-23	1.999999833019773521e-03	1.590096822951902965e-10	5.823368110492607679e-27	9.065547516679527787e-19	2.841845060292497387e-18	7.925969050795398640e-12	1.162133959760974184e-25	2.043593829302923103e-16	1.467613098029853895e-31	1.607178991466092291e-02	6.807178974768149371e-02	1.928210252318759499e-03	1.361872908167260866e-11	1.928210071764364063e-03
6.650000000000000000e+04	3.733528938814731993e-16	8.555668556058967165e-19	1.440018315450903046e-23	1.999999833230424462e-03	1.590096822936917554e-10	5.823368110437728078e-27	8.833851893068597724e-19	2.768989390273904476e-18	7.715341838552519445e-12	1.131251153126476783e-25	1.991628414013236841e-16	1.393923826110667667e-31	1.607178991423512462e-02	6.807178974746633249e-02	1.928210252533924841e-03	1.363931027450092668e-11	1.928210072169574000e-03
6.660000000000000000e+04	3.638830321863622207e-16	8.338659395560104466e-19	1.403494783641081391e-23	1.999999833435176910e-03	1.590096822921389565e-10	5.823368110380859665e-27	8.608616904141245045e-19	2.698165238422343818e-18	7.510587786366018324e-12	1.101229487198456124e-25	1.941112009970162208e-16	1.324108602526755486e-31	1.607178991382008856e-02	6.807178974725605625e-02	1.928210252744202600e-03	1.365989146732904760e-11	1.928210072564023013e-03
6.670000000000000000e+04	3.546772295051287521e-16	8.127701350364190938e-19	1.367989679356366314e-23	1.999999833634252041e-03	1.590096822905375089e-10	5.823368110322210504e-27	8.389662400711511236e-19	2.629315957616047611e-18	7.311543126180818046e-12	1.072044949803350161e-25	1.892004212756644268e-16	1.257959364519813956e-31	1.607178991341551288e-02	6.807178974705052621e-02	1.928210252949729602e-03	1.368047266015696496e-11	1.928210072948011210e-03
6.680000000000000000e+04	3.457281227716814692e-16	7.922625690150716319e-19	1.333474604591740280e-23	1.999999833827757409e-03	1.590096822888850347e-10	5.823368110261690912e-27	8.176813256678230618e-19	2.562386480225803552e-18	7.118048656472711695e-12	1.043674198326327355e-25	1.844265744542080411e-16	1.195279341069012910e-31	1.607178991302110616e-02	6.807178974684961748e-02	1.928210253150636818e-03	1.370105385298467229e-11	1.928210073321830458e-03
6.690000000000000000e+04	3.370285542449239264e-16	7.723268389779307507e-19	1.299921953243303750e-23	1.999999834015863884e-03	1.590096822871841187e-10	5.823368110199399899e-27	7.969899229437998881e-19	2.497323274210266757e-18	6.929949614917699640e-12	1.016094541041683384e-25	1.797858422789635585e-16	1.135882457714467917e-31	1.607178991263658388e-02	6.807178974665320514e-02	1.928210253347053486e-03	1.372163504581216314e-11	1.928210073685763517e-03
6.700000000000000000e+04	3.285715657586882049e-16	7.529469997522562955e-19	1.267304888931317801e-23	1.999999834198684222e-03	1.590096822854330808e-10	5.823368110135272176e-27	7.768754823193149424e-19	2.434074300147041364e-18	6.747095554606521630e-12	9.892839189630310084e-26	1.752745129582866350e-16	1.079592731389249135e-31	1.607178991226167197e-02	6.807178974646115044e-02	1.928210253539105372e-03	1.374221623863943103e-11	1.928210074040086859e-03
6.710000000000000000e+04	3.203503931807333160e-16	7.341075508089709072e-19	1.235597323629566803e-23	1.999999834376463021e-03	1.590096822836411491e-10	5.823368110069644952e-27	7.573219157094377202e-19	2.372588969757782264e-18	6.569340223713299640e-12	9.632208881999524824e-26	1.708889782067577549e-16	1.026243738707880867e-31	1.607178991189610329e-02	6.807178974627338397e-02	1.928210253726913691e-03	1.376279743146646627e-11	1.928210074385068281e-03
6.720000000000000000e+04	3.123584609813029240e-16	7.157934238160943187e-19	1.204773896717275466e-23	1.999999834549269669e-03	1.590096822818035932e-10	5.823368110002349623e-27	7.383135836116808938e-19	2.312818105317093751e-18	6.396541448520319846e-12	9.378846028067313487e-26	1.666257303478122614e-16	9.756780753377700922e-32	1.607178991153961761e-02	6.807178974608971145e-02	1.928210253910597272e-03	1.378337862429327049e-11	1.928210074720967991e-03
6.730000000000000000e+04	3.045893769914618518e-16	6.979899706270675596e-19	1.174809954762968456e-23	1.999999834717278071e-03	1.590096822799246783e-10	5.823368109933538290e-27	7.198352826340675113e-19	2.254713900425672216e-18	6.228561019701810892e-12	9.132547981089349690e-26	1.624813595176069280e-16	9.277468809355674569e-32	1.607178991119196515e-02	6.807178974591003573e-02	1.928210254090270605e-03	1.380395981711983399e-11	1.928210075048039695e-03
6.740000000000000000e+04	2.970369272789036879e-16	6.806829515382716107e-19	1.145681531761390364e-23	1.999999834880601419e-03	1.590096822780037840e-10	5.823368109863190148e-27	7.018722333107910561e-19	2.198229881703349621e-18	6.065264581781282968e-12	8.893117744953094922e-26	1.584525509315499923e-16	8.823093562001803350e-32	1.607178991085288569e-02	6.807178974573425967e-02	1.928210254266045365e-03	1.382454100994614868e-11	1.928210075366529287e-03
6.750000000000000000e+04	2.896950711784414450e-16	6.638585239010151026e-19	1.117365329967015070e-23	1.999999835039350735e-03	1.590096822760407293e-10	5.823368109791298021e-27	6.844100682823702655e-19	2.143320871621806794e-18	5.906521525669975736e-12	8.660363816614371603e-26	1.545360822333469273e-16	8.392323383417552547e-32	1.607178991052215025e-02	6.807178974556228612e-02	1.928210254438029753e-03	1.384512220277221458e-11	1.928210075676675510e-03
6.760000000000000000e+04	2.825579364701346205e-16	6.475032310718414595e-19	1.089838701296959423e-23	1.999999835193663061e-03	1.590096822740372461e-10	5.823368109717925764e-27	6.674348208244241373e-19	2.089942952428688115e-18	5.752204884201839916e-12	8.434100032927589640e-26	1.507288209228011559e-16	7.983898697349032270e-32	1.607178991019952985e-02	6.807178974539397631e-02	1.928210254606330023e-03	1.386570339559802198e-11	1.928210075978711900e-03
6.770000000000000000e+04	2.756198146715501335e-16	6.316039916243822427e-19	1.063079629174090172e-23	1.999999835343682381e-03	1.590096822719961780e-10	5.823368109643175975e-27	6.509329136536744397e-19	2.038053430954432674e-18	5.602191230582588925e-12	8.214145421748603378e-26	1.470277218444991229e-16	7.596628185476754800e-32	1.607178990988479203e-02	6.807178974522924697e-02	1.928210254771049173e-03	1.388628458842356765e-11	1.928210076272864190e-03
6.780000000000000000e+04	2.688751564771309294e-16	6.161480888983201659e-19	1.037066710937498380e-23	1.999999835489517982e-03	1.590096822699176799e-10	5.823368109567055111e-27	6.348911480792989500e-19	1.987610804496399005e-18	5.456360579668637180e-12	8.000324057186879936e-26	1.434298247549691310e-16	7.229384933406266605e-32	1.607178990957772169e-02	6.807178974506800095e-02	1.928210254932287166e-03	1.390686578124884999e-11	1.928210076559352688e-03
6.790000000000000000e+04	2.623185673198303345e-16	6.011231608285323554e-19	1.011779140724532792e-23	1.999999835631283487e-03	1.590096822678025532e-10	5.823368109489594022e-27	6.192966934465046948e-19	1.938574727624575019e-18	5.314596291999033605e-12	7.792464918894187716e-26	1.399322519550618401e-16	6.881103041708792094e-32	1.607178990927810372e-02	6.807178974491015500e-02	1.928210255090141365e-03	1.392744697407385767e-11	1.928210076838390765e-03
6.800000000000000000e+04	2.559448030582550671e-16	5.865171900618470767e-19	9.871966928368940063e-24	1.999999835769100329e-03	1.590096822656525557e-10	5.823368109410854411e-27	6.041370768781540649e-19	1.890905979923618466e-18	5.176784980505618559e-12	7.590401755280179924e-26	1.365322059892830427e-16	6.550774182274187153e-32	1.607178990898571955e-02	6.807178974475558419e-02	1.928210255244705226e-03	1.394802816689858909e-11	1.928210077110185721e-03
6.810000000000000000e+04	2.497487657700708213e-16	5.723184943173088808e-19	9.632997055165669365e-24	1.999999835903083431e-03	1.590096822634689023e-10	5.823368109330882196e-27	5.894001732730106941e-19	1.844566434549205990e-18	5.042816419821132923e-12	7.393972950537125044e-26	1.332269674018109033e-16	6.237444569680979557e-32	1.607178990870037141e-02	6.807178974460421916e-02	1.928210255396071342e-03	1.396860935972304101e-11	1.928210077374939652e-03
6.820000000000000000e+04	2.437254996947336475e-16	5.585157170886363377e-19	9.400690652976744010e-24	1.999999836033331240e-03	1.590096822612519807e-10	5.823368109249692442e-27	5.750741956501455356e-19	1.799519027855747362e-18	4.912583458118822977e-12	7.203021395376502959e-26	1.300138925721710409e-16	5.940211885328473944e-32	1.607178990842187544e-02	6.807178974445596276e-02	1.928210255544328183e-03	1.398919055254720698e-11	1.928210077632849665e-03
6.830000000000000000e+04	2.378701872539034747e-16	5.450978185246928011e-19	9.174861916579362987e-24	1.999999836159920084e-03	1.590096822590002658e-10	5.823368109167229907e-27	5.611476856881448773e-19	1.755727729655740015e-18	4.785981931409400161e-12	7.017394361368529123e-26	1.268904115923498575e-16	5.658222571014049189e-32	1.607178990815003733e-02	6.807178974431071783e-02	1.928210255689562702e-03	1.400977174537108698e-11	1.928210077884105929e-03
6.840000000000000000e+04	2.321781452015695381e-16	5.320540666072018306e-19	8.955330221704021377e-24	1.999999836283034710e-03	1.590096822567216417e-10	5.823368109083780139e-27	5.476095045674655082e-19	1.713157514422157492e-18	4.662910580226622185e-12	6.836943378784022840e-26	1.238540262131019638e-16	5.390669079836256024e-32	1.607178990788466280e-02	6.807178974416841499e-02	1.928210255831859250e-03	1.403035293819467133e-11	1.928210078128894276e-03
6.850000000000000000e+04	2.266448208860066020e-16	5.193740285847347482e-19	8.741919980865016805e-24	1.999999836402680323e-03	1.590096822544093617e-10	5.823368108999097767e-27	5.344488240775815640e-19	1.671774333321187372e-18	4.543270968639225088e-12	6.661524117847238709e-26	1.209023078499139776e-16	5.136787458971801370e-32	1.607178990762558185e-02	6.807178974402899874e-02	1.928210255971300443e-03	1.405093413101795680e-11	1.928210078367394685e-03
6.860000000000000000e+04	2.212657885942562398e-16	5.070475625958055449e-19	8.534460502373697961e-24	1.999999836518983991e-03	1.590096822520668896e-10	5.823368108913309782e-27	5.216551179264981714e-19	1.631545086892890940e-18	4.426967405517859516e-12	6.490996273295003241e-26	1.180328956329895471e-16	4.895854892455546479e-32	1.607178990737261060e-02	6.807178974389237192e-02	1.928210256107964777e-03	1.407151532384094339e-11	1.928210078599783012e-03
6.870000000000000000e+04	2.160367460300981449e-16	4.950648095978746256e-19	8.332785854500269634e-24	1.999999836632050231e-03	1.590096822496958022e-10	5.823368108826474298e-27	5.092181533588293080e-19	1.592437598685125175e-18	4.313906867997012957e-12	6.325223452154280376e-26	1.152434945284448224e-16	4.667187541669257824e-32	1.607178990712558597e-02	6.807178974375839575e-02	1.928210256241930749e-03	1.409209651666362301e-11	1.928210078826229044e-03
6.880000000000000000e+04	2.109535108528379588e-16	4.834161854357113046e-19	8.136734731981111588e-24	1.999999836741975755e-03	1.590096822472975213e-10	5.823368108738642256e-27	4.971279829291730222e-19	1.554420589396056431e-18	4.203998927076078384e-12	6.164073064656145352e-26	1.125318734919455865e-16	4.450138349317114746e-32	1.607178990688433104e-02	6.807178974362705637e-02	1.928210256373272518e-03	1.411267770948599567e-11	1.928210079046898881e-03
6.890000000000000000e+04	2.060120173479872436e-16	4.720923732120039458e-19	7.946150327612986054e-24	1.999999836848840359e-03	1.590096822448721760e-10	5.823368108649820112e-27	4.853749365790807167e-19	1.517463651952083267e-18	4.097155675290033645e-12	6.007416218184340852e-26	1.098958636927015824e-16	4.244095109659235875e-32	1.607178990664869314e-02	6.807178974349827050e-02	1.928210256502063810e-03	1.413325890230805653e-11	1.928210079261953201e-03
6.900000000000000000e+04	2.012083131751039854e-16	4.610843158347842424e-19	7.760880206823164934e-24	1.999999836952701723e-03	1.590096822424182931e-10	5.823368108559951904e-27	4.739496139020491944e-19	1.481537227185561076e-18	3.993291656396984288e-12	5.855127614181011898e-26	1.073333567786218535e-16	4.048478506936902355e-32	1.607178990641851268e-02	6.807178974337196875e-02	1.928210256628375748e-03	1.415384009512979911e-11	1.928210079471549430e-03
6.910000000000000000e+04	1.965385561925533477e-16	4.503832087411237758e-19	7.580776185206227020e-24	1.999999837053664364e-03	1.590096822399383539e-10	5.823368108469130186e-27	4.628428765953623836e-19	1.446612580107474784e-18	3.892323797030584261e-12	5.707085447933366177e-26	1.048423031825023868e-16	3.862740389593519376e-32	1.607178990619364395e-02	6.807178974324805398e-02	1.928210256752277288e-03	1.417442128795121696e-11	1.928210079675838923e-03
6.920000000000000000e+04	1.919990113976605318e-16	4.399804928852582520e-19	7.405694210511325329e-24	1.999999837151820656e-03	1.590096822374340646e-10	5.823368108377416659e-27	4.520458411787230858e-19	1.412661777004452324e-18	3.794171340254334677e-12	5.563171311148957084e-26	1.024207104897692270e-16	3.686362017994556137e-32	1.607178990597392734e-02	6.807178974312651232e-02	1.928210256873835867e-03	1.419500248077231331e-11	1.928210079874970000e-03
6.930000000000000000e+04	1.875860479354982594e-16	4.298678478839941066e-19	7.235494247276573672e-24	1.999999837247244325e-03	1.590096822349055802e-10	5.823368108284816345e-27	4.415498718809031410e-19	1.379657663073184011e-18	3.698755780969478004e-12	5.423270097248780887e-26	1.000666418428342880e-16	3.518852522438010674e-32	1.607178990575922756e-02	6.807178974300723273e-02	1.928210256993116755e-03	1.421558367359308493e-11	1.928210080069086641e-03
6.940000000000000000e+04	1.832961361925941196e-16	4.200371853567149720e-19	7.070040164738626433e-24	1.999999837340029479e-03	1.590096822323550722e-10	5.823368108191409601e-27	4.313465737279366732e-19	1.347573840687758935e-18	3.606000803125318010e-12	5.287269909303107882e-26	9.777821439075102232e-17	3.359747336652702909e-32	1.607178990554940234e-02	6.807178974289017359e-02	1.928210257110183484e-03	1.423616486641353504e-11	1.928210080258328275e-03
6.950000000000000000e+04	1.791258449781463564e-16	4.104806424659224697e-19	6.909199628117309819e-24	1.999999837430212115e-03	1.590096822297802399e-10	5.823368108097112483e-27	4.214277858376014730e-19	1.316384648312156870e-18	3.515832218678895024e-12	5.155061970532292740e-26	9.555359778555119275e-17	3.208606820011459378e-32	1.607178990534431987e-02	6.807178974277525163e-02	1.928210257225097422e-03	1.425674605923365073e-11	1.928210080442831513e-03
6.960000000000000000e+04	1.750718387748337281e-16	4.011905756172533916e-19	6.752843992584354869e-24	1.999999837517869861e-03	1.590096822271821173e-10	5.823368108001961582e-27	4.117855748819909725e-19	1.286065139946174632e-18	3.428177908257941600e-12	5.026540537304986308e-26	9.339101271570572172e-17	3.065014857431050855e-32	1.607178990514384828e-02	6.807178974266243909e-02	1.928210257337918850e-03	1.427732725205343199e-11	1.928210080622727541e-03
6.970000000000000000e+04	1.711308750744714743e-16	3.921595543539318829e-19	6.600848200504494408e-24	1.999999837603082514e-03	1.590096822245620744e-10	5.823368107906008555e-27	4.024122287495418318e-19	1.256591065194067026e-18	3.342967763476767586e-12	4.901602814559919448e-26	9.128872948484671893e-17	2.928577627959979300e-32	1.607178990494784188e-02	6.807178974255165271e-02	1.928210257448706531e-03	1.429790844487287559e-11	1.928210080798145381e-03
6.980000000000000000e+04	1.672998017831035599e-16	3.833803554103388754e-19	6.453090681354630005e-24	1.999999837685931172e-03	1.590096822219217398e-10	5.823368107809312235e-27	3.933002503736203770e-19	1.227938849859603959e-18	3.260133630862425129e-12	4.780148873588734431e-26	8.924506662752968364e-17	2.798922353583773116e-32	1.607178990475619657e-02	6.807178974244283698e-02	1.928210257557517278e-03	1.431848963769197830e-11	1.928210080969210150e-03
6.990000000000000000e+04	1.635755547022543359e-16	3.748459569401054411e-19	6.309453254580246349e-24	1.999999837766464408e-03	1.590096822192603637e-10	5.823368107711846075e-27	3.844423517411573444e-19	1.200085577105209318e-18	3.179609257343240545e-12	4.662081572109594238e-26	8.725838956562213000e-17	2.675696198526844017e-32	1.607178990456877010e-02	6.807178974233595026e-02	1.928210257664404867e-03	1.433907083051073851e-11	1.928210081136042409e-03
7.000000000000000000e+04	1.599551550708555107e-16	3.665495328832513052e-19	6.169821034792054862e-24	1.999999837844758117e-03	1.590096822165792904e-10	5.823368107613658145e-27	3.758314480483018558e-19	1.173008969078536148e-18	3.101330237258506286e-12	4.547306476571166120e-26	8.532710929705979159e-17	2.558565150797640417e-32	1.607178990438546881e-02	6.807178974223092316e-02	1.928210257769424158e-03	1.435965202332915299e-11	1.928210081298761206e-03
7.010000000000000000e+04	1.564357071945039930e-16	3.584844475334445262e-19	6.034082340330751171e-24	1.999999837920859135e-03	1.590096822138780545e-10	5.823368107514730509e-27	3.674606520584505245e-19	1.146687369165257175e-18	3.025233960843490741e-12	4.435731786619787398e-26	8.344968113118816847e-17	2.447213038643123507e-32	1.607178990420616779e-02	6.807178974212772793e-02	1.928210257872626761e-03	1.438023321614722011e-11	1.928210081457481032e-03
7.020000000000000000e+04	1.530143961180176223e-16	3.506442502044860967e-19	5.902128603501751110e-24	1.999999837994841621e-03	1.590096822111581296e-10	5.823368107415119130e-27	3.593232685697628382e-19	1.121099724598500584e-18	2.951259564154167999e-12	4.327268261677547629e-26	8.162460344720176146e-17	2.341340530706230872e-32	1.607178990403075949e-02	6.807178974202629518e-02	1.928210257974063415e-03	1.440081440896493342e-11	1.928210081612311390e-03
7.030000000000000000e+04	1.496884853806998349e-16	3.430226700863247809e-19	5.773854283999821658e-24	1.999999838066758920e-03	1.590096822084195155e-10	5.823368107314824006e-27	3.514127890742912106e-19	1.096225569661104742e-18	2.879347880385165739e-12	4.221829149563184232e-26	7.985041649670333528e-17	2.240664256714263029e-32	1.607178990385912248e-02	6.807178974192656939e-02	1.928210258073783561e-03	1.442139560178229614e-11	1.928210081763362003e-03
7.040000000000000000e+04	1.464553148262450512e-16	3.356136112262881173e-19	5.649156784441130814e-24	1.999999838136669577e-03	1.590096822056629103e-10	5.823368107213869532e-27	3.437228865493708553e-19	1.072045009308127411e-18	2.809441392547050369e-12	4.119330117106074121e-26	7.812570123541143196e-17	2.144915914055833155e-32	1.607178990369116309e-02	6.807178974182852282e-02	1.928210258171835119e-03	1.444197679459930344e-11	1.928210081910737821e-03
7.050000000000000000e+04	1.433122984729613792e-16	3.284111476485334161e-19	5.527936368221613267e-24	1.999999838204636476e-03	1.590096822028892961e-10	5.823368107112292298e-27	3.362474103926579355e-19	1.048538703241412691e-18	2.741484187462510039e-12	4.019689182694015726e-26	7.644907818704341284e-17	2.053841481463716937e-32	1.607178990352677722e-02	6.807178974173207220e-02	1.928210258268264060e-03	1.446255798741595208e-11	1.928210082054542061e-03
7.060000000000000000e+04	1.402569224495697713e-16	3.214095186237724756e-19	5.410096079904491522e-24	1.999999838270694746e-03	1.590096822000977684e-10	5.823368107010060020e-27	3.289803815113963295e-19	1.025687850465810905e-18	2.675421911045463697e-12	3.922826650702106739e-26	7.481920634217999508e-17	1.967200420546299012e-32	1.607178990336586080e-02	6.807178974163723140e-02	1.928210258363116571e-03	1.448313918023224044e-11	1.928210082194874685e-03
7.070000000000000000e+04	1.372867429781833003e-16	3.146031240471142487e-19	5.295541667427476226e-24	1.999999838334962782e-03	1.590096821972938587e-10	5.823368106907372151e-27	3.219159875268343499e-19	1.003474174213059273e-18	2.611201724827442982e-12	3.828665047750371957e-26	7.323478208229784060e-17	1.884764972703540373e-32	1.607178990320832015e-02	6.807178974154391715e-02	1.928210258456435587e-03	1.450372037304816691e-11	1.928210082331832621e-03
7.080000000000000000e+04	1.343993844258789026e-16	3.079865199730908856e-19	5.184181506955425362e-24	1.999999838397335198e-03	1.590096821944655731e-10	5.823368106803791756e-27	3.150485781382688937e-19	9.818799073609249130e-19	2.548772263695117604e-12	3.737129060737253128e-26	7.169453814039213938e-17	1.806319445408816894e-32	1.607178990305405814e-02	6.807178974145208783e-02	1.928210258548264475e-03	1.452430156586372826e-11	1.928210082465509328e-03
7.090000000000000000e+04	1.315925374029735315e-16	3.015544142577122789e-19	5.075926529534325829e-24	1.999999838457968988e-03	1.590096821916218813e-10	5.823368106699648868e-27	3.083726606003783752e-19	9.608877782127638643e-19	2.488083594808015592e-12	3.648145476603498243e-26	7.019724258651372495e-17	1.731659583717478649e-32	1.607178990290299148e-02	6.807178974136168792e-02	1.928210258638644436e-03	1.454488275867892448e-11	1.928210082595996095e-03
7.100000000000000000e+04	1.288639569143423324e-16	2.953016623220685492e-19	4.970690149790990789e-24	1.999999838516995556e-03	1.590096821887700727e-10	5.823368106595208950e-27	3.018828953266617979e-19	9.404809966735312534e-19	2.429087177659531564e-12	3.561643123772393004e-26	6.874169784160075710e-17	1.660591932016505900e-32	1.607178990275501956e-02	6.807178974127277293e-02	1.928210258727616451e-03	1.456546395149375074e-11	1.928210082723382695e-03
7.110000000000000000e+04	1.262114605640507991e-16	2.892232630381071248e-19	4.868388196689005197e-24	1.999999838574333371e-03	1.590096821858998594e-10	5.823368106490092463e-27	2.955740916192212848e-19	9.206432408221834682e-19	2.371735825254684147e-12	3.477552815227397963e-26	6.732673971975070141e-17	1.592933272146478021e-32	1.607178990261006260e-02	6.807178974118514858e-02	1.928210258815219336e-03	1.458604514430820702e-11	1.928210082847754778e-03
7.120000000000000000e+04	1.236329268085937283e-16	2.833143547257955442e-19	4.768938846159324009e-24	1.999999838630099093e-03	1.590096821830175227e-10	5.823368106384534017e-27	2.894412035145108700e-19	9.013586438494201932e-19	2.315983666366722504e-12	3.395807293171629110e-26	6.595123649642119299e-17	1.528510052747385847e-32	1.607178990246803385e-02	6.807178974109888425e-02	1.928210258901491472e-03	1.460662633712229172e-11	1.928210082969196914e-03
7.130000000000000000e+04	1.211262932683598007e-16	2.775702112837124946e-19	4.672262555976544347e-24	1.999999838684294890e-03	1.590096821801201417e-10	5.823368106278424558e-27	2.834793257649441438e-19	8.826117814176276502e-19	2.261786108849136964e-12	3.316341175234822834e-26	6.461408800769107808e-17	1.467157887070812753e-32	1.607178990232885699e-02	6.807178974101389668e-02	1.928210258986469069e-03	1.462720752993599837e-11	1.928210083087790634e-03
7.140000000000000000e+04	1.186895550647658433e-16	2.719862383784630569e-19	4.578282001625187825e-24	1.999999838737004463e-03	1.590096821772113093e-10	5.823368106171894665e-27	2.776836898875843013e-19	8.643876592432291933e-19	2.209099803969642419e-12	3.239090902178697437e-26	6.331422476321463886e-17	1.408721042450294906e-32	1.607178990219244874e-02	6.807178974093017199e-02	1.928210259070189643e-03	1.464778872274933021e-11	1.928210083203615519e-03
7.150000000000000000e+04	1.163207632266485689e-16	2.665579697928032417e-19	4.486922014837145378e-24	1.999999838788216969e-03	1.590096821742870966e-10	5.823368106064801562e-27	2.720496603710577608e-19	8.466717011641945072e-19	2.157882611738013562e-12	3.163994687059590160e-26	6.205060709612100937e-17	1.353051991277633819e-32	1.607178990205873279e-02	6.807178974084769629e-02	1.928210259152686804e-03	1.466836991556228400e-11	1.928210083316748329e-03
7.160000000000000000e+04	1.140180231265300084e-16	2.612810638422216572e-19	4.398109523281282150e-24	1.999999838838011773e-03	1.590096821713510190e-10	5.823368105957273676e-27	2.665727309576828588e-19	8.294497374519766651e-19	2.108093567202260253e-12	3.090992465810864078e-26	6.082222432884938298e-17	1.300010954681090776e-32	1.607178990192763626e-02	6.807178974076637246e-02	1.928210259233995678e-03	1.468895110837485974e-11	1.928210083427264960e-03
7.170000000000000000e+04	1.117794929689376075e-16	2.561512999108085102e-19	4.311773492260680929e-24	1.999999838886420099e-03	1.590096821684025596e-10	5.823368105849293787e-27	2.612485210469782568e-19	8.127079935005039943e-19	2.059692847682270731e-12	3.020025849199884033e-26	5.962809396675245642e-17	1.249465500833227612e-32	1.607178990179907938e-02	6.807178974068622823e-02	1.928210259314149444e-03	1.470953230118705420e-11	1.928210083535238052e-03
7.180000000000000000e+04	1.096033823148479641e-16	2.511645750699061332e-19	4.227844867803154230e-24	1.999999838933481412e-03	1.590096821654423128e-10	5.823368105740881266e-27	2.560727721868381868e-19	7.964330787941607104e-19	2.012641740919773455e-12	2.951038076128508560e-26	5.846726091097008181e-17	1.201290136941629706e-32	1.607178990167300314e-02	6.807178974060718035e-02	1.928210259393179759e-03	1.473011349399887062e-11	1.928210083640738079e-03
7.190000000000000000e+04	1.074879506480658210e-16	2.463169007928544108e-19	4.146256521369050726e-24	1.999999838979208289e-03	1.590096821624685727e-10	5.823368105631975129e-27	2.510413446641880453e-19	7.806119761880850165e-19	1.966902614114958189e-12	2.883973968233626911e-26	5.733879669367247479e-17	1.155365949874700438e-32	1.607178990154932083e-02	6.807178974052924270e-02	1.928210259471118499e-03	1.475069468681029930e-11	1.928210083743833996e-03
7.200000000000000000e+04	1.054315059896815410e-16	2.416043997799154325e-19	4.066943196413446625e-24	1.999999839023676191e-03	1.590096821594847513e-10	5.823368105522700216e-27	2.461502142077173613e-19	7.652320315365644041e-19	1.922438883826544415e-12	2.818779885753744244e-26	5.624179873895123817e-17	1.111580241469554546e-32	1.607178990142797345e-02	6.807178974045238751e-02	1.928210259547995589e-03	1.477127587962134023e-11	1.928210083844593241e-03
7.210000000000000000e+04	1.034324035341587792e-16	2.370233028327625791e-19	3.989841455782506785e-24	1.999999839066912873e-03	1.590096821564905384e-10	5.823368105413042894e-27	2.413954687468545416e-19	7.502809435073998079e-19	1.879214986710705389e-12	2.755403684625464516e-26	5.517538963524853016e-17	1.069826206890564424e-32	1.607178990130890203e-02	6.807178974037653152e-02	1.928210259623840735e-03	1.479185707243199988e-11	1.928210083943080865e-03
7.220000000000000000e+04	1.014903902681580937e-16	2.325730301518745556e-19	3.914941541212475002e-24	1.999999839108901854e-03	1.590096821534842797e-10	5.823368105302945048e-27	2.367765065038914966e-19	7.357568198358539278e-19	1.837225452152259771e-12	2.693837343665345849e-26	5.413943441412885077e-17	1.030030550883809571e-32	1.607178990119208922e-02	6.807178974030174412e-02	1.928210259698659359e-03	1.481243826524225887e-11	1.928210084039307277e-03
7.230000000000000000e+04	9.960381629300325785e-17	2.282498008676036200e-19	3.842179819116393240e-24	1.999999839149695178e-03	1.590096821504675779e-10	5.823368105192466229e-27	2.322894032939921825e-19	7.216473210959357044e-19	1.796434606643764915e-12	2.634028557284728575e-26	5.313305294712977432e-17	9.920928081277916452e-33	1.607178990107747604e-02	6.807178974022796980e-02	1.928210259772479432e-03	1.483301945805212366e-11	1.928210084133337530e-03
7.240000000000000000e+04	9.776977448276594346e-17	2.240469530774117094e-19	3.771444166942061740e-24	1.999999839189346620e-03	1.590096821474403295e-10	5.823368105081599261e-27	2.279272446922875769e-19	7.079307051827609699e-19	1.756779593323908362e-12	2.575885162829373955e-26	5.215469444552176729e-17	9.558934333060615473e-33	1.607178990096495147e-02	6.807178974015513917e-02	1.928210259845354732e-03	1.485360065086160071e-11	1.928210084225286114e-03
7.250000000000000000e+04	9.598680206663943833e-17	2.199611347295491936e-19	3.702678168283636558e-24	1.999999839227902150e-03	1.590096821444038011e-10	5.823368104970394367e-27	2.236865515855643614e-19	6.945960321769495120e-19	1.718228784636402448e-12	2.519360787008066333e-26	5.120357860307182912e-17	9.213473192444363190e-33	1.607178990085444611e-02	6.807178974008322447e-02	1.928210259917311495e-03	1.487418184367068678e-11	1.928210084315212661e-03
7.260000000000000000e+04	9.425347700170434215e-17	2.159890871033509230e-19	3.635826977535706596e-24	1.999999839265364805e-03	1.590096821413561576e-10	5.823368104858781236e-27	2.195639417304030593e-19	6.816326667637390923e-19	1.680751433702904446e-12	2.464410347806548542e-26	5.027894683959188492e-17	8.883722866804590640e-33	1.607178990074591834e-02	6.807178974001221183e-02	1.928210259988374659e-03	1.489476303647937219e-11	1.928210084403171598e-03
7.270000000000000000e+04	9.256841684444234624e-17	2.121276422232233580e-19	3.570837276369635197e-24	1.999999839301803972e-03	1.590096821383007850e-10	5.823368104746883989e-27	2.155561270675513258e-19	6.690302697851309232e-19	1.644317649800300164e-12	2.410990018531571588e-26	4.938006169895465917e-17	8.568918068547311525e-33	1.607178990063927795e-02	6.807178973994207349e-02	1.928210260058569594e-03	1.491534422928766339e-11	1.928210084489218653e-03
7.280000000000000000e+04	9.093027764611724657e-17	2.083737203273257989e-19	3.507657231130429895e-24	1.999999839337219653e-03	1.590096821352356414e-10	5.823368104634630162e-27	2.116599110952195256e-19	6.567787899814035550e-19	1.608898374520687419e-12	2.359057192855929713e-26	4.850620625984152402e-17	8.268319805036914131e-33	1.607178990053450066e-02	6.807178973987276782e-02	1.928210260127920152e-03	1.493592542209556040e-11	1.928210084573406952e-03
7.290000000000000000e+04	8.933775287915015384e-17	2.047243274072763731e-19	3.446236451428985590e-24	1.999999839371660853e-03	1.590096821321626654e-10	5.823368104522089348e-27	2.078721863160144813e-19	6.448684559640364910e-19	1.574465358595522528e-12	2.308570450837313329e-26	4.765668356302376287e-17	7.981239691073939246e-33	1.607178990043153441e-02	6.807178973980429482e-02	1.928210260196449753e-03	1.495650661490306319e-11	1.928210084655788102e-03
7.300000000000000000e+04	8.778957239711547463e-17	2.011765528249023693e-19	3.386525950031007470e-24	1.999999839405133643e-03	1.590096821290803061e-10	5.823368104409206305e-27	2.041899317627794873e-19	6.332897684347333661e-19	1.540991139364703330e-12	2.259489525882785730e-26	4.683081605657858665e-17	7.707012962613697654e-33	1.607178990033031676e-02	6.807178973973661285e-02	1.928210260264181164e-03	1.497708780771016856e-11	1.928210084736412411e-03
7.310000000000000000e+04	8.628450142215889320e-17	1.977275669918314760e-19	3.328478103803590837e-24	1.999999839437666647e-03	1.590096821259890805e-10	5.823368104295996814e-27	2.006102105901100266e-19	6.220334926118214642e-19	1.508449018873633349e-12	2.211775272634040382e-26	4.602794505573362025e-17	7.445020188921421710e-33	1.607178990023081996e-02	6.807178973966972191e-02	1.928210260331136936e-03	1.499766900051687002e-11	1.928210084815329536e-03
7.320000000000000000e+04	8.482133955811875888e-17	1.943746191079830125e-19	3.272046615653092401e-24	1.999999839469314943e-03	1.590096821228914442e-10	5.823368104182552713e-27	1.971301677276932603e-19	6.110906508523691456e-19	1.476813042579528311e-12	2.165389635745919406e-26	4.524743021642227841e-17	7.194663164434972825e-33	1.607178990013299544e-02	6.807178973960358037e-02	1.928210260397338754e-03	1.501825019332317406e-11	1.928210084892585880e-03
7.330000000000000000e+04	8.339891983295682388e-17	1.911150349672244268e-19	3.217186477593432225e-24	1.999999839500095876e-03	1.590096821197870612e-10	5.823368104068861086e-27	1.937470276028278344e-19	6.004525154908278754e-19	1.446057978650395947e-12	2.120295619533952996e-26	4.448864902447428466e-17	6.955384298135583298e-33	1.607178990003678073e-02	6.807178973953818824e-02	1.928210260462807218e-03	1.503883138612907419e-11	1.928210084968228063e-03
7.340000000000000000e+04	8.201610777272798519e-17	1.879462148353015637e-19	3.163853935030790997e-24	1.999999839530009014e-03	1.590096821166741738e-10	5.823368103954859514e-27	1.904580919366164542e-19	5.901106019067823002e-19	1.416159297842015125e-12	2.076457258469374586e-26	4.375099630163043625e-17	6.726645078193567233e-33	1.607178989994211341e-02	6.807178973947350387e-02	1.928210260527563145e-03	1.505941257893457689e-11	1.928210085042301189e-03
7.350000000000000000e+04	8.067180049054145283e-17	1.848656313621241536e-19	3.112006451626515331e-24	1.999999839559055224e-03	1.590096821135507398e-10	5.823368103840471947e-27	1.872607375788403032e-19	5.800566617200909608e-19	1.387093153933406281e-12	2.033839588492998701e-26	4.303388371955460063e-17	6.507943385876622554e-33	1.607178989984897610e-02	6.807178973940937461e-02	1.928210260591626049e-03	1.507999377173966924e-11	1.928210085114848843e-03
7.360000000000000000e+04	7.936492581007825361e-17	1.818708275732377639e-19	3.061602675492771013e-24	1.999999839587320808e-03	1.590096821104224461e-10	5.823368103725905013e-27	1.841524144224228793e-19	5.702826762313463759e-19	1.358836364708100902e-12	1.992408619129379727e-26	4.233673933227926509e-17	6.298794257019033773e-33	1.607178989975732025e-02	6.807178973934593924e-02	1.928210260655015447e-03	1.510057496454436091e-11	1.928210085185913525e-03
7.370000000000000000e+04	7.809444141040859554e-17	1.789594149101074106e-19	3.012602406209707379e-24	1.999999839614785384e-03	1.590096821072859323e-10	5.823368103611037461e-27	1.811306433694428855e-19	5.607808500261162086e-19	1.331366393464717149e-12	1.952131306377055228e-26	4.165900712001356761e-17	6.098745344340535534e-33	1.607178989966711463e-02	6.807178973928314225e-02	1.928210260717749553e-03	1.512115615734864546e-11	1.928210085255536868e-03
7.380000000000000000e+04	7.685933399473009574e-17	1.761290713252170108e-19	2.964966562765204014e-24	1.999999839641486248e-03	1.590096821041426718e-10	5.823368103495921667e-27	1.781930143540139828e-19	5.515436047579510797e-19	1.304661331042672084e-12	1.912975526354092614e-26	4.100014654571169529e-17	5.907359730338579447e-33	1.607178989957830720e-02	6.807178973922096976e-02	1.928210260779847449e-03	1.514173735015252934e-11	1.928210085323758555e-03
7.390000000000000000e+04	7.565861848108188588e-17	1.733775394275291842e-19	2.918657152342197382e-24	1.999999839667444650e-03	1.590096821009928456e-10	5.823368103380566957e-27	1.753371844177526857e-19	5.425635730973575646e-19	1.278699878347679226e-12	1.874910049676437424e-26	4.035963212336436594e-17	5.724229734795748078e-33	1.607178989949087020e-02	6.807178973915943565e-02	1.928210260841326917e-03	1.516231854295599964e-11	1.928210085390618051e-03
7.400000000000000000e+04	7.449133721703165816e-17	1.707026246828794607e-19	2.873637240030576359e-24	1.999999839692688779e-03	1.590096820978372291e-10	5.823368103264999877e-27	1.725608758418644331e-19	5.338335928580479374e-19	1.253461329364785463e-12	1.837904516551107681e-26	3.973695299907823176e-17	5.548961560692594987e-33	1.607178989940476199e-02	6.807178973909848441e-02	1.928210260902204435e-03	1.518289973575906280e-11	1.928210085456152651e-03
7.410000000000000000e+04	7.335655921740172688e-17	1.681021936671674748e-19	2.829870919427671793e-24	1.999999839717221672e-03	1.590096820946747625e-10	5.823368103149180967e-27	1.698618743336892770e-19	5.253467012937921604e-19	1.228925554643333487e-12	1.801929412561344604e-26	3.913161254444548950e-17	5.381187624419629926e-33	1.607178989931993748e-02	6.807178973903814378e-02	1.928210260962496701e-03	1.520348092856171884e-11	1.928210085520400087e-03
7.420000000000000000e+04	7.225337941954856396e-17	1.655741723597727235e-19	2.787323283915750362e-24	1.999999839741060242e-03	1.590096820915052649e-10	5.823368103033105922e-27	1.672380272560479693e-19	5.170961295318499879e-19	1.205072985242750671e-12	1.766956045127433801e-26	3.854312795927738041e-17	5.220552838563753748e-33	1.607178989923637585e-02	6.807178973897835828e-02	1.928210261022220628e-03	1.522406212136396452e-11	1.928210085583395269e-03
7.430000000000000000e+04	7.118091796360371783e-17	1.631165444941708522e-19	2.745960398902200458e-24	1.999999839764254363e-03	1.590096820883313471e-10	5.823368102916868730e-27	1.646872419147558758e-19	5.090752971870298765e-19	1.181884597125196020e-12	1.732956520622725657e-26	3.797102988765281805e-17	5.066725622540315845e-33	1.607178989915400771e-02	6.807178973891914175e-02	1.928210261081392696e-03	1.524464331416579660e-11	1.928210085645173325e-03
7.440000000000000000e+04	7.013831948877081267e-17	1.607273499453447607e-19	2.705749274679010021e-24	1.999999839786792324e-03	1.590096820851508634e-10	5.823368102800391187e-27	1.622074838854490446e-19	5.012778071014936911e-19	1.159341895982150789e-12	1.699903722125919594e-26	3.741486204253256008e-17	4.919385647983729856e-33	1.607178989907281919e-02	6.807178973886045259e-02	1.928210261140026784e-03	1.526522450696721833e-11	1.928210085705768734e-03
7.450000000000000000e+04	6.912475245179000753e-17	1.584046831679933869e-19	2.666657840137170012e-24	1.999999839808705351e-03	1.590096820819651066e-10	5.823368102683719212e-27	1.597967753924080229e-19	4.936974402466895641e-19	1.137426902484255781e-12	1.667771287793921529e-26	3.687418084219805394e-17	4.778233670568482254e-33	1.607178989899277904e-02	6.807178973880230466e-02	1.928210261198138068e-03	1.528580569976823293e-11	1.928210085765213588e-03
7.460000000000000000e+04	6.813940846428587496e-17	1.561466916780131035e-19	2.628654917209392154e-24	1.999999839830025970e-03	1.590096820787752138e-10	5.823368102566895851e-27	1.574531937323186765e-19	4.863281507666322202e-19	1.116122137941216560e-12	1.636533589835961239e-26	3.634855505676367869e-17	4.642980582232858749e-33	1.607178989891386300e-02	6.807178973874464245e-02	1.928210261255741730e-03	1.530638689256883071e-11	1.928210085823540629e-03
7.470000000000000000e+04	6.718150164862596244e-17	1.539515745763982510e-19	2.591710196026743329e-24	1.999999839850724690e-03	1.590096820755778247e-10	5.823368102449798419e-27	1.551748697420582973e-19	4.791640611596135595e-19	1.095410610361869004e-12	1.606165714074433797e-26	3.583756546456341150e-17	4.513356190441774555e-33	1.607178989883603984e-02	6.807178973868747984e-02	1.928210261312851646e-03	1.532696808536901490e-11	1.928210085880781082e-03
7.480000000000000000e+04	6.625026800850990139e-17	1.518175811068975889e-19	2.555794210643412556e-24	1.999999839870848350e-03	1.590096820723753174e-10	5.823368102332515163e-27	1.529599863024078174e-19	4.721994575745789695e-19	1.075275800901648716e-12	1.576643440073760198e-26	3.534080451639530687e-17	4.389099437048612206e-33	1.607178989875925751e-02	6.807178973863080296e-02	1.928210261369481910e-03	1.534754927816878550e-11	1.928210085936964439e-03
7.490000000000000000e+04	6.534496482234423343e-17	1.497430092658864886e-19	2.520878315640295911e-24	1.999999839890433811e-03	1.590096820691696823e-10	5.823368102215115678e-27	1.508067768944703449e-19	4.654287852704015843e-19	1.055701650687528633e-12	1.547943221822712110e-26	3.485787601192118219e-17	4.269966237832724857e-33	1.607178989868351948e-02	6.807178973857461179e-02	1.928210261425645534e-03	1.536813047096814574e-11	1.928210085992121273e-03
7.500000000000000000e+04	6.446487005057505794e-17	1.477262044442236693e-19	2.486934663266879623e-24	1.999999839909464595e-03	1.590096820659583862e-10	5.823368102097508128e-27	1.487135241901360965e-19	4.588466441838315704e-19	1.036672548010432437e-12	1.520042168955534615e-26	3.438839478351158488e-17	4.155720744188782512e-33	1.607178989860878413e-02	6.807178973851885084e-02	1.928210261481355095e-03	1.538871166376708915e-11	1.928210086046278906e-03
7.510000000000000000e+04	6.360928175585617387e-17	1.457655580985220611e-19	2.453936181078189955e-24	1.999999839927957615e-03	1.590096820627416876e-10	5.823368101979705428e-27	1.466785586740860714e-19	4.524477845985373790e-19	1.018173315873424076e-12	1.492918028494714948e-26	3.393198638693812144e-17	4.046142342338182199e-33	1.607178989853502368e-02	6.807178973846353398e-02	1.928210261536623818e-03	1.540929285656561575e-11	1.928210086099465745e-03
7.520000000000000000e+04	6.277751755042741302e-17	1.438595064847738645e-19	2.421856550621180366e-24	1.999999839945947131e-03	1.590096820595213701e-10	5.823368101861767845e-27	1.447002573274003721e-19	4.462271030019379752e-19	1.000189199887163704e-12	1.466549167102944336e-26	3.348828680658071630e-17	3.941017847310993257e-33	1.607178989846220693e-02	6.807178973840866121e-02	1.928210261591464065e-03	1.542987404936372553e-11	1.928210086151708460e-03
7.530000000000000000e+04	6.196891404519722101e-17	1.420065293958807699e-19	2.390670186186849371e-24	1.999999839963434011e-03	1.590096820562964255e-10	5.823368101743662374e-27	1.427770423190953642e-19	4.401796379743410018e-19	9.827058565022537271e-13	1.440914553829004427e-26	3.305694216154406363e-17	3.840147752079957405e-33	1.607178989839030958e-02	6.807178973835419089e-02	1.928210261645887111e-03	1.545045524216141525e-11	1.928210086203034157e-03
7.540000000000000000e+04	6.118282632490574407e-17	1.402051489589500446e-19	2.360352214568239582e-24	1.999999839980434735e-03	1.590096820530672417e-10	5.823368101625400497e-27	1.409073797566428000e-19	4.343005662577438206e-19	9.657093415694619945e-13	1.415993743334435499e-26	3.263760842568659646e-17	3.743339253117349137e-33	1.607178989831931082e-02	6.807178973830015078e-02	1.928210261699905316e-03	1.547103643495868815e-11	1.928210086253467339e-03
7.550000000000000000e+04	6.041862743086637917e-17	1.384539284499566095e-19	2.330878455110712752e-24	1.999999839996964048e-03	1.590096820498339995e-10	5.823368101506990104e-27	1.390897784565062889e-19	4.285851988913725538e-19	9.491860992180440010e-13	1.391766859586573153e-26	3.222995115169195506e-17	3.650411830516340416e-33	1.607178989824914125e-02	6.807178973824648538e-02	1.928210261753529088e-03	1.549161762775554746e-11	1.928210086303033810e-03
7.560000000000000000e+04	5.967570786299906558e-17	1.367514711526149339e-19	2.302225400506298061e-24	1.999999840013028454e-03	1.590096820465961302e-10	5.823368101388410389e-27	1.373227887591820600e-19	4.230289774845328990e-19	9.331229510442965935e-13	1.368214580006490996e-26	3.183364520543193469e-17	3.561191016440980901e-33	1.607178989817982170e-02	6.807178973819320855e-02	1.928210261806770787e-03	1.551219882055198348e-11	1.928210086351757205e-03
7.570000000000000000e+04	5.895347509216425097e-17	1.350964192408538764e-19	2.274370197985284020e-24	1.999999840028641399e-03	1.590096820433540216e-10	5.823368101269675702e-27	1.356050013697424316e-19	4.176274705715665651e-19	9.175070856005985648e-13	1.345318120057498568e-26	3.144837450582374473e-17	3.475513377549368069e-33	1.607178989811132788e-02	6.807178973814029255e-02	1.928210261859639738e-03	1.553278001334799946e-11	1.928210086399661160e-03
7.580000000000000000e+04	5.825135308975802149e-17	1.334874527008481758e-19	2.247290631173566291e-24	1.999999840043800714e-03	1.590096820401065105e-10	5.823368101150743713e-27	1.339350462384028981e-19	4.123763700906949808e-19	9.023260481777704819e-13	1.323059218263733599e-26	3.107383177389541934e-17	3.393220947346277441e-33	1.607178989804362856e-02	6.807178973808776512e-02	1.928210261912147215e-03	1.555336120614359861e-11	1.928210086446768010e-03
7.590000000000000000e+04	5.756878186499662900e-17	1.319232882706703247e-19	2.220965102246555105e-24	1.999999840058577956e-03	1.590096820368584825e-10	5.823368101031790916e-27	1.323115914608964910e-19	4.072714879280368576e-19	8.875677308712692441e-13	1.301420121644903373e-26	3.070971828595311994e-17	3.314165674464646465e-33	1.607178989797670640e-02	6.807178973803557076e-02	1.928210261964302761e-03	1.557394239893877448e-11	1.928210086493100956e-03
7.600000000000000000e+04	5.690521702242720224e-17	1.304026784262924494e-19	2.195372614863169746e-24	1.999999840072907639e-03	1.590096820336038628e-10	5.823368100912599204e-27	1.307333422248847509e-19	4.023087526024467656e-19	8.732203629244365468e-13	1.280383571557271027e-26	3.035574363753789164e-17	3.238204448347039175e-33	1.607178989791054405e-02	6.807178973798373722e-02	1.928210262016116349e-03	1.559452359173353029e-11	1.928210086538680165e-03
7.610000000000000000e+04	5.626012932214450988e-17	1.289244103737889630e-19	2.170492757204194164e-24	1.999999840086852214e-03	1.590096820303468133e-10	5.823368100793315657e-27	1.291990397655207908e-19	3.974842059842995238e-19	8.592725013405340930e-13	1.259932789928717722e-26	3.001162550882586257e-17	3.165203070472913926e-33	1.607178989784511028e-02	6.807178973793220900e-02	1.928210262067597521e-03	1.561510478452786929e-11	1.928210086583527754e-03
7.620000000000000000e+04	5.563300426533107061e-17	1.274873050995700392e-19	2.146305685987322186e-24	1.999999840100415149e-03	1.590096820270868945e-10	5.823368100673929512e-27	1.277074603775486351e-19	3.927940001850218589e-19	8.457130217563081303e-13	1.240051465877306545e-26	2.967708944353724866e-17	3.095031810231385969e-33	1.607178989778039468e-02	6.807178973788102772e-02	1.928210262118754516e-03	1.563568597732178177e-11	1.928210086627663673e-03
7.630000000000000000e+04	5.502334167578994858e-17	1.260902164114320356e-19	2.122792110327635875e-24	1.999999840113596879e-03	1.590096820238231758e-10	5.823368100554402744e-27	1.262574144222682696e-19	3.882343944388459539e-19	8.325311095693395034e-13	1.220723742701908025e-26	2.935186862570749604e-17	3.027568950119527714e-33	1.607178989771636951e-02	6.807178973783013787e-02	1.928210262169598828e-03	1.565626717011527419e-11	1.928210086671107871e-03
7.640000000000000000e+04	5.443065530714129552e-17	1.247320300384177041e-19	2.099933276587889071e-24	1.999999840126413884e-03	1.590096820205564328e-10	5.823368100434766203e-27	1.248477453915672721e-19	3.838017521564475270e-19	8.197162513127199013e-13	1.201934205235503104e-26	2.903570367014862991e-17	2.962696814738031305e-33	1.607178989765302088e-02	6.807178973777958109e-02	1.928210262220136960e-03	1.567684836290834657e-11	1.928210086713879863e-03
7.650000000000000000e+04	5.385447245158313023e-17	1.234116627342618337e-19	2.077710953289127954e-24	1.999999840138883943e-03	1.590096820172873375e-10	5.823368100315042850e-27	1.234773289783383930e-19	3.794925380037333289e-19	8.072582262698101087e-13	1.183667867550476357e-26	2.872834241374510732e-17	2.900304936298423820e-33	1.607178989759032797e-02	6.807178973772931574e-02	1.928210262270378022e-03	1.569742955570099243e-11	1.928210086755997215e-03
7.660000000000000000e+04	5.329433356462501666e-17	1.221280614174395041e-19	2.056107416637349260e-24	1.999999840151007492e-03	1.590096820140151402e-10	5.823368100195205420e-27	1.221450721834451960e-19	3.753033150928107370e-19	7.951470983227974441e-13	1.165910161006725812e-26	2.842953971527027369e-17	2.840286505977655232e-33	1.607178989752826997e-02	6.807178973767932795e-02	1.928210262320330468e-03	1.571801074849321177e-11	1.928210086797479223e-03
7.670000000000000000e+04	5.274979189669493930e-17	1.208802023269649075e-19	2.035105436315250102e-24	1.999999840162783663e-03	1.590096820107391173e-10	5.823368100075230236e-27	1.208499124400415547e-19	3.712307422294387126e-19	7.833732080277060079e-13	1.148646922631794816e-26	2.813905725886922291e-17	2.782541200081887077e-33	1.607178989746683301e-02	6.807178973762963159e-02	1.928210262370001673e-03	1.573859194128501429e-11	1.928210086838343671e-03
7.680000000000000000e+04	5.222041314010150386e-17	1.196670902133779942e-19	2.014688261866200665e-24	1.999999840174212888e-03	1.590096820074586999e-10	5.823368099955091470e-27	1.195908167729783435e-19	3.672715712680800302e-19	7.719271649103714897e-13	1.131864383825003845e-26	2.785666336573296726e-17	2.726972009298147645e-33	1.607178989740599973e-02	6.807178973758021279e-02	1.928210262419400743e-03	1.575917313407638707e-11	1.928210086878607470e-03
7.690000000000000000e+04	5.170577507878404647e-17	1.184877575361202217e-19	1.994839609185747082e-24	1.999999840185330297e-03	1.590096820041759044e-10	5.823368099834865892e-27	1.183667809668330938e-19	3.634226444978577973e-19	7.607998399769127328e-13	1.115549159376064927e-26	2.758213280725976421e-17	2.673487761478210782e-33	1.607178989734575278e-02	6.807178973753104378e-02	1.928210262468535051e-03	1.577975432686733656e-11	1.928210086918287318e-03
7.700000000000000000e+04	5.120546725433558125e-17	1.173412636982000395e-19	1.975543647640722128e-24	1.999999840196152370e-03	1.590096820008915579e-10	5.823368099714584350e-27	1.171768287707927542e-19	3.596808921408747237e-19	7.499823584327854940e-13	1.099688236789540560e-26	2.731524662689699770e-17	2.622000288294460496e-33	1.607178989728607135e-02	6.807178973748213846e-02	1.928210262517410451e-03	1.580033551965786277e-11	1.928210086957398610e-03
7.710000000000000000e+04	5.071909063721733397e-17	1.162266942927561429e-19	1.956784987388591833e-24	1.999999840206662192e-03	1.590096819976036184e-10	5.823368099594172231e-27	1.160200111170546236e-19	3.560433298952651948e-19	7.394660926046483284e-13	1.084268965906665385e-26	2.705579196475269461e-17	2.572426677563181892e-33	1.607178989722694504e-02	6.807178973743349681e-02	1.928210262566036051e-03	1.582091671244796247e-11	1.928210086995958911e-03
7.720000000000000000e+04	5.024625730934924780e-17	1.151431603756889350e-19	1.938548667135543233e-24	1.999999840216874509e-03	1.590096819943126286e-10	5.823368099473646034e-27	1.148954053656463266e-19	3.525070565601068310e-19	7.292426550588437108e-13	1.069279048815454270e-26	2.680356188827520897e-17	2.524686741194974652e-33	1.607178989716835649e-02	6.807178973738507721e-02	1.928210262614417489e-03	1.584149790523763564e-11	1.928210087033982532e-03
7.730000000000000000e+04	4.978659015409280593e-17	1.140897977552322518e-19	1.920820142179690483e-24	1.999999840226811872e-03	1.590096819910200362e-10	5.823368099353061723e-27	1.138021145672481040e-19	3.490692517177394444e-19	7.193038919122009734e-13	1.054706530042793716e-26	2.655835522687650496e-17	2.478705025859042041e-33	1.607178989711025366e-02	6.807178973733692129e-02	1.928210262662561486e-03	1.586207909802688554e-11	1.928210087071484434e-03
7.740000000000000000e+04	4.933972255561330565e-17	1.130657663030193803e-19	1.903585272816030904e-24	1.999999840236485991e-03	1.590096819877259962e-10	5.823368099232425037e-27	1.127392667481042453e-19	3.457271734851249246e-19	7.096418763286678106e-13	1.040539787019005889e-26	2.631997641155883338e-17	2.434408550197081378e-33	1.607178989705266084e-02	6.807178973728898741e-02	1.928210262710475850e-03	1.588266029081570246e-11	1.928210087108479581e-03
7.750000000000000000e+04	4.890529810728376028e-17	1.120702492858678458e-19	1.886830313090105559e-24	1.999999840245868243e-03	1.590096819844276910e-10	5.823368099111632661e-27	1.117060142162543246e-19	3.424781563318939901e-19	7.002489021971265490e-13	1.026767520808070630e-26	2.608823531936449135e-17	2.391728599798410644e-33	1.607178989699556415e-02	6.807178973724127558e-02	1.928210262758166434e-03	1.590324148360410255e-11	1.928210087144981849e-03
7.760000000000000000e+04	4.848297032558539278e-17	1.111024527101602862e-19	1.870541899763666102e-24	1.999999840255005032e-03	1.590096819811282744e-10	5.823368098990799389e-27	1.107015328815746058e-19	3.393196089432200177e-19	6.911174779850744485e-13	1.013378747095698599e-26	2.586294712075776260e-17	2.350598704853351819e-33	1.607178989693894278e-02	6.807178973719377191e-02	1.928210262805639093e-03	1.592382267639206967e-11	1.928210087181004249e-03
7.770000000000000000e+04	4.807240237595868195e-17	1.101616046936113288e-19	1.854707041741249668e-24	1.999999840263866867e-03	1.590096819778250837e-10	5.823368098869827647e-27	1.097250216031207083e-19	3.362490121664058250e-19	6.822403207638159442e-13	1.000362787428891602e-26	2.564393213338186770e-17	2.310956242508953369e-33	1.607178989688279672e-02	6.807178973714650416e-02	1.928210262852899249e-03	1.594440386917960704e-11	1.928210087216561744e-03
7.780000000000000000e+04	4.767326680266153838e-17	1.092469548462165056e-19	1.839313109651295994e-24	1.999999840272500152e-03	1.590096819745210658e-10	5.823368098748825054e-27	1.087757015470300513e-19	3.332639169926321072e-19	6.736103503999561590e-13	9.877092606993277485e-27	2.543101567795336062e-17	2.272740629575406006e-33	1.607178989682710168e-02	6.807178973709941683e-02	1.928210262899955141e-03	1.596498506196672436e-11	1.928210087251665608e-03
7.790000000000000000e+04	4.728524526754196002e-17	1.083577736716301100e-19	1.824347825771092974e-24	1.999999840280893611e-03	1.590096819712149542e-10	5.823368098627747127e-27	1.078528155652207649e-19	3.303619426033279020e-19	6.652206839082044291e-13	9.754080748632689303e-27	2.522402793891209927e-17	2.235894752555746129e-33	1.607178989677184727e-02	6.807178973705253766e-02	1.928210262946810673e-03	1.598556625475340871e-11	1.928210087286329286e-03
7.800000000000000000e+04	4.690802829797224711e-17	1.074933519895366527e-19	1.809799254305048621e-24	1.999999840289041608e-03	1.590096819679058181e-10	5.823368098506555840e-27	1.069556275953578409e-19	3.275407744824182093e-19	6.570646299617650264e-13	9.634494188925338639e-27	2.502280382995815398e-17	2.200363352762228104e-33	1.607178989671701960e-02	6.807178973700585278e-02	1.928210262993471265e-03	1.600614744753966330e-11	1.928210087320565138e-03
7.810000000000000000e+04	4.654131503765461533e-17	1.066530003646032080e-19	1.795655791773727673e-24	1.999999840296981003e-03	1.590096819645961910e-10	5.823368098385349487e-27	1.060834220688240125e-19	3.247981625559803401e-19	6.491356835558155658e-13	9.518237549499190995e-27	2.482718286112068993e-17	2.166094302458635956e-33	1.607178989666261174e-02	6.807178973695936219e-02	1.928210263039942338e-03	1.602672864032549461e-11	1.928210087354384440e-03
7.820000000000000000e+04	4.618481300749223033e-17	1.058360485584966856e-19	1.781906157791073520e-24	1.999999840304680573e-03	1.590096819612830224e-10	5.823368098264012555e-27	1.052355033417338333e-19	3.221319194026505523e-19	6.414275208191834223e-13	9.405218107819224706e-27	2.463700901119598484e-17	2.133037161504912347e-33	1.607178989660861326e-02	6.807178973691306589e-02	1.928210263086231266e-03	1.604730983311089618e-11	1.928210087387799768e-03
7.830000000000000000e+04	4.583823787346985698e-17	1.050418449979645610e-19	1.768539386111995310e-24	1.999999840312168941e-03	1.590096819579681737e-10	5.823368098142612486e-27	1.044111951425280624e-19	3.195399185159938660e-19	6.339339939704909791e-13	9.295345723232924337e-27	2.445213060392479219e-17	2.101144316642549347e-33	1.607178989655500684e-02	6.807178973686692225e-02	1.928210263132341083e-03	1.606789102589587123e-11	1.928210087420821096e-03
7.840000000000000000e+04	4.550131321819820660e-17	1.042697562513112292e-19	1.755544815821242129e-24	1.999999840319449142e-03	1.590096819546515671e-10	5.823368098021150716e-27	1.036098400290759931e-19	3.170200925982809814e-19	6.266491264149928671e-13	9.188532765078562909e-27	2.427240018612403955e-17	2.070369691229357225e-33	1.607178989650178205e-02	6.807178973682095902e-02	1.928210263178276561e-03	1.608847221868041331e-11	1.928210087453460786e-03
7.850000000000000000e+04	4.517377032156734740e-17	1.035191665257484643e-19	1.742912082873611130e-24	1.999999840326538957e-03	1.590096819513341593e-10	5.823368097899657377e-27	1.028307988666637327e-19	3.145704319184564894e-19	6.195671079779811075e-13	9.084694042795955679e-27	2.409767441067776521e-17	2.040669762026156335e-33	1.607178989644892850e-02	6.807178973677519007e-02	1.928210263224042903e-03	1.610905341146452240e-11	1.928210087485728160e-03
7.860000000000000000e+04	4.485534794596696625e-17	1.027894771752111193e-19	1.730631111810282194e-24	1.999999840333420171e-03	1.590096819480140890e-10	5.823368097778067180e-27	1.020734503172778818e-19	3.121889827064525105e-19	6.126822902705793407e-13	8.983746737978296329e-27	2.392781392196412820e-17	2.012002406064082659e-33	1.607178989639644617e-02	6.807178973672957378e-02	1.928210263269645747e-03	1.612963460424820498e-11	1.928210087517634713e-03
7.870000000000000000e+04	4.454579212827935880e-17	1.020801062236929552e-19	1.718692107736363221e-24	1.999999840340110566e-03	1.590096819446922609e-10	5.823368097656413846e-27	1.013371903447775088e-19	3.098738455970393702e-19	6.059891821848174470e-13	8.885610338319598316e-27	2.376268324489531189e-17	1.984327807983842606e-33	1.607178989634431426e-02	6.807178973668412403e-02	1.928210263315089648e-03	1.615021579703145459e-11	1.928210087549189766e-03
7.880000000000000000e+04	4.424485597627285212e-17	1.013904878986666638e-19	1.707085548468158817e-24	1.999999840346627488e-03	1.590096819413698641e-10	5.823368097534738988e-27	1.006214317309219304e-19	3.076231741085572244e-19	5.994824455141195533e-13	8.790206573400883757e-27	2.360215067630487735e-17	1.957607429265317675e-33	1.607178989629252583e-02	6.807178973663881305e-02	1.928210263360378507e-03	1.617079698981427121e-11	1.928210087580403296e-03
7.890000000000000000e+04	4.395229947319289730e-17	1.007200721832892427e-19	1.695802176996602503e-24	1.999999840352953591e-03	1.590096819380450892e-10	5.823368097412975882e-27	9.992560361018306090e-20	3.054351731793548062e-19	5.931568906957434216e-13	8.697459352264597396e-27	2.344608818070801611e-17	1.931804818022901160e-33	1.607178989624106005e-02	6.807178973659366861e-02	1.928210263405515795e-03	1.619137818259666133e-11	1.928210087611285277e-03
7.900000000000000000e+04	4.366788928557927039e-17	1.000683243760004858e-19	1.684832994075120884e-24	1.999999840359106221e-03	1.590096819347190218e-10	5.823368097291166141e-27	9.924915101285898963e-20	3.033080977315278917e-19	5.870074726716476258e-13	8.607294702725334203e-27	2.329437128778284784e-17	1.906884687656667532e-33	1.607178989618992387e-02	6.807178973654866294e-02	1.928210263450505849e-03	1.621195937537862815e-11	1.928210087641843515e-03
7.910000000000000000e+04	4.339139857717483248e-17	9.943472466408043286e-20	1.674169251042426975e-24	1.999999840365085813e-03	1.590096819313911708e-10	5.823368097169291111e-27	9.859153442246917144e-20	3.012402512791721222e-19	5.810292868650613234e-13	8.519640712377090022e-27	2.314687899310113474e-17	1.882813639333146003e-33	1.607178989613910342e-02	6.807178973650379605e-02	1.928210263495354522e-03	1.623254056816016847e-11	1.928210087672089287e-03
7.920000000000000000e+04	4.312260682738606053e-17	9.881876770763770491e-20	1.663802442820875075e-24	1.999999840370891499e-03	1.590096819280613035e-10	5.823368097047341464e-27	9.795222934413955102e-20	2.992299845715049324e-19	5.752175652681479576e-13	8.434427471229359660e-27	2.300349366128715286e-17	1.859559338381887757e-33	1.607178989608858480e-02	6.807178973645908182e-02	1.928210263540064851e-03	1.625312176094127257e-11	1.928210087702029746e-03
7.930000000000000000e+04	4.286129965717719307e-17	9.821996224063278520e-20	1.653724301201519823e-24	1.999999840376541060e-03	1.590096819247304023e-10	5.823368096925355226e-27	9.733072589001485808e-20	2.972756942882841321e-19	5.695676726397867732e-13	8.351587015957898155e-27	2.286410093314201318e-17	1.837091159115375096e-33	1.607178989603836802e-02	6.807178973641447861e-02	1.928210263584640089e-03	1.627370295372194693e-11	1.928210087731673569e-03
7.940000000000000000e+04	4.260726865612840805e-17	9.763783067456831656e-20	1.643926788174060575e-24	1.999999840382034495e-03	1.590096819213982603e-10	5.823368096803323071e-27	9.672652836846895671e-20	2.953758217491308833e-19	5.640751028082988332e-13	8.271053275694099688e-27	2.272858963338886552e-17	1.815379448439066061e-33	1.607178989598843574e-02	6.807178973637002806e-02	1.928210263629083921e-03	1.629428414650218831e-11	1.928210087761029427e-03
7.950000000000000000e+04	4.236031121729378271e-17	9.707190872005342472e-20	1.634402089557612063e-24	1.999999840387371806e-03	1.590096819180644381e-10	5.823368096681229931e-27	9.613915489102484282e-20	2.935288516769363055e-19	5.587354750775776803e-13	8.192762019330632185e-27	2.259685168257885370e-17	1.794396101130223773e-33	1.607178989593878449e-02	6.807178973632570240e-02	1.928210263673400468e-03	1.631486533928199025e-11	1.928210087790104259e-03
7.960000000000000000e+04	4.212023037563635563e-17	9.652174501656543749e-20	1.625142608769445756e-24	1.999999840392570338e-03	1.590096819147302023e-10	5.823368096559120290e-27	9.556813698807456454e-20	2.917333109894952803e-19	5.535445307332228226e-13	8.116650804293272983e-27	2.246878201090534385e-17	1.774113901667648308e-33	1.607178989588940732e-02	6.807178973628150165e-02	1.928210263717592982e-03	1.633544653206136568e-11	1.928210087818907608e-03
7.970000000000000000e+04	4.188683465033943550e-17	9.598690077109392057e-20	1.616140960743218294e-24	1.999999840397630527e-03	1.590096819113950100e-10	5.823368096436976928e-27	9.501301923399388912e-20	2.899877676210152813e-19	5.484981296460262790e-13	8.042658926740190947e-27	2.234427847408578166e-17	1.754507037341458689e-33	1.607178989584029036e-02	6.807178973623741192e-02	1.928210263761666234e-03	1.635602772484030490e-11	1.928210087847446411e-03
7.980000000000000000e+04	4.165993789267263698e-17	9.546694940951411129e-20	1.607389966061443489e-24	1.999999840402548468e-03	1.590096819080583961e-10	5.823368096314780473e-27	9.447335888513220867e-20	2.882908293834707687e-19	5.435922469695478887e-13	7.970727373140788602e-27	2.222324177220678863e-17	1.735550509868978526e-33	1.607178989579143708e-02	6.807178973619343321e-02	1.928210263805623043e-03	1.637660891761881437e-11	1.928210087875726307e-03
7.990000000000000000e+04	4.143935913670596948e-17	9.496147623448677515e-20	1.598882645197807131e-24	1.999999840407295972e-03	1.590096819047179306e-10	5.823368096192443395e-27	9.394872552498036283e-20	2.866411428512969659e-19	5.388229699305219562e-13	7.900798773215652492e-27	2.210557537008847493e-17	1.717220593125042250e-33	1.607178989574283359e-02	6.807178973614957940e-02	1.928210263849465577e-03	1.639719011039689732e-11	1.928210087903757270e-03
8.000000000000000000e+04	4.122492245583015171e-17	9.447007809666342168e-20	1.590612212983415831e-24	1.999999840411922046e-03	1.590096819013773100e-10	5.823368096070101295e-27	9.343870072266891780e-20	2.850373922870887070e-19	5.341864947077089097e-13	7.832817354173332672e-27	2.199118542074608833e-17	1.699494307095045268e-33	1.607178989569447297e-02	6.807178973610583661e-02	1.928210263893196871e-03	1.641777130317454407e-11	1.928210087931544504e-03
8.010000000000000000e+04	4.101645682321314489e-17	9.399236307491172144e-20	1.582572073224859510e-24	1.999999840416444036e-03	1.590096818980374649e-10	5.823368095947786459e-27	9.294287770086198645e-20	2.834782985969071347e-19	5.296791233984608209e-13	7.766728896233215189e-27	2.187998069095136429e-17	1.682349826316085771e-33	1.607178989564634827e-02	6.807178973606220485e-02	1.928210263936820830e-03	1.643835249595176430e-11	1.928210087959094515e-03
8.020000000000000000e+04	4.081379597261465636e-17	9.352795015736134519e-20	1.574755813336083182e-24	1.999999840420841560e-03	1.590096818946965599e-10	5.823368095825434314e-27	9.246086100548668821e-20	2.819626182932301733e-19	5.252972610691857776e-13	7.702480689378476504e-27	2.177187248698492521e-17	1.665766009223563508e-33	1.607178989559845603e-02	6.807178973601867022e-02	1.928210263980340055e-03	1.645893368872855156e-11	1.928210087986415326e-03
8.030000000000000000e+04	4.061677826845233601e-17	9.307646894365057225e-20	1.567157199327072702e-24	1.999999840425085995e-03	1.590096818913521394e-10	5.823368095702950874e-27	9.199226619594639073e-20	2.804891425194209605e-19	5.210374128881561079e-13	7.640021491316478105e-27	2.166677458532380283e-17	1.649722762641640766e-33	1.607178989555078930e-02	6.807178973597523275e-02	1.928210264023757364e-03	1.647951488150489938e-11	1.928210088013512574e-03
8.040000000000000000e+04	4.042524657566044681e-17	9.263755934669744692e-20	1.559770170784543844e-24	1.999999840429226780e-03	1.590096818880077707e-10	5.823368095580471738e-27	9.153671953593132673e-20	2.790566960781497307e-19	5.168961813382536338e-13	7.579301486611182940e-27	2.156460316321840904e-17	1.634200621019971697e-33	1.607178989550334114e-02	6.807178973593192017e-02	1.928210264067077529e-03	1.650009607428081745e-11	1.928210088040392114e-03
8.050000000000000000e+04	4.023904813528942750e-17	9.221087130762666149e-20	1.552588836074042727e-24	1.999999840433277359e-03	1.590096818846642808e-10	5.823368095458025605e-27	9.109385769728035947e-20	2.776641364997067639e-19	5.128702635071549642e-13	7.520272246951024489e-27	2.146527673233181556e-17	1.619181071409658475e-33	1.607178989545610809e-02	6.807178973588869086e-02	1.928210264110301851e-03	1.652067726705629931e-11	1.928210088067059801e-03
8.060000000000000000e+04	4.005803444123845672e-17	9.179606451329260478e-20	1.545607467585743581e-24	1.999999840437157502e-03	1.590096818813152074e-10	5.823368095335372843e-27	9.066332746719540705e-20	2.763103531221099703e-19	5.089564484529704624e-13	7.462886692523067839e-27	2.136871607298351358e-17	1.604646177169581848e-33	1.607178989540907973e-02	6.807178973584553094e-02	1.928210264153432715e-03	1.654125845983135465e-11	1.928210088093523442e-03
8.070000000000000000e+04	3.988206112211677167e-17	9.139280812555563896e-20	1.538820497178057974e-24	1.999999840440968256e-03	1.590096818779684088e-10	5.823368095212804024e-27	9.024478546717138277e-20	2.749942662071315489e-19	5.051516146433406282e-13	7.407099054464277720e-27	2.127484417112904170e-17	1.590578867744466516e-33	1.607178989536224914e-02	6.807178973580250980e-02	1.928210264196472505e-03	1.656183965260597702e-11	1.928210088119786721e-03
8.080000000000000000e+04	3.971098782836972118e-17	9.100078052262283486e-20	1.532222511824292687e-24	1.999999840444671891e-03	1.590096818746205246e-10	5.823368095090195027e-27	8.983789788389889574e-20	2.737148260929282943e-19	5.014527274658791312e-13	7.352864838358904770e-27	2.118358615814808808e-17	1.576962602424219161e-33	1.607178989531561283e-02	6.807178973575953029e-02	1.928210264239423825e-03	1.658242084538015672e-11	1.928210088145855712e-03
8.090000000000000000e+04	3.954467811704324660e-17	9.061966903497672375e-20	1.525808249168221835e-24	1.999999840448257130e-03	1.590096818712705206e-10	5.823368094967508544e-27	8.944234019610350403e-20	2.724710123368504299e-19	4.978568368078413280e-13	7.300140788750791787e-27	2.109486924937275709e-17	1.563781628470837009e-33	1.607178989526917082e-02	6.807178973571664793e-02	1.928210264282289059e-03	1.660300203815390990e-11	1.928210088171735401e-03
8.100000000000000000e+04	3.938299934460029054e-17	9.024916969975591447e-20	1.519572593390213580e-24	1.999999840451787293e-03	1.590096818679232826e-10	5.823368094844923223e-27	8.905779691915741332e-20	2.712618329115119860e-19	4.943610747031181335e-13	7.248884854642885730e-27	2.100862268691115583e-17	1.551020680355651378e-33	1.607178989522290574e-02	6.807178973567387659e-02	1.928210264325070809e-03	1.662358323092722688e-11	1.928210088197433161e-03
8.110000000000000000e+04	3.922582256170126595e-17	8.988898701963664502e-20	1.513510571149105513e-24	1.999999840455147018e-03	1.590096818645692978e-10	5.823368094722091095e-27	8.868396135466112197e-20	2.700863234170561791e-19	4.909626530448290906e-13	7.199056155958620366e-27	2.092477768351869275e-17	1.538665210207036492e-33	1.607178989517682802e-02	6.807178973563114688e-02	1.928210264367771461e-03	1.664416442370011734e-11	1.928210088222952244e-03
8.120000000000000000e+04	3.907302240907363392e-17	8.953883372420943645e-20	1.507617347566077694e-24	1.999999840458472049e-03	1.590096818612193456e-10	5.823368094599407482e-27	8.832053534313630966e-20	2.689435463041969452e-19	4.876588613618216044e-13	7.150614950940217555e-27	2.084326736705024286e-17	1.526701118569347791e-33	1.607178989513088907e-02	6.807178973558854207e-02	1.928210264410392966e-03	1.666474561647256513e-11	1.928210088248297422e-03
8.130000000000000000e+04	3.892447701826223786e-17	8.919843054254149983e-20	1.501888222396784052e-24	1.999999840461655267e-03	1.590096818578644303e-10	5.823368094476540915e-27	8.796722902776041942e-20	2.678325901308988160e-19	4.844470646567091029e-13	7.103522604449364128e-27	2.076402672751615174e-17	1.515114959882420261e-33	1.607178989508511319e-02	6.807178973554597889e-02	1.928210264452939445e-03	1.668532680924457994e-11	1.928210088273473463e-03
8.140000000000000000e+04	3.878006791388741592e-17	8.886750597919337079e-20	1.496318626261619882e-24	1.999999840464807260e-03	1.590096818545133407e-10	5.823368094353814971e-27	8.762376062204417192e-20	2.667525688321374202e-19	4.813247013042632911e-13	7.057741557152788334e-27	2.068699256494235693e-17	1.503893701693942362e-33	1.607178989503950384e-02	6.807178973550351286e-02	1.928210264495411764e-03	1.670590800201616823e-11	1.928210088298486441e-03
8.150000000000000000e+04	3.863967992049366751e-17	8.854579610075531035e-20	1.490904117053043209e-24	1.999999840467817005e-03	1.590096818511570295e-10	5.823368094230897464e-27	8.728985618790450342e-20	2.657026210213511635e-19	4.782892810084911944e-13	7.013235295568319109e-27	2.061210343967932459e-17	1.493024907888961503e-33	1.607178989499405061e-02	6.807178973546110234e-02	1.928210264537811658e-03	1.672648919478731709e-11	1.928210088323340258e-03
8.160000000000000000e+04	3.850320106924574309e-17	8.823304432203447460e-20	1.485640376337015388e-24	1.999999840470795091e-03	1.590096818478042855e-10	5.823368094108110536e-27	8.696524941414846092e-20	2.646819092946572436e-19	4.753383828163426715e-13	6.969968322941228626e-27	2.053929962262969655e-17	1.482496523204782818e-33	1.607178989494876045e-02	6.807178973541877509e-02	1.928210264580140863e-03	1.674707038755803297e-11	1.928210088348038817e-03
8.170000000000000000e+04	3.837052250851465636e-17	8.792900120115569735e-20	1.480523205904465076e-24	1.999999840473631364e-03	1.590096818444459581e-10	5.823368093985120565e-27	8.664968140383753630e-20	2.636896195622861104e-19	4.724696531867746064e-13	6.927906130932265750e-27	2.046852304755092190e-17	1.472297036458193248e-33	1.607178989490361601e-02	6.807178973537650335e-02	1.928210264622401762e-03	1.676765158032831264e-11	1.928210088372586456e-03
8.180000000000000000e+04	3.824153841801999232e-17	8.763342424281218236e-20	1.475548524459915509e-24	1.999999840476467637e-03	1.590096818410933692e-10	5.823368093862339377e-27	8.634290046981576468e-20	2.627249604051250458e-19	4.696808041138803194e-13	6.887015172098412062e-27	2.039971726525500665e-17	1.462415287931279282e-33	1.607178989485861728e-02	6.807178973533430100e-02	1.928210264664595875e-03	1.678823277309815933e-11	1.928210088396987293e-03
8.190000000000000000e+04	3.811614592503411292e-17	8.734607770624077864e-20	1.470712364389630287e-24	1.999999840479133473e-03	1.590096818377326119e-10	5.823368093739259005e-27	8.604466193523425082e-20	2.617871624471484509e-19	4.669696113017580563e-13	6.847262833132269389e-27	2.033282739890812347e-17	1.452840614906268525e-33	1.607178989481376080e-02	6.807178973529215416e-02	1.928210264706725803e-03	1.680881396586756982e-11	1.928210088421246967e-03
8.200000000000000000e+04	3.799424502015767220e-17	8.706673241221532031e-20	1.466010868513231166e-24	1.999999840481796274e-03	1.590096818343771538e-10	5.823368093616373784e-27	8.575472793384015424e-20	2.608754777285998710e-19	4.643339123908110871e-13	6.808617408855479899e-27	2.026780009910159966e-17	1.443562679084292327e-33	1.607178989476904657e-02	6.807178973525010446e-02	1.928210264748791980e-03	1.682939515863654733e-11	1.928210088445368731e-03
8.210000000000000000e+04	3.787573847876309706e-17	8.679516556302818529e-20	1.461440287053914631e-24	1.999999840484340680e-03	1.590096818310172495e-10	5.823368093493324264e-27	8.547286722279266907e-20	2.599891791167492515e-19	4.617716052327370578e-13	6.771048076926106907e-27	2.020458350194641173e-17	1.434571596329942443e-33	1.607178989472446418e-02	6.807178973520805476e-02	1.928210264790796791e-03	1.684997635140509186e-11	1.928210088469355619e-03
8.220000000000000000e+04	3.776053178445659671e-17	8.653116056709760057e-20	1.456996974686521097e-24	1.999999840486830008e-03	1.590096818276582500e-10	5.823368093370308465e-27	8.519885500034534734e-20	2.591275597320763631e-19	4.592806462142489019e-13	6.734524873260560414e-27	2.014312718824443821e-17	1.425857782467941737e-33	1.607178989468001362e-02	6.807178973516614384e-02	1.928210264832742188e-03	1.687055754417319695e-11	1.928210088493211103e-03
8.230000000000000000e+04	3.764853305200894204e-17	8.627450686235771173e-20	1.452677387565117263e-24	1.999999840489270330e-03	1.590096818243001035e-10	5.823368093247324234e-27	8.493247272301020265e-20	2.582899323742434331e-19	4.568590486269713537e-13	6.699018668132460749e-27	2.008338214237638806e-17	1.417412068673558017e-33	1.607178989463569144e-02	6.807178973512423292e-02	1.928210264874629688e-03	1.689113873694087552e-11	1.928210088516939301e-03
8.240000000000000000e+04	3.753965295457088760e-17	8.602499974946707937e-20	1.448478080515825230e-24	1.999999840491586186e-03	1.590096818209369164e-10	5.823368093124154179e-27	8.467350793230506074e-20	2.574756289770448868e-19	4.545048810829727995e-13	6.664501142940710329e-27	2.002530071347527794e-17	1.409225563441327776e-33	1.607178989459149415e-02	6.807178973508240527e-02	1.928210264916461027e-03	1.691171992970811143e-11	1.928210088540543684e-03
8.250000000000000000e+04	3.743380465291565173e-17	8.578244022966219354e-20	1.444395704307833393e-24	1.999999840493902042e-03	1.590096818175782788e-10	5.823368093001152011e-27	8.442175408632584600e-20	2.566840000785376041e-19	4.522162659744195698e-13	6.630944767624474755e-27	1.996883657768124060e-17	1.401289755538676061e-33	1.607178989454741136e-02	6.807178973504063313e-02	1.928210264958238806e-03	1.693230112247491435e-11	1.928210088564029237e-03
8.260000000000000000e+04	3.733090372596989008e-17	8.554663484556424531e-20	1.440427002974106126e-24	1.999999840496116850e-03	1.590096818142158930e-10	5.823368092878013525e-27	8.417701039457524246e-20	2.559144143017735179e-19	4.499913779758976875e-13	6.598322778703767388e-27	1.991394470108376692e-17	1.393596390407323497e-33	1.607178989450344653e-02	6.807178973499886099e-02	1.928210264999964544e-03	1.695288231524128753e-11	1.928210088587398348e-03
8.270000000000000000e+04	3.723086810363661821e-17	8.531739552723731945e-20	1.436568811220482555e-24	1.999999840498259233e-03	1.590096818108523440e-10	5.823368092754830557e-27	8.393908165814370653e-20	2.551662578521757135e-19	4.478284425886718742e-13	6.566609157934925669e-27	1.986058130388642975e-17	1.386137561853038168e-33	1.607178989445959619e-02	6.807178973495722762e-02	1.928210265041638456e-03	1.697346350800721804e-11	1.928210088610653617e-03
8.280000000000000000e+04	3.713361800008715510e-17	8.509453943932200232e-20	1.432818051852870242e-24	1.999999840500401617e-03	1.590096818074929050e-10	5.823368092631798255e-27	8.370777811139848305e-20	2.544389340204029468e-19	4.457257347254439436e-13	6.535778611559881409e-27	1.980870382482190773e-17	1.378905601326577654e-33	1.607178989441586381e-02	6.807178973491559426e-02	1.928210265083262062e-03	1.699404470077271881e-11	1.928210088633797864e-03
8.290000000000000000e+04	3.703907585231230993e-17	8.487788884022049640e-20	1.429171733407275187e-24	1.999999840502426039e-03	1.590096818041281928e-10	5.823368092508572956e-27	8.348291527521934165e-20	2.537318627196915346e-19	4.436815773343691544e-13	6.505806550131120533e-27	1.975827088837246656e-17	1.371893159735345921e-33	1.607178989437223204e-02	6.807178973487398865e-02	1.928210265124836878e-03	1.701462589353778013e-11	1.928210088656834775e-03
8.300000000000000000e+04	3.694716625640816985e-17	8.466727093609086011e-20	1.425626947692463762e-24	1.999999840504394950e-03	1.590096818007632737e-10	5.823368092385341200e-27	8.326431380597809215e-20	2.530444800119663287e-19	4.416943400616733831e-13	6.476669068902513072e-27	1.970924227078204100e-17	1.365093108268063956e-33	1.607178989432871130e-02	6.807178973483249407e-02	1.928210265166363990e-03	1.703520708630240525e-11	1.928210088679767169e-03
8.310000000000000000e+04	3.685781590770317195e-17	8.446251774364330113e-20	1.422180867480766876e-24	1.999999840506363862e-03	1.590096817974021545e-10	5.823368092262247197e-27	8.305179935305750494e-20	2.523762376596706550e-19	4.397624379511872199e-13	6.448342928761503354e-27	1.966157886811732142e-17	1.358498611119124491e-33	1.607178989428528423e-02	6.807178973479099948e-02	1.928210265207844915e-03	1.705578827906660062e-11	1.928210088702597864e-03
8.320000000000000000e+04	3.677095354426352141e-17	8.426346596067878036e-20	1.418830744329193749e-24	1.999999840508231725e-03	1.590096817940367185e-10	5.823368092138996786e-27	8.284520242393251552e-20	2.517266027004726890e-19	4.378843301802400641e-13	6.420805537694437541e-27	1.961524266613112248e-17	1.352103036959629255e-33	1.607178989424196125e-02	6.807178973474951877e-02	1.928210265249281821e-03	1.707636947183035332e-11	1.928210088725331199e-03
8.330000000000000000e+04	3.668650988662328153e-17	8.406995682797567655e-20	1.415573906254927097e-24	1.999999840510027164e-03	1.590096817906693438e-10	5.823368092015674629e-27	8.264435824178131263e-20	2.510950570013551845e-19	4.360585188308139051e-13	6.394034932768772183e-27	1.957019670811173141e-17	1.345900023410608061e-33	1.607178989419873194e-02	6.807178973470816297e-02	1.928210265290675358e-03	1.709695066459367950e-11	1.928210088747969340e-03
8.340000000000000000e+04	3.660441758565166887e-17	8.388183600982368978e-20	1.412407755724660066e-24	1.999999840511822603e-03	1.590096817873055621e-10	5.823368091892482333e-27	8.244910662061842860e-20	2.504810968643186327e-19	4.342835476948308736e-13	6.368009762615901023e-27	1.952640506707301578e-17	1.339883397865280272e-33	1.607178989415559978e-02	6.807178973466680716e-02	1.928210265332025311e-03	1.711753185735655978e-11	1.928210088770513806e-03
8.350000000000000000e+04	3.652461116723195737e-17	8.369895346725148900e-20	1.409329767520963228e-24	1.999999840513586383e-03	1.590096817839426594e-10	5.823368091769323758e-27	8.225929183416559636e-20	2.498842326149032961e-19	4.325580011127228988e-13	6.342709270401875101e-27	1.948383281624377184e-17	1.334047234984668120e-33	1.607178989411255435e-02	6.807178973462545135e-02	1.928210265373334065e-03	1.713811305011901355e-11	1.928210088792967633e-03
8.360000000000000000e+04	3.644702698036769357e-17	8.352116333910798890e-20	1.406337486740836295e-24	1.999999840515208349e-03	1.590096817805720535e-10	5.823368091645883937e-27	8.207476249233353241e-20	2.493039882136180607e-19	4.308805028443219423e-13	6.318113277272053556e-27	1.944244600138525491e-17	1.328385785604441144e-33	1.607178989406960259e-02	6.807178973458422044e-02	1.928210265414602919e-03	1.715869424288102464e-11	1.928210088815333206e-03
8.370000000000000000e+04	3.637160314602612687e-17	8.334832382483299236e-20	1.403428526822690436e-24	1.999999840516830316e-03	1.590096817772047046e-10	5.823368091522561780e-27	8.189537141965927302e-20	2.487399008739011757e-19	4.292497149712737709e-13	6.294202166257953165e-27	1.940221161350203393e-17	1.322893527976643772e-33	1.607178989402673411e-02	6.807178973454300341e-02	1.928210265455832743e-03	1.717927543564260276e-11	1.928210088837612910e-03
8.380000000000000000e+04	3.629827950880755540e-17	8.318029707370403714e-20	1.400600567682324641e-24	1.999999840518452282e-03	1.590096817738405610e-10	5.823368091399357287e-27	8.172097554006885414e-20	2.481915206992176597e-19	4.276643368299378586e-13	6.270956866631115758e-27	1.936309756306027918e-17	1.317565104139178848e-33	1.607178989398394889e-02	6.807178973450178638e-02	1.928210265497024402e-03	1.719985662840374790e-11	1.928210088859809348e-03
8.390000000000000000e+04	3.622699758843432461e-17	8.301694907366963705e-20	1.397851353841944632e-24	1.999999840520007895e-03	1.590096817704741427e-10	5.823368091276069569e-27	8.155143576164534784e-20	2.476584103210002154e-19	4.261231039739966226e-13	6.248358838692571488e-27	1.932507265410990437e-17	1.312395365495211412e-33	1.607178989394124347e-02	6.807178973446059711e-02	1.928210265538179632e-03	1.722043782116445360e-11	1.928210088881924687e-03
8.400000000000000000e+04	3.615770053210796731e-17	8.285814954217185234e-20	1.395178692592663150e-24	1.999999840521456389e-03	1.590096817671024770e-10	5.823368091152590287e-27	8.138661686359114682e-20	2.471401445437363074e-19	4.246247871658669944e-13	6.226390058984560994e-27	1.928810655886972395e-17	1.307379315664928071e-33	1.607178989389861784e-02	6.807178973441951886e-02	1.928210265579298867e-03	1.724101901392472633e-11	1.928210088903960879e-03
8.410000000000000000e+04	3.609033307150909220e-17	8.270377182760839516e-20	1.392580452336065324e-24	1.999999840522904884e-03	1.590096817637336030e-10	5.823368091029213603e-27	8.122638739330396907e-20	2.466363100200896848e-19	4.231681913965677301e-13	6.205033005919602539e-27	1.925216979478931628e-17	1.302512151236008282e-33	1.607178989385607201e-02	6.807178973437844061e-02	1.928210265620383191e-03	1.726160020668455961e-11	1.928210088925922045e-03
8.420000000000000000e+04	3.602484147614419920e-17	8.255369280242325934e-20	1.390054560784881117e-24	1.999999840524353378e-03	1.590096817603675983e-10	5.823368090905942386e-27	8.107061955613187329e-20	2.461465049056033380e-19	4.217521549324996763e-13	6.184270645804027041e-27	1.921723369966220612e-17	1.297789210433681856e-33	1.607178989381359557e-02	6.807178973433736235e-02	1.928210265661433687e-03	1.728218139944395669e-11	1.928210088947809268e-03
8.430000000000000000e+04	3.596117351172202544e-17	8.240779276772281297e-20	1.387599003357634740e-24	1.999999840525770213e-03	1.590096817570016453e-10	5.823368090782670451e-27	8.091918911602865244e-20	2.456703385456586534e-19	4.203755483887566023e-13	6.164086419250600018e-27	1.918327040942190771e-17	1.293206009293611457e-33	1.607178989377119546e-02	6.807178973429629798e-02	1.928210265702453392e-03	1.730276259220292079e-11	1.928210088969624066e-03
8.440000000000000000e+04	3.589927839953795686e-17	8.226595536020217648e-20	1.385211821612175544e-24	1.999999840527045235e-03	1.590096817536273171e-10	5.823368090659095029e-27	8.077197529866126127e-20	2.452074311702470539e-19	4.190372738284266893e-13	6.144464227972236441e-27	1.915025283647584460e-17	1.288758195906476020e-33	1.607178989372886474e-02	6.807178973425535851e-02	1.928210265743441438e-03	1.732334378496144868e-11	1.928210088991368391e-03
8.450000000000000000e+04	3.583910677315167320e-17	8.212806745286858952e-20	1.382891111574815662e-24	1.999999840528320257e-03	1.590096817502555480e-10	5.823368090535610725e-27	8.062886068915986037e-20	2.447574135739523279e-19	4.177362638870233158e-13	6.125388421944072075e-27	1.911815464659526574e-17	1.284441582294032547e-33	1.607178989368659994e-02	6.807178973421441903e-02	1.928210265784398043e-03	1.734392497771954036e-11	1.928210089013044411e-03
8.460000000000000000e+04	3.578061064206720918e-17	8.199401907181160215e-20	1.380635022339533983e-24	1.999999840529595278e-03	1.590096817468863379e-10	5.823368090412221127e-27	8.048973114487852208e-20	2.443199268400044459e-19	4.164714809210378216e-13	6.106843786919344693e-27	1.908695023954061520e-17	1.280252103545536838e-33	1.607178989364440452e-02	6.807178973417347956e-02	1.928210265825324723e-03	1.736450617047719260e-11	1.928210089034653428e-03
8.470000000000000000e+04	3.572374335189742016e-17	8.186370330491684827e-20	1.378441754531594009e-24	1.999999840530870300e-03	1.590096817435194543e-10	5.823368090288916189e-27	8.035447570108820689e-20	2.438946220445713618e-19	4.152419161806430273e-13	6.088815532299296825e-27	1.905661472781149909e-17	1.276185846215146339e-33	1.607178989360227156e-02	6.807178973413254008e-02	1.928210265866221913e-03	1.738508736323441186e-11	1.928210089056198260e-03
8.480000000000000000e+04	3.566845954666797412e-17	8.173701621548265884e-20	1.376309558853676103e-24	1.999999840532096316e-03	1.590096817401512524e-10	5.823368090165563898e-27	8.022298648144797202e-20	2.434811599754851302e-19	4.140465890046354625e-13	6.071289279329149771e-27	1.902712391653797396e-17	1.272239011457548849e-33	1.607178989356020105e-02	6.807178973409167000e-02	1.928210265907090264e-03	1.740566855599119492e-11	1.928210089077679774e-03
8.490000000000000000e+04	3.561471513418025036e-17	8.161385676284659080e-20	1.374236734749986929e-24	1.999999840533197865e-03	1.590096817367756059e-10	5.823368090041938971e-27	8.009515861519903563e-20	2.430792108710558575e-19	4.128845460387121240e-13	6.054251049636277463e-27	1.899845428500359094e-17	1.268407940468740037e-33	1.607178989351819298e-02	6.807178973405086930e-02	1.928210265947931292e-03	1.742624974874753854e-11	1.928210089099100574e-03
8.500000000000000000e+04	3.556246724943939058e-17	8.149412671857799564e-20	1.372221628995749251e-24	1.999999840534299415e-03	1.590096817334021824e-10	5.823368089918393683e-27	7.997089015057276382e-20	2.426884541485334427e-19	4.117548604750877778e-13	6.037687254081213660e-27	1.897058296713635091e-17	1.264689081355798675e-33	1.607178989347624737e-02	6.807178973401006861e-02	1.928210265988744782e-03	1.744683094150344917e-11	1.928210089120461525e-03
8.510000000000000000e+04	3.551167422126971761e-17	8.137773058997458112e-20	1.370262634409615748e-24	1.999999840535400964e-03	1.590096817300309303e-10	5.823368089794930185e-27	7.985008197515904050e-20	2.423085781532748946e-19	4.106566313129941790e-13	6.021584681914880996e-27	1.894348773369983373e-17	1.261079011695706725e-33	1.607178989343435380e-02	6.807178973396926791e-02	1.928210266029532251e-03	1.746741213425892037e-11	1.928210089141764796e-03
8.520000000000000000e+04	3.546229553866996573e-17	8.126457554296293372e-20	1.368358188556052923e-24	1.999999840536502514e-03	1.590096817266617461e-10	5.823368089671541304e-27	7.973263773600381555e-20	2.419392799077213679e-19	4.095889826404652068e-13	6.005930490247891415e-27	1.891714697434564808e-17	1.257574408881072610e-33	1.607178989339252267e-02	6.807178973392846721e-02	1.928210266070294132e-03	1.748799332701395860e-11	1.928210089163012123e-03
8.530000000000000000e+04	3.541429181895847340e-17	8.115457132910068209e-20	1.366506772516759773e-24	1.999999840537604063e-03	1.590096817232947074e-10	5.823368089548230626e-27	7.961846376371204551e-20	2.415802648724927160e-19	4.085510629353611188e-13	5.990712193801967383e-27	1.889153968062067121e-17	1.254172070128134281e-33	1.607178989335074012e-02	6.807178973388769427e-02	1.928210266111031294e-03	1.750857451976855738e-11	1.928210089184206541e-03
8.540000000000000000e+04	3.536762477583102185e-17	8.104763021237882113e-20	1.364706909658717014e-24	1.999999840538570304e-03	1.590096817199190867e-10	5.823368089424607134e-27	7.950746899662827337e-20	2.412312467082667164e-19	4.075420443865572510e-13	5.975917654956986599e-27	1.886664542892769648e-17	1.250868885864641755e-33	1.607178989330901309e-02	6.807178973384703236e-02	1.928210266151744387e-03	1.752915571252271995e-11	1.928210089205348050e-03
8.550000000000000000e+04	3.532225718939282284e-17	8.094366690054726318e-20	1.362957164478372715e-24	1.999999840539498381e-03	1.590096817165424579e-10	5.823368089300944899e-27	7.939956490939883131e-20	2.408919470508416241e-19	4.065611222335790370e-13	5.961535074068520261e-27	1.884244436453913941e-17	1.247661857499552565e-33	1.607178989326733462e-02	6.807178973380637044e-02	1.928210266192433844e-03	1.754973690527644955e-11	1.928210089226437733e-03
8.560000000000000000e+04	3.527815287535281619e-17	8.084259847452174166e-20	1.361256141413527907e-24	1.999999840540426458e-03	1.590096817131676644e-10	5.823368089177350823e-27	7.929466544001139132e-20	2.405620952823018936e-19	4.056075141244131907e-13	5.947552980051842784e-27	1.881891718516401112e-17	1.244548073495282996e-33	1.607178989322571167e-02	6.807178973376570852e-02	1.928210266233100750e-03	1.757031809802973647e-11	1.928210089247477544e-03
8.570000000000000000e+04	3.523527665829133080e-17	8.074434432712412026e-20	1.359602483812312332e-24	1.999999840541354535e-03	1.590096817097947838e-10	5.823368089053827058e-27	7.919268692562899792e-20	2.402414283281398520e-19	4.046804594922879514e-13	5.933960221244137789e-27	1.879604512668760584e-17	1.241524725246922933e-33	1.607178989318413381e-02	6.807178973372503272e-02	1.928210266273744670e-03	1.759089929078259365e-11	1.928210089268468349e-03
8.580000000000000000e+04	3.519359434096028055e-17	8.064882609273174710e-20	1.357994872749153239e-24	1.999999840542282612e-03	1.590096817064236609e-10	5.823368088930367148e-27	7.909354803030116644e-20	2.399296904313322724e-19	4.037792189482871941e-13	5.920745956498760907e-27	1.877380994679494879e-17	1.238589085492754742e-33	1.607178989314260453e-02	6.807178973368437080e-02	1.928210266314366907e-03	1.761148048353500816e-11	1.928210089289411665e-03
8.590000000000000000e+04	3.515307267926449623e-17	8.055596758994512027e-20	1.356432026059850833e-24	1.999999840543210689e-03	1.590096817030541665e-10	5.823368088806966787e-27	7.899716968483601310e-20	2.396266329620867579e-19	4.029030736922197652e-13	5.907899646547277668e-27	1.875219391162472410e-17	1.235738522420395015e-33	1.607178989310112383e-02	6.807178973364370889e-02	1.928210266354969627e-03	1.763206167628699292e-11	1.928210089310309228e-03
8.600000000000000000e+04	3.511367935376162927e-17	8.046569475627774975e-20	1.354912697242379017e-24	1.999999840544124455e-03	1.590096816996855769e-10	5.823368088683600147e-27	7.890347501956224901e-20	2.393320142074571994e-19	4.020513249388148838e-13	5.895411045586117390e-27	1.873117978056605783e-17	1.232970480310301883e-33	1.607178989305968475e-02	6.807178973360317187e-02	1.928210266395551315e-03	1.765264286903853501e-11	1.928210089331161472e-03
8.610000000000000000e+04	3.507538294644103265e-17	8.037793559494315836e-20	1.353435674561290753e-24	1.999999840544879059e-03	1.590096816963059754e-10	5.823368088559830292e-27	7.881238930839251896e-20	2.390455991941087239e-19	4.012232933609235162e-13	5.883270193112686704e-27	1.871075079387135872e-17	1.230282492078822032e-33	1.607178989301828731e-02	6.807178973356264873e-02	1.928210266436113053e-03	1.767322406178964413e-11	1.928210089351970130e-03
8.620000000000000000e+04	3.503815291303724525e-17	8.029262011140920034e-20	1.351999779979900832e-24	1.999999840545633664e-03	1.590096816929279507e-10	5.823368088436117117e-27	7.872383990370114984e-20	2.387671594849294779e-19	4.004183185472913868e-13	5.871467405975001335e-27	1.869089065788712562e-17	1.227672161836319722e-33	1.607178989297693844e-02	6.807178973352212559e-02	1.928210266476655926e-03	1.769380525454031380e-11	1.928210089372736939e-03
8.630000000000000000e+04	3.500195955969266366e-17	8.020968025991860998e-20	1.350603868260204523e-24	1.999999840546388269e-03	1.590096816895515028e-10	5.823368088312462057e-27	7.863775618053461849e-20	2.384964730030649563e-19	3.996357584760657377e-13	5.859993270652108366e-27	1.867158353260476719e-17	1.225137175911626970e-33	1.607178989293562427e-02	6.807178973348160245e-02	1.928210266517179933e-03	1.771438644729054727e-11	1.928210089393462114e-03
8.640000000000000000e+04	3.496677402057318256e-17	8.012904989219372321e-20	1.349246826099556687e-24	1.999999840547142874e-03	1.590096816861765284e-10	5.823368088188861523e-27	7.855406948300953892e-20	2.382333238626787865e-19	3.988749890027457913e-13	5.848838635746295516e-27	1.865281401971983007e-17	1.222675287441331774e-33	1.607178989289435520e-02	6.807178973344107931e-02	1.928210266557685727e-03	1.773496764004034452e-11	1.928210089414147607e-03
8.650000000000000000e+04	3.493256823204610259e-17	8.005066469826294220e-20	1.347927571134757696e-24	1.999999840547897478e-03	1.590096816828029757e-10	5.823368088065313365e-27	7.847271306367348208e-20	2.379775021797550518e-19	3.981354033620560391e-13	5.837994604679328033e-27	1.863456714885732880e-17	1.220284325870802706e-33	1.607178989285312429e-02	6.807178973340055617e-02	1.928210266598173956e-03	1.775554883278970234e-11	1.928210089434794286e-03
8.660000000000000000e+04	3.489931491310284597e-17	7.997446216159808703e-20	1.346645051186996311e-24	1.999999840548652083e-03	1.590096816794308964e-10	5.823368087941818299e-27	7.839362203616494379e-20	2.377288039217614525e-19	3.974164116845115793e-13	5.827452528604257937e-27	1.861682836712839847e-17	1.217962183222008262e-33	1.607178989281193154e-02	6.807178973336003303e-02	1.928210266638645054e-03	1.777613002553862718e-11	1.928210089455403018e-03
8.670000000000000000e+04	3.486698754171893377e-17	7.990038150494135681e-20	1.345398243350094202e-24	1.999999840549406688e-03	1.590096816760602905e-10	5.823368087818377760e-27	7.831673331950653124e-20	2.374870307334701749e-19	3.967174405255009227e-13	5.817203999500640944e-27	1.859958352651961658e-17	1.215706822542592756e-33	1.607178989277077349e-02	6.807178973331956540e-02	1.928210266679099240e-03	1.779671121828711258e-11	1.928210089475974887e-03
8.680000000000000000e+04	3.483556033508527949e-17	7.982836364500387029e-20	1.344186153228066906e-24	1.999999840550161292e-03	1.590096816726912872e-10	5.823368087694995336e-27	7.824198559070428816e-20	2.372519897871820758e-19	3.960379324082979361e-13	5.807240843474074459e-27	1.858281887334757528e-17	1.213516265483454554e-33	1.607178989272965014e-02	6.807178973327918103e-02	1.928210266719537162e-03	1.781729241103516177e-11	1.928210089496510977e-03
8.690000000000000000e+04	3.480500822710357752e-17	7.975835114089453419e-20	1.343007814067155326e-24	1.999999840550745461e-03	1.590096816693099538e-10	5.823368087571160909e-27	7.816931923176200375e-20	2.370234936171430738e-19	3.953773453792773254e-13	5.797555114234580884e-27	1.856652103625385735e-17	1.211388599750511075e-33	1.607178989268856495e-02	6.807178973323879667e-02	1.928210266759959471e-03	1.783787360378277799e-11	1.928210089517011939e-03
8.700000000000000000e+04	3.477530685109889707e-17	7.969028815450473559e-20	1.341862286089089930e-24	1.999999840551326593e-03	1.590096816659296544e-10	5.823368087447365226e-27	7.809867628780646418e-20	2.368013599864291196e-19	3.947351525754894609e-13	5.788139086756327301e-27	1.855067701698323378e-17	1.209321968038535684e-33	1.607178989264751445e-02	6.807178973319841231e-02	1.928210266800366385e-03	1.785845479652995476e-11	1.928210089537479507e-03
8.710000000000000000e+04	3.474643251796491947e-17	7.962412040042639941e-20	1.340748655648186544e-24	1.999999840551907725e-03	1.590096816625505957e-10	5.823368087323615460e-27	7.803000041578747979e-20	2.365854117269304511e-19	3.941108418047745826e-13	5.778985251121066358e-27	1.853527417872535039e-17	1.207314574567036447e-33	1.607178989260649518e-02	6.807178973315802795e-02	1.928210266840758120e-03	1.787903598927669533e-11	1.928210089557915634e-03
8.720000000000000000e+04	3.471836219836450589e-17	7.955979510516322369e-20	1.339666034544856368e-24	1.999999840552488858e-03	1.590096816591727779e-10	5.823368087199910176e-27	7.796323684183490726e-20	2.363754766046757904e-19	3.935039151370670159e-13	5.770086306525747458e-27	1.852030023661970826e-17	1.205364675032408336e-33	1.607178989256550714e-02	6.807178973311764358e-02	1.928210266881135544e-03	1.789961718202299322e-11	1.928210089578320319e-03
8.730000000000000000e+04	3.469107350480197052e-17	7.949726096604800594e-20	1.338613559334167343e-24	1.999999840553069990e-03	1.590096816557960715e-10	5.823368087076246506e-27	7.789833231849663721e-20	2.361713871851376178e-19	3.929138885073228809e-13	5.761435155460524408e-27	1.850574324819226297e-17	1.203470582560378495e-33	1.607178989252455031e-02	6.807178973307725922e-02	1.928210266921498873e-03	1.792019837476886137e-11	1.928210089598694213e-03
8.740000000000000000e+04	3.466454467173698176e-17	7.943646810567195081e-20	1.337590390558871918e-24	1.999999840553651122e-03	1.590096816524205284e-10	5.823368086952624449e-27	7.783523507800583189e-20	2.359729806873576642e-19	3.923402913293018203e-13	5.753024898045860891e-27	1.849159160274729460e-17	1.201630658455963747e-33	1.607178989248362125e-02	6.807178973303687486e-02	1.928210266961848541e-03	1.794077956751428685e-11	1.928210089619037748e-03
8.750000000000000000e+04	3.463875454168770507e-17	7.937736804003910546e-20	1.336595712213431958e-24	1.999999840554232255e-03	1.590096816490460709e-10	5.823368086829042570e-27	7.777389479826495791e-20	2.357800988751535359e-19	3.917826661205251073e-13	5.744848826533634756e-27	1.847783401395418595e-17	1.199843317668262109e-33	1.607178989244272341e-02	6.807178973299649050e-02	1.928210267002184765e-03	1.796136076025927935e-11	1.928210089639352011e-03
8.760000000000000000e+04	3.461368254457780816e-17	7.931991363123836461e-20	1.335628730947468686e-24	1.999999840554813387e-03	1.590096816456726991e-10	5.823368086705500868e-27	7.771426255477530908e-20	2.355925879079626624e-19	3.912405681371277096e-13	5.736900419953135769e-27	1.846445950883024356e-17	1.198107020330357414e-33	1.607178989240185332e-02	6.807178973295610613e-02	1.928210267042507978e-03	1.798194195300383241e-11	1.928210089659637650e-03
8.770000000000000000e+04	3.458930868432066718e-17	7.926405905670018776e-20	1.334688675548341850e-24	1.999999840555394520e-03	1.590096816423005423e-10	5.823368086582003650e-27	7.765629078789548721e-20	2.354102982363044560e-19	3.907135650193157743e-13	5.729173338912720940e-27	1.845145742058411769e-17	1.196420276571394144e-33	1.607178989236101446e-02	6.807178973291581892e-02	1.928210267082818832e-03	1.800252314574794926e-11	1.928210089679895534e-03
8.780000000000000000e+04	3.456561352036466226e-17	7.920975976690615087e-20	1.333774796229383845e-24	1.999999840555975652e-03	1.590096816389295486e-10	5.823368086458548762e-27	7.759993325964571838e-20	2.352330844672801540e-19	3.902012364463473431e-13	5.721661420540986625e-27	1.843881737877121259e-17	1.194781638962549461e-33	1.607178989232020336e-02	6.807178973287557333e-02	1.928210267123117326e-03	1.802310433849162991e-11	1.928210089700126747e-03
8.790000000000000000e+04	3.454257815488362334e-17	7.915697245603492113e-20	1.332886364135859283e-24	1.999999840556507778e-03	1.590096816355556082e-10	5.823368086334986254e-27	7.754514502249297029e-20	2.350608052649959324e-19	3.897031738016573888e-13	5.714358673576788026e-27	1.842652930246057342e-17	1.193189706758337380e-33	1.607178989227941307e-02	6.807178973283532775e-02	1.928210267163403893e-03	1.804368553123487434e-11	1.928210089720331505e-03
8.800000000000000000e+04	3.452018421527078022e-17	7.910565502184583446e-20	1.332022670669788582e-24	1.999999840556915438e-03	1.590096816321727496e-10	5.823368086211095865e-27	7.749188237838765012e-20	2.348933232230375513e-19	3.892189798465169891e-13	5.707259273584266893e-27	1.841458339089633231e-17	1.191643119080791741e-33	1.607178989223864707e-02	6.807178973279508216e-02	1.928210267203678968e-03	1.806426672397767934e-11	1.928210089740510893e-03
8.810000000000000000e+04	3.449841384124067105e-17	7.905576653612191338e-20	1.331183026992492901e-24	1.999999840557323098e-03	1.590096816287907442e-10	5.823368086087237045e-27	7.744010284760078204e-20	2.347305047655561339e-19	3.887482684035518741e-13	5.700357558312556007e-27	1.840297011661734367e-17	1.190140558608257150e-33	1.607178989219791229e-02	6.807178973275483658e-02	1.928210267243942984e-03	1.808484791672005136e-11	1.928210089760665560e-03
8.820000000000000000e+04	3.447724966924541091e-17	7.900726720895839535e-20	1.330366763423554145e-24	1.999999840557730758e-03	1.590096816254096176e-10	5.823368085963411227e-27	7.738976513203028721e-20	2.345722200325936749e-19	3.882906640485726131e-13	5.693648023177256097e-27	1.839168021714407865e-17	1.188680745491876293e-33	1.607178989215719833e-02	6.807178973271459099e-02	1.928210267284197242e-03	1.810542910946198394e-11	1.928210089780796159e-03
8.830000000000000000e+04	3.445667481906543070e-17	7.896011835803460472e-20	1.329573228923649796e-24	1.999999840558138418e-03	1.590096816220292406e-10	5.823368085839612674e-27	7.734082908318407154e-20	2.344183427791705229e-19	3.878458018110215360e-13	5.687125316868321438e-27	1.838070468782560724e-17	1.187262440521763092e-33	1.607178989211650172e-02	6.807178973267434541e-02	1.928210267324441743e-03	1.812601030220347708e-11	1.928210089800903122e-03
8.840000000000000000e+04	3.443667288148746982e-17	7.891428238037708735e-20	1.328801790619312487e-24	1.999999840558546078e-03	1.590096816186497425e-10	5.823368085715847124e-27	7.729325567255894633e-20	2.342687502815468549e-19	3.874133268832663072e-13	5.680784237087643013e-27	1.837003477526645798e-17	1.185884439804389612e-33	1.607178989207583980e-02	6.807178973263409982e-02	1.928210267364675618e-03	1.814659149494453401e-11	1.928210089820987534e-03
8.850000000000000000e+04	3.441722790285536398e-17	7.886972271695632377e-20	1.328051833207080911e-24	1.999999840558953738e-03	1.590096816152710716e-10	5.823368085592110989e-27	7.724700695555041038e-20	2.341233232249841980e-19	3.869928943372635546e-13	5.674619726394643839e-27	1.835966196908531718e-17	1.184545577352178266e-33	1.607178989203519523e-02	6.807178973259385424e-02	1.928210267404899736e-03	1.816717268768515473e-11	1.928210089841048960e-03
8.860000000000000000e+04	3.439832437545043495e-17	7.882640383064287209e-20	1.327322758582489566e-24	1.999999840559361398e-03	1.590096816118932279e-10	5.823368085468404271e-27	7.720204604770893095e-20	2.339819456274402292e-19	3.865841688496651542e-13	5.668626868175765406e-27	1.834957799678351956e-17	1.183244720426205974e-33	1.607178989199456801e-02	6.807178973255360865e-02	1.928210267445113878e-03	1.818775388042533601e-11	1.928210089861089353e-03
8.870000000000000000e+04	3.437994722141852359e-17	7.878429116937506521e-20	1.326613985220169416e-24	1.999999840559769058e-03	1.590096816085161338e-10	5.823368085344726252e-27	7.715833708754359217e-20	2.338445047245701024e-19	3.861868244341921821e-13	5.662800882720371361e-27	1.833977481517108237e-17	1.181980771693461410e-33	1.607178989195396854e-02	6.807178973251336307e-02	1.928210267485318697e-03	1.820833507316508108e-11	1.928210089881109580e-03
8.880000000000000000e+04	3.436208178441301310e-17	7.874335114700782825e-20	1.325924947851522200e-24	1.999999840560176718e-03	1.590096816051398410e-10	5.823368085221076931e-27	7.711584521562274577e-20	2.337108909020645808e-19	3.858005441818028128e-13	5.657137123411094728e-27	1.833024460590857202e-17	1.180752665083491451e-33	1.607178989191337948e-02	6.807178973247311748e-02	1.928210267525513975e-03	1.822891626590438995e-11	1.928210089901108773e-03
8.890000000000000000e+04	3.434471381535441057e-17	7.870355111068039571e-20	1.325255096915508714e-24	1.999999840560584378e-03	1.590096816017642720e-10	5.823368085097453439e-27	7.707453654141626236e-20	2.335809975927406189e-19	3.854250200078804478e-13	5.651631073016968416e-27	1.832097976791083886e-17	1.179559367724857781e-33	1.607178989187282164e-02	6.807178973243287190e-02	1.928210267565700579e-03	1.824949745864325938e-11	1.928210089921088451e-03
8.900000000000000000e+04	3.432782946194053691e-17	7.866485931677740754e-20	1.324603898154062026e-24	1.999999840560992038e-03	1.590096815983894785e-10	5.823368084973860797e-27	7.703437811810069638e-20	2.334547211968512443e-19	3.850599524064655525e-13	5.646278340089927342e-27	1.831197291175112141e-17	1.178399876036839357e-33	1.607178989183227075e-02	6.807178973239266795e-02	1.928210267605878292e-03	1.827007865138169582e-11	1.928210089941049046e-03
8.910000000000000000e+04	3.431141525811854326e-17	7.862724490680369956e-20	1.323970832206050970e-24	1.999999840561399699e-03	1.590096815950156931e-10	5.823368084850302594e-27	7.699533791737575398e-20	2.333319610026239992e-19	3.847050502115013117e-13	5.641074655464120390e-27	1.830321685404505313e-17	1.177273217610136592e-33	1.607178989179174761e-02	6.807178973235256114e-02	1.928210267646047549e-03	1.829065984411968960e-11	1.928210089960990777e-03
8.920000000000000000e+04	3.429545811223310789e-17	7.859067788022473110e-20	1.323355394150174657e-24	1.999999840561807359e-03	1.590096815916425281e-10	5.823368084726768785e-27	7.695738480158385705e-20	2.332126190991790069e-19	3.843600303644631765e-13	5.636015868848806330e-27	1.829470461112834595e-17	1.176178447546680284e-33	1.607178989175124181e-02	6.807178973231245434e-02	1.928210267686208349e-03	1.831124103685725363e-11	1.928210089980914510e-03
8.930000000000000000e+04	3.427994529734976916e-17	7.855512907229192107e-20	1.322757093131752205e-24	1.999999840562215019e-03	1.590096815882700352e-10	5.823368084603258653e-27	7.692048850048221233e-20	2.330966003030849817e-19	3.840246176886648256e-13	5.631097945519173638e-27	1.828642939389486354e-17	1.175114650120867523e-33	1.607178989171075337e-02	6.807178973227234753e-02	1.928210267726361560e-03	1.833182222959437499e-11	1.928210090000820245e-03
8.940000000000000000e+04	3.426486444111065497e-17	7.852057013079615597e-20	1.322175451971474319e-24	1.999999840562608367e-03	1.590096815848970512e-10	5.823368084479731301e-27	7.688461958711370182e-20	2.329838120824838479e-19	3.836985446698182660e-13	5.626316963098838686e-27	1.827838460238519569e-17	1.174080935541666412e-33	1.607178989167028227e-02	6.807178973223224072e-02	1.928210267766506747e-03	1.835240342233106338e-11	1.928210090020708849e-03
8.950000000000000000e+04	3.425020351518052223e-17	7.848697349188259964e-20	1.321610006758359170e-24	1.999999840562842555e-03	1.590096815815120472e-10	5.823368084355762708e-27	7.684974945289718174e-20	2.328741644791287592e-19	3.833815512427157973e-13	5.621669108432112416e-27	1.827056382015671834e-17	1.173076441306073838e-33	1.607178989162982852e-02	6.807178973219213391e-02	1.928210267806644345e-03	1.837298461506731232e-11	1.928210090040581191e-03
8.960000000000000000e+04	3.423595082683105936e-17	7.845431236076551407e-20	1.321060306525172138e-24	1.999999840563076742e-03	1.590096815781276377e-10	5.823368084231815639e-27	7.681585028727772155e-20	2.327675700437603374e-19	3.830733845834410197e-13	5.617150674537342690e-27	1.826296080979429084e-17	1.172100329351202999e-33	1.607178989158938517e-02	6.807178973215202711e-02	1.928210267846774788e-03	1.839356580780312505e-11	1.928210090060436836e-03
8.970000000000000000e+04	3.422209500850308549e-17	7.842256068780935307e-20	1.320525912845861979e-24	1.999999840563310930e-03	1.590096815747438228e-10	5.823368084107891529e-27	7.678289505322055371e-20	2.326639437596570282e-19	3.827737989084340219e-13	5.612758057660733275e-27	1.825556950734230632e-17	1.171151787195076680e-33	1.607178989154896612e-02	6.807178973211192030e-02	1.928210267886897858e-03	1.841414700053850158e-11	1.928210090080276868e-03
8.980000000000000000e+04	3.420862500896476328e-17	7.839169314826670329e-20	1.320006399494542930e-24	1.999999840563545118e-03	1.590096815713605765e-10	5.823368083983988226e-27	7.675085746611040472e-20	2.325632029761500250e-19	3.824825552778367125e-13	5.608487754392934552e-27	1.824838401758801828e-17	1.170230025302244304e-33	1.607178989150855053e-02	6.807178973207181349e-02	1.928210267927013988e-03	1.843472819327343544e-11	1.928210090100101939e-03
8.990000000000000000e+04	3.419553008544389465e-17	7.836168512424943737e-20	1.319501352142060499e-24	1.999999840563779305e-03	1.590096815679778989e-10	5.823368083860105011e-27	7.671971197477698046e-20	2.324652673484602028e-19	3.821994214050977444e-13	5.604336358877433125e-27	1.824139860986465270e-17	1.169334278203265964e-33	1.607178989146816617e-02	6.807178973203170669e-02	1.928210267967123397e-03	1.845530938600793631e-11	1.928210090119912047e-03
9.000000000000000000e+04	3.418279979373908714e-17	7.833251268206712681e-20	1.319010367974587261e-24	1.999999840564013493e-03	1.590096815645957642e-10	5.823368083736241886e-27	7.668943373834486700e-20	2.323700587656084421e-19	3.819241714718220391e-13	5.600300560095787653e-27	1.823460771277617194e-17	1.168463802005344875e-33	1.607178989142778180e-02	6.807178973199159988e-02	1.928210268007226301e-03	1.847589057874199452e-11	1.928210090139707627e-03
9.010000000000000000e+04	3.417042397985937521e-17	7.830415255306904648e-20	1.318533055371188061e-24	1.999999840564247681e-03	1.590096815612141465e-10	5.823368083612398132e-27	7.665999860635641689e-20	2.322775012879259907e-19	3.816565859475606747e-13	5.596377139225340105e-27	1.822800590973759745e-17	1.167617875301601074e-33	1.607178989138742173e-02	6.807178973195149307e-02	1.928210268047322483e-03	1.849647177147561652e-11	1.928210090159488896e-03
9.020000000000000000e+04	3.415839277432147694e-17	7.827658212057559638e-20	1.318069033683868126e-24	1.999999840564481868e-03	1.590096815578330457e-10	5.823368083488573032e-27	7.663138310453891023e-20	2.321875211010279641e-19	3.813964514147311729e-13	5.592562967072186207e-27	1.822158793593280166e-17	1.166795797162791078e-33	1.607178989134706859e-02	6.807178973191138627e-02	1.928210268087412809e-03	1.851705296420880231e-11	1.928210090179256504e-03
9.030000000000000000e+04	3.414669658095216004e-17	7.824977939421805369e-20	1.317617932805702685e-24	1.999999840564716056e-03	1.590096815544524361e-10	5.823368083364765151e-27	7.660356440910167136e-20	2.321000464367607105e-19	3.811435603984895596e-13	5.588855001576640686e-27	1.821534867234125007e-17	1.165996887693741924e-33	1.607178989130672239e-02	6.807178973187127946e-02	1.928210268127496848e-03	1.853763415694154866e-11	1.928210090199010667e-03
9.040000000000000000e+04	3.413532607115229245e-17	7.822372299679463054e-20	1.317179392949617565e-24	1.999999840564950244e-03	1.590096815510723176e-10	5.823368083240976642e-27	7.657652033255696341e-20	2.320150075275947298e-19	3.808977112011594420e-13	5.585250285385626195e-27	1.820928314267825329e-17	1.165220486196501189e-33	1.607178989126640742e-02	6.807178973183117265e-02	1.928210268167575249e-03	1.855821534967385880e-11	1.928210090218752037e-03
9.050000000000000000e+04	3.412427217656430622e-17	7.819839214746673521e-20	1.316753064365575165e-24	1.999999840565184431e-03	1.590096815476926644e-10	5.823368083117205352e-27	7.655022930624952865e-20	2.319323365516332596e-19	3.806587077413755202e-13	5.581745943494150515e-27	1.820338650948332314e-17	1.164465951850150968e-33	1.607178989122609244e-02	6.807178973179106585e-02	1.928210268207647578e-03	1.857879654240573273e-11	1.928210090238481047e-03
9.060000000000000000e+04	3.411352608034248410e-17	7.817376664175472299e-20	1.316338607003895982e-24	1.999999840565418619e-03	1.590096815443135024e-10	5.823368082993450564e-27	7.652467036001232848e-20	2.318519675694359947e-19	3.804263593977140386e-13	5.578339180952529358e-27	1.819765406946348980e-17	1.163732661824005002e-33	1.607178989118578788e-02	6.807178973175095904e-02	1.928210268247714486e-03	1.859937773513716723e-11	1.928210090258197697e-03
9.070000000000000000e+04	3.410307921190898809e-17	7.814982683952071928e-20	1.315935690313004149e-24	1.999999840565652807e-03	1.590096815409347798e-10	5.823368082869712278e-27	7.649982310919390060e-20	2.317738364822765299e-19	3.802004808566134294e-13	5.575027280636597564e-27	1.819208125069591780e-17	1.163020011974723012e-33	1.607178989114550760e-02	6.807178973171085223e-02	1.928210268287775756e-03	1.861995892786816551e-11	1.928210090277902421e-03
9.080000000000000000e+04	3.409292323978677467e-17	7.812655364854456586e-20	1.315543992963002964e-24	1.999999840565886994e-03	1.590096815375564449e-10	5.823368082745988340e-27	7.647566773770609496e-20	2.316978809790153415e-19	3.799808919646993994e-13	5.571807601082447646e-27	1.818666360880457768e-17	1.162327415203605219e-33	1.607178989110522732e-02	6.807178973167074543e-02	1.928210268327832473e-03	1.864054012059872436e-11	1.928210090297595653e-03
9.090000000000000000e+04	3.408305006307920062e-17	7.810392850499895978e-20	1.315163202517065073e-24	1.999999840566121182e-03	1.590096815341785753e-10	5.823368082622281622e-27	7.645218497828039086e-20	2.316240404750094344e-19	3.797674175849262861e-13	5.568677574377083953e-27	1.818139682241521150e-17	1.161654301817682433e-33	1.607178989106495745e-02	6.807178973163063862e-02	1.928210268367883552e-03	1.866112131332885023e-11	1.928210090317277392e-03
9.100000000000000000e+04	3.407345180807567774e-17	7.808193336567088712e-20	1.314793015300514730e-24	1.999999840566355370e-03	1.590096815308011193e-10	5.823368082498589971e-27	7.642935610354156078e-20	2.315522560824205202e-19	3.795598874571545141e-13	5.565634704114239144e-27	1.817627669134458588e-17	1.161000118268717802e-33	1.607178989102471187e-02	6.807178973159053181e-02	1.928210268407929860e-03	1.868170250605853666e-11	1.928210090336950023e-03
9.110000000000000000e+04	3.406412081870508164e-17	7.806055068608476811e-20	1.314433136032631551e-24	1.999999840566589557e-03	1.590096815274240252e-10	5.823368082374911234e-27	7.640716290420881561e-20	2.314824705433955042e-19	3.793581360619744208e-13	5.562676563397638758e-27	1.817129913150788328e-17	1.160364327343655454e-33	1.607178989098446628e-02	6.807178973155042501e-02	1.928210268447971181e-03	1.870228369878778688e-11	1.928210090356612463e-03
9.120000000000000000e+04	3.405504965344710238e-17	7.803976341342478495e-20	1.314083277707530701e-24	1.999999840566823745e-03	1.590096815240475515e-10	5.823368082251256891e-27	7.638558768091232367e-20	2.314146282027410061e-19	3.791620024890783652e-13	5.559800792911109832e-27	1.816646017327113526e-17	1.159746407034043938e-33	1.607178989094422070e-02	6.807178973151041534e-02	1.928210268488007948e-03	1.872286489151660089e-11	1.928210090376264929e-03
9.130000000000000000e+04	3.404623107695522577e-17	7.801955496733842783e-20	1.313743161271079183e-24	1.999999840567057933e-03	1.590096815206715431e-10	5.823368082127618332e-27	7.636461322494647801e-20	2.313486749486910956e-19	3.789713303085909257e-13	5.557005099031917494e-27	1.816175595698259653e-17	1.159145850717195437e-33	1.607178989090400981e-02	6.807178973147044732e-02	1.928210268528040162e-03	1.874344608424497546e-11	1.928210090395907203e-03
9.140000000000000000e+04	3.403765805651581412e-17	7.799990923182157712e-20	1.313412515484317173e-24	1.999999840567292120e-03	1.590096815172959224e-10	5.823368082003993405e-27	7.634422280922875064e-20	2.312845581833006452e-19	3.787859674465887693e-13	5.554287252005665764e-27	1.815718273108369433e-17	1.158562166093106571e-33	1.607178989086379892e-02	6.807178973143047929e-02	1.928210268568067822e-03	1.876402727697291382e-11	1.928210090415539502e-03
9.150000000000000000e+04	3.402932375369958508e-17	7.798081053608796437e-20	1.313091076601484424e-24	1.999999840567526308e-03	1.590096815139206378e-10	5.823368081880381392e-27	7.632440016920651661e-20	2.312222267638595530e-19	3.786057660636596935e-13	5.551645084165611596e-27	1.815273684765574526e-17	1.157994875287502922e-33	1.607178989082358803e-02	6.807178973139051126e-02	1.928210268608091145e-03	1.878460846970041274e-11	1.928210090435162260e-03
9.160000000000000000e+04	3.402122152196986553e-17	7.796224364908789141e-20	1.312778588277766733e-24	1.999999840567760496e-03	1.590096815105457150e-10	5.823368081756783011e-27	7.630512949631274406e-20	2.311616309806856623e-19	3.784305824369518404e-13	5.549076488203322128e-27	1.814841476114400052e-17	1.157443513954863647e-33	1.607178989078339101e-02	6.807178973135054323e-02	1.928210268648110348e-03	1.880518966242747869e-11	1.928210090454776128e-03
9.170000000000000000e+04	3.401334489937997058e-17	7.794419376277388524e-20	1.312474801287651718e-24	1.999999840567994683e-03	1.590096815071711542e-10	5.823368081633196827e-27	7.628639542115984801e-20	2.311027225053498432e-19	3.782602768458289527e-13	5.546579415492059854e-27	1.814421302446212747e-17	1.156907631381211644e-33	1.607178989074321482e-02	6.807178973131057520e-02	1.928210268688125431e-03	1.882577085515410520e-11	1.928210090474380889e-03
9.180000000000000000e+04	3.400568760311692386e-17	7.792664647959697106e-20	1.312179473314484843e-24	1.999999840568228871e-03	1.590096815037968777e-10	5.823368081509622122e-27	7.626818300063960703e-20	2.310454543502598224e-19	3.780947134599189192e-13	5.544151874445309230e-27	1.814012828608156560e-17	1.156386789457188947e-33	1.607178989070303862e-02	6.807178973127060717e-02	1.928210268728136612e-03	1.884635204788029549e-11	1.928210090493976759e-03
9.190000000000000000e+04	3.399824352655357673e-17	7.790958780575160537e-20	1.311892368836778726e-24	1.999999840568463059e-03	1.590096815004229372e-10	5.823368081386058897e-27	7.625047771034336493e-20	2.309897808437435133e-19	3.779337602313362405e-13	5.541791928936568309e-27	1.813615728845902478e-17	1.155880563013219874e-33	1.607178989066286243e-02	6.807178973123063914e-02	1.928210268768144322e-03	1.886693324060604958e-11	1.928210090513564389e-03
9.200000000000000000e+04	3.399100673183673014e-17	7.789300413419079145e-20	1.311613258842351827e-24	1.999999840568697246e-03	1.590096814970492552e-10	5.823368081262505716e-27	7.623326542763691034e-20	2.309356575781676888e-19	3.777772887889042387e-13	5.539497696748327573e-27	1.813229686408266194e-17	1.155388538729865145e-33	1.607178989062269317e-02	6.807178973119067111e-02	1.928210268808147913e-03	1.888751443333136746e-11	1.928210090533143996e-03
9.210000000000000000e+04	3.398397144816833605e-17	7.787688224068733596e-20	1.311341920762035165e-24	1.999999840568931434e-03	1.590096814936759610e-10	5.823368081138966885e-27	7.621653242673503120e-20	2.308830413928566198e-19	3.776251743361543066e-13	5.537267348076589140e-27	1.812854393455522143e-17	1.154910315499259038e-33	1.607178989058255167e-02	6.807178973115070308e-02	1.928210268848147601e-03	1.890809562605624591e-11	1.928210090552715146e-03
9.220000000000000000e+04	3.397713206351416879e-17	7.786120926483325004e-20	1.311078138149888809e-24	1.999999840569047227e-03	1.590096814902934902e-10	5.823368081015090845e-27	7.620026536000627206e-20	2.308318903172571605e-19	3.774772955514571782e-13	5.535099104066461534e-27	1.812489550617099349e-17	1.154445503338428942e-33	1.607178989054241017e-02	6.807178973111073506e-02	1.928210268888144252e-03	1.892867681878068814e-11	1.928210090572278924e-03
9.230000000000000000e+04	3.397048312369745464e-17	7.784597270796328389e-20	1.310821700648248923e-24	1.999999840569107942e-03	1.590096814869069352e-10	5.823368080891066290e-27	7.618445125482414696e-20	2.307821635591471940e-19	3.773335344915021484e-13	5.532991235397034951e-27	1.812134866943239671e-17	1.153993723755076854e-33	1.607178989050226867e-02	6.807178973107076703e-02	1.928210268928137218e-03	1.894925801150469416e-11	1.928210090591834895e-03
9.240000000000000000e+04	3.396401932542943370e-17	7.783116041718349062e-20	1.310572403718926554e-24	1.999999840569168658e-03	1.590096814835206387e-10	5.823368080767051062e-27	7.616907749772058784e-20	2.307338214561960389e-19	3.771937764971416652e-13	5.530942060900780942e-27	1.811790059533213503e-17	1.153554608806873963e-33	1.607178989046212716e-02	6.807178973103079900e-02	1.928210268968126714e-03	1.896983920422826075e-11	1.928210090611383494e-03
9.250000000000000000e+04	3.395773551291145242e-17	7.781676057758514892e-20	1.310330048512161319e-24	1.999999840569229373e-03	1.590096814801346525e-10	5.823368080643047314e-27	7.615413182607198184e-20	2.306868254493785748e-19	3.770579101019006806e-13	5.528949946222109165e-27	1.811454853354067588e-17	1.153127801252074065e-33	1.607178989042200995e-02	6.807178973099083097e-02	1.928210269008113174e-03	1.899042039695139112e-11	1.928210090630924937e-03
9.260000000000000000e+04	3.395162667495731000e-17	7.780276170564971691e-20	1.310094441755626452e-24	1.999999840569290088e-03	1.590096814767488730e-10	5.823368080519051457e-27	7.613960232090957848e-20	2.306411380597128499e-19	3.769258269430883085e-13	5.527013302514086814e-27	1.811128981087103433e-17	1.152712953937013052e-33	1.607178989038190314e-02	6.807178973095086294e-02	1.928210269048096816e-03	1.901100158967407883e-11	1.928210090650459441e-03
9.270000000000000000e+04	3.394568793976990832e-17	7.778915263727968305e-20	1.309865395552981029e-24	1.999999840569350804e-03	1.590096814733633778e-10	5.823368080395064928e-27	7.612547739484198304e-20	2.305967228509397472e-19	3.767974216755952452e-13	5.525130585174483722e-27	1.810812182849255037e-17	1.152309729782099688e-33	1.607178989034179634e-02	6.807178973091089491e-02	1.928210269088076988e-03	1.903158278239633355e-11	1.928210090669987224e-03
9.280000000000000000e+04	3.393991456971419179e-17	7.777592251582013655e-20	1.309642727182270486e-24	1.999999840569411519e-03	1.590096814699781153e-10	5.823368080271087008e-27	7.611174577999140819e-20	2.305535443922902808e-19	3.766725918874203221e-13	5.523300292607160483e-27	1.810504205914247812e-17	1.151917801054319338e-33	1.607178989030168953e-02	6.807178973087092688e-02	1.928210269128054341e-03	1.905216397511814561e-11	1.928210090689508284e-03
9.290000000000000000e+04	3.393430196076233778e-17	7.776306079078741285e-20	1.309426259074526927e-24	1.999999840569472234e-03	1.590096814665931113e-10	5.823368080147118415e-27	7.609839652577863790e-20	2.305115682498169858e-19	3.765512380183429601e-13	5.521520965029702197e-27	1.810204804683004597e-17	1.151536849633767359e-33	1.607178989026158272e-02	6.807178973083095885e-02	1.928210269168028441e-03	1.907274516783952146e-11	1.928210090709023272e-03
9.300000000000000000e+04	3.392884563671448154e-17	7.775055720462552064e-20	1.309215818590875925e-24	1.999999840569532950e-03	1.590096814632083399e-10	5.823368080023159150e-27	7.608541898576642222e-20	2.304707609461443892e-19	3.764332632805755763e-13	5.519791183309943805e-27	1.809913740375355119e-17	1.151166566288934046e-33	1.607178989022149326e-02	6.807178973079099082e-02	1.928210269208000156e-03	1.909332636056046110e-11	1.928210090728531756e-03
9.310000000000000000e+04	3.392354124525393707e-17	7.773840178366623591e-20	1.309011237870390636e-24	1.999999840569593665e-03	1.590096814598237495e-10	5.823368079899206341e-27	7.607280280837697643e-20	2.304310899314704276e-19	3.763185735812045474e-13	5.518109567828766839e-27	1.809630780819601178e-17	1.150806650680573594e-33	1.607178989018142115e-02	6.807178973075102280e-02	1.928210269247969053e-03	1.911390755328096130e-11	1.928210090748034601e-03
9.320000000000000000e+04	3.391838455596938730e-17	7.772658483359672681e-20	1.308812353753809012e-24	1.999999840569654380e-03	1.590096814564393917e-10	5.823368079775262860e-27	7.606053793177503794e-20	2.303925235666915451e-19	3.762070774474713236e-13	5.516474777384592349e-27	1.809355700347009278e-17	1.150456810930355451e-33	1.607178989014134904e-02	6.807178973071105477e-02	1.928210269287935347e-03	1.913448874600102206e-11	1.928210090767531158e-03
9.330000000000000000e+04	3.391337145612178247e-17	7.771509692975937876e-20	1.308619007620278571e-24	1.999999840569715095e-03	1.590096814530552924e-10	5.823368079651326553e-27	7.604861457403830508e-20	2.303550310929473372e-19	3.760986859537087128e-13	5.514885508122065317e-27	1.809088279566005663e-17	1.150116763576396875e-33	1.607178989010127693e-02	6.807178973067108674e-02	1.928210269327898605e-03	1.915506993872064338e-11	1.928210090787022294e-03
9.340000000000000000e+04	3.390849794722473906e-17	7.770392890931526973e-20	1.308431045255461529e-24	1.999999840569775811e-03	1.590096814496714000e-10	5.823368079527400290e-27	7.603702322506112847e-20	2.303185826062329425e-19	3.759933126502752914e-13	5.513340492490073333e-27	1.808828305179754391e-17	1.149786233076005532e-33	1.607178989006120481e-02	6.807178973063111871e-02	1.928210269367859478e-03	1.917565113143983172e-11	1.928210090806507576e-03
9.350000000000000000e+04	3.390376014300261034e-17	7.769307186656499112e-20	1.308248316772784202e-24	1.999999840569836526e-03	1.590096814462876884e-10	5.823368079403479050e-27	7.602575464138174011e-20	2.302831490405317961e-19	3.758908734949283935e-13	5.511838498235544521e-27	1.808575569877233205e-17	1.149464951883839692e-33	1.607178989002113270e-02	6.807178973059115068e-02	1.928210269407818183e-03	1.919623232415857739e-11	1.928210090825987653e-03
9.360000000000000000e+04	3.389915426381552002e-17	7.768251714017334043e-20	1.308070676398422380e-24	1.999999840569897241e-03	1.590096814429041837e-10	5.823368079279565702e-27	7.601479983360999934e-20	2.302487021295904944e-19	3.757912867854965868e-13	5.510378327416209499e-27	1.808329872035842528e-17	1.149152659836833991e-33	1.607178988998107100e-02	6.807178973055118265e-02	1.928210269447774286e-03	1.921681351687688686e-11	1.928210090845462526e-03
9.370000000000000000e+04	3.389467663659188388e-17	7.767225631301444049e-20	1.307897982468695767e-24	1.999999840569957957e-03	1.590096814395208599e-10	5.823368079155659529e-27	7.600415006544418154e-20	2.302152144022623297e-19	3.756944730947378870e-13	5.508958815445539488e-27	1.808091015717803816e-17	1.148849104343409113e-33	1.607178988994103358e-02	6.807178973051121462e-02	1.928210269487728003e-03	1.923739470959476011e-11	1.928210090864932412e-03
9.380000000000000000e+04	3.389032369016256246e-17	7.766228120147960227e-20	1.307730097250112473e-24	1.999999840570018672e-03	1.590096814361376912e-10	5.823368079031758378e-27	7.599379684306334115e-20	2.301826591500838268e-19	3.756003552073844668e-13	5.507578830169643877e-27	1.807858810421257921e-17	1.148554039855148733e-33	1.607178988990099616e-02	6.807178973047124659e-02	1.928210269527679552e-03	1.925797590231219393e-11	1.928210090884397310e-03
9.390000000000000000e+04	3.388609195260440901e-17	7.765258384939011036e-20	1.307566886836921555e-24	1.999999840570079387e-03	1.590096814327547292e-10	5.823368078907865119e-27	7.598373190874750027e-20	2.301510104070960037e-19	3.755088580579197312e-13	5.506237270954935516e-27	1.807633070938567490e-17	1.148267227859921154e-33	1.607178988986095874e-02	6.807178973043127856e-02	1.928210269567628933e-03	1.927855709502919154e-11	1.928210090903857222e-03
9.400000000000000000e+04	3.388197804897858058e-17	7.764315652281413620e-20	1.307408221063878481e-24	1.999999840570140103e-03	1.590096814293719741e-10	5.823368078783979035e-27	7.597394723536357876e-20	2.301202429322497986e-19	3.754199086712496669e-13	5.504933067818248390e-27	1.807413617235662234e-17	1.147988436539288513e-33	1.607178988982092133e-02	6.807178973039131054e-02	1.928210269607576362e-03	1.929913828774574970e-11	1.928210090923312579e-03
9.410000000000000000e+04	3.387797869802025580e-17	7.763399170248113804e-20	1.307253973378576527e-24	1.999999840570200818e-03	1.590096814259893483e-10	5.823368078660098690e-27	7.596443501866116894e-20	2.300903321855017642e-19	3.753334361042125792e-13	5.503665180569227537e-27	1.807200274275457338e-17	1.147717440698842303e-33	1.607178988978088391e-02	6.807178973035134251e-02	1.928210269647521622e-03	1.931971948046186843e-11	1.928210090942763383e-03
9.420000000000000000e+04	3.387409071033384440e-17	7.762508207964595039e-20	1.307104020771835100e-24	1.999999840570261533e-03	1.590096814226069033e-10	5.823368078536224085e-27	7.595518767275406321e-20	2.300612543131764703e-19	3.752493713890893315e-13	5.502432597982069008e-27	1.806992871921575153e-17	1.147454021476781189e-33	1.607178988974084649e-02	6.807178973031137448e-02	1.928210269687464715e-03	1.934030067317755095e-11	1.928210090962209850e-03
9.430000000000000000e+04	3.387031098438439051e-17	7.761642054690276029e-20	1.306958243623101295e-24	1.999999840570322249e-03	1.590096814192246135e-10	5.823368078412355937e-27	7.594619782099523404e-20	2.300329861200514979e-19	3.751676474785781637e-13	5.501234336988694818e-27	1.806791244724511189e-17	1.147197966210457857e-33	1.607178988970080907e-02	6.807178973027140645e-02	1.928210269727406072e-03	1.936088186589279403e-11	1.928210090981651980e-03
9.440000000000000000e+04	3.386663650582477292e-17	7.760800019664367721e-20	1.306816525674499202e-24	1.999999840570382964e-03	1.590096814158424788e-10	5.823368078288492812e-27	7.593745829387350184e-20	2.300055050617862229e-19	3.750881991923169403e-13	5.500069441894690172e-27	1.806595231885746806e-17	1.146949068239872903e-33	1.607178988966079941e-02	6.807178973023143842e-02	1.928210269767345478e-03	1.938146305860760090e-11	1.928210091001089773e-03
9.450000000000000000e+04	3.386306434431254655e-17	7.759981431376355116e-20	1.306678753908055402e-24	1.999999840570443679e-03	1.590096814124604733e-10	5.823368078164633991e-27	7.592896212166121314e-20	2.299787892222196282e-19	3.750109631649899368e-13	5.498936983618403333e-27	1.806404677087934881e-17	1.146707126815222832e-33	1.607178988962079669e-02	6.807178973019147039e-02	1.928210269807283149e-03	1.940204425132197156e-11	1.928210091020523664e-03
9.460000000000000000e+04	3.385959165067835089e-17	7.759185636917179158e-20	1.306544818436497559e-24	1.999999840570504395e-03	1.590096814090786488e-10	5.823368078040782345e-27	7.592070252781472866e-20	2.299528172928748944e-19	3.749358777955663943e-13	5.497836058946663409e-27	1.806219428343860987e-17	1.146471946770511614e-33	1.607178988958079396e-02	6.807178973015150236e-02	1.928210269847218869e-03	1.942262544403590279e-11	1.928210091039953434e-03
9.470000000000000000e+04	3.385621565516989331e-17	7.758412001576811261e-20	1.306414612435524456e-24	1.999999840570565110e-03	1.590096814056969793e-10	5.823368077916936439e-27	7.591267292465747538e-20	2.299275685591179817e-19	3.748628831984602607e-13	5.496765789818673703e-27	1.806039337902765240e-17	1.146243338514537349e-33	1.607178988954079124e-02	6.807178973011153433e-02	1.928210269887152637e-03	1.944320663674939457e-11	1.928210091059379301e-03
9.480000000000000000e+04	3.385293366506089929e-17	7.757659908296325042e-20	1.306288032051587363e-24	1.999999840570625825e-03	1.590096814023154391e-10	5.823368077793094838e-27	7.590486690774036634e-20	2.299030228825149564e-19	3.747919211555100941e-13	5.495725322621924742e-27	1.805864262122794886e-17	1.146021117748732818e-33	1.607178988950078852e-02	6.807178973007156630e-02	1.928210269927084887e-03	1.946378782946245337e-11	1.928210091078801482e-03
9.490000000000000000e+04	3.384974306281904466e-17	7.756928757248068864e-20	1.306164976331232541e-24	1.999999840570686541e-03	1.590096813989340023e-10	5.823368077669257541e-27	7.589727825139847554e-20	2.298791606866960502e-19	3.747229350697125350e-13	5.494713827513829150e-27	1.805694061373271838e-17	1.145805105441351105e-33	1.607178988946078579e-02	6.807178973003159828e-02	1.928210269967015620e-03	1.948436902217506951e-11	1.928210091098219977e-03
9.500000000000000000e+04	3.384664130367858738e-17	7.756217965279412736e-20	1.306045347127480644e-24	1.999999840570747256e-03	1.590096813955527465e-10	5.823368077545426701e-27	7.588990090307136225e-20	2.298559629396747081e-19	3.746558699199865728e-13	5.493730497758454119e-27	1.805528599905209468e-17	1.145595127555694095e-33	1.607178988942078307e-02	6.807178972999163025e-02	1.928210270006944617e-03	1.950495021488724943e-11	1.928210091117635002e-03
9.510000000000000000e+04	3.384362591384019319e-17	7.755526965500222542e-20	1.305929049030396518e-24	1.999999840570807971e-03	1.590096813921715940e-10	5.823368077421599449e-27	7.588272897895817304e-20	2.298334111400650567e-19	3.745906722173742221e-13	5.492774549084325120e-27	1.805367745755278665e-17	1.145391015016030236e-33	1.607178988938078035e-02	6.807178972995166222e-02	1.928210270046871880e-03	1.952553140759899638e-11	1.928210091137046557e-03
9.520000000000000000e+04	3.384069448822154182e-17	7.754855206767401747e-20	1.305815989280336244e-24	1.999999840570868687e-03	1.590096813887905708e-10	5.823368077297777937e-27	7.587575675874327801e-20	2.298114873006404803e-19	3.745272899622380653e-13	5.491845219056835745e-27	1.805211370625819924e-17	1.145192603459269629e-33	1.607178988934077762e-02	6.807178972991169419e-02	1.928210270086797842e-03	1.954611260031029743e-11	1.928210091156455077e-03
9.530000000000000000e+04	3.383784468924782455e-17	7.754202153407711555e-20	1.305706077721297644e-24	1.999999840570929402e-03	1.590096813854096769e-10	5.823368077173960011e-27	7.586897868252403935e-20	2.297901739383015004e-19	3.744656726029783567e-13	5.490941766472968570e-27	1.805059349820320691e-17	1.144999733231583268e-33	1.607178988930078184e-02	6.807178972987172616e-02	1.928210270126722503e-03	1.956669379302116873e-11	1.928210091175860128e-03
9.540000000000000000e+04	3.383507424374847011e-17	7.753567284506656186e-20	1.305599226681233290e-24	1.999999840570990117e-03	1.590096813820288863e-10	5.823368077050146391e-27	7.586238934377504022e-20	2.297694540526083973e-19	3.744057709956676287e-13	5.490063470769407482e-27	1.804911562077875369e-17	1.144812249092577504e-33	1.607178988926081381e-02	6.807178972983175813e-02	1.928210270166645429e-03	1.958727498573159736e-11	1.928210091195261926e-03
9.550000000000000000e+04	3.383238094151941494e-17	7.752950093578968302e-20	1.305495350916595815e-24	1.999999840571050833e-03	1.590096813786482250e-10	5.823368076926337076e-27	7.585598348582068384e-20	2.297493111144853422e-19	3.743475373646292043e-13	5.489209631444542293e-27	1.804767889496481842e-17	1.144630000188085039e-33	1.607178988922084578e-02	6.807178972979179010e-02	1.928210270206567271e-03	1.960785617844158978e-11	1.928210091214660905e-03
9.560000000000000000e+04	3.382976263545665483e-17	7.752350088599263788e-20	1.305394367617495398e-24	1.999999840571111548e-03	1.590096813752676671e-10	5.823368076802531347e-27	7.584975600162876991e-20	2.297297290645726681e-19	3.742909252647103091e-13	5.488379567505347845e-27	1.804628217540178819e-17	1.144452839982615918e-33	1.607178988918087775e-02	6.807178972975182207e-02	1.928210270246487595e-03	1.962843737115114599e-11	1.928210091234056848e-03
9.570000000000000000e+04	3.382721723671742145e-17	7.751766790893164722e-20	1.305296196221069649e-24	1.999999840571172263e-03	1.590096813718872126e-10	5.823368076678730641e-27	7.584370192316810669e-20	2.297106922814120955e-19	3.742358895437859099e-13	5.487572616917533330e-27	1.804492434780912057e-17	1.144280625994393567e-33	1.607178988914090972e-02	6.807178972971185404e-02	1.928210270286406401e-03	1.964901856386025954e-11	1.928210091253449755e-03
9.580000000000000000e+04	3.382474271519521834e-17	7.751199735246164969e-20	1.305200758429809933e-24	1.999999840571232979e-03	1.590096813685068356e-10	5.823368076554931370e-27	7.583781642194778340e-20	2.296921855820183005e-19	3.741823863072654262e-13	5.486788136085172235e-27	1.804360432923880214e-17	1.144113219759212522e-33	1.607178988910094170e-02	6.807178972967188602e-02	1.928210270326324556e-03	1.966959975656894333e-11	1.928210091272840061e-03
9.590000000000000000e+04	3.382233709760907042e-17	7.750648469465759176e-20	1.305107978137862649e-24	1.999999840571293694e-03	1.590096813651266137e-10	5.823368076431139274e-27	7.583209480454847109e-20	2.296741942079717749e-19	3.741303728826984982e-13	5.486025499331743538e-27	1.804232106705604162e-17	1.143950486757078771e-33	1.607178988906097367e-02	6.807178972963191799e-02	1.928210270366240544e-03	1.969018094927718446e-11	1.928210091292227330e-03
9.600000000000000000e+04	3.381999846461767969e-17	7.750112553720133798e-20	1.305017781319729567e-24	1.999999840571354409e-03	1.590096813617464435e-10	5.823368076307347895e-27	7.582653250612618872e-20	2.296567038056911883e-19	3.740798077857921208e-13	5.485284098401828003e-27	1.804107353739983243e-17	1.143792296155738272e-33	1.607178988902100217e-02	6.807178972959194996e-02	1.928210270406156097e-03	1.971076214198498937e-11	1.928210091311612214e-03
9.610000000000000000e+04	3.381772495213388324e-17	7.749591560839389766e-20	1.304930096080964514e-24	1.999999840571415125e-03	1.590096813583664285e-10	5.823368076183562256e-27	7.582112509274693948e-20	2.296397004322678970e-19	3.740306506875705028e-13	5.484563341979662027e-27	1.803986074588418227e-17	1.143638520949604777e-33	1.607178988898103414e-02	6.807178972955198193e-02	1.928210270446069916e-03	1.973134333469235485e-11	1.928210091330994280e-03
9.620000000000000000e+04	3.381551474580795789e-17	7.749085075051339198e-20	1.304844852445402648e-24	1.999999840571475840e-03	1.590096813549864651e-10	5.823368076059778769e-27	7.581586824938680711e-20	2.296231705198663324e-19	3.739828623818878318e-13	5.483862655212709434e-27	1.803868172465519356e-17	1.143489037531989874e-33	1.607178988894106611e-02	6.807178972951201390e-02	1.928210270485983084e-03	1.975192452739928735e-11	1.928210091350373960e-03
9.630000000000000000e+04	3.381336608318248001e-17	7.748592692475316248e-20	1.304761982438272138e-24	1.999999840571536555e-03	1.590096813516066051e-10	5.823368075935998869e-27	7.581075778405374684e-20	2.296071008867757092e-19	3.739364047543294833e-13	5.483181479255762089e-27	1.803753553354063710e-17	1.143343725885512624e-33	1.607178988890109808e-02	6.807178972947204587e-02	1.928210270525894734e-03	1.977250572010577718e-11	1.928210091369751255e-03
9.640000000000000000e+04	3.381127725077568490e-17	7.748114020453804782e-20	1.304681419973701738e-24	1.999999840571597270e-03	1.590096813482268485e-10	5.823368075812223274e-27	7.580578962127175517e-20	2.295914787177223995e-19	3.738912407517736022e-13	5.482519270824613652e-27	1.803642125849403805e-17	1.143202469335987625e-33	1.607178988886113005e-02	6.807178972943207784e-02	1.928210270565805951e-03	1.979308691281183403e-11	1.928210091389126165e-03
9.650000000000000000e+04	3.380924658253149686e-17	7.747648677197246343e-20	1.304603100794942861e-24	1.999999840571657986e-03	1.590096813448471695e-10	5.823368075688450550e-27	7.580095979844668820e-20	2.295762915525423829e-19	3.738473343529175426e-13	5.481875501763892491e-27	1.803533801076785717e-17	1.143065154487518822e-33	1.607178988882116202e-02	6.807178972939210981e-02	1.928210270605715433e-03	1.981366810551745144e-11	1.928210091408498906e-03
9.660000000000000000e+04	3.380727245866288654e-17	7.747196291518996077e-20	1.304526962429760851e-24	1.999999840571718701e-03	1.590096813414675163e-10	5.823368075564678542e-27	7.579626446306532155e-20	2.295615272772782501e-19	3.738046505394049025e-13	5.481249658623732332e-27	1.803428492629652766e-17	1.142931671100678230e-33	1.607178988878120093e-02	6.807178972935214178e-02	1.928210270645624481e-03	1.983424929822262941e-11	1.928210091427869045e-03
9.670000000000000000e+04	3.380535330463414175e-17	7.746756502602105862e-20	1.304452944151183763e-24	1.999999840571779416e-03	1.590096813380880440e-10	5.823368075440912274e-27	7.579169987020046455e-20	2.295471741161932385e-19	3.737631552680736244e-13	5.480641242252870698e-27	1.803326116515353092e-17	1.142801912059281027e-33	1.607178988874126760e-02	6.807178972931217376e-02	1.928210270685531795e-03	1.985483049092737440e-11	1.928210091447237233e-03
9.680000000000000000e+04	3.380348759029750854e-17	7.746328959801437407e-20	1.304380986944196010e-24	1.999999840571840132e-03	1.590096813347085460e-10	5.823368075317146007e-27	7.578726238034481872e-20	2.295332206247458727e-19	3.737228154435770941e-13	5.480049767397216588e-27	1.803226591109077261e-17	1.142675773273121385e-33	1.607178988870133426e-02	6.807178972927220573e-02	1.928210270725439109e-03	1.987541168363167673e-11	1.928210091466603252e-03
9.690000000000000000e+04	3.380167382682213717e-17	7.745913321939961160e-20	1.304311033387304188e-24	1.999999840571900847e-03	1.590096813313292288e-10	5.823368075193386196e-27	7.578294845262703398e-20	2.295196556692473296e-19	3.736835988922519690e-13	5.479474762316648208e-27	1.803129836990045138e-17	1.142553153502138758e-33	1.607178988866140093e-02	6.807178972923223770e-02	1.928210270765344254e-03	1.989599287633554930e-11	1.928210091485967103e-03
9.700000000000000000e+04	3.379991056830044327e-17	7.745509257676836426e-20	1.304243027714486181e-24	1.999999840571961562e-03	1.590096813279498858e-10	5.823368075069626386e-27	7.577875464784886407e-20	2.295064684349215997e-19	3.736454743361942644e-13	5.478915768404979760e-27	1.803035777027191894e-17	1.142433954430219034e-33	1.607178988862146760e-02	6.807178972919226967e-02	1.928210270805249399e-03	1.991657406903897598e-11	1.928210091505329002e-03
9.710000000000000000e+04	3.379819640819714911e-17	7.745116444693695129e-20	1.304176915678237982e-24	1.999999840572022278e-03	1.590096813245707238e-10	5.823368074945871597e-27	7.577467762071223362e-20	2.294936484027434350e-19	3.736084113685731825e-13	5.478372339827945191e-27	1.802944336189744634e-17	1.142318080453560151e-33	1.607178988858153426e-02	6.807178972915230164e-02	1.928210270845153243e-03	1.993715526174196968e-11	1.928210091524689166e-03
9.720000000000000000e+04	3.379652997952219819e-17	7.744734569734258196e-20	1.304112644556243527e-24	1.999999840572082993e-03	1.590096813211916134e-10	5.823368074822118962e-27	7.577071411986560499e-20	2.294811853488905664e-19	3.735723804291246241e-13	5.477844043163907602e-27	1.802855441556446829e-17	1.142205438661307594e-33	1.607178988854160093e-02	6.807178972911233361e-02	1.928210270885056220e-03	1.995773645444452717e-11	1.928210091544047163e-03
9.730000000000000000e+04	3.379490995261459846e-17	7.744363328096489495e-20	1.304050163065899723e-24	1.999999840572143708e-03	1.590096813178124514e-10	5.823368074698364173e-27	7.576686098294945118e-20	2.294690693297659392e-19	3.735373527807316886e-13	5.477330457060446151e-27	1.802769022197337647e-17	1.142095938711127062e-33	1.607178988850166759e-02	6.807178972907236558e-02	1.928210270924959197e-03	1.997831764714664522e-11	1.928210091563403424e-03
9.740000000000000000e+04	3.379333503631698070e-17	7.744002423901749359e-20	1.303989421409618529e-24	1.999999840572204424e-03	1.590096813144334961e-10	5.823368074574618712e-27	7.576311513876576783e-20	2.294572906876325023e-19	3.735033004865020671e-13	5.476831171898318491e-27	1.802685009236408157e-17	1.141989492880842626e-33	1.607178988846173426e-02	6.807178972903239755e-02	1.928210270964860005e-03	1.999889883984832706e-11	1.928210091582757951e-03
9.750000000000000000e+04	3.379180397353839772e-17	7.743651569077986632e-20	1.303930371103692066e-24	1.999999840572265139e-03	1.590096813110545409e-10	5.823368074450872533e-27	7.575947359767541057e-20	2.294458400222272645e-19	3.734701963874463331e-13	5.476345789464082293e-27	1.802603335614903306e-17	1.141886015791217232e-33	1.607178988842180092e-02	6.807178972899242952e-02	1.928210271004760813e-03	2.001948003254956946e-11	1.928210091602110743e-03
9.760000000000000000e+04	3.379031554370461260e-17	7.743310483921231506e-20	1.303872965072794824e-24	1.999999840572325854e-03	1.590096813076756631e-10	5.823368074327129225e-27	7.575593345646074311e-20	2.294347082042152624e-19	3.734380140807481443e-13	5.475873922631575308e-27	1.802523936222029391e-17	1.141785424546768996e-33	1.607178988838186759e-02	6.807178972895246150e-02	1.928210271044660971e-03	2.004006122525037565e-11	1.928210091621461583e-03
9.770000000000000000e+04	3.378886855960463953e-17	7.742978896372963737e-20	1.303817157528361697e-24	1.999999840572386570e-03	1.590096813042968630e-10	5.823368074203388068e-27	7.575249189143772939e-20	2.294238863546959812e-19	3.734067278989604785e-13	5.475415195056829956e-27	1.802446747726735019e-17	1.141687638542862767e-33	1.607178988834193425e-02	6.807178972891249347e-02	1.928210271084559828e-03	2.006064241795074564e-11	1.928210091640810689e-03
9.780000000000000000e+04	3.378746186712022002e-17	7.742656541958109739e-20	1.303762903958153629e-24	1.999999840572447285e-03	1.590096813009183472e-10	5.823368074079656956e-27	7.574914615761674567e-20	2.294133658421922596e-19	3.733763128890460160e-13	5.474969240870773103e-27	1.802371708563280496e-17	1.141592579425352148e-33	1.607178988830200092e-02	6.807178972887263646e-02	1.928210271124458468e-03	2.008122361065067295e-11	1.928210091660158710e-03
9.790000000000000000e+04	3.378609434437596081e-17	7.742343163590300968e-20	1.303710161093479694e-24	1.999999840572508000e-03	1.590096812975399348e-10	5.823368073955930149e-27	7.574589358667133836e-20	2.294031382762441649e-19	3.733467447931937585e-13	5.474535704397956176e-27	1.802298758885901440e-17	1.141500171051199454e-33	1.607178988826206759e-02	6.807178972883280721e-02	1.928210271164356457e-03	2.010180480335017052e-11	1.928210091679505214e-03
9.800000000000000000e+04	3.378476490050722564e-17	7.742038511289520564e-20	1.303658886861677914e-24	1.999999840572568716e-03	1.590096812941617033e-10	5.823368073832210517e-27	7.574273158409228939e-20	2.293931954986208786e-19	3.733180000287425323e-13	5.474114239862177197e-27	1.802227840503085264e-17	1.141410339385445545e-33	1.607178988822213425e-02	6.807178972879297796e-02	1.928210271204252929e-03	2.012238599604922541e-11	1.928210091698849549e-03
9.810000000000000000e+04	3.378347247568767755e-17	7.741742342188417986e-20	1.303609040387177434e-24	1.999999840572629431e-03	1.590096812907834460e-10	5.823368073708488732e-27	7.573965762900860098e-20	2.293835295822925868e-19	3.732900556698468506e-13	5.473704511117683311e-27	1.802158896879037657e-17	1.141323012519233418e-33	1.607178988818220092e-02	6.807178972875314871e-02	1.928210271244149400e-03	2.014296718874784733e-11	1.928210091718192800e-03
9.820000000000000000e+04	3.378221603846079663e-17	7.741454419920800981e-20	1.303560581888578112e-24	1.999999840572690146e-03	1.590096812874051628e-10	5.823368073584766230e-27	7.573666926834658348e-20	2.293741328140270069e-19	3.732628894289543082e-13	5.473306191377542193e-27	1.802091872991333863e-17	1.141238120471829123e-33	1.607178988814226758e-02	6.807178972871331946e-02	1.928210271284045872e-03	2.016354838144602981e-11	1.928210091737534966e-03
9.830000000000000000e+04	3.378099458720197827e-17	7.741174514956692022e-20	1.303513472735043388e-24	1.999999840572750862e-03	1.590096812840270864e-10	5.823368073461053054e-27	7.573376411967184187e-20	2.293649977021159298e-19	3.732364796391992160e-13	5.472918962955548430e-27	1.802026715408916384e-17	1.141155595303861800e-33	1.607178988810233425e-02	6.807178972867349021e-02	1.928210271323940175e-03	2.018412957414377608e-11	1.928210091756874965e-03
9.840000000000000000e+04	3.377980714753455143e-17	7.740902404010189112e-20	1.303467675346640412e-24	1.999999840572811577e-03	1.590096812806489583e-10	5.823368073337336292e-27	7.573093986554011393e-20	2.293561169595573250e-19	3.732108052369938414e-13	5.472542517010926582e-27	1.801963372154251394e-17	1.141075370926942951e-33	1.607178988806240091e-02	6.807178972863366095e-02	1.928210271363834478e-03	2.020471076684108614e-11	1.928210091776214096e-03
9.850000000000000000e+04	3.377865277243859836e-17	7.740637870064398147e-20	1.303423153198535445e-24	1.999999840572872292e-03	1.590096812772708820e-10	5.823368073213622399e-27	7.572819425350863326e-20	2.293474835036199368e-19	3.731858457452308466e-13	5.472176553302060668e-27	1.801901792709135187e-17	1.140997383123916841e-33	1.607178988802246758e-02	6.807178972859383170e-02	1.928210271403728781e-03	2.022529195953795353e-11	1.928210091795551926e-03
9.860000000000000000e+04	3.377753054128780467e-17	7.740380702150721348e-20	1.303379870783848433e-24	1.999999840572933008e-03	1.590096812738928573e-10	5.823368073089910658e-27	7.572552509390473481e-20	2.293390904489399320e-19	3.731615812570443146e-13	5.471820779948388399e-27	1.801841927963313756e-17	1.140921569469698940e-33	1.607178988798253425e-02	6.807178972855400245e-02	1.928210271443622217e-03	2.024587315223439118e-11	1.928210091814888238e-03
9.870000000000000000e+04	3.377643955866164441e-17	7.740130695076666783e-20	1.303337793567840862e-24	1.999999840572993723e-03	1.590096812705149360e-10	5.823368072966201070e-27	7.572293025712756682e-20	2.293309310992773907e-19	3.731379924199532169e-13	5.471474913197902401e-27	1.801783730151122165e-17	1.140847869262551234e-33	1.607178988794260785e-02	6.807178972851417320e-02	1.928210271483514352e-03	2.026645434493038615e-11	1.928210091834224116e-03
9.880000000000000000e+04	3.377537895500145346e-17	7.739887649576193683e-20	1.303296888013221214e-24	1.999999840573054438e-03	1.590096812671370406e-10	5.823368072842493635e-27	7.572040767482188495e-20	2.293229989504716940e-19	3.731150604201119623e-13	5.471138677196253539e-27	1.801727152886482851e-17	1.140776223555805582e-33	1.607178988790270921e-02	6.807178972847434395e-02	1.928210271523406487e-03	2.028703553762594815e-11	1.928210091853557609e-03
9.890000000000000000e+04	3.377434788403428100e-17	7.739651371719334265e-20	1.303257121480780065e-24	1.999999840573115154e-03	1.590096812637591193e-10	5.823368072718785482e-27	7.571795533428269617e-20	2.293152876738595555e-19	3.730927669678044448e-13	5.470811803774014702e-27	1.801672151025472811e-17	1.140706574994119295e-33	1.607178988786281057e-02	6.807178972843451470e-02	1.928210271563298621e-03	2.030761673032107071e-11	1.928210091872890669e-03
9.900000000000000000e+04	3.377334552357363881e-17	7.739421673095736057e-20	1.303218462260282808e-24	1.999999840573175869e-03	1.590096812603812497e-10	5.823368072595078046e-27	7.571557127994453222e-20	2.293077911201675669e-19	3.730710942825795305e-13	5.470494032228773115e-27	1.801618680709053356e-17	1.140638867856345254e-33	1.607178988782291193e-02	6.807178972839468545e-02	1.928210271603190105e-03	2.032819792301575383e-11	1.928210091892221993e-03
9.910000000000000000e+04	3.377237107404227905e-17	7.739198370476126750e-20	1.303180879513491057e-24	1.999999840573236584e-03	1.590096812570035353e-10	5.823368072471377068e-27	7.571325361009509091e-20	2.293005033096100773e-19	3.730500250789170644e-13	5.470185109114937532e-27	1.801566699284259520e-17	1.140573047964907822e-33	1.607178988778301329e-02	6.807178972835485620e-02	1.928210271643080072e-03	2.034877911571000397e-11	1.928210091911552885e-03
9.920000000000000000e+04	3.377142375818069174e-17	7.738981285745514522e-20	1.303144343262921427e-24	1.999999840573297299e-03	1.590096812536257949e-10	5.823368072347674655e-27	7.571100047608867429e-20	2.292934184292391617e-19	3.730295425526886437e-13	5.469884788045231517e-27	1.801516165288653028e-17	1.140509062656087516e-33	1.607178988774311465e-02	6.807178972831502695e-02	1.928210271682970038e-03	2.036936030840381467e-11	1.928210091930882041e-03
9.930000000000000000e+04	3.377050282053159644e-17	7.738770245785055104e-20	1.303108824371961686e-24	1.999999840573358015e-03	1.590096812502480804e-10	5.823368072223972959e-27	7.570881008109047030e-20	2.292865308289392645e-19	3.730096303677301705e-13	5.469592829493818939e-27	1.801467038422822792e-17	1.140446860753401644e-33	1.607178988770321601e-02	6.807178972827519770e-02	1.928210271722860004e-03	2.038994150109718593e-11	1.928210091950210980e-03
9.940000000000000000e+04	3.376960752696093111e-17	7.738565082362291830e-20	1.303074294526399875e-24	1.999999840573418730e-03	1.590096812468703143e-10	5.823368072100271980e-27	7.570668067890106140e-20	2.292798350176623433e-19	3.729902726426819356e-13	5.469309000603350424e-27	1.801419279524832592e-17	1.140386392526292678e-33	1.607178988766331737e-02	6.807178972823536844e-02	1.928210271762749971e-03	2.041052269379012098e-11	1.928210091969537968e-03
9.950000000000000000e+04	3.376873716271430842e-17	7.738365631685753041e-20	1.303040726159459732e-24	1.999999840573479445e-03	1.590096812434927290e-10	5.823368071976574589e-27	7.570461056971573151e-20	2.292733256508198170e-19	3.729714539385328452e-13	5.469033075002301835e-27	1.801372850466541031e-17	1.140327609566151835e-33	1.607178988762341873e-02	6.807178972819553919e-02	1.928210271802638202e-03	2.043110388648261982e-11	1.928210091988864956e-03
9.960000000000000000e+04	3.376789103450874821e-17	7.738171734884320863e-20	1.303008092532480193e-24	1.999999840573540161e-03	1.590096812401151696e-10	5.823368071852879351e-27	7.570259810435404885e-20	2.292669975421636275e-19	3.729531592461275904e-13	5.468764832621866488e-27	1.801327714265187757e-17	1.140270464919631955e-33	1.607178988758352009e-02	6.807178972815570994e-02	1.928210271842526000e-03	2.045168507917467923e-11	1.928210092008189776e-03
9.970000000000000000e+04	3.376706846635213992e-17	7.737983237049206245e-20	1.302976367573676140e-24	1.999999840573600876e-03	1.590096812367376102e-10	5.823368071729184112e-27	7.570064167532790848e-20	2.292608456376245034e-19	3.729353739740717567e-13	5.468504059518524669e-27	1.801283834860382484e-17	1.140214912812808610e-33	1.607178988754362145e-02	6.807178972811588069e-02	1.928210271882413798e-03	2.047226627186630242e-11	1.928210092027514595e-03
9.980000000000000000e+04	3.376626880302463371e-17	7.737799988031742567e-20	1.302945526012411445e-24	1.999999840573661591e-03	1.590096812333601026e-10	5.823368071605490308e-27	7.569873972400569071e-20	2.292548650357152141e-19	3.729180839375864934e-13	5.468250547710724968e-27	1.801241177299819796e-17	1.140160908879165647e-33	1.607178988750372281e-02	6.807178972807605144e-02	1.928210271922301596e-03	2.049284746455748941e-11	1.928210092046838331e-03
9.990000000000000000e+04	3.376549140645236396e-17	7.737621841612399834e-20	1.302915543239339940e-24	1.999999840573722307e-03	1.590096812299825173e-10	5.823368071481793635e-27	7.569689073284657455e-20	2.292490509647472035e-19	3.729012753466301117e-13	5.468004095004648664e-27	1.801199707545834744e-17	1.140108409920545166e-33	1.607178988746382417e-02	6.807178972803622219e-02	1.928210271962189611e-03	2.051342865724824019e-11	1.928210092066160982e-03
