structure,qh-G(T)_SPC
00-lpdoh2,-1436.7567855
01-rxt,-1997.904679
03-c1,-1997.887682
05-c2,-1997.945221
09-c3,-1822.028866
11-c4,-1821.999105
13-t1,-1997.901951
15-t2,-1997.913159
19-t3,-1822.01077
21-t4,-1822.018193
100-l2pd2oh4,-2873.513571
naphboh2,-561.150376
h2o,-76.368394
boh3,-252.272407
naph-c,-385.286152
naph-t,-385.286152
