structure,qh-G(T)_SPC
00-lpdoh2,-1788.7223365
01-rxt,-2349.870599
03-c1,-2349.859928
05-c2,-2349.914762
09-c3,-2174.000326
11-c4,-2173.977352
13-t1,-2349.86861
15-t2,-2349.878166
19-t3,-2173.972316
21-t4,-2173.980275
99-l2pd2oh4,-3577.444673
naphboh2,-561.150376
h2o,-76.368394
boh3,-252.272407
naphh-c,-385.286152
naphh-t,-385.286152
