structure,qh-G(T)_SPC
00-lpdoh2,-1397.5205905
01-rxt,-2073.053737
03-c1,-2073.036306
05-c2,-2073.093593
09-c3,-1897.179561
11-c4,-1897.146245
13-t1,-2073.053916
15-t2,-2073.062613
19-t3,-1897.157567
21-t4,-1897.1668
100-l2pd2oh4,-2795.041181
6omenaphboh2,-675.537712
h2o,-76.368394
boh3,-252.272407
6omenaph-c,-499.674855
6omenaph-t,-499.674855
