structure,qh-G(T)_SPC
00-lpdoh2,-1089.4673875
01-rxt,-1650.615994
03-c1,-1650.612625
05-c2,-1650.662992
09-c3,-1474.747032
11-c4,-1474.722401
13-t1,-1650.611454
15-t2,-1650.619804
19-t3,-1474.716196
21-t4,-1474.725725
99-l2pd2oh4,-2178.934775
naphboh2,-561.150376
h2o,-76.368394
boh3,-252.272407
naphh-c,-385.286152
naphh-t,-385.286152
