0.000000000000000000e+00	0.000000000000000000e+00	0.000000000000000000e+00	0.000000000000000000e+00	0.000000000000000000e+00	0.000000000000000000e+00	0.000000000000000000e+00	0.000000000000000000e+00	0.000000000000000000e+00	0.000000000000000000e+00	0.000000000000000000e+00	1.000000000000000021e-03	2.000000000000000042e-02	7.000000000000000666e-02	0.000000000000000000e+00	0.000000000000000000e+00	0.000000000000000000e+00
1.000000000000000000e+00	1.657817243687592255e-03	3.662321319837621625e-08	6.013402264776828726e-15	4.262847110380459331e-05	4.446904930042075388e-08	3.590612811000060813e-28	2.013664326251414072e-08	1.310294969227202662e-04	1.684190340162339229e-04	1.882721299134323010e-14	2.262663337143504336e-09	1.916635564008705231e-02	6.934007036797609769e-02	6.599296320238952048e-04	1.723850106762494460e-17	4.914661289395169143e-04
2.000000000000000000e+00	1.631737759293824938e-03	3.476681927456465264e-08	5.708588938722349962e-15	8.180305114647091807e-05	4.266513269045441464e-08	3.444957210265256984e-28	1.914411850242768803e-08	1.249059857786007544e-04	1.614522435998395986e-04	1.804875801185685295e-14	2.192034380860151617e-09	1.848563377619169210e-02	6.869239672406028674e-02	1.307603275939708430e-03	2.961744111243150771e-17	1.146108367189100589e-03
3.000000000000000000e+00	1.608990515855913787e-03	3.309047983286811884e-08	5.433339922732617396e-15	1.190557231666982411e-04	4.194797407115971879e-08	3.387050891904507935e-28	1.825076959911458764e-08	1.194298946432237996e-04	1.524263143721169553e-04	1.704009248352795785e-14	2.131344256395350539e-09	1.784305964084073604e-02	6.808159659990553614e-02	1.918403400094433877e-03	4.168016757536538039e-17	1.765935137731164308e-03
4.000000000000000000e+00	1.587016188389790434e-03	3.152737707111113511e-08	5.176683969670393021e-15	1.545303431018881001e-04	4.150033075783800259e-08	3.350906341012090225e-28	1.741548240037464567e-08	1.142817126990959868e-04	1.440771654969389575e-04	1.610705594183356854e-14	2.073525345210856009e-09	1.723559296165997137e-02	6.750445396032563050e-02	2.495546039674347103e-03	5.358320052132554859e-17	2.351427373830490986e-03
5.000000000000000000e+00	1.565761243596979760e-03	3.006734740619567087e-08	4.936952255085754183e-15	1.883455707000767146e-04	4.116482012344829619e-08	3.323815840967307141e-28	1.663320886888482325e-08	1.094350114925047814e-04	1.363662720817277688e-04	1.524534425248338951e-14	2.018355733361117570e-09	1.666054944808609967e-02	6.695837673083995800e-02	3.041623269160061670e-03	6.537639882726250080e-17	2.905215832242898782e-03
6.000000000000000000e+00	1.545200192793600357e-03	2.870178735923266779e-08	4.712732118130064364e-15	2.206098492274980306e-04	4.088905458850262352e-08	3.301549404464196124e-28	1.589972337573401941e-08	1.048682934046902323e-04	1.292322425851767035e-04	1.444809686194288829e-14	1.965695040546994869e-09	1.611550542923326917e-02	6.644102817338097544e-02	3.558971826619046833e-03	7.708313229122106161e-17	3.429698694964756003e-03
7.000000000000000000e+00	1.525308038950449812e-03	2.742294962987552762e-08	4.502751479447598356e-15	2.514226284163170906e-04	4.065074506336702377e-08	3.282307319297263502e-28	1.521119799106137044e-08	1.005617805931939259e-04	1.226204363004036984e-04	1.370920763619120895e-14	1.915410010981951843e-09	1.559826690066877693e-02	6.595029394383050692e-02	4.049706056169534441e-03	8.871687311683255171e-17	3.927044969110268791e-03
8.000000000000000000e+00	1.506060152006403596e-03	2.622384174385767651e-08	4.305862199459138541e-15	2.808752585795089166e-04	4.043822150832296956e-08	3.265147298757605279e-28	1.456415776077882057e-08	9.649725472387915028e-05	1.164823736940026768e-04	1.302325897178343891e-14	1.867373839942337320e-09	1.510684372131775727e-02	6.548425702262507253e-02	4.515742977374986172e-03	1.002864960577290096e-16	4.399220165446351624e-03
9.000000000000000000e+00	1.487432399809478396e-03	2.509814213264902204e-08	4.121026298937956275e-15	3.090517827556266118e-04	4.024498573750099850e-08	3.249544652756267343e-28	1.395544415978545734e-08	9.265793317330944920e-05	1.107749427186250534e-04	1.238543309643069945e-14	1.821466168080091689e-09	1.463942688719235830e-02	6.504117565671184431e-02	4.958824343288232607e-03	1.117983417124437869e-16	4.848009155571372970e-03
1.000000000000000000e+01	1.469401250755949379e-03	2.404012689185278179e-08	3.947303932997250335e-15	3.360296325914966051e-04	4.006695242353141115e-08	3.235169515262339898e-28	1.338218281522729396e-08	8.902835398751577495e-05	1.054597182266977417e-04	1.179143600959324250e-14	1.777572999787015281e-09	1.419436887214098504e-02	6.461946428103376716e-02	5.380535718966293277e-03	1.232572929090824588e-16	5.275035933775256737e-03
1.100000000000000000e+01	1.451943847031764850e-03	2.304460519476779355e-08	3.783842786225155280e-15	3.618802501898934045e-04	3.990139000886893755e-08	3.221801329154182718e-28	1.284175468590623170e-08	8.559426785071370296e-05	1.005023759945776842e-04	1.123743199663447453e-14	1.735586550050944541e-09	1.377016635579898611e-02	6.421767676020333215e-02	5.782323239796689253e-03	1.346672721646237736e-16	5.681780962400729412e-03
1.200000000000000000e+01	1.435038054075444668e-03	2.210686241714735137e-08	3.629868733971026584e-15	3.866696433740350581e-04	3.974637394274763106e-08	3.209284698336203970e-28	1.233177039580149966e-08	8.234253767681219075e-05	9.587218902284153424e-05	1.071998733803151571e-14	1.695405040976473966e-09	1.336544506447118197e-02	6.383449168415857022e-02	6.165508315841474601e-03	1.460315474818729584e-16	6.069596380433825086e-03
1.300000000000000000e+01	1.418662494223177578e-03	2.122261021290355004e-08	3.484677644952401006e-15	4.104588777273794316e-04	3.960048539969393303e-08	3.197505061040120755e-28	1.185004748833038952e-08	7.926104649911113321e-05	9.154159449511052550e-05	1.023602191521857588e-14	1.656932471845996460e-09	1.297894654448492752e-02	6.346869954137270009e-02	6.531300458627341265e-03	1.573529176343324614e-16	6.439719263636434730e-03
1.400000000000000000e+01	1.402796563089689233e-03	2.038794205115641095e-08	3.347628080595504666e-15	4.333045231870471495e-04	3.946263519399482451e-08	3.186374471959332772e-28	1.139458996171094645e-08	7.633861162743148146e-05	8.748581673917206882e-05	9.782767075099237065e-15	1.620078359792594168e-09	1.260951636715408435e-02	6.311919128450405037e-02	6.880808715496030022e-03	1.686338255066946950e-16	6.793283436111706430e-03
1.500000000000000000e+01	1.387420435948662472e-03	1.959929419185048771e-08	3.218134887369311781e-15	4.552590507481137864e-04	3.933196121900499599e-08	3.175823321079377262e-28	1.096357015171330204e-08	7.356490644090039584e-05	8.368254247615681206e-05	9.357729338083191878e-15	1.584757474827375716e-09	1.225609380065483499e-02	6.278494832071153386e-02	7.215051679288538716e-03	1.798764374707760085e-16	7.131329804841618318e-03
1.600000000000000000e+01	1.372515065670947129e-03	1.885341101006434171e-08	3.095663503159629374e-15	4.763711894609821236e-04	3.920776326431313386e-08	3.165795070549483074e-28	1.055531251002159048e-08	7.093038862824022539e-05	8.011163794344526806e-05	8.958658785778938350e-15	1.550889569526284783e-09	1.191770265382563823e-02	6.246503364064159153e-02	7.534966359358475849e-03	1.910826982330985201e-16	7.454815513642609401e-03
1.700000000000000000e+01	1.358062173309616599e-03	1.814731426136798821e-08	2.979724910749335161e-15	4.966862476599597951e-04	3.908945980890524564e-08	3.156242765985969836e-28	1.016827911303398923e-08	6.842623450202120689e-05	7.675490263791194220e-05	8.583521541206441283e-15	1.518399108887401973e-09	1.159344315369785494e-02	6.215858395145629905e-02	7.841416048543764852e-03	2.022543704397293701e-16	7.764622056437252978e-03
1.800000000000000000e+01	1.344044233911947071e-03	1.747827578159877300e-08	2.869871155217993841e-15	5.162464023458143703e-04	3.897655927043365888e-08	3.147126715020707253e-28	9.801056699855701079e-09	6.604427899570139903e-05	7.359585438904339011e-05	8.230475750285060762e-15	1.487215005617569674e-09	1.128248472730965755e-02	6.186480268798662946e-02	8.135197312013430979e-03	2.133930641989571771e-16	8.061562481056662802e-03
1.900000000000000000e+01	1.330444458166888397e-03	1.684379319645427582e-08	2.765691355542795402e-15	5.350909602662261288e-04	3.886863929667901013e-08	3.138412815209110194e-28	9.452345063097810268e-09	6.377696087395197280e-05	7.061954135960609206e-05	7.897850572598877238e-15	1.457270362071131653e-09	1.098405957426101982e-02	6.158295379154232752e-02	8.417046208457734657e-03	2.245002596057250043e-16	8.346387798450698170e-03
2.000000000000000000e+01	1.317246771331132427e-03	1.624156828189549841e-08	2.666808151453187078e-15	5.532565937979914798e-04	3.876533267202699025e-08	3.130071416061458543e-28	9.120946642582654687e-09	6.161727274518703432e-05	6.781237724071278268e-05	7.584127764232787063e-15	1.428502221621215006e-09	1.069745693227543495e-02	6.131235616133630384e-02	8.687643838663754864e-03	2.355773244030772484e-16	8.619792696082543421e-03
2.100000000000000000e+01	1.304435790349729946e-03	1.566948765878560803e-08	2.572874533558732497e-15	5.707775543699305631e-04	3.866631634573086233e-08	3.122076433139965962e-28	8.805757187761962032e-09	5.955871547682774870e-05	6.516199649413237675e-05	7.287925500963731745e-15	1.400851330863378146e-09	1.042201795130610550e-02	6.105237869640037229e-02	8.947621303599681206e-03	2.466255280514246618e-16	8.882420640781662352e-03
2.200000000000000000e+01	1.291996799404973540e-03	1.512560554012232702e-08	2.483571010505603101e-15	5.876858658295787234e-04	3.857130366781973035e-08	3.114404721154282065e-28	8.505757367017895884e-09	5.759525661297156072e-05	6.265712692049393753e-05	7.007984137676989207e-15	1.374261912464489506e-09	1.015713110323354477e-02	6.080243585704156462e-02	9.197564142958473271e-03	2.576460531877252162e-16	9.134868444727039030e-03
2.300000000000000000e+01	1.279915724814618006e-03	1.460812829463355366e-08	2.398603074373498309e-15	6.040114998789942102e-04	3.848003818690671697e-08	3.107035573171164082e-28	8.220005221701636082e-09	5.572129245943429867e-05	6.028747727158197714e-05	6.743153649004057647e-15	1.348681449887607648e-09	9.902228063814430201e-03	6.056198368428886841e-02	9.438016315711185086e-03	2.686400050801407363e-16	9.377690358394393313e-03
2.400000000000000000e+01	1.268179109633552374e-03	1.411540061535342970e-08	2.317698929604681259e-15	6.197825354547079535e-04	3.839228895549003336e-08	3.099950341545305190e-28	7.947629371877614865e-09	5.393161350639159954e-05	5.804363793622904934e-05	6.492382530968452522e-15	1.324060483951971744e-09	9.656780011874165071e-03	6.033051622386765428e-02	9.669483776132383607e-03	2.796084195529876886e-16	9.611401745900418139e-03
2.500000000000000000e+01	1.256774088102118048e-03	1.364589310701379435e-08	2.240607454897490288e-15	6.350253037105801218e-04	3.830784677054724046e-08	3.093132134369539220e-28	7.687822890661425903e-09	5.222137287650933251e-05	5.591699300548508142e-05	6.254707974289790690e-15	1.300352420733489988e-09	9.420294297862391933e-03	6.010756230816780010e-02	9.892437691832229110e-03	2.905522697066884435e-16	9.836482390973424333e-03
2.600000000000000000e+01	1.245688360475220640e-03	1.319819113423468928e-08	2.167096372118612488e-15	6.497645200742125857e-04	3.822652117355450809e-08	3.086565573244140201e-28	7.439837777011576628e-09	5.058605754110155595e-05	5.389964228207553377e-05	6.029247148980968046e-15	1.277513351144038246e-09	9.192311439948414389e-03	5.989268265559487270e-02	1.010731734440515651e-02	3.014724716802706662e-16	1.005337947559557625e-02
2.700000000000000000e+01	1.234910168151870337e-03	1.277098478606077331e-08	2.096950598515401420e-15	6.640234046797787500e-04	3.814813800677733844e-08	3.080236595961742049e-28	7.202979960996324268e-09	4.902146203476072871e-05	5.198433197327470497e-05	5.815189459329236140e-15	1.255501881246065864e-09	8.972402411147519657e-03	5.968546725182898027e-02	1.031453274817104894e-02	3.123698896400980933e-16	1.026251026805364425e-02
2.800000000000000000e+01	1.224428269403628590e-03	1.236305983462041581e-08	2.029970762159628992e-15	6.778237923354116148e-04	3.807253740226087086e-08	3.074132294130197445e-28	6.976604786127018897e-09	4.752366444805009369e-05	5.016439299713477674e-05	5.611789649678675344e-15	1.234278973199362312e-09	8.760166185469802497e-03	5.948553298192001126e-02	1.051446701808004223e-02	3.232453401356893784e-16	1.046426455253957055e-02
2.900000000000000000e+01	1.214231915833753530e-03	1.197328957889038757e-08	1.965971862722457528e-15	6.911862330558236553e-04	3.799957210741698483e-08	3.068240777973636145e-28	6.760112918759984210e-09	4.608900449106692729e-05	4.843368597542808767e-05	5.418361657458817565e-15	1.213807796397150416e-09	8.555227514990470725e-03	5.929252148594192640e-02	1.070747851405812016e-02	3.340995959315856330e-16	1.065900682850483283e-02
3.000000000000000000e+01	1.204310829552477811e-03	1.160062747666540482e-08	1.904782061669858185e-15	7.041300840779121358e-04	3.792910607678929623e-08	3.062551062625813583e-28	6.552946639534762732e-09	4.471406343284301601e-05	4.678655210142210452e-05	5.234273122728796861e-15	1.194053588104653863e-09	8.357234913156401032e-03	5.910609721424327917e-02	1.089390278575676739e-02	3.449333894008232110e-16	1.084707830454368846e-02
3.100000000000000000e+01	1.194655181171019138e-03	1.124410048053334512e-08	1.846241588053276973e-15	7.166735941779026542e-04	3.786101327664529982e-08	3.057052971607996440e-28	6.354586477748824353e-09	4.339564574765700710e-05	4.521776918681591630e-05	5.058940476494253261e-15	1.174983523180910612e-09	8.165858822568119318e-03	5.892594566118258131e-02	1.107405433881746698e-02	3.557474155480057796e-16	1.102879870861195669e-02
3.200000000000000000e+01	1.185255568675606030e-03	1.090280300342356506e-08	1.790201747673980769e-15	7.288339810216245239e-04	3.779517666168875641e-08	3.051737054204534017e-28	6.164548153830828106e-09	4.213076231390110231e-05	4.372251228022459407e-05	4.891824539894805251e-15	1.156566592425727182e-09	7.980789948037579282e-03	5.875177175872614566e-02	1.124822824127390437e-02	3.665423347166505895e-16	1.120446793381175282e-02
3.300000000000000000e+01	1.176102997107770316e-03	1.057589144676511584e-08	1.736524024625961137e-15	7.406275022016012635e-04	3.773148729240013618e-08	3.046594514193319669e-28	5.982379798196751758e-09	4.091661501975959298e-05	4.229631832440543932e-05	4.732426574719625514e-15	1.138773488858697988e-09	7.801737737960717269e-03	5.858329841345516487e-02	1.141670158654489037e-02	3.773187750252426215e-16	1.137436753672807672e-02
3.400000000000000000e+01	1.167188859130024276e-03	1.026257923352657538e-08	1.685079265738617658e-15	7.520695205470880312e-04	3.766984356838979145e-08	3.041617147943597950e-28	5.807659419244062885e-09	3.975058265184031942e-05	4.093505439332012984e-05	4.580284733967904371e-15	1.121576501585233006e-09	7.628428998969594144e-03	5.842026517240896805e-02	1.157973482759108719e-02	3.880773345684769858e-16	1.153876210334922429e-02
3.500000000000000000e+01	1.158504916491870330e-03	9.962132294438276737e-09	1.635746939430386185e-15	7.631745642318672100e-04	3.761015055831414930e-08	3.036797290310648438e-28	5.639992595801951357e-09	3.863020795063831824e-05	3.963488910266087993e-05	4.434970867041660575e-15	1.104949416804828868e-09	7.460606630544437678e-03	5.826242700485356751e-02	1.173757299514648252e-02	3.988185834139123674e-16	1.169790049588842300e-02
3.600000000000000000e+01	1.150043282304153477e-03	9.673864960678089681e-09	1.588414461302253254e-15	7.739563821520549156e-04	3.755231941082978302e-08	3.032127767073817711e-28	5.479010371661468649e-09	3.755318572657623309e-05	3.839226684215346353e-05	4.296087640269240979e-15	1.088867425350085573e-09	7.298028467738215154e-03	5.810955318849386070e-02	1.189044681150619107e-02	4.095430654192969114e-16	1.185201699233991678e-02
3.700000000000000000e+01	1.141796404107951789e-03	9.397136222239030465e-09	1.542976579774931972e-15	7.844279949969668476e-04	3.749626683408430742e-08	3.027601852908480749e-28	5.324367332500457169e-09	3.651735194106282319e-05	3.720388451401844841e-05	4.163265937488761735e-15	1.073307036331014270e-09	7.140466221494812769e-03	5.796142628993801449e-02	1.203857371006202166e-02	4.202512998918428685e-16	1.200133232927657993e-02
3.800000000000000000e+01	1.133757047872489604e-03	9.131346316904468519e-09	1.499334816010632948e-15	7.946017423956307875e-04	3.744191463358127097e-08	3.023213234071368591e-28	5.175739848372540457e-09	3.552067367221433200e-05	3.606667051281487065e-05	4.036162511103475237e-15	1.058245996769134589e-09	6.987704507154174523e-03	5.781784123030976608e-02	1.218215876969027701e-02	4.309437831075137805e-16	1.214605465725835352e-02
3.900000000000000000e+01	1.125918282610612704e-03	8.875933615023346811e-09	1.457396952404164969e-15	8.044893264818482040e-04	3.738918930008271205e-08	3.018955975126134083e-28	5.032824464657517793e-09	3.456123987813814217e-05	3.497776569641377221e-05	3.914457855641927378e-15	1.043663216287736211e-09	6.839539952788359009e-03	5.767860442790796738e-02	1.232139557209208092e-02	4.416209897057491972e-16	1.228638041720200337e-02
4.000000000000000000e+01	1.118273465909516620e-03	8.630371773902363582e-09	1.417076565344173476e-15	8.141018521887113252e-04	3.733802164067983610e-08	3.014824489154490826e-28	4.895336428924844073e-09	3.363725289808614985e-05	3.393450614556846822e-05	3.797854281191371653e-15	1.029538697108575220e-09	6.695780379863163628e-03	5.754353301065966153e-02	1.245646698934037809e-02	4.522833739728982783e-16	1.242249514516891029e-02
4.100000000000000000e+01	1.110816230038662745e-03	8.394167133440170147e-09	1.378292597585479473e-15	8.234498645522740331e-04	3.728834644729908808e-08	3.010813510990036768e-28	4.763008339601737065e-09	3.274702061741224053e-05	3.293440751696433334e-05	3.686074164898622301e-15	1.015853468427090539e-09	6.556244049539406565e-03	5.741245409188604210e-02	1.258754590811400967e-02	4.629313710258395139e-16	1.255457421224644154e-02
4.200000000000000000e+01	1.103540468867616250e-03	8.166856332078669777e-09	1.340968966796701280e-15	8.325433832782373148e-04	3.724010219785309980e-08	3.006918073087962362e-28	4.635588906381606377e-09	3.188894924796788525e-05	3.197515083182812475e-05	3.578858362892268025e-15	1.002589525339354157e-09	6.420758968592346454e-03	5.728520410356521125e-02	1.271479589643482316e-02	4.735653979057616134e-16	1.268278350549674645e-02
4.300000000000000000e+01	1.096440325406892362e-03	7.948004121081199926e-09	1.305034206672447695e-15	8.413919348004471549e-04	3.719323078598726433e-08	3.003133483703682460e-28	4.512841811273229794e-09	3.106153666348920086e-05	3.105456954568506660e-05	3.475964765369842165e-15	9.897297717210014415e-10	6.289162249573231923e-03	5.716162818188447875e-02	1.283837181811555567e-02	4.841858545908340612e-16	1.280728005533511918e-02
4.400000000000000000e+01	1.089510179956747335e-03	7.737201358826985491e-09	1.270421137603555384e-15	8.500045820397992939e-04	3.714767727599281075e-08	2.999455307103516891e-28	4.394544661482636133e-09	3.026336624762969178e-05	3.017063777626300230e-05	3.377166981105112246e-15	9.772579668141740981e-10	6.161299520353363118e-03	5.704157960038815089e-02	1.295842039961188179e-02	4.947931249354190431e-16	1.292821261415446656e-02
4.500000000000000000e+01	1.082744638876621595e-03	7.534063168764609677e-09	1.237066564219552524e-15	8.583899520513833510e-04	3.710338967995854361e-08	2.995879345571012388e-28	4.280488025777300549e-09	2.949310120794766256e-05	2.932145956821919630e-05	3.282253137817564896e-15	9.651586753328492027e-10	6.037024378704894910e-03	5.692491924651672114e-02	1.307508075348331501e-02	5.053875775425823730e-16	1.304572219052162196e-02
4.600000000000000000e+01	1.076138523961145876e-03	7.338227246216722950e-09	1.204910997371971334e-15	8.665562617314909611e-04	3.706031875464511596e-08	2.992401623005736405e-28	4.170474547129144134e-09	2.874947932012291818e-05	2.850525909616203859e-05	3.191024787393971432e-15	9.534172208727109338e-10	5.916197887980115429e-03	5.681151513773478184e-02	1.318848486226524737e-02	5.159695665758784989e-16	1.315994254284661401e-02
4.700000000000000000e+01	1.069686862316337507e-03	7.149352300034942422e-09	1.173898398259587359e-15	8.745113417405046179e-04	3.701841781592021438e-08	2.989018369940024893e-28	4.064318124531914315e-09	2.803130806323080859e-05	2.772037171236719095e-05	3.103295905501916800e-15	9.420196422578497306e-10	5.798688110345953488e-03	5.670124197382134246e-02	1.329875802617869023e-02	5.265394325157240453e-16	1.327100063604486589e-02
4.800000000000000000e+01	1.063384876796268953e-03	6.967116617627299482e-09	1.143975942810993664e-15	8.822626587827694152e-04	3.697764256887437530e-08	2.985726009821825896e-28	3.961843158270353401e-09	2.733746011582480410e-05	2.696523575711029278e-05	3.018891976423599366e-15	9.309526527704622663e-10	5.684369674376881475e-03	5.659398072223645326e-02	1.340601927776356901e-02	5.370975028650967060e-16	1.337901706436032609e-02
4.900000000000000000e+01	1.057227976887450700e-03	6.791216741885302607e-09	1.115093804440696875e-15	8.898173363730954967e-04	3.693795095198619932e-08	2.982521146431972486e-28	3.862883852892781079e-09	2.666686918207505371e-05	2.623838506023737317e-05	2.937649155133139283e-15	9.202036019170094709e-10	5.573123374105474169e-03	5.648961823376241059e-02	1.351038176623760474e-02	5.476440928087919230e-16	1.348410644322292282e-02
5.000000000000000000e+01	1.051211750095806677e-03	6.621366250701642204e-09	1.087204953650234626e-15	8.971821742072300793e-04	3.689930299390920350e-08	2.979400552320565603e-28	3.767283573161443586e-09	2.601852612187953635e-05	2.553844206713670303e-05	2.859413499148856766e-15	9.097604396899434090e-10	5.464835796912733204e-03	5.638804688589281466e-02	1.361195311410720414e-02	5.581795058300468603e-16	1.358637777273364981e-02
5.100000000000000000e+01	1.045331953754165526e-03	6.457294629819473920e-09	1.060264972954010837e-15	9.043636662439348464e-04	3.686166068163159308e-08	2.976361158161650410e-28	3.674894248316182484e-09	2.539147535966334622e-05	2.486411153133580038e-05	2.784040263703944255e-15	8.996116830558822846e-10	5.359398977881307639e-03	5.628916425167489190e-02	1.371083574832512170e-02	5.687040342879405363e-16	1.368593477512974020e-02
5.200000000000000000e+01	1.039584507286570253e-03	6.298746231359967176e-09	1.034231885873193588e-15	9.113680175968909237e-04	3.682498783890350853e-08	2.973400042936941193e-28	3.585575820788525150e-09	2.478481155083188210e-05	2.421417472208813523e-05	2.711393254465662968e-15	8.897463846180129344e-10	5.256710078451799252e-03	5.619287279192265033e-02	1.380712720807736153e-02	5.792179599586666915e-16	1.378287620836413443e-02
5.300000000000000000e+01	1.033965484821364016e-03	6.145479310212715478e-09	1.009065998714426689e-15	9.182011603261450465e-04	3.678925001396237169e-08	2.970514424870301875e-28	3.499195735361418162e-09	2.419767648329235928e-05	2.358748409808409811e-05	2.641344232342062621e-15	8.801541031584781919e-10	5.156671087427348171e-03	5.609907956891289904e-02	1.390092043108712844e-02	5.897215545434559827e-16	1.387729615773579048e-02
5.400000000000000000e+01	1.028471108186960895e-03	5.997265132066777276e-09	9.847297541116759362e-16	9.248687682112087527e-04	3.675441437569044476e-08	2.967701653043088988e-28	3.415628465631007501e-09	2.362925619688680876e-05	2.298295840635718374e-05	2.573772365802760219e-15	8.708248760233689327e-10	5.059188542542955060e-03	5.600769597984567999e-02	1.399230402015434228e-02	6.002150801456854684e-16	1.396928430733042695e-02
5.500000000000000000e+01	1.023097740313126712e-03	5.853887147354677495e-09	9.611875953907515844e-16	9.313762705811414041e-04	3.672044961744182945e-08	2.964959199628742560e-28	3.334755074850015459e-09	2.307877830445188453e-05	2.239957816816847932e-05	2.508563726443376828e-15	8.617491932980231350e-10	4.964173270977202158e-03	5.591863750850602915e-02	1.408136249149400006e-02	6.106987897194634750e-16	1.405892619287308319e-02
5.600000000000000000e+01	1.017841878906809109e-03	5.715140225005248300e-09	9.384058407542290806e-16	9.377288652708429088e-04	3.668732586785312688e-08	2.962284652691281479e-28	3.256462808013721024e-09	2.254550949666136767e-05	2.183638151740510666e-05	2.445610823941818988e-15	8.529179734653415942e-10	4.871540147327089489e-03	5.583182349369861242e-02	1.416817650630140986e-02	6.211729274917821989e-16	1.414630343745505725e-02
5.700000000000000000e+01	1.012700150474984311e-03	5.580829941643681695e-09	9.163525665706127163e-16	9.439315307665119715e-04	3.665501460802778886e-08	2.959675709498426940e-28	3.180644712958350230e-09	2.202875321813535441e-05	2.129246035984347260e-05	2.384812176870071488e-15	8.443225405958474353e-10	4.781207867700978768e-03	5.574717691316124352e-02	1.425282308683877876e-02	6.316377293601427507e-16	1.423149397146129813e-02
5.800000000000000000e+01	1.007669304656125513e-03	5.450771921606122594e-09	8.949974990070570364e-16	9.499890375989062351e-04	3.662348859454926691e-08	2.957130170305363995e-28	3.107199288109509030e-09	2.152784750164026309e-05	2.076695682716824505e-05	2.326071916443904968e-15	8.359546029322493007e-10	4.693098738693128949e-03	5.566462418176581356e-02	1.433537581823419484e-02	6.420934232673896122e-16	1.431457223791545059e-02
5.900000000000000000e+01	1.002746208815579734e-03	5.324791223547224914e-09	8.743119133124977934e-16	9.559059590375406290e-04	3.659272178782767614e-08	2.954645932569168960e-28	3.036030154675412960e-09	2.104216294740744852e-05	2.025905999823871472e-05	2.269299420136281363e-15	8.278062327293268053e-10	4.607138480118688935e-03	5.558409496292591317e-02	1.441590503707409002e-02	6.525402295553473165e-16	1.439560938435112923e-02
6.000000000000000000e+01	9.979278429180574173e-04	5.202721770075580140e-09	8.542685401658017417e-16	9.616866811352380636e-04	3.656268928534076784e-08	2.952220985558402111e-28	2.967045751473195328e-09	2.057110083754590748e-05	1.976800286660402290e-05	2.214408972808169117e-15	8.198698473108330747e-10	4.523256040476588899e-03	5.550552199221776145e-02	1.449447800778222439e-02	6.629783612987192373e-16	1.447467344222344576e-02
6.100000000000000000e+01	9.932112946721386067e-04	5.084405817080729292e-09	8.348414785411373442e-16	9.673354121684196684e-04	3.653336725937201167e-08	2.949853405325834418e-28	2.900159050665507075e-09	2.011409137566481074e-05	1.929305953302826003e-05	2.161319452983394127e-15	8.121381912795535420e-10	4.441383424196886955e-03	5.542884091230669552e-02	1.457115908769329553e-02	6.734080246205858023e-16	1.455182949479016247e-02
6.200000000000000000e+01	9.885937548841706481e-04	4.969693459399805746e-09	8.160061145401830661e-16	9.728561915146143046e-04	3.650473289887892298e-08	2.947541350014657315e-28	2.835287292645996678e-09	1.967059204121435567e-05	1.883354260330114121e-05	2.109954042063150881e-15	8.046043197257248015e-10	4.361455529810749285e-03	5.535399011834816335e-02	1.464600988165182596e-02	6.838294189907311770e-16	1.462713983431281929e-02
6.300000000000000000e+01	9.840725130597358702e-04	4.858442170263856114e-09	7.977390457708390782e-16	9.782528980060189224e-04	3.647676435517237012e-08	2.945283055472399226e-28	2.772351738773158123e-09	1.924008605135392778e-05	1.838880077595859478e-05	2.060239954762290704e-15	7.972615824493200534e-10	4.283409998246998258e-03	5.528091061309910875e-02	1.471908938690089444e-02	6.942427375079332945e-16	1.470066410935782011e-02
6.400000000000000000e+01	9.796449532087714643e-04	4.750516371791324148e-09	7.800180108237752629e-16	9.835292577944204900e-04	3.644944069110523840e-08	2.943076831148219163e-28	2.711277440519923898e-09	1.882208092185504958e-05	1.795821660311918902e-05	2.012108188890536361e-15	7.901036090814907319e-10	4.207187070528987417e-03	5.520954587103987787e-02	1.479045412896011838e-02	7.046481671672598077e-16	1.477245946291358414e-02
6.500000000000000000e+01	9.753085499074992367e-04	4.645787034457680607e-09	7.628218235067574076e-16	9.886888517605567708e-04	3.642274183350597813e-08	2.940921056252197408e-28	2.651993023975761176e-09	1.841610712101723082e-05	1.754120441153149781e-05	1.965493293036867290e-15	7.831242951487399830e-10	4.132729454199702071e-03	5.513984171086214886e-02	1.486015828913786994e-02	7.150458891133338553e-16	1.484258066198180896e-02
6.600000000000000000e+01	9.710608644535176012e-04	4.544131302651247560e-09	7.461303113622388343e-16	9.937351224981278916e-04	3.639664852860841907e-08	2.938814176156548596e-28	2.594430488167157616e-09	1.802171680726635740e-05	1.713720836952752299e-05	1.920333150557817757e-15	7.763177887792648865e-10	4.059982197862727245e-03	5.507174617573071945e-02	1.492825382426931670e-02	7.254360788804552358e-16	1.491108021924860035e-02
6.700000000000000000e+01	9.668995412780593884e-04	4.445432145183335446e-09	7.299242582823560162e-16	9.986713809002939653e-04	3.637114230025281876e-08	2.936754699020618799e-28	2.538525016634691019e-09	1.763848264749923024e-05	1.674570068938511781e-05	1.876568778697517937e-15	7.696784782819481682e-10	3.988892573271729525e-03	5.500520942077748859e-02	1.499479057922255450e-02	7.358189066204092368e-16	1.497800850738824352e-02
6.800000000000000000e+01	9.628223045335144049e-04	4.349578028561129147e-09	7.141853508614914510e-16	1.003500812375212941e-03	3.634620541066402170e-08	2.934741192623931275e-28	2.484214801106743181e-09	1.726599670916190206e-05	1.636617995454112194e-05	1.834144141659320699e-15	7.632009804322498809e-10	3.919409964443731909e-03	5.494018360732172424e-02	1.505981639267831886e-02	7.461945373187139203e-16	1.504341386651577434e-02
6.900000000000000000e+01	9.588269547864568991e-04	4.256462611088713044e-09	6.988961281687441949e-16	1.008226482714146520e-03	3.632182082360608864e-08	2.932772281391165696e-28	2.431440876264508419e-09	1.690386942021331729e-05	1.599816956108542285e-05	1.793005976447549758e-15	7.568801293250231392e-10	3.851485763317586200e-03	5.487662280335621479e-02	1.512337719664383351e-02	7.565631310000219496e-16	1.510734270525936063e-02
7.000000000000000000e+01	9.549113659464328980e-04	4.165984456895519750e-09	6.840399347924086693e-16	1.012851343634763599e-03	3.629797216975588088e-08	2.930846643596254274e-28	2.380146965111220555e-09	1.655172859390200891e-05	1.564121626532233615e-05	1.753103630562222514e-15	7.507109659737418624e-10	3.785073271512105243e-03	5.481448288987297163e-02	1.518551711012709401e-02	7.669248429233258968e-16	1.516983959588706632e-02
7.100000000000000000e+01	9.510734822576139219e-04	4.078046767738085244e-09	6.696008768027704303e-16	1.017378238020228949e-03	3.627464371412829067e-08	2.928963008732186244e-28	2.330279333838648735e-09	1.620921851207322937e-05	1.529488882918362733e-05	1.714388910627883421e-15	7.446887283565298157e-10	3.720127607773251154e-03	5.475372147263241063e-02	1.524627852736765328e-02	7.772798237675802710e-16	1.523094736389224609e-02
7.200000000000000000e+01	9.473113154886542413e-04	3.992557131915403244e-09	6.555637805248956777e-16	1.021809904873233676e-03	3.625182032541821459e-08	2.927120155035535881e-28	2.281786655812626292e-09	1.587599906436098100e-05	1.495877675560944475e-05	1.676815941076257568e-15	7.388088420989819278e-10	3.656605620733301837e-03	5.469429779901543998e-02	1.530570220098464475e-02	7.876282198083036113e-16	1.529070717240623226e-02
7.300000000000000000e+01	9.436229422408288440e-04	3.909427288782697371e-09	6.419141538726220710e-16	1.026148984002988413e-03	3.622948744712179898e-08	2.925316907154681224e-28	2.234619883922423221e-09	1.555174493927670128e-05	1.463248910826051172e-05	1.640341032252529165e-15	7.330669116461110498e-10	3.594465806627674623e-03	5.463617267961783097e-02	1.536382732038223467e-02	7.979701730856879017e-16	1.534915860178407733e-02
7.400000000000000000e+01	9.400065013727520839e-04	3.828572907781234502e-09	6.286381500660371567e-16	1.030398020461576088e-03	3.620763107031748620e-08	2.923552133952034475e-28	2.188732130671233416e-09	1.523614486281445353e-05	1.431565340774724153e-05	1.604922557072004096e-15	7.274587118996268226e-10	3.533668231648578583e-03	5.457930841427870855e-02	1.542069158572135536e-02	8.083058215647084426e-16	1.540633972468010912e-02
7.500000000000000000e+01	9.364601915410429708e-04	3.749913381002061164e-09	6.157225335711732315e-16	1.034559468745229697e-03	3.618623770799511279e-08	2.921824746431263278e-28	2.144078555539369920e-09	1.492890088237541425e-05	1.400791460005252767e-05	1.570520835744131285e-15	7.219801803014644215e-10	3.474174458632285807e-03	5.452366872225251210e-02	1.547633127774755701e-02	8.186352992876869861e-16	1.546228717690739315e-02
7.600000000000000000e+01	9.329822688612388884e-04	3.673371628393738630e-09	6.031546481158087849e-16	1.038635696774700429e-03	3.616529437082725997e-08	2.920133695780978067e-28	2.100616259114339804e-09	1.462972769252396691e-05	1.370893409098075059e-05	1.537098027874702057e-15	7.166274093526774837e-10	3.415947477803221374e-03	5.446921867625898611e-02	1.553078132374106392e-02	8.289587365197415153e-16	1.551703622435332899e-02
7.700000000000000000e+01	9.295710446856327112e-04	3.598873914741728331e-09	5.909223866381274638e-16	1.042628989668329797e-03	3.614478854429371274e-08	2.918477971527664645e-28	2.058304183543705256e-09	1.433835200010805108e-05	1.341838884242779580e-05	1.504618031476371468e-15	7.113966395446969071e-10	3.358951641315183461e-03	5.441592464016237196e-02	1.558407535983768327e-02	8.392762598875115758e-16	1.557062082620435176e-02
7.800000000000000000e+01	9.262248834548293805e-04	3.526349677489434203e-09	5.790141630155424485e-16	1.046541553320115212e-03	3.612470816706387543e-08	2.916856599790186455e-28	2.017103018815854769e-09	1.405451192571925954e-05	1.313597052576136553e-05	1.473046388360878585e-15	7.062842526227324439e-10	3.303152601349899301e-03	5.436375421004906172e-02	1.563624578995098657e-02	8.495879925115421520e-16	1.562307369471471231e-02
7.900000000000000000e+01	9.229422006699389454e-04	3.455731364857792142e-09	5.674188854845039338e-16	1.050375517794323570e-03	3.610504161055974608e-08	2.915268641629624031e-28	1.976975114572832129e-09	1.377795643960054224e-05	1.286138472801462306e-05	1.442350195433062571e-15	7.012867652381575277e-10	3.248517251551673833e-03	5.431267615849271618e-02	1.568732384150733905e-02	8.598940541326667772e-16	1.567442635173539947e-02
8.000000000000000000e+01	9.197214609518572764e-04	3.386954283470133318e-09	5.561259316210412881e-16	1.054132940547726017e-03	3.608577765962592967e-08	2.913713191488489933e-28	1.937884397047320165e-09	1.350844482968298978e-05	1.259435020778320009e-05	1.412498021539035419e-15	6.964008229255598039e-10	3.195013671588830574e-03	5.426266038180555668e-02	1.573733961819450550e-02	8.701945612327159717e-16	1.572470918220677388e-02
8.100000000000000000e+01	9.165611761635125785e-04	3.319956454777866651e-09	5.451251247663655656e-16	1.057815809489224277e-03	3.606690549422977593e-08	2.912189375713116245e-28	1.899796290735680593e-09	1.324574619921712129e-05	1.233459819659605227e-05	1.383459829395739481e-15	6.916231943552741319e-10	3.142611074651638619e-03	5.421367785009344881e-02	1.578632214990661684e-02	8.804896271498639920e-16	1.577395148480225523e-02
8.200000000000000000e+01	9.134599036584636336e-04	3.254678479956832779e-09	5.344067118433292470e-16	1.061426045886585843e-03	3.604841467213559829e-08	2.910696351154713425e-28	1.862677644638162845e-09	1.298963899305048274e-05	1.208187174322632804e-05	1.355206902319125585e-15	6.869507659465015055e-10	3.091279757706170972e-03	5.416570055994253396e-02	1.583429944005752821e-02	8.907793621888866375e-16	1.582218151989738322e-02
8.300000000000000000e+01	9.104162445611976200e-04	3.191063412390506095e-09	5.239613424186172565e-16	1.064965507129009758e-03	3.603029511248757394e-08	2.909233303843775144e-28	1.826496662600239216e-09	1.273991054975463587e-05	1.183592509759809031e-05	1.327711775376772895e-15	6.823805366862380568e-10	3.040991054337725558e-03	5.411870148957716176e-02	1.588129851042290389e-02	9.010638737266124288e-16	1.586942655502797395e-02
8.400000000000000000e+01	9.074288421539477602e-04	3.129056637533312539e-09	5.137800489767290071e-16	1.068435989353722169e-03	3.601253708024706192e-08	2.907799447733487992e-28	1.791222837633933588e-09	1.249635667872566338e-05	1.159652313173323662e-05	1.300948170679783434e-15	6.779096132578689461e-10	2.991717290028698614e-03	5.407265455634120005e-02	1.592734544365885865e-02	9.113432663128072686e-16	1.591571290798783622e-02
8.500000000000000000e+01	9.044963803240326514e-04	3.068605759525006368e-09	5.038542283024586199e-16	1.071839229944361073e-03	3.599513117143159156e-08	2.906394023507869509e-28	1.756826889890352270e-09	1.225878126032097175e-05	1.136344079519735633e-05	1.274890936529752484e-15	6.735352053999708543e-10	2.943431739725594406e-03	5.402753457636350065e-02	1.597246542363655458e-02	9.216176417667348615e-16	1.596106598770800564e-02
8.600000000000000000e+01	9.016175820602393733e-04	3.009660494104728732e-09	4.941756238977624971e-16	1.075176909908355646e-03	3.597806829910857051e-08	2.905016297450837819e-28	1.723280708042354583e-09	1.202699586754875256e-05	1.113646260263248679e-05	1.249515990151234862e-15	6.692546214702098767e-10	2.896108587560731942e-03	5.398331722627839474e-02	1.601668277372165008e-02	9.318870992696155511e-16	1.600551033304856152e-02
8.700000000000000000e+01	8.987912080577765408e-04	2.952172567630264261e-09	4.847363094010770178e-16	1.078450656140053643e-03	3.596133968009771447e-08	2.903665560372514770e-28	1.690557293971413779e-09	1.180081940863239972e-05	1.091538215156523596e-05	1.224800263807619835e-15	6.650652642945062996e-10	2.849722888601467861e-03	5.393997900688053682e-02	1.606002099311949066e-02	9.421517354531893672e-16	1.604906964962610205e-02
8.800000000000000000e+01	8.960160553333390608e-04	2.896095621507857496e-09	4.755286728950325512e-16	1.081662043575996922e-03	3.594493682234148822e-08	2.902341126589464055e-28	1.658630710386943457e-09	1.158007778815204982e-05	1.070000166799191905e-05	1.200721654020717156e-15	6.609646271474190690e-10	2.804250532509985645e-03	5.389749720860098625e-02	1.610250279139905163e-02	9.524116444845777381e-16	1.609176684479210126e-02
8.900000000000000000e+01	8.932909559298170005e-04	2.841385121962179970e-09	4.665454020910001716e-16	1.084812597248146658e-03	3.592885151290372073e-08	2.901042332955646005e-28	1.627476031340886599e-09	1.136460358653963589e-05	1.049013157823308032e-05	1.177258973726023077e-15	6.569502899748961441e-10	2.759668209003871778e-03	5.385584987870022794e-02	1.614415012129981689e-02	9.626669181476361510e-16	1.613362406086793835e-02
9.000000000000000000e+01	8.906147756709190642e-04	2.787998274695665526e-09	4.577794703164567906e-16	1.087903794240772633e-03	3.591307580655973388e-08	2.899768537941146145e-28	1.597069295397613530e-09	1.115423575645943445e-05	1.028559010549068390e-05	1.154391907188412624e-15	6.530199157935939973e-10	2.715953375013198563e-03	5.381501579007850339e-02	1.618498420992154144e-02	9.729176459209638192e-16	1.617466270673812226e-02
9.100000000000000000e+01	8.879864129505193795e-04	2.735893944100638207e-09	4.492241232499001280e-16	1.090937065556047509e-03	3.589760201494309098e-08	2.898519120755830479e-28	1.567387461270420752e-09	1.094881933480320252e-05	1.008620288887548604e-05	1.132100967428687190e-15	6.491712472384288097e-10	2.673084223439957125e-03	5.377497441161270542e-02	1.622502558838733941e-02	9.831639150527383792e-16	1.621490348789433183e-02
9.200000000000000000e+01	8.854047975982734606e-04	2.685032576880148627e-09	4.408728663796623352e-16	1.093913797893509687e-03	3.588242269622192605e-08	2.897293480515774692e-28	1.538408365865359466e-09	1.074820517015106894e-05	9.891802624398840800e-06	1.110367456104739153e-15	6.454021033135733599e-10	2.631039653427556801e-03	5.373570587993262149e-02	1.626429412006739905e-02	9.934058106325322107e-16	1.625436643501820475e-02
9.300000000000000000e+01	8.828688897783004957e-04	2.635376129686223903e-09	4.327194531223637832e-16	1.096835335347735255e-03	3.586753064526852432e-08	2.896091035449515344e-28	1.510110684496396645e-09	1.055224966391493514e-05	9.702228725643608620e-06	1.089173425591698415e-15	6.417103762777885597e-10	2.589799242057800287e-03	5.369719097255669371e-02	1.630280902744330254e-02	1.003643415660250596e-15	1.629307093118492061e-02
9.400000000000000000e+01	8.803776789267973813e-04	2.586888000559698662e-09	4.247578735655770523e-16	1.099702981028698092e-03	3.585291888429846998e-08	2.894911222142217721e-28	1.482473893180337101e-09	1.036081452489042786e-05	9.517327003410976295e-06	1.068501643182562103e-15	6.380940286679508156e-10	2.549343217395382433e-03	5.365941108231130074e-02	1.634058891768869898e-02	1.013876811112333519e-15	1.633103573776431908e-02
9.500000000000000000e+01	8.779301827475075211e-04	2.539532964006300994e-09	4.169823438075487297e-16	1.102517998608879089e-03	3.583858065395371190e-08	2.893753494815681963e-28	1.455478232905098840e-09	1.017376653634090244e-05	9.336949362963249720e-06	1.048335557255187276e-15	6.345510904834286916e-10	2.509652432806182623e-03	5.362234819296303467e-02	1.637765180703698240e-02	1.024106076005348898e-15	1.636827901909128011e-02
9.600000000000000000e+01	8.755254462450064862e-04	2.493277109439166629e-09	4.093872958496778667e-16	1.105281613800851350e-03	3.582450940480094697e-08	2.892617324641893803e-28	1.429104675737414764e-09	9.990977334913285195e-06	9.160953517892124625e-06	1.028659265297124824e-15	6.310796564974461692e-10	2.470708342479441787e-03	5.358598485599741501e-02	1.641401514400259859e-02	1.034331287457103077e-15	1.640481836597322204e-02
9.700000000000000000e+01	8.731625407797756954e-04	2.448087782753348431e-09	4.019673680032570514e-16	1.107995015769108749e-03	3.581069878922954474e-08	2.891502199088822665e-28	1.403334892633115674e-09	9.812323200401190738e-06	8.989202719253360752e-06	1.009457483636332537e-15	6.276778836684117178e-10	2.432492978089599838e-03	5.355030416848219343e-02	1.644969583151779935e-02	1.044552520745380197e-15	1.644067081809769820e-02
9.800000000000000000e+01	8.708405631965260947e-04	2.403933530995176237e-09	3.947173958043756872e-16	1.110659358479339914e-03	3.579714265371959250e-08	2.890407621296118305e-28	1.378151222942135336e-09	9.637684856453209405e-06	8.821565499614545118e-06	9.907155188385788955e-16	6.243439887212834392e-10	2.394988926535262380e-03	5.351528975195621318e-02	1.648471024804379001e-02	1.054769849364427397e-15	1.647585288539947512e-02
9.900000000000000000e+01	8.685586349387700326e-04	2.360784049713041779e-09	3.876324033691064605e-16	1.113275761988478767e-03	3.578383503146623011e-08	2.889333109479567939e-28	1.353536645372661107e-09	9.466947280595390819e-06	8.657915430422012996e-06	9.724192405929666966e-16	6.210762457699925628e-10	2.358179308699159728e-03	5.348092573228933194e-02	1.651907426771066778e-02	1.064983345079278145e-15	1.651038056844317259e-02
1.000000000000000000e+02	8.663159012490448917e-04	2.318610133111597121e-09	3.807075952089994936e-16	1.115845313678510975e-03	3.577077013534000557e-08	2.888278196362683842e-28	1.329474750487070854e-09	9.299999524106799284e-06	8.498130892465993313e-06	9.545550560614176500e-16	6.178729841205373518e-10	2.322047759174219843e-03	5.344719672046212289e-02	1.655280327953788377e-02	1.075193077978022948e-15	1.654426937787324345e-02
1.010000000000000000e+02	8.641115303708179910e-04	2.277383626623308623e-09	3.739383484434994052e-16	1.118369069436757259e-03	3.575794235116049366e-08	2.887242428633588765e-28	1.305949714523954554e-09	9.136734540487611935e-06	8.342094858370193119e-06	9.371098855717058168e-16	6.147325861304897963e-10	2.286578406904981112e-03	5.341408779421593506e-02	1.658591220578403691e-02	1.085399116522120929e-15	1.657753435298128450e-02
1.020000000000000000e+02	8.619447127771477559e-04	2.237077381835139692e-09	3.673202053990655859e-16	1.120848054785530956e-03	3.574534623127589878e-08	2.886225366426609940e-28	1.282946274502711270e-09	8.977049022126143467e-06	8.189694686361443477e-06	9.200711395709803352e-16	6.116534851583548016e-10	2.251755856697210383e-03	5.338158448052888333e-02	1.661841551947108517e-02	1.095601527594826618e-15	1.661019007943647860e-02
1.030000000000000000e+02	8.598146604551231862e-04	2.197665213714757997e-09	3.608488665858669902e-16	1.123283265963434746e-03	3.573297648842396520e-08	2.885226582826580843e-28	1.260449704588347317e-09	8.820843245116713051e-06	8.040821924780768359e-06	9.034266967797579362e-16	6.086341636409933737e-10	2.217565171550387078e-03	5.334967273887421257e-02	1.665032726112575592e-02	1.105800376547829380e-15	1.664225070622247712e-02
1.040000000000000000e+02	8.577206061983219752e-04	2.159121859887361057e-09	3.545201840111805616e-16	1.125675670960915760e-03	3.572082798986565194e-08	2.884245663395170482e-28	1.238445793582381157e-09	8.668020921388566025e-06	7.895372126758555843e-06	8.871648834816326870e-16	6.056731512283437806e-10	2.183991855770284641e-03	5.331833894522058220e-02	1.668166105477937242e-02	1.115995727246182397e-15	1.667372996182261632e-02
1.050000000000000000e+02	8.556618029269324804e-04	2.121422941902772421e-09	3.483301548195842606e-16	1.128026210512125599e-03	3.570889575177404237e-08	2.883282205717821849e-28	1.216920823498675280e-09	8.518489057782940778e-06	7.753244674146435693e-06	8.712744538473956687e-16	6.027690230008849682e-10	2.151021838822939850e-03	5.328756987673693990e-02	1.671243012326300084e-02	1.126187642111591213e-15	1.670464116969110416e-02
1.060000000000000000e+02	8.536375230498951432e-04	2.084544928422231729e-09	3.422749152483601759e-16	1.130335799045354729e-03	3.569717493386783464e-08	2.882335818970439497e-28	1.195861549195795075e-09	8.372157822016898057e-06	7.614342610595738044e-06	8.557445712813634756e-16	5.999203977878219350e-10	2.118641459891361205e-03	5.325735269716550674e-02	1.674264730283442013e-02	1.136376182164137771e-15	1.673499726304690169e-02
1.070000000000000000e+02	8.516470578256786798e-04	2.048465100114213944e-09	3.363507348635093618e-16	1.132605325593914530e-03	3.568566083427398098e-08	2.881406123504570218e-28	1.175255178944854373e-09	8.228940414684767228e-06	7.478572482911463125e-06	8.405647906923336374e-16	5.971259365222937458e-10	2.086837453100218176e-03	5.322767494282939355e-02	1.677232505717053332e-02	1.146561407062504231e-15	1.676481079902480270e-02
1.080000000000000000e+02	8.496897167755757853e-04	2.013161516300035444e-09	3.305540110830800742e-16	1.134835654669564490e-03	3.567434888461410914e-08	2.880492750450674598e-28	1.155089355958198278e-09	8.088752947496711187e-06	7.345844190415287163e-06	8.257250416596962073e-16	5.943843407075174256e-10	2.055596933374907124e-03	5.319852450924313081e-02	1.680147549075679952e-02	1.156743375142766589e-15	1.679409397221552289e-02
1.090000000000000000e+02	8.477648270956959515e-04	1.978612983128508016e-09	3.248812639515574470e-16	1.137027627099990081e-03	3.566323464529484710e-08	2.879595341337835686e-28	1.135352140757915437e-09	7.951514326971560024e-06	7.216070841759846823e-06	8.112156124320839049e-16	5.916943509161248540e-10	2.024907382903614900e-03	5.316988963829601123e-02	1.683011036170394339e-02	1.166922143455810148e-15	1.682285862762555873e-02
1.100000000000000000e+02	8.458717331053412910e-04	1.944799023288165278e-09	3.193291311667189315e-16	1.139182060832328192e-03	3.565231380100091302e-08	2.878713547729858600e-28	1.116031994387376821e-09	7.817146143586893321e-06	7.089168618815508195e-06	7.970271347164396870e-16	5.890547453737370448e-10	1.994756638172579324e-03	5.314175890597985091e-02	1.685824109402013146e-02	1.177097767803436082e-15	1.685111627308553961e-02
1.110000000000000000e+02	8.440097957089358642e-04	1.911699847123617434e-09	3.138943633370404489e-16	1.141299751704099707e-03	3.564158215637360606e-08	2.877847030876329721e-28	1.097117762396815569e-09	7.685572565989793632e-06	6.965056647255638349e-06	7.831505692155973533e-16	5.864643385929325433e-10	1.965132877546473065e-03	5.311412121063450315e-02	1.688587878936548617e-02	1.187270302773203444e-15	1.687887809113410367e-02
1.120000000000000000e+02	8.421783918804734512e-04	1.879296325104515078e-09	3.085738194611986886e-16	1.143381474183208929e-03	3.563103563187070784e-08	2.876995461378340871e-28	1.078598659569940119e-09	7.556720239997483197e-06	6.843656873362342858e-06	7.695771918610033262e-16	5.839219800685168345e-10	1.936024609367661530e-03	5.308696576168617232e-02	1.691303423831381006e-02	1.197439801772067580e-15	1.690615495040284980e-02
1.130000000000000000e+02	8.403769141763786860e-04	1.847569961590421703e-09	3.033644626203550275e-16	1.145427982078442951e-03	3.562067025979747136e-08	2.876158518867993289e-28	1.060464255366771168e-09	7.430518192302545954e-06	6.724893946950623000e-06	7.562985807292211888e-16	5.814265530406590254e-10	1.907420660548700755e-03	5.306028206885398529e-02	1.693971793114600749e-02	1.207606317058858713e-15	1.693295741652683234e-02
1.140000000000000000e+02	8.386047702358915158e-04	1.816502869734796433e-09	2.982633558574785180e-16	1.147440009221764633e-03	3.561048218049858585e-08	2.875335891700946479e-28	1.042704459991520099e-09	7.306897738229905418e-06	6.608695109746822045e-06	7.433066035677764470e-16	5.789769732676052109e-10	1.879310165634908705e-03	5.303405993180253242e-02	1.696594006819742567e-02	1.217769899775652774e-15	1.695929576260354205e-02
1.150000000000000000e+02	8.368613823442237146e-04	1.786077747635993709e-09	2.932676582614242327e-16	1.149418270123767028e-03	3.560046763870827872e-08	2.874527276661687694e-28	1.025309511145407890e-09	7.185792393942435668e-06	6.494990089138718175e-06	7.305934059215249093e-16	5.765721879109993489e-10	1.851682556314766716e-03	5.300828943022003331e-02	1.699171056977993866e-02	1.227930599978081211e-15	1.698517997922120715e-02
1.160000000000000000e+02	8.351461869646109376e-04	1.756277855467899798e-09	2.883746212118644880e-16	1.151363460603377353e-03	3.559062298004318888e-08	2.873732378680369204e-28	1.008269961323071359e-09	7.067137792242455071e-06	6.383710996991923061e-06	7.181513998249202981e-16	5.742111744023201185e-10	1.824527551356525373e-03	5.298296091430022836e-02	1.701703908569972279e-02	1.238088466664614098e-15	1.701061978407781075e-02
1.170000000000000000e+02	8.334586343273985790e-04	1.727086993730863024e-09	2.835815848081680351e-16	1.153276258393207175e-03	3.558094464764104881e-08	2.872950910561392253e-28	9.915766657235217857e-10	6.950871602355229443e-06	6.274792233241966536e-06	7.059732530281837101e-16	5.718929394112391479e-10	1.797835146951011053e-03	5.295806499561050984e-02	1.704193500438945866e-02	1.248243547804865846e-15	1.703562463120963238e-02
1.180000000000000000e+02	8.317981880094947123e-04	1.698489482425184734e-09	2.788859744497617944e-16	1.155157323721422253e-03	3.557142917893045168e-08	2.872182592722587523e-28	9.752207706710070377e-10	6.836933453061941656e-06	6.168170393954029453e-06	6.940518787225952326e-16	5.696165178224314769e-10	1.771595607442050160e-03	5.293359253832705807e-02	1.706640746167290348e-02	1.258395890366961179e-15	1.706020371984782666e-02
1.190000000000000000e+02	8.301643245371593963e-04	1.670470141170618688e-09	2.742852975718219640e-16	1.157007299871348933e-03	3.556207320252965852e-08	2.871427152944812293e-28	9.591937025574034135e-10	6.725264859242649860e-06	6.063784183670029510e-06	6.823804257449418427e-16	5.673809717653576324e-10	1.745799456425541161e-03	5.290953465082026685e-02	1.709046534917970164e-02	1.268545540343997479e-15	1.708436600292089977e-02
1.200000000000000000e+02	8.285565330017530174e-04	1.643014270205381390e-09	2.697771405253787891e-16	1.158826813719620284e-03	3.555287343526706062e-08	2.870684326131371929e-28	9.434871572701149475e-10	6.615809151601392642e-06	5.961574331809375530e-06	6.709522692349582292e-16	5.651853896815868819e-10	1.720437468202266028e-03	5.288588267757519251e-02	1.711411732242477252e-02	1.278692542779638779e-15	1.710812019521759653e-02
1.210000000000000000e+02	8.269743146889616979e-04	1.616107632220378486e-09	2.653591655945609531e-16	1.160616476253995607e-03	3.554382667931763904e-08	2.869953854076802051e-28	9.280930900810364651e-10	6.508511409413134193e-06	5.861483512894580323e-06	6.597610017201922726e-16	5.630288854293799071e-10	1.695500659565506770e-03	5.286262819142992925e-02	1.713737180857005660e-02	1.288836941792878311e-15	1.713147478122854436e-02
1.220000000000000000e+02	8.254171827210425626e-04	1.589736434988961351e-09	2.610291081444629600e-16	1.162376883071677969e-03	3.553492981945205971e-08	2.869235485244751741e-28	9.130037059749911840e-10	6.403318396154976098e-06	5.763456270418652747e-06	6.488004246078408099e-16	5.609105974239628738e-10	1.670980281910270379e-03	5.283976298611852557e-02	1.716023701388144293e-02	1.298978780601998177e-15	1.715443802267926920e-02
1.230000000000000000e+02	8.238846617115384158e-04	1.563887314752019727e-09	2.567847738930356991e-16	1.164108614858933152e-03	3.552617982039061523e-08	2.868528974554332834e-28	8.982114503955348045e-10	6.300178497877707900e-06	5.667438944158689895e-06	6.380645400617018695e-16	5.588296878118278862e-10	1.646867813648756219e-03	5.281727906910458487e-02	1.718272093089535935e-02	1.309118101547757923e-15	1.717701796576945328e-02
1.240000000000000000e+02	8.223762874319551783e-04	1.538547320321268761e-09	2.526240363009025948e-16	1.165812237852849190e-03	3.551757372425836740e-08	2.867834083174631717e-28	8.837090003877942997e-10	6.199041664186247095e-06	5.573379600760818950e-06	6.275475432446961921e-16	5.567853416775243717e-10	1.623154952918445890e-03	5.279516865469206788e-02	1.720483134530788674e-02	1.319254946115847682e-15	1.719922244813147996e-02
1.250000000000000000e+02	8.208916064899409760e-04	1.513703897865680932e-09	2.485448340733456137e-16	1.167488304286077834e-03	3.550910864813931305e-08	2.867150578327223106e-28	8.694892561191116277e-10	6.099859351704575840e-06	5.481227967430045031e-06	6.172438149083713908e-16	5.547767662815019993e-10	1.599833610569843974e-03	5.277342415740104986e-02	1.722657584259890129e-02	1.329389354958622678e-15	1.722105910552090488e-02
1.260000000000000000e+02	8.194301760184699883e-04	1.489344876347441495e-09	2.445451687689588736e-16	1.169137352815189388e-03	3.550078178172196998e-08	2.866478233096061148e-28	8.555453327589905069e-10	6.002584469903725940e-06	5.390935368564089952e-06	6.071479143114172154e-16	5.528031903275765892e-10	1.576895903420859855e-03	5.275203818559644209e-02	1.724796181440352988e-02	1.339521367916157331e-15	1.724253537825124957e-02
1.270000000000000000e+02	8.179915633756803172e-04	1.465458453579238372e-09	2.406231025104762076e-16	1.170759908933335664e-03	3.549259038505039197e-08	2.865816826245756798e-28	8.418705527029394985e-10	5.907171329188456816e-06	5.302454665192691345e-06	5.972545724519454110e-16	5.508638632588452463e-10	1.554334147767548295e-03	5.273100353535936646e-02	1.726899646464062979e-02	1.349651024036638688e-15	1.726365851738311322e-02
1.280000000000000000e+02	8.165753458548445946e-04	1.442033182851309287e-09	2.367767557878396423e-16	1.172356485367975678e-03	3.548453178623621365e-08	2.865166142037635084e-28	8.284584381123899000e-10	5.813575591125695232e-06	5.215740197067633791e-06	5.875586855939261440e-16	5.489580545802804456e-10	1.532140853138035455e-03	5.271031318458904019e-02	1.728968681541095953e-02	1.359778361596123844e-15	1.728443559068015833e-02
1.290000000000000000e+02	8.151811104041484972e-04	1.419057960168595197e-09	2.330043053650567766e-16	1.173927582464236738e-03	3.547660337958601291e-08	2.864525970076817799e-28	8.153027037906124388e-10	5.721754220722997209e-06	5.130747727284061685e-06	5.780553090821640109e-16	5.470850532082109004e-10	1.510308716280445033e-03	5.268996028732633730e-02	1.731003971267364508e-02	1.369903418117690326e-15	1.730487348834103614e-02
1.300000000000000000e+02	8.138084533558703803e-04	1.396522011952783704e-09	2.293039822583515141e-16	1.175473688554500538e-03	3.546880262334283649e-08	2.863896105131643882e-28	8.023972503190219443e-10	5.631665440657484555e-06	5.047434389301702409e-06	5.687396514175659008e-16	5.452441668432385244e-10	1.488830615374162232e-03	5.266993816828887537e-02	1.733006183171113476e-02	1.380026230389993259e-15	1.732497892851726784e-02
1.310000000000000000e+02	8.124569801646044573e-04	1.374414883305827977e-09	2.256740698103878976e-16	1.176995280314818140e-03	3.546112703785785946e-08	2.863276346985132676e-28	7.897361575025243483e-10	5.543268687365993150e-06	4.965758636249588680e-06	5.596070685936771250e-16	5.434347213678779622e-10	1.467699604454892866e-03	5.265024031760842660e-02	1.734975968239159741e-02	1.390146834485260465e-15	1.734475846262636262e-02
1.320000000000000000e+02	8.111263051541736440e-04	1.352726426736489961e-09	2.221129018389427401e-16	1.178492823108648248e-03	3.545357420368730081e-08	2.862666500281502517e-28	7.773136780725073881e-10	5.456524568910552319e-06	4.885680192402741945e-06	5.506530586734623736e-16	5.416560602664563761e-10	1.446908908044375157e-03	5.263086038576234027e-02	1.736913961423768027e-02	1.400265265776737530e-15	1.736421848046912353e-02
1.330000000000000000e+02	8.098160512729056125e-04	1.331446791352473346e-09	2.186188608622912818e-16	1.179966771318543715e-03	3.544614175978420653e-08	2.862066374380171569e-28	7.651242316479393720e-10	5.371394824537915692e-06	4.807160006725240074e-06	5.418732565974248669e-16	5.399075440667811122e-10	1.426451915976043516e-03	5.261179217869042801e-02	1.738820782130957865e-02	1.410381558955611437e-15	1.738336521515913488e-02
1.340000000000000000e+02	8.085258498569521069e-04	1.310566412493074273e-09	2.151903763969255984e-16	1.181417568666085719e-03	3.543882740175140453e-08	2.861475783214691691e-28	7.531623989409124294e-10	5.287842285856279560e-06	4.730160208380318335e-06	5.332634292115477102e-16	5.381885498025918295e-10	1.406322178408423882e-03	5.259302965308948474e-02	1.740697034691054274e-02	1.420495748047420839e-15	1.740220474787279939e-02
1.350000000000000000e+02	8.072553404013302738e-04	1.290076001781704566e-09	2.118259233242137335e-16	1.182845648520856885e-03	3.543162888016199709e-08	2.860894545157141755e-28	7.414229161952212553e-10	5.205830839554144990e-06	4.654644064110808897e-06	5.248194705042459187e-16	5.364984704958815077e-10	1.386513401017998564e-03	5.257456691187765291e-02	1.742543308812239886e-02	1.430607866427986523e-15	1.742074301242743650e-02
1.360000000000000000e+02	8.060041703384452022e-04	1.269966537579704686e-09	2.085240203229495228e-16	1.184251434198520768e-03	3.542454399893573102e-08	2.860322482887023958e-28	7.299006698478439715e-10	5.125325391596549390e-06	4.580575937406919800e-06	5.165373970430618690e-16	5.348367146583175725e-10	1.367019440364993952e-03	5.255639819982265565e-02	1.744360180017741346e-02	1.440717946838858283e-15	1.743898579969403728e-02
1.370000000000000000e+02	8.047719948237272176e-04	1.250229255822031024e-09	2.052832283646049780e-16	1.185635339248720466e-03	3.541757061377323086e-08	2.859759423264844724e-28	7.185906914024361005e-10	5.046291832825100180e-06	4.507921249366587356e-06	5.084133436005049435e-16	5.332027058108543763e-10	1.347834299423425301e-03	5.253851789932523220e-02	1.746148210067480569e-02	1.450826021402320044e-15	1.745693876185286028e-02
1.380000000000000000e+02	8.035584765282216199e-04	1.230855641218725359e-09	2.021021492686423244e-16	1.186997767733119664e-03	3.541070663064759196e-08	2.859205197210309364e-28	7.074881525061530808e-10	4.968697005907371767e-06	4.436646441179584769e-06	5.004435589613557088e-16	5.315958820208989694e-10	1.328952123270305203e-03	5.252092052635345260e-02	1.747907947364659917e-02	1.460932121635944941e-15	1.747460741649680890e-02
1.390000000000000000e+02	8.023632854377778538e-04	1.211837418804410213e-09	1.989794243149714184e-16	1.188339114493950407e-03	3.540395000434627944e-08	2.858659639584599994e-28	6.965883602198756755e-10	4.892508673569087315e-06	4.366718938150259338e-06	4.926244019019092308e-16	5.300156954561875732e-10	1.310367194925977702e-03	5.250360072651961973e-02	1.749639927348044938e-02	1.471036278466736237e-15	1.749199715059032365e-02
1.400000000000000000e+02	8.011860986586556363e-04	1.193166545821037288e-09	1.959137329111253190e-16	1.189659765413465277e-03	3.539729873706474912e-08	2.858122589076808931e-28	6.858867524737384167e-10	4.817695488056676025e-06	4.298107115192622130e-06	4.849523373337660971e-16	5.284616119547590915e-10	1.292073931340380604e-03	5.248655327129553988e-02	1.751344672870450841e-02	1.481138522244852913e-15	1.750911322428860481e-02
1.410000000000000000e+02	8.000266002292882699e-04	1.174835203918627085e-09	1.929037913116495749e-16	1.190960097664655248e-03	3.539075087704815079e-08	2.857593888094275089e-28	6.753788936995185707e-10	4.744226961774615977e-06	4.230780263727344106e-06	4.774239326042816503e-16	5.269331106103290711e-10	1.274066879518931340e-03	5.246977305435978484e-02	1.753022694564026346e-02	1.491238882756944968e-15	1.752596077462367438e-02
1.420000000000000000e+02	7.988844809379797929e-04	1.156835791659935358e-09	1.899483513873946576e-16	1.192240479953559111e-03	3.538430451727988954e-08	2.857073382656680348e-28	6.650604706321195352e-10	4.672073439046698218e-06	4.164708559916539983e-06	4.700358539465268453e-16	5.254296833724403129e-10	1.256340712782466401e-03	5.245325508807165138e-02	1.754674491192839345e-02	1.501337389239106120e-15	1.754254481906197122e-02
1.430000000000000000e+02	7.977594381463236827e-04	1.139160917315609475e-09	1.870461994425063492e-16	1.193501272753541564e-03	3.537795779421574832e-08	2.856560922293850275e-28	6.549272882727201737e-10	4.601206068952360306e-06	4.099863034174985010e-06	4.627848630718846247e-16	5.239508346607939440e-10	1.238890227155861048e-03	5.243699450006685664e-02	1.756300549993317084e-02	1.511434070389457321e-15	1.755887025893919720e-02
1.440000000000000000e+02	7.966511756181306062e-04	1.121803391937057436e-09	1.841961550770149543e-16	1.194742828531737298e-03	3.537170888655889957e-08	2.856056359946830078e-28	6.449752660065291686e-10	4.531596779191718511e-06	4.036215541899577728e-06	4.556678138988001367e-16	5.224960809931752024e-10	1.221710337880184752e-03	5.242098652997009139e-02	1.757901347002996037e-02	1.521528954380379820e-15	1.757494188277716404e-02
1.450000000000000000e+02	7.955594033536728810e-04	1.104756222694888399e-09	1.813970700930312631e-16	1.195965491968131386e-03	3.536555601407906195e-08	2.855559551872554157e-28	6.352004338684304802e-10	4.463218250935163149e-06	3.973738735361880609e-06	4.486816494114996322e-16	5.210649506264389572e-10	1.204796076043505425e-03	5.240522652621955324e-02	1.759477347378050546e-02	1.531622068870399550e-15	1.759076436948712671e-02
1.460000000000000000e+02	7.944838374290458293e-04	1.088012606471367959e-09	1.786478274426497388e-16	1.197169600167379217e-03	3.535949743646891313e-08	2.855070357551493585e-28	6.255989289501224943e-10	4.396043894615401742e-06	3.912406036711278440e-06	4.418233986428323863e-16	5.196569832100185357e-10	1.188142585325641576e-03	5.238970994299949752e-02	1.761029005700056466e-02	1.541713441015742756e-15	1.760634229146440868e-02
1.470000000000000000e+02	7.934241998404738521e-04	1.071565923695902197e-09	1.759473402157574168e-16	1.198355482863732845e-03	3.535353145223875158e-08	2.854588639598415594e-28	6.161669919426769768e-10	4.330047826621955647e-06	3.852191612039000577e-06	4.350901737756631283e-16	5.182717294514701316e-10	1.171745118852409546e-03	5.237443233727601122e-02	1.762556766272405442e-02	1.551803097481569967e-15	1.762168011757854480e-02
1.480000000000000000e+02	7.923802183533768017e-04	1.055409732413085420e-09	1.732945506660276161e-16	1.199523462619425272e-03	3.534765639765086291e-08	2.854114263676336675e-28	6.069009638087188843e-10	4.265204846859957240e-06	3.793070346455706215e-06	4.284791673575390321e-16	5.169087507935661031e-10	1.155599036155080007e-03	5.235938936593238086e-02	1.764061063406769519e-02	1.561891064452900734e-15	1.763678221606281016e-02
1.490000000000000000e+02	7.913516263560295763e-04	1.039537762573355432e-09	1.706884292734663100e-16	1.200673855016485972e-03	3.534187064568402208e-08	2.853647098412910121e-28	5.977972825787185248e-10	4.201490417136848120e-06	3.735017820137701382e-06	4.219876496236023742e-16	5.155676191024831398e-10	1.139699800230967305e-03	5.234457678299993255e-02	1.765542321700012268e-02	1.571977367645237612e-15	1.765165285730731573e-02
1.500000000000000000e+02	7.903381627176607645e-04	1.023943910536780379e-09	1.681279738419528097e-16	1.201806968842597653e-03	3.533617260503715108e-08	2.853187015319988364e-28	5.888524802661398541e-10	4.138880640342426152e-06	3.678010285299095082e-06	4.156129659229814797e-16	5.142479163666558912e-10	1.124042974701243555e-03	5.232999043698084718e-02	1.767000956301917683e-02	1.582062032314902410e-15	1.766629621655924770e-02
1.510000000000000000e+02	7.893395716508207682e-04	1.008622233780935858e-09	1.656122086302924430e-16	1.202923106270879956e-03	3.533056071916166977e-08	2.852733888715468179e-28	5.800631798964453223e-10	4.077352240389122375e-06	3.622024644049249714e-06	4.093525342441191730e-16	5.129492344058650925e-10	1.108624221062249563e-03	5.231562626825918272e-02	1.768437373174082741e-02	1.592145083269088841e-15	1.768071637653403222e-02
1.520000000000000000e+02	7.883556025778852908e-04	9.935669458042847194e-10	1.631401835153688947e-16	1.204022563034019486e-03	3.532503346532636494e-08	2.852287595647813840e-28	5.714260926451839245e-10	4.016882542881087077e-06	3.567038427096942559e-06	4.032038428347237131e-16	5.116711745901769993e-10	1.093439296026727740e-03	5.230148030659696051e-02	1.769851969340309125e-02	1.602226544875649524e-15	1.769491732994049257e-02
1.530000000000000000e+02	7.873860100015393640e-04	9.787724112168504118e-10	1.607109731860505121e-16	1.205105628592988143e-03	3.531958935371490312e-08	2.851848015823160899e-28	5.629380150806205069e-10	3.957449456482020453e-06	3.513029773264499990e-06	3.971644479122388068e-16	5.104133475683440097e-10	1.078484048951563069e-03	5.228754866871175577e-02	1.771245133128831334e-02	1.612306441072611425e-15	1.770890298192366250e-02
1.540000000000000000e+02	7.864305533791091010e-04	9.642331410103707367e-10	1.583236763665663331e-16	1.206172586300272801e-03	3.531422692654676263e-08	2.851415031534353985e-28	5.545958265065684935e-10	3.899031454953075782e-06	3.459977409776908798e-06	3.912319714609219203e-16	5.091753730052990007e-10	1.063754419348767605e-03	5.227382755593328045e-02	1.772617244406679560e-02	1.622384795377445756e-15	1.772267715242805547e-02
1.550000000000000000e+02	7.854889970006107437e-04	9.499437880004948290e-10	1.559774150681306321e-16	1.207223713558225851e-03	3.530894475723231818e-08	2.850988527592714999e-28	5.463964864012998456e-10	3.841607559833570827e-06	3.407860633292705619e-06	3.854040991118193989e-16	5.079568793284082656e-10	1.049246434476576234e-03	5.226031325193525312e-02	1.773968674806483681e-02	1.632461630896089986e-15	1.773624357848475191e-02
1.560000000000000000e+02	7.845611098703854933e-04	9.358991424339036161e-10	1.536713338676476061e-16	1.208259281972364017e-03	3.530374144955108658e-08	2.850568391261693767e-28	5.383370319485779213e-10	3.785157323738304064e-06	3.356659291644891298e-06	3.796785781020917241e-16	5.067575034821324334e-10	1.034956207007658264e-03	5.224700212054025905e-02	1.775299787945981006e-02	1.642536970331727662e-15	1.774960591642468083e-02
1.570000000000000000e+02	7.836466655921964144e-04	9.220941277535840040e-10	1.514045992123847209e-16	1.209279557499946334e-03	3.529861563685626355e-08	2.850154512192640589e-28	5.304145756570625878e-10	3.729660814246644978e-06	3.306353766261757334e-06	3.740532153103222970e-16	5.055768906907874493e-10	1.020879932771582340e-03	5.223389060359480418e-02	1.776610939640527881e-02	1.652610835993343014e-15	1.776276774402133635e-02
1.580000000000000000e+02	7.827454422576792100e-04	9.085237965157976486e-10	1.491763987495529603e-16	1.210284800594028844e-03	3.529356598130540603e-08	2.849746782362690821e-28	5.226263030644894570e-10	3.675098598359573503e-06	3.256924955238862548e-06	3.685258753645965202e-16	5.044146942290908776e-10	1.007013888568783619e-03	5.222097521891157917e-02	1.777902478108850381e-02	1.662683249804049552e-15	1.777573256256522946e-02
1.590000000000000000e+02	7.818572223380242450e-04	8.951833264525655820e-10	1.469859406797810546e-16	1.211275266343109181e-03	3.528859117311530786e-08	2.849345096014591555e-28	5.149694705232001620e-10	3.621451727501973626e-06	3.208354257034813521e-06	3.630944788202948840e-16	5.032705752002173482e-10	9.933544300534051085e-04	5.220825255827709482e-02	1.779174744172296041e-02	1.672754233309201922e-15	1.778850379887270128e-02
1.600000000000000000e+02	7.809817925787829141e-04	8.820680166737837186e-10	1.448324531335160796e-16	1.212251204606449315e-03	3.528368992983730359e-08	2.848949349598196398e-28	5.074414030637470067e-10	3.568701723048431892e-06	3.160623554764725872e-06	3.577570004046802379e-16	5.021442023210530615e-10	9.798979896824891456e-04	5.219571928552165646e-02	1.780428071447835714e-02	1.682823807684302267e-15	1.780108480723160622e-02
1.610000000000000000e+02	7.801189438976963327e-04	8.691732840033412065e-10	1.427151835694271101e-16	1.213212860145419271e-03	3.527886099565894273e-08	2.848559441714076323e-28	5.000394923334477270e-10	3.516830562351828740e-06	3.113715201066497507e-06	3.525114673255008764e-16	5.010352517144119467e-10	9.666410747291040526e-04	5.218337213464987329e-02	1.781662786535011603e-02	1.692891993742695758e-15	1.781347887128598151e-02
1.620000000000000000e+02	7.792684712854482283e-04	8.564946594438835617e-10	1.406333981939316115e-16	1.214160472750778564e-03	3.527410314072374287e-08	2.848175273058591012e-28	4.927611946069091015e-10	3.465820665254908449e-06	3.067612003516217127e-06	3.473559576409634545e-16	4.999434067079371985e-10	9.535802653570919730e-04	5.217120790802922542e-02	1.782879209197077777e-02	1.702958811943078976e-15	1.782568920586205183e-02
1.630000000000000000e+02	7.784301737092361086e-04	8.440277847650757298e-10	1.385863814010005355e-16	1.215094277366257029e-03	3.526941516047500386e-08	2.847796746370906773e-28	4.856040288656578824e-10	3.415654881065849917e-06	3.022297210570032099e-06	3.422885986885407268e-16	4.988683576394466541e-10	9.407122127552081060e-04	5.215922347463461395e-02	1.784077652536542741e-02	1.713024282396809494e-15	1.783771895873762642e-02
1.640000000000000000e+02	7.776038540190741838e-04	8.317684092104721970e-10	1.365734352314380992e-16	1.216014504208306254e-03	3.526479587501543105e-08	2.847423766381296020e-28	4.785655749441588654e-10	3.366316475979724479e-06	2.977754498010946634e-06	3.373075655702093177e-16	4.978098016684821275e-10	9.280336373285335725e-04	5.214741576834708986e-02	1.785258423165299313e-02	1.723088424875035408e-15	1.784957121235702590e-02
1.650000000000000000e+02	7.767893188567397914e-04	8.197123863183127223e-10	1.345938788508673059e-16	1.216921378882418209e-03	3.526024412848953576e-08	2.847056239761260021e-28	4.716434717396102384e-10	3.317789120928521907e-06	2.933967955879922072e-06	3.324110796918118295e-16	4.967674425938420517e-10	9.155413269451078903e-04	5.213578178630461774e-02	1.786421821369548954e-02	1.733151258815643818e-15	1.786124898549340534e-02
1.660000000000000000e+02	7.759863785672713827e-04	8.078556708517620267e-10	1.326470480456863073e-16	1.217815122496001753e-03	3.525575878848439920e-08	2.846694075075151587e-28	4.648354154830288782e-10	3.270056879843156291e-06	2.890922075871664518e-06	3.275974073543508971e-16	4.957409906768771923e-10	9.032321352358245068e-04	5.212431858730307010e-02	1.787568141269703717e-02	1.743212803330034384e-15	1.787275523486029152e-02
1.670000000000000000e+02	7.751948471129393569e-04	7.961943158343112281e-10	1.307322947362919712e-16	1.218695951767884665e-03	3.525133874544654982e-08	2.846337182733089206e-28	4.581391580692352492e-10	3.223104198311597889e-06	2.848601739176310953e-06	3.228648583951159800e-16	4.947301624703346736e-10	8.911029799457079745e-04	5.211302329024567609e-02	1.788697670975441384e-02	1.753273077209727219e-15	1.788409285667439536e-02
1.680000000000000000e+02	7.744145419896060435e-04	7.847244696862574385e-10	1.288489865068997012e-16	1.219564079134643955e-03	3.524698291211717762e-08	2.845985474945350938e-28	4.515525054434640367e-10	3.176915892617931786e-06	2.806992204749108387e-06	3.182117848766421933e-16	4.937346806525626538e-10	8.791508413347660532e-04	5.210189307263930064e-02	1.789810692736078582e-02	1.763332098932802951e-15	1.789526468817101770e-02
1.690000000000000000e+02	7.736452841453996974e-04	7.734423734583311743e-10	1.269965061513149115e-16	1.220419712853868964e-03	3.524269022298462665e-08	2.845638865678169620e-28	4.450733160424157238e-10	3.131477139147832850e-06	2.766079097990975566e-06	3.136365798215879428e-16	4.927542738668661624e-10	8.673727606266817998e-04	5.209092516913567394e-02	1.790907483086440211e-02	1.773389886670189946e-15	1.790627350907407489e-02
1.700000000000000000e+02	7.728868979016298652e-04	7.623443581587423408e-10	1.251742512340435571e-16	1.221263057104419927e-03	3.523845963375265016e-08	2.845297270610798421e-28	4.386994992876652892e-10	3.086773464146541482e-06	2.725848399823606699e-06	3.091376759917060393e-16	4.917886765658525956e-10	8.557658385036815037e-04	5.208011687011639829e-02	1.791988312988368123e-02	1.783446458291790800e-15	1.791712204302210731e-02
1.710000000000000000e+02	7.721392108758690954e-04	7.514268421700491369e-10	1.233816336661508373e-16	1.222094312083797998e-03	3.523429012082419041e-08	2.844960607093827487e-28	4.324290141294264036e-10	3.042790733816011699e-06	2.686286436143493248e-06	3.047135447091622467e-16	4.908376288605658634e-10	8.443272336459801356e-04	5.206946552031975484e-02	1.793053447968033856e-02	1.793501831372464266e-15	1.792781295895195734e-02
1.720000000000000000e+02	7.714020539071350744e-04	7.406863287524450026e-10	1.216180792953100531e-16	1.222913674102714572e-03	3.523018068079994834e-08	2.844628794108695602e-28	4.262598676387746061e-10	2.999515144738571353e-06	2.647379867640028021e-06	3.003626947185435221e-16	4.899008763742619502e-10	8.330541613142863205e-04	5.205896851750825560e-02	1.794103148249184473e-02	1.803556023197858296e-15	1.793834887244139670e-02
1.730000000000000000e+02	7.706752609830970751e-04	7.301194036300510706e-10	1.198830275094800715e-16	1.223721335677004085e-03	3.522613032999232568e-08	2.844301752228444867e-28	4.201901136464214143e-10	2.956933214614338605e-06	2.609115679962856182e-06	2.960836710878970226e-16	4.889781701006342936e-10	8.219438919737645987e-04	5.204862331117519197e-02	1.795137668882488755e-02	1.813609050770107782e-15	1.794873234701248321e-02
1.740000000000000000e+02	7.699586691692637862e-04	7.197227326573841342e-10	1.181759308537476705e-16	1.224517485616860146e-03	3.522213810395213201e-08	2.843979403579505833e-28	4.142178514264684476e-10	2.915031773301974442e-06	2.571481174226289900e-06	2.918750541474391927e-16	4.880692662663711086e-10	8.109937499583583058e-04	5.203842740128937494e-02	1.796157259871066988e-02	1.823660930813387740e-15	1.795896589539622626e-02
1.750000000000000000e+02	7.692521185400665431e-04	7.094930595625753952e-10	1.164962546597723316e-16	1.225302309113631338e-03	3.521820305701047892e-08	2.843661671804706807e-28	4.083412244232215750e-10	2.873797954149851042e-06	2.534463957835670482e-06	2.877354584642458821e-16	4.871739261978566791e-10	8.002011121736768732e-04	5.202837833707599224e-02	1.797162166292402136e-02	1.833711679779341075e-15	1.796905198076100690e-02
1.760000000000000000e+02	7.685554521117923159e-04	6.994272037647591882e-10	1.148434766874087028e-16	1.226075987824145480e-03	3.521432426183324731e-08	2.843348482027299718e-28	4.025584190196316865e-10	2.833219185608141985e-06	2.498051935624900340e-06	2.836635318517189038e-16	4.862919161918937814e-10	7.895634068374628774e-04	5.201847371583305513e-02	1.798152628416692031e-02	1.843761313852371433e-15	1.797899301790490886e-02
1.770000000000000000e+02	7.678685157773064993e-04	6.895220582627520600e-10	1.132170867780355108e-16	1.226838699952642782e-03	3.521050080898717488e-08	2.843039760815926762e-28	3.968676633457538933e-10	2.793283183111016891e-06	2.462233301292393129e-06	2.796579544124015383e-16	4.854230073903028971e-10	7.790781122562466130e-04	5.200871118178191504e-02	1.799128881821803264e-02	1.853809848954814590e-15	1.798879137441380949e-02
1.780000000000000000e+02	7.671911582425072805e-04	6.797745875923865981e-10	1.116165865191568270e-16	1.227590620330475547e-03	3.520673180651952267e-08	2.842735436150678483e-28	3.912672261257474519e-10	2.753977941219118678e-06	2.426996529124183735e-06	2.757174376128904224e-16	4.845669756582621424e-10	7.687427556369963270e-04	5.199908842495067074e-02	1.800091157504924225e-02	1.863857300751985179e-15	1.799844937178618140e-02
1.790000000000000000e+02	7.665232309644610638e-04	6.701818258499651148e-10	1.100414889198601432e-16	1.228331920493602823e-03	3.520301637955001033e-08	2.842435437390142857e-28	3.857554155620116504e-10	2.715291726012861267e-06	2.392330365993285768e-06	2.718407233896182271e-16	4.837236014662640455e-10	7.585549119326016323e-04	5.198960318008966075e-02	1.801039681991027999e-02	1.873903684657109446e-15	1.800796928652576706e-02
1.800000000000000000e+02	7.658645880911638722e-04	6.607408747794012756e-10	1.084913180967319195e-16	1.229062768757924889e-03	3.519935366987290252e-08	2.842139695239280358e-28	3.803305782550872280e-10	2.677213067727433626e-06	2.358223823624775155e-06	2.680265832843347791e-16	4.828926697755606475e-10	7.485122027200646986e-04	5.198025322561738992e-02	1.801974677438258551e-02	1.883949015836138084e-15	1.801735335120313239e-02
1.810000000000000000e+02	7.652150864028835165e-04	6.514489019207098877e-10	1.069656089698460236e-16	1.229783330292504636e-03	3.519574283556948470e-08	2.841848141718135764e-28	3.749910981580249101e-10	2.639730753620772625e-06	2.324666171116591707e-06	2.642738176081671833e-16	4.820739699269825701e-10	7.386122951103200060e-04	5.197103638259669561e-02	1.802896361740330411e-02	1.893993309212447847e-15	1.802660375548719579e-02
1.820000000000000000e+02	7.645745852550313564e-04	6.423031388176165273e-10	1.054639069684595227e-16	1.230493767190927144e-03	3.519218305063504444e-08	2.841560710131709569e-28	3.697353955639712427e-10	2.602833821066142326e-06	2.291646927706446951e-06	2.605812546331858982e-16	4.812672955330186222e-10	7.288529006886438873e-04	5.196195051373944662e-02	1.803804948626058779e-02	1.904036579471436665e-15	1.803572264714766588e-02
1.830000000000000000e+02	7.639429465225154071e-04	6.333008792821280652e-10	1.039857677460614318e-16	1.231194238540558959e-03	3.518867350461139803e-08	2.841277335040297988e-28	3.645619261257664720e-10	2.566511550861268694e-06	2.259155855775620831e-06	2.569477498104441447e-16	4.804724443730405538e-10	7.192317744846524891e-04	5.195299352243917118e-02	1.804700647756089793e-02	1.914078841065016205e-15	1.804471213302944257e-02
1.840000000000000000e+02	7.633200345455343509e-04	6.244394777140160940e-10	1.025307569044376496e-16	1.231884900490059402e-03	3.518521340223351895e-08	2.840997952230948168e-28	3.594691799064093916e-10	2.530753460746303503e-06	2.227182954080848273e-06	2.533721850135104897e-16	4.796892182915704910e-10	7.097467139709283087e-04	5.194416335183069111e-02	1.805583664816940229e-02	1.924120108215993997e-15	1.805357427999973105e-02
1.850000000000000000e+02	7.627057160767653984e-04	6.157163474732285410e-10	1.010984497264269715e-16	1.232565906314990857e-03	3.518180196308306829e-08	2.840722498689495896e-28	3.544556804592779962e-10	2.495549299123216481e-06	2.195718451205818540e-06	2.498534678065436802e-16	4.789174230994928230e-10	7.003955580893409406e-04	5.193545798387579765e-02	1.806454201612431310e-02	1.934160394922356942e-15	1.806231111586895782e-02
1.860000000000000000e+02	7.620998602299075119e-04	6.071289593033381181e-10	9.968843091705660580e-17	1.233237406481727926e-03	3.517843842125332706e-08	2.840450912573500586e-28	3.495199839370492183e-10	2.460889038969489625e-06	2.164752799224199451e-06	2.463905307360103795e-16	4.781568684781075583e-10	6.911761863041755889e-04	5.192687543847414322e-02	1.807312456152597446e-02	1.944199714961464510e-15	1.807092463028613094e-02
1.870000000000000000e+02	7.615023384295348859e-04	5.986748398042039851e-10	9.830029435275873102e-17	1.233899548709617563e-03	3.517512202502173194e-08	2.840183133185812076e-28	3.446606782282977834e-10	2.426762871939279804e-06	2.134276667566417077e-06	2.429823306451722881e-16	4.774073678859322993e-10	6.820865176812039360e-04	5.191841377259860668e-02	1.808158622740149712e-02	1.954238081894142922e-15	1.807941677560970586e-02
1.880000000000000000e+02	7.609130243622252337e-04	5.903515699520971409e-10	9.693364283838030928e-17	1.234552478031518104e-03	3.517185203653235700e-08	2.839919100948926649e-28	3.398763821207929899e-10	2.393161202645466518e-06	2.104280937082730242e-06	2.396278480105136559e-16	4.766687384681626703e-10	6.731245099918719632e-04	5.191007107945433408e-02	1.808992892054577667e-02	1.964275509068685469e-15	1.808778946775445318e-02
1.890000000000000000e+02	7.603317939289265569e-04	5.821567836656172917e-10	9.558808787171175444e-17	1.235196336852736063e-03	3.516862773148678642e-08	2.839658757380025976e-28	3.351657444905605123e-10	2.360074643116310426e-06	2.074756694295469500e-06	2.363260862993092310e-16	4.759408009687068304e-10	6.642881588418013319e-04	5.190184548766053202e-02	1.809815451233956485e-02	1.974312009624764073e-15	1.809604458701532734e-02
1.900000000000000000e+02	7.597585251985210925e-04	5.740881664157811647e-10	9.426324941526819033e-17	1.235831265008398424e-03	3.516544839884265014e-08	2.839402045066645201e-28	3.305274435157996883e-10	2.327494007420612125e-06	2.045695225833575391e-06	2.330760713475662184e-16	4.752233796447042144e-10	6.555754968228382244e-04	5.189373516045463208e-02	1.810626483954547519e-02	1.984347596497259210e-15	1.810418397886902342e-02
1.910000000000000000e+02	7.591930983625537997e-04	5.661434538787361619e-10	9.295875567507002527e-17	1.236457399819311173e-03	3.516231334052040489e-08	2.839148907642988975e-28	3.259601859147914744e-10	2.295410306455565219e-06	2.017088013042862154e-06	2.298768507576062611e-16	4.745163021834520947e-10	6.469845926879030668e-04	5.188573829491768125e-02	1.811426170508242950e-02	1.994382282419995561e-15	1.811220945475382205e-02
1.920000000000000000e+02	7.586353956910932977e-04	5.583204306296153929e-10	9.167424288617823440e-17	1.237074876146393833e-03	3.515922187111817527e-08	2.838899289766908458e-28	3.214627062069664753e-10	2.263814742891703919e-06	1.988926726765694377e-06	2.267274933145817112e-16	4.738193996216594150e-10	6.385135505479319542e-04	5.187785312122072251e-02	1.812214687877937436e-02	2.004416079929404694e-15	1.812012279282851357e-02
1.930000000000000000e+02	7.580853014896882800e-04	5.506169288760970671e-10	9.040935510474968822e-17	1.237683826443695435e-03	3.515617331763458202e-08	2.838653137097519110e-28	3.170337659963264446e-10	2.232698706269542393e-06	1.961203222284022429e-06	2.236270884212484583e-16	4.731325062669558289e-10	6.301605090902101438e-04	5.187007790189123585e-02	1.812992209810886102e-02	2.014449001368102149e-15	1.812792573871103638e-02
1.940000000000000000e+02	7.575427020573894830e-04	5.430308272302981237e-10	8.916374400638607521e-17	1.238284380809990832e-03	3.515316701919697685e-08	2.838410396273265548e-28	3.126721532764547338e-10	2.202053768242728790e-06	1.933909534419949923e-06	2.205747455503460361e-16	4.724554596215783946e-10	6.219236408174416740e-04	5.186241093109902195e-02	1.813758906890107145e-02	2.024481058888385648e-15	1.813562000619740530e-02
1.950000000000000000e+02	7.570074856458084778e-04	5.355600495176807815e-10	8.793706869056072643e-17	1.238876667039153813e-03	3.515020232680006659e-08	2.838171014890805210e-28	3.083766817563701418e-10	2.171871677962734657e-06	1.907037872788270532e-06	2.175695937139608920e-16	4.717881003081711991e-10	6.138011513069048042e-04	5.185485053396111238e-02	1.814514946603898796e-02	2.034512264455659535e-15	1.814320727796163435e-02
1.960000000000000000e+02	7.564795424191799985e-04	5.282025636217009435e-10	8.672899549091387506e-17	1.239460810669099945e-03	3.514727860304715782e-08	2.837934941484123406e-28	3.041461902065173906e-10	2.142144357600283004e-06	1.880580617195578356e-06	2.146107809492734857e-16	4.711302719976288427e-10	6.057912784890805927e-04	5.184739506586490132e-02	1.815260493413521983e-02	2.044542629851784679e-15	1.815068920623716386e-02
1.970000000000000000e+02	7.559587644153986435e-04	5.209563803629743306e-10	8.553919779121590619e-17	1.240036935029622438e-03	3.514439522190225418e-08	2.837702125504514703e-28	2.999795418242041527e-10	2.112863897998891062e-06	1.854530313180834276e-06	2.116974738201130992e-16	4.704818213389163677e-10	5.978922919451514720e-04	5.184004291180902696e-02	1.815995708819106297e-02	2.054572166678355790e-15	1.815806741348040612e-02
1.980000000000000000e+02	7.554450455080077235e-04	5.138195524117906093e-10	8.436735584680579431e-17	1.240605161288896828e-03	3.514155156844518444e-08	2.837472517300810937e-28	2.958756236178288803e-10	2.084022554456103680e-06	1.828879667692415142e-06	2.088288569337673439e-16	4.698425978908071090e-10	5.901024922227971446e-04	5.183279248576165565e-02	1.816720751423844815e-02	2.064600886359907356e-15	1.816534349301691942e-02
1.990000000000000000e+02	7.549382813691071867e-04	5.067901732328527174e-10	8.321315661132097328e-17	1.241165608498903845e-03	3.513874703863564428e-08	2.837246068100330733e-28	2.918333458092727475e-10	2.055612742628185166e-06	1.803621544896944353e-06	2.060041324725197001e-16	4.692124540554775649e-10	5.824202101697374592e-04	5.182564223003510023e-02	1.817435776996498623e-02	2.074628800147053305e-15	1.817251900967078310e-02
2.000000000000000000e+02	7.544383694331568795e-04	4.998663760610962614e-10	8.207629356853079115e-17	1.241718393639632554e-03	3.513598103908104305e-08	2.837022729990128561e-28	2.878516412538076567e-10	2.027627034553905648e-06	1.778748962115072347e-06	2.032225197393761999e-16	4.685912450138950790e-10	5.748438062844269314e-04	5.181859061467693900e-02	1.818140938532315787e-02	2.084655919119557256e-15	1.817959550037772862e-02
2.010000000000000000e+02	7.539452088616506367e-04	4.930463329076818768e-10	8.095646656912374038e-17	1.242263631662243089e-03	3.513325298681244371e-08	2.836802455898911032e-28	2.839294648770201278e-10	2.000058154794067717e-06	1.754255085880487465e-06	2.004832547175645357e-16	4.679788286629555256e-10	5.673716700835339070e-04	5.181163613687668479e-02	1.818836386312343290e-02	2.094682254189339257e-15	1.818657447478228689e-02
2.020000000000000000e+02	7.534587005086360511e-04	4.863282535949729285e-10	7.985338167225432958e-17	1.242801435531087082e-03	3.513056230906397035e-08	2.836585199579219561e-28	2.800657931280746910e-10	1.972898976682156590e-06	1.730133228116972926e-06	1.977855896432264001e-16	4.673750655542999650e-10	5.600022194854966003e-04	5.180477732038760857e-02	1.819522267961250564e-02	2.104707816103419818e-15	1.819345741581978801e-02
2.030000000000000000e+02	7.529787468870545496e-04	4.797103848196642346e-10	7.876675099171186667e-17	1.243331916264759458e-03	3.512790844306009038e-08	2.836370915590258293e-28	2.762596234488544438e-10	1.946142518683056432e-06	1.706376842430252864e-06	1.951287925909393901e-16	4.667798188347696338e-10	5.527339002098303122e-04	5.179801271496355802e-02	1.820198728503655966e-02	2.114732615446798858e-15	1.820024578028337989e-02
2.040000000000000000e+02	7.525052521358818270e-04	4.731910092430724035e-10	7.769629254654978206e-17	1.243855182976043262e-03	3.512529083580570917e-08	2.836159559280940407e-28	2.725099737584243535e-10	1.919781940856047018e-06	1.682979520510329362e-06	1.925121470715883327e-16	4.661929541884466398e-10	5.455651851916520781e-04	5.179134089580980649e-02	1.820865910419030773e-02	2.124756662645279037e-15	1.820694099937666607e-02
2.050000000000000000e+02	7.520381219880445693e-04	4.667684446077015633e-10	7.664173011602846788e-17	1.244371342910974548e-03	3.512270894388414612e-08	2.835951086773585077e-28	2.688158819523141199e-10	1.893810541418702990e-06	1.659934988640668037e-06	1.899349516421779912e-16	4.656143397802295429e-10	5.384945740109851582e-04	5.178476046304794633e-02	1.821523953695212625e-02	2.134779967968227164e-15	1.821354447925223330e-02
2.060000000000000000e+02	7.515772637390938414e-04	4.604410428792274717e-10	7.560279309873223921e-17	1.244880501486844747e-03	3.512016223325751939e-08	2.835745454947788415e-28	2.651764054161449709e-10	1.868221753408472946e-06	1.637237104310616820e-06	1.873965195271841454e-16	4.650438462008977055e-10	5.315205923364120771e-04	5.177827004119433391e-02	1.822172995880570745e-02	2.144802541531277230e-15	1.822005760153684595e-02
2.070000000000000000e+02	7.511225862166092272e-04	4.542071894130127020e-10	7.457921637571404639e-17	1.245382762329383820e-03	3.511765017907485989e-08	2.835542621424937437e-28	2.615906205530988087e-10	1.843009141438546429e-06	1.614879852927396003e-06	1.848961782510331068e-16	4.644813464136178842e-10	5.246417913826074021e-04	5.177186827865144086e-02	1.822813172134856927e-02	2.154824393298982557e-15	1.822648172384314091e-02
2.080000000000000000e+02	7.506739997503230960e-04	4.480653021444825252e-10	7.357074017755818835e-17	1.245878227308929668e-03	3.511517226548221703e-08	2.835342544552875602e-28	2.580576223248546829e-10	1.818166398545491221e-06	1.592857344624855237e-06	1.824332692813969858e-16	4.639267157018565633e-10	5.178567473814646828e-04	5.176555384721204939e-02	1.823444615278793646e-02	2.164845533087405236e-15	1.823281818026871795e-02
2.090000000000000000e+02	7.502314161429353987e-04	4.420138308024109554e-10	7.257710995520440106e-17	1.246366996575821486e-03	3.511272798543975259e-08	2.835145183391137832e-28	2.545765238054565272e-10	1.793687343125017841e-06	1.571163811164985291e-06	1.800071476828551339e-16	4.633798316186422469e-10	5.111640610662618973e-04	5.175932544157571535e-02	1.824067455842423580e-02	2.174865970566663354e-15	1.823906828188274695e-02
2.100000000000000000e+02	7.497947486416048964e-04	4.360512561445078429e-10	7.159807625443418333e-17	1.246849168594865460e-03	3.511031684054165356e-08	2.834950497696396292e-28	2.511464557477724973e-10	1.769565915953577080e-06	1.549793602929745132e-06	1.776171817806500462e-16	4.628405739371479314e-10	5.045623571686029193e-04	5.175318177887726356e-02	1.824681822112265289e-02	2.184885715263416702e-15	1.824523331720053973e-02
2.110000000000000000e+02	7.493639119101002354e-04	4.301760892145323602e-10	7.063339459389128114e-17	1.247324840179014210e-03	3.510793834084129262e-08	2.834758447908359962e-28	2.477665661621085391e-10	1.745796177292840973e-06	1.528741185999910827e-06	1.752627528341702896e-16	4.623088246025520890e-10	4.980502839277235532e-04	5.174712159822678764e-02	1.825287840177308718e-02	2.194904776563307110e-15	1.825131455264639851e-02
2.120000000000000000e+02	7.489388220015869057e-04	4.243868706202473044e-10	6.968282534652458343e-17	1.247794106522243703e-03	3.510559200468073629e-08	2.834568995135999316e-28	2.444360199065914447e-10	1.722372304074456873e-06	1.508001139318135205e-06	1.729432547198436783e-16	4.617844676851338045e-10	4.916265126118065168e-04	5.174114366026109912e-02	1.825885633973875488e-02	2.204923163713345543e-15	1.825731323300506734e-02
2.130000000000000000e+02	7.485193963320414118e-04	4.186821698315543305e-10	6.874613362434411033e-17	1.248257061231610506e-03	3.510327735852354197e-08	2.834382101144044526e-28	2.411539982889505601e-10	1.699288587162556820e-06	1.487568151933458831e-06	1.706580936231359260e-16	4.612673893345750792e-10	4.852897370509706796e-04	5.173524674670597345e-02	1.826475325329384239e-02	2.214940885824256989e-15	1.826323058186218179e-02
2.140000000000000000e+02	7.481055536542691262e-04	4.130605844981584030e-10	6.782308916638407851e-17	1.248713796358603013e-03	3.510099393679265036e-08	2.834197728339900702e-28	2.379196986793311360e-10	1.676539428691558189e-06	1.467437020324601190e-06	1.684066877393531328e-16	4.607574777354284769e-10	4.790386731815922741e-04	5.172942965994918596e-02	1.827057034005059519e-02	2.224957951872772890e-15	1.826906780203394962e-02
2.150000000000000000e+02	7.476972140325116242e-04	4.075207397861465593e-10	6.691346622977155162e-17	1.249164402429679948e-03	3.509874128171063374e-08	2.834015839760751461e-28	2.347323341337939728e-10	1.654119339476890272e-06	1.447602645799459638e-06	1.661884669829623690e-16	4.602546230637139746e-10	4.728720586016414381e-04	5.172369122262385210e-02	1.827630877737588394e-02	2.234974370703880184e-15	1.827482607598641604e-02
2.160000000000000000e+02	7.472942988176282117e-04	4.020612877328791586e-10	6.601704348380166156e-17	1.249608968476185241e-03	3.509651894314597935e-08	2.833836399061131985e-28	2.315911330281625529e-10	1.632022936496372724e-06	1.428060031968344262e-06	1.640028727051529943e-16	4.597587174446180320e-10	4.667886521367201579e-04	5.171803027720175971e-02	1.828196972279793817e-02	2.244990151033024196e-15	1.828050656624462256e-02
2.170000000000000000e+02	7.468967306228373355e-04	3.966809066196190895e-10	6.513360390692569856e-17	1.250047582063487043e-03	3.509432647846102051e-08	2.833659370500671139e-28	2.284953387018943083e-10	1.610244940440040840e-06	1.408804282288562563e-06	1.618493574193741255e-16	4.592696549112567250e-10	4.607872334164996616e-04	5.171244568559656835e-02	1.828755431440309137e-02	2.255005301448270911e-15	1.828611041579191604e-02
2.180000000000000000e+02	7.465044333000012871e-04	3.913783003613389332e-10	6.426293468655953936e-17	1.250480329319460368e-03	3.509216345236424183e-08	2.833484718932153302e-28	2.254442091116617237e-10	1.588780173326296688e-06	1.389830597678061885e-06	1.597273845345883230e-16	4.587873313644760086e-10	4.548666024612659387e-04	5.170693632877642471e-02	1.829306367122319685e-02	2.265019830412421120e-15	1.829163874845965432e-02
2.190000000000000000e+02	7.461173319164408641e-04	3.861521979131739478e-10	6.340482712162539199e-17	1.250907294962342198e-03	3.509002943676674025e-08	2.833312409789928620e-28	2.224370164943423331e-10	1.567623556182336481e-06	1.371134274195906137e-06	1.576364280959972684e-16	4.583116445336556086e-10	4.490255792782923581e-04	5.170150110638585539e-02	1.829849889361373147e-02	2.275033746265088669e-15	1.829709266930768657e-02
2.200000000000000000e+02	7.457353527322661130e-04	3.810013526929945282e-10	6.255907652774011972e-17	1.251328562327867983e-03	3.508792401064018819e-08	2.833142409078451060e-28	2.194730470391220762e-10	1.546770106786856061e-06	1.352710700787445495e-06	1.555759725329971801e-16	4.578424939384918297e-10	4.432630034677612356e-04	5.169613893637663160e-02	1.830386106362294485e-02	2.285047057224734148e-15	1.830247326499573682e-02
2.210000000000000000e+02	7.453584231782089476e-04	3.759245420195959902e-10	6.172548214496805313e-17	1.251744213395867330e-03	3.508584675988033552e-08	2.832974683361248280e-28	2.165516005684306174e-10	1.526214937473122927e-06	1.334555357092108321e-06	1.535455124141332987e-16	4.573797808517245385e-10	4.375777338379603166e-04	5.169084875464730749e-02	1.830915124535231406e-02	2.295059771390661498e-15	1.830778160414604436e-02
2.220000000000000000e+02	7.449864718339470207e-04	3.709205665660554879e-10	6.090384704806412513e-17	1.252154328816209618e-03	3.508379727717251660e-08	2.832809199750071773e-28	2.136719902274523562e-10	1.505953252990680100e-06	1.316663811311937822e-06	1.515445522088446158e-16	4.569234082627889348e-10	4.319686480295456825e-04	5.168562951469118927e-02	1.831437048530846004e-02	2.305071896744974381e-15	1.831301873769744515e-02
2.230000000000000000e+02	7.446194284069021507e-04	3.659882498277291996e-10	6.009397805912088708e-17	1.252558987934133993e-03	3.508177516185981092e-08	2.832645925894243856e-28	2.108335421819191695e-10	1.485980348423673718e-06	1.299031718138744676e-06	1.495726060557590819e-16	4.564732808423596433e-10	4.264346421485432732e-04	5.168048018725281134e-02	1.831951981274686919e-02	2.315083441154494694e-15	1.831818569925114035e-02
2.240000000000000000e+02	7.442572237115043041e-04	3.611264376044934612e-10	5.929568566255432483e-17	1.252958268815051361e-03	3.507978001981538601e-08	2.832484829970349944e-28	2.080355953239592476e-10	1.466291607164290499e-06	1.281654816738224728e-06	1.476291975373566475e-16	4.560293049077640695e-10	4.209746304079143588e-04	5.167539975999210777e-02	1.832460024000760399e-02	2.325094412372642425e-15	1.832328350540841228e-02
2.250000000000000000e+02	7.438997896489088837e-04	3.563339974967685376e-10	5.850878392235278121e-17	1.253352248268754408e-03	3.507781146331697106e-08	2.832325880672111536e-28	2.052775009857448211e-10	1.446882498939540703e-06	1.264528928789162634e-06	1.457138594607886486e-16	4.555913883892404617e-10	4.155875447774236156e-04	5.167038723715658421e-02	1.832961276284315877e-02	2.335104818041283162e-15	1.832831315610046127e-02
2.260000000000000000e+02	7.435470591871523593e-04	3.516098184149129418e-10	5.773309040152111815e-17	1.253741001873079873e-03	3.507586911092422249e-08	2.832169047200476675e-28	2.025586226607041705e-10	1.427748577889808359e-06	1.247649956576026534e-06	1.438261336446652207e-16	4.551594407970150884e-10	4.102723346415885737e-04	5.166544163926099775e-02	1.833455836073877646e-02	2.345114665692538136e-15	1.833327563491063752e-02
2.270000000000000000e+02	7.431989663417403868e-04	3.469528101015813284e-10	5.696842608365378014e-17	1.254124603997088579e-03	3.507395258736019887e-08	2.832014299254050769e-28	1.998783357320695640e-10	1.408885480697603021e-06	1.231013881133286781e-06	1.419655707116234367e-16	4.547333731891792999e-10	4.050279664654923492e-04	5.166056200277445443e-02	1.833943799722536835e-02	2.355123962750559947e-15	1.833817190938918582e-02
2.280000000000000000e+02	7.428554461566541037e-04	3.423619026666541885e-10	5.621461529657157954e-17	1.254503127823635702e-03	3.507206152339305425e-08	2.831861607019544437e-28	1.972360272085406815e-10	1.390288924765028834e-06	1.214616760439857439e-06	1.401317298864983038e-16	4.543130981403385557e-10	3.998534234682465612e-04	5.165574737981461911e-02	1.834425262018522448e-02	2.365132716533273582e-15	1.834300293136079119e-02
2.290000000000000000e+02	7.425164346857638688e-04	3.378360461343601346e-10	5.547148563796110998e-17	1.254876645371519935e-03	3.507019555572251588e-08	2.831710941162608348e-28	1.946310954668496189e-10	1.371954706438500246e-06	1.198454727662115526e-06	1.383241787999228744e-16	4.538985297110173919e-10	3.947477053039000075e-04	5.165099683784907941e-02	1.834900316215080929e-02	2.375140934254085476e-15	1.834776963722510590e-02
2.300000000000000000e+02	7.421818689746403604e-04	3.333742100022249562e-10	5.473886790295552186e-17	1.255245227517132623e-03	3.506835432686892952e-08	2.831562272818876567e-28	1.920629500010206541e-10	1.353878699279315245e-06	1.182523989444004925e-06	1.365424932971911688e-16	4.534895834177939615e-10	3.897098277495919787e-04	5.164630945940325985e-02	1.835369054059666008e-02	2.385148623023560244e-15	1.835247294825039649e-02
2.310000000000000000e+02	7.418516870427549047e-04	3.289753828114968748e-10	5.401659601360000362e-17	1.255608944015552215e-03	3.506653748506244369e-08	2.831415573585010357e-28	1.895310111781279028e-10	1.336056852378733607e-06	1.166820824242775247e-06	1.347862572522219703e-16	4.530861762041481223e-10	3.847388224007604221e-04	5.164168434177520556e-02	1.835831565822474212e-02	2.395155789851067816e-15	1.835711377086052254e-02
2.320000000000000000e+02	7.415258278660587319e-04	3.246385717287025492e-10	5.330450695014452368e-17	1.255967863521255997e-03	3.506474468413701810e-08	2.831270815510149132e-28	1.870347100003546190e-10	1.318485188716236460e-06	1.151341580708973511e-06	1.330550623864687539e-16	4.526882264120020804e-10	3.798337363732131591e-04	5.163712059675661797e-02	1.836287940324336787e-02	2.405162441646393111e-15	1.836169299691547269e-02
2.330000000000000000e+02	7.412042313599277168e-04	3.203628021380041974e-10	5.260244068411065903e-17	1.256322053608382094e-03	3.506297558342704587e-08	2.831127971087560963e-28	1.845734878731716919e-10	1.301159803559709749e-06	1.136082676109341854e-06	1.313485080926251010e-16	4.522956537539324471e-10	3.749936320118851070e-04	5.163261735036028810e-02	1.836738264963972897e-02	2.415168585221324803e-15	1.836621150398552726e-02
2.340000000000000000e+02	7.408868383624710868e-04	3.161471172440419053e-10	5.191024011307940386e-17	1.256671580790471275e-03	3.506122984766392290e-08	2.830987013246287698e-28	1.821467963794522242e-10	1.284076862906323394e-06	1.121040594791309001e-06	1.296662012629796101e-16	4.519083792860402139e-10	3.702175866061017972e-04	5.162817374255359443e-02	1.837182625744645734e-02	2.425174227291208979e-15	1.837067015561931124e-02
2.350000000000000000e+02	7.405735906181853392e-04	3.119905776849463281e-10	5.122775099714936665e-17	1.257016510539850970e-03	3.505950714687703105e-08	2.830847915343151960e-28	1.797540970593483796e-10	1.267232601962913524e-06	1.106211886687834603e-06	1.280077561222806763e-16	4.515263253814498500e-10	3.655046921111807065e-04	5.162378892699789890e-02	1.837621107300218756e-02	2.435179374476474408e-15	1.837506980160584155e-02
2.360000000000000000e+02	7.402644307619562960e-04	3.078922611552315983e-10	5.055482189701708085e-17	1.257356907306579315e-03	3.505780715629621020e-08	2.830710651154883413e-28	1.773948611957655550e-10	1.250623323664740176e-06	1.091593165861394751e-06	1.263727940649762938e-16	4.511494157044388155e-10	3.608540548762044086e-04	5.161946207079380622e-02	1.838053792920629759e-02	2.445184033304130185e-15	1.837941127823077003e-02
2.370000000000000000e+02	7.399593023033904310e-04	3.038512620382711729e-10	4.989130411363080969e-17	1.257692834536919962e-03	3.505612955625480609e-08	2.830575194870290778e-28	1.750685696052658036e-10	1.234245397231485643e-06	1.077181109085920072e-06	1.247609434966963764e-16	4.507775751851611447e-10	3.562647953778031872e-04	5.161519235423205759e-02	1.838480764576809132e-02	2.455188210209237754e-15	1.838369540852692607e-02
2.380000000000000000e+02	7.396581496114738429e-04	2.998666910480824615e-10	4.923705162937294146e-17	1.258024354691568598e-03	3.505447403209897162e-08	2.830441521082936066e-28	1.727747124342465775e-10	1.218095256759438284e-06	1.062972454465574045e-06	1.231718396798520693e-16	4.504107299949604991e-10	3.517360479597934258e-04	5.161097897054982286e-02	1.838902102945036074e-02	2.465191911536351362e-15	1.838792300251933590e-02
2.390000000000000000e+02	7.393609178995483571e-04	2.959376748801498495e-10	4.859192105072625686e-17	1.258351529263329995e-03	3.505284027409444691e-08	2.830309604783607923e-28	1.705127889602407515e-10	1.202169399848817607e-06	1.048964000089261280e-06	1.216051245832295569e-16	4.500488075222542338e-10	3.472669605785199298e-04	5.160682112569246749e-02	1.839317887430773693e-02	2.475195143540938011e-15	1.839209485746484685e-02
2.400000000000000000e+02	7.390675532105954329e-04	2.920633558710221951e-10	4.795577155238110009e-17	1.258674418794465894e-03	3.505122797733679363e-08	2.830179421353078378e-28	1.682823073981911565e-10	1.186464386265224835e-06	1.035152602719815021e-06	1.200604467354593715e-16	4.496917363489700721e-10	3.428566945537531597e-04	5.160271803808048202e-02	1.839728196191975709e-02	2.485197912390766247e-15	1.839621175808651976e-02
2.410000000000000000e+02	7.387780024028264662e-04	2.882428916664339575e-10	4.732846482274200151e-17	1.258993082893770541e-03	3.504963684166608293e-08	2.830050946555204862e-28	1.660827847115557438e-10	1.170976836634267514e-06	1.021535176516834939e-06	1.185374610822472128e-16	4.493394462275253069e-10	3.385044243250032452e-04	5.159866893838143537e-02	1.840133106161883150e-02	2.495200224167273258e-15	1.840027447680291778e-02
2.420000000000000000e+02	7.384922131355642003e-04	2.844754548977058852e-10	4.670986501079383425e-17	1.259307580253121251e-03	3.504806657157909518e-08	2.829924156529851077e-28	1.639137464281068188e-10	1.155703431168393178e-06	1.008108691792198372e-06	1.170358288472572670e-16	4.489918680583322447e-10	3.342093372131074518e-04	5.159467306928698649e-02	1.840532693071332548e-02	2.505202084866909484e-15	1.840428377395239568e-02
2.430000000000000000e+02	7.382101338554138354e-04	2.807602328661854353e-10	4.609983867428812342e-17	1.259617968663809305e-03	3.504651687614677395e-08	2.829799027786216812e-28	1.617747264602893841e-10	1.140640908425037414e-06	9.948701737972677562e-07	1.155552173965373143e-16	4.486489338678126235e-10	3.299706331869614270e-04	5.159072968529456599e-02	1.840927031470577721e-02	2.515203500402447733e-15	1.840824039801252851e-02
2.440000000000000000e+02	7.379317137827153808e-04	2.770964272355015164e-10	4.549825472921216638e-17	1.259924305032479683e-03	3.504498746893233511e-08	2.829675537196222024e-28	1.596652669300090085e-10	1.125786064095186956e-06	9.818167015408889658e-07	1.140953001063867464e-16	4.483105767869134576e-10	3.257875246352611950e-04	5.158683805249396348e-02	1.841316194750641094e-02	2.525204476604286381e-15	1.841214508581482182e-02
2.450000000000000000e+02	7.376569028982698758e-04	2.734832537314085613e-10	4.490498440050471353e-17	1.260226645396714728e-03	3.504347806791029582e-08	2.829553661987978800e-28	1.575849179977254300e-10	1.111135749821520547e-06	9.689454066372725591e-07	1.126557562345635849e-16	4.479767310301069900e-10	3.216592361431291035e-04	5.158299744835830036e-02	1.841700255164211569e-02	2.535205019221708786e-15	1.841599856275482130e-02
2.460000000000000000e+02	7.373856519303334089e-04	2.699199418490069831e-10	4.431990117398239027e-17	1.260525044940345903e-03	3.504198839538875924e-08	2.829433379739508612e-28	1.555332376957279963e-10	1.096686872045284331e-06	9.562534721828966990e-07	1.112362707947362083e-16	4.476473318748631196e-10	3.175850042735032662e-04	5.157920716153956142e-02	1.842079283846089280e-02	2.545205133924143495e-15	1.841980154299771577e-02
2.470000000000000000e+02	7.371179123418729719e-04	2.664057345671296009e-10	4.374288074944316114e-17	1.260819558008388023e-03	3.504051817793172571e-08	2.829314668372469432e-28	1.535097917654780673e-10	1.082436390881103872e-06	9.437381316615926614e-07	1.098365344340849632e-16	4.473223156415811207e-10	3.135640773531686381e-04	5.157546649166847713e-02	1.842453350833200831e-02	2.555204826302379088e-15	1.842355472967956154e-02
2.480000000000000000e+02	7.368536363180764508e-04	2.629398880696969576e-10	4.317380099491372849e-17	1.261110238121750798e-03	3.503906714628547368e-08	2.829197506146216466e-28	1.515141534989024725e-10	1.068381319018960312e-06	9.313966678770032710e-07	1.084562433139630778e-16	4.470016196739712972e-10	3.095957152633152304e-04	5.157177474915865256e-02	1.842822525084187799e-02	2.565204101869775475e-15	1.842725881510423602e-02
2.490000000000000000e+02	7.365927767541141516e-04	2.595216714738416131e-10	4.261254190200848552e-17	1.261397137991500427e-03	3.503763503530222088e-08	2.829081871651634647e-28	1.495459035835292221e-10	1.054518720652574046e-06	9.192264119116294902e-07	1.070950989935301619e-16	4.466851823198715781e-10	3.056791892345099505e-04	5.156813125501476941e-02	1.843186874498577849e-02	2.575202966063441668e-15	1.843091448093620716e-02
2.500000000000000000e+02	7.363352872431405856e-04	2.561503665646150879e-10	4.205898554236944911e-17	1.261680309533007131e-03	3.503622158387066762e-08	2.828967743805528065e-28	1.476046299513573954e-10	1.040845710433459855e-06	9.072247421117019832e-07	1.057528083162716449e-16	4.463729429124891297e-10	3.018137816459745136e-04	5.156453534064494443e-02	1.843546465935562428e-02	2.585201424245398161e-15	1.843452239838928863e-02
2.510000000000000000e+02	7.360811220645380312e-04	2.528252675360946522e-10	4.151301602515677660e-17	1.261959803879665956e-03	3.503482653484380044e-08	2.828855101844798183e-28	1.456899276313592830e-10	1.027359452449964210e-06	8.953890830971501609e-07	1.044290832993239943e-16	4.460648417520586075e-10	2.979987858290599747e-04	5.156098634767693895e-02	1.843901365232368528e-02	2.595199481703722757e-15	1.843808322841140532e-02
2.520000000000000000e+02	7.358302361723879957e-04	2.495456807387112366e-10	4.097451945556103621e-17	1.262235671396397902e-03	3.503344963497013688e-08	2.828743925320883038e-28	1.438013986055126256e-10	1.014057159230578972e-06	8.837169047959492576e-07	1.031236410255245979e-16	4.457608200878998846e-10	2.942335058748190039e-04	5.155748362777810845e-02	1.844251637222252618e-02	2.605197143653666803e-15	1.844159762186544857e-02
2.530000000000000000e+02	7.355825851841733950e-04	2.463109244326268250e-10	4.044338389430848079e-17	1.262507961692873508e-03	3.503209063482622753e-08	2.828634194094314823e-28	1.419386516682675134e-10	1.000936090770880310e-06	8.722057215021613541e-07	1.018362035381101241e-16	4.454608201008733450e-10	2.905172564455698139e-04	5.155402654247939753e-02	1.844597345752125792e-02	2.615194415238758017e-15	1.844506621970645743e-02
2.540000000000000000e+02	7.353381253696989828e-04	2.431203285469969275e-10	3.991949931813297198e-17	1.262776723636451067e-03	3.503074928874991913e-08	2.828525888329326792e-28	1.401013022893530273e-10	9.879935535834489126e-07	8.608530909570007679e-07	1.005664977379887000e-16	4.451647848862142307e-10	2.868493625903609386e-04	5.155061446300264472e-02	1.844938553699801420e-02	2.625191301531887935e-15	1.844848965315510139e-02
2.550000000000000000e+02	7.350968136402314399e-04	2.399732344449534719e-10	3.940275758118683988e-17	1.263042005364837074e-03	3.502942535477480211e-08	2.828418988488563306e-28	1.382889724798320632e-10	9.752268997701406255e-07	8.496566134522792195e-07	9.931425528351330955e-17	4.448726584367442359e-10	2.832291595642358697e-04	5.154724677009168976e-02	1.845275322990895875e-02	2.635187807536370561e-15	1.845186854386747857e-02
2.560000000000000000e+02	7.348586075378478466e-04	2.368689946941536909e-10	3.889305237736600172e-17	1.263303854298612229e-03	3.502811859456901249e-08	2.828313475328133805e-28	1.365012906613163484e-10	9.626335261161061581e-07	8.386139309556028034e-07	9.807921249268664511e-17	4.445843856264432350e-10	2.796559926512099466e-04	5.154392285384686023e-02	1.845607714615378134e-02	2.645183938186989974e-15	1.845520350410154858e-02
2.570000000000000000e+02	7.346234652249939486e-04	2.338069728427458010e-10	3.839027920352410829e-17	1.263562317153280610e-03	3.502682877336930889e-08	2.828209329892295049e-28	1.347378915382568893e-10	9.502108732049841705e-07	8.277227262567235020e-07	9.686111024773085386e-17	4.442999121943798515e-10	2.761292169908680484e-04	5.154064211356285119e-02	1.845935788643778344e-02	2.655179698351027426e-15	1.845849513688006469e-02
2.580000000000000000e+02	7.343913454742419158e-04	2.307865432005959901e-10	3.789433532355098610e-17	1.263817439951286535e-03	3.502555565992193904e-08	2.828106533508674154e-28	1.329984159732228675e-10	9.379564245546654049e-07	8.169807221344310366e-07	9.565969390195285648e-17	4.440191847289842210e-10	2.726481974084928278e-04	5.153740395756994247e-02	1.846259604243069910e-02	2.665175092829275814e-15	1.846174403615021692e-02
2.590000000000000000e+02	7.341622076582457511e-04	2.278070906256465866e-10	3.740511973329320697e-17	1.264069268033725683e-03	3.502429902642314896e-08	2.828005067783463810e-28	1.312825108650944094e-10	9.258677057731266273e-07	8.063856805434608479e-07	9.447471318884741801e-17	4.437421506526593305e-10	2.692123082486471038e-04	5.153420780307841481e-02	1.846579219692224411e-02	2.675170126357026947e-15	1.846495078693996886e-02
2.600000000000000000e+02	7.339360117398929404e-04	2.248680103152581992e-10	3.692253312629342757e-17	1.264317846071773667e-03	3.502305864845921565e-08	2.827904914596585232e-28	1.295898290300864329e-10	9.139422837337589267e-07	7.959354018208279303e-07	9.330592213337126244e-17	4.434687582067226601e-10	2.658209332121208059e-04	5.153105307602613011e-02	1.846894692397451146e-02	2.685164803605048539e-15	1.846811596551133083e-02
2.610000000000000000e+02	7.337127182626393320e-04	2.219687076024030379e-10	3.644647786032583746e-17	1.264563218077955449e-03	3.502183430494984150e-08	2.827806056097108037e-28	1.279200290855283233e-10	9.021777657696819398e-07	7.856277239110674999e-07	9.215307896533073058e-17	4.431989564366654627e-10	2.624734651961634297e-04	5.152793921092929663e-02	1.847206078907133800e-02	2.695159129180547025e-15	1.847124013951040658e-02
2.620000000000000000e+02	7.334922883410321254e-04	2.191085977565834270e-10	3.597685792470780922e-17	1.264805427417158229e-03	3.502062577809134349e-08	2.827708474698675065e-28	1.262727753363277078e-10	8.905717988865490168e-07	7.754605216098650662e-07	9.101594603482520941e-17	4.429326951777264243e-10	2.591693061379263274e-04	5.152486565073603059e-02	1.847513434926460058e-02	2.705153107628106298e-15	1.847432386811448737e-02
2.630000000000000000e+02	7.332746836514126209e-04	2.162871057893452288e-10	3.551357890836588466e-17	1.265044516817455042e-03	3.501943285330199974e-08	2.827612153075079207e-28	1.246477376640459743e-10	8.791220689933492969e-07	7.654317058255724509e-07	8.989428972968937482e-17	4.426699250407690538e-10	2.559078668610387762e-04	5.152183184668302635e-02	1.847816815331760135e-02	2.715146743430617383e-15	1.847736770217619368e-02
2.640000000000000000e+02	7.330598664227945017e-04	2.135036662642672446e-10	3.505654796863665255e-17	1.265280528380657724e-03	3.501825531916671442e-08	2.827517074155803913e-28	1.230445914185156917e-10	8.678263001507285414e-07	7.555392228581237696e-07	8.878788039488096243e-17	4.424105973984596504e-10	2.526885669252410633e-04	5.151883725815501608e-02	1.848116274184560467e-02	2.725140041010188391e-15	1.848037218436469897e-02
2.650000000000000000e+02	7.328477994279134194e-04	2.107577231113056446e-10	3.460567380078279060e-17	1.265513503592755398e-03	3.501709296738524289e-08	2.827423221121833644e-28	1.214630173119342969e-10	8.566822538363775762e-07	7.457810536948805313e-07	8.769649225376039950e-17	4.421546643717295619e-10	2.495108344790082340e-04	5.151588135254706047e-02	1.848411864745356376e-02	2.735133004729043422e-15	1.848333784930415724e-02
2.660000000000000000e+02	7.326384459744474499e-04	2.080487294453784481e-10	3.416086660820525234e-17	1.265743483334066943e-03	3.501594559271935134e-08	2.827330577401397067e-28	1.199027013153670249e-10	8.456877282270317907e-07	7.361552133229448587e-07	8.661990333121134241e-17	4.419020788165256131e-10	2.463741061150885006e-04	5.151296360512953171e-02	1.848703639487108558e-02	2.745125638890400966e-15	1.848626522370941730e-02
2.670000000000000000e+02	7.324317698963999637e-04	2.053761473890824421e-10	3.372203807333409641e-17	1.265970507889223242e-03	3.501481299294144564e-08	2.827239126665807551e-28	1.183633345575984872e-10	8.348405574966625187e-07	7.266597500575053477e-07	8.555789537855380181e-17	4.416527943108337092e-10	2.432778267288935909e-04	5.151008349891582350e-02	1.848991650108478338e-02	2.755117947739342039e-15	1.848915482651897202e-02
2.680000000000000000e+02	7.322277355456459922e-04	2.027394478994266059e-10	3.328910132917860007e-17	1.266194616957024314e-03	3.501369496878620437e-08	2.827148852825572264e-28	1.168446132262680714e-10	8.241386111304223850e-07	7.172927448857740511e-07	8.451025380019936860e-17	4.414067651419735492e-10	2.402214493796719994e-04	5.150724052453262841e-02	1.849275947546798887e-02	2.765109935463661370e-15	1.849200716902536096e-02
2.690000000000000000e+02	7.320263077836336365e-04	2.001381105984853883e-10	3.286197093152119424e-17	1.266415849659966635e-03	3.501259132389925398e-08	2.827059740026234915e-28	1.153462384712330019e-10	8.135797932539507481e-07	7.080523108261117157e-07	8.347676758200467250e-17	4.411639462941537443e-10	2.372044351544017981e-04	5.150443418009272717e-02	1.849556581990788318e-02	2.775101606194707533e-15	1.849482275500296050e-02
2.700000000000000000e+02	7.318274519732408416e-04	1.975716236078630911e-10	3.244056283173715002e-17	1.266634244553737059e-03	3.501150186479103190e-08	2.826971772644657942e-28	1.138679163100992994e-10	8.031620419776371084e-07	6.989365923019225211e-07	8.245722922127580319e-17	4.409242934362865179e-10	2.342262530343403645e-04	5.150166397107035221e-02	1.849833602893024773e-02	2.785092964008204153e-15	1.849760208083330373e-02
2.710000000000000000e+02	7.316311339707836335e-04	1.950394833868745162e-10	3.202479435022425815e-17	1.266849839636414229e-03	3.501042640078831381e-08	2.826884935285104702e-28	1.124093575358647000e-10	7.928833287554556017e-07	6.899437645299386375e-07	8.145143465838082449e-17	4.406877629100496790e-10	2.312863797641698260e-04	5.149892941017894521e-02	1.850107058982165820e-02	2.795084012925062828e-15	1.850034563562793707e-02
2.720000000000000000e+02	7.314373201181710495e-04	1.925411945743430801e-10	3.161458415042684736e-17	1.267062672357562644e-03	3.500936474398857970e-08	2.826799212775557982e-28	1.109702776266196522e-10	7.827416577580025403e-07	6.810720329225036979e-07	8.045918320992775830e-17	4.404543117181952004e-10	2.283842997236791854e-04	5.149623001725123911e-02	1.850376998274935736e-02	2.805074756912179087e-15	1.850305390134889330e-02
2.730000000000000000e+02	7.312459772352039415e-04	1.900762698339252261e-10	3.120985221343840136e-17	1.267272779627113795e-03	3.500831670921421457e-08	2.826714590164021918e-28	1.095503966572534631e-10	7.727350652593680147e-07	6.723196325034930759e-07	7.948027750346622875e-17	4.402238975130942664e-10	2.255195048019248232e-04	5.149356531912174795e-02	1.850643468087884852e-02	2.815065199883215733e-15	1.850572735292683318e-02
2.740000000000000000e+02	7.310570726120164606e-04	1.876442297028689013e-10	3.081051981316835925e-17	1.267480197824121316e-03	3.500728211396873400e-08	2.826631052714982200e-28	1.081494392131133157e-10	7.628616190374956469e-07	6.636848273375095005e-07	7.851452341367370556e-17	4.399964785855178596e-10	2.226914942738139483e-04	5.149093484951144939e-02	1.850906515048916443e-02	2.825055345699376318e-15	1.850836645837689379e-02
2.750000000000000000e+02	7.308705740016540426e-04	1.852446024441183685e-10	3.041650949205822206e-17	1.267684962805296252e-03	3.500626077839208994e-08	2.826548585905803950e-28	1.067671343055673263e-10	7.531194177876797201e-07	6.551659099720041809e-07	7.756172999998607781e-17	4.397720138536408433e-10	2.198997746790553231e-04	5.148833814891468075e-02	1.851166185108592266e-02	2.835045198170162449e-15	1.851097167891234060e-02
2.760000000000000000e+02	7.306864496127880035e-04	1.828769239016807963e-10	3.002774503733322182e-17	1.267887109913430881e-03	3.500525252521855068e-08	2.826467175423328251e-28	1.054032152894229035e-10	7.435065905488781275e-07	6.467612008919933117e-07	7.662170944563652929e-17	4.395504628522712933e-10	2.171438597034244886e-04	5.148577476448835261e-02	1.851422523551223345e-02	2.845034761054120449e-15	1.851354346905598192e-02
2.770000000000000000e+02	7.305046681025614309e-04	1.805407373591706203e-10	2.964415145777580978e-17	1.268086673985655130e-03	3.500425717973472639e-08	2.826386807160481228e-28	1.040574197821529617e-10	7.340212961425057169e-07	6.384690479870322035e-07	7.569427699806445569e-17	4.393317857222948471e-10	2.144232700622912319e-04	5.148324424994307064e-02	1.851675575005752930e-02	2.855024038059575385e-15	1.851608227674951881e-02
2.780000000000000000e+02	7.303251985695658312e-04	1.782355934014510483e-10	2.926565496100776894e-17	1.268283689361495879e-03	3.500327456973753510e-08	2.826307467212882231e-28	1.027294895848845471e-10	7.246617226234053220e-07	6.302878260301384015e-07	7.477925091066008356e-17	4.391159432003308097e-10	2.117375333863588259e-04	5.148074616543640847e-02	1.851925383456420188e-02	2.865013032845353673e-15	1.851858854346074765e-02
2.790000000000000000e+02	7.301480105469421340e-04	1.759610497792954472e-10	2.889218293126795300e-17	1.268478189890859514e-03	3.500230452549459733e-08	2.826229141875644393e-28	1.014191706051056074e-10	7.154260867426838195e-07	6.222159361683473191e-07	7.387645238580948951e-17	4.389028966085946936e-10	2.090861841095655754e-04	5.147828007746824835e-02	1.852171992253236199e-02	2.875001749021494228e-15	1.852106270428880222e-02
2.800000000000000000e+02	7.299730739956097414e-04	1.737166712769912442e-10	2.852366390767340608e-17	1.268670208941818228e-03	3.500134687970438578e-08	2.826151817640159490e-28	1.001262127810465575e-10	7.063126334221204560e-07	6.142518054246067846e-07	7.298570551920704766e-17	4.386926078449634175e-10	2.064687633591008001e-04	5.147584555877808554e-02	1.852415444122251786e-02	2.884990190149947403e-15	1.852350518806733515e-02
2.810000000000000000e+02	7.298003592976134296e-04	1.715020295828126451e-10	2.816002756295145081e-17	1.268859779408247797e-03	3.500040146745676554e-08	2.826075481190910603e-28	9.885037000769463458e-11	6.973196352398582895e-07	6.063938862107171078e-07	7.210683724540259236e-17	4.384850393732369609e-10	2.038848188474879860e-04	5.147344218824423390e-02	1.852655781175635910e-02	2.894978359745261685e-15	1.852591641746579448e-02
2.820000000000000000e+02	7.296298372495901635e-04	1.693167031622918343e-10	2.780120468263118935e-17	1.269046933717346949e-03	3.499946812619500336e-08	2.826000119402397332e-28	9.759140006440051126e-11	6.884453919270994351e-07	5.986406558510315377e-07	7.123967728455172937e-17	4.382801542135924413e-10	2.013339047666902980e-04	5.147106955078493279e-02	1.852893044921565674e-02	2.904966261275264090e-15	1.852829680908877827e-02
2.830000000000000000e+02	7.294614790563540892e-04	1.671602771342160185e-10	2.744712714468272609e-17	1.269231703837037269e-03	3.499854669567876946e-08	2.825925719336167289e-28	9.634906454403755292e-11	6.796882298755306311e-07	5.909906161166472211e-07	7.038405809033816015e-17	4.380779159332261164e-10	1.988155816841932441e-04	5.146872723726132748e-02	1.853127276273926552e-02	2.914953898161721232e-15	1.853064677357354334e-02
2.840000000000000000e+02	7.292952563245929829e-04	1.650323431492853302e-10	2.709772789959317585e-17	1.269414121283175736e-03	3.499763701794670930e-08	2.825852268237771352e-28	9.512312878367480233e-11	6.710465016552162251e-07	5.834422927698142388e-07	6.953981479903897932e-17	4.378782886371803648e-10	1.963294164410210683e-04	5.146641484438219810e-02	1.853358515561838449e-02	2.924941273781001566e-15	1.853296671568567880e-02
2.850000000000000000e+02	7.291311410566782151e-04	1.629324992713633480e-10	2.675294095086848442e-17	1.269594217126640643e-03	3.499673893727959104e-08	2.825779753533803228e-28	9.391336179672698590e-11	6.625185855427009790e-07	5.759942351183116775e-07	6.870678517970375742e-17	4.376812369593486654e-10	1.938749820516458082e-04	5.146413197461058991e-02	1.853586802539000308e-02	2.934928391464715553e-15	1.853525703441302394e-02
2.860000000000000000e+02	7.289691056445836773e-04	1.608603498612589435e-10	2.641270133595073535e-17	1.269772022000395604e-03	3.499585230016714548e-08	2.825708162829213895e-28	9.271953620654480929e-11	6.541028850590716514e-07	5.686450155795325001e-07	6.788480958541886210e-17	4.374867260536570769e-10	1.914518576057462997e-04	5.146187823607200479e-02	1.853812176392859862e-02	2.944915254500351480e-15	1.853751812305778901e-02
2.870000000000000000e+02	7.288091228639107444e-04	1.588155054629725595e-10	2.607694510754023172e-17	1.269947566106237194e-03	3.499497695527030033e-08	2.825637483904270442e-28	9.154142818140963777e-11	6.457978285177351065e-07	5.613932292540330556e-07	6.707373090563004854e-17	4.372947215854160640e-10	1.890596281717778801e-04	5.145965324246440376e-02	1.854034675753620312e-02	2.954901866131902210e-15	1.853975036932705919e-02
2.880000000000000000e+02	7.286511658680199215e-04	1.567975826923516760e-10	2.574560931531316094e-17	1.270120879221611114e-03	3.499411275338938341e-08	2.825567704711982172e-28	9.037881737089931886e-11	6.376018685816763102e-07	5.542374935083150365e-07	6.627339451949689229e-17	4.371051897228425171e-10	1.866978847023136783e-04	5.145745661296985407e-02	1.854254338703075627e-02	2.964888229560479310e-15	1.854195415542155348e-02
2.890000000000000000e+02	7.284952081822632141e-04	1.548062041280931434e-10	2.541863198802445462e-17	1.270291990706169443e-03	3.499325954742913615e-08	2.825498813375274678e-28	8.923148684359096148e-11	6.295134818299675145e-07	5.471764475666028203e-07	6.548364825025303199e-17	4.369180971287408480e-10	1.843662239411191373e-04	5.145528797216775141e-02	1.854471202783285200e-02	2.974874347944917320e-15	1.854412985812279105e-02
2.900000000000000000e+02	7.283412236983190626e-04	1.528409982050352294e-10	2.509595211598684280e-17	1.270460929508260674e-03	3.499241719236568600e-08	2.825430798184328057e-28	8.809922302606798512e-11	6.215311683333000360e-07	5.402087521113962845e-07	6.470434232054702795e-17	4.367334109523493675e-10	1.820642483319220937e-04	5.145314694994970045e-02	1.854685305005091683e-02	2.984860224402371314e-15	1.854627784887864436e-02
2.910000000000000000e+02	7.281891866686258322e-04	1.509015991096860259e-10	2.477750963391688251e-17	1.270627724171339082e-03	3.499158554521515323e-08	2.825363647594040219e-28	8.698181564320071688e-11	6.136534512383326952e-07	5.333330888925798182e-07	6.393532930874013356e-17	4.365510988213405184e-10	1.797915659288434203e-04	5.145103318143582488e-02	1.854896681856480281e-02	2.994845862008903022e-15	1.854839849388738998e-02
2.920000000000000000e+02	7.280390717009076760e-04	1.489876466779307010e-10	2.446324540413891344e-17	1.270792402840211248e-03	3.499076446500155632e-08	2.825297350221433253e-28	8.587905765966857375e-11	6.058788763606257815e-07	5.265481603448736558e-07	6.317646410613621690e-17	4.363711288339715517e-10	1.775477903084514257e-04	5.144894630689273579e-02	1.855105369310789884e-02	3.004831263800058675e-15	1.855049215418010447e-02
2.930000000000000000e+02	7.278908537528019874e-04	1.470987862948679148e-10	2.415310120013853764e-17	1.270954993267165486e-03	3.498995381272481001e-08	2.825231894843072794e-28	8.479074522269502087e-11	5.982060117859771615e-07	5.198526892134240328e-07	6.242760387512192907e-17	4.361934695513907647e-10	1.753325404834061262e-04	5.144688597165290173e-02	1.855311402834773291e-02	3.014816432771435007e-15	1.855255918570170720e-02
2.940000000000000000e+02	7.277445081265742407e-04	1.452346687967227161e-10	2.384701969045704417e-17	1.271115522818033186e-03	3.498915345133094679e-08	2.825167270392662278e-28	8.371667760596572120e-11	5.906334474799443254e-07	5.132454181873337459e-07	6.168860800819402073e-17	4.360180899900847214e-10	1.731454408176603791e-04	5.144485182603553142e-02	1.855514817396509974e-02	3.024801371879243692e-15	1.855459993939044538e-02
2.950000000000000000e+02	7.276000104639262882e-04	1.433949503747857223e-10	2.354494442291859446e-17	1.271274018478105953e-03	3.498836324568124653e-08	2.825103465958546607e-28	8.265665715470117084e-11	5.831597949053624245e-07	5.067251095409315235e-07	6.095933808785226081e-17	4.358449596144713675e-10	1.709861209431832356e-04	5.144284352526883042e-02	1.855715647473180421e-02	3.034786084040856438e-15	1.855661476125599479e-02
2.960000000000000000e+02	7.274573367408923704e-04	1.415792924813315087e-10	2.324681980918231053e-17	1.271430506857983795e-03	3.498758306252327191e-08	2.825040470781380395e-28	8.161048923185749237e-11	5.757836866476717409e-07	5.002905447826001070e-07	6.023965784733697879e-17	4.356740483296320593e-10	1.688542156781760767e-04	5.144086072941362470e-02	1.855913927058699953e-02	3.044770572135352860e-15	1.855860399245612066e-02
2.970000000000000000e+02	7.273164632628231633e-04	1.397873617374669148e-10	2.295259110961133727e-17	1.271585014199301230e-03	3.498681277046181784e-08	2.824978274251779160e-28	8.057798216542687436e-11	5.685037760478621007e-07	4.939405243109691772e-07	5.952943313219015307e-17	4.355053264741799229e-10	1.667493649467471646e-04	5.143890310328847609e-02	1.856109689671214466e-02	3.054754839004049800e-15	1.856056796937201325e-02
2.980000000000000000e+02	7.271773666594549346e-04	1.380188298428659939e-10	2.266220441845161908e-17	1.271737566380327401e-03	3.498605223992958296e-08	2.824916865907946317e-28	7.955894719681321639e-11	5.613187368428669419e-07	4.876738670783056256e-07	5.882853186262089097e-17	4.353387648132616992e-10	1.646712137000175030e-04	5.143697031639600514e-02	1.856302968360460520e-02	3.064738887451032231e-15	1.856250702368223565e-02
2.990000000000000000e+02	7.270400238800630525e-04	1.362733734873442503e-10	2.237560664931269293e-17	1.271888188921529560e-03	3.498530134316005795e-08	2.824856235433493872e-28	7.855319843025638065e-11	5.542272628132164550e-07	4.814894102609133416e-07	5.813682399665458039e-17	4.351743345316924552e-10	1.626194118386248581e-04	5.143506204285058780e-02	1.856493795715001907e-02	3.074722720243666018e-15	1.856442148243535664e-02
3.000000000000000000e+02	7.269044121886969164e-04	1.345506742642310122e-10	2.209274552094376213e-17	1.272036906990989518e-03	3.498455995415954698e-08	2.824796372655175685e-28	7.756055278328130731e-11	5.472280674377951064e-07	4.753860089363876657e-07	5.745418149404837060e-17	4.350120072272154579e-10	1.605936141365999176e-04	5.143317796130730118e-02	1.856682203869330569e-02	3.084706340113109889e-15	1.856631166812134845e-02
3.010000000000000000e+02	7.267705091594955534e-04	1.328504185854953763e-10	2.181356954329762713e-17	1.272183745409730983e-03	3.498382794867983103e-08	2.824737267540681267e-28	7.658082993814699752e-11	5.403198835555266207e-07	4.693625357675467927e-07	5.678047828095312486e-17	4.348517549038893302e-10	1.585934801665837173e-04	5.143131775489216684e-02	1.856868224510842963e-02	3.094689749754819120e-15	1.856817789874164182e-02
3.020000000000000000e+02	7.266382926720836620e-04	1.311722975985873106e-10	2.153802800387637535e-17	1.272328728656995506e-03	3.498310520419220769e-08	2.824678910196546608e-28	7.561385229427305570e-11	5.335014630338317326e-07	4.634178806928909394e-07	5.611559021530482300e-17	4.346935499655964413e-10	1.566186742263611534e-04	5.142948111113360143e-02	1.857051888886700891e-02	3.104672951829037789e-15	1.857002048787803269e-02
3.030000000000000000e+02	7.265077409070424663e-04	1.295160071049507482e-10	2.126607095435144046e-17	1.272471880875369020e-03	3.498239159986082283e-08	2.824621290865983400e-28	7.465944492161991950e-11	5.267715764436994663e-07	4.575509506234265949e-07	5.545939505292788005e-17	4.345373652096721683e-10	1.546688652666811711e-04	5.142766772189501234e-02	1.857233227810560494e-02	3.114655948961285891e-15	1.857183974476028787e-02
3.040000000000000000e+02	7.263788323414592822e-04	1.278812474801712157e-10	2.099764919745206854e-17	1.272613225875867185e-03	3.498168701651725297e-08	2.824564399926824847e-28	7.371743551500044340e-11	5.201290127412075117e-07	4.517606691456953396e-07	5.481177241433184900e-17	4.343831738206502217e-10	1.527437268203366070e-04	5.142587728330869773e-02	1.857412271669191955e-02	3.124638743742838578e-15	1.857363597433264735e-02
3.050000000000000000e+02	7.262515457445494014e-04	1.262677235957326899e-10	2.073271427411737166e-17	1.272752787142906669e-03	3.498099133663521348e-08	2.824508227889201076e-28	7.278765434930715832e-11	5.135725789553810544e-07	4.460459762308968022e-07	5.417260375218966242e-17	4.342309493641266710e-10	1.508429369324849553e-04	5.142410949571081524e-02	1.857589050428981245e-02	3.134621338731201049e-15	1.857540947731911585e-02
3.060000000000000000e+02	7.261258601733516999e-04	1.246751447422574341e-10	2.047121845089725469e-17	1.272890587839214417e-03	3.498030444430571000e-08	2.824452765395258430e-28	7.186993423560602874e-11	5.071010998821905825e-07	4.404058279499074951e-07	5.354177231947379016e-17	4.340806657807168222e-10	1.489661780921750910e-04	5.142236406357744705e-02	1.857763593642318065e-02	3.144603736450568454e-15	1.857716055028764759e-02
3.070000000000000000e+02	7.260017549684956960e-04	1.231032245544682572e-10	2.021311470762138843e-17	1.273026650810624594e-03	3.497962622521301715e-08	2.824398003213508985e-28	7.096411047815467470e-11	5.007134177845868153e-07	4.348391961940990192e-07	5.291916313824383603e-17	4.339322973801703959e-10	1.471131371650605181e-04	5.142064069546192773e-02	1.857935930453872078e-02	3.154585939392289752e-15	1.857888948571314799e-02
3.080000000000000000e+02	7.258792097500396234e-04	1.215516809373642724e-10	1.995835672528797917e-17	1.273160998590813948e-03	3.497895656661010132e-08	2.824343932240695957e-28	7.007002083219381370e-11	4.944083920984225104e-07	4.293450684017977210e-07	5.230466296906051459e-17	4.337858188355288408e-10	1.452835053272758577e-04	5.141893910393301875e-02	1.858106089606763323e-02	3.164567950015314197e-15	1.858059657203950735e-02
3.090000000000000000e+02	7.257582044133765922e-04	1.200202359940625461e-10	1.970689887421031080e-17	1.273293653405949350e-03	3.497829535729540672e-08	2.824290543497950784e-28	6.918750546262644848e-11	4.881848991441297544e-07	4.239224472902671624e-07	5.169816028102027666e-17	4.336412051774377431e-10	1.434769780004516669e-04	5.141725900551441519e-02	1.858274099448623679e-02	3.174549770746637446e-15	1.858228209374042372e-02
3.100000000000000000e+02	7.256387191252077536e-04	1.185086159549736016e-10	1.945869620238864233e-17	1.273424637179254885e-03	3.497764248758945603e-08	2.824237828129304832e-28	6.831640690348354830e-11	4.820418318440150931e-07	4.185703505930702030e-07	5.109954522239004837e-17	4.334984317885419541e-10	1.416932547878441433e-04	5.141560012062509899e-02	1.858439987937554952e-02	3.184531403981741344e-15	1.858394633137929949e-02
3.110000000000000000e+02	7.255207343195829023e-04	1.170165511083809581e-10	1.921370442411171015e-17	1.273553971535538619e-03	3.497699784931309229e-08	2.824185777399930260e-28	6.745657001818668013e-11	4.759780994450554534e-07	4.132878108026963976e-07	5.050870959183091042e-17	4.333574743979845286e-10	1.399320394115594664e-04	5.141396217352078857e-02	1.858603782647985647e-02	3.194512852085021885e-15	1.858558956166802417e-02
3.120000000000000000e+02	7.254042306940054795e-04	1.155437757323771039e-10	1.897187990878071680e-17	1.273681677805544362e-03	3.497636133576312005e-08	2.824134382694175068e-28	6.660784196058383386e-11	4.699926272470640942e-07	4.080738749183286084e-07	4.992554681019606183e-17	4.332183090760058564e-10	1.381930396508488442e-04	5.141234489223638071e-02	1.858765510776425045e-02	3.204494117390216772e-15	1.858721205752481009e-02
3.130000000000000000e+02	7.252891892056011116e-04	1.140900280281252204e-10	1.873317966995126725e-17	1.273807777030387580e-03	3.497573284169290307e-08	2.824083635513994983e-28	6.577007213674278996e-11	4.640843563361075797e-07	4.029276041986268565e-07	4.934995189289000284e-17	4.330809122286378672e-10	1.364759672814543664e-04	5.141074800852939858e-02	1.858925199147122218e-02	3.214475202200818781e-15	1.858881408813099420e-02
3.140000000000000000e+02	7.251755910673489229e-04	1.126550500544180935e-10	1.849756135458810339e-17	1.273932289965761877e-03	3.497511226328893189e-08	2.824033527477064287e-28	6.494311216748375387e-11	4.582522433230586846e-07	3.978480739194216834e-07	4.878182142277622874e-17	4.329452605924938781e-10	1.347805380159843643e-04	5.140917125782434871e-02	1.859082874217627204e-02	3.224456108790495040e-15	1.859039591898689614e-02
3.150000000000000000e+02	7.250634177443747571e-04	1.112385876635022492e-10	1.826498323252768194e-17	1.274055237086138982e-03	3.497449949814954216e-08	2.823984050315053454e-28	6.412681585163485585e-11	4.524952600871632569e-07	3.928343731361928249e-07	4.822105352362016592e-17	4.328113312296504139e-10	1.331064714452971306e-04	5.140761437915804255e-02	1.859238562084257126e-02	3.234436839403486588e-15	1.859195781196673267e-02
3.160000000000000000e+02	7.249526509503031622e-04	1.098403904381423947e-10	1.803540418614437695e-17	1.274176638588946824e-03	3.497389444526520789e-08	2.823935195872038170e-28	6.332103912999489020e-11	4.468123935245200312e-07	3.878856044512339355e-07	4.766754783405586831e-17	4.326791015226204305e-10	1.314534909808752765e-04	5.140607711512589634e-02	1.859392288487472095e-02	3.244417396255013850e-15	1.859350002537261265e-02
3.170000000000000000e+02	7.248432726436706327e-04	1.084602116298957538e-10	1.780878370021531509e-17	1.274296514398595183e-03	3.497329700499714063e-08	2.823886956102778760e-28	6.252564004998712515e-11	4.412026453013559720e-07	3.830008837853920323e-07	4.712120548206413614e-17	4.325485491694158219e-10	1.298213237981693643e-04	5.140455921182904980e-02	1.859544078817157442e-02	3.254397781531667908e-15	1.859502281398756063e-02
3.180000000000000000e+02	7.247352650243938212e-04	1.070978080985696708e-10	1.758508185197956345e-17	1.274414884170470318e-03	3.497270707905683493e-08	2.823839323071058816e-28	6.174047873098813085e-11	4.356650316119917439e-07	3.781793401542739789e-07	4.658192905995008218e-17	4.324196521786953857e-10	1.282097007808916545e-04	5.140306041882240773e-02	1.859693958117821996e-02	3.264377997391797048e-15	1.859652642912774934e-02
3.190000000000000000e+02	7.246286105302984651e-04	1.057529402528375777e-10	1.736425930138747594e-17	1.274531767294912474e-03	3.497212457048769833e-08	2.823792288948205419e-28	6.096541733031842946e-11	4.301985829413998478e-07	3.734201154488251414e-07	4.604962259980937892e-17	4.322923888650006765e-10	1.266183564662438650e-04	5.140158048906359051e-02	1.859841951093701984e-02	3.274358045965894090e-15	1.859801111869376078e-02
3.200000000000000000e+02	7.245232918337001383e-04	1.044253719919864541e-10	1.714627728153580105e-17	1.274647182901004518e-03	3.497154938364325352e-08	2.823745846011331801e-28	6.020032000987848825e-11	4.248023438322486965e-07	3.687223642201778318e-07	4.552419154947200066e-17	4.321667378440715783e-10	1.250470289910581543e-04	5.140011917886273124e-02	1.859988082113788257e-02	3.284337929356968726e-15	1.859947712722102853e-02
3.210000000000000000e+02	7.244192918380425736e-04	1.031148706487700071e-10	1.693109758928441245e-17	1.274761149860434949e-03	3.497098142416971454e-08	2.823699986641927079e-28	5.944505290341642020e-11	4.194753726563325205e-07	3.640852534686700120e-07	4.500554274891210858e-17	4.320426780282474907e-10	1.234954600388342525e-04	5.139867624783300143e-02	1.860132375216760892e-02	3.294317649640923023e-15	1.860092469592946121e-02
3.220000000000000000e+02	7.243165936745891119e-04	1.018212069333456788e-10	1.671868257605094632e-17	1.274873686791220184e-03	3.497042059898651172e-08	2.823654703324287696e-28	5.869948408441453205e-11	4.142167413903009198e-07	3.595079624369477030e-07	4.449358440711442115e-17	4.319201886219472524e-10	1.219633947876571256e-04	5.139725145884212892e-02	1.860274854115848836e-02	3.304297208866913900e-15	1.860235406277219519e-02
3.230000000000000000e+02	7.242151806991669509e-04	1.005441548782692806e-10	1.650899513877912665e-17	1.274984812061386507e-03	3.496986681626787526e-08	2.823609988644021509e-28	5.796348353457959779e-11	4.090255353955839806e-07	3.549896824070543773e-07	4.398822607938635880e-17	4.317992491172275425e-10	1.204505818589760404e-04	5.139584457796457506e-02	1.860415542203605957e-02	3.314276609057716798e-15	1.860376546248355967e-02
3.240000000000000000e+02	7.241150364889619188e-04	9.928349178452487053e-11	1.630199871107702230e-17	1.275094543792575476e-03	3.496931998542408806e-08	2.823565835286549182e-28	5.723692311292448886e-11	4.039008532024259794e-07	3.505296165014176036e-07	4.348937864510601577e-17	4.316798392894169705e-10	1.189567732672294000e-04	5.139445537443459999e-02	1.860554462556604852e-02	3.324255852210077506e-15	1.860515912662627155e-02
3.250000000000000000e+02	7.240161448393662644e-04	9.803899816856769405e-11	1.609765725452175989e-17	1.275202899863600537e-03	3.496878001708346639e-08	2.823522236035632488e-28	5.651967652542843004e-11	3.988418062979400573e-07	3.461269794876488747e-07	4.299695428589621539e-17	4.315619391928281263e-10	1.174817243702994970e-04	5.139308362060004964e-02	1.860691637940059193e-02	3.334234940295066365e-15	1.860653528363779771e-02
3.260000000000000000e+02	7.239184897608752370e-04	9.681045771035798364e-11	1.589593525012677283e-17	1.275309897913982178e-03	3.496824682307550528e-08	2.823479183772025025e-28	5.581161929526288530e-11	3.938475189180952984e-07	3.417809975870724981e-07	4.251086646421557704e-17	4.314455291565424230e-10	1.160251938207808645e-04	5.139172909187694066e-02	1.860827090812369744e-02	3.344213875258421421e-15	1.860789415887598164e-02
3.270000000000000000e+02	7.238220554760328891e-04	9.559765720236346464e-11	1.569679768996825545e-17	1.275415555347372051e-03	3.496772031641296505e-08	2.823436671472022491e-28	5.511262873357113128e-11	3.889171278435516668e-07	3.374909082868960395e-07	4.203102990235680780e-17	4.313305897802663879e-10	1.145869435180470072e-04	5.139039156670475311e-02	1.860960843329590234e-02	3.354192659020889602e-15	1.860923597466397628e-02
3.280000000000000000e+02	7.237268264164259087e-04	9.440038649951022365e-11	1.550021006896723535e-17	1.275519889334946746e-03	3.496720041127468589e-08	2.823394692206072595e-28	5.442258391078938197e-11	3.840497821992611172e-07	3.332559601559482586e-07	4.155736056184350456e-17	4.312171019302603306e-10	1.131667385611000479e-04	5.138907082650241709e-02	1.861092917349822448e-02	3.364171293478558839e-15	1.861056095033432681e-02
3.290000000000000000e+02	7.236327872197240727e-04	9.321843847006155716e-11	1.530613837682407763e-17	1.275622916818744965e-03	3.496668702298893826e-08	2.823353239137433843e-28	5.374136562849796823e-11	3.792446432577519216e-07	3.290754126638996720e-07	4.108977562321675806e-17	4.311050467353352025e-10	1.117643472021891414e-04	5.138776665562520829e-02	1.861223334437544022e-02	3.374149780503192926e-15	1.861186930227240466e-02
3.300000000000000000e+02	7.235399227267695979e-04	9.205160894740440537e-11	1.511454909010196997e-17	1.275724654514944194e-03	3.496618006801656174e-08	2.823312305520815052e-28	5.306885639179112065e-11	3.745008842460221512e-07	3.249485360038949135e-07	4.062819346620283236e-17	4.309944055829196636e-10	1.103795408011822596e-04	5.138647884132206689e-02	1.861352115867859550e-02	3.384128121942553385e-15	1.861316124395916496e-02
3.310000000000000000e+02	7.234482179787086673e-04	9.089969668272422973e-11	1.492540916445632524e-17	1.275825118917107460e-03	3.496567946393518897e-08	2.823271884701093772e-28	5.240494038215451864e-11	3.698176901559612619e-07	3.208746109185201799e-07	4.017253365025379662e-17	4.308851601151922372e-10	1.090120937806782838e-04	5.138520717369381846e-02	1.861479282630685433e-02	3.394106319620722497e-15	1.861443698601310259e-02
3.320000000000000000e+02	7.233576582141706610e-04	8.976250329854902458e-11	1.473868602700684482e-17	1.275924326299331850e-03	3.496518512942229181e-08	2.823231970111958937e-28	5.174950343083903798e-11	3.651942575582260923e-07	3.168529285290287361e-07	3.972271689545253684e-17	4.307772922252789676e-10	1.076617835818444142e-04	5.138395144565200551e-02	1.861604855434869157e-02	3.404084375338420429e-15	1.861569673623164264e-02
3.330000000000000000e+02	7.232682288664894548e-04	8.863983324314473039e-11	1.455434756884942282e-17	1.276022292719420671e-03	3.496469698424070894e-08	2.823192555274734667e-28	5.110243299272149451e-11	3.606297944195010224e-07	3.128827901677629113e-07	3.927866506377494272e-17	4.306707840535168386e-10	1.063283906209663886e-04	5.138271145287833658e-02	1.861728854712236397e-02	3.414062290873312888e-15	1.861694069963180584e-02
3.340000000000000000e+02	7.231799155609694961e-04	8.753149374574258378e-11	1.437236213770465580e-17	1.276119034021917266e-03	3.496421494922177142e-08	2.823153633797017537e-28	5.046361812064038975e-11	3.561235199230658493e-07	3.089635072136931228e-07	3.884030114070075264e-17	4.305656179837786615e-10	1.050116982466974826e-04	5.138148699378490558e-02	1.861851300621578109e-02	3.424040067980324298e-15	1.861816907849020777e-02
3.350000000000000000e+02	7.230927041121916693e-04	8.643729477258252009e-11	1.419269853070026465e-17	1.276214565841164196e-03	3.496373894625095602e-08	2.823115199371522354e-28	4.983294944019836747e-11	3.516746642926081169e-07	3.050944009310156955e-07	3.840754921716621572e-17	4.304617766398607258e-10	1.037114926979938100e-04	5.138027786947495928e-02	1.861972213052573433e-02	3.434017708391934807e-15	1.861938207238244061e-02
3.360000000000000000e+02	7.230065805213648075e-04	8.535704898375361611e-11	1.401532598728451062e-17	1.276308903604285016e-03	3.496326889825263869e-08	2.823077245774849012e-28	4.921031912501995551e-11	3.472824686192056247e-07	3.012748023107345653e-07	3.798033447185043590e-17	4.303592428819294898e-10	1.024275630627227766e-04	5.137908388370426155e-02	1.862091611629643900e-02	3.443995213818482817e-15	1.862057987822180252e-02
3.370000000000000000e+02	7.229215309737142825e-04	8.429057169081632190e-11	1.384021418226788740e-17	1.276402062534094054e-03	3.496280472917485451e-08	2.823039766866248008e-28	4.859562087245634710e-11	3.429461846914185010e-07	2.975040519151718656e-07	3.755858315378918576e-17	4.302579998030301545e-10	1.011597012369331157e-04	5.137790484284316533e-02	1.862209515715751787e-02	3.453972585948457646e-15	1.862176269029744424e-02
3.380000000000000000e+02	7.228375418359128798e-04	8.323768081518936942e-11	1.366733321899039629e-17	1.276494057652010966e-03	3.496234636397516290e-08	2.823002756586490882e-28	4.798874987972719199e-11	3.386650748284232356e-07	2.937814997253384654e-07	3.714222256530850478e-17	4.301580307256508140e-10	9.990770188477331507e-05	5.137674055583930921e-02	1.862325944416138787e-02	3.463949826448793780e-15	1.862293070031184605e-02
3.390000000000000000e+02	7.227545996535514631e-04	8.219819684728428433e-11	1.349665362261159544e-17	1.276584903780913268e-03	3.496189372860683697e-08	2.822966208956736173e-28	4.738960282048968457e-11	3.344384117161210691e-07	2.901065049911006709e-07	3.673118104527058795e-17	4.300593191983462660e-10	9.867136239904598450e-05	5.137559083418073713e-02	1.862440916581995995e-02	3.473926936965146969e-15	1.862408409741778126e-02
3.400000000000000000e+02	7.226726911486467189e-04	8.117194280637495129e-11	1.332814633352128633e-17	1.276674615547893901e-03	3.496144675000334560e-08	2.822930118077298520e-28	4.679807782182813112e-11	3.302654782461736221e-07	2.864784360840988303e-07	3.632538795262792791e-17	4.299618489924147621e-10	9.745048286239015153e-05	5.137445549185982313e-02	1.862554450814088089e-02	3.483903919122186897e-15	1.862522306825457538e-02
3.410000000000000000e+02	7.225918032171885826e-04	8.015874420118408622e-11	1.316178270086799474e-17	1.276763207387052830e-03	3.496100535606560168e-08	2.822894478126599815e-28	4.621407444165312011e-11	3.261455673578894778e-07	2.828966703533392804e-07	3.592477365027581913e-17	4.298656040986325572e-10	9.624486600907576595e-05	5.137333434533757071e-02	1.862666565466311250e-02	3.493880774523868156e-15	1.862634779698393167e-02
3.420000000000000000e+02	7.225119229267248531e-04	7.915842899117221765e-11	1.299753447620274092e-17	1.276850693542208853e-03	3.496056947564824408e-08	2.822859283360075524e-28	4.563749364650246321e-11	3.220779818829094689e-07	2.793605939834158019e-07	3.552926948919903321e-17	4.297705687240416052e-10	9.505431718740058684e-05	5.137222721350868243e-02	1.862777278649199730e-02	3.503857504753711077e-15	1.862745846532505578e-02
3.430000000000000000e+02	7.224330375139815857e-04	7.817082754851570945e-11	1.283537380723594819e-17	1.276937088069548740e-03	3.496013903854556902e-08	2.822824528109027632e-28	4.506823778973619086e-11	3.180620343926346024e-07	2.758696018553015537e-07	3.513880779290602162e-17	4.296767272887883849e-10	9.387864432267987080e-05	5.137113391766694875e-02	1.862886608233372404e-02	3.513834111375062848e-15	1.862855525258933637e-02
3.440000000000000000e+02	7.223551343825215408e-04	7.719577262075919429e-11	1.267527323170514333e-17	1.277022404840271819e-03	3.495971397547877158e-08	2.822790206779602711e-28	4.450621059011714976e-11	3.140970470483408802e-07	2.724230974096590789e-07	3.475332184214434130e-17	4.295840644230164928e-10	9.271765788081701631e-05	5.137005428147137925e-02	1.862994571852928313e-02	3.523810595931369667e-15	1.862963833571440117e-02
3.450000000000000000e+02	7.222782011004368931e-04	7.623309929412792922e-11	1.251720567135093580e-17	1.277106657543175148e-03	3.495929421808267116e-08	2.822756313851719305e-28	4.395131711076900150e-11	3.101823514539209269e-07	2.690204925126119990e-07	3.437274585989157129e-17	4.294925649638108310e-10	9.157117083244453910e-05	5.136898813091273636e-02	1.863101186908791215e-02	3.533786959946441801e-15	1.863070788929767699e-02
3.460000000000000000e+02	7.222022253980756598e-04	7.528264495748778192e-11	1.236114442599939929e-17	1.277189859687202257e-03	3.495887969889311846e-08	2.822722843878042857e-28	4.340346373850454609e-11	3.063172885112068979e-07	2.656612073239317585e-07	3.399701499661616171e-17	4.294022139521874970e-10	9.043899861762635256e-05	5.136793529428070049e-02	1.863206470571996190e-02	3.543763204924705628e-15	1.863176408562941880e-02
3.470000000000000000e+02	7.221271951658058590e-04	7.434424926693790676e-11	1.220706316774829929e-17	1.277272024603936596e-03	3.495847035133364806e-08	2.822689791482918475e-28	4.286255816351607912e-11	3.025012082778153223e-07	2.623446701675845736e-07	3.362606531580208876e-17	4.293129966301383705e-10	8.932095911110929137e-05	5.136689560213140299e-02	1.863310439786927328e-02	3.553739332351463565e-15	1.863280709472521848e-02
3.480000000000000000e+02	7.220530984518113262e-04	7.341775411102540900e-11	1.205493593525547210e-17	1.277353165450126424e-03	3.495806610970473175e-08	2.822657151361498767e-28	4.232850935942133976e-11	2.987334698274678754e-07	2.590703174045926342e-07	3.325983377973231167e-17	4.292248984377200587e-10	8.821687258811632972e-05	5.136586888725559741e-02	1.863413111274507539e-02	3.563715343693144136e-15	1.863383708435800701e-02
3.490000000000000000e+02	7.219799234599191904e-04	7.250300357656719827e-11	1.190473712812688987e-17	1.277433295210045339e-03	3.495766690916948481e-08	2.822624918278586481e-28	4.180122756365685510e-11	2.950134411127350372e-07	2.558375933081611711e-07	3.289825823552559571e-17	4.291379050101899893e-10	8.712656169067027243e-05	5.136485498464732347e-02	1.863514501535333198e-02	3.573691240397551650e-15	1.863485422008956394e-02
3.500000000000000000e+02	7.219076585474635622e-04	7.159984391506821346e-11	1.175644150140266619e-17	1.277512426697944951e-03	3.495727268574308474e-08	2.822593087067787895e-28	4.128062425821252244e-11	2.913404988301548299e-07	2.526459499410216801e-07	3.254127740142106832e-17	4.290520021751901714e-10	8.604985139443892034e-05	5.136385373147294570e-02	1.863614626852770975e-02	3.583667023894105221e-15	1.863585866530151000e-02
3.510000000000000000e+02	7.218362922231783864e-04	7.070812350972358547e-11	1.161002416013890982e-17	1.277590572560362292e-03	3.495688337627954294e-08	2.822561652630435721e-28	4.076661215070011401e-11	2.877140282876825383e-07	2.494948470349520727e-07	3.218883085330608960e-17	4.289671759499764507e-10	8.498656897609315809e-05	5.136286496704075416e-02	1.863713503295989782e-02	3.593642695594091999e-15	1.863685058122591109e-02
3.520000000000000000e+02	7.217658131451230386e-04	6.982769284299271770e-11	1.146546055408349746e-17	1.277667745278511990e-03	3.495649891846195728e-08	2.822530609934811109e-28	4.025910515574902211e-11	2.841334232744184716e-07	2.463837518724209214e-07	3.184085901148185948e-17	4.288834125386916045e-10	8.393654398116736639e-05	5.136188853277103700e-02	1.863811146722961845e-02	3.603618256890894354e-15	1.863783012697524388e-02
3.530000000000000000e+02	7.216962101186388204e-04	6.895840446473389781e-11	1.132272647244391531e-17	1.277743957170512142e-03	3.495611925078921097e-08	2.822499954015058928e-28	3.975801837672291799e-11	2.805980859325727926e-07	2.433121391703191118e-07	3.149730312766207176e-17	4.288006983296817616e-10	8.289960819241520623e-05	5.136092427216656930e-02	1.863907572783408267e-02	3.613593709160228118e-15	1.863879745957206999e-02
3.540000000000000000e+02	7.216274720943353796e-04	6.810011296088893288e-11	1.118179803874536664e-17	1.277819220393654415e-03	3.495574431256509356e-08	2.822469679970322321e-28	3.926326808775077818e-11	2.771074266316237383e-07	2.402794909657332670e-07	3.115810527220007274e-17	4.287190198928562486e-10	8.187559559865094946e-05	5.135997203078361550e-02	1.864002796921703994e-02	3.623569053760372143e-15	1.863975273397815852e-02
3.550000000000000000e+02	7.215595881661077040e-04	6.725267492270537438e-11	1.104265170577717473e-17	1.277893546946646175e-03	3.495537404388786513e-08	2.822439782963889373e-28	3.877477171606589985e-11	2.736608638446215872e-07	2.372852965037188854e-07	3.082320832153961883e-17	4.286383639770903976e-10	8.086434236406726209e-05	5.135903165620328559e-02	1.864096834379734557e-02	3.633544292032397067e-15	1.864069610312318534e-02
3.560000000000000000e+02	7.214925475691829314e-04	6.641594891648738913e-11	1.090526425062598826e-17	1.277966948671777590e-03	3.495500838563863615e-08	2.822410258222256820e-28	3.829244782464716671e-11	2.702578240266014210e-07	2.343290521270351792e-07	3.049255594588477102e-17	4.285587175076694029e-10	7.986568679802340926e-05	5.135810299800349504e-02	1.864189700199713612e-02	3.643519425300397241e-15	1.864162771793300213e-02
3.570000000000000000e+02	7.214263396781935055e-04	6.558979545386354059e-11	1.076961276979384786e-17	1.278039437257050791e-03	3.495464727946998540e-08	2.822381101034217075e-28	3.781621609515631625e-11	2.668977414950583576e-07	2.314102611677995821e-07	3.016609259708462459e-17	4.284800675837698667e-10	7.887946932529298581e-05	5.135718590773113990e-02	1.864281409226951208e-02	3.653494454871702145e-15	1.864254772735743013e-02
3.580000000000000000e+02	7.213609540052835084e-04	6.477407696256156726e-11	1.063567467439951896e-17	1.278111024238357592e-03	3.495429066779672870e-08	2.822352306750108475e-28	3.734599731116532133e-11	2.635800583124483061e-07	2.285284338410235685e-07	2.984376349672824557e-17	4.284024014759874076e-10	7.790553245676484339e-05	5.135628023887479909e-02	1.864371976112586329e-02	3.663469382037099636e-15	1.864345627839770342e-02
3.590000000000000000e+02	7.212963801982380865e-04	6.396865775768065844e-11	1.050342768546148266e-17	1.278181721001511294e-03	3.495393849378410672e-08	2.822323870780857914e-28	3.688171334166845742e-11	2.603042241706720481e-07	2.256830871399940267e-07	2.952551462444607304e-17	4.283257066238968914e-10	7.694372076058915021e-05	5.135538584683795038e-02	1.864461415316271548e-02	3.673444208071054459e-15	1.864435351613343006e-02
3.600000000000000000e+02	7.212326080386437764e-04	6.317340401345068103e-11	1.037284982926091421e-17	1.278251538784352633e-03	3.495359070133849412e-08	2.822295788597237823e-28	3.642328712487328500e-11	2.570696962775076018e-07	2.228737447334604525e-07	2.921129270641306649e-17	4.282499706336555204e-10	7.599388083376069610e-05	5.135450258891237352e-02	1.864549741108827499e-02	3.683418934231916509e-15	1.864523958374918189e-02
3.610000000000000000e+02	7.211696274400742008e-04	6.238818373546947775e-11	1.024391943278314093e-17	1.278320488678736690e-03	3.495324723509637484e-08	2.822268055728972024e-28	3.597064265226504085e-11	2.538759392449467150e-07	2.200999368645935532e-07	2.890104520405009142e-17	4.281751812756420079e-10	7.505586127413148734e-05	5.135363032425222657e-02	1.864636967574841500e-02	3.693393561762132245e-15	1.864611462256064375e-02
3.620000000000000000e+02	7.211074284463034117e-04	6.161286673340832395e-11	1.011661511923599549e-17	1.278388581632545389e-03	3.495290804041454836e-08	2.822240667763942934e-28	3.552370495293937844e-11	2.507224249794068488e-07	2.173612002516794497e-07	2.859472030291923528e-17	4.281013264821321493e-10	7.412951265284643788e-05	5.135276891384823322e-02	1.864723108615241182e-02	3.703368091888453740e-15	1.864697877204043661e-02
3.630000000000000000e+02	7.210460012295435202e-04	6.084732459417741297e-11	9.990915803643637934e-18	1.278455828451658576e-03	3.495257306336052110e-08	2.822213620347423430e-28	3.508240007819805481e-11	2.476086325737756640e-07	2.146570779905156723e-07	2.829226690180938071e-17	4.280283943450125981e-10	7.321468748719376783e-05	5.135191822050245297e-02	1.864808177949819901e-02	3.713342525822139837e-15	1.864783216984345487e-02
3.640000000000000000e+02	7.209853360887115989e-04	6.009143065554096599e-11	9.866800688514284170e-18	1.278522239801897125e-03	3.495224225070281851e-08	2.822186909181285840e-28	3.464665508640244574e-11	2.445340482012554517e-07	2.119871194584744093e-07	2.799363460200834434e-17	4.279563731135287632e-10	7.231124021386340088e-05	5.135107810880335660e-02	1.864892189119730578e-02	3.723316864759159677e-15	1.864867495183189505e-02
3.650000000000000000e+02	7.209254234477180520e-04	5.934505998017427601e-11	9.744249259580464896e-18	1.278587826210898391e-03	3.495191554990054935e-08	2.822160530023164758e-28	3.421639802807986803e-11	2.414981650109724112e-07	2.093508802201993117e-07	2.769877369675751050e-17	4.278852511920691026e-10	7.141902716260662483e-05	5.135024844510128333e-02	1.864975155489938252e-02	3.733291109880390704e-15	1.864950725209990612e-02
3.660000000000000000e+02	7.208662538537824157e-04	5.860808933015458219e-11	9.623241281610505461e-18	1.278652598070029612e-03	3.495159290909488243e-08	2.822134478685762442e-28	3.379155793127833384e-11	2.385004830253186386e-07	2.067479219349073455e-07	2.740763516088595247e-17	4.278150171379826586e-10	7.053790653029038825e-05	5.134942909748430040e-02	1.865057090251636199e-02	3.743265262351812723e-15	1.865032920299780975e-02
3.670000000000000000e+02	7.208078179757726857e-04	5.788039714187597769e-11	9.503756794289635027e-18	1.278716565636221943e-03	3.495127427709917339e-08	2.822108751036062297e-28	3.337206478716425697e-11	2.355405090389913058e-07	2.041778122652597990e-07	2.712017064062003202e-17	4.277456596594318007e-10	6.966773835533871147e-05	5.134861993575438183e-02	1.865138006424628403e-02	3.753239323324707483e-15	1.865114093515602214e-02
3.680000000000000000e+02	7.207501066025688227e-04	5.716186350138115832e-11	9.385776108169564835e-18	1.278779739033827478e-03	3.495095960339064654e-08	2.822083342994650867e-28	3.295784953585871685e-11	2.326177565196966550e-07	2.016401247877735139e-07	2.683633244356526349e-17	4.276771676132766591e-10	6.880838449255516755e-05	5.134782083140392722e-02	1.865217916859671435e-02	3.763213293935838536e-15	1.865194257750860118e-02
3.690000000000000000e+02	7.206931106414507602e-04	5.645237012010252226e-11	9.269279800685267573e-18	1.278842128256381296e-03	3.495064883810048857e-08	2.822058250534912936e-28	3.254884405250820871e-11	2.297317455104902502e-07	1.991344389047434615e-07	2.655607352885703712e-17	4.276095300029945075e-10	6.795970858832067339e-05	5.134703165759275240e-02	1.865296834240790999e-02	3.773187175307648456e-15	1.865273425731643966e-02
3.700000000000000000e+02	7.206368211165085306e-04	5.575180031100347010e-11	9.154248712237424787e-18	1.278903743168365893e-03	3.495034193200458413e-08	2.822033469682293876e-28	3.214498113358468443e-11	2.268820025337197088e-07	1.966603397576458260e-07	2.627934749747692621e-17	4.275427359766285615e-10	6.712157605615909643e-05	5.134625228912517714e-02	1.865374771087548525e-02	3.783160968548440269e-15	1.865351610019006304e-02
3.710000000000000000e+02	7.205812291670762437e-04	5.506003896511349444e-11	9.040663942339614809e-18	1.278964593507019194e-03	3.495003883651655427e-08	2.822008996513731959e-28	3.174619448341101300e-11	2.240680604965405317e-07	1.942174181419931677e-07	2.600610858273145341e-17	4.274767748247708470e-10	6.629385405266507970e-05	5.134548260242775830e-02	1.865451739757291102e-02	3.793134674752562057e-15	1.865428823011219123e-02
3.720000000000000000e+02	7.205263260461877489e-04	5.437697252844865827e-11	8.928506845828717418e-18	1.279024688883979724e-03	3.494973950367706263e-08	2.821984827156792016e-28	3.135241870090731764e-11	2.212894585979743019e-07	1.918052704236134218e-07	2.573631164088988024e-17	4.274116359785736067e-10	6.547641145378842035e-05	5.134472247552709229e-02	1.865527752447356663e-02	3.803108295000586021e-15	1.865505076945989105e-02
3.730000000000000000e+02	7.204721031190560419e-04	5.370248897931100598e-11	8.817759029137552221e-18	1.279084038787030222e-03	3.494944388614656277e-08	2.821960957789086534e-28	3.096358926655423444e-11	2.185457422374829657e-07	1.894234984563260250e-07	2.546991214197834821e-17	4.273473090077932761e-10	6.466911883146815761e-05	5.134397178802814488e-02	1.865602821197251404e-02	3.813081830359486767e-15	1.865580383902641290e-02
3.740000000000000000e+02	7.204185518615724036e-04	5.303647780595952062e-11	8.708402346628538207e-18	1.279142652581744541e-03	3.494915193719627853e-08	2.821937384637544287e-28	3.057964252956920251e-11	2.158364629250292858e-07	1.870717095009877737e-07	2.520686616072712681e-17	4.272837836188636180e-10	6.387184843061169447e-05	5.134323042109273372e-02	1.865676957890792867e-02	3.823055281882815644e-15	1.865654755804272563e-02
3.750000000000000000e+02	7.203656638588303669e-04	5.237882998464500194e-11	8.600418896987097181e-18	1.279200539513145832e-03	3.494886361070031610e-08	2.821914103977770899e-28	3.020051569529106129e-11	2.131611781925943770e-07	1.847495161458828181e-07	2.494713036766813948e-17	4.272210496529981186e-10	6.308447414641189235e-05	5.134249825741843409e-02	1.865750174258223523e-02	3.833028650610878238e-15	1.865728204419870098e-02
3.760000000000000000e+02	7.203134308036661642e-04	5.172943795800269352e-11	8.493791019673799608e-18	1.279257708707324604e-03	3.494857886112731936e-08	2.821891112133378910e-28	2.982614681276973708e-11	2.105194515071263039e-07	1.824565362284282306e-07	2.469066202037960592e-17	4.271590970843206627e-10	6.230687150199769341e-05	5.134177518121776224e-02	1.865822481878291403e-02	3.843001937570900032e-15	1.865800741366403781e-02
3.770000000000000000e+02	7.202618444952245446e-04	5.108819561379617086e-11	8.388501291434178964e-18	1.279314169173049196e-03	3.494829764353287971e-08	2.821868405475371206e-28	2.945647476255711537e-11	2.079108521848957587e-07	1.801923927581757457e-07	2.443741895487558219e-17	4.270979160180266593e-10	6.153891762641244302e-05	5.134106107819766396e-02	1.865893892180300537e-02	3.852975143777196010e-15	1.865872378110880470e-02
3.780000000000000000e+02	7.202108968375422636e-04	5.045499826400530432e-11	8.284532522865060563e-18	1.279369929803327250e-03	3.494801991355111207e-08	2.821845980421467493e-28	2.909143924469507935e-11	2.053349553072281153e-07	1.779567138410789685e-07	2.418735957713705818e-17	4.270374966885693450e-10	6.078049123291406436e-05	5.134035583553933635e-02	1.865964416446133645e-02	3.862948270231342634e-15	1.865943125972377437e-02
3.790000000000000000e+02	7.201605798381531488e-04	4.982974262425204776e-11	8.181867755036332530e-18	1.279424999376957851e-03	3.494774562738695214e-08	2.821823833435475629e-28	2.873098076689718314e-11	2.027913416375894384e-07	1.757491326050062495e-07	2.394044285478225516e-17	4.269778294578756586e-10	6.003147259759236221e-05	5.133965934187827151e-02	1.866034065812240475e-02	3.872921317922334029e-15	1.866012996124035220e-02
3.800000000000000000e+02	7.201108856067122473e-04	4.921232679355832084e-11	8.080490256167283754e-18	1.279479386560066542e-03	3.494747474180851988e-08	2.821801961026674145e-28	2.837504063292056353e-11	2.002795975400013028e-07	1.735692871264733939e-07	2.369662830887340234e-17	4.269189048135886892e-10	5.929174353829804161e-05	5.133897148728463339e-02	1.866102851271604635e-02	3.882894287826746077e-15	1.866081999595034166e-02
3.810000000000000000e+02	7.200618063536395972e-04	4.860265023442896681e-11	7.980383518356282396e-18	1.279533099907612798e-03	3.494720721413963521e-08	2.821780359749215859e-28	2.802356093112417416e-11	1.977993148987583748e-07	1.714168203585741543e-07	2.345587600585736723e-17	4.268607133673348878e-10	5.856118739387819661e-05	5.133829216324396066e-02	1.866170783675670519e-02	3.892867180908899702e-15	1.866150147272530035e-02
3.820000000000000000e+02	7.200133343887849240e-04	4.800061375325482921e-11	7.881531254363018419e-18	1.279586147864893381e-03	3.494694300225266449e-08	2.821759026201542692e-28	2.767648452321049553e-11	1.953500910394283760e-07	1.692913800600869877e-07	2.321814654963782230e-17	4.268032458530204890e-10	5.783968900371385774e-05	5.133762126263809872e-02	1.866237873736257408e-02	3.902839998121014705e-15	1.866217449903566014e-02
3.830000000000000000e+02	7.199654621201074080e-04	4.740611948102901985e-11	7.783917394442210053e-18	1.279638538768959393e-03	3.494668206456001056e-08	2.821737957025701386e-28	2.733375503314671081e-11	1.929315286511061319e-07	1.671926187257330358e-07	2.298340107377622709e-17	4.267464931251497493e-10	5.712713468755372992e-05	5.133695867972640908e-02	1.866304132027427412e-02	3.912812740403365951e-15	1.866283918096962868e-02
3.840000000000000000e+02	7.199181820523782192e-04	4.681907085437140198e-11	7.687526083227871301e-18	1.279690280850130689e-03	3.494642436000862683e-08	2.821717148906903608e-28	2.699531683626258175e-11	1.905432357099033090e-07	1.651201935175674627e-07	2.275160123381937017e-17	4.266904461571720851e-10	5.642341222564035334e-05	5.133630431012722178e-02	1.866369568987345101e-02	3.922785408684438783e-15	1.866349562325170935e-02
3.850000000000000000e+02	7.198714867858996410e-04	4.623937259685534990e-11	7.592341676667239180e-18	1.279741382233351345e-03	3.494616984807114990e-08	2.821696598572801311e-28	2.666111504852158648e-11	1.881848254036493831e-07	1.630737661974805103e-07	2.252270919975114428e-17	4.266350960398508728e-10	5.572841083912317804e-05	5.133565805079972483e-02	1.866434194920095144e-02	3.932758003881075743e-15	1.866414392926103380e-02
3.860000000000000000e+02	7.198253690152414327e-04	4.566693070063124016e-11	7.498348739003414648e-18	1.279791850939642059e-03	3.494591848874014904e-08	2.821676302793032489e-28	2.633109551596210446e-11	1.858559160577814442e-07	1.610530030607884483e-07	2.229668764856610196e-17	4.265804339796586145e-10	5.504202117075426967e-05	5.133501980002583981e-02	1.866498019997483993e-02	3.942730526898628827e-15	1.866478420104940653e-02
3.870000000000000000e+02	7.197798215279964905e-04	4.510165240834138820e-11	7.405532039805855966e-18	1.279841694887460819e-03	3.494567024252050947e-08	2.821656258378600568e-28	2.600520480430576291e-11	1.835561310624030660e-07	1.590575748708947228e-07	2.207349975696271765e-17	4.265264512971954727e-10	5.436413526586226223e-05	5.133438945739259712e-02	1.866561054260808955e-02	3.952702978631106998e-15	1.866541653935906500e-02
3.880000000000000000e+02	7.197348372035537473e-04	4.454344619532105390e-11	7.313876551047847802e-18	1.279890921894055343e-03	3.494542507042241789e-08	2.821636462181308063e-28	2.568339018872965547e-11	1.812850988004895289e-07	1.570871567950005264e-07	2.185310919415395903e-17	4.264731394256304996e-10	5.369464655359942808e-05	5.133376692377465689e-02	1.866623307622604019e-02	3.962675359961325285e-15	1.866604104364024894e-02
3.890000000000000000e+02	7.196904090118869026e-04	4.399222175208051386e-11	7.223367444230131019e-18	1.279939539676853456e-03	3.494518293395583030e-08	2.821616911093311294e-28	2.536559964379989668e-11	1.790424525772201521e-07	1.551414283408464982e-07	2.163548011479317993e-17	4.264204899091668553e-10	5.303344982845847714e-05	5.133315210131707967e-02	1.866684789868362435e-02	3.972647671761034941e-15	1.866665781206840527e-02
3.900000000000000000e+02	7.196465300123621248e-04	4.344788996706294045e-11	7.133990087549782578e-18	1.279987555854729658e-03	3.494494379512211413e-08	2.821597602046445525e-28	2.505178183356306453e-11	1.768278305504164805e-07	1.532200732944657813e-07	2.142057715201309769e-17	4.263684944015299806e-10	5.238044123205384719e-05	5.133254489341838867e-02	1.866745510658232576e-02	3.982619914891080429e-15	1.866726694156128907e-02
3.910000000000000000e+02	7.196031933525607162e-04	4.291036290967304018e-11	7.045730043113605988e-18	1.280034977949363623e-03	3.494470761640913817e-08	2.821578532011827668e-28	2.474188610179310449e-11	1.746408756620672676e-07	1.513227796589302530e-07	2.120836541057579343e-17	4.263171446644766032e-10	5.173551823516372446e-05	5.133194520471381916e-02	1.866805479528689526e-02	3.992592090201528794e-15	1.866786852779566894e-02
3.920000000000000000e+02	7.195603922671193423e-04	4.237955381357219942e-11	6.958573064195234207e-18	1.280081813386480753e-03	3.494447436078335139e-08	2.821559697999218184e-28	2.443586246239094853e-11	1.724812355709209057e-07	1.494492395940724575e-07	2.099881046013184942e-17	4.262664325663284054e-10	5.109857962002889144e-05	5.133135294105888730e-02	1.866864705894184795e-02	4.002564198531811659e-15	1.866846266522392134e-02
3.930000000000000000e+02	7.195181200765865233e-04	4.185537706023444403e-11	6.872505092535078317e-18	1.280128069497143669e-03	3.494424399168411851e-08	2.821541097056562809e-28	2.413366158993367289e-11	1.703485625861258999e-07	1.475991493571638382e-07	2.079187832858641709e-17	4.262163500805240445e-10	5.046952546290344832e-05	5.133076800951304891e-02	1.866923199048765858e-02	4.012536240710860118e-15	1.866904944709033703e-02
3.940000000000000000e+02	7.194763701862939799e-04	4.133774816275933544e-11	6.787512255682471019e-18	1.280173753519029409e-03	3.494401647301806861e-08	2.821522726269533818e-28	2.383523481037108465e-11	1.682425136019010168e-07	1.457722092445336808e-07	2.058753549557041933e-17	4.261668892841950061e-10	4.984825711685455542e-05	5.133019031832385809e-02	1.866980968167686328e-02	4.022508217557239634e-15	1.866962896544715339e-02
3.950000000000000000e+02	7.194351360852448921e-04	4.082658374993693722e-11	6.703580864379182948e-18	1.280218872597618362e-03	3.494379176915178954e-08	2.821504582760943053e-28	2.354053409186677733e-11	1.661627500332175320e-07	1.439681235341105533e-07	2.038574888601499184e-17	4.261180423567616201e-10	4.923467719480644633e-05	5.132961977691097299e-02	1.867038022308975531e-02	4.032480129879278623e-15	1.867020131117045137e-02
3.960000000000000000e+02	7.193944113450170125e-04	4.032180155056023129e-11	6.620697409983580739e-18	1.280263433787443483e-03	3.494356984490648099e-08	2.821486663690310098e-28	2.324951203578118040e-11	1.641089377524745702e-07	1.421866004288700456e-07	2.018648586382715748e-17	4.260698015785487223e-10	4.862868955282495775e-05	5.132905629585073765e-02	1.867094370415000107e-02	4.042451978475206500e-15	1.867076657397570907e-02
3.970000000000000000e+02	7.193541896186804148e-04	3.982332037798093861e-11	6.538848561934742740e-18	1.280307444053265138e-03	3.494335066555135689e-08	2.821468966253332252e-28	2.296212186779414390e-11	1.620807470271509953e-07	1.404273520011724496e-07	1.998971422566511596e-17	4.260221593294225643e-10	4.803019927363932342e-05	5.132849978686079145e-02	1.867150021313995073e-02	4.052423764133275170e-15	1.867132484243326507e-02
3.980000000000000000e+02	7.193144646397324829e-04	3.933106011490434332e-11	6.458021165255826722e-18	1.280350910271286276e-03	3.494313419679856988e-08	2.821451487681466605e-28	2.267831742916467341e-11	1.600778524584172270e-07	1.386900941379744706e-07	1.979540219481118273e-17	4.259751080874485057e-10	4.743911265039693604e-05	5.132795016278492856e-02	1.867204983721581016e-02	4.062395487631886033e-15	1.867187620398344169e-02
3.990000000000000000e+02	7.192752302210443909e-04	3.884494169841848040e-11	6.378202238095913819e-18	1.280393839230274796e-03	3.494292040479619674e-08	2.821434225241369968e-28	2.239805316812504635e-11	1.580999329206877405e-07	1.369745464868987992e-07	1.960351841514073168e-17	4.259286404275649408e-10	4.685533717064749916e-05	5.132740733757824858e-02	1.867259266242249013e-02	4.072367149739723298e-15	1.867242074495155738e-02
4.000000000000000000e+02	7.192364802538249316e-04	3.836488710525437167e-11	6.299378969309797904e-18	1.280436237632751181e-03	3.494270925612350699e-08	2.821417176234517719e-28	2.212128413140749691e-11	1.561466715021016489e-07	1.352804324031470085e-07	1.941403194518536354e-17	4.258827490202807472e-10	4.627878150055339122e-05	5.132687122629240456e-02	1.867312877370834803e-02	4.082338751215870738e-15	1.867295855056264053e-02
4.010000000000000000e+02	7.191982087065969210e-04	3.789081933727272841e-11	6.221538716074938488e-18	1.280478112096111081e-03	3.494250071778494096e-08	2.821400337996713687e-28	2.184796595590077483e-11	1.542177554459119416e-07	1.336074788972405870e-07	1.922691225228870998e-17	4.258374266303876759e-10	4.570935546932237221e-05	5.132634174506109370e-02	1.867365825493965542e-02	4.092310292809933172e-15	1.867348970495598739e-02
4.020000000000000000e+02	7.191604096241892155e-04	3.742266240717305559e-11	6.144669001544959287e-18	1.280519469153737055e-03	3.494229475720437915e-08	2.821383707897625588e-28	2.157805486043435806e-11	1.523128760927690028e-07	1.319554165835741152e-07	1.904212920685303991e-17	4.257926661156953854e-10	4.514697005385906887e-05	5.132581881108581878e-02	1.867418118891490605e-02	4.102281775262161897e-15	1.867401429119950815e-02
4.030000000000000000e+02	7.191230771267410893e-04	3.696034132442181687e-11	6.068757512539100824e-18	1.280560315256107709e-03	3.494209134221974230e-08	2.821367283340358590e-28	2.131150763768827748e-11	1.504317288238831655e-07	1.303239796297685987e-07	1.885965307667538304e-17	4.257484604257808478e-10	4.459153736363229061e-05	5.132530234262182300e-02	1.867469765737890530e-02	4.112253199303571436e-15	1.867453239130385800e-02
4.040000000000000000e+02	7.190862054087213562e-04	3.650378208139544038e-11	5.993792097266942203e-18	1.280600656771873876e-03	3.494189044107737326e-08	2.821351061760993438e-28	2.104828164622622695e-11	1.485740130050509485e-07	1.287129057068084646e-07	1.867945452137121079e-17	4.257048026007591587e-10	4.404297062575444931e-05	5.132479225896410813e-02	1.867520774103662365e-02	4.122224565656053927e-15	1.867504408623639478e-02
4.050000000000000000e+02	7.190497887379599610e-04	3.605291163973450104e-11	5.919760763087821199e-18	1.280640499988944985e-03	3.494169202242696801e-08	2.821335040628173915e-28	2.078833480264984894e-11	1.467394319315296484e-07	1.271219359399504441e-07	1.850150458688445432e-17	4.256616857700692877e-10	4.350118417026991837e-05	5.132428848043380648e-02	1.867571151956691836e-02	4.132195875032503758e-15	1.867554945593487281e-02
4.060000000000000000e+02	7.190138214546949649e-04	3.560765791690554472e-11	5.846651674304310193e-18	1.280679851115537268e-03	3.494149605531595741e-08	2.821319217442668291e-28	2.053162557387215347e-11	1.449276927737457841e-07	1.255508148603880337e-07	1.832577470008206942e-17	4.256191031512796294e-10	4.296609341564907848e-05	5.132379092836466400e-02	1.867620907163606431e-02	4.142167128136917756e-15	1.867604857932104664e-02
4.070000000000000000e+02	7.189782979706291818e-04	3.516794977296692867e-11	5.774453149989245649e-18	1.280718716281231077e-03	3.494130250918492798e-08	2.821303589736980547e-28	2.027811296950801229e-11	1.431385065238243686e-07	1.239992903576619820e-07	1.815223666343194015e-17	4.255770480489084957e-10	4.243761485448515670e-05	5.132329952508973142e-02	1.867670047491100729e-02	4.152138325664522981e-15	1.867654153431402841e-02
4.080000000000000000e+02	7.189432127680037274e-04	3.473371699753533078e-11	5.703153661845642465e-18	1.280757101537976367e-03	3.494111135386161983e-08	2.821288155074882678e-28	2.002775653437976678e-11	1.413715879429236291e-07	1.224671136328007327e-07	1.798086264976243272e-17	4.255355138532648737e-10	4.191566603939029433e-05	5.132281419392820121e-02	1.867718580607252710e-02	4.162109468301875333e-15	1.867702839784341623e-02
4.090000000000000000e+02	7.189085603986801335e-04	3.430489029694879186e-11	5.632741832098934672e-18	1.280795012861114888e-03	3.494092255955624818e-08	2.821272911051021879e-28	1.978051634113570085e-11	1.396266555093609891e-07	1.209540391521789136e-07	1.781162519710228685e-17	4.254944940393005580e-10	4.140016556908796393e-05	5.132233485917254284e-02	1.867766514082818893e-02	4.172080556726980251e-15	1.867750924586234970e-02
4.100000000000000000e+02	7.188743354832391593e-04	3.388140128162420344e-11	5.563206431421106450e-18	1.280832456150396296e-03	3.494073609685681815e-08	2.821257855290556434e-28	1.953635298298002155e-11	1.379034313675194853e-07	1.194598246020824629e-07	1.764449720359943630e-17	4.254539821654845640e-10	4.089103307469911964e-05	5.132186144607563116e-02	1.867813855392510408e-02	4.182051591609392106e-15	1.867798415336025322e-02
4.110000000000000000e+02	7.188405327100881679e-04	3.346318245360471760e-11	5.494536376886027833e-18	1.280869437230924878e-03	3.494055193672316912e-08	2.821242985448662906e-28	1.929522756651185967e-11	1.362016412775186578e-07	1.179842308439666153e-07	1.747945192251743365e-17	4.254139718726898466e-10	4.038818920621855722e-05	5.132139388083823556e-02	1.867860611916249275e-02	4.192022573610327796e-15	1.867845319437555496e-02
4.120000000000000000e+02	7.188071468345829220e-04	3.305016719429433222e-11	5.426720729955512074e-18	1.280905961854164176e-03	3.494037005048305713e-08	2.821228299210230319e-28	1.905710170467175840e-11	1.345210145656377911e-07	1.165270218703959343e-07	1.731646295730797239e-17	4.253744568830960968e-10	3.989155561917868525e-05	5.132093209059659239e-02	1.867906790940413939e-02	4.201993503382768515e-15	1.867891644200804849e-02
4.130000000000000000e+02	7.187741726781613069e-04	3.264228975237671780e-11	5.359748694495630149e-18	1.280942035698923610e-03	3.494019040982796613e-08	2.821213794289509943e-28	1.882193750979380537e-11	1.328612840754800710e-07	1.150879647616533825e-07	1.715550425675839090e-17	4.253354309991102709e-10	3.940105496149845092e-05	5.132047600341015092e-02	1.867952399659059820e-02	4.211964381571565453e-15	1.867937396843124404e-02
4.140000000000000000e+02	7.187416051274864853e-04	3.223948523191467341e-11	5.293609614822686882e-18	1.280977664372226705e-03	3.494001298680631177e-08	2.821199468429579439e-28	1.858969758676154023e-11	1.312221861198633893e-07	1.136668296430085809e-07	1.699655011021278079e-17	4.252968881022995793e-10	3.891661086051371386e-05	5.132002554824946494e-02	1.867997445175127724e-02	4.221935208813543144e-15	1.867982584490445949e-02
4.150000000000000000e+02	7.187094391336053397e-04	3.184168958062760734e-11	5.228292973778426531e-18	1.281012853410305958e-03	3.493983775382049009e-08	2.821185319402092197e-28	1.836034502626600293e-11	1.296034604334272094e-07	1.122633896426326730e-07	1.683957514286543937e-17	4.252588221523430865e-10	3.843814791018712991e-05	5.131958065498438276e-02	1.868041934501635942e-02	4.231905985737601220e-15	1.868027214178475878e-02
4.160000000000000000e+02	7.186776697111155882e-04	3.144883957834363052e-11	5.163788390833896982e-18	1.281047608279504459e-03	3.493966468362176880e-08	2.821171345006878240e-28	1.813384339816403562e-11	1.280048501259417015e-07	1.108774208501487140e-07	1.668455431112537198e-17	4.252212271859945305e-10	3.796559165849406876e-05	5.131914125437223029e-02	1.868085874562850843e-02	4.241876712964809086e-15	1.868071292853875839e-02
4.170000000000000000e+02	7.186462919373449347e-04	3.106087282562379386e-11	5.100085620221599684e-18	1.281081934377183585e-03	3.493949374930568159e-08	2.821157543071556802e-28	1.791015674493537126e-11	1.264261016363096713e-07	1.095087022758073965e-07	1.653146289805075026e-17	4.251840973160628739e-10	3.749886859498286444e-05	5.131870727804625082e-02	1.868129272195447749e-02	4.251847391108513982e-15	1.868114827375423961e-02
4.180000000000000000e+02	7.186153009515411708e-04	3.067772773255512227e-11	5.037174549095342938e-18	1.281115837032615517e-03	3.493932492430756130e-08	2.821143911451189244e-28	1.768924957523668648e-11	1.248669646872477562e-07	1.081570158102775358e-07	1.638027650885208450e-17	4.251474267304043847e-10	3.703790613850573959e-05	5.131827865850421833e-02	1.868172134149652039e-02	4.261818020774431712e-15	1.868157824515155954e-02
4.190000000000000000e+02	7.185846919540743102e-04	3.029934350771010568e-11	4.975045195717428754e-18	1.281149321507877052e-03	3.493915818239828497e-08	2.821130448027931093e-28	1.747108685755116806e-11	1.233271922406372277e-07	1.068221461850398287e-07	1.623097106646287138e-17	4.251112096909316220e-10	3.658263262511876363e-05	5.131785532909710623e-02	1.868214467090364289e-02	4.271788602560748399e-15	1.868200290959503435e-02
4.200000000000000000e+02	7.185544602056473992e-04	2.992566014726920298e-11	4.913687707672597801e-18	1.281182392998698539e-03	3.493899349767949597e-08	2.821117150710641466e-28	1.725563401393167672e-11	1.218065404535313499e-07	1.055038809333747919e-07	1.608352280717666001e-17	4.250754405326348815e-10	3.613297729614741604e-05	5.131743722401804070e-02	1.868256277598271189e-02	4.281759137058208054e-15	1.868242233310402761e-02
4.210000000000000000e+02	7.185246010265209857e-04	2.955661842430451683e-11	4.853092360108465917e-18	1.281215056635347932e-03	3.493883084457983210e-08	2.821104017434585323e-28	1.704285691383650029e-11	1.203047686348106123e-07	1.042020103519338968e-07	1.593790827634941174e-17	4.250401136626181161e-10	3.568887028641618263e-05	5.131702427829131635e-02	1.868297572170941542e-02	4.291729624850214339e-15	1.868283658086396584e-02
4.220000000000000000e+02	7.184951097957440955e-04	2.919215987822121439e-11	4.793249554001825854e-18	1.281247317483464980e-03	3.493867019785043897e-08	2.821091046161065770e-28	1.683272186805561849e-11	1.188216392024741511e-07	1.029163274628854681e-07	1.579410432416598563e-17	4.250052235591471619e-10	3.525024261263914232e-05	5.131661642776163407e-02	1.868338357223909771e-02	4.301700066512918125e-15	1.868324571723717700e-02
4.230000000000000000e+02	7.184659819503995187e-04	2.883222680435448392e-11	4.734149814450511505e-18	1.281279180544893240e-03	3.493851153256054290e-08	2.821078234877069358e-28	1.662519562272631615e-11	1.173569176415565714e-07	1.016466279766237278e-07	1.565208810146976670e-17	4.249707647707125937e-10	3.481702616196934201e-05	5.131621360908338730e-02	1.868378639091735835e-02	4.311670462615310584e-15	1.868364980577357295e-02
4.240000000000000000e+02	7.184372129848564693e-04	2.847676224371938079e-11	4.675783788990360082e-18	1.281310650758521420e-03	3.493835482409395031e-08	2.821065581594985377e-28	1.642024535343655515e-11	1.159103724626602449e-07	1.003927102550333333e-07	1.551183705565430615e-17	4.249367319151056093e-10	3.438915368070441194e-05	5.131581575971015663e-02	1.868418424029057862e-02	4.321640813719312328e-15	1.868404890922121739e-02
4.250000000000000000e+02	7.184087984500344120e-04	2.812570997291086823e-11	4.618142245936823887e-18	1.281341733001082868e-03	3.493820004814448167e-08	2.821053084352234567e-28	1.621783865941464774e-11	1.144817751610930637e-07	9.915437527529874367e-08	1.537332892661589784e-17	4.249031196785061145e-10	3.396655876314647634e-05	5.131542281788439158e-02	1.868457718211632979e-02	4.331611120379865703e-15	1.868444308953672028e-02
4.260000000000000000e+02	7.183807339526772969e-04	2.777901449415192654e-11	4.561216072750922753e-18	1.281372432087958535e-03	3.493804718071204739e-08	2.821040741210948053e-28	1.601794355780391304e-11	1.130709001766021096e-07	9.793142659425044515e-08	1.523654174276620694e-17	4.248699228145835783e-10	3.354917584061379839e-05	5.131503472262716192e-02	1.868496527737356291e-02	4.341581383145021569e-15	1.868483240789549360e-02
4.270000000000000000e+02	7.183530151546354929e-04	2.743662102548707494e-11	4.504996274429038727e-18	1.281402752773974077e-03	3.493789619809875671e-08	2.821028550257665563e-28	1.582052847802088517e-11	1.116775248536930049e-07	9.672367031323848196e-08	1.510145381710388433e-17	4.248371361436114834e-10	3.313694017060190937e-05	5.131465141372801991e-02	1.868534858627269105e-02	4.351551602556022126e-15	1.868521692470187512e-02
4.280000000000000000e+02	7.183256377721600801e-04	2.709847549111892455e-11	4.449473971916220201e-18	1.281432699754171591e-03	3.493774707690481491e-08	2.821016509602990145e-28	1.562556225619563529e-11	1.103014294025255784e-07	9.553091504352443690e-08	1.496804374334411614e-17	4.248047545515933073e-10	3.272978782609225725e-05	5.131427283173514015e-02	1.868572716826557428e-02	4.361521779147389269e-15	1.868559669959913086e-02
4.290000000000000000e+02	7.182985975752041903e-04	2.676452451188538110e-11	4.394640400542571000e-18	1.281462277664582438e-03	3.493759979402478447e-08	2.821004617381293559e-28	1.543301412969286971e-11	1.089423968603759703e-07	9.435297187218359075e-08	1.483629039210523929e-17	4.247727729893996177e-10	3.232765568500561642e-05	5.131389891794541774e-02	1.868610108205528628e-02	4.371491913447013725e-15	1.868597179147928403e-02
4.300000000000000000e+02	7.182718903867354055e-04	2.643471539587556199e-11	4.340486908482416296e-18	1.281491491083014151e-03	3.493745432664442191e-08	2.820992871750460233e-28	1.524285373171276045e-11	1.076002130536576205e-07	9.318965432850855150e-08	1.470617290715145248e-17	4.247411864719199016e-10	3.193048141979913402e-05	5.131352961439485105e-02	1.868647038560583909e-02	4.381462005976229214e-15	1.868634225849283639e-02
4.310000000000000000e+02	7.182455120820559636e-04	2.610899612918172647e-11	4.287004955235800831e-18	1.281520344529747581e-03	3.493731065223558898e-08	2.820981270891478756e-28	1.505505108596983136e-11	1.062746665604906577e-07	9.204077835090680974e-08	1.457767070169073198e-17	4.247099900772234949e-10	3.153820348720386168e-05	5.131316486384897291e-02	1.868683513615171377e-02	4.391432057249902370e-15	1.868670815805834745e-02
4.320000000000000000e+02	7.182194585881327212e-04	2.578731536678525417e-11	4.234186110132008227e-18	1.281548842468332701e-03	3.493716874855407551e-08	2.820969813008258924e-28	1.486957660144888176e-11	1.049655486738110070e-07	9.090616225428277045e-08	1.445076345472696323e-17	4.246791789457332797e-10	3.115076111810138366e-05	5.131280460979342067e-02	1.868719539020726253e-02	4.401402067776513213e-15	1.868706954687189559e-02
4.330000000000000000e+02	7.181937258829368745e-04	2.546962242357457844e-11	4.182022050854718497e-18	1.281576989306274037e-03	3.493702859363461651e-08	2.820958496327232649e-28	1.468640106723667157e-11	1.036726533650112494e-07	8.978562669789773624e-08	1.432543110746545602e-17	4.246487482794109121e-10	3.076809430753724422e-05	5.131244879642462425e-02	1.868755120357605548e-02	4.411372038058230083e-15	1.868742648091639008e-02
4.340000000000000000e+02	7.181683099947909444e-04	2.515586726549254110e-11	4.130504561988454020e-18	1.281604789395773564e-03	3.493689016578806646e-08	2.820947319097136481e-28	1.450549564742802512e-11	1.023957772481038623e-07	8.867899465369874998e-08	1.420165385977095286e-17	4.246186933409532160e-10	3.039014380486906329e-05	5.131209736864069532e-02	1.868790263135999830e-02	4.421341968590996422e-15	1.868777901547080331e-02
4.350000000000000000e+02	7.181432070017237847e-04	2.484600050081172433e-11	4.079625533586008142e-18	1.281632247034441945e-03	3.493675344359787891e-08	2.820936279588704439e-28	1.432683187610537636e-11	1.011347195443993101e-07	8.758609137510954669e-08	1.407941216667731084e-17	4.245890094529987100e-10	3.001685110404785333e-05	5.131175027203231653e-02	1.868824972796837708e-02	4.431311859864600976e-15	1.868812720511917394e-02
4.360000000000000000e+02	7.181184130308386005e-04	2.453997337153520055e-11	4.029376959756488922e-18	1.281659366465975934e-03	3.493661840591585137e-08	2.820925376094348294e-28	1.415038165239041452e-11	9.988928204769072685e-08	8.650674436627619011e-08	1.395868673494798180e-17	4.245596919973471109e-10	2.964815843403008062e-05	5.131140745287386673e-02	1.868859254712682688e-02	4.441281712362762999e-15	1.868847110375966222e-02
4.370000000000000000e+02	7.180939242576828098e-04	2.423773774492088444e-11	3.979750937273631369e-18	1.281686151880889355e-03	3.493648503185983576e-08	2.820914606927955782e-28	1.397611723556671699e-11	9.865926908993596642e-08	8.544078335175895010e-08	1.383945851968641721e-17	4.245307364141867470e-10	2.928400874931881451e-05	5.131106885811460849e-02	1.868893114188608165e-02	4.451251526563202454e-15	1.868881076461328949e-02
4.380000000000000000e+02	7.180697369056325422e-04	2.393924610512738361e-11	3.930739664204095441e-18	1.281712607417149303e-03	3.493635330080911276e-08	2.820903970424526487e-28	1.380401124027220956e-11	9.744448750743048119e-08	8.438804024666402833e-08	1.372170872099571990e-17	4.245021382013367572e-10	2.892434572063201282e-05	5.131073443537000761e-02	1.868926556463068253e-02	4.461221302937718905e-15	1.868914624023272283e-02
4.390000000000000000e+02	7.180458472452801730e-04	2.364445154497974511e-11	3.882335438555412377e-18	1.281738737160886734e-03	3.493622319240189705e-08	2.820893464939967817e-28	1.363403663176050232e-11	9.624474660746294378e-08	8.334834912720803836e-08	1.360541878068655799e-17	4.244738929134938399e-10	2.856911372569629021e-05	5.131040413291314273e-02	1.868959586708754742e-02	4.471191041952264878e-15	1.868947758251080296e-02
4.400000000000000000e+02	7.180222515938334583e-04	2.335330775785271666e-11	3.834530656943257358e-18	1.281764545147045251e-03	3.493609468653181023e-08	2.820883088850805323e-28	1.346616672122973287e-11	9.505985813544520704e-08	8.232154620170789486e-08	1.349057037903279417e-17	4.244459961614948726e-10	2.821825784016407203e-05	5.131007789966628846e-02	1.868992210033440515e-02	4.481160744067017651e-15	1.868980484268908601e-02
4.410000000000000000e+02	7.179989463145213923e-04	2.306576902967012645e-11	3.787317813277774226e-18	1.281790035360024253e-03	3.493596776334410223e-08	2.820872840553888992e-28	1.330037516121818181e-11	9.388963624251055421e-08	8.130746978198963997e-08	1.337714543157386727e-17	4.244184436115873395e-10	2.787172382865260578e-05	5.130975568519254709e-02	1.869024431480815693e-02	4.491130409736452611e-15	1.869012807136618062e-02
4.420000000000000000e+02	7.179759278160073284e-04	2.278179023101803919e-11	3.740689497468581737e-18	1.281815211734366319e-03	3.493584240323367932e-08	2.820862718466218358e-28	1.313663594106516271e-11	9.273389745357060419e-08	8.030596025520826595e-08	1.326512608596313891e-17	4.243912309847069950e-10	2.752945813590273287e-05	5.130943743968761905e-02	1.869056256031307803e-02	4.501100039409414260e-15	1.869044731850597052e-02
4.430000000000000000e+02	7.179531925518103409e-04	2.250132680937034073e-11	3.694638394148294922e-18	1.281840078155325113e-03	3.493571858683986972e-08	2.820852721024506648e-28	1.297492338243653399e-11	9.159246063582662346e-08	7.931686005607437834e-08	1.315449471886156721e-17	4.243643540557522722e-10	2.719140787805625508e-05	5.130912311397173992e-02	1.869087688602895370e-02	4.511069633529189571e-15	1.869076263344585445e-02
4.440000000000000000e+02	7.179307370197356934e-04	2.222433478142556243e-11	3.649157281413950671e-18	1.281864638459567296e-03	3.493559629504530524e-08	2.820842846685239971e-28	1.281521213491489408e-11	9.046514696772635094e-08	7.834001363947929552e-08	1.304523393287765221e-17	4.243378086529912969e-10	2.685752083404980545e-05	5.130881265948159659e-02	1.869118734051908662e-02	4.521039192533574260e-15	1.869107406490468429e-02
4.450000000000000000e+02	7.179085577613092102e-04	2.195077072555022434e-11	3.604239029586889114e-18	1.281888896435757130e-03	3.493547550897201040e-08	2.820833093924026219e-28	1.265747717164869702e-11	8.935177990835840793e-08	7.737526745351196707e-08	1.293732655354631889e-17	4.243115906571407192e-10	2.652774543712344119e-05	5.130850602826250023e-02	1.869149397173817256e-02	4.531008716854941411e-15	1.869138166099074128e-02
4.460000000000000000e+02	7.178866513612232499e-04	2.168059177433214175e-11	3.559876599989359784e-18	1.281912855825174686e-03	3.493535620997814660e-08	2.820823461235685645e-28	1.250169378506783008e-11	8.825218516728015076e-08	7.642246991286273487e-08	1.283075562635793144e-17	4.242856960009238440e-10	2.620203076644253239e-05	5.130820317296054534e-02	1.869179682704014481e-02	4.540978206920313264e-15	1.869168546920953536e-02
4.470000000000000000e+02	7.178650144467867969e-04	2.141375560723700975e-11	3.516063043739088991e-18	1.281936520322315412e-03	3.493523837965511370e-08	2.820813947133830700e-28	1.234783758265598090e-11	8.716619067476958250e-08	7.548147137260735892e-08	1.272550441382453804e-17	4.242601206682757097e-10	2.588032653883143199e-05	5.130790404681489364e-02	1.869209595318579997e-02	4.550947663151422749e-15	1.869198553647154898e-02
4.480000000000000000e+02	7.178436436873842285e-04	2.115022044336953890e-11	3.472791500560627452e-18	1.281959893575502487e-03	3.493512199982496924e-08	2.820804550150701015e-28	1.219588448278420303e-11	8.609362655249681070e-08	7.455212410236492889e-08	1.262155639259006537e-17	4.242348606937061601e-10	2.556258310061715493e-05	5.130760860365025239e-02	1.869239139635044122e-02	4.560917085964786845e-15	1.869228190909982823e-02
4.490000000000000000e+02	7.178225357939422126e-04	2.088994503433653764e-11	3.430055197613493561e-18	1.281982979187436733e-03	3.493500705253627266e-08	2.820795268836822605e-28	1.204581071060283173e-11	8.503432508460717634e-08	7.363428226082415555e-08	1.251889525058135205e-17	4.242099121616463709e-10	2.524875141958138271e-05	5.130731679786935256e-02	1.869268320213135146e-02	4.570886475771761805e-15	1.869257463283751849e-02
4.500000000000000000e+02	7.178016875184006166e-04	2.063288865721054892e-11	3.387847448336818800e-18	1.282005780715854285e-03	3.493489352006339706e-08	2.820786101760957200e-28	1.189759279399123765e-11	8.398812068921017783e-08	7.272780187063175558e-08	1.241750488419971293e-17	4.241852712058026671e-10	2.493878307701961083e-05	5.130702858444553122e-02	1.869297141555516586e-02	4.580855832978616517e-15	1.869286375285524396e-02
4.510000000000000000e+02	7.177810956531928497e-04	2.037901110759246733e-11	3.346161651310258790e-18	1.282028301674019259e-03	3.493478138490154634e-08	2.820777047509695080e-28	1.175120755956443635e-11	8.295484989026790326e-08	7.183254079363805922e-08	1.231736939555236858e-17	4.241609340085216099e-10	2.463263025990560954e-05	5.130674391891552194e-02	1.869325608108518208e-02	4.590825157986595614e-15	1.869314931375846631e-02
4.520000000000000000e+02	7.177607570307326015e-04	2.012827269277158262e-11	3.304991289130898792e-18	1.282050545531312688e-03	3.493467062976432653e-08	2.820768104687262261e-28	1.160663212873575384e-11	8.193435128987729336e-08	7.094835870649335585e-08	1.221847308972318374e-17	4.241368968001615980e-10	2.433024575315983920e-05	5.130646275737216211e-02	1.869353724262854885e-02	4.600794451191976272e-15	1.869343135959466301e-02
4.530000000000000000e+02	7.177406685229066521e-04	1.988063422498142750e-11	3.264329927305886363e-18	1.282072515713821460e-03	3.493456123758205172e-08	2.820759271915383276e-28	1.146384391383451899e-11	8.092646554093862501e-08	7.007511707658970978e-08	1.212080047208199070e-17	4.241131558584744984e-10	2.403158293202026181e-05	5.130618505645734295e-02	1.869381494354335413e-02	4.610763712986129741e-15	1.869370993386048480e-02
4.540000000000000000e+02	7.177208270405742961e-04	1.963605701475032479e-11	3.224171213160608576e-18	1.282094215604850061e-03	3.493445319149769426e-08	2.820750547832952936e-28	1.132282061427820442e-11	7.993103532020668154e-08	6.921267913834327013e-08	1.202433624563201212e-17	4.240897075079942048e-10	2.373659575451425100e-05	5.130591077335507066e-02	1.869408922664565070e-02	4.620732943755595498e-15	1.869398507950875005e-02
4.550000000000000000e+02	7.177012295330742475e-04	1.939450286434468854e-11	3.184508874762116436e-18	1.282115648545517758e-03	3.493434647486585234e-08	2.820741931095953821e-28	1.118354021279790613e-11	7.894790530171653660e-08	6.836090986981151602e-08	1.192906530839472397e-17	4.240665481194343468e-10	2.344523875403008934e-05	5.130563986578438873e-02	1.869436013421633611e-02	4.630702143882127000e-15	1.869425683895540799e-02
4.560000000000000000e+02	7.176818729877376159e-04	1.915593406130405180e-11	3.145336719857587738e-18	1.282136817835211572e-03	3.493424107124762156e-08	2.820733420377038361e-28	1.104598097171652343e-11	7.797692213057947826e-08	6.751967596963983882e-08	1.183497275083156226e-17	4.240436741090948911e-10	2.315746703198649453e-05	5.130537229199273047e-02	1.869462770800798743e-02	4.640671313742757952e-15	1.869452525408635962e-02
4.570000000000000000e+02	7.176627544294058702e-04	1.892031337206610519e-11	3.106648634827592995e-18	1.282157726732180642e-03	3.493413696440974781e-08	2.820725014365470983e-28	1.091012142927873791e-11	7.701793439714301159e-08	6.668884583433280262e-08	1.174204385330193587e-17	4.240210819382740678e-10	2.287323625059910367e-05	5.130510801074909116e-02	1.869489198925161286e-02	4.650640453709863043e-15	1.869479036626422314e-02
4.580000000000000000e+02	7.176438709199573678e-04	1.868760403568072849e-11	3.068438583653949908e-18	1.282178378454057726e-03	3.493403413832210612e-08	2.820716711766912429e-28	1.077594039603210149e-11	7.607079261150963268e-08	6.586828953584509354e-08	1.165026408355696771e-17	4.239987681126908950e-10	2.259250262574236741e-05	5.130484698133742916e-02	1.869515301866326445e-02	4.660609564151210806e-15	1.869505221633499178e-02
4.590000000000000000e+02	7.176252195578384369e-04	1.845776975761124129e-11	3.030700606901916774e-18	1.282198776178337550e-03	3.493393257715394186e-08	2.820708511303123351e-28	1.064341695125830787e-11	7.513534917840860370e-08	6.505787879948691678e-08	1.155961909426845570e-17	4.239767291819142692e-10	2.231522291990549860e-05	5.130458916355009474e-02	1.869541083645060928e-02	4.670578645430022777e-15	1.869531084463461890e-02
4.600000000000000000e+02	7.176067974776008558e-04	1.823077470362187106e-11	2.993428820716533762e-18	1.282218923042918474e-03	3.493383226527235540e-08	2.820700411711837859e-28	1.051253043945400426e-11	7.421145837241550103e-08	6.425748698213887829e-08	1.147009472059238036e-17	4.239549617387998616e-10	2.204135443524115747e-05	5.130433451768133535e-02	1.869566548231937214e-02	4.680547697905032665e-15	1.869556629099549533e-02
4.610000000000000000e+02	7.175886018494465968e-04	1.800658349374999111e-11	2.956617415832892141e-18	1.282238822146602531e-03	3.493373318723968820e-08	2.820692411746559938e-28	1.038326046686039393e-11	7.329897631351462656e-08	6.346698905077216892e-08	1.138167697776660918e-17	4.239334624189340983e-10	2.177085500670575871e-05	5.130408300452096032e-02	1.869591699547974370e-02	4.690516721930541567e-15	1.869581859475286448e-02
4.620000000000000000e+02	7.175706298787762555e-04	1.778516119636185853e-11	2.920260656600098406e-18	1.282258476549559892e-03	3.493363532781015454e-08	2.820684510176276914e-28	1.025558689804079581e-11	7.239776094299867041e-08	6.268626156126904821e-08	1.129435205874213374e-17	4.239122279000874968e-10	2.150368299528989267e-05	5.130383458534804042e-02	1.869616541465267054e-02	4.700485717856473194e-15	1.869606779475112973e-02
4.630000000000000000e+02	7.175528788057448535e-04	1.756647332229056937e-11	2.884352880018753040e-18	1.282277889273843001e-03	3.493353867192813421e-08	2.820676705785341517e-28	1.012948985250552786e-11	7.150767199970045025e-08	6.191518263753846620e-08	1.120810633184737741e-17	4.238912549016716739e-10	2.123979728133768843e-05	5.130358922192464199e-02	1.869641077807606203e-02	4.710454686028424351e-15	1.869631392935009601e-02
4.640000000000000000e+02	7.175353459048240375e-04	1.735048581905502904e-11	2.848888494791722427e-18	1.282297063303877499e-03	3.493344320472598876e-08	2.820668997373279066e-28	1.000494970138330804e-11	7.062857099655221417e-08	6.115363195092319694e-08	1.112292633848502652e-17	4.238705401842076236e-10	2.097915725795386168e-05	5.130334687648976932e-02	1.869665312351094164e-02	4.720423626787726477e-15	1.869655703643111760e-02
4.650000000000000000e+02	7.175180284843679646e-04	1.713716506515868748e-11	2.813861980388015956e-18	1.282316001586923876e-03	3.493334891152130203e-08	2.820661383754567294e-28	9.881947064138634933e-12	6.976032119746751753e-08	6.040149069989370590e-08	1.103879879086097381e-17	4.238500805487984410e-10	2.072172282449737346e-05	5.130310751175323758e-02	1.869689248824747685e-02	4.730392540471492177e-15	1.869679715340318710e-02
4.660000000000000000e+02	7.175009238861858015e-04	1.692647786446687592e-11	2.779267886119557987e-18	1.282334707033543682e-03	3.493325577781425299e-08	2.820653863758436804e-28	9.760462805334241590e-12	6.890278759454020770e-08	5.965864159002394700e-08	1.095571056974481934e-17	4.238298728366091812e-10	2.046745438016026310e-05	5.130287109088974007e-02	1.869712890911096742e-02	4.740361427412668876e-15	1.869703431720891665e-02
4.670000000000000000e+02	7.174840294851207289e-04	1.671839144066150110e-11	2.745100830230676351e-18	1.282353182518063996e-03	3.493316378928557102e-08	2.820646436228688564e-28	9.640478031438141189e-12	6.805583688555667876e-08	5.892496881424569446e-08	1.087364872226145284e-17	4.238099139283562814e-10	2.021631281763056108e-05	5.130263757753297099e-02	1.869736242246775038e-02	4.750330287940095608e-15	1.869726856433046036e-02
4.680000000000000000e+02	7.174673426886330656e-04	1.651287343177196294e-11	2.711355499000088598e-18	1.282371430879073989e-03	3.493307293179508660e-08	2.820639100023586737e-28	9.521974087674448679e-12	6.721933745181581079e-08	5.820035803337602303e-08	1.079260045971320138e-17	4.237902007437999830e-10	1.996825951683822803e-05	5.130240693576972738e-02	1.869759306423098358e-02	4.760299122378552718e-15	1.869749993079532560e-02
4.690000000000000000e+02	7.174508609363895728e-04	1.630989188478121643e-11	2.678026645855246930e-18	1.282389454919803098e-03	3.493298319137755579e-08	2.820631854015521023e-28	9.404932554917440361e-12	6.639315933625316614e-08	5.748469635691486586e-08	1.071255315543224948e-17	4.237707302412464716e-10	1.972325633878284259e-05	5.130217913013426778e-02	1.869782086986643971e-02	4.770267931048802095e-15	1.869772845218218085e-02
4.700000000000000000e+02	7.174345816998572035e-04	1.610941525030577240e-11	2.645109090498804562e-18	1.282407257408653585e-03	3.493289455424277927e-08	2.820624697091016522e-28	9.289335246628129259e-12	6.557717422186361918e-08	5.677787232410803792e-08	1.063349434266264470e-17	4.237514994170547743e-10	1.948126561944194373e-05	5.130195412560258766e-02	1.869804587439810942e-02	4.780236714267653434e-15	1.869795416362652132e-02
4.710000000000000000e+02	7.174185024819025982e-04	1.591141237734856459e-11	2.612597718047059042e-18	1.282424841079572633e-03	3.493280700677150618e-08	2.820617628150395184e-28	9.175164205832758526e-12	6.477125541041883294e-08	5.607977588527171462e-08	1.055541171247161119e-17	4.237325053051508427e-10	1.924225016375892981e-05	5.130173188758681974e-02	1.869826811241386694e-02	4.790205472347998157e-15	1.869817709982625475e-02
4.720000000000000000e+02	7.174026208163980858e-04	1.571585250812355839e-11	2.580487478180173034e-18	1.282442208632506627e-03	3.493272053551387904e-08	2.820610646107663255e-28	9.062401702142542391e-12	6.397527780147499009e-08	5.539029838337447454e-08	1.047829311168964741e-17	4.237137449765498044e-10	1.900617323970934546e-05	5.130151238192979385e-02	1.869848761807092058e-02	4.800174205598874101e-15	1.869839729504726641e-02
4.730000000000000000e+02	7.173869342678296365e-04	1.552270527295115471e-11	2.548773384304009602e-18	1.282459362733842862e-03	3.493263512718749479e-08	2.820603749890345363e-28	8.951030228814171615e-12	6.318911787166651673e-08	5.470933253587311472e-08	1.040212654087900598e-17	4.236952155388803859e-10	1.877299857244464824e-05	5.130129557489940956e-02	1.869870442510130140e-02	4.810142914325498652e-15	1.869861478312889042e-02
4.740000000000000000e+02	7.173714404309138124e-04	1.533194068522323847e-11	2.517450512723422932e-18	1.282476306016824136e-03	3.493255076867520120e-08	2.820596938439308291e-28	8.841032499850293407e-12	6.241265365428159012e-08	5.403677241679847286e-08	1.032690015233013483e-17	4.236769141359205022e-10	1.854269033851220150e-05	5.130108143318347358e-02	1.869891856681724432e-02	4.820111598829321593e-15	1.869882959748929777e-02
4.750000000000000000e+02	7.173561369302152617e-04	1.514352913643682826e-11	2.486514001826791085e-18	1.282493041081956848e-03	3.493246744702265505e-08	2.820590210708564124e-28	8.732391447139555463e-12	6.164576471911516889e-08	5.337251343908735902e-08	1.025260224808562844e-17	4.236588379471344495e-10	1.831521316015056507e-05	5.130086992388424583e-02	1.869913007611644779e-02	4.830080259408077173e-15	1.869904177113080462e-02
4.760000000000000000e+02	7.173410214197735359e-04	1.495744139129535438e-11	2.455959051281666385e-18	1.282509570497460723e-03	3.493238514943728317e-08	2.820583565665191772e-28	8.625090217635443475e-12	6.088833215259533692e-08	5.271645233715684453e-08	1.017922127799130071e-17	4.236409841872204373e-10	1.809053209965891490e-05	5.130066101451331156e-02	1.869933898548739246e-02	4.840048896355822762e-15	1.869925133664513198e-02
4.770000000000000000e+02	7.173260915827318592e-04	1.477364858287657025e-11	2.425780921241368542e-18	1.282525896799632673e-03	3.493230386328511932e-08	2.820577002289068823e-28	8.519112170573563157e-12	6.014023853817958604e-08	5.206848714971744740e-08	1.010674583777397596e-17	4.236233501056606538e-10	1.786861265383980220e-05	5.130045467298628009e-02	1.869954532701442393e-02	4.850017509962991700e-15	1.869945832621863410e-02
4.780000000000000000e+02	7.173113451309706678e-04	1.459212220786614056e-11	2.395974931562347202e-18	1.282542022493258138e-03	3.493222357608893805e-08	2.820570519572736567e-28	8.414440874726599379e-12	5.940136793701629947e-08	5.142851720282181261e-08	1.003516466714559268e-17	4.236059329862789311e-10	1.764942074851402897e-05	5.130025086761777486e-02	1.869974913238292569e-02	4.859986100516431958e-15	1.869966277163735702e-02
4.790000000000000000e+02	7.172967798047485228e-04	1.441283412185588210e-11	2.366536461032175622e-18	1.282557950052023955e-03	3.493214427552686506e-08	2.820564116521275336e-28	8.311060105696524274e-12	5.867160586886800149e-08	5.079644309314503614e-08	9.964466647933239555e-18	4.235887301468045624e-10	1.743292273310680977e-05	5.130004956711640973e-02	1.869995043288429776e-02	4.869954668299451095e-15	1.869986470429212816e-02
4.800000000000000000e+02	7.172823933723436723e-04	1.423575653470573778e-11	2.337460946608004458e-18	1.282573681918925583e-03	3.493206594943078897e-08	2.820557792152180293e-28	8.208953843243463018e-12	5.795083929329261473e-08	5.017216667149351585e-08	9.894640802234743244e-18	4.235717389384401006e-10	1.721908537530413905e-05	5.129985074057975131e-02	1.870014925942096659e-02	4.879923213591866754e-15	1.870006415518353851e-02
4.810000000000000000e+02	7.172681836297040711e-04	1.406086200596847271e-11	2.308743882665308114e-18	1.282589220506590195e-03	3.493198858578256296e-08	2.820551545495060998e-28	8.108106268650638906e-12	5.723895659107828464e-08	4.955559102653831234e-08	9.825676290599351716e-18	4.235549567454375308e-10	1.700787585577833393e-05	5.129965435748943398e-02	1.870034564251128045e-02	4.889891736670036630e-15	1.870026115492685187e-02
4.820000000000000000e+02	7.172541484000991355e-04	1.388812344037640220e-11	2.280380820256826181e-18	1.282604568197697565e-03	3.493191217271346212e-08	2.820545375591584899e-28	8.008501762125006739e-12	5.653584754592923677e-08	4.894662046877076339e-08	9.757562410233277543e-18	4.235383809846768228e-10	1.679926176298218322e-05	5.129946038770638594e-02	1.870053961229435277e-02	4.899860237806923162e-15	1.870045573375687942e-02
4.830000000000000000e+02	7.172402855337773513e-04	1.371751408338898719e-11	2.252367366381491222e-18	1.282619727345391848e-03	3.493183669850298568e-08	2.820539281495390349e-28	7.910124900232902461e-12	5.584140332639805450e-08	4.834516051467616963e-08	9.690288593229657350e-18	4.235220091052532704e-10	1.659321108801028996e-05	5.129926880146590956e-02	1.870073119853482568e-02	4.909828717272114832e-15	1.870064792153278144e-02
4.840000000000000000e+02	7.172265929076284373e-04	1.354900751680055201e-11	2.224699183263232330e-18	1.282634700273604022e-03	3.493176215157577990e-08	2.820533262271838625e-28	7.812960453370272805e-12	5.515551646806101544e-08	4.775111787112272588e-08	9.623844404822529914e-18	4.235058385880674689e-10	1.638969221952700422e-05	5.129907956937311553e-02	1.870092043062763359e-02	4.919797175331876651e-15	1.870083774774276147e-02
4.850000000000000000e+02	7.172130684248478926e-04	1.338257765440719889e-11	2.197371987639498472e-18	1.282649489277416397e-03	3.493168852049979182e-08	2.820527316997856985e-28	7.716993383267003538e-12	5.447808085593344262e-08	4.716440041996237612e-08	9.558219541664558677e-18	4.234898669454219611e-10	1.618867393875995353e-05	5.129889266239815587e-02	1.870110733760259325e-02	4.929765612249192755e-15	1.870102524150879519e-02
4.860000000000000000e+02	7.171997100146092425e-04	1.321819873773209206e-11	2.170381550059363725e-18	1.282664096623460951e-03	3.493161579398527662e-08	2.820521444761868269e-28	7.622208840524780818e-12	5.380899170712075580e-08	4.658491720284052829e-08	9.493403830128107314e-18	4.234740917206242420e-10	1.599012541455819522e-05	5.129870805187169286e-02	1.870129194812905626e-02	4.939734028283805852e-15	1.870121043159119617e-02
4.870000000000000000e+02	7.171865156317359588e-04	1.305584533180818079e-11	2.143723694191068407e-18	1.282678524550247626e-03	3.493154396088239552e-08	2.820515644663585072e-28	7.528592162188047865e-12	5.314814555370254952e-08	4.601257840621153853e-08	9.429387224629304735e-18	4.234585104875916255e-10	1.579401619851429934e-05	5.129852570948030543e-02	1.870147429052042981e-02	4.949702423692254300e-15	1.870139334639319209e-02
4.880000000000000000e+02	7.171734832563832467e-04	1.289549232101778304e-11	2.117394296138889413e-18	1.282692775268522763e-03	3.493147301017949520e-08	2.820509915813883744e-28	7.436128869347628798e-12	5.249544022584632953e-08	4.544729534655743039e-08	9.366159805974862264e-18	4.234431208504654673e-10	1.560031622014941696e-05	5.129834560726210385e-02	1.870165439273865221e-02	4.959670798727914697e-15	1.870157401396540728e-02
4.890000000000000000e+02	7.171606108937184218e-04	1.273711490498781795e-11	2.091389283769155255e-18	1.282706850961653350e-03	3.493140293100236669e-08	2.820504257334736226e-28	7.344804664776441265e-12	5.185077483514694383e-08	4.488898045580583881e-08	9.303711779731162261e-18	4.234279204432277674e-10	1.540899578216032759e-05	5.129816771760215693e-02	1.870183228239860607e-02	4.969639153641044488e-15	1.870175246201032440e-02
4.900000000000000000e+02	7.171478965736086597e-04	1.258068859454020425e-11	2.065704636045312201e-18	1.282720753785904569e-03	3.493133371261074472e-08	2.820498668358927103e-28	7.254605430596877809e-12	5.121404975818913407e-08	4.433754726694533928e-08	9.242033474615417906e-18	4.234129069293227862e-10	1.522002555572791515e-05	5.129799201322828017e-02	1.870200798677249671e-02	4.979607488678811940e-15	1.870192871788660394e-02
4.910000000000000000e+02	7.171353383503112399e-04	1.242618920769648093e-11	2.040336382371902075e-18	1.282734485870821875e-03	3.493126534439772537e-08	2.820493148030015489e-28	7.165517225979446428e-12	5.058516662032963396e-08	4.379291039983458871e-08	9.181115340908529744e-18	4.233980780012844516e-10	1.503337657588599156e-05	5.129781846720662258e-02	1.870218153279415083e-02	4.989575804085345047e-15	1.870210280861348690e-02
4.920000000000000000e+02	7.171229343021698604e-04	1.227359286573592495e-11	2.015280601947314210e-18	1.282748049319565146e-03	3.493119781588811175e-08	2.820487695502188839e-28	7.077526284872163023e-12	4.996402827969584338e-08	4.325498554720281636e-08	9.120947948889296930e-18	4.233834313803695560e-10	1.484902023694979390e-05	5.129764705293750338e-02	1.870235294706327350e-02	4.999544100101759146e-15	1.870227476087497551e-02
4.930000000000000000e+02	7.171106825313111697e-04	1.212287598930632885e-11	1.990533423125190222e-18	1.282761446209225052e-03	3.493113111673633609e-08	2.820482309940102873e-28	6.990619013760278921e-12	4.935053881139794820e-08	4.272368946083872000e-08	9.061521987289758248e-18	4.233689648161923491e-10	1.466692828800331469e-05	5.129747774415114453e-02	1.870252225584964623e-02	5.009512376966200299e-15	1.870244460102412146e-02
4.940000000000000000e+02	7.170985811633489963e-04	1.197401529458683437e-11	1.966091022784378366e-18	1.282774678591181924e-03	3.493106523672571857e-08	2.820476990518823273e-28	6.904781989455912911e-12	4.874460349195148804e-08	4.219893993796514687e-08	9.002828261771257669e-18	4.233546760863682301e-10	1.448707282844469470e-05	5.129731051490352134e-02	1.870268948509726248e-02	5.019480634913880796e-15	1.870261235508712677e-02
4.950000000000000000e+02	7.170866283470899881e-04	1.182698778950188635e-11	1.941949625707272627e-18	1.282787748491385918e-03	3.493100016576568144e-08	2.820471736423593858e-28	6.820001956917170983e-12	4.814612878390718910e-08	4.168065580779693226e-08	8.944857693421029544e-18	4.233405629961587322e-10	1.430942630358887506e-05	5.129714533957236561e-02	1.870285466042843209e-02	5.029448874177117018e-15	1.870277804876748634e-02
4.960000000000000000e+02	7.170748222542432625e-04	1.168177076998568672e-11	1.918105503966454489e-18	1.282800657910693545e-03	3.493093589389073648e-08	2.820466546849762593e-28	6.736265827096269892e-12	4.755502232068524949e-08	4.116875691827881204e-08	8.887601317268918230e-18	4.233266233781223485e-10	1.413396150032667203e-05	5.129698219285299537e-02	1.870301780714780579e-02	5.039417094985360203e-15	1.870294170745001941e-02
4.970000000000000000e+02	7.170631610791354787e-04	1.153834181629644733e-11	1.894554976319500270e-18	1.282813408825174938e-03	3.493087241125861232e-08	2.820461421002620609e-28	6.653560674816356776e-12	4.697119289161127138e-08	4.066316412300145688e-08	8.831050280823977942e-18	4.233128550917709941e-10	1.396065154283971013e-05	5.129682104975442913e-02	1.870317895024636509e-02	5.049385297565237468e-15	1.870310335620484904e-02
4.980000000000000000e+02	7.170516430384269932e-04	1.139667878937966128e-11	1.871294407611850387e-18	1.282826003186446915e-03	3.493080970814938088e-08	2.820456358097346151e-28	6.571873736676519166e-12	4.639455042715075619e-08	4.016379926829269679e-08	8.775195842630749449e-18	4.232992560232284319e-10	1.378946988837028035e-05	5.129666188559541679e-02	1.870333811440536356e-02	5.059353482140584939e-15	1.870326301979139891e-02
4.990000000000000000e+02	7.170402663708334368e-04	1.125675982727971592e-11	1.848320208187603068e-18	1.282838442921972657e-03	3.493074777496376998e-08	2.820451357358850769e-28	6.491192408984633969e-12	4.582500598433952910e-08	3.967058518048136167e-08	8.720029370844735968e-18	4.232858240848956265e-10	1.362039032304543380e-05	5.129650467600057467e-02	1.870349532400021261e-02	5.069321648932482463e-15	1.870342072266225134e-02
5.000000000000000000e+02	7.170290293368501103e-04	1.111856334159918818e-11	1.825628833308144274e-18	1.282850729935322998e-03	3.493068660222052956e-08	2.820446418021580225e-28	6.411504245717650753e-12	4.526247173240702236e-08	3.918344565333133574e-08	8.665542341827008948e-18	4.232725572151183207e-10	1.345338695775465366e-05	5.129634939689650674e-02	1.870365060310428401e-02	5.079289798159287527e-15	1.870357648896701572e-02
5.010000000000000000e+02	7.170179302184806090e-04	1.098206801400517946e-11	1.803216782578501763e-18	1.282862866106545706e-03	3.493062618055682874e-08	2.820441539329540949e-28	6.332796956508951451e-12	4.470686093859043220e-08	3.870230543564368191e-08	8.611726338757564702e-18	4.232594533778609715e-10	1.328843422408034802e-05	5.129619602450805060e-02	1.870380397549274709e-02	5.089257930036667603e-15	1.870373034255609981e-02
5.020000000000000000e+02	7.170069673189670726e-04	1.084725279278186592e-11	1.781080599381287703e-18	1.282874853292379066e-03	3.493056650072464929e-08	2.820436720536012153e-28	6.255058404662307488e-12	4.415808795413595087e-08	3.822709021902394417e-08	8.558573050267153017e-18	4.232465105623830125e-10	1.312550687028040484e-05	5.129604453535455133e-02	1.870395546464624636e-02	5.099226044777634856e-15	1.870388230698449145e-02
5.030000000000000000e+02	7.169961389625259659e-04	1.071409688942882643e-11	1.759216870318149327e-18	1.282886693326616397e-03	3.493050755359121581e-08	2.820431960903575879e-28	6.178276605192192773e-12	4.361606820048539306e-08	3.775772662581249052e-08	8.506074269087340474e-18	4.232337267829204922e-10	1.296457995732220748e-05	5.129589490624613529e-02	1.870410509375465199e-02	5.109194142592578490e-15	1.870403240551542570e-02
5.040000000000000000e+02	7.169854434940875444e-04	1.058257977530434693e-11	1.737622224658620554e-18	1.282898388020355194e-03	3.493044933013668621e-08	2.820427259703930905e-28	6.102439722889976801e-12	4.308071815564518583e-08	3.729414219717573272e-08	8.454221890718606628e-18	4.232211000783720043e-10	1.280562885496738416e-05	5.129574711428012274e-02	1.870425288572066802e-02	5.119162223689299456e-15	1.870418066112407990e-02
5.050000000000000000e+02	7.169748792790351039e-04	1.045268117831312908e-11	1.716293333796248617e-18	1.282909939162279675e-03	3.493039182145261644e-08	2.820422616217774809e-28	6.027536070415695715e-12	4.255195534073530016e-08	3.683626538135578740e-08	8.403007912116097120e-18	4.232086285119875643e-10	1.264862923790660856e-05	5.129560113683737793e-02	1.870439886316340242e-02	5.129130288273040429e-15	1.870432709650113323e-02
5.060000000000000000e+02	7.169644447029516025e-04	1.032438107963772815e-11	1.695226910711906721e-18	1.282921348518981704e-03	3.493033501874163630e-08	2.820418029734772136e-28	5.953554106414959483e-12	4.202969830671512626e-08	3.638402552207602444e-08	8.352424430392848823e-18	4.231963101710618802e-10	1.249355708194374692e-05	5.129545695157880503e-02	1.870454304842198573e-02	5.139098336546516574e-15	1.870447173405636807e-02
5.070000000000000000e+02	7.169541381713668247e-04	1.019765971051321418e-11	1.674419709444213576e-18	1.282932617835153780e-03	3.493027891331390905e-08	2.820413499553269652e-28	5.880482433660776285e-12	4.151386662128486348e-08	3.593735284710093406e-08	8.302463641540289810e-18	4.231841431666324324e-10	1.234038866022886363e-05	5.129531453644178146e-02	1.870468546355899889e-02	5.149066368709947098e-15	1.870461459592215672e-02
5.080000000000000000e+02	7.169439581095095326e-04	1.007249754904432159e-11	1.653868524566911313e-18	1.282943748833962000e-03	3.493022349658839535e-08	2.820409024980399030e-28	5.808309797219825567e-12	4.100438085595877842e-08	3.549617845694759302e-08	8.253117839165624332e-18	4.231721256331808091e-10	1.218910053953919942e-05	5.129517386963679954e-02	1.870482613036398775e-02	5.159034384961088387e-15	1.870475570395693787e-02
5.090000000000000000e+02	7.169339029620621110e-04	9.948875317064581370e-12	1.633570190673149591e-18	1.282954743217222570e-03	3.493016876008906151e-08	2.820404605331771032e-28	5.737025082642876861e-12	4.050116257330875640e-08	3.506043431374693652e-08	8.204379413246081242e-18	4.231602557283377130e-10	1.203966957660764605e-05	5.129503492964393452e-02	1.870496507035685624e-02	5.169002385495263978e-15	1.870489507974867904e-02
5.100000000000000000e+02	7.169239711929168389e-04	9.826773977036760616e-12	1.613521581866551683e-18	1.282965602665724894e-03	3.493011469544507795e-08	2.820400239931488067e-28	5.666617314179019936e-12	4.000413431437531399e-08	3.463005323025219545e-08	8.156240848899492766e-18	4.231485316325919496e-10	1.189207291449807044e-05	5.129489769520955561e-02	1.870510230479122821e-02	5.178970370505393751e-15	1.870503274461818299e-02
5.110000000000000000e+02	7.169141612849377985e-04	9.706174728994165110e-12	1.593719611258981048e-18	1.282976328839497424e-03	3.493006129438956192e-08	2.820395928112052709e-28	5.597075653013400120e-12	3.951321958624407413e-08	3.420496885899318213e-08	8.108694725171308383e-18	4.231369515490028774e-10	1.174628797902682744e-05	5.129476214534299527e-02	1.870523785465778854e-02	5.188938340182019957e-15	1.870516871962250860e-02
5.120000000000000000e+02	7.169044717397246276e-04	9.587059007522136106e-12	1.574161230474918675e-18	1.282986923378050519e-03	3.493000854875792315e-08	2.820391669214219723e-28	5.528389395528085601e-12	3.902834284978526862e-08	3.378511568157378417e-08	8.061733713837535380e-18	4.231255137029181852e-10	1.160229247522987520e-05	5.129462825931321857e-02	1.870537174068757219e-02	5.198906294713345087e-15	1.870530302555820784e-02
5.130000000000000000e+02	7.168949010773777901e-04	9.469408478779117674e-12	1.554843429162329835e-18	1.282997387900597190e-03	3.492995645048550799e-08	2.820387462586816698e-28	5.460547971585751674e-12	3.854942950755368056e-08	3.337042899811087314e-08	8.015350578223532122e-18	4.231142163416919780e-10	1.146006438387485952e-05	5.129449601664557573e-02	1.870550398335520462e-02	5.208874234285250014e-15	1.870543568296460790e-02
5.140000000000000000e+02	7.168854478362705679e-04	9.353205037556945660e-12	1.535763234509977702e-18	1.283007724006386598e-03	3.492990499160867150e-08	2.820383307586825214e-28	5.393540942835895950e-12	3.807640589184740546e-08	3.296084491681237812e-08	7.969538172038376701e-18	4.231030577344106705e-10	1.131958195801761997e-05	5.129436539711869358e-02	1.870563460288209717e-02	5.218842159081337379e-15	1.870556671212703082e-02
5.150000000000000000e+02	7.168761105728195353e-04	9.238430804379618323e-12	1.516917710771046500e-18	1.283017933274880349e-03	3.492985416426137604e-08	2.820379203579111335e-28	5.327358001043247709e-12	3.760919925292283703e-08	3.255630034369319396e-08	7.924289438224621454e-18	4.230920361716185693e-10	1.118082371960254697e-05	5.129423638076117953e-02	1.870576361923962164e-02	5.228810069282941851e-15	1.870569613307994372e-02
5.160000000000000000e+02	7.168668878612604548e-04	9.125068122640126959e-12	1.498303958793025090e-18	1.283028017266029178e-03	3.492980396067503247e-08	2.820375149936405891e-28	5.261988966438070869e-12	3.714773774736379967e-08	3.215673297242634352e-08	7.879597407823188372e-18	4.230811499650487814e-10	1.104376845610611540e-05	5.129410894784858232e-02	1.870589105215221190e-02	5.238777965069175087e-15	1.870582396561009525e-02
5.170000000000000000e+02	7.168577782934277502e-04	9.013099555774756851e-12	1.479919115553731572e-18	1.283037977520506056e-03	3.492975437317673327e-08	2.820371146039167251e-28	5.197423786088046362e-12	3.669195042660259107e-08	3.176208127432775278e-08	7.835455198853218973e-18	4.230703974473591363e-10	1.090839521722309529e-05	5.129398307890031816e-02	1.870601692110046912e-02	5.248745846616940722e-15	1.870595022925963455e-02
5.180000000000000000e+02	7.168487804785343047e-04	8.902507884474394848e-12	1.461760353703422282e-18	1.283047815559969218e-03	3.492970539418892831e-08	2.820367191275553979e-28	5.133652532291447946e-12	3.624176722559109520e-08	3.137228448847283878e-08	7.791856015206644436e-18	4.230597769718673333e-10	1.077468331159492425e-05	5.129385875467659672e-02	1.870614124532420097e-02	5.258713714100966715e-15	1.870607494332911930e-02
5.190000000000000000e+02	7.168398930429558140e-04	8.793276103932268442e-12	1.443824881112880423e-18	1.283057532887271627e-03	3.492965701622726757e-08	2.820363285041248153e-28	5.070665400991324681e-12	3.579711895161972905e-08	3.098728261194298478e-08	7.748793145557315771e-18	4.230492869122939986e-10	1.064261230357958803e-05	5.129373595617538889e-02	1.870626404382539840e-02	5.268681567693835320e-15	1.870619812688056882e-02
5.200000000000000000e+02	7.168311146300170890e-04	8.685387421127683350e-12	1.426109940427418259e-18	1.283067130986719666e-03	3.492960923190030331e-08	2.820359426739433841e-28	5.008452710210381513e-12	3.535793727328221137e-08	3.060701639020016229e-08	7.706259962284399738e-18	4.230389256625058454e-10	1.051216201006254826e-05	5.129361466462954711e-02	1.870638533537125059e-02	5.278649407566003601e-15	1.870631979874040965e-02
5.210000000000000000e+02	7.168224438997818299e-04	8.578825252145169925e-12	1.408612808626684062e-18	1.283076611324278490e-03	3.492956203390747842e-08	2.820355615780634778e-28	4.947004898506256636e-12	3.492415470958387035e-08	3.023142730758775430e-08	7.664249920409978876e-18	4.230286916362634876e-10	1.038331249730804819e-05	5.129349486150378695e-02	1.870650513849702115e-02	5.288617233885832621e-15	1.870643997750244883e-02
5.220000000000000000e+02	7.168138795288440251e-04	8.473573219528681345e-12	1.391330796590235683e-18	1.283085975347819652e-03	3.492951541503862345e-08	2.820351851582673109e-28	4.886312523446984001e-12	3.449570461919230591e-08	2.986045757795590567e-08	7.622756556550527487e-18	4.230185832669728719e-10	1.025604407785049165e-05	5.129337652849182833e-02	1.870662347150897631e-02	5.298585046819613469e-15	1.870655868153075010e-02
5.230000000000000000e+02	7.168054202101230375e-04	8.369615149670249035e-12	1.374261248668764215e-18	1.283095224487332958e-03	3.492946936817239493e-08	2.820348133570542041e-28	4.826366260106285544e-12	3.407252118982752111e-08	2.949405013541009360e-08	7.581773487882129498e-18	4.230085990074381573e-10	1.013033730742516494e-05	5.129325964751358519e-02	1.870674035248722639e-02	5.308552846531588563e-15	1.870667592896247539e-02
5.240000000000000000e+02	7.167970646526599906e-04	8.266935070232638139e-12	1.357401542260906908e-18	1.283104360155163260e-03	3.492942388627564006e-08	2.820344461176353375e-28	4.767156899578472600e-12	3.365453942779026560e-08	2.913214862518022500e-08	7.541294411119285698e-18	4.229987373296198687e-10	1.000617298193786468e-05	5.129314420071228592e-02	1.870685579928853259e-02	5.318520633183991093e-15	1.870679173771076440e-02
5.250000000000000000e+02	7.167888115814182760e-04	8.165517207605607185e-12	1.340749087395567656e-18	1.283113383746222955e-03	3.492937896240200048e-08	2.820340833839233029e-28	4.708675347512648741e-12	3.324169514762629480e-08	2.877469739460968158e-08	7.501313101507028376e-18	4.229889967243944453e-10	9.883532134472914799e-06	5.129303017045169777e-02	1.870696982954912421e-02	5.328488406937045019e-15	1.870690612546749634e-02
5.260000000000000000e+02	7.167806597370855780e-04	8.065345984395200054e-12	1.324301326319675357e-18	1.283122296638199286e-03	3.492933458969066150e-08	2.820337251005209830e-28	4.650912622665981383e-12	3.283392496192491013e-08	2.842164148426186103e-08	7.461823411826229347e-18	4.229793757013185979e-10	9.762396032339098543e-06	5.129291753931339987e-02	1.870708246068739783e-02	5.338456167949017138e-15	1.870701910970603773e-02
5.270000000000000000e+02	7.167726078758780662e-04	7.966406016945745513e-12	1.308055733091298852e-18	1.283131100191787230e-03	3.492929076136576321e-08	2.820333712127173360e-28	4.593859855475774794e-12	3.243116627125003361e-08	2.807292661914307273e-08	7.422819271411931889e-18	4.229698727883942345e-10	9.642746174152976707e-06	5.129280629009413256e-02	1.870719370990667901e-02	5.348423916376222605e-15	1.870713070768400405e-02
5.280000000000000000e+02	7.167646547693481670e-04	7.868682112894023081e-12	1.292009813178052204e-18	1.283139795750885739e-03	3.492924747073489168e-08	2.820330216664749748e-28	4.537508286650076303e-12	3.203335725420172540e-08	2.772849920003996823e-08	7.384294685184441584e-18	4.229604865318389173e-10	9.524564286959112856e-06	5.129269640580295248e-02	1.870730359419786257e-02	5.358391652373054121e-15	1.870724093644588609e-02
5.290000000000000000e+02	7.167567992041935267e-04	7.772159268755171955e-12	1.276161103060708472e-18	1.283148384642818262e-03	3.492920471118843044e-08	2.820326764084252345e-28	4.481849265776573387e-12	3.164043685760653641e-08	2.738830629496990163e-08	7.346243732693102095e-18	4.229512154958575097e-10	9.407832323386737872e-06	5.129258786965873451e-02	1.870741213034208053e-02	5.368359376092007965e-15	1.870734981282575274e-02
5.300000000000000000e+02	7.167490399820703123e-04	7.676822667539919708e-12	1.260507169841959360e-18	1.283156868178539183e-03	3.492916247619850172e-08	2.820323353858593832e-28	4.426874249949511819e-12	3.125234478683490266e-08	2.705229563074273117e-08	7.308660567172500136e-18	4.229420582624173376e-10	9.292532458842311770e-06	5.129248066508752119e-02	1.870751933491328345e-02	5.378327087683707662e-15	1.870745735344984256e-02
5.310000000000000000e+02	7.167413759194054277e-04	7.582657676402730090e-12	1.245045610860247006e-18	1.283165247652818782e-03	3.492912075931744439e-08	2.820319985467164251e-28	4.372574802414424049e-12	3.086902149624396002e-08	2.672041558463257953e-08	7.271539414610987140e-18	4.229330134310267643e-10	9.178647088737650728e-06	5.129237477571992748e-02	1.870762522428087021e-02	5.388294787296921333e-15	1.870756357473919024e-02
5.320000000000000000e+02	7.167338058472156681e-04	7.489649844320435352e-12	1.229774053308603192e-18	1.283173524344437743e-03	3.492907955417664933e-08	2.820316658395734149e-28	4.318942591230409324e-12	3.049040817974393976e-08	2.639261517615809371e-08	7.234874572831325044e-18	4.229240796185160903e-10	9.066158825753045054e-06	5.129227018538862204e-02	1.870772981461218606e-02	5.398262475078591677e-15	1.870766849291210718e-02
5.330000000000000000e+02	7.167263286109250330e-04	7.397784899800878087e-12	1.214690153858418152e-18	1.283181699516449965e-03	3.492903885448728734e-08	2.820313372136519599e-28	4.265969387949710288e-12	3.011644676148651035e-08	2.606884405896935508e-08	7.198660410583263597e-18	4.229152554588199018e-10	8.955050497134907285e-06	5.129216687812574588e-02	1.870783312187504488e-02	5.408230151173857267e-15	1.870777212398677669e-02
5.340000000000000000e+02	7.167189430701861571e-04	7.307048748621242728e-12	1.199791598288083147e-18	1.283189774416297916e-03	3.492899865403724526e-08	2.820310126187927497e-28	4.213647066314371985e-12	2.974707988667337813e-08	2.574905251284050962e-08	7.162891366647945959e-18	4.229065396027654676e-10	8.845305142027613332e-06	5.129206483816056705e-02	1.870793516184024452e-02	5.418197815726065175e-15	1.870787448378370688e-02
5.350000000000000000e+02	7.167116480987046701e-04	7.217427471595628360e-12	1.185076101116431113e-18	1.283197750276057888e-03	3.492895894669139727e-08	2.820306920054584711e-28	4.161967600969753061e-12	2.938225091248368099e-08	2.543319143576623913e-08	7.127561948953914558e-18	4.228979307178600500e-10	8.736906008838925074e-06	5.129196404991686470e-02	1.870803595008395034e-02	5.428165468876808833e-15	1.870797558792819046e-02
5.360000000000000000e+02	7.167044425840644233e-04	7.128907322371467031e-12	1.170541405240918549e-18	1.283205628312599151e-03	3.492891972638998365e-08	2.820303753247199518e-28	4.110923066194640341e-12	2.902190389911830906e-08	2.512121233616085918e-08	7.092666733704606277e-18	4.228894274880837996e-10	8.629836552638738627e-06	5.129186449801061837e-02	1.870813550199018627e-02	5.438133110765937503e-15	1.870807545185274035e-02
5.370000000000000000e+02	7.166973254275545591e-04	7.041474725254412752e-12	1.156185281580478958e-18	1.283213409727793856e-03	3.492888098714808134e-08	2.820300625282525289e-28	4.060505634647760824e-12	2.866598360095983868e-08	2.481306732515867370e-08	7.058200364517181355e-18	4.228810286136835290e-10	8.524080432590577211e-06	5.129176616724762799e-02	1.870823383275316276e-02	5.448100741531583094e-15	1.870817409079946966e-02
5.380000000000000000e+02	7.166902955440016768e-04	6.955116273061319900e-12	1.142005528722990994e-18	1.283221095708715230e-03	3.492884272305506135e-08	2.820297535683315638e-28	4.010707576130489119e-12	2.831443545784639570e-08	2.450870910901409770e-08	7.024157551572490325e-18	4.228727328109707253e-10	8.419621509415528766e-06	5.129166904262108528e-02	1.870833095737971588e-02	5.458068361310179891e-15	1.870827151982247874e-02
5.390000000000000000e+02	7.166833518616000463e-04	6.869818725000899049e-12	1.127999972577286614e-18	1.283228687427780904e-03	3.492880492827262998e-08	2.820294483978159414e-28	3.961521256365464382e-12	2.796720558645786314e-08	2.420809098160021762e-08	6.990533070776063431e-18	4.228645388121209590e-10	8.316443842888079438e-06	5.129157310930926306e-02	1.870842689069152770e-02	5.468035970236485845e-15	1.870836775379021086e-02
5.400000000000000000e+02	7.166764933217465924e-04	6.785569004581674615e-12	1.114166466029647990e-18	1.283236186042971058e-03	3.492876759703482220e-08	2.820291469701491904e-28	3.912939135790965683e-12	2.762424077181285818e-08	2.391116681700446276e-08	6.957321762929956132e-18	4.228564453649739649e-10	8.214531689363519380e-06	5.129147835267328093e-02	1.870852164732751677e-02	5.478003568443603880e-15	1.870846280738767964e-02
5.410000000000000000e+02	7.166697188788777231e-04	6.702354197546963191e-12	1.100502888604737331e-18	1.283243592697968713e-03	3.492873072364610244e-08	2.820288492393431617e-28	3.864953768370820447e-12	2.728548845887537352e-08	2.361789106222007085e-08	6.924518532915301233e-18	4.228484512328416843e-10	8.113869499336514270e-06	5.129138475825472526e-02	1.870861524174605509e-02	5.487971156063000820e-15	1.870855669511884214e-02
5.420000000000000000e+02	7.166630275003074571e-04	6.620161549836390321e-12	1.087007146130883941e-18	1.283250908522385681e-03	3.492869430248179475e-08	2.820285551599817943e-28	3.817557800419621378e-12	2.695089674426916063e-08	2.332821872993214332e-08	6.892118348885473660e-18	4.228405551943133088e-10	8.014441915030386866e-06	5.129129231177352588e-02	1.870870768822724753e-02	5.497938733224530272e-15	1.870864943130877769e-02
5.430000000000000000e+02	7.166564181660676136e-04	6.538978465573670267e-12	1.073677170409687655e-18	1.283258134631912618e-03	3.492865832798658059e-08	2.820282646872092331e-28	3.770743969443053978e-12	2.662041436809864070e-08	2.304210539139678493e-08	6.860116241469619051e-18	4.228327560430656495e-10	7.916233768016761303e-06	5.129120099912565928e-02	1.870879900087510719e-02	5.507906300056446028e-15	1.870874103010594300e-02
5.440000000000000000e+02	7.166498898687506018e-04	6.458792505080248898e-12	1.060510918889862799e-18	1.283265272128469078e-03	3.492862279467288422e-08	2.820279777767167791e-28	3.724505102993135122e-12	2.629399070587482439e-08	2.275950716941228210e-08	6.828507302986503017e-18	4.228250525876743326e-10	7.819230076865129670e-06	5.129111080638099063e-02	1.870888919361978972e-02	5.517873856685429686e-15	1.870883150548435792e-02
5.450000000000000000e+02	7.166434416133543811e-04	6.379591382914514858e-12	1.047506374345285296e-18	1.283272322100426858e-03	3.492858769712168665e-08	2.820276943847487199e-28	3.678834117538167217e-12	2.597157576054504286e-08	2.248038073138102955e-08	6.797286686668521617e-18	4.228174436514297004e-10	7.723416044822019005e-06	5.129102171978110192e-02	1.870897828021968190e-02	5.527841403236604838e-15	1.870892087124577385e-02
5.460000000000000000e+02	7.166370724171273110e-04	6.301362965936127464e-12	1.034661544557162225e-18	1.283279285622741187e-03	3.492855302998046754e-08	2.820274144680868134e-28	3.633724017347160738e-12	2.565312015462454105e-08	2.220468328246074612e-08	6.766449605895655014e-18	4.228099280721516258e-10	7.628777057519274199e-06	5.129093372573717557e-02	1.870906627426360477e-02	5.537808939833561535e-15	1.870900914102180748e-02
5.470000000000000000e+02	7.166307813094178808e-04	6.224095271395298961e-12	1.021974462000297060e-18	1.283286163757123765e-03	3.492851878796264945e-08	2.820271379840449525e-28	3.589167893388637929e-12	2.533857512242942053e-08	2.193237255880416924e-08	6.735991333439372031e-18	4.228025047020106351e-10	7.535298680711227267e-06	5.129084681082789893e-02	1.870915318917289530e-02	5.547776466598368902e-15	1.870909632827604668e-02
5.480000000000000000e+02	7.166245673315249816e-04	6.147776465046538383e-12	1.009443183533376261e-18	1.283292957552187395e-03	3.492848496584630071e-08	2.820268648904591650e-28	3.545158922243526023e-12	2.502789250240892331e-08	2.166340682088586127e-08	6.705907200716232152e-18	4.227951724073473751e-10	7.442966658040260008e-06	5.129076096179734090e-02	1.870923903820344292e-02	5.557743983651596439e-15	1.870918244630614610e-02
5.490000000000000000e+02	7.166184295365487199e-04	6.072394859286611446e-12	9.970657900932248023e-19	1.283299668043664556e-03	3.492845155847473768e-08	2.820265951456923669e-28	3.501690365031985318e-12	2.472102472957588556e-08	2.139774484691478472e-08	6.676192597051107155e-18	4.227879300684981305e-10	7.351766908830439877e-06	5.129067616555298137e-02	1.870932383444781633e-02	5.567711491112336111e-15	1.870926750824588106e-02
5.500000000000000000e+02	7.166123669892452428e-04	5.997938911316340051e-12	9.848403863929848426e-19	1.283306296254476146e-03	3.492841856075338807e-08	2.820263287086088926e-28	3.458755566353993164e-12	2.441792482803413020e-08	2.113534592633169974e-08	6.646842968949878316e-18	4.227807765796188403e-10	7.261685525908852988e-06	5.129059240916358786e-02	1.870940759083720983e-02	5.577678989098212601e-15	1.870935152706718757e-02
5.510000000000000000e+02	7.166063787658827561e-04	5.924397221325990162e-12	9.727651006241576005e-19	1.283312843195007300e-03	3.492838596765208053e-08	2.820260655385929244e-28	3.416347953243498882e-12	2.411854640360151803e-08	2.087616985339020620e-08	6.617853819381482856e-18	4.227737108485143376e-10	7.172708773454302217e-06	5.129050967985729348e-02	1.870949032014350422e-02	5.587646477725409343e-15	1.870943451558213649e-02
5.520000000000000000e+02	7.166004639540986265e-04	5.851758530703894247e-12	9.608380841624707133e-19	1.283319309863167673e-03	3.492835377420174922e-08	2.820258055955223502e-28	3.374461034135963416e-12	2.382284363652733376e-08	2.062017692082027216e-08	6.589220707069214862e-18	4.227667317964681566e-10	7.084823084873015477e-06	5.129042796501958462e-02	1.870957203498121654e-02	5.597613957108681932e-15	1.870951648644497006e-02
5.530000000000000000e+02	7.165946216527585436e-04	5.780011720267992452e-12	9.490575112774974974e-19	1.283325697244583341e-03	3.492832197549467201e-08	2.820255488397701533e-28	3.333088397849105208e-12	2.353077127430272665e-08	2.036732791357320333e-08	6.560939245791088092e-18	4.227598383580752356e-10	6.998015060700977103e-06	5.129034725219135116e-02	1.870965274780944654e-02	5.607581427361377060e-15	1.870959745215401010e-02
5.540000000000000000e+02	7.165888509718180673e-04	5.709145808519977436e-12	9.374215788460015358e-19	1.283332006312743389e-03	3.492829056668347125e-08	2.820252952321967000e-28	3.292223712576677385e-12	2.324228462456300785e-08	2.011758410264681251e-08	6.533005103689215986e-18	4.227530294810759120e-10	6.912271466532595173e-06	5.129026752906696435e-02	1.870973247093383682e-02	5.617548888595449077e-15	1.870967742505360784e-02
5.550000000000000000e+02	7.165831510321852595e-04	5.639149949921802987e-12	9.259285060689378352e-19	1.283338238029152565e-03	3.492825954298061084e-08	2.820250447341453448e-28	3.251860724895103819e-12	2.295733954808063979e-08	1.987090723898989925e-08	6.505414002588030158e-18	4.227463041261927093e-10	6.827579230975336319e-06	5.129018878349237559e-02	1.870981121650841517e-02	5.627516340921475771e-15	1.870975641733607295e-02
5.560000000000000000e+02	7.165775209655852671e-04	5.570013433194211465e-12	9.145765341920810879e-19	1.283344393343470707e-03	3.492822889965723819e-08	2.820247973074334175e-28	3.211993258782823391e-12	2.267589245184761079e-08	1.962725954748493105e-08	6.478161717321262630e-18	4.227396612669691922e-10	6.743925443630004470e-06	5.129011100346326374e-02	1.870988899653754090e-02	5.637483784448682823e-15	1.870983444104352272e-02
5.570000000000000000e+02	7.165719599144267484e-04	5.501725679636946465e-12	9.033639262302105481e-19	1.283350473193676893e-03	3.492819863204303200e-08	2.820245529143509676e-28	3.172615214652114260e-12	2.239790028224604328e-08	1.938660372100774179e-08	6.451244075067530053e-18	4.227330998896102170e-10	6.661297353096306904e-06	5.129003417712309915e-02	1.870996582287770896e-02	5.647451219284946963e-15	1.870991150806976602e-02
5.580000000000000000e+02	7.165664670316692752e-04	5.434276241470477838e-12	8.922889666948257156e-19	1.283356478506212121e-03	3.492816873552542803e-08	2.820243115176541274e-28	3.133720568393313323e-12	2.212332051830592739e-08	1.914890291456340681e-08	6.424656954694448242e-18	4.227266189928252844e-10	6.579682365003446745e-06	5.128995829276142282e-02	1.871004170723937488e-02	5.657418645536827521e-15	1.870998763016213165e-02
5.590000000000000000e+02	7.165610414806936621e-04	5.367654800198861811e-12	8.813499613253348563e-19	1.283362410196095755e-03	3.492813920554811695e-08	2.820240730805533192e-28	3.095303370431213570e-12	2.185211116504883494e-08	1.891412073949726900e-08	6.398396286111136076e-18	4.227202175876718922e-10	6.499068040065381056e-06	5.128988333881196598e-02	1.871011666118882130e-02	5.667386063309569585e-15	1.871006281892327941e-02
5.600000000000000000e+02	7.165556824351721876e-04	5.301851164993463191e-12	8.705452368236639746e-19	1.283368269167083162e-03	3.492811003761085241e-08	2.820238375667122236e-28	3.057357744793472106e-12	2.158423074691625067e-08	1.868222125777983882e-08	6.372458049629010902e-18	4.227138946974046782e-10	6.419442092160360821e-06	5.128980930385088066e-02	1.871019069614991009e-02	5.677353472707132403e-15	1.871013708581300769e-02
5.610000000000000000e+02	7.165503890789425012e-04	5.236855271097328813e-12	8.598731405922456962e-19	1.283374056311808618e-03	3.492808122726862388e-08	2.820236049402413673e-28	3.019877888190897199e-12	2.131963830128166061e-08	1.845316897636488975e-08	6.346838275330710596e-18	4.227076493573250286e-10	6.340792386434588507e-06	5.128973617659496331e-02	1.871026382340582050e-02	5.687320873832195686e-15	1.871021044214999859e-02
5.620000000000000000e+02	7.165451606058809890e-04	5.172657178249597493e-12	8.493320404754325507e-19	1.283379772511950316e-03	3.492805277013282794e-08	2.820233751656994234e-28	2.982858069109500823e-12	2.105829337204548075e-08	1.822692884161994539e-08	6.321533042447307907e-18	4.227014806146105751e-10	6.263106937429631500e-06	5.128966394589996175e-02	1.871033605410083595e-02	5.697288266786175393e-15	1.871028289911359083e-02
5.630000000000000000e+02	7.165399962197793911e-04	5.109247069130937663e-12	8.389203245039774905e-19	1.283385418638289784e-03	3.492802466186621251e-08	2.820231482080720463e-28	2.946292626914031981e-12	2.080015600331108594e-08	1.800346623382753347e-08	6.296538478742975843e-18	4.226953875282154163e-10	6.186373907233183166e-06	5.128959260075876408e-02	1.871040739924202667e-02	5.707255651669245026e-15	1.871035446774549013e-02
5.640000000000000000e+02	7.165348951342221783e-04	5.046615247827291216e-12	8.286364006430642835e-19	1.283390995550942821e-03	3.492799689818719811e-08	2.820229240327856828e-28	2.910175970962951608e-12	2.054518673314134325e-08	1.778274696175680645e-08	6.271850759908151795e-18	4.226893691686743865e-10	6.110581603652980094e-06	5.128952213029981666e-02	1.871047786970097757e-02	5.717223028580352985e-15	1.871042515895147279e-02
5.650000000000000000e+02	7.165298565724653387e-04	4.984752138314388153e-12	8.184786965433278160e-19	1.283396504099393754e-03	3.492796947486532501e-08	2.820227026056821470e-28	2.874502579734676199e-12	2.029334658739467383e-08	1.756473725730452948e-08	6.247466108959977827e-18	4.226834246179848199e-10	6.035718478413590077e-06	5.128945252378534769e-02	1.871054747621543959e-02	5.727190397617227305e-15	1.871049498350305790e-02
5.660000000000000000e+02	7.165248797673168983e-04	4.923648282961023849e-12	8.084456592951251720e-19	1.283401945122719223e-03	3.492794238772343698e-08	2.820224838930331939e-28	2.839266999964923344e-12	2.004459707363929320e-08	1.734940377020441672e-08	6.223380795650581041e-18	4.226775529694582790e-10	5.961773125375723547e-06	5.128938377060977827e-02	1.871061622939101249e-02	5.737157758876397738e-15	1.871056395203919698e-02
5.670000000000000000e+02	7.165199639610189599e-04	4.863294341051422866e-12	7.985357551859150684e-19	1.283407319449633493e-03	3.492791563263467702e-08	2.820222678615168427e-28	2.804463845795002464e-12	1.979890017514471359e-08	1.713671356280388936e-08	6.199591135882868155e-18	4.226717533275812261e-10	5.888734278777797411e-06	5.128931586029803619e-02	1.871068413970275457e-02	5.747125112453207591e-15	1.871063207506788728e-02
5.680000000000000000e+02	7.165151084051322354e-04	4.803681087326425162e-12	7.887474694607244587e-19	1.283412627898680583e-03	3.492788920552360565e-08	2.820220544782266595e-28	2.770087797930947351e-12	1.955621834494962148e-08	1.692663410490742844e-08	6.176093491133757238e-18	4.226660248078763673e-10	5.816590811499467533e-06	5.128924878250399472e-02	1.871075121749680298e-02	5.757092458441836602e-15	1.871069936296781283e-02
5.690000000000000000e+02	7.165103123604190608e-04	4.744799410543180468e-12	7.790793060856553133e-19	1.283417871278329453e-03	3.492786310236486423e-08	2.820218437106597393e-28	2.736133602813311171e-12	1.931651450000491605e-08	1.671913326868567187e-08	6.152884267884771911e-18	4.226603665367648751e-10	5.745331733346883381e-06	5.128918252700880726e-02	1.871081747299198350e-02	5.767059796935301726e-15	1.871076582598992302e-02
5.700000000000000000e+02	7.165055750967308556e-04	4.686640312053127881e-12	7.695297875143945995e-19	1.283423050387107363e-03	3.492783731918262569e-08	2.820216355267140160e-28	2.702596071797504394e-12	1.907975201539109139e-08	1.651417932364925990e-08	6.129959917059874714e-18	4.226547776514320750e-10	5.674946189359330246e-06	5.128911708371941547e-02	1.871088291628138223e-02	5.777027128025478437e-15	1.871083147425902857e-02
5.710000000000000000e+02	7.165008958928967752e-04	4.629194904398036911e-12	7.600974544576888445e-19	1.283428166013710243e-03	3.492781185204969456e-08	2.820214298946796075e-28	2.669470080344536295e-12	1.884589471860897967e-08	1.631174093168679371e-08	6.107316933470470337e-18	4.226492572996941662e-10	5.605423458137034592e-06	5.128905244266693947e-02	1.871094755733387557e-02	5.786994451803118872e-15	1.871089631777536275e-02
5.720000000000000000e+02	7.164962740366106293e-04	4.572454409923832913e-12	7.507808656557391792e-19	1.283433218937150150e-03	3.492778669708775844e-08	2.820212267832414616e-28	2.636750567221992404e-12	1.861490688394266410e-08	1.611178714216570931e-08	6.084951855267441573e-18	4.226438046398651485e-10	5.536752950189826732e-06	5.128898859400512350e-02	1.871101140599568460e-02	5.796961768357857351e-15	1.871096036641611143e-02
5.730000000000000000e+02	7.164917088243238702e-04	4.516410159412040495e-12	7.415785976534884549e-19	1.283438209926823347e-03	3.492776185046513144e-08	2.820210261614607466e-28	2.604432533715180471e-12	1.838675322689401593e-08	1.591428738709570622e-08	6.062861263400186409e-18	4.226384188406280927e-10	5.468924206306438933e-06	5.128892552800889265e-02	1.871107447199190504e-02	5.806929077778234043e-15	1.871102362993692925e-02
5.740000000000000000e+02	7.164871995611358721e-04	4.461053590728529058e-12	7.324892445787522833e-19	1.283443139742720647e-03	3.492773730839885854e-08	2.820208279987925640e-28	2.572511042848240157e-12	1.816139889868756818e-08	1.571921147635346021e-08	6.041041781082519136e-18	4.226330990809060486e-10	5.401926895944133997e-06	5.128886323507281936e-02	1.871113676492798528e-02	5.816896380151694182e-15	1.871108611797344876e-02
5.750000000000000000e+02	7.164827455606873540e-04	4.406376247489435258e-12	7.235114179231645357e-19	1.283448009135427842e-03	3.492771306715086424e-08	2.820206322650542902e-28	2.540981218615133654e-12	1.793880948084501480e-08	1.552652959296814053e-08	6.019490073265344568e-18	4.226278445497349178e-10	5.335750815638437322e-06	5.128880170570958297e-02	1.871119829429121820e-02	5.826863675564618824e-15	1.871114784004278969e-02
5.760000000000000000e+02	7.164783461450567300e-04	4.352369777743896461e-12	7.146437463258919430e-19	1.283452818846339289e-03	3.492768912303015613e-08	2.820204389304430198e-28	2.509838245220358101e-12	1.771895097982825676e-08	1.533621228846672560e-08	5.998202846116060685e-18	4.226226544461395829e-10	5.270385887432672604e-06	5.128874093054863054e-02	1.871125906945216022e-02	5.836830964102317754e-15	1.871120880554497448e-02
5.770000000000000000e+02	7.164740006446532064e-04	4.299025932673569336e-12	7.058848753600932434e-19	1.283457569607717981e-03	3.492766547239068752e-08	2.820202479655191983e-28	2.479077366329282463e-12	1.750178982175031979e-08	1.514823047827840262e-08	5.977176846504524854e-18	4.226175279790074531e-10	5.205822157327131748e-06	5.128868090033464333e-02	1.871131909966614049e-02	5.846798245849066561e-15	1.871126902376442011e-02
5.780000000000000000e+02	7.164697083981161688e-04	4.246336565308514352e-12	6.972334673220777120e-19	1.283462262142830634e-03	3.492764211163137724e-08	2.820200593412063983e-28	2.448693884327964665e-12	1.728729284715307868e-08	1.496255543719737935e-08	5.956408861495589776e-18	4.226124643669693494e-10	5.142049793747535964e-06	5.128862160592612823e-02	1.871137839407465558e-02	5.856765520888098748e-15	1.871132850387132937e-02
5.790000000000000000e+02	7.164654687522127238e-04	4.194293629259375891e-12	6.886882010231307200e-19	1.283466897166051770e-03	3.492761903719553394e-08	2.820198730287862970e-28	2.418683159592316519e-12	1.707542730585099383e-08	1.477915879490313692e-08	5.935895717848038913e-18	4.226074628382764103e-10	5.079059086032614395e-06	5.128856303829402996e-02	1.871143696170674692e-02	5.866732789301627820e-15	1.871138725492312374e-02
5.800000000000000000e+02	7.164612810617377366e-04	4.142889177465580098e-12	6.802477715839728086e-19	1.283471475382959130e-03	3.492759624556975761e-08	2.820196889998902909e-28	2.389040609766524349e-12	1.686616085183994360e-08	1.459801253153756956e-08	5.915634281519906762e-18	4.226025226306823734e-10	5.016840442940506353e-06	5.128850518852034329e-02	1.871149481148042318e-02	5.876700051170861485e-15	1.871144528586584851e-02
5.810000000000000000e+02	7.164571446894145174e-04	4.092115360959342873e-12	6.719108902318139553e-19	1.283475997490483508e-03	3.492757373328460130e-08	2.820195072265045626e-28	2.359761709050569011e-12	1.665946153827040144e-08	1.441908897333808969e-08	5.895621457180040679e-18	4.225976429913255988e-10	4.955384391173781350e-06	5.128844804779673916e-02	1.871155195220403772e-02	5.886667306576006388e-15	1.871150260553551894e-02
5.820000000000000000e+02	7.164530590057972435e-04	4.041964427645326431e-12	6.636762840999777033e-19	1.283480464176957542e-03	3.492755149691236750e-08	2.820193276809526829e-28	2.330841987496766128e-12	1.645529781248407094e-08	1.424236078832612602e-08	5.875854187725859575e-18	4.225928231766125402e-10	4.894681573922849895e-06	5.128839160742314912e-02	1.871160839257761735e-02	5.896634555596290985e-15	1.871155922265950108e-02
5.830000000000000000e+02	7.164490233891743567e-04	3.992428721095683532e-12	6.555426960300519194e-19	1.283484876122270970e-03	3.492752953306814051e-08	2.820191503359030537e-28	2.302277030315172275e-12	1.625363851111314844e-08	1.406780098205022213e-08	5.856329453807240157e-18	4.225880624521036455e-10	4.834722749427494031e-06	5.128833585880657187e-02	1.871166414119419114e-02	5.906601798309965543e-15	1.871161514585784405e-02
5.840000000000000000e+02	7.164450372254735876e-04	3.943500679360334263e-12	6.475088843765400824e-19	1.283489233997968425e-03	3.492750783840882025e-08	2.820189751643625862e-28	2.274062477187769855e-12	1.605445285524140575e-08	1.389538289338299944e-08	5.837044273356389719e-18	4.225833600923995678e-10	4.775498789556321083e-06	5.128828079345958829e-02	1.871171920654116777e-02	5.916569034794324233e-15	1.871167038364460189e-02
5.850000000000000000e+02	7.164410999081675209e-04	3.895172833792236286e-12	6.395736228139746813e-19	1.283493538467305600e-03	3.492748640963140837e-08	2.820188021396614989e-28	2.246194021591288100e-12	1.585771044562621962e-08	1.372508019037126983e-08	5.817995701123706274e-18	4.225787153810300129e-10	4.717000678403872115e-06	5.128822640299916108e-02	1.871177359700159845e-02	5.926536265125710646e-15	1.871172494442914502e-02
5.860000000000000000e+02	7.164372108381794873e-04	3.847437807887498290e-12	6.317357001464685503e-19	1.283497790185413176e-03	3.492746524347444420e-08	2.820186312354651113e-28	2.218667410128587484e-12	1.566338125798097204e-08	1.355686686613866926e-08	5.799180828219478870e-18	4.225741276103416567e-10	4.659219510905236019e-06	5.128817267914532324e-02	1.871182732085543976e-02	5.936503489379533573e-15	1.871177883651746823e-02
5.870000000000000000e+02	7.164333694237934660e-04	3.800288316140124195e-12	6.239939201196672626e-19	1.283501989799358404e-03	3.492744433671601956e-08	2.820184624257584183e-28	2.191478441868459333e-12	1.547143563831680915e-08	1.339071723484015235e-08	5.780596781661414231e-18	4.225695960813912834e-10	4.602146491467882084e-06	5.128811961371986666e-02	1.871188038628089287e-02	5.946470707630276473e-15	1.871183206811345007e-02
5.880000000000000000e+02	7.164295750805627951e-04	3.753717162911180518e-12	6.163471012350710903e-19	1.283506137948267622e-03	3.492742368617424193e-08	2.820182956848496775e-28	2.164622967693752979e-12	1.528184429834309019e-08	1.322660592766753715e-08	5.762240723927843353e-18	4.225651201038363909e-10	4.545772932620500148e-06	5.128806719864516944e-02	1.871193280135559009e-02	5.956437919951508514e-15	1.871188464732009837e-02
5.890000000000000000e+02	7.164258272312193148e-04	3.707717241312230983e-12	6.087940765666983187e-19	1.283510235263394346e-03	3.492740328870573898e-08	2.820181309873581227e-28	2.138096889657712914e-12	1.509457831092577550e-08	1.306450788890554607e-08	5.744109852516613439e-18	4.225606989958291054e-10	4.490090253678679761e-06	5.128801542594284973e-02	1.871198457405791674e-02	5.966405126415897984e-15	1.871193658214084440e-02
5.900000000000000000e+02	7.164221253055867407e-04	3.662281532102827550e-12	6.013336935800566907e-19	1.283514282368265411e-03	3.492738314120668418e-08	2.820179683082219906e-28	2.111896160348422573e-12	1.490960910560293630e-08	1.290439837203764798e-08	5.726201399509516504e-18	4.225563320839117490e-10	4.435089979427138672e-06	5.128796428773262778e-02	1.871203571226813175e-02	5.976372327095218604e-15	1.871198788048072242e-02
5.910000000000000000e+02	7.164184687404923004e-04	3.617403102601897513e-12	5.939648139533989077e-19	1.283518279878718710e-03	3.492736324061058668e-08	2.820178076226813013e-28	2.086016782261256966e-12	1.472690846415683046e-08	1.274625293590110104e-08	5.708512631142240005e-18	4.225520187029126156e-10	4.380763738818393083e-06	5.128791377623106301e-02	1.871208622376967570e-02	5.986339522060366882e-15	1.871203855014759443e-02
5.920000000000000000e+02	7.164148569796804315e-04	3.573075105612843292e-12	5.866863134012253061e-19	1.283522228403031562e-03	3.492734358388882059e-08	2.820176489062817151e-28	2.060454807179228283e-12	1.454644851624149683e-08	1.259004744089047992e-08	5.691040847379731639e-18	4.225477581958439173e-10	4.327103263687557097e-06	5.128786388375043692e-02	1.871213611625032608e-02	5.996306711381367632e-15	1.871208859885338527e-02
5.930000000000000000e+02	7.164112894737275630e-04	3.529290778362155009e-12	5.794970815000101156e-19	1.283526128542024792e-03	3.492732416805047951e-08	2.820174921348733663e-28	2.035206335561131533e-12	1.436820173506552930e-08	1.243575804520911493e-08	5.673783381496930561e-18	4.225435499137995759e-10	4.274100387483151939e-06	5.128781460269742770e-02	1.871218539730335265e-02	6.006273895127386603e-15	1.871213803421521021e-02
5.940000000000000000e+02	7.164077656799589574e-04	3.486043441451397683e-12	5.723960215161200040e-19	1.283529980889108702e-03	3.492730499014059634e-08	2.820173372845965591e-28	2.010267515937390893e-12	1.419214093312901454e-08	1.228336120116782934e-08	5.656737599664780269e-18	4.225393932158576154e-10	4.221747044013667444e-06	5.128776592557206249e-02	1.871223407442871786e-02	6.016241073366743881e-15	1.871218686375658580e-02
5.950000000000000000e+02	7.164042850623636004e-04	3.443326497822355383e-12	5.653820502358943821e-19	1.283533786030429660e-03	3.492728604724124847e-08	2.820171843318906906e-28	1.985634544313484369e-12	1.401823925801402474e-08	1.213283365153027017e-08	5.639900900541458444e-18	4.225352874689782641e-10	4.170035266209689481e-06	5.128771784496655856e-02	1.871228215503421485e-02	6.026208246166918628e-15	1.871223509490857126e-02
5.960000000000000000e+02	7.164008470915133198e-04	3.401133431735207093e-12	5.584540977978667643e-19	1.283537544544915195e-03	3.492726733646982396e-08	2.820170332534809780e-28	1.961303663580889414e-12	1.384647018822806816e-08	1.198415242590435095e-08	5.623270714868760583e-18	4.225312320479088284e-10	4.118957184901433196e-06	5.128767035356414372e-02	1.871232964643662622e-02	6.036175413594563280e-15	1.871228273501090653e-02
5.970000000000000000e+02	7.163974512444824458e-04	3.359457807759561049e-12	5.516111075270944455e-19	1.283541257004393917e-03	3.492724885497949801e-08	2.820168840263803419e-28	1.937271162935428347e-12	1.367680752909978265e-08	1.183729483717916297e-08	5.606844505073577334e-18	4.225272263350878435e-10	4.068505027611445781e-06	5.128762344413797386e-02	1.871237655586280649e-02	6.046142575715510645e-15	1.871232979131314672e-02
5.980000000000000000e+02	7.163940970047657369e-04	3.318293269778133862e-12	5.448520357715680858e-19	1.283544923973659047e-03	3.492723059995822050e-08	2.820167366278833528e-28	1.913533377302908141e-12	1.350922540872605843e-08	1.169223847800674949e-08	5.590619764874374617e-18	4.225232697205476211e-10	4.018671117362298333e-06	5.128757710954996718e-02	1.871242289045080970e-02	6.056109732594792051e-15	1.871237627097575851e-02
5.990000000000000000e+02	7.163907838622009683e-04	3.277633540002976299e-12	5.381758517406769360e-19	1.283548546010573150e-03	3.492721256862854392e-08	2.820165910355637646e-28	1.890086686771986330e-12	1.334369827397013989e-08	1.154896121732814071e-08	5.574594018892638034e-18	4.225193616018226909e-10	3.969447871499095706e-06	5.128753134274977726e-02	1.871246865725100308e-02	6.066076884296637341e-15	1.871242218107123031e-02
6.000000000000000000e+02	7.163875113128904352e-04	3.237472418004047393e-12	5.315815373457069790e-19	1.283552123666142951e-03	3.492719475824708738e-08	2.820164472272704341e-28	1.866927516034156411e-12	1.318020088650989264e-08	1.140744119694317475e-08	5.558764822269213752e-18	4.225155013838566393e-10	3.920827800526585829e-06	5.128748613677365509e-02	1.871251386322710444e-02	6.076044030884488287e-15	1.871246752858515827e-02
6.010000000000000000e+02	7.163842788591233239e-04	3.197803779749958373e-12	5.250680870423321201e-19	1.283555657484608883e-03	3.492717716610421232e-08	2.820163051811248098e-28	1.844052333830747305e-12	1.301870831893561870e-08	1.126765682812340976e-08	5.543129760285456517e-18	4.225116884789097755e-10	3.872803506960706691e-06	5.128744148474342901e-02	1.871255851525731664e-02	6.086011172421009632e-15	1.871251232041732174e-02
6.020000000000000000e+02	7.163810860092999265e-04	3.158621576660799567e-12	5.186345076750928397e-19	1.283559148003530961e-03	3.492715978952371155e-08	2.820161648755176588e-28	1.821457652406881974e-12	1.285919595089687220e-08	1.112958678826764577e-08	5.527686447989158590e-18	4.225079223064699509e-10	3.825367684194402450e-06	5.128739737986543618e-02	1.871260262013531295e-02	6.095978308968094615e-15	1.871255656338272760e-02
6.030000000000000000e+02	7.163779322778566138e-04	3.119919834672823697e-12	5.122798183238210953e-19	1.283562595753851010e-03	3.492714262586174376e-08	2.820160262891020262e-28	1.799140026972275613e-12	1.270163946529759558e-08	1.099321001759957316e-08	5.512432529825181806e-18	4.225042022931622414e-10	3.778513115377496057e-06	5.128735381542942617e-02	1.871264618457131254e-02	6.105945440586883110e-15	1.871260026421264766e-02
6.040000000000000000e+02	7.163748171851903749e-04	3.081692653314878123e-12	5.060030501519916350e-19	1.283566001260001525e-03	3.492712567250729680e-08	2.820158894007950740e-28	1.777096055168799124e-12	1.254601484453890322e-08	1.085850571590683315e-08	5.497365679270714177e-18	4.225005278726611113e-10	3.732232672310475229e-06	5.128731078480763816e-02	1.871268921519311443e-02	6.115912567337760843e-15	1.871264342955568372e-02
6.050000000000000000e+02	7.163717402575873680e-04	3.043934204796405103e-12	4.998032462569772845e-19	1.283569365039999560e-03	3.492710892688208181e-08	2.820157541897787982e-28	1.755322376544713744e-12	1.239229836680898936e-08	1.072545333932113784e-08	5.482483598475150262e-18	4.224968984856042829e-10	3.686519314351974965e-06	5.128726828145365596e-02	1.871273171854708622e-02	6.125879689280374375e-15	1.871268606597876680e-02
6.060000000000000000e+02	7.163687010271486532e-04	3.006638733106882014e-12	4.936794615221789355e-19	1.283572687605459301e-03	3.492709238643834277e-08	2.820156206354818684e-28	1.733815672035498487e-12	1.224046660241944267e-08	1.059403259713873684e-08	5.467784017904441249e-18	4.224933135795056759e-10	3.641366087339829931e-06	5.128722629890152679e-02	1.871277370109921193e-02	6.135846806473640572e-15	1.871272817996815982e-02
6.070000000000000000e+02	7.163656990317195019e-04	2.969800553126547676e-12	4.876307624710094331e-19	1.283575969461726949e-03	3.492707604866004113e-08	2.820154887175883267e-28	1.712572663451178908e-12	1.209049641018753539e-08	1.046422344868091776e-08	5.453264695989949382e-18	4.224897726086707246e-10	3.596766122525502365e-06	5.128718483076472046e-02	1.871281516923603214e-02	6.145813918975750548e-15	1.871276977793046026e-02
6.080000000000000000e+02	7.163627338148182734e-04	2.933414049748278230e-12	4.816562271227104678e-19	1.283579211107953571e-03	3.492705991106226013e-08	2.820153584160342696e-28	1.691590112970087720e-12	1.194236493386379243e-08	1.033600610019386897e-08	5.438923418781702771e-18	4.224862750341126261e-10	3.552712635521722403e-06	5.128714387073508157e-02	1.871285612926565020e-02	6.155781026844183074e-15	1.871281086619356118e-02
6.090000000000000000e+02	7.163598049255670260e-04	2.897473677010451445e-12	4.757549448499702116e-19	1.283582413037145627e-03	3.492704397119022552e-08	2.820152297109987003e-28	1.670864822638951851e-12	1.179604959860420830e-08	1.020936100178742967e-08	5.424757999605992009e-18	4.224828203234704493e-10	3.509198925263157911e-06	5.128710341258203159e-02	1.871289658741871406e-02	6.165748130135714837e-15	1.871285145100764699e-02
6.100000000000000000e+02	7.163569119186224531e-04	2.861973957240680286e-12	4.699260162383280250e-19	1.283585575736274041e-03	3.492702822661976869e-08	2.820151025829077885e-28	1.650393633879247370e-12	1.165152810748670336e-08	1.008426884441228578e-08	5.410766278727277789e-18	4.224794079509258480e-10	3.466218372979994775e-06	5.128706345015142387e-02	1.871293654984932178e-02	6.175715228906422014e-15	1.871289153854614751e-02
6.110000000000000000e+02	7.163540543541076873e-04	2.826909480210261860e-12	4.641685529473385964e-19	1.283588699686326025e-03	3.492701267495632089e-08	2.820149770124269337e-28	1.630173426999734847e-12	1.150877843807112619e-08	9.960710556875093666e-09	5.396946123014320940e-18	4.224760373971237554e-10	3.423764441184221424e-06	5.128702397736472490e-02	1.871297602263602422e-02	6.185682323211696051e-15	1.871293113490667820e-02
6.120000000000000000e+02	7.163512317975442118e-04	2.792274902299201198e-12	4.584816775734704789e-19	1.283591785362362975e-03	3.492699731383426469e-08	2.820148529804551150e-28	1.610201120715079005e-12	1.136777883900223945e-08	9.838667302890960951e-09	5.383295425610515598e-18	4.224727081490915267e-10	3.381830672668460030e-06	5.128698498821804286e-02	1.871301501178270627e-02	6.195649413106248396e-15	1.871297024611195611e-02
6.130000000000000000e+02	7.163484438197871345e-04	2.758064945671704434e-12	4.528645235147263109e-19	1.283594833233651445e-03	3.492698214091793319e-08	2.820147304681335007e-28	1.590473671670514113e-12	1.122850782665526271e-08	9.718120478172950354e-09	5.369812105608351587e-18	4.224694197001604089e-10	3.340410689517235531e-06	5.128694647678123247e-02	1.871305352321952706e-02	6.205616498644119177e-15	1.871300887811076785e-02
6.140000000000000000e+02	7.163456899969585087e-04	2.724274397461967723e-12	4.473162348369513080e-19	1.283597843763653818e-03	3.492696715389922118e-08	2.820146094568250904e-28	1.570988073972433726e-12	1.109094418182331015e-08	9.599051707558032368e-09	5.356494107727940497e-18	4.224661715498888196e-10	3.299498192130465657e-06	5.128690843719692360e-02	1.871309156280383593e-02	6.215583579878686666e-15	1.871304703677881612e-02
6.150000000000000000e+02	7.163429699103821728e-04	2.690898108970158900e-12	4.418359661418167355e-19	1.283600817410176414e-03	3.492695235049929238e-08	2.820144899281296916e-28	1.551741358724860764e-12	1.095506694644624034e-08	9.481442842169043468e-09	5.343339401999592385e-18	4.224629632039840755e-10	3.259086958259056317e-06	5.128687086367971631e-02	1.871312913632103975e-02	6.225550656862675961e-15	1.871308472791968075e-02
6.160000000000000000e+02	7.163402831465207586e-04	2.657930994868441622e-12	4.364228824364517844e-19	1.283603754625388133e-03	3.492693772846677956e-08	2.820143718638692124e-28	1.532730593571707452e-12	1.082085542038034226e-08	9.365275956612178342e-09	5.330345983450352965e-18	4.224597941742277388e-10	3.219170842052431687e-06	5.128683375051522331e-02	1.871316624948553622e-02	6.235517729648162925e-15	1.871312195726567915e-02
6.170000000000000000e+02	7.163376292969121564e-04	2.625368032416936592e-12	4.310761590047071920e-19	1.283606655855905028e-03	3.492692328557791681e-08	2.820142552460873918e-28	1.513952882244757462e-12	1.068828915820844228e-08	9.250533346209610835e-09	5.317511871794479694e-18	4.224566639784004475e-10	3.179743773117872779e-06	5.128679709205920256e-02	1.871320290794155003e-02	6.245484798286586022e-15	1.871315873047873363e-02
6.180000000000000000e+02	7.163350079581066315e-04	2.593204260689480902e-12	4.257949812800273023e-19	1.283609521542886794e-03	3.492690901963690357e-08	2.820141400570551809e-28	1.495405364117296158e-12	1.055734796608980516e-08	9.137197524266712536e-09	5.304835111127771273e-18	4.224535721402069519e-10	3.140799755591493825e-06	5.128676088273675243e-02	1.871323911726399669e-02	6.255451862828754205e-15	1.871319505315126308e-02
6.190000000000000000e+02	7.163324187316046998e-04	2.561434779809046986e-12	4.205785447199091894e-19	1.283612352122044577e-03	3.492689492847400540e-08	2.820140262792527617e-28	1.477085213763313795e-12	1.042801189864937582e-08	9.025251219373538164e-09	5.292313769625737446e-18	4.224505181892043052e-10	3.102332867220709083e-06	5.128672511704136794e-02	1.871327488295936037e-02	6.265418923324851650e-15	1.871323093080701216e-02
6.200000000000000000e+02	7.163298612237982551e-04	2.530054750192722606e-12	4.154260546819308840e-19	1.283615148023762404e-03	3.492688100994672523e-08	2.820139138953808915e-28	1.458989640522216670e-12	1.030026125590585383e-08	8.914677372739987120e-09	5.279945939245550554e-18	4.224475016607290717e-10	3.064337258458074023e-06	5.128668978953420526e-02	1.871331021046652651e-02	6.275385979824448798e-15	1.871326636890192213e-02
6.210000000000000000e+02	7.163273350459085529e-04	2.499059391806126277e-12	4.103367263013283844e-19	1.283617909673141419e-03	3.492686726193886376e-08	2.820138028883525182e-28	1.441115888068971491e-12	1.017407658023813594e-08	8.805459135564379834e-09	5.267729735431711828e-18	4.224445220958267060e-10	3.026807151566332765e-06	5.128665489484314499e-02	1.871334510515758678e-02	6.285353032376508668e-15	1.871330137282495309e-02
6.220000000000000000e+02	7.163248398139274468e-04	2.468443983427113934e-12	4.053097843700996418e-19	1.283620637490047369e-03	3.492685368235959956e-08	2.820136932412856497e-28	1.423461233989615503e-12	1.004943865338956072e-08	8.697579866434904609e-09	5.255663296825405444e-18	4.224415790411801569e-10	2.989736839734538347e-06	5.128662042766202883e-02	1.871337957233870294e-02	6.295320081029392378e-15	1.871333594789890975e-02
6.230000000000000000e+02	7.163223751485586245e-04	2.438203861918687979e-12	4.003444632176186179e-19	1.283623331889215558e-03	3.492684026914455451e-08	2.820135849375112019e-28	1.406022989362061520e-12	9.926328493509548339e-09	8.591023128763532963e-09	5.243744784977480271e-18	4.224386720490416254e-10	2.953120686205103115e-06	5.128658638274982001e-02	1.871341361725090136e-02	6.305287125830870189e-15	1.871337009938124629e-02
6.240000000000000000e+02	7.163199406751599285e-04	2.408334421510979063e-12	3.954400065927387138e-19	1.283625993280282720e-03	3.492682702025433136e-08	2.820134779605627743e-28	1.388798498342137436e-12	9.804727352232149258e-09	8.485772688252057702e-09	5.231972384065036949e-18	4.224358006771627192e-10	2.916953123411666566e-06	5.128655275492986082e-02	1.871344724507086055e-02	6.315254166828124659e-15	1.871340383246488867e-02
6.250000000000000000e+02	7.163175360236855678e-04	2.378831113092185899e-12	3.905956675473683299e-19	1.283628622067848821e-03	3.492681393367432181e-08	2.820133722941732424e-28	1.371785137754788970e-12	9.684616711791013559e-09	8.381812510389752454e-09	5.220344300611523248e-18	4.224329644887271931e-10	2.881228652127608696e-06	5.128651953908899136e-02	1.871348046091173695e-02	6.325221204067759326e-15	1.871343715227901869e-02
6.260000000000000000e+02	7.163151608286303903e-04	2.349689443508354350e-12	3.858107083214969416e-19	1.283631218651563790e-03	3.492680100741512339e-08	2.820132679222795555e-28	1.354980316690375538e-12	9.565978282170321207e-09	8.279126757982335022e-09	5.208858763210367742e-18	4.224301630522847221e-10	2.845941840625107651e-06	5.128648673017682097e-02	1.871351326982390387e-02	6.335188237595812900e-15	1.871347006388985809e-02
6.270000000000000000e+02	7.163128147289730702e-04	2.320904974871895229e-12	3.810844002296557028e-19	1.283633783426160486e-03	3.492678823951136159e-08	2.820131648290122439e-28	1.338381476106005346e-12	9.448793998291213220e-09	8.177699788711736603e-09	5.197514022252025464e-18	4.224273959416832285e-10	2.811087323844580719e-06	5.128645432320495801e-02	1.871354567679575295e-02	6.345155267457750591e-15	1.871350257230143879e-02
6.280000000000000000e+02	7.163104973681224405e-04	2.292473323878720860e-12	3.764160235487935118e-19	1.283636316781526683e-03	3.492677562802174276e-08	2.820130629986968538e-28	1.321986088431835790e-12	9.333046017233303567e-09	8.077516152726407205e-09	5.186308349654466348e-18	4.224246627360054469e-10	2.776659802574410847e-06	5.128642231324626044e-02	1.871357768675445746e-02	6.355122293698486983e-15	1.871353468245638349e-02
6.290000000000000000e+02	7.163082083938614392e-04	2.264390161133894154e-12	3.718048674075522175e-19	1.283638819102785088e-03	3.492676317102933210e-08	2.820129624158549787e-28	1.305791657182282209e-12	9.218716715490798657e-09	7.978560590261637790e-09	5.175240038596994764e-18	4.224219630195028534e-10	2.742654042640811298e-06	5.128639069543401013e-02	1.871360930456670776e-02	6.365089316362383669e-15	1.871356639923665161e-02
6.300000000000000000e+02	7.163059474582939836e-04	2.236651210485684406e-12	3.672502296769199729e-19	1.283641290770314372e-03	3.492675086664021685e-08	2.820128630651943494e-28	1.289795716572074816e-12	9.105788686262804198e-09	7.880818029289672503e-09	5.164307403257434808e-18	4.224192963815330066e-10	2.709064874107698425e-06	5.128635946496123976e-02	1.871364053503947814e-02	6.375056335493256350e-15	1.871359772746427133e-02
6.310000000000000000e+02	7.163037142177922784e-04	2.209252248367913469e-12	3.627514168622461724e-19	1.283643732159837642e-03	3.492673871298405565e-08	2.820127649316133629e-28	1.273995831137087868e-12	8.994244736777336361e-09	7.784273583199022034e-09	5.153508778552532661e-18	4.224166624164956997e-10	2.675887190486456513e-06	5.128632861707999036e-02	1.871367138292072754e-02	6.385023351134387458e-15	1.871362867190210985e-02
6.320000000000000000e+02	7.163015083329437975e-04	2.182189103150501843e-12	3.583077439966050221e-19	1.283646143642451932e-03	3.492672670821301963e-08	2.820126680001917106e-28	1.258389595359904327e-12	8.884067885648711327e-09	7.688912548502862297e-09	5.142842519881666159e-18	4.224140607237719041e-10	2.643115947955472310e-06	5.128629814710054108e-02	1.871370185290016294e-02	6.394990363328528521e-15	1.871365923725458111e-02
6.330000000000000000e+02	7.162993294684992431e-04	2.155457654498103605e-12	3.539185345354844385e-19	1.283648525584708648e-03	3.492671485050217633e-08	2.820125722561941898e-28	1.242974633300034823e-12	8.775241360267768956e-09	7.594720402575894747e-09	5.132307002873702877e-18	4.224114909076617826e-10	2.610746164589315560e-06	5.128626805039075004e-02	1.871373194960994010e-02	6.404957372117903318e-15	1.871368942816835010e-02
6.340000000000000000e+02	7.162971772933227803e-04	2.129053832736724361e-12	3.495831202527876130e-19	1.283650878348674505e-03	3.492670313804931754e-08	2.820124776850689549e-28	1.227748598228743870e-12	8.667748594224657580e-09	7.501682801419517777e-09	5.121900623137035983e-18	4.224089525773245638e-10	2.578772919597438493e-06	5.128623832237533264e-02	1.871376167762536791e-02	6.414924377544221293e-15	1.871371924923307881e-02
6.350000000000000000e+02	7.162950514803398871e-04	2.102973618228224873e-12	3.453008411381282719e-19	1.283653202291952337e-03	3.492669156907376166e-08	2.820123842724381458e-28	1.212709172268418707e-12	8.561573224763614148e-09	7.409785577454831913e-09	5.111621796012730872e-18	4.224064453467183127e-10	2.547191352572285014e-06	5.128620895853509831e-02	1.871379104146560224e-02	6.424891379648681495e-15	1.871374870498210274e-02
6.360000000000000000e+02	7.162929517064876980e-04	2.077213040752611825e-12	3.410710452954048495e-19	1.283655497767778250e-03	3.492668014181723371e-08	2.820122920041047478e-28	1.197854066036427050e-12	8.456699090269397263e-09	7.319014737343106585e-09	5.101468956330740952e-18	4.224039688345406326e-10	2.515996662746681664e-06	5.128617995440633986e-02	1.871382004559436069e-02	6.434858378471976524e-15	1.871377779989312137e-02
6.370000000000000000e+02	7.162908776526664316e-04	2.051768178898011904e-12	3.368930888426371573e-19	1.283657765125032890e-03	3.492666885454246912e-08	2.820122008660412030e-28	1.183181018293407808e-12	8.353110227785078643e-09	7.229356459833476851e-09	5.091440558169177954e-18	4.224015226641708140e-10	2.485184108260410005e-06	5.128615130558013269e-02	1.871384869442056786e-02	6.444825374054297266e-15	1.871380653838888505e-02
6.380000000000000000e+02	7.162888290036904934e-04	2.026635159458246427e-12	3.327663358130497553e-19	1.283660004708350733e-03	3.492665770553435851e-08	2.820121108443993194e-28	1.168687795595936416e-12	8.250790870560615611e-09	7.140797093637439119e-09	5.081535074616572827e-18	4.223991064636121903e-10	2.454749005435839293e-06	5.128612300770164084e-02	1.871387699229907359e-02	6.454792366435348669e-15	1.871383492483789240e-02
6.390000000000000000e+02	7.162868054482399030e-04	2.001810156837890569e-12	3.286901580573848369e-19	1.283662216858098837e-03	3.492664669309787648e-08	2.820120219254923795e-28	1.154372191953511043e-12	8.149725445631968073e-09	7.053323155329786045e-09	5.071750997537094101e-18	4.223967198654349591e-10	2.424686728062490257e-06	5.128609505646945094e-02	1.871390494353128084e-02	6.464759355654343430e-15	1.871386296355503215e-02
6.400000000000000000e+02	7.162848066788131320e-04	1.977289392464734804e-12	3.246639351474300389e-19	1.283664401910477454e-03	3.492663581555897488e-08	2.820119340958037496e-28	1.140232028489800725e-12	8.049898571430237180e-09	6.966921327275740725e-09	5.062086837338695187e-18	4.223943625067199339e-10	2.394992706690451657e-06	5.128606744763491293e-02	1.871393255236580150e-02	6.474726341750016986e-15	1.871389065880224925e-02
6.410000000000000000e+02	7.162828323916802659e-04	1.953069134209545987e-12	3.206870542807464425e-19	1.283666560197600044e-03	3.492662507126511892e-08	2.820118473419901987e-28	1.126265153108105336e-12	7.951295055420584149e-09	6.881578455583817846e-09	5.052541122744146732e-18	4.223920340290028128e-10	2.365662427932497551e-06	5.128604017700156420e-02	1.871395982299915370e-02	6.484693324760624358e-15	1.871391801478920411e-02
6.420000000000000000e+02	7.162808822868360582e-04	1.929145695813058173e-12	3.167589101865813107e-19	1.283668692047452509e-03	3.492661445858265997e-08	2.820117616508606877e-28	1.112469440160980136e-12	7.853899891770461055e-09	6.797281548084282789e-09	5.043112400564927822e-18	4.223897340782204635e-10	2.336691433774850234e-06	5.128601324042436627e-02	1.871398675957634469e-02	6.494660304723959872e-15	1.871394503567391093e-02
6.430000000000000000e+02	7.162789560679554786e-04	1.905515436320076469e-12	3.128789050329503458e-19	1.283670797784032189e-03	3.492660397589890023e-08	2.820116770093937682e-28	1.098842790123963098e-12	7.757698259046847540e-09	6.714017772332665184e-09	5.033799235477908242e-18	4.223874623046554502e-10	2.308075320896426214e-06	5.128598663380917744e-02	1.871401336619154393e-02	6.504627281677350848e-15	1.871397172556335878e-02
6.440000000000000000e+02	7.162770534423470916e-04	1.882174759520611523e-12	3.090464483348741096e-19	1.283672877727343956e-03	3.492659362162042515e-08	2.820115934047237269e-28	1.085383129273351513e-12	7.662675517942031868e-09	6.631774453638197912e-09	5.024600209804835659e-18	4.223852183628829912e-10	2.279809739996499571e-06	5.128596035311205198e-02	1.871403964688867980e-02	6.514594255657667067e-15	1.871399808851415339e-02
6.450000000000000000e+02	7.162751741209090386e-04	1.859120113397962234e-12	3.052609568637547854e-19	1.283674932193487389e-03	3.492658339417392398e-08	2.820115108241468625e-28	1.072088409367990896e-12	7.568817209027699759e-09	6.550539073116719973e-09	5.015513923294558399e-18	4.223830019117184324e-10	2.251890395130652695e-06	5.128593439433866419e-02	1.871406560566206759e-02	6.524561226701325504e-15	1.871402412853314171e-02
6.460000000000000000e+02	7.162733178180851271e-04	1.836347989583653418e-12	3.015218545578792255e-19	1.283676961494663706e-03	3.492657329200483978e-08	2.820114292551111731e-28	1.058956607335006128e-12	7.476109050536856194e-09	6.470299265767833107e-09	5.006538992907948374e-18	4.223808126141648251e-10	2.224313043054927139e-06	5.128590875354369777e-02	1.871409124645703054e-02	6.534528194844297428e-15	1.871404984957800513e-02
6.470000000000000000e+02	7.162714842518208124e-04	1.813854922819145995e-12	2.978285724340340290e-19	1.283678965939257736e-03	3.492656331357799152e-08	2.820113486852206602e-28	1.045985724959445355e-12	7.384536936173342789e-09	6.391042818575976354e-09	4.997674052605497973e-18	4.223786501373611753e-10	2.197073492578072968e-06	5.128588342683024215e-02	1.871411657317048963e-02	6.544495160122114711e-15	1.871407525555788057e-02
6.480000000000000000e+02	7.162696731435205886e-04	1.791637490424237745e-12	2.941805485002175342e-19	1.283680945831873260e-03	3.492655345737703801e-08	2.820112691022321009e-28	1.033173788577775842e-12	7.294086932948531367e-09	6.312757668635107514e-09	4.988917753137587833e-18	4.223765141525319857e-10	2.170167603921778414e-06	5.128585841034915410e-02	1.871414158965156033e-02	6.554462122569872197e-15	1.871410035033394675e-02
6.490000000000000000e+02	7.162678842180055959e-04	1.769692311772052614e-12	2.905772276694361570e-19	1.283682901473351444e-03	3.492654372190361107e-08	2.820111904940469755e-28	1.020518848775178682e-12	7.204745279044842995e-09	6.235431901296686291e-09	4.980268761837318406e-18	4.223744043349371079e-10	2.143591288088804899e-06	5.128583370029855815e-02	1.871416629970216322e-02	6.564429082222233224e-15	1.871412513772003489e-02
6.500000000000000000e+02	7.162661172034709032e-04	1.748016047770560638e-12	2.870180616745713060e-19	1.283684833160890102e-03	3.492653410567888382e-08	2.820111128487245172e-28	1.008018980086608433e-12	7.116498381705810415e-09	6.159053748340705988e-09	4.971725762415941531e-18	4.223723203638212845e-10	2.117340506238907140e-06	5.128580929292318735e-02	1.871419070707754095e-02	6.574396039113443031e-15	1.871414962148317679e-02
6.510000000000000000e+02	7.162643718314448509e-04	1.726605400350520027e-12	2.835025089843009849e-19	1.283686741188021360e-03	3.492652460724168470e-08	2.820110361544667794e-28	9.956722807015572834e-13	7.029332815152290145e-09	6.083611586169402369e-09	4.963287454760835006e-18	4.223702619223659140e-10	2.091411269072450654e-06	5.128578518451382129e-02	1.871421481548690702e-02	6.584362993277318509e-15	1.871417380534419125e-02
6.520000000000000000e+02	7.162626478367478504e-04	1.705457111959788289e-12	2.800300347200685710e-19	1.283688625844653071e-03	3.492651522514804754e-08	2.820109603996143761e-28	9.834768721724866190e-13	6.943235318524546299e-09	6.009093934023456037e-09	4.954952554735976245e-18	4.223682286976404540e-10	2.065799636221640715e-06	5.128576137140675867e-02	1.871423862859395229e-02	6.594329944747268706e-15	1.871419769297827385e-02
6.530000000000000000e+02	7.162609449574516189e-04	1.684567965063903859e-12	2.766001105740785476e-19	1.283690487417177457e-03	3.492650595797281294e-08	2.820108855726602925e-28	9.714308991268768818e-13	6.858192793849883541e-09	5.935489452220354983e-09	4.946719793984909632e-18	4.223662203805539276e-10	2.040501715649256857e-06	5.128573784998324836e-02	1.871426215001746607e-02	6.604296893556289306e-15	1.871422128801552079e-02
6.540000000000000000e+02	7.162592629348399310e-04	1.663934781652860276e-12	2.732122147283118243e-19	1.283692326188441181e-03	3.492649680430741805e-08	2.820108116622310074e-28	9.595325289828462710e-13	6.774192304035437078e-09	5.862786940414603802e-09	4.938587919736139003e-18	4.223642366658088082e-10	2.015513663054792999e-06	5.128571461666889958e-02	1.871428538333180791e-02	6.614263839736973676e-15	1.871424459404152918e-02
6.550000000000000000e+02	7.162576015133687198e-04	1.643554422754004434e-12	2.698658317745446590e-19	1.283694142437844226e-03	3.492648776276112079e-08	2.820107386570971204e-28	9.477799516682980854e-13	6.691221070885883955e-09	5.790975335879557064e-09	4.930555694610969139e-18	4.223622772518537154e-10	1.990831681287929478e-06	5.128569166793316148e-02	1.871430833206753908e-02	6.624230783321515229e-15	1.871426761459790006e-02
6.560000000000000000e+02	7.162559604406271542e-04	1.623423787950970881e-12	2.665604526353594333e-19	1.283695936441344235e-03	3.492647883195984181e-08	2.820106665461637554e-28	9.361713793435518765e-13	6.609266473145727399e-09	5.720043711810608004e-09	4.922621896433691505e-18	4.223603418408374540e-10	1.966452019769235778e-06	5.128566900028880271e-02	1.871433099971189090e-02	6.634197724341711371e-15	1.871429035318279699e-02
6.570000000000000000e+02	7.162543394672991502e-04	1.603539814908581866e-12	2.632955744861354386e-19	1.283697708471528715e-03	3.492647001054674022e-08	2.820105953184753146e-28	9.247050461274087361e-13	6.528316044565814255e-09	5.649981275649379337e-09	4.914785318044172779e-18	4.223584301385633647e-10	1.942370973918004439e-06	5.128564661029134941e-02	1.871435338970932685e-02	6.644164662828972964e-15	1.871431281325148729e-02
6.580000000000000000e+02	7.162527383471256398e-04	1.583899478903648322e-12	2.600707006780073925e-19	1.283699458797641930e-03	3.492646129718159152e-08	2.820105249632102312e-28	9.133792078266222396e-13	6.448357471993881180e-09	5.580777367428797889e-09	4.907044767112722137e-18	4.223565418544446562e-10	1.918584884587155986e-06	5.128562449453859251e-02	1.871437550546208722e-02	6.654131598814322754e-15	1.871433499821685900e-02
6.590000000000000000e+02	7.162511568368670582e-04	1.564499792361575454e-12	2.568853406617780621e-19	1.283701187685612217e-03	3.492645269054015895e-08	2.820104554696759477e-28	9.021921416687142620e-13	6.369378593488723473e-09	5.512421458138655196e-09	4.899399065957302786e-18	4.223546767014600990e-10	1.895090137505095889e-06	5.128560264967002569e-02	1.871439735033066792e-02	6.664098532328405619e-15	1.871435691144994820e-02
6.600000000000000000e+02	7.162495946962658304e-04	1.545337804398719002e-12	2.537390099127745918e-19	1.283702895398121813e-03	3.492644418931494128e-08	2.820103868273152834e-28	8.911421460381066844e-13	6.291367396457725955e-09	5.444903148111448906e-09	4.891847051362973716e-18	4.223528343961100300e-10	1.871883162724458531e-06	5.128558107236632496e-02	1.871441892763435477e-02	6.674065463401491731e-15	1.871437855628042823e-02
6.610000000000000000e+02	7.162480516880097249e-04	1.526410600370409599e-12	2.506312298566360193e-19	1.283704582194611192e-03	3.492643579221384269e-08	2.820103190256953582e-28	8.802275402155193137e-13	6.214312015817480472e-09	5.378212165428269255e-09	4.884387574403592503e-18	4.223510146583723570e-10	1.848960434077635063e-06	5.128555975934896011e-02	1.871444024065173004e-02	6.684032392063478917e-15	1.871439993599718216e-02
6.620000000000000000e+02	7.162465275776962919e-04	1.507715301424581997e-12	2.475615277960206152e-19	1.283706248331376639e-03	3.492642749796164846e-08	2.820102520545195206e-28	8.694466641206009954e-13	6.138200732177191386e-09	5.312338364344451854e-09	4.877019500265722139e-18	4.223492172116612510e-10	1.826318468639024379e-06	5.128553870737951464e-02	1.871446129262116162e-02	6.693999318343895820e-15	1.871442105384870172e-02
6.630000000000000000e+02	7.162450221337968680e-04	1.489249064060931826e-12	2.445294368382206723e-19	1.283707894061539680e-03	3.492641930529788753e-08	2.820101859036103081e-28	8.587978780577441404e-13	6.063021970044575423e-09	5.247271723734753580e-09	4.869741708074721099e-18	4.223474417827837193e-10	1.803953826193900253e-06	5.128551791325935277e-02	1.871448208674132349e-02	6.703966242271913725e-15	1.871444191304368759e-02
6.640000000000000000e+02	7.162435351276205805e-04	1.471009079695534449e-12	2.415344958236749719e-19	1.283709519635126226e-03	3.492641121297778545e-08	2.820101205629166215e-28	8.482795624650547960e-13	5.988764296053974626e-09	5.183002345557816683e-09	4.862553090722995072e-18	4.223456881018975746e-10	1.781863108713828169e-06	5.128549737382903650e-02	1.871450262617165017e-02	6.713933163876344201e-15	1.871446251675147610e-02
6.650000000000000000e+02	7.162420663332811710e-04	1.452992574230859480e-12	2.385762492553661173e-19	1.283711125299102787e-03	3.492640321977198637e-08	2.820100560225126042e-28	8.378901176664228265e-13	5.915416417216424335e-09	5.119520453339660511e-09	4.855452554700383393e-18	4.223439559024725056e-10	1.760042959838538441e-06	5.128547708596784688e-02	1.871452291403282939e-02	6.723900083185650926e-15	1.871448286810253880e-02
6.660000000000000000e+02	7.162406155276612165e-04	1.435196807631101784e-12	2.356542472290920481e-19	1.283712711297398590e-03	3.492639532446595093e-08	2.820099922725910503e-28	8.276279636266688796e-13	5.842967179191357733e-09	5.056816390675982506e-09	4.848439019926627018e-18	4.223422449212469087e-10	1.738490064364194434e-06	5.128545704659337456e-02	1.871454295340730517e-02	6.733867000227937860e-15	1.871450297018895786e-02
6.670000000000000000e+02	7.162391824903778688e-04	1.417619073502786171e-12	2.327680453646023446e-19	1.283714277870970409e-03	3.492638752586050547e-08	2.820099293034696376e-28	8.174915397097219906e-13	5.771405564579740158e-09	4.994880619753021130e-09	4.841511419585931912e-18	4.223405548981884415e-10	1.717201147737955303e-06	5.128543725266097864e-02	1.871456274733969763e-02	6.743833915030975272e-15	1.871452282606490825e-02
6.680000000000000000e+02	7.162377670037508703e-04	1.400256698680545996e-12	2.299172047375844928e-19	1.283715825257784144e-03	3.492637982277025386e-08	2.820098671055770268e-28	8.074793044397857214e-13	5.700720691238296521e-09	4.933703719886736702e-09	4.834668699963572384e-18	4.223388855764550941e-10	1.696172975558760391e-06	5.128541770116337717e-02	1.871458229883731297e-02	6.753800827622186334e-15	1.871454243874711570e-02
6.690000000000000000e+02	7.162363688527675345e-04	1.383107042818044988e-12	2.271012918124951523e-19	1.283717353692925400e-03	3.492637221402527153e-08	2.820098056694666276e-28	7.975897352654683965e-13	5.630901810614620075e-09	4.873276386080115770e-09	4.827909820284538215e-18	4.223372367023548119e-10	1.675402353084276436e-06	5.128539838913011989e-02	1.871460161087056678e-02	6.763767738028663685e-15	1.871456181121530435e-02
6.700000000000000000e+02	7.162349878250516295e-04	1.366167497983960105e-12	2.243198783762214990e-19	1.283718863408587346e-03	3.492636469846977541e-08	2.820097449858063753e-28	7.878213283268282615e-13	5.561938306102888724e-09	4.813589427598340095e-09	4.821233752554144697e-18	4.223356080253082210e-10	1.654886124743908896e-06	5.128537931362722735e-02	1.871462068637345585e-02	6.773734646277164698e-15	1.871458094641266154e-02
6.710000000000000000e+02	7.162336237108300925e-04	1.349435488262955343e-12	2.215725414725626774e-19	1.283720354634109969e-03	3.492635727496191216e-08	2.820096850453760848e-28	7.781725982252988305e-13	5.493819691419892768e-09	4.754633766561601057e-09	4.814639481400658734e-18	4.223339992978085098e-10	1.634621173657805392e-06	5.128536047175667051e-02	1.871463952824402310e-02	6.783701552394117003e-15	1.871459984724629932e-02
6.720000000000000000e+02	7.162322763029011548e-04	1.332908469361601862e-12	2.188588633375233691e-19	1.283721827596017145e-03	3.492634994237371181e-08	2.820096258390685266e-28	7.686420777964676628e-13	5.426535609001184627e-09	4.696400436555340271e-09	4.808126003919841629e-18	4.223324102753855501e-10	1.614604421161792625e-06	5.128534186065595440e-02	1.871465813934474962e-02	6.793668456405629528e-15	1.871461851658767425e-02
6.730000000000000000e+02	7.162309453966026829e-04	1.316583928219173761e-12	2.161784313354078988e-19	1.283723282518074542e-03	3.492634269959161060e-08	2.820095673578918938e-28	7.592283178856597989e-13	5.360075828417054444e-09	4.638880581257711278e-09	4.801692329521430895e-18	4.223308407165670716e-10	1.594832826338156545e-06	5.128532347749766018e-02	1.871467652250303343e-02	6.803635358337486981e-15	1.871463695727305226e-02
6.740000000000000000e+02	7.162296307897818206e-04	1.300459382623258091e-12	2.135308378957043558e-19	1.283724719621291786e-03	3.492633554551525316e-08	2.820095095929618642e-28	7.499298871263026316e-13	5.294430244808104895e-09	4.582065453084039801e-09	4.795337479777533365e-18	4.223292903828432477e-10	1.575303385552203517e-06	5.128530531948907040e-02	1.871469468051160934e-02	6.813602258215161681e-15	1.871465517210390075e-02
6.750000000000000000e+02	7.162283322827630054e-04	1.284532380830113490e-12	2.109156804507492716e-19	1.283726139123967346e-03	3.492632847905778374e-08	2.820094525355025878e-28	7.407453717210265724e-13	5.229588877340139845e-09	4.525946411848059217e-09	4.789060488272863334e-18	4.223277590386289041e-10	1.556013131994520545e-06	5.128528738387170410e-02	1.871471261612898257e-02	6.823569156063811192e-15	1.871467316384737081e-02
6.760000000000000000e+02	7.162270496783189116e-04	1.268800501189734816e-12	2.083325613741644749e-19	1.283727541241713689e-03	3.492632149914539615e-08	2.820093961768435469e-28	7.316733752254771776e-13	5.165541867678204716e-09	4.470514923439703708e-09	4.782860400456871974e-18	4.223262464512283633e-10	1.536959135228877784e-06	5.128526966792087971e-02	1.871473033207981390e-02	6.833536051908286208e-15	1.871469093523665805e-02
6.770000000000000000e+02	7.162257827816386835e-04	1.253261351775547653e-12	2.057810879200537977e-19	1.283728926187535343e-03	3.492631460471839263e-08	2.820093405084284806e-28	7.227125183347995563e-13	5.102279478479454309e-09	4.415762558519296959e-09	4.776736273497679409e-18	4.223247523907998246e-10	1.518138500745694586e-06	5.128525216894532640e-02	1.871474783105537068e-02	6.843502945773130560e-15	1.871470848897146752e-02
6.780000000000000000e+02	7.162245314003001795e-04	1.237912570018686439e-12	2.032608721629536151e-19	1.283730294171790947e-03	3.492630779472914563e-08	2.820092855217983890e-28	7.138614386727618408e-13	5.039792091904685134e-09	4.361680991227887418e-09	4.770687176137837204e-18	4.223232766303205702e-10	1.499548369521000665e-06	5.128523488428677474e-02	1.871476511571393275e-02	6.853469837682591465e-15	1.871472582771839532e-02
6.790000000000000000e+02	7.162232953442391808e-04	1.222751822346785125e-12	2.007715309385228458e-19	1.283731645402270668e-03	3.492630106814310366e-08	2.820092312086000085e-28	7.051187905834851026e-13	4.978070208148222878e-09	4.308261997913539874e-09	4.764712188551843443e-18	4.223218189455513969e-10	1.481185917580822300e-06	5.128521781131953339e-02	1.871478218868117410e-02	6.863436727660617163e-15	1.871474295411135191e-02
6.800000000000000000e+02	7.162220744257213109e-04	1.207776803827246453e-12	1.983126857849692589e-19	1.283732980084226118e-03	3.492629442393867219e-08	2.820091775605841978e-28	6.964832449257489200e-13	4.917104443986011150e-09	4.255497455873376554e-09	4.758810402205462791e-18	4.223203791150039425e-10	1.463048355570937453e-06	5.128520094745012137e-02	1.871479905255060000e-02	6.873403615730860859e-15	1.871475987075195760e-02
6.810000000000000000e+02	7.162208684593133036e-04	1.192985237814910068e-12	1.958839628851982224e-19	1.283734298420388361e-03	3.492628786110665117e-08	2.820091245696025746e-28	6.879534888698394739e-13	4.856885531341642604e-09	4.203379342111207258e-09	4.752980919716749848e-18	4.223189569199052717e-10	1.445132928331920400e-06	5.128518429011682395e-02	1.871481570988390436e-02	6.883370501916687035e-15	1.871477658020993806e-02
6.820000000000000000e+02	7.162196772618538388e-04	1.178374875604083320e-12	1.934849930096765001e-19	1.283735600611005849e-03	3.492628137865026150e-08	2.820090722276067530e-28	6.795282256969076619e-13	4.797404315870088423e-09	4.151899732110502881e-09	4.747222854718810466e-18	4.223175521441654614e-10	1.427436914479420600e-06	5.128516783678933877e-02	1.871483216321140342e-02	6.893337386241176973e-15	1.871479308502351641e-02
6.830000000000000000e+02	7.162185006524273041e-04	1.163943496084861857e-12	1.911154114600023121e-19	1.283736886853859829e-03	3.492627497558456929e-08	2.820090205266437701e-28	6.712061746008059259e-13	4.738651755558933416e-09	4.101050798622550994e-09	4.741535331724257878e-18	4.223161645743444096e-10	1.409957625989595549e-06	5.128515158496838033e-02	1.871484841503235491e-02	6.903304268727124019e-15	1.871480938769979480e-02
6.840000000000000000e+02	7.162173384523351722e-04	1.149688905403710926e-12	1.887748580131731348e-19	1.283738157344326350e-03	3.492626865093729984e-08	2.820089694588630811e-28	6.629860704923730987e-13	4.680618919346896715e-09	4.050824810469608218e-09	4.735917485991343618e-18	4.223147939996197829e-10	1.392692407789658438e-06	5.128513553218532611e-02	1.871486446781540913e-02	6.913271149397046208e-15	1.871482549071514997e-02
6.850000000000000000e+02	7.162161904850687872e-04	1.135608936628228211e-12	1.864629768665414918e-19	1.283739412275360873e-03	3.492626240374736191e-08	2.820089190165048108e-28	6.548666638061414188e-13	4.623296985759417211e-09	4.001214131362842587e-09	4.730368463391743973e-18	4.223134402117538250e-10	1.375638637353456771e-06	5.128511967600178634e-02	1.871488032399895238e-02	6.923238028273183106e-15	1.871484139651560102e-02
6.860000000000000000e+02	7.162150565762834525e-04	1.121701449416055507e-12	1.841794165834513442e-19	1.283740651837568742e-03	3.492625623306584699e-08	2.820088691919064797e-28	6.468467203094249221e-13	4.566677241561082033e-09	3.952211218734879779e-09	4.724887420279978851e-18	4.223121030050630101e-10	1.358793724302025812e-06	5.128510401400928481e-02	1.871489598599145390e-02	6.933204905377502124e-15	1.871485710751718406e-02
6.870000000000000000e+02	7.162139365537701328e-04	1.107964329687874596e-12	1.819238300395448248e-19	1.283741876219236409e-03	3.492625013795594989e-08	2.820088199775046636e-28	6.389250209137692144e-13	4.510751080424692945e-09	3.903808622586806816e-09	4.719473523364446118e-18	4.223107821763850591e-10	1.342155110009055674e-06	5.128508854382882176e-02	1.871491145617190308e-02	6.943171780731705614e-15	1.871487262610630267e-02
6.880000000000000000e+02	7.162128302474311684e-04	1.094395489304447535e-12	1.796958743697338754e-19	1.283743085606313438e-03	3.492624411749157903e-08	2.820087713658210472e-28	6.311003614887297101e-13	4.455510001616774606e-09	3.855998984349400785e-09	4.714125949580054461e-18	4.223094775250494190e-10	1.325720267211215081e-06	5.128507326311063791e-02	1.871492673689009734e-02	6.953138654357226137e-15	1.871488795464014768e-02
6.890000000000000000e+02	7.162117374892529526e-04	1.080992865747641198e-12	1.774952109158251121e-19	1.283744280182489697e-03	3.492623817075848808e-08	2.820087233494740387e-28	6.233715526779499616e-13	4.400945608699319567e-09	3.808775035758446932e-09	4.708843885962418559e-18	4.223081888528453655e-10	1.309486699623268493e-06	5.128505816953370100e-02	1.871494183046703078e-02	6.963105526275234353e-15	1.871490309544697125e-02
6.900000000000000000e+02	7.162106581132811041e-04	1.067754421805396666e-12	1.753215051747934151e-19	1.283745460129185386e-03	3.492623229685317083e-08	2.820086759211682766e-28	6.157374197175100909e-13	4.347049608247549957e-09	3.762129597743959996e-09	4.703626529523625049e-18	4.223069159639930511e-10	1.293451941557923905e-06	5.128504326080546294e-02	1.871495673919526537e-02	6.973072396506639811e-15	1.871491805082651019e-02
6.910000000000000000e+02	7.162095919555950966e-04	1.054678145260580881e-12	1.731744267476919425e-19	1.283746625625619125e-03	3.492622649488376113e-08	2.820086290737023422e-28	6.081968022565177564e-13	4.293813808583518856e-09	3.716055579333121039e-09	4.698473087129524593e-18	4.223056586651127446e-10	1.277613557550358178e-06	5.128502853466147815e-02	1.871497146533925016e-02	6.983039265072098832e-15	1.871493282305029468e-02
6.920000000000000000e+02	7.162085388542832132e-04	1.041762048583683188e-12	1.710536492891945957e-19	1.283747776848801229e-03	3.492622076396903370e-08	2.820085827999610024e-28	6.007485541799135858e-13	4.241230118525310636e-09	3.670545976566759350e-09	4.693382775378543894e-18	4.223044167651965520e-10	1.261969141987358696e-06	5.128501398886503582e-02	1.871498601113567514e-02	6.993006131992014516e-15	1.871494741436205769e-02
6.930000000000000000e+02	7.162074986494176105e-04	1.029004168629304474e-12	1.689588504577599815e-19	1.283748913973572743e-03	3.492621510323852322e-08	2.820085370929157927e-28	5.933915434334644161e-13	4.189290546151717857e-09	3.625593871429236330e-09	4.688354820481969891e-18	4.223031900755767764e-10	1.246516318741029267e-06	5.128499962120686845e-02	1.871500037879383904e-02	7.002972997286538313e-15	1.871496182697796745e-02
6.940000000000000000e+02	7.162064711830307909e-04	1.016402566336401335e-12	1.668897118664129491e-19	1.283750037172629943e-03	3.492620951183245816e-08	2.820084919456243889e-28	5.861246518509196032e-13	4.137987197582156481e-09	3.581192430791552275e-09	4.683388458145770073e-18	4.223019784099005342e-10	1.231252740806998627e-06	5.128498542950477718e-02	1.871501457049592684e-02	7.012939860975574762e-15	1.871497606308708192e-02
6.950000000000000000e+02	7.162054562990908830e-04	1.003955326432213574e-12	1.648459190341305545e-19	1.283751146616557079e-03	3.492620398890164167e-08	2.820084473512302489e-28	5.789467749832935448e-13	4.087312275771609299e-09	3.537334905367486213e-09	4.678482933453808713e-18	4.223007815840987876e-10	1.216176089947076514e-06	5.128497141160329870e-02	1.871502858839740532e-02	7.022906723078787011e-15	1.871499012485159513e-02
6.960000000000000000e+02	7.162044538434776805e-04	9.916605571398615112e-13	1.628271613378302407e-19	1.283752242473845890e-03	3.492619853360731261e-08	2.820084033029606393e-28	5.718568219302616950e-13	4.037258079320468545e-09	3.494014628682641422e-09	4.673637500752542978e-18	4.222995994163590990e-10	1.201284076336305415e-06	5.128495756537340688e-02	1.871504243462731101e-02	7.032873583615598392e-15	1.871500401440721537e-02
6.970000000000000000e+02	7.162034636639600911e-04	9.795163898895397900e-13	1.608331319649492048e-19	1.283753324910927480e-03	3.492619314512100658e-08	2.820083597941263666e-28	5.648537151736327081e-13	3.987817001299036966e-09	3.451225016056210904e-09	4.668851423537136533e-18	4.222984317270986446e-10	1.186574438214350180e-06	5.128494388871213117e-02	1.871505611128857632e-02	7.042840442605187692e-15	1.871501773386347392e-02
6.980000000000000000e+02	7.162024856101725009e-04	9.675209790332808252e-13	1.588635278666095619e-19	1.283754394092174273e-03	3.492618782262400006e-08	2.820083168181166652e-28	5.579363904128758126e-13	3.938981528086540961e-09	3.408959563595326767e-09	4.664123974338974445e-18	4.222972783389358833e-10	1.172044941541175102e-06	5.128493037954233447e-02	1.871506962045838343e-02	7.052807300066504927e-15	1.871503128530404778e-02
6.990000000000000000e+02	7.162015195335916804e-04	9.556725015632382085e-13	1.569180497113612868e-19	1.283755450179982190e-03	3.492618256530856112e-08	2.820082743684095558e-28	5.511037964026800874e-13	3.890744238224478751e-09	3.367211847201822696e-09	4.659454434614559365e-18	4.222961390766632597e-10	1.157693379656955115e-06	5.128491703581228300e-02	1.871508296418842796e-02	7.062774156018265823e-15	1.871504467078705797e-02
7.000000000000000000e+02	7.162005652875139084e-04	9.439691568334440328e-13	1.549964018394955456e-19	1.283756493334724464e-03	3.492617737237601708e-08	2.820082324385561955e-28	5.443548947925140383e-13	3.843097801284082733e-09	3.325975521591250265e-09	4.654842094635797467e-18	4.222950137672219752e-10	1.143517572946167505e-06	5.128490385549541036e-02	1.871509614450529366e-02	7.072741010478954179e-15	1.871505789234543041e-02
7.010000000000000000e+02	7.161996227270337216e-04	9.324091662849957031e-13	1.530982922179221062e-19	1.283757523714798695e-03	3.492617224303713839e-08	2.820081910221842860e-28	5.376886599681666912e-13	3.796034976747773599e-09	3.285244319324017180e-09	4.650286253381636376e-18	4.222939022396742255e-10	1.129515368505808899e-06	5.128489083659000525e-02	1.871510916341070224e-02	7.082707863466832914e-15	1.871507095198714915e-02
7.020000000000000000e+02	7.161986917090212542e-04	9.209907731746336625e-13	1.512234323956020198e-19	1.283758541476702313e-03	3.492616717651360765e-08	2.820081501130089254e-28	5.311040788952389010e-13	3.749548612904376253e-09	3.245012049848456353e-09	4.645786218431016598e-18	4.222928043251778170e-10	1.115684639817693885e-06	5.128487797711887147e-02	1.871512202288184643e-02	7.092674714999938544e-15	1.871508385169562416e-02
7.030000000000000000e+02	7.161977720921003376e-04	9.097122423066704527e-13	1.493715374595315752e-19	1.283759546774988118e-03	3.492616217203574984e-08	2.820081097048159714e-28	5.246001509645708411e-13	3.703631645758004063e-09	3.205272598555736072e-09	4.641341305857174940e-18	4.222917198569607820e-10	1.102023286424785725e-06	5.128486527512902265e-02	1.871513472487170218e-02	7.102641565096085914e-15	1.871509659342991336e-02
7.040000000000000000e+02	7.161968637366270332e-04	8.985718597682242554e-13	1.475423259912686434e-19	1.283760539762333029e-03	3.492615722884394845e-08	2.820080697914713689e-28	5.181758878395713419e-13	3.658277097950356676e-09	3.166019925846418113e-09	4.636950840123230600e-18	4.222906486702950647e-10	1.088529233611496475e-06	5.128485272869144629e-02	1.871514727130928896e-02	7.112608413772868990e-15	1.871510917912510077e-02
7.050000000000000000e+02	7.161959665046687068e-04	8.875679326677112747e-13	1.457355200239939011e-19	1.283761520589516607e-03	3.492615234618713012e-08	2.820080303669111951e-28	5.118303133054294882e-13	3.613478077696319307e-09	3.127248066208531445e-09	4.632614153979067804e-18	4.222895906024717055e-10	1.075200432087925168e-06	5.128484033590073599e-02	1.871515966409998538e-02	7.122575261047675843e-15	1.871512161069254637e-02
7.060000000000000000e+02	7.161950802599824535e-04	8.766987888765717179e-13	1.439508450001032974e-19	1.283762489405491751e-03	3.492614752332396896e-08	2.820079914251493720e-28	5.055624631201888893e-13	3.569227777732690625e-09	3.088951127307024219e-09	4.628330588359491854e-18	4.222885454927763353e-10	1.062034857677971608e-06	5.128482809487487637e-02	1.871517190512586234e-02	7.132542106937672087e-15	1.871513389002016706e-02
7.070000000000000000e+02	7.161942048679953649e-04	8.659627767741717171e-13	1.421880297293218223e-19	1.283763446357382961e-03	3.492614275952216527e-08	2.820079529602730029e-28	4.993713848676524081e-13	3.525519474279846922e-09	3.051123289084443907e-09	4.624099492283645512e-18	4.222875131824652401e-10	1.049030511011278526e-06	5.128481600375485450e-02	1.871518399624587728e-02	7.142508951459816654e-15	1.871514601897277322e-02
7.080000000000000000e+02	7.161933401957826283e-04	8.553582649958544343e-13	1.404468063473343867e-19	1.283764391590498698e-03	3.492613805405803529e-08	2.820079149664390096e-28	4.932561378121040221e-13	3.482346526016218890e-09	3.013758802872704561e-09	4.619920222755644882e-18	4.222864935147396136e-10	1.036185417218971848e-06	5.128480406070451414e-02	1.871519593929622458e-02	7.152475794630858637e-15	1.871515799939230118e-02
7.090000000000000000e+02	7.161924861120488785e-04	8.448836421841002623e-13	1.387269102749269061e-19	1.283765325248380391e-03	3.492613340621714644e-08	2.820078774378785714e-28	4.872157927548229766e-13	3.439702373065417647e-09	2.976851990515841086e-09	4.615792144666474082e-18	4.222854863347230179e-10	1.023497625633130645e-06	5.128479226391013945e-02	1.871520773609060273e-02	7.162442636467343607e-15	1.871516983309813240e-02
7.100000000000000000e+02	7.161916424871066222e-04	8.345373167427447277e-13	1.370280801776304364e-19	1.283766247472801353e-03	3.492612881529352321e-08	2.820078403688914303e-28	4.812494318923603414e-13	3.397580535995820997e-09	2.940397243503536729e-09	4.611714630697060118e-18	4.222844914894374975e-10	1.010965209489951641e-06	5.128478061158026069e-02	1.871521938842047802e-02	7.172409476985621494e-15	1.871518152188732936e-02
7.110000000000000000e+02	7.161908091928581317e-04	8.243177165942350084e-13	1.353500579258628984e-19	1.283767158403806025e-03	3.492612428059011705e-08	2.820078037538492544e-28	4.753561486765681763e-13	3.355974614832497503e-09	2.904389022115370813e-09	4.607687061222555711e-18	4.222835088277801088e-10	9.985862656365620955e-07	5.128476910194538357e-02	1.871523089805535514e-02	7.182376316201824503e-15	1.871519306753495482e-02
7.120000000000000000e+02	7.161899861027749533e-04	8.142232889398744812e-13	1.336925885555621548e-19	1.283768058179718440e-03	3.492611980141827032e-08	2.820077675871915118e-28	4.695350476763510143e-13	3.314878288081317828e-09	2.868821854575608076e-09	4.603708824217814652e-18	4.222825382004997070e-10	9.863589142414353370e-07	5.128475773325764236e-02	1.871524226674307553e-02	7.192343154131906557e-15	1.871520447179432153e-02
7.130000000000000000e+02	7.161891730918787174e-04	8.042525000230150084e-13	1.320554202293035549e-19	1.283768946937166285e-03	3.492611537709772954e-08	2.820077318634256955e-28	4.637852444411181529e-13	3.274285311765042815e-09	2.833690336218398068e-09	4.599779315163995760e-18	4.222815794601748710e-10	9.742812985083578975e-07	5.128474650379066108e-02	1.871525349621004988e-02	7.202309990791611743e-15	1.871521573639723518e-02
7.140000000000000000e+02	7.161883700367224900e-04	7.944038348951815147e-13	1.304383041978977825e-19	1.283769824811117552e-03	3.492611100695697625e-08	2.820076965771298344e-28	4.581058653659236295e-13	3.234189518471351107e-09	2.798989128663273773e-09	4.595897936956361674e-18	4.222806324611907936e-10	9.623515843939232734e-07	5.128473541183916490e-02	1.871526458816153565e-02	7.212276826196499553e-15	1.871522686305428229e-02
7.150000000000000000e+02	7.161875768153715821e-04	7.846757971850645347e-13	1.288409947624605319e-19	1.283770691934865357e-03	3.492610669033214839e-08	2.820076617229431657e-28	4.524960475582646463e-13	3.194584816412549024e-09	2.764712959000832421e-09	4.592064099813191622e-18	4.222796970597173616e-10	9.505679603284839093e-07	5.128472445571880672e-02	1.871527554428189383e-02	7.222243660361932264e-15	1.871523785345511823e-02
7.160000000000000000e+02	7.161867933073853354e-04	7.750669088703690175e-13	1.272632492369508841e-19	1.283771548440076730e-03	3.492610242656773508e-08	2.820076272955731758e-28	4.469549387065215840e-13	3.155465188496882070e-09	2.730856618988423516e-09	4.588277221185811979e-18	4.222787731136874939e-10	9.389286369405407585e-07	5.128471363376586184e-02	1.871528636623484218e-02	7.232210493303093871e-15	1.871524870926866493e-02
7.170000000000000000e+02	7.161860193937991245e-04	7.655757100524643572e-13	1.257048279111696179e-19	1.283772394456816467e-03	3.492609821501650390e-08	2.820075932897937165e-28	4.414816969500173885e-13	3.116824691411269389e-09	2.697414964255772559e-09	4.584536725669753125e-18	4.222778604827755830e-10	9.274318467845086940e-07	5.128470294433698506e-02	1.871529705566371896e-02	7.242177325034972731e-15	1.871525943214339197e-02
7.180000000000000000e+02	7.161852549571052747e-04	7.562007587338176761e-13	1.241654940142146652e-19	1.283773230113542576e-03	3.492609405503878616e-08	2.820075597004399379e-28	4.360754907506789645e-13	3.078657454715345780e-09	2.664382913520377489e-09	4.580842044916982501e-18	4.222769590283755232e-10	9.160758440718356401e-07	5.128469238580897482e-02	1.871530761419172226e-02	7.252144155572380496e-15	1.871527002370759751e-02
7.190000000000000000e+02	7.161844998812356066e-04	7.469406305981644176e-13	1.226450136783855248e-19	1.283774055537150295e-03	3.492608994600315850e-08	2.820075265224134453e-28	4.307354987662787640e-13	3.040957679946663205e-09	2.631755447812593472e-09	4.577192617549233147e-18	4.222760686135791521e-10	9.048589044054175092e-07	5.128468195657853723e-02	1.871531804342216332e-02	7.262110984929941071e-15	1.871528048556960269e-02
7.200000000000000000e+02	7.161837540515447395e-04	7.377939187933900962e-13	1.211431559035336974e-19	1.283774870852954532e-03	3.492608588728514587e-08	2.820074937506719410e-28	4.254609097252380421e-13	3.003719639736906617e-09	2.599527609710255920e-09	4.573587889072401499e-18	4.222751891031575871e-10	8.937793245172790866e-07	5.128467165506199466e-02	1.871532834493870590e-02	7.272077813122103230e-15	1.871529081931802563e-02
7.210000000000000000e+02	7.161830173547913342e-04	7.287592337170811991e-13	1.196596925218504746e-19	1.283775676184767487e-03	3.492608187826882959e-08	2.820074613802422279e-28	4.202509223029696160e-13	2.966937676938979781e-09	2.567694502582727160e-09	4.570027311791985976e-18	4.222743203635385303e-10	8.828354220094738511e-07	5.128466147969507755e-02	1.871533852030560219e-02	7.282044640163135891e-15	1.871530102652203126e-02
7.220000000000000000e+02	7.161822896791219389e-04	7.198352028047204005e-13	1.181943981630895554e-19	1.283776471654867867e-03	3.492607791834537827e-08	2.820074294062084163e-28	4.151047449997464447e-13	2.930606203764865930e-09	2.536251289844274525e-09	4.566510344729574031e-18	4.222734622627870357e-10	8.720255350981689581e-07	5.128465142893273709e-02	1.871534857106795999e-02	7.292011466067143886e-15	1.871531110873154644e-02
7.230000000000000000e+02	7.161815709140521239e-04	7.110204703204896362e-13	1.167470502202177492e-19	1.283777257384040782e-03	3.492607400691362350e-08	2.820073978237161843e-28	4.100215960200720487e-13	2.894719700934081315e-09	2.505193194216635119e-09	4.563036453540369212e-18	4.222726146705842617e-10	8.613480223608718674e-07	5.128464150124877052e-02	1.871535849875191962e-02	7.301978290848042722e-15	1.871532106747750626e-02
7.240000000000000000e+02	7.161808609504526036e-04	7.023136971506464046e-13	1.153174288154878650e-19	1.283778033491584465e-03	3.492607014337946432e-08	2.820073666279689209e-28	4.050007031535358055e-13	2.859272716832611604e-09	2.474515497000657227e-09	4.559605110431718928e-18	4.222717774582094279e-10	8.508012624867585942e-07	5.128463169513572395e-02	1.871536830486495578e-02	7.311945114519588554e-15	1.871533090427209348e-02
7.250000000000000000e+02	7.161801596805303718e-04	6.937135605994480508e-13	1.139053167669303240e-19	1.283778800095343887e-03	3.492606632715636349e-08	2.820073358142304614e-28	4.000413036571367636e-13	2.824259866682215337e-09	2.444213537356938566e-09	4.556215794082645248e-18	4.222709504985188253e-10	8.403836540300722424e-07	5.128462200910461483e-02	1.871537799089606144e-02	7.321911937095365569e-15	1.871534062060896050e-02
7.260000000000000000e+02	7.161794669978127637e-04	6.852187541875845520e-13	1.125104995552565826e-19	1.283779557311725715e-03	3.492606255766511592e-08	2.820073053778240114e-28	3.951426441390545682e-13	2.789675831719942649e-09	2.414282711595298396e-09	4.552867989564391045e-18	4.222701336659266880e-10	8.300936151665494691e-07	5.128461244168470295e-02	1.871538755831598025e-02	7.331878758588790712e-15	1.871535021796346884e-02
7.270000000000000000e+02	7.161787827971311925e-04	6.768279874530952689e-13	1.111327652911701792e-19	1.283780305255693326e-03	3.492605883433314719e-08	2.820072753141264519e-28	3.903039804438518470e-13	2.755515358387755940e-09	2.384718472473012799e-09	4.549561188261898291e-18	4.222693268363860646e-10	8.199295834528328465e-07	5.128460299142326151e-02	1.871539700857743557e-02	7.341845579013118424e-15	1.871535969779287989e-02
7.280000000000000000e+02	7.161781069746067305e-04	6.685399857547347251e-13	1.097719046830803000e-19	1.283781044040805622e-03	3.492605515659497677e-08	2.820072456185719265e-28	3.855245775390890237e-13	2.721773257532118064e-09	2.355516328501693984e-09	4.546294887796312490e-18	4.222685298873708267e-10	8.098900155888425443e-07	5.128459365688533417e-02	1.871540634311536291e-02	7.351812398381442218e-15	1.871536906153661167e-02
7.290000000000000000e+02	7.161774394276316765e-04	6.603534900777600501e-13	1.084277110052125682e-19	1.283781773779234161e-03	3.492605152389218496e-08	2.820072162866514827e-28	3.808037094033358067e-13	2.688444403613441343e-09	2.326671843262699897e-09	4.543068591948390752e-18	4.222677426978557138e-10	7.999733871830646652e-07	5.128458443665359634e-02	1.871541556334710074e-02	7.361779216706696258e-15	1.871537831061646090e-02
7.300000000000000000e+02	7.161767800548563294e-04	6.522672568421084819e-13	1.070999800661126624e-19	1.283782494581771610e-03	3.492604793567310848e-08	2.820071873139106955e-28	3.761406589155596617e-13	2.655523733925262571e-09	2.298180634730976519e-09	4.539881810582875918e-18	4.222669651482989617e-10	7.901781925207204444e-07	5.128457532932805679e-02	1.871542467067263682e-02	7.371746034001645891e-15	1.871538744643678337e-02
7.310000000000000000e+02	7.161761287561722910e-04	6.442800577129332231e-13	1.057885101775368906e-19	1.283783206557883140e-03	3.492604439139358158e-08	2.820071586959557653e-28	3.715347177458756204e-13	2.623006247823010416e-09	2.270038374607224091e-09	4.536734059573811310e-18	4.222661971206238985e-10	7.805029443347809511e-07	5.128456633352589111e-02	1.871543366647479209e-02	7.381712850278908158e-15	1.871539647038474030e-02
7.320000000000000000e+02	7.161754854326971790e-04	6.363906794134754357e-13	1.044931021237264218e-19	1.283783909815646796e-03	3.492604089051488470e-08	2.820071304284368825e-28	3.669851862476417197e-13	2.590887005962289120e-09	2.242240787658283023e-09	4.533624860730741402e-18	4.222654384982000740e-10	7.709461735797948919e-07	5.128455744788121967e-02	1.871544255211947741e-02	7.391679665550954951e-15	1.871540538383049262e-02
7.330000000000000000e+02	7.161748499867599902e-04	6.285979235402338027e-13	1.032135591310586256e-19	1.283784604461827216e-03	3.492603743250518040e-08	2.820071025070597063e-28	3.624913733508802337e-13	2.559161129546509344e-09	2.214783651065644378e-09	4.530553741725856978e-18	4.222646891658261995e-10	7.615064292084927767e-07	5.128454867104487863e-02	1.871545132895581845e-02	7.401646479830086188e-15	1.871541418812742649e-02
7.340000000000000000e+02	7.161742223218866806e-04	6.209006063804149962e-13	1.019496868380734402e-19	1.283785290601914455e-03	3.492603401684006927e-08	2.820070749275902524e-28	3.580525964570132860e-13	2.527823799583797080e-09	2.187662793781980698e-09	4.527520236022016191e-18	4.222639490097136039e-10	7.521822779511343063e-07	5.128454000168424648e-02	1.871545999831645060e-02	7.411613293128458216e-15	1.871542288461231635e-02
7.350000000000000000e+02	7.161736023427843359e-04	6.132975587316209255e-13	1.007012932658664238e-19	1.283785968340086896e-03	3.492603064300105465e-08	2.820070476858417103e-28	3.536681813348891143e-13	2.496870256153019754e-09	2.160874095895593771e-09	4.524523882801663884e-18	4.222632179174663813e-10	7.429723040975597014e-07	5.128453143848303586e-02	1.871546856151766816e-02	7.421580105458083808e-15	1.871543147460559553e-02
7.360000000000000000e+02	7.161729899553282699e-04	6.057876257237648897e-13	9.946818878884789044e-20	1.283786637779226001e-03	3.492602731047541029e-08	2.820070207776740837e-28	3.493374620180918686e-13	2.466295797678866224e-09	2.134413488002685465e-09	4.521564226896615264e-18	4.222624957780677945e-10	7.338751092819237962e-07	5.128452298014105765e-02	1.871547701985964637e-02	7.431546916830830589e-15	1.871543995941150548e-02
7.370000000000000000e+02	7.161723850665460862e-04	5.983696666431700858e-13	9.825018610586084550e-20	1.283787299020973556e-03	3.492602401875724575e-08	2.820069941990028903e-28	3.450597807035123249e-13	2.436095780215826841e-09	2.108276950587355665e-09	4.518640818718700087e-18	4.222617824818600091e-10	7.248893122700674757e-07	5.128451462537408218e-02	1.871548537462662185e-02	7.441513727258408410e-15	1.871544834031829696e-02
7.380000000000000000e+02	7.161717875846046683e-04	5.910425547588380516e-13	9.704710021165461733e-20	1.283787952165725815e-03	3.492602076734689102e-08	2.820069679457934219e-28	3.408344876511667402e-13	2.406265616740988762e-09	2.082460513409234676e-09	4.515753214191287369e-18	4.222610779205292555e-10	7.160135487495015734e-07	5.128450637291361025e-02	1.871549362708710765e-02	7.451480536752396170e-15	1.871545661859846249e-02
7.390000000000000000e+02	7.161711974187954339e-04	5.838051771508481705e-13	9.585874836870873070e-20	1.283788597312653232e-03	3.492601755575090969e-08	2.820069420140614617e-28	3.366609410852474419e-13	2.376800776455519559e-09	2.056960254898640903e-09	4.512900974681610524e-18	4.222603819870886138e-10	7.072464711219653264e-07	5.128449822150665111e-02	1.871550177849405638e-02	7.461447345324222888e-15	1.871546479550887168e-02
7.400000000000000000e+02	7.161706144795215419e-04	5.766564345408748050e-13	9.468495007940447098e-20	1.283789234559692440e-03	3.492601438348135784e-08	2.820069163998670070e-28	3.325385070963919739e-13	2.347696784094754753e-09	2.031772301559188527e-09	4.510083666933973028e-18	4.222596945758630207e-10	6.985867482985346113e-07	5.128449016991559750e-02	1.871550983008510652e-02	7.471414152985181894e-15	1.871547287229103837e-02
7.410000000000000000e+02	7.161700386782833636e-04	5.695952411247843996e-13	9.352552705853777123e-20	1.283789864003579209e-03	3.492601125005624727e-08	2.820068910993186631e-28	3.284665595451529260e-13	2.318949219246766418e-09	2.006892827377751304e-09	4.507300863003730625e-18	4.222590155824715886e-10	6.900330654972444909e-07	5.128448221691798981e-02	1.871551778308270034e-02	7.481380959746429261e-15	1.871548085017124205e-02
7.420000000000000000e+02	7.161694699276651473e-04	5.626205244072917494e-13	9.238030320617065372e-20	1.283790485739909381e-03	3.492600815500074983e-08	2.820068661085822533e-28	3.244444799666556751e-13	2.290553715679303694e-09	1.982318053241673293e-09	4.504552140192115545e-18	4.222583449038119927e-10	6.815841240431935686e-07	5.128447436130636333e-02	1.871552563869432334e-02	7.491347765618980643e-15	1.871548873036072216e-02
7.430000000000000000e+02	7.161689081413225499e-04	5.557312250386524135e-13	9.124910458081631468e-20	1.283791099863056031e-03	3.492600509784444459e-08	2.820068414238593393e-28	3.204716574764275278e-13	2.262505960675015022e-09	1.958044246363158682e-09	4.501837080981855747e-18	4.222576824380462021e-10	6.732386411711021961e-07	5.128446660188802630e-02	1.871553339811266384e-02	7.501314570613719163e-15	1.871549651405591749e-02
7.440000000000000000e+02	7.161683532339684338e-04	5.489262966533594666e-13	9.013175937295394039e-20	1.283791706466263149e-03	3.492600207812337588e-08	2.820068170414037685e-28	3.165474886773859454e-13	2.234801694374845409e-09	1.934067719710736903e-09	4.499155272973581484e-18	4.222570280845830056e-10	6.649953498302945724e-07	5.128445893748489331e-02	1.871554106251580030e-02	7.511281374741389108e-15	1.871550420243858412e-02
7.450000000000000000e+02	7.161678051213598564e-04	5.422047057108275234e-13	8.902809787886967942e-20	1.283792305641618314e-03	3.492599909537889520e-08	2.820067929575124358e-28	3.126713775679704539e-13	2.207436709129504080e-09	1.910384831447725700e-09	4.496506308823009171e-18	4.222563817440640012e-10	6.568529984920757223e-07	5.128445136693331879e-02	1.871554863306736094e-02	7.521248178012610123e-15	1.871551179667600706e-02
7.460000000000000000e+02	7.161672637202867947e-04	5.355654313380345516e-13	8.793795247481865537e-20	1.283792897480085437e-03	3.492599614915813773e-08	2.820067691685283782e-28	3.088427354514038485e-13	2.180406848858913599e-09	1.886991984377606525e-09	4.493889786178919507e-18	4.222557433183484486e-10	6.488103509594679915e-07	5.128444388908393742e-02	1.871555611091675966e-02	7.531214980437869325e-15	1.871551929792118069e-02
7.470000000000000000e+02	7.161667289485582674e-04	5.290074651740978459e-13	8.686115759150519145e-20	1.283793482071525797e-03	3.492599323901406195e-08	2.820067456708422545e-28	3.050609808460688102e-13	2.153708008419523402e-09	1.863885625396214254e-09	4.491305307621880550e-18	4.222551127104977593e-10	6.408661861792870460e-07	5.128443650280141430e-02	1.871556349719927237e-02	7.541181782027524458e-15	1.871552670731296483e-02
7.480000000000000000e+02	7.161662007249895408e-04	5.225298112167599289e-13	8.579754968887619117e-20	1.283794059504688931e-03	3.492599036450478800e-08	2.820067224608861569e-28	3.013255393969862520e-13	2.127336132979402145e-09	1.841062244950657251e-09	4.488752480603713424e-18	4.222544898247609694e-10	6.330192980565188370e-07	5.128442920696436175e-02	1.871557079303632146e-02	7.551148582791814936e-15	1.871553402597626176e-02
7.490000000000000000e+02	7.161656789693907456e-04	5.161314856707654964e-13	8.474696723122518364e-20	1.283794629867235403e-03	3.492598752519382921e-08	2.820066995351356294e-28	2.976358437883830241e-13	2.101287217401019104e-09	1.818518376504914030e-09	4.486230917387742270e-18	4.222538745665606775e-10	6.252684952709800607e-07	5.128442200046511718e-02	1.871557799953556950e-02	7.561115382740835023e-15	1.871554125502221388e-02
7.500000000000000000e+02	7.161651636025539742e-04	5.098115167980979038e-13	8.370925066260177318e-20	1.283795193245756321e-03	3.492598472065017153e-08	2.820066768901105639e-28	2.939913336573333298e-13	2.075557305631609582e-09	1.796250596011984072e-09	4.483740234989732909e-18	4.222532668424774834e-10	6.176126010962243141e-07	5.128441488220958355e-02	1.871558511779110659e-02	7.571082181884579588e-15	1.871554839554832525e-02
7.510000000000000000e+02	7.161646545462420051e-04	5.035689447700609562e-13	8.268424238252389329e-20	1.283795749725782009e-03	3.492598195044802872e-08	2.820066545223727345e-28	2.903914555084618837e-13	2.050142490101030023e-09	1.774255521392533261e-09	4.481280055119591087e-18	4.222526665602373735e-10	6.100504532206717122e-07	5.128440785111706285e-02	1.871559214888362729e-02	7.581048980232903080e-15	1.871555544863868006e-02
7.520000000000000000e+02	7.161641517231756180e-04	4.974028215211776271e-13	8.167178672198839916e-20	1.283796299391782659e-03	3.492597921416656436e-08	2.820066324285244522e-28	2.868356626296974548e-13	2.025038911127027146e-09	1.752529812019961332e-09	4.478850004123760998e-18	4.222520736286964696e-10	6.025809035709328502e-07	5.128440090612011726e-02	1.871559909388058329e-02	7.591015777795544776e-15	1.871556241536407109e-02
7.530000000000000000e+02	7.161636550570219927e-04	4.913122106048794551e-13	8.067172991977611086e-20	1.283796842327216900e-03	3.492597651139063304e-08	2.820066106052135867e-28	2.833234150090571034e-13	2.000242756327787094e-09	1.731070168211778651e-09	4.476449712928341782e-18	4.222514879578274326e-10	5.952028181372988404e-07	5.128439404616434716e-02	1.871560595383634992e-02	7.600982574582125624e-15	1.871556929678216963e-02
7.540000000000000000e+02	7.161631644723833248e-04	4.852961870509780327e-13	7.968392009904876725e-20	1.283797378614498410e-03	3.492597384170969511e-08	2.820065890491252264e-28	2.798541792524582848e-13	1.975750260041737721e-09	1.709873330727258598e-09	4.474078816982885811e-18	4.222509094587058650e-10	5.879150768013766720e-07	5.128438727020830784e-02	1.871561272979238230e-02	7.610949370602149820e-15	1.871557609393770250e-02
7.550000000000000000e+02	7.161626798947857671e-04	4.793538372248856717e-13	7.870820724423374999e-20	1.283797908335054024e-03	3.492597120471874308e-08	2.820065677569891218e-28	2.764274285025396852e-13	1.951557702754469999e-09	1.688936080271258654e-09	4.471736956204914185e-18	4.222503380434970247e-10	5.807165731658360122e-07	5.128438057722330828e-02	1.871561942277739574e-02	7.620916165865006386e-15	1.871558280786258383e-02
7.560000000000000000e+02	7.161622012506672864e-04	4.734842586885620210e-13	7.774444317819202756e-20	1.283798431569286224e-03	3.492596860001703772e-08	2.820065467255695515e-28	2.730426423584785217e-13	1.927661410532688407e-09	1.668255237004138225e-09	4.469423774925100148e-18	4.222497736254424351e-10	5.736062143862452141e-07	5.128437396619320993e-02	1.871562603380747675e-02	7.630882960379959706e-15	1.871558943957610244e-02
7.570000000000000000e+02	7.161617284673670383e-04	4.676865600631748214e-13	7.679248153966736934e-20	1.283798948396647297e-03	3.492596602720964331e-08	2.820065259516777880e-28	2.696993067967931989e-13	1.904057754465139812e-09	1.647827660057708260e-09	4.467138921833119636e-18	4.222492161188461331e-10	5.665829210049710146e-07	5.128436743611439197e-02	1.871563256388629817e-02	7.640849754156176342e-15	1.871559599008506408e-02
7.580000000000000000e+02	7.161612614731139833e-04	4.619598608934445071e-13	7.585217776101236393e-20	1.283799458895597267e-03	3.492596348590603795e-08	2.820065054321603492e-28	2.663969140931199115e-13	1.880743150110381909e-09	1.627650247057115480e-09	4.464882049924174370e-18	4.222486654390620544e-10	5.596456267871139695e-07	5.128436098599547383e-02	1.871563901400520591e-02	7.650816547202695063e-15	1.871560246038391981e-02
7.590000000000000000e+02	7.161608001970163695e-04	4.563032915136588180e-13	7.492338904618854547e-20	1.283799963143617343e-03	3.492596097571992168e-08	2.820064851638983258e-28	2.631349627449513304e-13	1.857714056951373410e-09	1.607719933648627513e-09	4.462652816446179006e-18	4.222481215024815229e-10	5.527932785584608872e-07	5.128435461485725960e-02	1.871564538514342707e-02	7.660783339528453663e-15	1.871560885145495332e-02
7.600000000000000000e+02	7.161603445690507830e-04	4.507159929153331925e-13	7.400597434903648719e-20	1.283800461217269326e-03	3.492595849627056642e-08	2.820064651438174709e-28	2.599129573953231319e-13	1.834966977856737305e-09	1.588033693033205383e-09	4.460450882847589226e-18	4.222475842265194981e-10	5.460248360454210116e-07	5.128434832173250219e-02	1.871565167826818102e-02	7.670750131142277918e-15	1.871561516426841973e-02
7.610000000000000000e+02	7.161598945200513050e-04	4.451971166164956310e-13	7.309979435181294922e-20	1.283800953192154202e-03	3.492595604718126089e-08	2.820064453688761371e-28	2.567304087574386290e-13	1.812498458548655638e-09	1.568588535505813962e-09	4.458275914725868485e-18	4.222470535296034607e-10	5.393392717169275351e-07	5.128434210566584078e-02	1.871565789433484242e-02	7.680716922052880008e-15	1.871562139978267744e-02
7.620000000000000000e+02	7.161594499816989956e-04	4.397458245325805341e-13	7.220471144399214364e-20	1.283801439142967862e-03	3.492595362808051496e-08	2.820064258360746042e-28	2.535868335402203452e-13	1.790305087077302724e-09	1.549381508000397973e-09	4.456127581776604933e-18	4.222465293311595049e-10	5.327355706282790275e-07	5.128433596571360664e-02	1.871566403428708350e-02	7.690683712268879026e-15	1.871562755894435465e-02
7.630000000000000000e+02	7.161590108865120274e-04	4.343612888489037965e-13	7.132058970132650650e-20	1.283801919143479206e-03	3.492595123860100751e-08	2.820064065424470070e-28	2.504817543747736380e-13	1.768383493301718799e-09	1.530409693640438788e-09	4.454005557743223080e-18	4.222460115516011201e-10	5.262127302668926189e-07	5.128432990094367733e-02	1.871567009905702322e-02	7.700650501798775739e-15	1.871563364268849158e-02
7.640000000000000000e+02	7.161585771678348434e-04	4.290426918947103715e-13	7.044729486516586950e-20	1.283802393266551822e-03	3.492594887837993049e-08	2.820063874850639368e-28	2.474146997417577266e-13	1.746730348377083150e-09	1.511670211295046909e-09	4.451909520367343332e-18	4.222455001123164731e-10	5.197697603999550655e-07	5.128432391043534488e-02	1.871567608956534526e-02	7.710617290650971514e-15	1.871563965193864809e-02
7.650000000000000000e+02	7.161581487598286163e-04	4.237892260187661352e-13	6.958469432202997569e-20	1.283802861584170014e-03	3.492594654705918751e-08	2.820063686610341897e-28	2.443852038996454442e-13	1.725342364248273199e-09	1.493160215140509725e-09	4.449839151339745506e-18	4.222449949356573960e-10	5.134056829239378176e-07	5.128431799327921176e-02	1.871568200672147492e-02	7.720584078833768324e-15	1.871564558760709790e-02
7.660000000000000000e+02	7.161577255974610565e-04	4.186000934664793589e-13	6.873265708343226887e-20	1.283803324167403885e-03	3.492594424428429526e-08	2.820063500674953053e-28	2.413928068138667170e-13	1.704216293149647709e-09	1.474876894227214475e-09	4.447794136251917823e-18	4.222444959449265650e-10	5.071195317159613718e-07	5.128431214857698955e-02	1.871568785142369365e-02	7.730550866355357701e-15	1.871565145059492924e-02
7.670000000000000000e+02	7.161573076164956791e-04	4.134745062585294725e-13	6.789105376595127330e-20	1.283803781086499327e-03	3.492594196970631588e-08	2.820063317016295750e-28	2.384370540868205717e-13	1.683348927110970974e-09	1.456817472051907992e-09	4.445774164548217583e-18	4.222440030643663851e-10	5.009103524869793681e-07	5.128430637544140885e-02	1.871569362455927435e-02	7.740517653223838090e-15	1.871565724179219750e-02
7.680000000000000000e+02	7.161568947534832381e-04	4.084116860709901966e-13	6.705975657154704798e-20	1.283804232410807114e-03	3.492593972297959375e-08	2.820063135606464196e-28	2.355174968887486052e-13	1.662737097469412861e-09	1.438979206135203444e-09	4.443778929478615002e-18	4.222435162191466862e-10	4.947772026367659142e-07	5.128430067299605960e-02	1.871569932700462360e-02	7.750484439447203808e-15	1.871566296207804667e-02
7.690000000000000000e+02	7.161564869457513185e-04	4.034108641169196780e-13	6.623863926811889983e-20	1.283804678208838850e-03	3.492593750376309885e-08	2.820062956417919400e-28	2.326336918894544662e-13	1.642377674387524612e-09	1.421359387604273925e-09	4.441808128052020999e-18	4.222430353353546411e-10	4.887191511106780783e-07	5.128429504037528008e-02	1.871570495962542394e-02	7.760451225033357663e-15	1.871566861232086196e-02
7.700000000000000000e+02	7.161560841313955542e-04	3.984712810294123270e-13	6.542757717030276672e-20	1.283805118548276289e-03	3.492593531172013558e-08	2.820062779423477965e-28	2.297852011908663200e-13	1.622267566377161248e-09	1.403955340780685310e-09	4.439861460990178891e-18	4.222425603399827203e-10	4.827352782581809532e-07	5.128428947672396959e-02	1.871571052327672749e-02	7.770418009990101490e-15	1.871567419337840515e-02
7.710000000000000000e+02	7.161556862492693279e-04	3.935921867460809049e-13	6.462644712050370850e-20	1.283805553495973939e-03	3.492593314651821042e-08	2.820062604596291461e-28	2.269715922604240706e-13	1.602403719829228764e-09	1.386764422773285047e-09	4.437938632682133100e-18	4.222420911609175765e-10	4.768246756931017246e-07	5.128428398119755371e-02	1.871571601880314337e-02	7.780384794325137727e-15	1.871567970609789439e-02
7.720000000000000000e+02	7.161552932389750976e-04	3.887728403949613871e-13	6.383512747016171233e-20	1.283805983117940414e-03	3.492593100782817167e-08	2.820062431909782749e-28	2.241924378652868212e-13	1.582783118549221603e-09	1.369784023076095603e-09	4.436039351139247900e-18	4.222416277269293430e-10	4.709864461556027412e-07	5.128427855296177618e-02	1.871572144703892437e-02	7.790351578046086770e-15	1.871568515131620536e-02
7.730000000000000000e+02	7.161549050408550724e-04	3.840125101818159662e-13	6.305349806124749015e-20	1.283806407479386354e-03	3.492592889532518219e-08	2.820062261337724007e-28	2.214473160073467402e-13	1.563402783298450289e-09	1.353011563171143067e-09	4.434163327950790856e-18	4.222411699676606218e-10	4.652197033758424558e-07	5.128427319119260863e-02	1.871572680880809886e-02	7.800318361160460153e-15	1.871569052985994075e-02
7.740000000000000000e+02	7.161545215959821053e-04	3.793104732788223298e-13	6.228144020798531932e-20	1.283806826644744593e-03	3.492592680868894440e-08	2.820062092854252869e-28	2.187358098590416579e-13	1.544259771340909414e-09	1.336444496136169024e-09	4.432310278240050890e-18	4.222407178136160405e-10	4.595235719393117984e-07	5.128426789507610495e-02	1.871573210492460601e-02	7.810285143675693678e-15	1.871569584254558632e-02
7.750000000000000000e+02	7.161541428461510195e-04	3.746660157146287151e-13	6.151883667880090399e-20	1.283807240677646089e-03	3.492592474760272756e-08	2.820061926433794407e-28	2.160575076999563983e-13	1.525351175995714188e-09	1.320080306257158679e-09	4.430479920620999465e-18	4.222402711961516541e-10	4.538971871538212044e-07	5.128426266380829712e-02	1.871573733619241731e-02	7.820251925599114285e-15	1.871570109017963932e-02
7.760000000000000000e+02	7.161537687338688507e-04	3.700784322657598465e-13	6.076557167849017675e-20	1.283807649640918624e-03	3.492592271175309636e-08	2.820061762051041393e-28	2.134120028542018900e-13	1.506674126195023696e-09	1.303916508645632311e-09	4.428671977155482559e-18	4.222398300474637780e-10	4.483396949181179688e-07	5.128425749659505650e-02	1.871574250340566486e-02	7.830218706937979496e-15	1.871570627355869862e-02
7.770000000000000000e+02	7.161533992023470406e-04	3.655470263493552789e-13	6.002153083060759620e-20	1.283808053596665298e-03	3.492592070083159849e-08	2.820061599681085691e-28	2.107988936285632703e-13	1.488225786047396853e-09	1.287950648860631585e-09	4.426886173310943418e-18	4.222393943005795272e-10	4.428502515921153466e-07	5.128425239265199664e-02	1.871574760734873166e-02	7.840185487699436389e-15	1.871571139346962440e-02
7.780000000000000000e+02	7.161530341954930887e-04	3.610711099172266149e-13	5.928660116007060602e-20	1.283808452606189721e-03	3.492591871453252121e-08	2.820061439299246064e-28	2.082177832514078974e-13	1.470003354406510571e-09	1.272180302535351733e-09	4.425122237918658380e-18	4.222389638893466830e-10	4.374280238687128566e-07	5.128424735120431371e-02	1.871575264879640765e-02	7.850152267890556314e-15	1.871571645068961787e-02
7.790000000000000000e+02	7.161526736579007946e-04	3.566500033512137550e-13	5.856067107597752314e-20	1.283808846730083398e-03	3.492591675255495607e-08	2.820061280881226462e-28	2.056682798123434230e-13	1.452004064445170635e-09	1.256603075008361071e-09	4.423379903132480376e-18	4.222385387484235089e-10	4.320721886471891550e-07	5.128424237148671017e-02	1.871575762851399732e-02	7.860119047518323846e-15	1.871572144598638437e-02
7.800000000000000000e+02	7.161523175348427769e-04	3.522830353598266002e-13	5.784363035463647182e-20	1.283809236028152440e-03	3.492591481460054895e-08	2.820061124402932623e-28	2.031499962026158296e-13	1.434225183234552838e-09	1.241216600959347668e-09	4.421658904388118607e-18	4.222381188132678933e-10	4.267819329081451910e-07	5.128423745274329065e-02	1.871576254725743071e-02	7.870085826589643094e-15	1.871572638011822012e-02
7.810000000000000000e+02	7.161519657722617994e-04	3.479695428761557479e-13	5.713537012280266719e-20	1.283809620559506681e-03	3.492591290037551177e-08	2.820060969840645609e-28	2.006625500562403886e-13	1.416664011328608838e-09	1.226018544049335904e-09	4.419958980362872739e-18	4.222377040201286647e-10	4.215564535899830334e-07	5.128423259422735386e-02	1.871576740577336403e-02	7.880052605111321929e-15	1.871573125383411973e-02
7.820000000000000000e+02	7.161516183167630735e-04	3.437088709570378921e-13	5.643578284112183347e-20	1.283810000382508724e-03	3.492591100958903430e-08	2.820060817170884590e-28	1.982055636918550891e-13	1.399317882353579426e-09	1.211006596565329055e-09	4.418279872935901743e-18	4.222372943060360784e-10	4.163949574668989801e-07	5.128422779520137864e-02	1.871577220479932191e-02	7.890019383090089334e-15	1.871573606787391847e-02
7.830000000000000000e+02	7.161512751156053676e-04	3.395003726834565937e-13	5.574476228777613373e-20	1.283810375554825549e-03	3.492590914195444881e-08	2.820060666370501013e-28	1.957786640552870710e-13	1.382184162602538509e-09	1.196178479069309677e-09	4.416621327148948018e-18	4.222368896087908571e-10	4.112966610283711516e-07	5.128422305493689215e-02	1.871577694506380840e-02	7.899986160532596984e-15	1.871574082296838595e-02
7.840000000000000000e+02	7.161509361166935265e-04	3.353434090621677665e-13	5.506220354233164826e-20	1.283810746133385791e-03	3.492590729718760885e-08	2.820060517416554388e-28	1.933814826628252958e-13	1.365260250634919825e-09	1.181531940051551665e-09	4.414983091167583828e-18	4.222364898669562803e-10	4.062607903601258976e-07	5.128421837271432415e-02	1.871578162728638334e-02	7.909952937445406625e-15	1.871574551983933368e-02
7.850000000000000000e+02	7.161506012685700138e-04	3.312373489285323086e-13	5.438800296978371808e-20	1.283811112174459762e-03	3.492590547500903986e-08	2.820060370286474169e-28	1.910136555451888050e-13	1.348543576880959786e-09	1.167064755588189198e-09	4.413364916242879907e-18	4.222360950198476383e-10	4.012865810265640657e-07	5.128421374782290987e-02	1.871578625217779762e-02	7.919919713835005848e-15	1.871575015919973994e-02
7.860000000000000000e+02	7.161502705204079739e-04	3.271815688505415438e-13	5.372205820479828804e-20	1.283811473733595040e-03	3.492590367514170251e-08	2.820060224957895633e-28	1.886748231921830905e-13	1.332031603250991544e-09	1.152774729002990025e-09	4.411766556673605613e-18	4.222357050075238050e-10	3.963732779546278077e-07	5.128420917956061365e-02	1.871579082044010425e-02	7.929886489707798626e-15	1.871575474175386083e-02
7.870000000000000000e+02	7.161499438220032083e-04	3.231754530350644474e-13	5.306426813631809316e-20	1.283811830865687169e-03	3.492590189731271985e-08	2.820060081408783193e-28	1.863646304986378801e-13	1.315721822753791299e-09	1.138659690536965059e-09	4.410187769769252614e-18	4.222353197707780872e-10	3.915201353203560808e-07	5.128420466723394855e-02	1.871579533276674853e-02	7.939853265070116356e-15	1.871575926819731353e-02
7.880000000000000000e+02	7.161496211237663697e-04	3.192183932318695524e-13	5.241453289180321331e-20	1.283812183624929342e-03	3.492590014125176263e-08	2.820059939617311121e-28	1.840827267090610090e-13	1.299611759105853952e-09	1.124717497010121605e-09	4.408628315812215792e-18	4.222349392511293844e-10	3.867264164327408660e-07	5.128420021015800412e-02	1.871579978984269643e-02	7.949820039928211552e-15	1.871576373921720118e-02
7.890000000000000000e+02	7.161493023767142880e-04	3.153097886418680823e-13	5.177275382216516719e-20	1.283812532064884399e-03	3.492589840669272354e-08	2.820059799561991794e-28	1.818287653647271336e-13	1.283698966357863363e-09	1.110946031498117220e-09	4.407087958021600390e-18	4.222345633908112800e-10	3.819913936226952838e-07	5.128419580765618269e-02	1.871580419234451093e-02	7.959786814288257836e-15	1.871576815549220313e-02
7.900000000000000000e+02	7.161489875324645498e-04	3.114490458271729029e-13	5.113883348699870700e-20	1.283812876238445795e-03	3.492589669337238709e-08	2.820059661221571663e-28	1.796024042518130933e-13	1.267981028528546644e-09	1.097343203015288031e-09	4.405566462517801854e-18	4.222341921327657342e-10	3.773143481342154192e-07	5.128419145906022020e-02	1.871580854094046995e-02	7.969753588156348373e-15	1.871577251769269978e-02
7.910000000000000000e+02	7.161486765432270411e-04	3.076355786200383765e-13	5.051267563963020438e-20	1.283813216197852341e-03	3.492589500103052227e-08	2.820059524575039771e-28	1.774033053488882487e-13	1.252455559233978337e-09	1.083906946193753529e-09	4.404063598286594944e-18	4.222338254206340884e-10	3.726945700141862054e-07	5.128418716371000580e-02	1.871581283629068088e-02	7.979720361538510058e-15	1.871577682648084898e-02
7.920000000000000000e+02	7.161483693617973342e-04	3.038688080336599090e-13	4.989418521247112769e-20	1.283813551994692978e-03	3.492589332940990899e-08	2.820059389601626407e-28	1.752311347754766108e-13	1.237120201324450191e-09	1.070635220969063121e-09	4.402579137143977033e-18	4.222334631987476044e-10	3.681313580044354924e-07	5.128418292095353326e-02	1.871581707904713954e-02	7.989687134440694058e-15	1.871578108251070391e-02
7.930000000000000000e+02	7.161480659415481219e-04	3.001481621726289725e-13	4.928326830231515583e-20	1.283813883679954483e-03	3.492589167825722483e-08	2.820059256280876650e-28	1.730855627404209343e-13	1.221972626519937840e-09	1.057526012264637273e-09	4.401112853700866587e-18	4.222331054121185205e-10	3.636240194333684630e-07	5.128417873014678302e-02	1.871582126985387937e-02	7.999653906868774232e-15	1.871578528642829989e-02
7.940000000000000000e+02	7.161477662364247728e-04	2.964730761511841443e-13	4.867983215691530711e-20	1.283814211303990673e-03	3.492589004732200614e-08	2.820059124592567410e-28	1.709662634947422074e-13	1.207010535077311978e-09	1.044577329703681800e-09	4.399664525330898532e-18	4.222327520064346745e-10	3.591718701170438200e-07	5.128417459065360423e-02	1.871582540934705122e-02	8.009620678828555018e-15	1.871578943887178617e-02
7.950000000000000000e+02	7.161474702009354648e-04	2.928429920017063718e-13	4.808378515995910378e-20	1.283814534916507015e-03	3.492588843635598622e-08	2.820058994516653167e-28	1.688729152788731119e-13	1.192231655417821498e-09	1.031787207286715026e-09	4.398233932134329246e-18	4.222324029280476651e-10	3.547742342484286748e-07	5.128417050184565229e-02	1.871582949815500316e-02	8.019587450325773013e-15	1.871579354047145372e-02
7.960000000000000000e+02	7.161471777901456557e-04	2.892573585928020909e-13	4.749503681761811202e-20	1.283814854566640200e-03	3.492588684511505415e-08	2.820058866033423817e-28	1.668052002754207800e-13	1.177633743793620801e-09	1.019153703102899939e-09	4.396820856905771070e-18	4.222320581239665447e-10	3.504304442982652530e-07	5.128416646310227089e-02	1.871583353689837761e-02	8.029554221366093816e-15	1.871579759184991906e-02
7.970000000000000000e+02	7.161468889596713612e-04	2.857156315432969404e-13	4.691349774442615089e-20	1.283815170302914565e-03	3.492588527335785188e-08	2.820058739123389879e-28	1.647628045595706165e-13	1.163214583937635615e-09	1.006674899026945373e-09	4.395425085100275911e-18	4.222317175418491851e-10	3.461398409109813968e-07	5.128416247381040183e-02	1.871583752619023627e-02	8.039520991955108873e-15	1.871580159362215209e-02
7.980000000000000000e+02	7.161466036656716737e-04	2.822172731414205592e-13	4.633907965000947249e-20	1.283815482173247943e-03	3.492588372084548300e-08	2.820058613767257377e-28	1.627454180524841077e-13	1.148971986734570929e-09	9.943489004343201193e-10	4.394046404801509633e-18	4.222313811299962812e-10	3.419017728068849422e-07	5.128415853336450864e-02	1.871584146663612946e-02	8.049487762098343365e-15	1.871580554639558011e-02
7.990000000000000000e+02	7.161463218648432332e-04	2.787617522609356018e-13	4.577169532531588143e-20	1.283815790224992212e-03	3.492588218734287604e-08	2.820058489946061923e-28	1.607527344729372554e-13	1.134903789879496337e-09	9.821738359057013041e-10	4.392684606688579074e-18	4.222310488373358923e-10	3.377155966806649776e-07	5.128415464116646560e-02	1.871584535883416556e-02	8.059454531801251477e-15	1.871580945077019886e-02
8.000000000000000000e+02	7.161460435144124210e-04	2.753485442848587004e-13	4.521125863008931697e-20	1.283816094504883210e-03	3.492588067261642196e-08	2.820058367640922982e-28	1.587844512933281140e-13	1.121007857567271765e-09	9.701478569581344787e-10	4.391339484006197844e-18	4.222307206134299053e-10	3.335806771090626593e-07	5.128415079662547449e-02	1.871584920337514973e-02	8.069421301069235329e-15	1.871581330733866969e-02
8.010000000000000000e+02	7.161457685721298299e-04	2.719771310212743907e-13	4.465768447904741775e-20	1.283816395059125945e-03	3.492587917643676672e-08	2.820058246833328616e-28	1.568402696911363235e-13	1.107282080149874050e-09	9.582691377483944536e-10	4.390010832531269906e-18	4.222303964084529408e-10	3.294963864489908822e-07	5.128414699915796043e-02	1.871585300084266726e-02	8.079388069907613420e-15	1.871581711668639583e-02
8.020000000000000000e+02	7.161454969962628920e-04	2.686470006261874430e-13	4.411088882921384995e-20	1.283816691933339091e-03	3.492587769857677315e-08	2.820058127504939976e-28	1.549198945044333992e-13	1.093724373822310466e-09	9.465358748011084015e-10	4.388698450542590070e-18	4.222300761731902855e-10	3.254621047441585853e-07	5.128414324818750952e-02	1.871585675181312511e-02	8.089354838321650608e-15	1.871582087939158145e-02
8.030000000000000000e+02	7.161452287455909995e-04	2.653576475256169791e-13	4.357078866712651533e-20	1.283816985172579923e-03	3.492587623881197090e-08	2.820058009637630763e-28	1.530230341869581512e-13	1.080332680305470022e-09	9.349462867342113035e-10	4.387402138790124646e-18	4.222297598590308097e-10	3.214772196307798385e-07	5.128413954314475082e-02	1.871586045685588728e-02	8.099321606316539177e-15	1.871582459602538079e-02
8.040000000000000000e+02	7.161449637793975906e-04	2.621085723387684378e-13	4.303730199622257770e-20	1.283817274821350170e-03	3.492587479692058293e-08	2.820057893213493054e-28	1.511494007638136745e-13	1.067104966533359236e-09	9.234986139882184194e-10	4.386121700464725034e-18	4.222294474179587984e-10	3.175411262445867770e-07	5.128413588346729390e-02	1.871586411653333726e-02	8.109288373897411454e-15	1.871582826715193978e-02
8.050000000000000000e+02	7.161447020574649444e-04	2.588992818034627679e-13	4.251034782459430312e-20	1.283817560923620951e-03	3.492587337268388944e-08	2.820057778214867799e-28	1.492987097884662010e-13	1.054039224349527058e-09	9.121911185634311452e-10	4.384856941168725712e-18	4.222291388025459384e-10	3.136532271305755940e-07	5.128413226859964563e-02	1.871586773140098553e-02	8.119255141069333504e-15	1.871583189332850367e-02
8.060000000000000000e+02	7.161444435400676767e-04	2.557292886970883250e-13	4.198984615200959204e-20	1.283817843522826706e-03	3.492587196588591689e-08	2.820057664624317463e-28	1.474706802971613084e-13	1.041133470185260593e-09	9.010220837413787713e-10	4.383607668884809649e-18	4.222288339659452693e-10	3.098129321473237931e-07	5.128412869799309909e-02	1.871587130200752513e-02	8.129221907837317751e-15	1.871583547510547937e-02
8.070000000000000000e+02	7.161441881879674265e-04	2.525981117665379057e-13	4.147571795840788821e-20	1.283818122661857823e-03	3.492587057631303430e-08	2.820057552424590157e-28	1.456650347685221750e-13	1.028385744774359781e-09	8.899898138379236818e-10	4.382373693948362740e-18	4.222285328618836354e-10	3.060196583821932435e-07	5.128412517110568503e-02	1.871587482889493920e-02	8.139188674206305618e-15	1.871583901302653619e-02
8.080000000000000000e+02	7.161439359624060261e-04	2.495052756538777044e-13	4.096788519169528372e-20	1.283818398383077550e-03	3.492586920375417165e-08	2.820057441598643849e-28	1.438814990806862108e-13	1.015794112850540255e-09	8.790926339413211713e-10	4.381154829018198896e-18	4.222282354446547585e-10	3.022728300613586580e-07	5.128412168740206084e-02	1.871587831259855297e-02	8.149155440181186465e-15	1.871584250762869939e-02
8.090000000000000000e+02	7.161436868250998632e-04	2.464503108240182343e-13	4.046627075586834429e-20	1.283818670728341946e-03	3.492586784800109780e-08	2.820057332129666545e-28	1.421198024695963024e-13	1.003356662852979793e-09	8.683288896573355269e-10	4.379950889048039336e-18	4.222279416691116378e-10	2.985718784622610205e-07	5.128411824635344118e-02	1.871588175364716916e-02	8.159122205766783388e-15	1.871584595944239884e-02
8.100000000000000000e+02	7.161434407382345681e-04	2.434327534920754602e-13	3.997079849908705978e-20	1.283818939738982532e-03	3.492586650884790433e-08	2.820057224001031446e-28	1.403796774871131069e-13	9.910715066306059990e-10	8.576969468532698146e-10	4.378761691257889413e-18	4.222276514906610697e-10	2.949162418256822304e-07	5.128411484743752857e-02	1.871588515256308177e-02	8.169088970967865840e-15	1.871584936899157309e-02
8.110000000000000000e+02	7.161431976644580749e-04	2.404521455576149380e-13	3.948139320287799069e-20	1.283819205455834483e-03	3.492586518609137614e-08	2.820057117196328788e-28	1.386608599630969945e-13	9.789367791744072225e-10	8.471951914262473607e-10	4.377587055108118685e-18	4.222273648652543425e-10	2.913053652761575702e-07	5.128411149013840237e-02	1.871588850986221145e-02	8.179055735789138588e-15	1.871585273679376993e-02
8.120000000000000000e+02	7.161429575668762848e-04	2.375080345274542145e-13	3.899798056945859769e-20	1.283819467919232503e-03	3.492586387953083258e-08	2.820057011699356868e-28	1.369630889608913025e-13	9.669506383031578939e-10	8.368220290311694194e-10	4.376426802269020427e-18	4.222270817493841859e-10	2.877387007285245182e-07	5.128410817394646326e-02	1.871589182605415055e-02	8.189022500235249599e-15	1.871585606336016033e-02
8.130000000000000000e+02	7.161427204090466689e-04	2.345999734541493977e-13	3.852048721163712336e-20	1.283819727169020807e-03	3.492586258896814073e-08	2.820056907494117119e-28	1.352861067418512111e-13	9.551112644130036583e-10	8.265758848639603511e-10	4.375280756596590373e-18	4.222268021000748447e-10	2.842157068134708824e-07	5.128410489835837777e-02	1.871589510164224299e-02	8.198989264310799512e-15	1.871585934919568067e-02
8.140000000000000000e+02	7.161424861549732816e-04	2.317275208636760245e-13	3.804884064093794010e-20	1.283819983244539886e-03	3.492586131420712645e-08	2.820056804564769710e-28	1.336296587236392291e-13	9.434168601830435998e-10	8.164552034067096570e-10	4.374148744104000612e-18	4.222265258748775812e-10	2.807358487899901863e-07	5.128410166287694638e-02	1.871589833712368825e-02	8.208956028020322697e-15	1.871586259479907435e-02
8.150000000000000000e+02	7.161422547691005799e-04	2.288902406897132359e-13	3.758296925681113636e-20	1.283820236184654053e-03	3.492586005505423609e-08	2.820056702895686018e-28	1.319934934423310934e-13	9.318656503078020409e-10	8.064584481961035936e-10	4.373030592935697364e-18	4.222262530318631271e-10	2.772985984658345288e-07	5.128409846701105501e-02	1.871590153298958309e-02	8.218922791368299885e-15	1.871586580066296815e-02
8.160000000000000000e+02	7.161420262163084366e-04	2.260877022084496619e-13	3.712280233592824623e-20	1.283820486027770734e-03	3.492585881131876812e-08	2.820056602471465210e-28	1.303773625148210056e-13	9.204558812318260914e-10	7.965841015936904405e-10	4.371926133341740669e-18	4.222259835296163070e-10	2.739034341186000184e-07	5.128409531027562640e-02	1.871590468972500476e-02	8.228889554359158164e-15	1.871586896727397975e-02
8.170000000000000000e+02	7.161418004619073694e-04	2.233194799695712184e-13	3.666827002085019796e-20	1.283820732811783013e-03	3.492585758281117245e-08	2.820056503276804659e-28	1.287810205990245457e-13	9.091858208687339601e-10	7.868306645426864012e-10	4.370835197650549389e-18	4.222257173272290070e-10	2.705498404121820603e-07	5.128409219219151605e-02	1.871590780780911858e-02	8.238856316997269400e-15	1.871587209511274552e-02
8.180000000000000000e+02	7.161415774716320360e-04	2.205851537350922773e-13	3.621930330998336664e-20	1.283820976574176313e-03	3.492585636934554520e-08	2.820056405296703521e-28	1.272042253586045743e-13	8.980537583521977122e-10	7.771966563524308438e-10	4.369757620244767002e-18	4.222254543842894218e-10	2.672373083227338780e-07	5.128408911228542894e-02	1.871591088771518835e-02	8.248823079286953397e-15	1.871587518465402458e-02
8.190000000000000000e+02	7.161413572116372226e-04	2.178843084138154368e-13	3.577583404681989111e-20	1.283821217351940143e-03	3.492585517073768979e-08	2.820056308516272608e-28	1.256467374251825987e-13	8.870580037691228234e-10	7.676806144674235157e-10	4.368693237535618992e-18	4.222251946608911014e-10	2.639653350593241949e-07	5.128408607008991260e-02	1.871591392991070468e-02	8.258789841232476313e-15	1.871587823636676820e-02
8.200000000000000000e+02	7.161411396484917719e-04	2.152165339999936096e-13	3.533779490986381449e-20	1.283821455181625775e-03	3.492585398680573898e-08	2.820056212920835279e-28	1.241083203629605447e-13	8.761968879099478931e-10	7.582810942511891764e-10	4.367641887938488213e-18	4.222249381176078780e-10	2.607334239896891331e-07	5.128408306514320447e-02	1.871591693485741975e-02	8.268756602838049088e-15	1.871588125071416836e-02
8.210000000000000000e+02	7.161409247491740300e-04	2.125814255102886525e-13	3.490511940228131724e-20	1.283821690099334976e-03	3.492585281737012179e-08	2.820056118495891572e-28	1.225887406323716875e-13	8.654687620119968660e-10	7.489966687641190130e-10	4.366603411848195959e-18	4.222246847154990868e-10	2.575410845639154438e-07	5.128408009698919023e-02	1.871591990301142358e-02	8.278723364107838486e-15	1.871588422815376532e-02
8.220000000000000000e+02	7.161407124810669671e-04	2.099785829200664928e-13	3.447774184144024530e-20	1.283821922140703084e-03	3.492585166225274954e-08	2.820056025227059456e-28	1.210877675533441433e-13	8.548719975001365073e-10	7.398259285389933633e-10	4.365577651613894002e-18	4.222244344161006225e-10	2.543878322373186345e-07	5.128407716517736914e-02	1.871592283482325508e-02	8.288690125045954472e-15	1.871588716913747882e-02
8.230000000000000000e+02	7.161405028119523231e-04	2.074076111043195255e-13	3.405559734920980285e-20	1.283822151340972958e-03	3.492585052127891506e-08	2.820055933100236262e-28	1.196051732712334131e-13	8.444049857462695033e-10	7.307674813727989674e-10	4.364564451515733877e-18	4.222241871814196143e-10	2.512731883989272361e-07	5.128407426926273605e-02	1.871592573073789859e-02	8.298656885656456523e-15	1.871589007411170527e-02
8.240000000000000000e+02	7.161402957100071378e-04	2.048681197796955341e-13	3.363862184244195050e-20	1.283822377734914312e-03	3.492584939427495676e-08	2.820055842101397347e-28	1.181407327233929060e-13	8.340661378333340427e-10	7.218199521224500984e-10	4.363563657742060016e-18	4.222239429739283254e-10	2.481966803013052228e-07	5.128407140880572590e-02	1.871592859119491220e-02	8.308623645943356788e-15	1.871589294351736280e-02
8.250000000000000000e+02	7.161400911437978967e-04	2.023597234421784879e-13	3.322675202273872281e-20	1.283822601356895705e-03	3.492584828106997911e-08	2.820055752216745414e-28	1.166942236032371721e-13	8.238538843015973894e-10	7.129819824851827592e-10	4.362575118364824104e-18	4.222237017565590347e-10	2.451578409851052528e-07	5.128406858337217211e-02	1.871593141662846252e-02	8.318590405910620080e-15	1.871589577778997801e-02
8.260000000000000000e+02	7.161398890822758684e-04	1.998820413087796033e-13	3.281992536687812359e-20	1.283822822240864589e-03	3.492584718149511155e-08	2.820055663432641459e-28	1.152654263266181775e-13	8.137666749112805864e-10	7.042522307930912902e-10	4.361598683316619514e-18	4.222234634926970578e-10	2.421562092084793773e-07	5.128406579253323716e-02	1.871593420746739400e-02	8.328557165562155994e-15	1.871589857735975193e-02
8.270000000000000000e+02	7.161396894947721177e-04	1.974346972608826416e-13	3.241808011751178800e-20	1.283823040420333222e-03	3.492584609538320402e-08	2.820055575735594450e-28	1.138541239991536386e-13	8.038029784119159951e-10	6.956293718134865712e-10	4.360634204368318178e-18	4.222232281461770759e-10	2.391913293784928773e-07	5.128406303586531545e-02	1.871593696413531571e-02	8.338523924901833104e-15	1.871590134265160854e-02
8.280000000000000000e+02	7.161394923509944695e-04	1.950173197855958746e-13	3.202115527353494158e-20	1.283823255928428966e-03	3.492584502256970053e-08	2.820055489112313353e-28	1.124601023824089841e-13	7.939612823035851278e-10	6.871120965422274261e-10	4.359681535105999493e-18	4.222229956812768291e-10	2.362627514801209321e-07	5.128406031295000556e-02	1.871593968705061520e-02	8.348490683933467919e-15	1.871590407408525031e-02
8.290000000000000000e+02	7.161392976210204618e-04	1.926295419233426647e-13	3.162909058148108651e-20	1.283823468797862201e-03	3.492584396289181193e-08	2.820055403549656903e-28	1.110831498636740370e-13	7.842400926235617804e-10	6.786991120190469684e-10	4.358740530910255813e-18	4.222227660627104468e-10	2.333700310128031788e-07	5.128405762337400614e-02	1.871594237662660420e-02	8.358457442660832772e-15	1.871590677207527614e-02
8.300000000000000000e+02	7.161391052752945265e-04	1.902710012058071169e-13	3.124182652533289329e-20	1.283823679060934345e-03	3.492584291618842991e-08	2.820055319034614773e-28	1.097230574201792231e-13	7.746379336936837322e-10	6.703891411088816157e-10	4.357811048931760876e-18	4.222225392556248806e-10	2.305127289153114660e-07	5.128405496672910902e-02	1.871594503327150480e-02	8.368424201087651087e-15	1.871590943703118487e-02
8.310000000000000000e+02	7.161389152846233275e-04	1.879413396069598772e-13	3.085930431848078720e-20	1.283823886749566046e-03	3.492584188230095417e-08	2.820055235554388286e-28	1.083796185908542879e-13	7.651533479209762657e-10	6.621809223292972256e-10	4.356892948071946559e-18	4.222223152255939592e-10	2.276904115064638207e-07	5.128405234261206730e-02	1.871594765738854652e-02	8.378390959217606844e-15	1.871591206935747237e-02
8.320000000000000000e+02	7.161387276201705565e-04	1.856402034828984639e-13	3.048146589384491980e-20	1.283824091895275276e-03	3.492584086107219392e-08	2.820055153096263966e-28	1.070526294416364402e-13	7.557848955527415644e-10	6.540732096385028674e-10	4.355986088959334746e-18	4.222220939386125460e-10	2.249026504122853063e-07	5.128404975062460930e-02	1.871595024937601145e-02	8.388357717054331958e-15	1.871591466945366281e-02
8.330000000000000000e+02	7.161385422534528129e-04	1.833672435238228545e-13	3.010825389598982198e-20	1.283824294529204010e-03	3.492583985234743330e-08	2.820055071647770930e-28	1.057418885377775990e-13	7.465311544810462003e-10	6.460647722661203187e-10	4.355090333930516067e-18	4.222218753610923519e-10	2.221490225078704599e-07	5.128404719037329973e-02	1.871595280962731409e-02	8.398324474601420479e-15	1.871591723771440230e-02
8.340000000000000000e+02	7.161383591563361345e-04	1.811221146963291621e-13	2.973961167164911144e-20	1.283824494682097618e-03	3.492583885597322038e-08	2.820054991196511386e-28	1.044471969105666173e-13	7.373907200077969799e-10	6.381543945098423911e-10	4.354205547007508671e-18	4.222216594598567651e-10	2.194291098475137417e-07	5.128404466146954666e-02	1.871595533853106369e-02	8.408291231862417550e-15	1.871591977452950750e-02
8.350000000000000000e+02	7.161381783010310103e-04	1.789044761935321440e-13	2.937548326153585481e-20	1.283824692384343902e-03	3.492583787179859800e-08	2.820054911730296951e-28	1.031683580285676285e-13	7.283622046416865089e-10	6.303408755596752483e-10	4.353331593878048255e-18	4.222214462021352164e-10	2.167424996043253770e-07	5.128404216352953210e-02	1.871595783647107478e-02	8.418257988840819401e-15	1.871592228028400376e-02
8.360000000000000000e+02	7.161379996600880432e-04	1.767139913820320390e-13	2.901581339163471614e-20	1.283824887665949242e-03	3.492583689967417735e-08	2.820054833237066594e-28	1.019051777670378654e-13	7.194442378822924344e-10	6.226230293110647605e-10	4.352468341874690956e-18	4.222212355555583187e-10	2.140887840060215732e-07	5.128403969617411490e-02	1.871596030382648851e-02	8.428224745540092286e-15	1.871592475535823613e-02
8.370000000000000000e+02	7.161378232063935053e-04	1.745503277528653173e-13	2.866054746514819933e-20	1.283825080556547050e-03	3.492583593945225044e-08	2.820054755704889772e-28	1.006574643796432102e-13	7.106354660203953217e-10	6.149996841920560815e-10	4.351615659955481636e-18	4.222210274881529049e-10	2.114675602755408402e-07	5.128403725902880295e-02	1.871596274097181087e-02	8.438191501963651975e-15	1.871592720012784511e-02
8.380000000000000000e+02	7.161376489131660852e-04	1.724131568677076731e-13	2.830963155366340658e-20	1.283825271085424014e-03	3.492583499098737245e-08	2.820054679122025173e-28	9.942502846743545048e-14	7.019345519189663536e-10	6.074696829737290813e-10	4.350773418682756326e-18	4.222208219683375810e-10	2.088784305659073418e-07	5.128403485172368381e-02	1.871596514827693000e-02	8.448158258114879524e-15	1.871592961496389845e-02
8.390000000000000000e+02	7.161374767539526592e-04	1.703021543130449930e-13	2.796301238962706900e-20	1.283825459281493853e-03	3.492583405413546176e-08	2.820054603476840001e-28	9.820768295242489634e-14	6.933401748265963294e-10	6.000318826087075647e-10	4.349941490205075464e-18	4.222206189649176600e-10	2.063210019047467170e-07	5.128403247389338310e-02	1.871596752610723766e-02	8.458125013997100771e-15	1.871593200023293282e-02
8.400000000000000000e+02	7.161373067026236298e-04	1.682169996463588301e-13	2.762063735750932579e-20	1.283825645173311200e-03	3.492583312875402491e-08	2.820054528757827468e-28	9.700524304654758925e-14	6.848510301584108831e-10	5.926851540415301842e-10	4.349119748236017094e-18	4.222204184470808193e-10	2.037948861291260066e-07	5.128403012517698117e-02	1.871596987482362570e-02	8.468091769613616310e-15	1.871593435629697461e-02
8.410000000000000000e+02	7.161371387333693474e-04	1.661573763514185639e-13	2.728245448646297013e-20	1.283825828789101958e-03	3.492583221470300368e-08	2.820054454953678981e-28	9.581752622588420448e-14	6.764658293140638645e-10	5.854283820511164769e-10	4.348308068036544591e-18	4.222202203843912584e-10	2.012996998314259972e-07	5.128402780521800625e-02	1.871597219478259369e-02	8.478058524967674671e-15	1.871593668351361622e-02
8.420000000000000000e+02	7.161369728206962073e-04	1.641229717872207187e-13	2.694841244193940658e-20	1.283826010156720364e-03	3.492583131184324646e-08	2.820054382053159042e-28	9.464435220121558428e-14	6.681832994698646808e-10	5.782604650708372972e-10	4.347506326394899184e-18	4.222200247467865972e-10	1.988350642975161808e-07	5.128402551366436496e-02	1.871597448633624539e-02	8.488025280062492828e-15	1.871593898223608207e-02
8.430000000000000000e+02	7.161368089394236141e-04	1.621134771416245913e-13	2.661846051807575105e-20	1.283826189303694095e-03	3.492583042003771918e-08	2.820054310045202998e-28	9.348554289128613397e-14	6.600021833900246759e-10	5.711803150251432337e-10	4.346714401608316719e-18	4.222198315045722925e-10	1.964006054506176726e-07	5.128402325016819668e-02	1.871597674983239284e-02	8.497992034901243579e-15	1.871594125281325974e-02
8.440000000000000000e+02	7.161366470646780185e-04	1.601285873864208547e-13	2.629254863031737850e-20	1.283826366257230771e-03	3.492582953915153186e-08	2.820054238918927357e-28	9.234092239689394424e-14	6.519212392437396829e-10	5.641868571712386206e-10	4.345932173465333750e-18	4.222196406284154340e-10	1.939959537969020438e-07	5.128402101438601229e-02	1.871597898561459111e-02	8.507958789487061859e-15	1.871594349558977979e-02
8.450000000000000000e+02	7.161364871718918328e-04	1.581680012273821980e-13	2.597062730721622997e-20	1.283826541044182827e-03	3.492582866905083342e-08	2.820054168663521268e-28	9.121031697208698039e-14	6.439392404018418363e-10	5.572790299230735304e-10	4.345159523226069105e-18	4.222194520893447447e-10	1.916207443650106806e-07	5.128401880597843743e-02	1.871598119402216251e-02	8.517925543823043156e-15	1.871594571090604703e-02
8.460000000000000000e+02	7.161363292367970345e-04	1.562314210601313676e-13	2.565264768318417914e-20	1.283826713691073101e-03	3.492582780960369188e-08	2.820054099268291816e-28	9.009355499871418975e-14	6.360549752571387347e-10	5.504557846958409533e-10	4.344396333604758007e-18	4.222192658587578181e-10	1.892746166526209286e-07	5.128401662461029575e-02	1.871598337539030418e-02	8.527892297912248253e-15	1.871594789909828555e-02
8.470000000000000000e+02	7.161361732354233232e-04	1.543185529265342745e-13	2.533856149133436878e-20	1.283826884224106542e-03	3.492582696067934653e-08	2.820054030722736213e-28	8.899046696127848398e-14	6.282672470468718399e-10	5.437160857523049402e-10	4.343642488752870144e-18	4.222190819083684895e-10	1.869572145736426409e-07	5.128401446995049101e-02	1.871598553005009505e-02	8.537859051757698485e-15	1.871595006049860815e-02
8.480000000000000000e+02	7.161360191440934581e-04	1.524291064686213790e-13	2.502832105591345865e-20	1.283827052669158936e-03	3.492582612214885644e-08	2.820053963016424762e-28	8.790088542036609893e-14	6.205748736651468625e-10	5.370589100404513119e-10	4.342897874240565278e-18	4.222189002102634457e-10	1.846681864024304712e-07	5.128401234167202782e-02	1.871598765832856864e-02	8.547825805362374169e-15	1.871595219543508576e-02
8.490000000000000000e+02	7.161358669394211982e-04	1.505627948821149988e-13	2.472187928467193361e-20	1.283827219051804011e-03	3.492582529388526594e-08	2.820053896139103994e-28	8.682464498584699541e-14	6.129766874737251926e-10	5.304832470297210971e-10	4.342162377038594120e-18	4.222187207368651572e-10	1.824071847175063688e-07	5.128401023945186599e-02	1.871598976054872007e-02	8.557792558729231956e-15	1.871595430423172654e-02
8.500000000000000000e+02	7.161357165983053396e-04	1.487193348785635562e-13	2.441918966264659091e-20	1.283827383397295437e-03	3.492582447576279726e-08	2.820053830080618196e-28	8.576158229503955538e-14	6.054715351478745530e-10	5.239880985775868167e-10	4.341435885503299962e-18	4.222185434609321365e-10	1.801738663557159856e-07	5.128400816297094822e-02	1.871599183702965172e-02	8.567759311861179587e-15	1.871595638720860433e-02
8.510000000000000000e+02	7.161355680979285222e-04	1.468984466363708355e-13	2.412020624411956601e-20	1.283827545730580706e-03	3.492582366765744609e-08	2.820053764830952005e-28	8.471153598447093927e-14	5.980582774770037892e-10	5.175724787569941291e-10	4.340718289357380947e-18	4.222183683555579043e-10	1.779678923529277930e-07	5.128400611191408914e-02	1.871599388808650039e-02	8.577726064761090094e-15	1.871595844468187941e-02
8.520000000000000000e+02	7.161354214157526765e-04	1.450998537616630034e-13	2.382488364619272607e-20	1.283827706076288338e-03	3.492582286944624045e-08	2.820053700380189611e-28	8.367434666731070371e-14	5.907357892053504686e-10	5.112354137184730973e-10	4.340009479674471074e-18	4.222181953941653028e-10	1.757889278966509328e-07	5.128400408597001692e-02	1.871599591403057261e-02	8.587692817431804953e-15	1.871596047696380896e-02
8.530000000000000000e+02	7.161352765295153373e-04	1.433232832450366914e-13	2.353317704168649548e-20	1.283827864458755852e-03	3.492582208100813405e-08	2.820053636718541206e-28	8.264985690842949360e-14	5.835029588558933598e-10	5.049759415377262315e-10	4.339309348861910058e-18	4.222180245505018940e-10	1.736366422736604436e-07	5.128400208483123446e-02	1.871599791516935507e-02	8.597659569876134088e-15	1.871596248436284762e-02
8.540000000000000000e+02	7.161351334172267160e-04	1.415684654217058185e-13	2.324504215259525395e-20	1.283828020902027384e-03	3.492582130222360259e-08	2.820053573836362269e-28	8.163791120141683551e-14	5.763586885681118123e-10	4.987931120752034134e-10	4.338617790645298142e-18	4.222178557986369615e-10	1.715107088217428257e-07	5.128400010819399862e-02	1.871599989180657009e-02	8.607626322096849555e-15	1.871596446718366835e-02
8.550000000000000000e+02	7.161349920571666652e-04	1.398351339292155418e-13	2.296043524314465400e-20	1.283828175429840021e-03	3.492582053297424674e-08	2.820053511724093030e-28	8.063835594419685384e-14	5.693018939258339612e-10	4.926859868271013356e-10	4.337934700051670403e-18	4.222176891129576849e-10	1.694108048784906502e-07	5.128399815575835491e-02	1.871600184424223115e-02	8.617593074096683968e-15	1.871596642572720751e-02
8.560000000000000000e+02	7.161348524278805588e-04	1.381230256659692004e-13	2.267931311298171624e-20	1.283828328065652431e-03	3.492581977314347376e-08	2.820053450372318557e-28	7.965103941511221700e-14	5.623315037883939651e-10	4.866536387792224004e-10	4.337259973393191829e-18	4.222175244681644866e-10	1.673366117310827427e-07	5.128399622722792928e-02	1.871600377277265331e-02	8.627559825878346277e-15	1.871596836029073077e-02
8.570000000000000000e+02	7.161347145081764726e-04	1.364318807539973629e-13	2.240163309106167194e-20	1.283828478832628375e-03	3.492581902261591509e-08	2.820053389771720776e-28	7.867581175145466312e-14	5.554464601390630492e-10	4.806951522757874942e-10	4.336593508252490208e-18	4.222173618392679819e-10	1.652878145712021516e-07	5.128399432231003918e-02	1.871600567769055035e-02	8.637526577444507563e-15	1.871597027116785744e-02
8.580000000000000000e+02	7.161345782771218237e-04	1.347614424970698934e-13	2.212735302877010003e-20	1.283828627753648855e-03	3.492581828127757865e-08	2.820053329913101339e-28	7.771252492530976355e-14	5.486457179145176402e-10	4.748096228718385312e-10	4.335935203466125484e-18	4.222172012015840672e-10	1.632641024443130629e-07	5.128399244071554786e-02	1.871600755928503473e-02	8.647493328797805778e-15	1.871597215864859859e-02
8.590000000000000000e+02	7.161344437140413103e-04	1.331114573422693381e-13	2.185643129361344225e-20	1.283828774851313633e-03	3.492581754901592153e-08	2.820053270787369070e-28	7.676103272139799677e-14	5.419282448484028656e-10	4.689961571978347780e-10	4.335284959109471977e-18	4.222170425307318009e-10	1.612651682031289653e-07	5.128399058215890594e-02	1.871600941784168359e-02	8.657460079940844163e-15	1.871597402301942992e-02
8.600000000000000000e+02	7.161343107985118162e-04	1.314816748432694877e-13	2.158882676318937986e-20	1.283828920147957490e-03	3.492581682571990964e-08	2.820053212385561489e-28	7.582119071589898275e-14	5.352930213218336162e-10	4.632538728302606605e-10	4.334642676482219218e-18	4.222168858026288017e-10	1.592907084631471266e-07	5.128398874635800575e-02	1.871601125364257337e-02	8.667426830876200715e-15	1.871597586456331952e-02
8.610000000000000000e+02	7.161341795103604588e-04	1.298718476195768913e-13	2.132449881849459121e-20	1.283829063665630713e-03	3.492581611127974633e-08	2.820053154698812076e-28	7.489285625294734073e-14	5.287390401974641838e-10	4.575818981480062203e-10	4.334008258092332024e-18	4.222167309934869061e-10	1.573404235532911630e-07	5.128398693303424377e-02	1.871601306696633535e-02	8.677393581606417144e-15	1.871597768355975910e-02
8.620000000000000000e+02	7.161340498296619875e-04	1.282817313201208482e-13	2.106340733794644556e-20	1.283829205426103865e-03	3.492581540558746136e-08	2.820053097718396010e-28	7.397588842363654406e-14	5.222653066712580117e-10	4.519793722040732625e-10	4.333381607641696936e-18	4.222165780798079808e-10	1.554140174718215185e-07	5.128398514191240959e-02	1.871601485808818341e-02	8.687360332134006761e-15	1.871597948028482297e-02
8.630000000000000000e+02	7.161339217367346634e-04	1.267110845877089515e-13	2.080551269154606005e-20	1.283829345450903780e-03	3.492581470853521024e-08	2.820053041435616272e-28	7.307014804552273619e-14	5.158708381277825803e-10	4.464454446003281652e-10	4.332762630012074483e-18	4.222164270383858357e-10	1.535111978432936712e-07	5.128398337272063734e-02	1.871601662727995566e-02	8.697327082461445011e-15	1.871598125501121659e-02
8.640000000000000000e+02	7.161337952121373321e-04	1.251596690195118715e-13	2.055077573439094316e-20	1.283829483761268894e-03	3.492581402001721311e-08	2.820052985841924717e-28	7.217549763983655857e-14	5.095546639793392173e-10	4.409792753482652557e-10	4.332151231249582346e-18	4.222162778462946949e-10	1.516316758707057477e-07	5.128398162519041265e-02	1.871601837481017688e-02	8.707293832591189986e-15	1.871598300800828701e-02
8.650000000000000000e+02	7.161336702366677973e-04	1.236272491322654262e-13	2.029915780096076658e-20	1.283829620378210395e-03	3.492581333992953638e-08	2.820052930928934183e-28	7.129180141141720505e-14	5.033158255242949771e-10	4.355800347463923799e-10	4.331547318550946538e-18	4.222161304808908508e-10	1.497751662933599842e-07	5.128397989905652404e-02	1.871602010094406549e-02	8.717260582525657176e-15	1.871598473954208530e-02
8.660000000000000000e+02	7.161335467913581589e-04	1.221135923275434350e-13	2.005062069941542990e-20	1.283829755322448470e-03	3.492581266816857733e-08	2.820052876688276786e-28	7.041892522868677760e-14	4.971533758057078570e-10	4.302469032578656618e-10	4.330950800249824979e-18	4.222159849198074949e-10	1.479413873448104256e-07	5.128397819405697972e-02	1.871602180594360981e-02	8.727227332267235253e-15	1.871598644987542900e-02
8.670000000000000000e+02	7.161334248574731864e-04	1.206184688549992490e-13	1.980512670555941284e-20	1.283829888614469988e-03	3.492581200463249349e-08	2.820052823111728139e-28	6.955673660245269764e-14	4.910663794616749363e-10	4.249790713809655298e-10	4.330361585802316810e-18	4.222158411409516670e-10	1.461300607083478506e-07	5.128397650993300055e-02	1.871602349006757857e-02	8.737194081818292378e-15	1.871598813926788479e-02
8.680000000000000000e+02	7.161333044165071752e-04	1.191416517775163252e-13	1.956263855711965687e-20	1.283830020274504208e-03	3.492581134922060705e-08	2.820052770191159813e-28	6.870510466581169534e-14	4.850539125834583892e-10	4.197757395263009795e-10	4.329779585773233587e-18	4.222156991225015671e-10	1.443409114747982603e-07	5.128397484642900628e-02	1.871602515357157978e-02	8.747160831181158845e-15	1.871598980797586562e-02
8.690000000000000000e+02	7.161331854501804765e-04	1.176829169365117252e-13	1.932311944804850791e-20	1.283830150322533194e-03	3.492581070183343796e-08	2.820052717918540686e-28	6.786390015414163389e-14	4.791150625742319881e-10	4.146361178945544508e-10	4.329204711822406690e-18	4.222155588429020057e-10	1.425736681005059154e-07	5.128397320329250442e-02	1.871602679670807470e-02	8.757127580358134973e-15	1.871599145625262375e-02
8.700000000000000000e+02	7.161330679404378716e-04	1.162420429204372657e-13	1.908653302335171271e-20	1.283830278778294413e-03	3.492581006237278334e-08	2.820052666285934702e-28	6.703299538693737500e-14	4.732489280208446371e-10	4.095594263654901127e-10	4.328636876692307450e-18	4.222154202808609919e-10	1.408280623691891125e-07	5.128397158027411806e-02	1.871602841972645065e-02	8.767094329351502148e-15	1.871599308434832715e-02
8.710000000000000000e+02	7.161329518694452105e-04	1.148188110274165921e-13	1.885284337295358272e-20	1.283830405661279001e-03	3.492580943074131381e-08	2.820052615285501762e-28	6.621226424626490498e-14	4.674546185417123005e-10	4.045448943663026920e-10	4.328075994193269098e-18	4.222152834153514396e-10	1.391038293466924790e-07	5.128396997712753730e-02	1.871603002287304529e-02	8.777061078163508622e-15	1.871599469251007675e-02
8.720000000000000000e+02	7.161328372195859427e-04	1.134130052344369164e-13	1.862201502663832236e-20	1.283830530990742172e-03	3.492580880684322200e-08	2.820052564909487418e-28	6.540158215899555607e-14	4.617312546613923484e-10	3.995917607630598928e-10	4.327521979191411957e-18	4.222151482255970016e-10	1.374007073436782945e-07	5.128396839360942205e-02	1.871603160639116400e-02	8.787027826796371096e-15	1.871599628098194121e-02
8.730000000000000000e+02	7.161327239734600328e-04	1.120244121643374850e-13	1.839401294862973396e-20	1.283830654785720997e-03	3.492580819058428211e-08	2.820052515150287440e-28	6.460082607776942963e-14	4.560779676761913153e-10	3.946992737443860161e-10	4.326974747595577163e-18	4.222150146910805484e-10	1.357184378756498446e-07	5.128396682947944374e-02	1.871603317052113191e-02	8.796994575252284181e-15	1.871599785000500893e-02
8.740000000000000000e+02	7.161326121138803825e-04	1.106528210517160840e-13	1.816880253199312922e-20	1.283830777064987137e-03	3.492580758187041393e-08	2.820052466000310153e-28	6.380987446133503865e-14	4.504938995153641485e-10	3.898666907013273142e-10	4.326434216343909867e-18	4.222148827915350694e-10	1.340567656216619796e-07	5.128396528450021585e-02	1.871603471550034939e-02	8.806961323533417243e-15	1.871599939981741234e-02
8.750000000000000000e+02	7.161325016238699040e-04	1.092980237141987244e-13	1.794634959391793832e-20	1.283830897847100614e-03	3.492580698060933719e-08	2.820052417452099751e-28	6.302860725798167625e-14	4.449782026241511284e-10	3.850932781261202316e-10	4.325900303392537846e-18	4.222147525069412945e-10	1.324154383895303475e-07	5.128396375843727317e-02	1.871603624156329901e-02	8.816928071641903363e-15	1.871600093065436260e-02
8.760000000000000000e+02	7.161323924866596757e-04	1.079598145170529199e-13	1.772662036990732978e-20	1.283831017150400709e-03	3.492580638671000908e-08	2.820052369498307603e-28	6.225690588513317442e-14	4.395300398197125769e-10	3.803783114875016825e-10	4.325372927701625463e-18	4.222146238175253677e-10	1.307942070729742537e-07	5.128396225105898154e-02	1.871603774894159411e-02	8.826894819579862999e-15	1.871600244274820510e-02
8.770000000000000000e+02	7.161322846856862327e-04	1.066379903443504537e-13	1.750958150904324246e-20	1.283831134992989911e-03	3.492580580008217428e-08	2.820052322131646059e-28	6.149465321271866562e-14	4.341485841737294400e-10	3.757210751290993217e-10	4.324852009224005284e-18	4.222144967037556937e-10	1.291928256166953981e-07	5.128396076213656563e-02	1.871603923786400309e-02	8.836861567349380321e-15	1.871600393632843334e-02
8.780000000000000000e+02	7.161321782045889641e-04	1.053323505674137879e-13	1.729520006880537220e-20	1.283831251392757991e-03	3.492580522063695387e-08	2.820052275344938229e-28	6.074173354497674241e-14	4.288330188839441546e-10	3.711208621582501463e-10	4.324337468892738114e-18	4.222143711463397321e-10	1.276110509781646454e-07	5.128395929144407422e-02	1.871604070855649796e-02	8.846828314952520567e-15	1.871600541162170631e-02
8.790000000000000000e+02	7.161320730272070778e-04	1.040426970144498662e-13	1.708344351008520102e-20	1.283831366367357276e-03	3.492580464828601159e-08	2.820052229131050719e-28	5.999803260294453766e-14	4.235825371505364898e-10	3.665769743390023580e-10	4.323829228609156820e-18	4.222142471262209478e-10	1.260486430908468723e-07	5.128395783875826924e-02	1.871604216124229600e-02	8.856795062391317421e-15	1.871600686885195944e-02
8.800000000000000000e+02	7.161319691375784072e-04	1.027688339407170482e-13	1.687427969228744842e-20	1.283831479934262288e-03	3.492580408294315522e-08	2.820052183483025465e-28	5.926343750725404392e-14	4.183963420546678940e-10	3.620887219869958023e-10	4.323327211231100447e-18	4.222141246245767943e-10	1.245053648280719417e-07	5.128395640385869508e-02	1.871604359614187016e-02	8.866761809667787211e-15	1.871600830824034223e-02
8.810000000000000000e+02	7.161318665199356169e-04	1.015105679986068841e-13	1.666767686841766815e-20	1.283831592110678231e-03	3.492580352452179550e-08	2.820052138393868531e-28	5.853783676087952355e-14	4.132736464366817860e-10	3.576554238640446242e-10	4.322831340561112880e-18	4.222140036228146294e-10	1.229809819668015714e-07	5.128395498652757456e-02	1.871604501347298721e-02	8.876728556783916289e-15	1.871600973000531534e-02
8.820000000000000000e+02	7.161317651587042511e-04	1.002677082078023905e-13	1.646360368018228517e-20	1.283831702913654400e-03	3.492580297293776513e-08	2.820052093856786422e-28	5.782112023192874151e-14	4.082136727746124365e-10	3.532764070729859654e-10	4.322341541334710860e-18	4.222138841025692858e-10	1.214752631514888998e-07	5.128395358654978115e-02	1.871604641345077022e-02	8.886695303741665763e-15	1.871601113436264716e-02
8.830000000000000000e+02	7.161316650385016495e-04	9.904006592643112308e-14	1.626202915325207185e-20	1.283831812359993328e-03	3.492580242810702919e-08	2.820052049864994163e-28	5.711317913700823658e-14	4.032156530667461044e-10	3.489510069560367339e-10	4.321857739208984009e-18	4.222137660457010030e-10	1.199879798591427709e-07	5.128395220371285979e-02	1.871604779628767770e-02	8.896662050542976231e-15	1.871601252152549008e-02
8.840000000000000000e+02	7.161315661441321765e-04	9.782745482375049602e-14	1.606292269277718983e-20	1.283831920466312580e-03	3.492580188994710122e-08	2.820052006411827850e-28	5.641390602547197153e-14	3.982788287204189591e-10	3.446785669985497963e-10	4.321379860751849689e-18	4.222136494342908774e-10	1.185189063662480935e-07	5.128395083780693670e-02	1.871604916219359038e-02	8.906628797189759891e-15	1.871601389170437363e-02
8.850000000000000000e+02	7.161314684605873298e-04	9.662969084982954727e-14	1.586625407840897101e-20	1.283832027249010715e-03	3.492580135837606388e-08	2.820051963490674702e-28	5.572319476193773948e-14	3.934024504285867407e-10	3.404584387221831874e-10	4.320907833430093744e-18	4.222135342506412764e-10	1.170678197120470951e-07	5.128394948862471242e-02	1.871605051137581466e-02	8.916595543683914744e-15	1.871601524510724257e-02
8.860000000000000000e+02	7.161313719730416204e-04	9.544659220881574259e-14	1.567199345991040128e-20	1.283832132724308482e-03	3.492580083331348874e-08	2.820051921095046592e-28	5.504094051087078970e-14	3.885857780609908489e-10	3.362899815907063142e-10	4.320441585598849532e-18	4.222134204772747010e-10	1.156344996661636581e-07	5.128394815596142020e-02	1.871605184403911382e-02	8.926562290027302500e-15	1.871601658193950551e-02
8.870000000000000000e+02	7.161312766668514887e-04	9.427797933109386546e-14	1.548011135258494679e-20	1.283832236908204584e-03	3.492580031467965544e-08	2.820051879218497549e-28	5.436703972053063444e-14	3.838280805508129888e-10	3.321725629118998507e-10	4.319981046490589306e-18	4.222133080969170867e-10	1.142187286948848572e-07	5.128394683961479822e-02	1.871605316038573233e-02	8.936529036221773828e-15	1.871601790240405572e-02
8.880000000000000000e+02	7.161311825275524850e-04	9.312367484599158114e-14	1.529057863279461408e-20	1.283832339816512328e-03	3.492579980239580316e-08	2.820051837854673525e-28	5.370139010722915279e-14	3.791286357835551401e-10	3.281055577413816193e-10	4.319526146204411426e-18	4.222131970925146058e-10	1.128202919281047840e-07	5.128394553938506184e-02	1.871605446061546524e-02	8.946495782269154152e-15	1.871601920670129190e-02
8.890000000000000000e+02	7.161310895408576436e-04	9.198350355457368145e-14	1.510336653349297227e-20	1.283832441464842055e-03	3.492579929638398500e-08	2.820051796997277869e-28	5.304389063964331543e-14	3.744867304862814167e-10	3.240883487867465428e-10	4.319076815695297518e-18	4.222130874472200709e-10	1.114389771263752300e-07	5.128394425507488280e-02	1.871605574492563734e-02	8.956462528171242074e-15	1.871602049502917031e-02
8.900000000000000000e+02	7.161309976926545553e-04	9.085729240380439100e-14	1.491844663998273858e-20	1.283832541868632155e-03	3.492579879656770992e-08	2.820051756640135451e-28	5.239444152391526811e-14	3.699016601224292823e-10	3.201203263165266806e-10	4.318632986763922765e-18	4.222129791443926760e-10	1.100745746496141059e-07	5.128394298648936145e-02	1.871605701351117604e-02	8.966429273929812531e-15	1.871602176758321509e-02
8.910000000000000000e+02	7.161309069690034159e-04	8.974487045995824869e-14	1.473579088554985470e-20	1.283832641043119787e-03	3.492579830287106922e-08	2.820051716777117777e-28	5.175294418831938747e-14	3.653727287835603532e-10	3.162008880665014953e-10	4.318194592046188863e-18	4.222128721675944811e-10	1.087268774249024001e-07	5.128394173343591572e-02	1.871605826656460442e-02	8.976396019546624684e-15	1.871602302455657035e-02
8.920000000000000000e+02	7.161308173561358337e-04	8.864606888148723059e-14	1.455537154700845872e-20	1.283832739003350210e-03	3.492579781521899460e-08	2.820051677402164062e-28	5.111930126761585603e-14	3.608992490788996292e-10	3.123294391440960403e-10	4.317761565002519704e-18	4.222127665005898437e-10	1.073956809136228873e-07	5.128394049572442687e-02	1.871605950427610021e-02	8.986362765023417182e-15	1.871602426613999323e-02
8.930000000000000000e+02	7.161307288404510345e-04	8.756072089545657855e-14	1.437716124083163471e-20	1.283832835764201928e-03	3.492579733353780743e-08	2.820051638509323384e-28	5.049341658946187045e-14	3.564805420394011029e-10	3.085053919453510514e-10	4.317333839908595338e-18	4.222126621273417996e-10	1.060807830829215898e-07	5.128393927316701045e-02	1.871606072683350275e-02	8.996329510361901852e-15	1.871602549252191980e-02
8.940000000000000000e+02	7.161306414085158618e-04	8.648866177022093035e-14	1.420113291866501003e-20	1.283832931340339861e-03	3.492579685775377612e-08	2.820051600092644373e-28	4.987519515865518626e-14	3.521159370065089244e-10	3.047281660586458438e-10	4.316911351844555984e-18	4.222125590320091164e-10	1.047819843726143063e-07	5.128393806557814127e-02	1.871606193442237540e-02	9.006296255563774747e-15	1.871602670388847894e-02
8.950000000000000000e+02	7.161305550470608737e-04	8.542972879213468453e-14	1.402725986350264093e-20	1.283833025746271067e-03	3.492579638779479702e-08	2.820051562146303008e-28	4.926454314370384931e-14	3.478047715373415131e-10	3.009971881826373431e-10	4.316494036685843845e-18	4.222124571989450007e-10	1.034990876669805074e-07	5.128393687277452151e-02	1.871606312722597781e-02	9.016263000630703517e-15	1.871602790042351319e-02
8.960000000000000000e+02	7.161304697429792584e-04	8.438376123959090358e-14	1.385551568542427051e-20	1.283833118996347781e-03	3.492579592359021565e-08	2.820051524664594098e-28	4.866136786185514300e-14	3.435463912989992275e-10	2.973118920347839388e-10	4.316081831092960246e-18	4.222123566126945132e-10	1.022318982633200563e-07	5.128393569457515705e-02	1.871606430542533880e-02	9.026229745564346349e-15	1.871602908230862727e-02
8.970000000000000000e+02	7.161303854833248831e-04	8.335060035957863970e-14	1.368587431774617116e-20	1.283833211104698892e-03	3.492579546506892757e-08	2.820051487641778823e-28	4.806557776557749742e-14	3.393401499731275747e-10	2.936717182687467953e-10	4.315674672502228868e-18	4.222122572579915189e-10	1.009802238435615646e-07	5.128393453080121872e-02	1.871606546919927019e-02	9.036196490366326717e-15	1.871603024972318813e-02
8.980000000000000000e+02	7.161303022553100169e-04	8.233008934239454072e-14	1.351831001286889229e-20	1.283833302085320800e-03	3.492579501216182681e-08	2.820051451072275304e-28	4.747708242797720278e-14	3.351854091529621232e-10	2.900761143852835789e-10	4.315272499115832534e-18	4.222121591197563600e-10	9.974387444363376010e-08	5.128393338127608392e-02	1.871606661872440847e-02	9.046163235038264944e-15	1.871603140284436653e-02
8.990000000000000000e+02	7.161302200463028371e-04	8.132207329883737355e-14	1.335279733853257689e-20	1.283833391952000436e-03	3.492579456479958239e-08	2.820051414950486869e-28	4.689579252964754274e-14	3.310815382504845629e-10	2.865245346518935991e-10	4.314875249892822962e-18	4.222120621830947190e-10	9.852266242584465582e-08	5.128393224582530191e-02	1.871606775417520088e-02	9.056129979581751371e-15	1.871603254184718221e-02
9.000000000000000000e+02	7.161301388438276461e-04	8.032639923637203026e-14	1.318931117390329588e-20	1.283833480718396362e-03	3.492579412291488166e-08	2.820051379270976480e-28	4.632161984492337275e-14	3.270279143993828379e-10	2.830164400188308010e-10	4.314482864539728395e-18	4.222119664332949303e-10	9.731640245001253619e-08	5.128393112427651751e-02	1.871606887572397140e-02	9.066096723998355833e-15	1.871603366690448300e-02
9.010000000000000000e+02	7.161300586355604262e-04	7.934291603590171437e-14	1.302782670575906433e-20	1.283833568397980658e-03	3.492579368644063036e-08	2.820051344028329519e-28	4.575447722848660904e-14	3.230239223604871352e-10	2.795512980372613263e-10	4.314095283501400037e-18	4.222118718558249815e-10	9.612491144533350479e-08	5.128393001645955435e-02	1.871606998354094151e-02	9.076063468289635540e-15	1.871603477818702121e-02
9.020000000000000000e+02	7.161299794093279724e-04	7.837147442882377628e-14	1.286831942472249678e-20	1.283833655004044342e-03	3.492579325531017757e-08	2.820051309217160964e-28	4.519427860213504955e-14	3.190689544283602043e-10	2.761285827784181372e-10	4.313712447951961725e-18	4.222117784363304454e-10	9.494800858259190827e-08	5.128392892220625526e-02	1.871607107779423712e-02	9.086030212457122462e-15	1.871603587586345707e-02
9.030000000000000000e+02	7.161299011531070246e-04	7.741192697436626957e-14	1.271076512153956756e-20	1.283833740549732497e-03	3.492579282945812309e-08	2.820051274832193414e-28	4.464093894171331534e-14	3.151624103390308912e-10	2.727477747537459826e-10	4.313334299785894415e-18	4.222116861606337566e-10	9.378551524671128077e-08	5.128392784135055865e-02	1.871607215864993373e-02	9.095996956502329631e-15	1.871603696010037954e-02
9.040000000000000000e+02	7.161298238550204732e-04	7.646412803691679539e-14	1.255513988335704848e-20	1.283833825048048176e-03	3.492579240882036372e-08	2.820051240868248566e-28	4.409437426403909039e-14	3.113036971776962917e-10	2.694083608350205142e-10	4.312960781609073672e-18	4.222115950147294549e-10	9.263725500929544165e-08	5.128392677372841518e-02	1.871607322627206332e-02	9.105963700426760619e-15	1.871603803106233407e-02
9.050000000000000000e+02	7.161297475033375761e-04	7.552793376479861003e-14	1.240142009023767102e-20	1.283833908511802964e-03	3.492579199333273673e-08	2.820051207320146323e-28	4.355450161466417810e-14	3.074922292923156540e-10	2.661098341795649041e-10	4.312591836730440410e-18	4.222115049847851158e-10	9.150305360292276600e-08	5.128392571917780862e-02	1.871607428082266295e-02	9.115930444231887439e-15	1.871603908891186774e-02
9.060000000000000000e+02	7.161296720864708141e-04	7.460320206772167334e-14	1.224958241145759673e-20	1.283833990953650150e-03	3.492579158293185361e-08	2.820051174182768921e-28	4.302123905487121480e-14	3.037274282018092017e-10	2.628516941507971819e-10	4.312227409153116191e-18	4.222114160571376802e-10	9.038273889383478523e-08	5.128392467753869338e-02	1.871607532246177819e-02	9.125897187919175794e-15	1.871604013380952572e-02
9.070000000000000000e+02	7.161295975929739396e-04	7.368979259488533413e-14	1.209960380191104907e-20	1.283834072386117256e-03	3.492579117755580816e-08	2.820051141451118319e-28	4.249450564904659408e-14	3.000087225069127765e-10	2.596334462410781171e-10	4.311867443565704956e-18	4.222113282182896801e-10	8.927614085541526781e-08	5.128392364865298064e-02	1.871607635134748746e-02	9.135863931490070878e-15	1.871604116591387562e-02
9.080000000000000000e+02	7.161295240115417597e-04	7.278756671429906728e-14	1.195146149871493352e-20	1.283834152821570476e-03	3.492579077714320372e-08	2.820051109120234145e-28	4.197422145275571089e-14	2.963355478059922027e-10	2.564546019988497385e-10	4.311511885334107051e-18	4.222112414549066022e-10	8.818309154314436825e-08	5.128392263236451754e-02	1.871607736763595056e-02	9.145830674945987908e-15	1.871604218538158032e-02
9.090000000000000000e+02	7.161294513310076425e-04	7.189638749155994445e-14	1.180513301772370338e-20	1.283834232272208819e-03	3.492579038163318628e-08	2.820051077185206250e-28	4.146030750050304621e-14	2.927073466086266436e-10	2.533146789538438859e-10	4.311160680493501197e-18	4.222111557538258315e-10	8.710342506888936395e-08	5.128392162851905939e-02	1.871607837148139830e-02	9.155797418288343677e-15	1.871604319236734246e-02
9.100000000000000000e+02	7.161293795403405899e-04	7.101611966903642495e-14	1.166059615011201972e-20	1.283834310750077336e-03	3.492578999096531209e-08	2.820051045641153182e-28	4.095268579373047513e-14	2.891235682508834377e-10	2.502132005437544589e-10	4.310813775739661627e-18	4.222110711020386089e-10	8.603697757569826497e-08	5.128392063696427666e-02	1.871607936303619490e-02	9.165764161518523425e-15	1.871604418702398770e-02
9.110000000000000000e+02	7.161293086286455627e-04	7.014662964533643947e-14	1.151782895900315072e-20	1.283834388267099651e-03	3.492578960508069251e-08	2.820051014483317701e-28	4.045127928897598497e-14	2.855836688117177977e-10	2.471496960418833596e-10	4.310471118421142660e-18	4.222109874866973200e-10	8.498358721292808118e-08	5.128391965754964393e-02	1.871608034245079294e-02	9.175730904637904504e-15	1.871604516950247862e-02
9.120000000000000000e+02	7.161292385851608785e-04	6.928778545502322659e-14	1.137680977613844149e-20	1.283834464835039791e-03	3.492578922392072345e-08	2.820050983706972162e-28	3.995601188617676773e-14	2.820871110303939743e-10	2.441237004856712606e-10	4.310132656531233710e-18	4.222109048951122906e-10	8.394309411167696249e-08	5.128391869012657867e-02	1.871608130987387208e-02	9.185697647647843754e-15	1.871604613995191818e-02
9.130000000000000000e+02	7.161291693992561519e-04	6.843945674858019690e-14	1.123751719858762407e-20	1.283834540465514980e-03	3.492578884742746918e-08	2.820050953307434211e-28	3.946680841711569571e-14	2.786333642249198193e-10	2.411347546061039952e-10	4.309798338700040631e-18	4.222108233147481153e-10	8.291534036051763138e-08	5.128391773454820529e-02	1.871608226545223505e-02	9.195664390549677506e-15	1.871604709851959134e-02
9.140000000000000000e+02	7.161291010604314269e-04	6.760151477250522087e-14	1.109993008548036689e-20	1.283834615170008657e-03	3.492578847554394026e-08	2.820050923280105795e-28	3.898359463394242982e-14	2.752219042110066086e-10	2.381824047575751897e-10	4.309468114186669523e-18	4.222107427332237100e-10	8.190016998138715914e-08	5.128391679066953562e-02	1.871608320933090472e-02	9.205631133344726312e-15	1.871604804535097547e-02
9.150000000000000000e+02	7.161290335583153340e-04	6.677383234989845325e-14	1.096402755481887270e-20	1.283834688959850732e-03	3.492578810821349137e-08	2.820050893620411282e-28	3.850629719797915517e-14	2.718522132230397410e-10	2.352662028494875771e-10	4.309141932871551513e-18	4.222106631383093643e-10	8.089742890607468119e-08	5.128391585834730926e-02	1.871608414165314149e-02	9.215597876034305993e-15	1.871604898058976119e-02
9.160000000000000000e+02	7.161289668826635721e-04	6.595628386178156411e-14	1.082978898041054329e-20	1.283834761846235377e-03	3.492578774538027126e-08	2.820050864323841406e-28	3.803484366894799750e-14	2.685237798380242889e-10	2.323857062804312635e-10	4.308819745249100346e-18	4.222105845179252428e-10	7.990696495359480454e-08	5.128391493744001439e-02	1.871608506256042595e-02	9.225564618619700814e-15	1.871604990437789398e-02
9.170000000000000000e+02	7.161289010233568486e-04	6.514874522638184754e-14	1.069719398846652537e-20	1.283834833840228175e-03	3.492578738698929560e-08	2.820050835385957301e-28	3.756916249302490491e-14	2.652360988912489203e-10	2.295404778651922247e-10	4.308501502419524866e-18	4.222105068601390067e-10	7.892862780509575222e-08	5.128391402780792252e-02	1.871608597219253170e-02	9.235531361102193463e-15	1.871605081685557073e-02
9.180000000000000000e+02	7.161288359704004458e-04	6.435109388165097572e-14	1.056622245473132567e-20	1.283834904952771546e-03	3.492578703298664543e-08	2.820050806802403060e-28	3.710918299275891431e-14	2.619886714051155372e-10	2.267300857731569225e-10	4.308187156081974248e-18	4.222104301531651933e-10	7.796226898268574985e-08	5.128391312931295659e-02	1.871608687068749763e-02	9.245498103483033496e-15	1.871605171816127094e-02
9.190000000000000000e+02	7.161287717139212935e-04	6.356320876692118073e-14	1.043685450147086109e-20	1.283834975194648098e-03	3.492578668331831579e-08	2.820050778568819635e-28	3.665483535649391154e-14	2.587810045144587215e-10	2.239541034636787642e-10	4.307876658527268000e-18	4.222103543853616492e-10	7.700774182721457055e-08	5.128391224181877428e-02	1.871608775818169382e-02	9.255464845763478357e-15	1.871605260843179144e-02
9.200000000000000000e+02	7.161287082441679689e-04	6.278497030305050919e-14	1.030907049421233333e-20	1.283835044576508598e-03	3.492578633793095023e-08	2.820050750680899547e-28	3.620605062691903489e-14	2.556126113857138009e-10	2.212121096161197928e-10	4.307569962630105956e-18	4.222102795452296849e-10	7.606490147422416527e-08	5.128391136519065696e-02	1.871608863480980073e-02	9.265431587944749203e-15	1.871605348780223249e-02
9.210000000000000000e+02	7.161286455515074442e-04	6.201626037545126868e-14	1.018285103895758725e-20	1.283835113108889757e-03	3.492578599677235695e-08	2.820050723134426794e-28	3.576276069128189624e-14	2.524830111478220900e-10	2.185036880700522244e-10	4.307267021842350639e-18	4.222102056214106114e-10	7.513360483339250981e-08	5.128391049929560686e-02	1.871608950070487512e-02	9.275398330028059302e-15	1.871605435640605677e-02
9.220000000000000000e+02	7.161285836264259536e-04	6.125696231582939980e-14	1.005817697918478405e-20	1.283835180802194061e-03	3.492578565979080738e-08	2.820050695925227074e-28	3.532489827085831033e-14	2.493917288178896877e-10	2.158284277609176513e-10	4.306967790185853551e-18	4.222101326026857398e-10	7.421371056641539089e-08	5.128390964400215274e-02	1.871609035599831536e-02	9.285365072014612455e-15	1.871605521437509287e-02
9.230000000000000000e+02	7.161285224595249823e-04	6.050696088447453623e-14	9.935029392940471233e-21	1.283835247666698879e-03	3.492578532693523472e-08	2.820050669049175415e-28	3.489239691073952486e-14	2.463382952290853480e-10	2.131859226576259844e-10	4.306672222245465594e-18	4.222100604779726596e-10	7.330507906555516435e-08	5.128390879918053036e-02	1.871609120081993427e-02	9.295331813905590376e-15	1.871605606183954565e-02
9.240000000000000000e+02	7.161284620415219165e-04	5.976614225276501358e-14	9.813389589966979851e-21	1.283835313712544321e-03	3.492578499815494932e-08	2.820050642502178678e-28	3.446519096974356664e-14	2.433222469594172826e-10	2.105757717009129457e-10	4.306380273162143005e-18	4.222099892363259100e-10	7.240757243245008196e-08	5.128390796470252283e-02	1.871609203529794527e-02	9.305298555702166890e-15	1.871605689892802057e-02
9.250000000000000000e+02	7.161284023632472247e-04	5.903439398588720866e-14	9.693239108864997057e-21	1.283835378949757522e-03	3.492578467340013506e-08	2.820050616280213682e-28	3.404321561045009191e-14	2.403431262613790203e-10	2.079975787424521825e-10	4.306091898626137273e-18	4.222099188669327411e-10	7.152105445718292937e-08	5.128390714044147453e-02	1.871609285955899010e-02	9.315265297405490579e-15	1.871605772576757226e-02
9.260000000000000000e+02	7.161283434156442409e-04	5.831160502576679827e-14	9.574559714290945327e-21	1.283835443388236814e-03	3.492578435262144566e-08	2.820050590379298943e-28	3.362640678935743438e-14	2.374004809924604446e-10	2.054509524847138083e-10	4.305807054870264397e-18	4.222098493591138376e-10	7.064539059760640771e-08	5.128390632627229800e-02	1.871609367372816315e-02	9.325232039016713180e-15	1.871605854248368367e-02
9.270000000000000000e+02	7.161282851897668878e-04	5.759766567420902198e-14	9.457333394188668817e-21	1.283835507037756930e-03	3.492578403577009731e-08	2.820050564795493338e-28	3.321470124716017222e-14	2.344938645465078818e-10	2.029355064215597290e-10	4.305525698663275832e-18	4.222097807023201652e-10	6.978044795892155304e-08	5.128390552207144626e-02	1.871609447792902531e-02	9.335198780536951720e-15	1.871605934920029732e-02
9.280000000000000000e+02	7.161282276767781587e-04	5.689246757624513425e-14	9.341542357054972444e-21	1.283835569907983967e-03	3.492578372279815324e-08	2.820050539524926593e-28	3.280803649914569319e-14	2.316228357859252499e-10	2.004508587795660617e-10	4.305247787303266422e-18	4.222097128861318331e-10	6.892609527350603052e-08	5.128390472771684333e-02	1.871609527228362824e-02	9.345165521967329535e-15	1.871606014603984652e-02
9.290000000000000000e+02	7.161281708679501177e-04	5.619590370347361215e-14	9.227169029204327409e-21	1.283835632008458903e-03	3.492578341365811343e-08	2.820050514563763859e-28	3.240635082558758537e-14	2.287869589738524604e-10	1.979966324593254671e-10	4.304973278611143183e-18	4.222096459002565432e-10	6.808220288073562587e-08	5.128390394308795369e-02	1.871609605691252481e-02	9.355132263308939989e-15	1.871606093312326580e-02
9.300000000000000000e+02	7.161281147546609722e-04	5.550786833865492623e-14	9.114196052239353302e-21	1.283835693348603889e-03	3.492578310830297417e-08	2.820050489908209297e-28	3.200958326286204729e-14	2.259858037114484551e-10	1.955724549811685920e-10	4.304702130924525496e-18	4.222095797345281423e-10	6.724864270832466540e-08	5.128390316806566429e-02	1.871609683193478299e-02	9.365099004562876442e-15	1.871606171057000473e-02
9.310000000000000000e+02	7.161280593283949648e-04	5.482825705839164491e-14	9.002606280206997471e-21	1.283835753937729836e-03	3.492578280668645967e-08	2.820050465554525366e-28	3.161767359346008851e-14	2.232189448673782722e-10	1.931779584241372688e-10	4.304434303090937334e-18	4.222095143789051747e-10	6.642528825134665099e-08	5.128390240253239557e-02	1.871609759746804477e-02	9.375065745730208589e-15	1.871606247849805574e-02
9.320000000000000000e+02	7.161280045807405297e-04	5.415696671808001661e-14	8.892382777127589470e-21	1.283835813785029478e-03	3.492578250876270442e-08	2.820050441499011291e-28	3.123056233730959260e-14	2.204859625165482247e-10	1.908127793729623932e-10	4.304169754461867692e-18	4.222094498234689177e-10	6.561201455400636261e-08	5.128390164637195575e-02	1.871609835362848459e-02	9.385032486811993504e-15	1.871606323702396449e-02
9.330000000000000000e+02	7.161279505033888836e-04	5.349389543593445722e-14	8.783508814371762093e-21	1.283835872899586911e-03	3.492578221448655097e-08	2.820050417738019661e-28	3.084819074256291749e-14	2.177864418750669372e-10	1.884765588617750070e-10	4.303908444886477416e-18	4.222093860584213654e-10	6.480869819028941702e-08	5.128390089946958941e-02	1.871609910053084747e-02	9.394999227809283527e-15	1.871606398626284029e-02
9.340000000000000000e+02	7.161278970881326160e-04	5.283894257842930517e-14	8.675967868270020229e-21	1.283835931290378245e-03	3.492578192381298085e-08	2.820050394267918311e-28	3.047050077720149057e-14	2.151199732409748053e-10	1.861689423228101665e-10	4.303650334705873802e-18	4.222093230740866758e-10	6.401521724632762422e-08	5.128390016171193583e-02	1.871609983828850451e-02	9.404965968723108912e-15	1.871606472632839080e-02
9.350000000000000000e+02	7.161278443268661231e-04	5.219200874340930938e-14	8.569743617339529633e-21	1.283835988966255774e-03	3.492578163669776305e-08	2.820050371085134714e-28	3.009743511929646260e-14	2.124861519254857703e-10	1.838895795268989222e-10	4.303395384746435323e-18	4.222092608609059498e-10	6.323145129994152708e-08	5.128389943298702208e-02	1.871610056701340785e-02	9.414932709554498331e-15	1.871606545733293936e-02
9.360000000000000000e+02	7.161277922115814876e-04	5.155299574615301932e-14	8.464819939995693867e-21	1.283836045935971611e-03	3.492578135309986281e-08	2.820050348186339384e-28	2.972893714897256268e-14	2.098845781962537148e-10	1.816381245343684551e-10	4.303143556314227197e-18	4.222091994094312339e-10	6.245728140376059639e-08	5.128389871318426996e-02	1.871610128681615651e-02	9.424899450304455218e-15	1.871606617938742154e-02
9.370000000000000000e+02	7.161277407343699967e-04	5.092180660417785986e-14	8.361180912057512290e-21	1.283836102208191351e-03	3.492578107297319622e-08	2.820050325567834239e-28	2.936495093964322253e-14	2.073148572154900994e-10	1.794142356414846391e-10	4.302894811189328376e-18	4.222091387103444418e-10	6.169259006681179193e-08	5.128389800219444045e-02	1.871610199780598602e-02	9.434866190973979846e-15	1.871606689260141634e-02
9.380000000000000000e+02	7.161276898874189981e-04	5.029834552250804023e-14	8.258810804328237390e-21	1.283836157791446364e-03	3.492578079627635132e-08	2.820050303226268271e-28	2.900542124951831212e-14	2.047765989800138146e-10	1.772175753285681195e-10	4.302649111619638520e-18	4.222090787544304196e-10	6.093726123668227936e-08	5.128389729990961987e-02	1.871610270009081353e-02	9.444832931564053559e-15	1.871606759708317053e-02
9.390000000000000000e+02	7.161276396630120080e-04	4.968251787913653548e-14	8.157694080208488560e-21	1.283836212694154178e-03	3.492578052296689706e-08	2.820050281158211997e-28	2.865029351321873130e-14	2.022694182620485465e-10	1.750478102087563676e-10	4.302406420315366756e-18	4.222090195325901806e-10	6.019118028190531394e-08	5.128389660622322682e-02	1.871610339377720311e-02	9.454799672075649812e-15	1.871606829293958468e-02
9.400000000000000000e+02	7.161275900535268683e-04	4.907423021066013128e-14	8.057815393337547632e-21	1.283836266924669438e-03	3.492578025300392439e-08	2.820050259360365975e-28	2.829951383349307995e-14	1.997929345507443123e-10	1.729046109773938498e-10	4.302166700443320913e-18	4.222089610358357871e-10	5.945423397456084709e-08	5.128389592102999134e-02	1.871610407897044207e-02	9.464766412509731014e-15	1.871606898027627919e-02
9.410000000000000000e+02	7.161275410514346624e-04	4.847339019809180477e-14	7.959159585263784116e-21	1.283836320491211916e-03	3.492577998634620663e-08	2.820050237829398479e-28	2.795302897303607234e-14	1.973467719944158781e-10	1.707876523620409282e-10	4.301929915621323866e-18	4.222089032552892646e-10	5.872631047308998887e-08	5.128389524422592022e-02	1.871610475577450972e-02	9.474733152867245378e-15	1.871606965919756296e-02
9.420000000000000000e+02	7.161274926492986305e-04	4.787990665284631393e-14	7.861711683143557108e-21	1.283836373401911826e-03	3.492577972295325825e-08	2.820050216562042802e-28	2.761078634640703894e-14	1.949305593434884930e-10	1.686966130730963733e-10	4.301696029912678408e-18	4.222088461821816197e-10	5.800729930531937585e-08	5.128389457570829008e-02	1.871610542429211904e-02	9.484699893149130068e-15	1.871607032980647164e-02
9.430000000000000000e+02	7.161274448397730863e-04	4.729368950289772083e-14	7.765456897468304992e-21	1.283836425664789879e-03	3.492577946278490475e-08	2.820050195555054209e-28	2.727273401204733247e-14	1.925439298941417633e-10	1.666311757550234864e-10	4.301465007820719189e-18	4.222087898078512375e-10	5.729709135169357817e-08	5.128389391537566816e-02	1.871610608462473749e-02	9.494666633356308053e-15	1.871607099220478146e-02
9.440000000000000000e+02	7.161273976156024403e-04	4.671464977910634321e-14	7.670380619819520503e-21	1.283836477287790675e-03	3.492577920580199069e-08	2.820050174805271371e-28	2.693882066439568212e-14	1.901865214326446890e-10	1.645910269381744292e-10	4.301236814283421642e-18	4.222087341237424339e-10	5.659557882871287911e-08	5.128389326312784297e-02	1.871610673687258003e-02	9.504633373489702299e-15	1.871607164649300922e-02
9.450000000000000000e+02	7.161273509696202246e-04	4.614269960167031459e-14	7.576468420644094000e-21	1.283836528278759284e-03	3.492577895196577757e-08	2.820050154309564796e-28	2.660899562607516050e-14	1.878579761801964942e-10	1.625758569910526218e-10	4.301011414668069478e-18	4.222086791214047315e-10	5.590265527252174695e-08	5.128389261886579648e-02	1.871610738113462652e-02	9.514600113550210532e-15	1.871607229277046439e-02
9.460000000000000000e+02	7.161273048947465990e-04	4.557775216683140362e-14	7.483706047071484027e-21	1.283836578645418695e-03	3.492577870123740774e-08	2.820050134064798714e-28	2.628320884022698287e-14	1.855579407388042773e-10	1.605853600734717538e-10	4.300788774766003824e-18	4.222086247924900170e-10	5.521821552280554094e-08	5.128389198249177355e-02	1.871610801750864250e-02	9.524566853538728895e-15	1.871607293113522474e-02
9.470000000000000000e+02	7.161272593839899774e-04	4.501972173394637912e-14	7.392079420790895642e-21	1.283836628395404727e-03	3.492577845357853310e-08	2.820050114067876368e-28	2.596141086305499223e-14	1.832860660386477249e-10	1.586192340910031292e-10	4.300568860787537228e-18	4.222085711287537295e-10	5.454215570712975223e-08	5.128389135390919173e-02	1.871610864609121391e-02	9.534533593456129871e-15	1.871607356168416419e-02
9.480000000000000000e+02	7.161272144304426908e-04	4.446852361188139971e-14	7.301574635817245311e-21	1.283836677536280557e-03	3.492577820895193054e-08	2.820050094315792028e-28	2.564355285597974969e-14	1.810420072826877637e-10	1.566771806470361293e-10	4.300351639356587252e-18	4.222085181220512418e-10	5.387437322445921758e-08	5.128389073302264817e-02	1.871610926697774707e-02	9.544500333303290671e-15	1.871607418451298743e-02
9.490000000000000000e+02	7.161271700272830477e-04	4.392407414645940044e-14	7.212177956430105916e-21	1.283836726075494655e-03	3.492577796732023796e-08	2.820050074805528755e-28	2.532958657839993103e-14	1.788254238955628766e-10	1.547589049985509849e-10	4.300137077505729909e-18	4.222084657643379640e-10	5.321476672995283248e-08	5.128389011973793349e-02	1.871610988026246175e-02	9.554467073081071155e-15	1.871607479971619872e-02
9.500000000000000000e+02	7.161271261677720811e-04	4.338629070829234242e-14	7.123875815175781636e-21	1.283836774020422847e-03	3.492577772864707264e-08	2.820050055534148531e-28	2.501946438067556046e-14	1.766359794740512465e-10	1.528641160132457987e-10	4.299925142671404870e-18	4.222084140476679992e-10	5.256323612022454917e-08	5.128388951396196938e-02	1.871611048603842586e-02	9.564433812790321714e-15	1.871607540738718517e-02
9.510000000000000000e+02	7.161270828452537653e-04	4.285509167924449850e-14	7.036654810644638843e-21	1.283836821378344468e-03	3.492577749289623055e-08	2.820050036498729032e-28	2.471313919632188793e-14	1.744733417319608303e-10	1.509925261218415696e-10	4.299715802688586030e-18	4.222083629641925406e-10	5.191968251694589077e-08	5.128388891560282242e-02	1.871611108439759016e-02	9.574400552431884852e-15	1.871607600761816120e-02
9.520000000000000000e+02	7.161270400531530647e-04	4.233039644071100267e-14	6.950501705546479170e-21	1.283836868156442356e-03	3.492577726003186499e-08	2.820050017696376184e-28	2.441056453525002510e-14	1.723371824524083783e-10	1.491438512767816073e-10	4.299509025786150801e-18	4.222083125061589414e-10	5.128400825264734985e-08	5.128388832456967639e-02	1.871611167543074661e-02	9.584367292006579407e-15	1.871607660050022062e-02
9.530000000000000000e+02	7.161269977849760420e-04	4.181212536121023542e-14	6.865403424673256207e-21	1.283836914361809363e-03	3.492577703001842042e-08	2.820049999124217885e-28	2.411169447661192004e-14	1.702271774373060999e-10	1.473178109085152957e-10	4.299304780581996728e-18	4.222082626659094738e-10	5.065611685568879450e-08	5.128388774077281137e-02	1.871611225922759775e-02	9.594334031515230527e-15	1.871607718612333660e-02
9.540000000000000000e+02	7.161269560343080150e-04	4.130019978429712424e-14	6.781347052914484440e-21	1.283836960001464829e-03	3.492577680282122805e-08	2.820049980779455575e-28	2.381648366183035466e-14	1.681430064581538513e-10	1.455141278829106990e-10	4.299103036078282125e-18	4.222082134358802430e-10	5.003591303561829220e-08	5.128388716412366627e-02	1.871611283587673938e-02	9.604300770958642849e-15	1.871607776457637901e-02
9.550000000000000000e+02	7.161269147948127979e-04	4.079454201662354445e-14	6.698319833296783251e-21	1.283837005082338976e-03	3.492577657840591025e-08	2.820049962659312665e-28	2.352488728771380777e-14	1.660843532074309276e-10	1.437325284591864304e-10	4.298903761656714485e-18	4.222081648085999986e-10	4.942330266870922729e-08	5.128388659453472082e-02	1.871611340546569177e-02	9.614267510337619436e-15	1.871607833594714915e-02
9.560000000000000000e+02	7.161268740602315082e-04	4.029507531614471612e-14	6.616309165047437115e-21	1.283837049611264878e-03	3.492577635673812911e-08	2.820049944761017499e-28	2.323686109965549269e-14	1.640509052505820272e-10	1.419727422483582598e-10	4.298706927073898202e-18	4.222081167766884803e-10	4.881819278367438231e-08	5.128388603191950945e-02	1.871611396808089273e-02	9.624234249652950724e-15	1.871607890032234850e-02
9.570000000000000000e+02	7.161268338243824590e-04	3.980172388047034126e-14	6.535302601681665796e-21	1.283837093594986274e-03	3.492577613778391066e-08	2.820049927081825772e-28	2.295236138491584376e-14	1.620423539785921445e-10	1.402345021721946189e-10	4.298512502456759330e-18	4.222080693328564172e-10	4.822049154755497126e-08	5.128388547619267684e-02	1.871611452380773227e-02	9.634200988905411376e-15	1.871607945778762730e-02
9.580000000000000000e+02	7.161267940811595319e-04	3.931441283535819025e-14	6.455287849113331459e-21	1.283837137040208520e-03	3.492577592151084927e-08	2.820049909619121431e-28	2.267134496598719908e-14	1.600583945611418837e-10	1.385175444226750574e-10	4.298320458298001933e-18	4.222080224699037709e-10	4.763010825178263305e-08	5.128388492726986686e-02	1.871611507273053879e-02	9.644167728095769742e-15	1.871608000842760189e-02
9.590000000000000000e+02	7.161267548245309851e-04	3.883306822334870514e-14	6.376252763788771238e-21	1.283837179953506652e-03	3.492577570788559302e-08	2.820049892370213532e-28	2.239376919403974838e-14	1.580987259003366302e-10	1.368216084219452924e-10	4.298130765451619892e-18	4.222079761807181323e-10	4.704695329841181754e-08	5.128388438506778502e-02	1.871611561493261716e-02	9.654134467224791018e-15	1.871608055232582696e-02
9.600000000000000000e+02	7.161267160485394528e-04	3.835761699253879581e-14	6.298185350843494195e-21	1.283837222341401279e-03	3.492577549687597451e-08	2.820049875332500818e-28	2.211959194244776184e-14	1.561630505850021850e-10	1.351464367827621033e-10	4.297943395128487302e-18	4.222079304582747733e-10	4.647093818652102228e-08	5.128388384950414991e-02	1.871611615049626962e-02	9.664101206293224620e-15	1.871608108956484412e-02
9.610000000000000000e+02	7.161266777473001026e-04	3.788798698549306836e-14	6.221073762281448532e-21	1.283837264210318466e-03	3.492577528844974694e-08	2.820049858503382031e-28	2.184877160039510251e-14	1.542510748455404776e-10	1.334917752694234203e-10	4.297758318891985838e-18	4.222078852956348378e-10	4.590197549878039182e-08	5.128388332049765158e-02	1.871611667950276101e-02	9.674067945301813657e-15	1.871608162022619232e-02
9.620000000000000000e+02	7.161266399150003096e-04	3.742410692829088905e-14	6.144906295176583692e-21	1.283837305566614241e-03	3.492577508257533185e-08	2.820049841880309721e-28	2.158126706655902213e-14	1.523625085093377075e-10	1.318573727591764973e-10	4.297575508653673723e-18	4.222078406859439970e-10	4.533997888818389294e-08	5.128388279796802784e-02	1.871611720203238127e-02	9.684034684251285457e-15	1.871608214439040782e-02
9.630000000000000000e+02	7.161266025458985730e-04	3.696590641970763655e-14	6.069671389896454583e-21	1.283837346416555943e-03	3.492577487922131623e-08	2.820049825460741373e-28	2.131703774287136947e-14	1.504970649567189661e-10	1.302429812040987667e-10	4.297394936669044060e-18	4.222077966224320360e-10	4.478486306494386863e-08	5.128388228183599490e-02	1.871611771816441769e-02	9.694001423142370506e-15	1.871608266213702770e-02
9.640000000000000000e+02	7.161265656343234311e-04	3.651331592052836307e-14	5.995357628347557963e-21	1.283837386766353231e-03	3.492577467835702824e-08	2.820049809242204872e-28	2.105604352835618568e-14	1.486544610774425958e-10	1.286483555934457670e-10	4.297216575533298572e-18	4.222077530984117167e-10	4.423654378354619755e-08	5.128388177202319181e-02	1.871611822797720689e-02	9.703968161975780356e-15	1.871608317354463841e-02
9.650000000000000000e+02	7.161265291746733534e-04	3.606626674299246301e-14	5.921953732242183567e-21	1.283837426622139221e-03	3.492577447995230554e-08	2.820049793222263528e-28	2.079824481304270833e-14	1.468344172277260625e-10	1.270732539164598616e-10	4.297040398177191446e-18	4.222077101072778466e-10	4.369493782996380891e-08	5.128388126845229156e-02	1.871611873154812103e-02	9.713934900752218672e-15	1.871608367869085146e-02
9.660000000000000000e+02	7.161264931614153310e-04	3.562469104036739310e-14	5.849448561386470781e-21	1.283837465989952050e-03	3.492577428397670128e-08	2.820049777398460473e-28	2.054360247195302073e-14	1.450366571877998551e-10	1.255174371256348380e-10	4.296866377862920939e-18	4.222076676425059354e-10	4.315996300902693812e-08	5.128388077104682058e-02	1.871611922895358507e-02	9.723901639472389118e-15	1.871608417765231389e-02
9.670000000000000000e+02	7.161264575890836839e-04	3.518852179665028891e-14	5.777831111989424846e-21	1.283837504875760685e-03	3.492577409040036417e-08	2.820049761768381886e-28	2.029207785916323884e-14	1.432609081199798455e-10	1.239806691004300012e-10	4.296694488180069514e-18	4.222076256976514706e-10	4.263153813194788662e-08	5.128388027973132535e-02	1.871611972026908724e-02	9.733868378136971691e-15	1.871608467050476024e-02
9.680000000000000000e+02	7.161264224522798441e-04	3.475769281639567289e-14	5.707090514992681197e-21	1.283837543285478366e-03	3.492577389919420392e-08	2.820049746329683003e-28	2.004363280193753837e-14	1.415069005272536902e-10	1.224627166114289032e-10	4.296524703041600223e-18	4.222075842663484185e-10	4.210958300399864464e-08	5.128387979443123357e-02	1.871612020556918596e-02	9.743835116746657433e-15	1.871608515732299874e-02
9.690000000000000000e+02	7.161263877456718139e-04	3.433213871466761309e-14	5.637216034420679393e-21	1.283837581224923138e-03	3.492577371032893171e-08	2.820049731079997085e-28	1.979822959493388313e-14	1.397743682123745513e-10	1.209633492849372538e-10	4.296356996679887746e-18	4.222075433423094309e-10	4.159401841233937183e-08	5.128387931507289582e-02	1.871612068492753411e-02	9.753801855302113721e-15	1.871608563818089044e-02
9.700000000000000000e+02	7.161263534639921054e-04	3.391179490698886534e-14	5.568197065730352557e-21	1.283837618699858619e-03	3.492577352377603960e-08	2.820049716017020624e-28	1.955583099440807774e-14	1.380630482369416612e-10	1.194823395675692763e-10	4.296191343642764844e-18	4.222075029193237256e-10	4.108476611384302655e-08	5.128387884158356474e-02	1.871612115841687907e-02	9.763768593804003199e-15	1.871608611315141862e-02
9.710000000000000000e+02	7.161263196020382828e-04	3.349659760004426107e-14	5.500023134284646586e-21	1.283837655715981208e-03	3.492577333950742329e-08	2.820049701138486878e-28	1.931640021285270053e-14	1.363726808835518461e-10	1.180194626934918205e-10	4.296027718789854616e-18	4.222074629912563109e-10	4.058174882383381144e-08	5.128387837389135340e-02	1.871612162610908001e-02	9.773735332252982198e-15	1.871608658230667147e-02
9.720000000000000000e+02	7.161262861546715533e-04	3.308648378123467429e-14	5.432683893637327567e-21	1.283837692278883219e-03	3.492577315749448881e-08	2.820049686442086507e-28	1.907990091297324486e-14	1.347030096132718186e-10	1.165744966476192197e-10	4.295866097288455175e-18	4.222074235520479336e-10	4.008489020343300404e-08	5.128387791192533240e-02	1.871612208807511141e-02	9.783702070649702317e-15	1.871608704571783507e-02
9.730000000000000000e+02	7.161262531168156821e-04	3.268139120962375724e-14	5.366169124046464789e-21	1.283837728394140055e-03	3.492577297771032962e-08	2.820049671925644697e-28	1.884629720246740298e-14	1.330537810287801988e-10	1.151472221337145701e-10	4.295706454609972823e-18	4.222073845957132182e-10	3.959411484859216980e-08	5.128387745561536343e-02	1.871612254438507345e-02	9.793668808994796223e-15	1.871608750345524555e-02
9.740000000000000000e+02	7.161262204834565595e-04	3.228125840636150980e-14	5.300468730902010501e-21	1.283837764067226935e-03	3.492577280012747671e-08	2.820049657586947171e-28	1.861555362850268941e-14	1.314247448353800359e-10	1.137374225406482964e-10	4.295548766526148771e-18	4.222073461163393743e-10	3.910934827849245028e-08	5.128387700489220324e-02	1.871612299510823016e-02	9.803635547288901316e-15	1.871608795558837510e-02
9.750000000000000000e+02	7.161261882496420920e-04	3.188602464522263759e-14	5.235572743172241757e-21	1.283837799303543621e-03	3.492577262471858680e-08	2.820049643423783690e-28	1.838763517226021510e-14	1.298156538024785068e-10	1.123448839090609898e-10	4.295393009105323605e-18	4.222073081080874373e-10	3.863051692408296333e-08	5.128387655968744130e-02	1.871612344031298517e-02	9.813602285532642373e-15	1.871608840218582856e-02
9.760000000000000000e+02	7.161261564104806849e-04	3.149562994383164196e-14	5.171471311962941377e-21	1.283837834108449323e-03	3.492577245145738864e-08	2.820049629434036387e-28	1.816250724387447917e-14	1.282262637278622778e-10	1.109693949004457102e-10	4.295239158708987557e-18	4.222072705651891667e-10	3.815754811745104245e-08	5.128387611993352746e-02	1.871612388006689554e-02	9.823569023726633128e-15	1.871608884331538505e-02
9.770000000000000000e+02	7.161261249611400488e-04	3.111001505409398133e-14	5.108154708946231070e-21	1.283837868487213915e-03	3.492577228031727347e-08	2.820049615615554212e-28	1.794013567691540679e-14	1.266563333987409941e-10	1.096107467634333451e-10	4.295087191988007998e-18	4.222072334819467356e-10	3.769037008023076968e-08	5.128387568556371651e-02	1.871612431443668914e-02	9.833535761871484160e-15	1.871608927904400491e-02
9.780000000000000000e+02	7.161260938968472007e-04	3.072912145324382523e-14	5.045613324890647532e-21	1.283837902445076262e-03	3.492577211127287663e-08	2.820049601966280285e-28	1.772048672322583520e-14	1.251056245553006937e-10	1.082687333022503517e-10	4.294937085879078793e-18	4.222071968527315418e-10	3.722891191275830018e-08	5.128387525651210976e-02	1.871612474348830629e-02	9.843502499967793425e-15	1.871608970943779496e-02
9.790000000000000000e+02	7.161260632128881379e-04	3.035289133515410775e-14	4.983837668234279633e-21	1.283837935987175482e-03	3.492577194429805921e-08	2.820049588484119159e-28	1.750352704791033468e-14	1.235739018553250348e-10	1.069431508461000333e-10	4.294788817601353001e-18	4.222071606719858622e-10	3.677310358354497655e-08	5.128387483271356490e-02	1.871612516728685116e-02	9.853469238016162035e-15	1.871609013456208490e-02
9.800000000000000000e+02	7.161260329046061036e-04	2.998126760148061717e-14	4.922818363630663472e-21	1.283837969118602120e-03	3.492577177936754258e-08	2.820049575167022023e-28	1.728922372422833454e-14	1.220609328381414905e-10	1.056337982179603689e-10	4.294642364652892234e-18	4.222071249342181480e-10	3.632287591854953737e-08	5.128387441410376529e-02	1.871612558589664729e-02	9.863435976017173747e-15	1.871609055448138562e-02
9.810000000000000000e+02	7.161260029674014786e-04	2.961419385299552594e-14	4.862546150525775184e-21	1.283838001844383623e-03	3.492577161645625985e-08	2.820049562012966076e-28	1.707754422859641158e-14	1.205664878893376762e-10	1.043404767040481369e-10	4.294497704807270859e-18	4.222070896340048863e-10	3.587816059067946812e-08	5.128387400061919926e-02	1.871612599938121679e-02	9.873402713971404429e-15	1.871609096925942739e-02
9.820000000000000000e+02	7.161259733967311305e-04	2.925161438102676681e-14	4.803011881752408274e-21	1.283838034169486504e-03	3.492577145553952133e-08	2.820049549019958559e-28	1.686845643565173107e-14	1.190903402059100586e-10	1.030629900236567949e-10	4.294354816110222563e-18	4.222070547659890486e-10	3.543889010942092901e-08	5.128387359219709757e-02	1.871612640780330808e-02	9.883369451879433107e-15	1.871609137895916333e-02
9.830000000000000000e+02	7.161259441881072212e-04	2.889347415900241572e-14	4.744206522141790278e-21	1.283838066098809839e-03	3.492577129659267705e-08	2.820049536186008059e-28	1.666192861337593656e-14	1.176322657618386375e-10	1.018011442993636055e-10	4.294213676876279997e-18	4.222070203248787985e-10	3.500499781059552595e-08	5.128387318877549589e-02	1.871612681122491670e-02	9.893336189741821447e-15	1.871609178364276246e-02
9.840000000000000000e+02	7.161259153370973154e-04	2.853971883409850400e-14	4.686121147152181465e-21	1.283838097637212588e-03	3.492577113959199684e-08	2.820049523509198496e-28	1.645792941827873124e-14	1.161920432740835671e-10	1.005547480276017556e-10	4.294074265685498378e-18	4.222069863054473886e-10	3.457641784624267408e-08	5.128387279029315848e-02	1.871612720970725063e-02	9.903302927559129542e-15	1.871609218337163399e-02
9.850000000000000000e+02	7.161258868393224290e-04	2.819029471898913305e-14	4.628746941514278033e-21	1.283838128789475215e-03	3.492577098451352556e-08	2.820049510987595854e-28	1.625642789064048500e-14	1.147694541689986760e-10	9.932361204959308719e-11	4.293936561380198361e-18	4.222069527025316610e-10	3.415308517462563470e-08	5.128387239668961983e-02	1.871612760331078582e-02	9.913269665331911173e-15	1.871609257820645508e-02
9.860000000000000000e+02	7.161258586904583300e-04	2.784514878369768322e-14	4.572075197893207632e-21	1.283838159560342406e-03	3.492577083133414185e-08	2.820049498619333379e-28	1.605739344981306261e-14	1.133642825491552308e-10	9.810754952263601238e-11	4.293800543061765140e-18	4.222069195110323572e-10	3.373493555036010725e-08	5.128387200790513606e-02	1.871612799209526265e-02	9.923236403060709075e-15	1.871609296820713961e-02
9.870000000000000000e+02	7.161258308862327197e-04	2.750422864754769047e-14	4.516097315566887781e-21	1.283838189954465605e-03	3.492577068003011555e-08	2.820049486402496337e-28	1.586079588957817876e-14	1.119763151605728009e-10	9.690637589174609111e-11	4.293666190087456801e-18	4.222068867259121543e-10	3.332190551466358972e-08	5.128387162388071269e-02	1.871612837611967908e-02	9.933203140746062829e-15	1.871609335343286940e-02
9.880000000000000000e+02	7.161258034224261002e-04	2.716748257121244743e-14	4.460804799120599704e-21	1.283838219976450937e-03	3.492577053057831870e-08	2.820049474335213939e-28	1.566660537356268362e-14	1.106053413603512676e-10	9.571990886164299117e-11	4.293533482067289703e-18	4.222068543421953023e-10	3.291393238572422358e-08	5.128387124455807689e-02	1.871612875544232529e-02	9.943169878388502549e-15	1.871609373394211503e-02
9.890000000000000000e+02	7.161257762948705814e-04	2.683485944886186153e-14	4.406189257157531589e-21	1.283838249630883275e-03	3.492577038295683432e-08	2.820049462415718530e-28	1.547479243070991122e-14	1.092511530846989237e-10	9.454796836908120620e-11	4.293402398860936964e-18	4.222068223549673661e-10	3.251095424918749545e-08	5.128387086987962890e-02	1.871612913012075594e-02	9.953136615988555196e-15	1.871609410979262200e-02
9.900000000000000000e+02	7.161257494994493393e-04	2.650630880040546899e-14	4.352242401025112969e-21	1.283838278922231051e-03	3.492577023714238224e-08	2.820049450642132596e-28	1.528532795080650358e-14	1.079135448173524880e-10	9.339037655551923276e-11	4.293272920574668542e-18	4.222067907593738294e-10	3.211290994875942563e-08	5.128387049978854612e-02	1.871612950021183178e-02	9.963103353546738261e-15	1.871609448104142454e-02
9.910000000000000000e+02	7.161257230320959653e-04	2.618178076383053804e-14	4.298956043556949885e-21	1.283838307854956191e-03	3.492577009311331017e-08	2.820049439012703279e-28	1.509818318006403869e-14	1.065923135583834269e-10	9.224695774012322566e-11	4.293145027558332919e-18	4.222067595506200433e-10	3.171973907692486047e-08	5.128387013422864432e-02	1.871612986577173010e-02	9.973070091063564504e-15	1.871609484774487339e-02
9.920000000000000000e+02	7.161256968887937070e-04	2.586122608763389837e-14	4.246322097830163729e-21	1.283838336433444291e-03	3.492576995084762834e-08	2.820049427525657545e-28	1.491332971675471749e-14	1.052872587933866522e-10	9.111753839310201667e-11	4.293018700402378840e-18	4.222067287239693131e-10	3.133138196577945910e-08	5.128386977314446094e-02	1.871613022685591349e-02	9.983036828539545108e-15	1.871609520995860462e-02
9.930000000000000000e+02	7.161256710655746014e-04	2.554459612334649320e-14	4.194332575937945683e-21	1.283838364662033896e-03	3.492576981032377713e-08	2.820049416179254644e-28	1.473073950690054826e-14	1.039981824630462074e-10	9.000194710936784846e-11	4.292893919934903253e-18	4.222066982747432603e-10	3.094777967797379280e-08	5.128386941648117869e-02	1.871613058351918532e-02	9.993003565975173898e-15	1.871609556773760549e-02
9.940000000000000000e+02	7.161256455585203419e-04	2.523184281814948978e-14	4.142979587777155988e-21	1.283838392545001098e-03	3.492576967152019690e-08	2.820049404971753380e-28	1.455038484001531209e-14	1.027248889330739992e-10	8.890001458252021316e-11	4.292770667218747770e-18	4.222066681983210989e-10	3.056887399776846540e-08	5.128386906418467422e-02	1.871613093581567244e-02	1.000297030337094786e-14	1.871609592113615897e-02
9.950000000000000000e+02	7.161256203637597845e-04	2.492291870758081855e-14	4.092255339850749854e-21	1.283838420086589899e-03	3.492576953441616180e-08	2.820049393901482060e-28	1.437223834489860901e-14	1.014671849645163007e-10	8.781157357914802608e-11	4.292648923548616710e-18	4.222066384901384981e-10	3.019460742219870594e-08	5.128386871620151111e-02	1.871613128379885291e-02	1.001293704072735766e-14	1.871609627020790270e-02
9.960000000000000000e+02	7.161255954774692735e-04	2.461777690833091982e-14	4.042152134084877312e-21	1.283838447290975996e-03	3.492576939899078057e-08	2.820049382966749708e-28	1.419627298548149870e-14	1.002248796844240210e-10	8.673645891344651590e-11	4.292528670448247524e-18	4.222066091456867547e-10	2.982492315234714339e-08	5.128386837247882885e-02	1.871613162752151782e-02	1.002290377804488135e-14	1.871609661500582555e-02
9.970000000000000000e+02	7.161255708958719907e-04	2.431637111112687138e-14	3.992662366660471918e-21	1.283838474162292366e-03	3.492576926522359869e-08	2.820049372165908397e-28	1.402246205672294864e-14	9.899778455688213913e-11	8.567450742214513470e-11	4.292409889667591998e-18	4.222065801605123801e-10	2.945976508472348947e-08	5.128386803296450247e-02	1.871613196703584420e-02	1.003287051532399698e-14	1.871609695558222597e-02
9.980000000000000000e+02	7.161255466152377383e-04	2.401865557370355255e-14	3.943778526859153787e-21	1.283838500704609538e-03	3.492576913309410206e-08	2.820049361497299887e-28	1.385077918055658157e-14	9.778571335439402347e-11	8.462555793974223578e-11	4.292292563180063721e-18	4.222065515302168414e-10	2.909907780274970687e-08	5.128386769760698988e-02	1.871613230239335332e-02	1.004283725256517314e-14	1.871609729198880218e-02
9.990000000000000000e+02	7.161255226318814218e-04	2.372458511386087628e-14	3.895493195923237050e-21	1.283838526921955107e-03	3.492576900258228617e-08	2.820049350959309882e-28	1.368119830188699023e-14	9.658848212961589525e-11	8.358945127404321028e-11	4.292176673179787081e-18	4.222065232504547519e-10	2.874280656834947498e-08	5.128386736635540816e-02	1.871613263364493157e-02	1.005280398976887366e-14	1.871609762427661056e-02
