structure,qh-G(T)_SPC
e00-lpdoh2,-1324.979372
e01-ecrxt,-2234.718374
e03-ec1,-2234.710002
e05-ec2,-2234.760283
e09-ec3,-1824.638699
e11-ec4,-1824.614835
e12-etrxt,-2234.72162
e14-et1,-2234.718983
e16-et2,-2234.713648
e20-et3,-1824.608516
e22-et4,-1824.620806
e100-l2pd2oh4,-2649.958744
6omenaphbpin,-909.749633
h2o,-76.368394
bpinoh,-486.48039
6omenaph-c,-499.674855
6omenaph-t,-499.674855
