structure,qh-G(T)_SPC
00-lpdoh2,-975.3866755
01-rxt,-1536.532325
03-c1,-1536.530051
05-c2,-1536.573831
09-c3,-1360.661343
11-c4,-1360.639575
13-t1,-1536.532496
15-t2,-1536.53302
19-t3,-1360.63399
21-t4,-1360.648921
99-l2pd2oh4,-1950.773351
naphboh2,-561.150376
h2o,-76.368394
boh3,-252.272407
naphh-c,-385.286152
naphh-t,-385.286152
