structure,qh-G(T)_SPC
00-lpdoh2,-1591.3647115
01-rxt,-2152.512969
03-c1,-2152.504292
05-c2,-2152.558435
09-c3,-1976.642834
11-c4,-1976.614897
13-t1,-2152.513141
15-t2,-2152.521877
19-t3,-1976.617869
21-t4,-1976.625228
100-l2pd2oh4,-3182.729423
naphboh2,-561.150376
h2o,-76.368394
boh3,-252.272407
naph-c,-385.286152
naph-t,-385.286152
