0.000000000000000000e+00	0.000000000000000000e+00	0.000000000000000000e+00	0.000000000000000000e+00	0.000000000000000000e+00	0.000000000000000000e+00	0.000000000000000000e+00	0.000000000000000000e+00	0.000000000000000000e+00	0.000000000000000000e+00	0.000000000000000000e+00	1.000000000000000021e-03	2.000000000000000042e-02	7.000000000000000666e-02	0.000000000000000000e+00	0.000000000000000000e+00	0.000000000000000000e+00
1.000000000000000056e-01	1.817677174835662405e-03	1.195107286947677363e-06	8.145091677574773271e-13	1.609279859806494475e-04	9.819933554284826424e-07	1.064610841636442740e-22	4.162512523949803046e-08	2.607516504640240192e-06	9.960695456518605891e-06	1.630362469011296448e-14	3.303950312072758233e-06	1.977452690830813070e-02	6.993929914402000070e-02	6.070085597989564570e-05	3.559105513326185211e-13	4.975816679573439010e-05
2.000000000000000111e-01	1.672720847912510540e-03	1.088620865581857244e-06	7.419347910477477459e-13	3.081265367915007186e-04	9.930342787310831359e-07	1.076580665869716963e-22	3.791624647734477472e-08	2.375493685466371919e-06	9.061559392819714293e-06	1.483199415612120158e-14	2.797995035108679015e-06	1.957352954552321611e-02	6.988515811385406784e-02	1.148418861458552965e-04	7.347015968084404380e-13	1.047872917247710063e-04
3.000000000000000444e-01	1.540505390777382414e-03	9.931983240307745415e-07	6.769008516200241011e-13	4.423222146550625893e-04	9.975548641278743912e-07	1.081481580141172333e-22	3.459271779739207506e-08	2.167527011563811643e-06	8.233207237784250971e-06	1.347620522259275052e-14	2.373156860935835664e-06	1.939048700822887036e-02	6.983600454161419113e-02	1.639954583857302836e-04	1.116145296593730982e-12	1.547646951541967360e-04
4.000000000000000222e-01	1.419710758117111215e-03	9.074380733053698061e-07	6.184521155012271077e-13	5.648440431043997168e-04	1.000321642188958572e-06	1.084481134832464431e-22	3.160572253062909962e-08	1.980577779101137965e-06	7.494097656843432136e-06	1.226647421090249784e-14	2.015578636885552434e-06	1.922352757342022864e-02	6.979129123871805063e-02	2.087087612819072725e-04	1.498930908271374835e-12	2.002143404716775078e-04
5.000000000000000000e-01	1.309205715543587624e-03	8.301675540774682002e-07	5.657894407789146998e-13	6.768601374396737312e-04	1.002324713959073054e-06	1.086652730614366611e-22	2.891442098846093161e-08	1.812102055270884231e-06	6.832598480246772901e-06	1.118376445394331382e-14	1.714019607550605610e-06	1.907101572198135336e-02	6.975054704401727201e-02	2.494529559826738781e-04	1.882613773829692864e-12	2.416180308946706140e-04
6.000000000000000888e-01	1.207992634787936588e-03	7.603852991402860088e-07	5.182302910563139739e-13	7.793993264876115327e-04	1.003905042609672831e-06	1.088366016737065807e-22	2.648393253240239582e-08	1.659925975965801233e-06	6.238845534323685690e-06	1.021193257560274632e-14	1.459246205807063307e-06	1.893151573419099565e-02	6.971336185640426841e-02	2.866381435956508075e-04	2.266976372512752340e-12	2.793953907415290755e-04
7.000000000000000666e-01	1.115188474119841074e-03	6.972316008606191813e-07	4.751887442520480433e-13	8.733708341470240721e-04	1.005213937647373703e-06	1.089785032760491875e-22	2.428431393808457338e-08	1.522182512820385392e-06	5.704488215586934010e-06	9.337312162291128828e-15	1.243645334034625394e-06	1.880376225531314380e-02	6.967937678836264026e-02	3.206232116372877421e-04	2.651889145425107820e-12	3.139135068228268992e-04
8.000000000000000444e-01	1.030009019821659854e-03	6.399649550493884223e-07	4.361594382394764555e-13	9.595808791124855238e-04	1.006331146359957782e-06	1.090996235320526963e-22	2.228973894830577371e-08	1.397260645306708953e-06	5.222416973362794183e-06	8.548267797578823342e-15	1.060918580987882387e-06	1.868663598822085936e-02	6.964827638310892854e-02	3.517236168910001627e-04	3.037264846593443548e-12	3.454948657254643075e-04
9.000000000000000222e-01	9.517556728298388110e-04	5.879429690048141442e-07	4.007045589823701754e-13	1.038746613878201424e-03	1.007303692816684735e-06	1.092050604748917592e-22	2.047783331051592191e-08	1.283764132516293907e-06	4.786546532913525519e-06	7.834840313140596537e-15	9.058388615538770821e-07	1.857914346469320688e-02	6.961978226390670710e-02	3.802177360932528340e-04	3.423039738400942437e-12	3.744238824366477093e-04
1.000000000000000000e+00	8.798043113787671525e-04	5.406067879676118060e-07	3.684432265965937735e-13	1.111507859316613602e-03	1.008161562538972621e-06	1.092980649333569287e-22	1.882913235852059002e-08	1.180477858982717360e-06	4.391642331920422365e-06	7.188462756220087339e-15	7.740556278496825753e-07	1.848040011351866768e-02	6.959364788698257920e-02	4.063521130173905461e-04	3.809164496896898242e-12	4.009523053065779715e-04
1.100000000000000089e+00	8.135958571121888055e-04	4.974683191054687943e-07	3.390427880299431053e-13	1.178437024813617801e-03	1.008925599694976338e-06	1.093808966923486980e-22	1.732663603051787580e-08	1.086340207705347134e-06	4.033180528655885004e-06	6.601731295553066293e-15	6.619382191991948404e-07	1.838961601130364998e-02	6.956965417161813103e-02	4.303458283818406083e-04	4.195599421370763729e-12	4.253037180512884898e-04
1.200000000000000178e+00	7.526282343212199570e-04	4.580996841532562894e-07	3.122116286520825966e-13	1.240047546240624762e-03	1.009610924570475065e-06	1.094551949919945393e-22	1.595544150995630622e-08	1.000420238501423306e-06	3.707234287449021295e-06	6.068219128886027412e-15	5.664492723804559651e-07	1.830608381207783630e-02	6.954760583399380303e-02	4.523941660061756086e-04	4.582311598063732759e-12	4.476773162057763556e-04
1.300000000000000044e+00	6.964495535999015155e-04	4.221245047567388153e-07	2.876932328987052123e-13	1.296801026196299890e-03	1.010228974075591071e-06	1.095221997456143045e-22	1.470243969845629016e-08	9.218988230183010818e-07	3.410381209577284626e-06	5.582324994259781290e-15	4.850419804213891935e-07	1.822916856801684582e-02	6.952732832026686793e-02	4.726716797330886375e-04	4.969273154549804864e-12	4.682510645745804239e-04
1.400000000000000133e+00	6.446521484679332671e-04	3.892105765594919439e-07	2.652611913947934968e-13	1.349113463766122819e-03	1.010788711712372228e-06	1.095828827162420646e-22	1.355606005787467427e-08	8.500527743084977862e-07	3.139626588711040399e-06	5.139147577275220336e-15	4.155763928587382090e-07	1.815829888027527261e-02	6.950866516371606574e-02	4.913348362838965795e-04	5.356460095105624858e-12	4.871844156218740375e-04
1.500000000000000000e+00	5.968675618375547274e-04	3.590638029947324263e-07	2.447150666126899721e-13	1.397360486484868500e-03	1.011297354438780954e-06	1.096380263183198053e-22	1.250605932725563625e-08	7.842417033170445615e-07	2.892340736795631382e-06	4.734382944522073838e-15	3.562508862149282195e-07	1.809295948711022936e-02	6.949147578540428027e-02	5.085242145956730443e-04	5.743851507830235126e-12	5.046205707558530651e-04
1.600000000000000089e+00	5.527621071852974665e-04	3.314230370551976343e-07	2.258768773502921763e-13	1.441881970275384886e-03	1.011760838312908183e-06	1.096882740997067635e-22	1.154334186415373375e-08	7.238968344996424152e-07	2.666206363421568178e-06	4.364238428982212824e-15	3.055459475932787588e-07	1.803268473978930295e-02	6.947563357350272639e-02	5.243664264972339737e-04	6.131428987028934856e-12	5.206884531597069697e-04
1.700000000000000178e+00	5.120330823253218611e-04	3.060557623593723176e-07	2.085881552202973045e-13	1.482985975398005887e-03	1.012184134539766944e-06	1.097341650053449631e-22	1.065980921823058215e-08	6.685116390728016464e-07	2.459174961878472494e-06	4.025361254808372441e-15	2.621778790964570594e-07	1.797705305796409164e-02	6.946102426078012981e-02	5.389757392198252402e-04	6.519176209307765755e-12	5.355043736002062333e-04
1.800000000000000044e+00	4.744054312077658465e-04	2.827544057564207560e-07	1.927074315560869172e-13	1.520952209537843568e-03	1.012571466009522230e-06	1.097761568528797486e-22	9.848231701016817705e-09	6.176338341072479669e-07	2.269430094720415852e-06	3.714778452966939263e-15	2.250605134778952342e-07	1.792568206402180009e-02	6.944754451022266961e-02	5.524554897773208953e-04	6.907078606460389321e-12	5.491734813057982988e-04
1.900000000000000133e+00	4.396288381486694054e-04	2.613332051693438601e-07	1.781081027326969232e-13	1.556035037811105476e-03	1.012926462960910951e-06	1.098146432086410708e-22	9.102139294342368278e-09	5.708585837591994549e-07	2.095356438009305543e-06	3.429846200878375520e-15	1.932735153389012984e-07	1.787822436388142658e-02	6.943510069579771071e-02	5.648993042022778426e-04	7.295123110593355452e-12	5.617910140027555137e-04
2.000000000000000000e+00	4.074751836041710083e-04	2.416255335877176974e-07	1.646766063703504331e-13	1.588466114263526558e-03	1.013252277216493679e-06	1.098499657722647353e-22	8.415728446235907358e-09	5.278226893022027054e-07	1.935513687598154477e-06	3.168207118791249722e-15	1.660360252374732604e-07	1.783436386636063145e-02	6.942360784473806945e-02	5.763921552619573774e-04	7.683297950085068958e-12	5.734433816106772807e-04
2.100000000000000089e+00	3.777362973698854872e-04	2.234815984069712598e-07	1.523108533503350474e-13	1.618456702137584290e-03	1.013551667780409179e-06	1.098824236566271483e-22	7.783781939955757145e-09	4.881995918407486405e-07	1.788614277591251579e-06	2.927753804738421614e-15	1.426847104289091787e-07	1.779381254485823405e-02	6.941298871211924737e-02	5.870112878807656883e-04	8.071592483360996387e-12	5.842091138608746436e-04
2.200000000000000178e+00	3.502219786669126533e-04	2.067664625866542732e-07	1.409188791622263805e-13	1.646199715660128481e-03	1.013827064350801723e-06	1.099122802734611334e-22	7.201599971830604565e-09	4.516950724061255825e-07	1.653504424360405409e-06	2.706597811799134400e-15	1.226554534262441953e-07	1.775630759330291963e-02	6.940317297223778936e-02	5.968270277622215276e-04	8.459997061427234209e-12	5.941596878108073611e-04
2.300000000000000266e+00	3.247582481430387469e-04	1.913583322470699008e-07	1.304176768387061890e-13	1.671871520555871099e-03	1.014080630049532575e-06	1.099397701339741978e-22	6.664940508973384839e-09	4.180435333451009239e-07	1.529147894058995833e-06	2.503043082418894035e-15	1.054679197878731346e-07	1.772160892279137090e-02	6.939409651028219383e-02	6.059034897178092486e-04	8.848502913044005523e-12	6.033602523426952928e-04
2.400000000000000355e+00	3.011857814429081412e-04	1.771470754149538428e-07	1.207321874265308793e-13	1.695633544606204527e-03	1.014314279577788271e-06	1.099651008173966118e-22	6.169967697926099009e-09	3.870047722175053127e-07	1.414611981594865653e-06	2.315563001747016443e-15	9.071287661985237120e-08	1.768949692657852471e-02	6.938570079311894012e-02	6.142992068810610102e-04	9.237102046405867384e-12	6.118702713804711904e-04
2.500000000000000000e+00	2.793585481815472516e-04	1.640329367339757043e-07	1.117944240151323918e-13	1.717633676660368456e-03	1.014529735198957198e-06	1.099884590400324345e-22	5.713207098510046989e-09	3.583611931012789095e-07	1.309055576620618807e-06	2.142780866558520467e-15	7.804119844510631848e-08	1.765977054140000641e-02	6.937793232550765188e-02	6.220676744923420978e-04	9.625787167050802702e-12	6.197440795525932262e-04
2.600000000000000089e+00	2.591425646875500496e-04	1.519254092815946278e-07	1.035427028385758906e-13	1.738007546000966625e-03	1.014728542052871783e-06	1.100100123156486936e-22	5.291506389733976552e-09	3.319153495107166494e-07	1.211718662077406864e-06	1.983452698478426372e-15	6.715486883503712678e-08	1.763224547788042051e-02	6.937074215624915163e-02	6.292578437508575219e-04	1.001455160503531990e-11	6.270313865301929517e-04
2.700000000000000178e+00	2.404147970643636951e-04	1.407422522200033265e-07	9.592097376890269098e-14	1.756879646841276324e-03	1.014912092901322934e-06	1.100299116381941644e-22	4.902001154992390874e-09	3.074878080868331577e-07	1.121913293688383941e-06	1.836452480903519116e-15	5.779927465091662462e-08	1.760675266727542917e-02	6.936408544627341299e-02	6.359145537266089549e-04	1.040338925261445713e-11	6.337777179347947034e-04
2.800000000000000266e+00	2.230621749590097364e-04	1.304086286742416014e-07	8.887823274864764008e-14	1.774364348129054943e-03	1.015081646739605184e-06	1.100482934995409950e-22	4.542084854727145284e-09	2.849152724827469345e-07	1.039015720969678005e-06	1.700759264054583125e-15	4.975673389954258203e-08	1.758313686866751907e-02	6.935792108287001934e-02	6.420789171300171410e-04	1.079229450952027090e-11	6.400248089683135575e-04
2.900000000000000355e+00	2.069807064294808578e-04	1.208563470648419555e-07	8.236800473138972488e-14	1.790566798932983084e-03	1.015238344542576277e-06	1.100652815965667310e-22	4.209382402364648950e-09	2.640489321388345522e-07	9.624595063051052498e-07	1.575445903419368219e-15	4.284101283585353192e-08	1.756125542185917737e-02	6.935221133553486073e-02	6.477886644652039406e-04	1.118126223480625810e-11	6.458109554315192994e-04
3.000000000000000000e+00	1.920746820658230964e-04	1.120231922181654372e-07	7.634788780907054299e-14	1.805583741823726072e-03	1.015383222662506785e-06	1.100809882836614807e-22	3.901726867169833218e-09	2.447530061371082867e-07	8.917294975089854135e-07	1.459669194983623503e-15	3.689268349187001390e-08	1.754097712843870338e-02	6.934692154826239963e-02	6.530784517376689432e-04	1.157028770426253102e-11	6.511713274457508289e-04
3.100000000000000089e+00	1.782559577663986273e-04	1.038523339440055269e-07	7.077915013607863628e-14	1.819504245083032211e-03	1.015517224307300660e-06	1.100955158171199410e-22	3.617138875250719100e-09	2.269034554441188955e-07	8.263565330674440646e-07	1.352661209543812539e-15	3.177518648056717809e-08	1.752218124571149407e-02	6.934201986379157079e-02	6.579801362084870472e-04	1.195936657258246308e-11	6.561382504903935219e-04
3.200000000000000178e+00	1.654433074264875141e-04	9.629180294503883751e-08	6.562637274244170770e-14	1.832410363069481843e-03	1.015641209450725024e-06	1.101089574295433515e-22	3.353808355701653302e-09	2.103868415448010522e-07	7.659127784344279780e-07	1.253721659792298135e-15	2.737148797358684333e-08	1.750475658039037097e-02	6.933747697597578141e-02	6.625230240242739295e-04	1.234849483961659887e-11	6.607414576866410365e-04
3.300000000000000266e+00	1.535618376720479668e-04	8.929402527360628315e-08	6.085713224915748009e-14	1.844377732781275888e-03	1.015755963436533363e-06	1.101213982626414226e-22	3.110078325924524841e-09	1.950993123984420608e-07	7.100076080363757719e-07	1.162211160504005593e-15	2.358123799006257402e-08	1.748860067072975644e-02	6.933326590698554726e-02	6.667340930144841256e-04	1.273766882016804900e-11	6.650083167041807028e-04
3.400000000000000355e+00	1.425424577869074266e-04	8.281540783277746029e-08	5.644171837206432466e-14	1.855476113721296486e-03	1.015862204493410449e-06	1.101329161819529414e-22	2.884430454800304741e-09	1.809456994223189588e-07	6.582839595475581527e-07	1.077545261640709782e-15	2.031835227252103540e-08	1.747361904715094560e-02	6.932936180646399882e-02	6.706381935360605350e-04	1.312688511686980497e-11	6.689640342440575415e-04
3.500000000000000000e+00	1.323213989140616911e-04	7.681596853479229784e-08	5.235288186134121587e-14	1.865769877259240705e-03	1.015960590324731755e-06	1.101435824912642178e-22	2.675472181257821446e-09	1.678387116323594700e-07	6.104150985311809672e-07	9.991891530631353842e-16	1.750895261122492323e-08	1.745972456267048945e-02	6.932574177013203776e-02	6.742582298680163937e-04	1.351614059575762706e-11	6.726318406620212555e-04
3.600000000000000089e+00	1.228397772689617798e-04	7.125900558787519138e-08	4.856560910842008050e-14	1.875318450829966625e-03	1.016051723920019446e-06	1.101534625626488545e-22	2.481925195667101031e-09	1.556982149279999840e-07	5.661017407519899534e-07	9.266529546142581014e-16	1.508961087998342181e-08	1.744683678568248811e-02	6.932238467570513152e-02	6.776153242949215470e-04	1.390543236421551908e-11	6.760331569238909113e-04
3.700000000000000178e+00	1.140431968457808243e-04	6.611080120860585311e-08	4.505692021516916891e-14	1.884176721727255427e-03	1.016136158698975802e-06	1.101626163941493969e-22	2.302615120260237464e-09	1.444505863023909818e-07	5.250694867971293834e-07	8.594875173344091647e-16	1.300585074867014375e-08	1.743488144844830209e-02	6.931927103422214076e-02	6.807289657779077522e-04	1.429475775101712184e-11	6.791877458367948182e-04
3.800000000000000266e+00	1.058813876242711258e-04	6.134035569124189232e-08	4.180568775244549634e-14	1.892395404681075383e-03	1.016214403078740132e-06	1.101710991049294317e-22	2.136462246872134983e-09	1.340281341359698022e-07	4.870665306443622016e-07	7.972806730283738943e-16	1.121086824565217372e-08	1.742378994545079607e-02	6.931638285512473074e-02	6.836171448753229716e-04	1.468411428822421296e-11	6.821138492566885527e-04
3.900000000000000355e+00	9.830787547445916897e-05	5.691914815334350548e-08	3.879247369951918371e-14	1.900021376851926836e-03	1.016286924546983505e-06	1.101789613768521540e-22	1.982473203805700282e-09	1.243685765710102850e-07	4.518616077252339806e-07	7.396538758003452320e-16	9.664438380687880911e-09	1.741349887656807108e-02	6.931370352365572030e-02	6.862964763443298423e-04	1.507349969473917994e-11	6.848283127378184537e-04
4.000000000000000000e+00	9.127968090394023731e-05	5.282092105212680952e-08	3.599938258411572594e-14	1.907097983540000487e-03	1.016354153304508287e-06	1.101862498493861900e-22	1.839733450621639960e-09	1.154145716494818191e-07	4.192421548975049067e-07	6.862591904111127709e-16	8.331980146195271158e-09	1.740394963048229326e-02	6.931121768928330540e-02	6.887823107167368245e-04	1.546291186133296878e-11	6.873466989449366791e-04
4.100000000000000533e+00	8.475704363924758576e-05	4.902148567511952255e-08	3.340992891720948968e-14	1.913665317465838064e-03	1.016416485530681282e-06	1.101930074736225768e-22	1.707400503454540198e-09	1.071132931327850589e-07	3.890126565302698494e-07	6.367765852388834400e-16	7.183756446746445659e-09	1.739508800435698999e-02	6.930891116403456453e-02	6.910888359654747621e-04	1.585234883699504959e-11	6.896833909704285209e-04
4.200000000000000178e+00	7.870317064798599855e-05	4.549854632342877444e-08	3.100891736751374026e-14	1.919760474180231494e-03	1.016474286321278993e-06	1.101992738307769086e-22	1.584697811384968851e-09	9.941604704128748950e-08	3.609931556841048513e-07	5.909114954465709029e-16	6.194189070601775843e-09	1.738686385624613889e-02	6.930677082974694148e-02	6.932291702530776539e-04	1.624180881647067894e-11	6.918516865686728454e-04
4.299999999999999822e+00	7.308400533637593368e-05	4.223154111822121547e-08	2.878233426529558309e-14	1.925417785884868263e-03	1.016527892333574373e-06	1.102050854189514892e-22	1.470909211791276819e-09	9.227792440956295886e-08	3.350179111082771058e-07	5.483926248050947000e-16	5.341271836226276758e-09	1.737923078706688287e-02	6.930478455335321863e-02	6.952154466468351895e-04	1.663129012886601194e-11	6.938638842115549613e-04
4.400000000000000355e+00	6.786801597144284507e-05	3.920149765775212370e-08	2.671724922738113341e-14	1.930669035683193688e-03	1.016577614179313528e-06	1.102104759125669346e-22	1.365373902939980857e-09	8.565748640171019280e-08	3.109341841234751981e-07	5.089699600990742959e-16	4.606067592064490003e-09	1.737214584936193698e-02	6.930294110942687713e-02	6.970588905731931731e-04	1.702079122721802031e-11	6.957313617535904049e-04
4.500000000000000000e+00	6.302600157351950208e-05	3.639090196238089110e-08	2.480172583840775128e-14	1.935543654077961787e-03	1.016623738587187446e-06	1.102154763968022031e-22	1.267481879391371828e-09	7.951647838547058156e-08	2.886011409345612387e-07	4.724129744567758613e-16	3.972276874508796261e-09	1.736556928032583630e-02	6.930123010928819494e-02	6.987698907118787290e-04	1.741031067893611667e-11	6.974646484215739914e-04
4.600000000000000533e+00	5.853091365408284784e-05	3.378357930253649958e-08	2.302474043073965750e-14	1.940068899352972174e-03	1.016666530368994097e-06	1.102201155807534738e-22	1.176669781283478754e-09	7.381956990637882197e-08	2.678888578406368773e-07	4.385089990929285176e-16	3.425867853301890783e-09	1.735946425686096459e-02	6.929964193605242517e-02	7.003580639476673572e-04	1.779984715703385915e-11	6.990734907591724832e-04
4.700000000000000178e+00	5.435769240006643537e-05	3.136458570424213810e-08	2.137610814152925391e-14	1.944270023260307421e-03	1.016706234198710648e-06	1.102244199903092599e-22	1.092417115511167125e-09	6.853411793866305014e-08	2.486774184596325604e-07	4.070617456532805482e-16	2.954758723164537347e-09	1.735379667067286566e-02	6.929816768507143787e-02	7.018323149286702714e-04	1.818939943207735943e-11	7.005669130862060513e-04
4.800000000000000711e+00	5.048311603803293295e-05	2.912010906213482020e-08	1.984641551763643110e-14	1.948170423354058994e-03	1.016743076238240853e-06	1.102284141444029740e-22	1.014242811530463539e-09	6.362995108204484437e-08	2.308560933492806062e-07	3.778899634194449163e-16	2.548545004966051922e-09	1.734853492159925750e-02	6.929679910927261099e-02	7.032008907274858722e-04	1.857896636478561905e-11	7.019532729785549685e-04
4.900000000000000355e+00	4.688566218697010231e-05	2.703737888343463540e-08	1.842695900285442864e-14	1.951791783125038588e-03	1.016777265616151203e-06	1.102321207153278819e-22	9.417020777754387005e-10	5.907917257802396304e-08	2.143225933582318448e-07	3.508262171903652552e-16	2.198265318795118728e-09	1.734364972755916487e-02	6.929552856895268564e-02	7.044714310474136081e-04	1.896854689922535325e-11	7.032403122195423706e-04
5.000000000000000000e+00	4.354538022283840031e-05	2.510458385234273696e-08	1.710968875504309624e-14	1.955154201000432624e-03	1.016808995775835452e-06	1.102355606748962834e-22	8.743835304575476581e-10	5.485598038059595619e-08	1.989823895201340639e-07	3.257157740775003055e-16	1.896200138810413291e-09	1.733911394966669572e-02	6.929434898562844558e-02	7.056510143716665734e-04	1.935814005654654867e-11	7.044352036279054449e-04
5.100000000000000533e+00	4.044377364663065763e-05	2.331079642240836651e-08	1.588715725307896640e-14	1.958276309172115540e-03	1.016838445709904417e-06	1.102387534282635727e-22	8.119065671463750181e-10	5.093650255452184653e-08	1.847480925466327627e-07	3.024155878485507433e-16	1.635698826678489758e-09	1.733490243119780241e-02	6.929325379958709008e-02	7.067462004130209896e-04	1.974774492921258775e-11	7.055445941267180984e-04
5.200000000000000178e+00	3.756369165035103926e-05	2.164590379195859330e-08	1.475247225409527837e-14	1.961175383110742246e-03	1.016865781086816451e-06	1.102417169360704474e-22	7.539189626699590409e-10	4.729864659659445314e-08	1.715388861879473946e-07	2.807933714393963403e-16	1.411030930459186407e-09	1.733099184922225547e-02	6.929223693081314195e-02	7.077630691869916729e-04	2.013736067568234981e-11	7.065746443820763046e-04
5.300000000000000711e+00	3.488922912150715813e-05	2.010054467032261044e-08	1.369925369735946445e-14	1.963867442559111536e-03	1.016891155286785189e-06	1.102444678267486984e-22	7.000946667062380713e-10	4.392196138893655734e-08	1.592800093188945246e-07	2.607267492182058014e-16	1.217258308743653386e-09	1.732736057783250405e-02	6.929129274300187269e-02	7.087072569982207082e-04	2.052698651550615122e-11	7.075310653063686698e-04
5.400000000000000355e+00	3.240563433260767312e-05	1.866605126865175862e-08	1.272159416890311745e-14	1.966367344697183672e-03	1.016914710346690113e-06	1.102470214989621808e-22	6.501317833451466004e-10	4.078751055066182688e-08	1.479022818773422049e-07	2.421024810260178125e-16	1.050125136539230621e-09	1.732398856199835260e-02	6.929041601039719056e-02	7.095839896028877667e-04	2.091662172480137767e-11	7.084191516938012460e-04
5.500000000000000000e+00	3.009922374299564202e-05	1.733439607189158597e-08	1.181402262468116584e-14	1.968688870146604632e-03	1.016936577830002261e-06	1.102493922159189117e-22	6.037507171763852824e-10	3.787775622126663667e-08	1.373416707113026480e-07	2.248157515390261110e-16	9.059632699645047808e-10	1.732085720115611460e-02	6.928960188721236535e-02	7.103981127877386729e-04	2.130626563207483433e-11	7.092438132327078719e-04
5.600000000000000533e+00	2.795730330158123823e-05	1.609814294277748376e-08	1.097147106616306869e-14	1.970844802386329062e-03	1.016956879625248093e-06	1.102515931919347803e-22	5.606924702599081059e-10	3.517645229665497462e-08	1.275388915567066240e-07	2.087695187691098854e-16	7.816108079326531814e-10	1.731794924174191730e-02	6.928884587942144013e-02	7.111541205786534817e-04	2.169591761436518580e-11	7.100096031113458566e-04
5.700000000000000178e+00	2.596809573092775179e-05	1.495040217534962801e-08	1.018924390766532904e-14	1.972847001119071644e-03	1.016975728680175510e-06	1.102536366720265994e-22	5.207170766566538959e-10	3.266854628403042351e-08	1.184390438198887208e-07	1.938739162589254609e-16	6.743419959184903558e-10	1.731524867793512654e-02	6.928814381872396011e-02	7.118561812761084592e-04	2.208557709367835055e-11	7.107207444178383245e-04
5.800000000000000711e+00	2.412067330270187106e-05	1.388478914444106310e-08	9.462989794470758348e-15	1.974706470070891184e-03	1.016993229675630818e-06	1.102555340049701839e-22	4.836021622056471913e-10	3.034008900460254967e-08	1.099912751527361344e-07	1.800457040416450286e-16	5.818068805935482441e-10	1.731274065994946321e-02	6.928749183850482773e-02	7.125081614952362809e-04	2.247524353369263051e-11	7.113811545149850875e-04
5.900000000000000355e+00	2.240489570358093730e-05	1.289538625903992988e-08	8.788675672658319107e-15	1.976433419678567168e-03	1.017009479649266360e-06	1.102572957109177250e-22	4.491416193737742747e-10	2.817815150727301159e-08	1.021484733059253027e-07	1.672077642496669307e-16	5.019793515074112008e-10	1.731041140926558794e-02	6.928688635162726095e-02	7.131136483728360261e-04	2.286491643671253116e-11	7.119944675547980198e-04
6.000000000000000000e+00	2.081135254243068441e-05	1.197670790832889632e-08	8.162562898551606535e-15	1.978037325054364266e-03	1.017024568565553242e-06	1.102589315431956442e-22	4.171443863393752533e-10	2.617074851460350061e-08	9.486698266564707453e-08	1.552886371255647838e-16	4.331123946647687560e-10	1.730824814025293257e-02	6.928632402991116712e-02	7.136759700889387442e-04	2.325459534085068331e-11	7.125640552829574145e-04
6.100000000000000533e+00	1.933131016817658893e-05	1.112366816495491442e-08	7.581185227320233693e-15	1.979526979615120908e-03	1.017038579844450384e-06	1.102604505456183119e-22	3.874333221091174966e-10	2.430676788741515274e-08	8.810634344040531311e-08	1.442220941070982979e-16	3.736995528316711298e-10	1.730623898767579688e-02	6.928580178516240140e-02	7.141982148376961170e-04	2.364427981742044691e-11	7.130930462699876628e-04
6.200000000000000178e+00	1.795666244424287832e-05	1.033155100289751966e-08	7.041328515371749761e-15	1.980910544706142393e-03	1.017051590847662202e-06	1.102618611052058191e-22	3.598441692173909661e-10	2.257590557895087340e-08	8.182905148715163442e-08	1.339467446951773242e-16	3.224417261473001889e-10	1.730437293962146586e-02	6.928531675162932779e-02	7.146832483707589922e-04	2.403396946852272155e-11	7.135843436943211217e-04
6.300000000000000711e+00	1.667988518398179536e-05	9.595982826489575532e-09	6.540011997878222103e-15	1.982195595534143664e-03	1.017063673327720871e-06	1.102631710008698268e-22	3.342245969222686953e-10	2.096860563451259305e-08	7.600033703377668003e-08	1.244056742519319292e-16	2.782185697623974210e-10	1.730263977542769241e-02	6.928486626977457818e-02	7.151337302255247538e-04	2.442366392481170574e-11	7.140406417913752399e-04
6.400000000000000355e+00	1.549399395891152065e-05	8.912907116093550199e-09	6.074471008880635656e-15	1.983389163691991284e-03	1.017074893841418868e-06	1.102643874482353060e-22	3.104333181237858697e-10	1.947600481253123707e-08	7.058796069475276545e-08	1.155461101047967292e-16	2.400638488078460356e-10	1.730103000822147755e-02	6.928444787125868920e-02	7.155521287414181838e-04	2.481336284342636703e-11	7.144644410734040871e-04
6.500000000000000000e+00	1.439250502217547691e-05	8.278561017577776519e-09	5.642141026163878698e-15	1.984497776547223657e-03	1.017085314135671867e-06	1.102655171414735375e-22	2.883392739840417640e-10	1.808988144964306953e-08	6.556202533880548917e-08	1.073191135978060500e-16	2.071442008219539840e-10	1.729953483171335973e-02	6.928405926504159484e-02	7.159407349584908558e-04	2.520306590607397110e-11	7.148580624158435088e-04
6.600000000000000533e+00	1.336939910835060134e-05	7.689453716962419683e-09	5.240642932789873803e-15	1.985527493712281079e-03	1.017094991496972134e-06	1.102665662911869781e-22	2.678208807240945758e-10	1.680260822378190500e-08	6.089480246480117720e-08	9.967929589055919240e-17	1.787408325230182979e-10	1.729814607092143922e-02	6.928369832451537758e-02	7.163016754847228692e-04	2.559277281725552093e-11	7.152236600978891835e-04
6.700000000000000178e+00	1.241908789554956350e-05	7.142346458860817407e-09	4.867769398937216535e-15	1.986483940844327618e-03	1.017103979080321491e-06	1.102675406600702798e-22	2.487653336736352872e-10	1.560710850670920759e-08	5.656057194208363445e-08	9.258455563274705617e-17	1.542337441629818613e-10	1.729685613652446122e-02	6.928336307558856377e-02	7.166369244115285402e-04	2.598248330262010677e-11	7.155632338779305919e-04
6.800000000000000711e+00	1.153638292065149039e-05	6.634234072703661222e-09	4.521472291349734765e-15	1.987372340964372024e-03	1.017112326213116031e-06	1.102684455958552820e-22	2.310679638361742923e-10	1.449681600910649088e-08	5.253547396103226826e-08	8.599583662499096246e-17	1.330881308964016670e-10	1.729565798256904943e-02	6.928305168564993788e-02	7.169483143501439179e-04	2.637219710744118128e-11	7.158786401776868818e-04
6.900000000000000355e+00	1.071646677436163540e-05	6.162327893564435894e-09	4.199851033256622536e-15	1.988197543472526672e-03	1.017120078670355172e-06	1.102692860611475269e-22	2.146316430276723303e-10	1.346563747128899259e-08	4.879737229116180812e-08	7.987690398848709140e-17	1.148426601308693418e-10	1.729454506727656771e-02	6.928276245334399897e-02	7.172375466560743746e-04	2.676191399520325687e-11	7.161716024431193008e-04
7.000000000000000000e+00	9.954866392408359062e-06	5.724039960309328163e-09	3.901141834835773938e-15	1.988964051057798797e-03	1.017127278936638474e-06	1.102700666618298235e-22	1.993662335039060430e-10	1.250791814341506308e-08	4.532572784812213966e-08	7.419413720885945492e-17	9.909936489409862605e-11	1.729351131671698349e-02	6.928249379909710848e-02	7.175062009029922923e-04	2.715163374629151590e-11	7.164437207444997657e-04
7.100000000000000533e+00	9.247428296967229373e-06	5.316968397151436884e-09	3.623707730210241965e-15	1.989676044638652701e-03	1.017133966444862700e-06	1.102707916729405442e-22	1.851880788053677543e-10	1.161840985032732628e-08	4.210148182557518607e-08	6.891633883639440670e-17	8.551493011088352215e-11	1.729255109113390226e-02	6.928224425633723593e-02	7.177557436628688491e-04	2.754135615677761612e-11	7.166964806731736378e-04
7.200000000000000178e+00	8.590295634266432293e-06	4.938883881402262347e-09	3.366029354727755925e-15	1.990337406489530413e-03	1.017140177797810719e-06	1.102714650626965207e-22	1.720195324340128065e-10	1.079224142866093057e-08	3.910694757872059070e-08	6.401455751154095782e-17	7.379317908698150950e-11	1.729165915372326071e-02	6.928201246335573271e-02	7.179875366444177145e-04	2.793108103729312241e-11	7.169312615878962796e-04
7.300000000000000711e+00	7.979886883762524885e-06	4.587717118343426011e-09	3.126696408629355715e-15	1.990951741685606947e-03	1.017145946972486346e-06	1.102720905146457763e-22	1.597885216076327036e-10	1.002489136371030661e-08	3.632571062114069255e-08	5.946192427084364521e-17	6.367859468020255636e-11	1.729083064168234971e-02	6.928179715576211761e-02	7.182028442380059257e-04	2.832080821198514928e-11	7.171493442595448494e-04
7.400000000000000355e+00	7.412876107177595323e-06	4.261547241091268923e-09	2.904399751134387175e-15	1.991522397993260220e-03	1.017151305510079265e-06	1.102726714482623510e-22	1.484281432313875096e-10	9.312162446623768634e-09	3.374253605637476497e-08	5.523350102256456417e-17	5.495073218233592406e-11	1.729006103936099950e-02	6.928159715948886688e-02	7.184028405112629495e-04	2.871053751754666925e-11	7.173519179591038818e-04
7.500000000000000000e+00	6.886174629100387384e-06	3.958591067679158765e-09	2.697924078750609121e-15	1.992052484322537169e-03	1.017156282693290746e-06	1.102732110381703366e-22	1.378762897259152392e-10	8.650158304068546277e-09	3.134328290349185097e-08	5.130614030690788879e-17	4.741940102454072277e-11	1.728934615335903785e-02	6.928141138430385371e-02	7.185886156962986715e-04	2.910026880231803318e-11	7.175400870303820511e-04
7.600000000000000533e+00	6.396914039352216951e-06	3.677193147483270692e-09	2.506141141550634621e-15	1.992544887841212180e-03	1.017160905708782279e-06	1.102737122317558615e-22	1.280753023479829680e-10	8.035261652028541680e-09	2.911482475681393590e-08	4.765835542446069342e-17	4.092050922830090144e-11	1.728868208942650059e-02	6.928123881779392479e-02	7.187611822061978819e-04	2.949000192545279097e-11	7.177148769856827974e-04
7.700000000000000178e+00	5.942430426518718846e-06	3.415816540816078392e-09	2.328003459128892980e-15	1.993002289852302544e-03	1.017165199797634459e-06	1.102741777654786031e-22	1.189716500470997027e-10	7.464114151176474856e-09	2.704497631896730011e-08	4.427020017855712860e-17	3.531247937541564477e-11	1.728806523103387088e-02	6.928107851978454468e-02	7.189214802156020621e-04	2.987973675614399003e-11	7.178772401597051768e-04
7.800000000000000711e+00	5.520249745215337404e-06	3.173034272150087618e-09	2.162538495662143128e-15	1.993427180530671448e-03	1.017169188397132259e-06	1.102746101802433980e-22	1.105156317844218129e-10	6.933597733725228303e-09	2.512242534242661621e-08	4.112315747069612390e-17	3.047315725053457618e-11	1.728749221948942469e-02	6.928092961716257603e-02	7.190703828375853484e-04	3.026947317290621814e-11	7.180280609543320805e-04
7.900000000000000355e+00	5.128074238329747400e-06	2.947521408660589496e-09	2.008843261147691962e-15	1.993821872588465681e-03	1.017172893267676607e-06	1.102750118351587459e-22	1.026611006312914602e-10	6.440817296335908416e-09	2.333666956839933786e-08	3.820003607601743276e-17	2.629714539484558785e-11	1.728695993549074147e-02	6.928079129907374623e-02	7.192087009264159104e-04	3.065921106290889257e-11	7.181681607043308505e-04
8.000000000000000000e+00	4.763769837350285166e-06	2.738047717268248691e-09	1.866079306910325556e-15	1.994188513968717883e-03	1.017176334616577619e-06	1.102753849209581799e-22	9.536520801671014917e-11	5.983084656723747758e-09	2.167795829523052844e-08	3.548487499676677625e-17	2.269350306394587004e-11	1.728646548200515887e-02	6.928066281246639257e-02	7.193371875337289034e-04	3.104895032135792970e-11	7.182983021918313725e-04
8.099999999999999645e+00	4.425354467427872039e-06	2.543470855760401794e-09	1.733468085103349745e-15	1.994529099616790604e-03	1.017179531208199798e-06	1.102757314719407508e-22	8.858816657657882949e-11	5.557903677055195932e-09	2.013723822021112934e-08	3.296285481083438518e-17	1.958376216317943697e-11	1.728600616838239096e-02	6.928054345795661706e-02	7.194565420434696160e-04	3.143869085092194660e-11	7.184191938353174604e-04
8.200000000000001066e+00	4.110987192969544642e-06	2.362730059141406404e-09	1.610286645726276620e-15	1.994845482407911659e-03	1.017182500467183586e-06	1.102760533771622972e-22	8.229303025158424204e-11	5.162956469219710102e-09	1.870610323308199211e-08	3.062021548877612474e-17	1.690021570134591939e-11	1.728557949560940651e-02	6.928043258599107801e-02	7.195674140090511667e-04	3.182843256119949212e-11	7.185314935768880289e-04
8.300000000000000711e+00	3.818958142463903192e-06	2.194840284300669839e-09	1.495863646002702508e-15	1.995139383290326935e-03	1.017185258574304930e-06	1.102763523908273797e-22	7.644549034812120892e-11	4.796090601358979489e-09	1.737674787102105212e-08	2.844418020427669518e-17	1.458444129447055403e-11	1.728518314262471323e-02	6.928032959328568607e-02	7.196704067144744357e-04	3.221817536822423130e-11	7.186358124898254394e-04
8.400000000000000355e+00	3.547679156207153895e-06	2.038886779174011256e-09	1.389575649065870541e-15	1.995412400703782448e-03	1.017187820557003411e-06	1.102766301421039070e-22	7.101368638416298502e-11	4.455307231816596840e-09	1.614192415864193771e-08	2.642288468550659267e-17	1.258602739585161607e-11	1.728481495361496381e-02	6.928023391952067844e-02	7.197660804794762121e-04	3.260791919400590537e-11	7.187327181268153131e-04
8.500000000000000000e+00	3.295675103487499707e-06	1.894020044435263255e-09	1.290843690167896238e-15	1.995666019317339935e-03	1.017190200370606139e-06	1.102768881439289983e-22	6.596803060681630420e-11	4.138750100642911690e-09	1.499490158185005727e-08	2.454531169626516165e-17	1.086147438816784684e-11	1.728447292622274645e-02	6.928014504427282283e-02	7.198549557273212001e-04	3.299766396610430143e-11	7.188227376276806529e-04
8.599999999999999645e+00	3.061575822962259294e-06	1.759451160051687990e-09	1.199130091556970041e-15	1.995901618146632851e-03	1.017192410976510799e-06	1.102771278014847216e-22	6.128104521794882706e-11	3.844695318230640824e-09	1.392942996481547224e-08	2.280123026921677291e-17	9.373246520058198337e-12	1.728415520059964350e-02	6.928006248416768154e-02	7.199375158324437373e-04	3.338740961723346591e-11	7.189063606040705344e-04
8.700000000000001066e+00	2.844108638208834071e-06	1.634447448178123007e-09	1.113935506581671177e-15	1.996120478082537633e-03	1.017194464410976374e-06	1.102773504196563931e-22	5.692721131437239246e-11	3.571541888813451801e-09	1.293970503207931386e-08	2.118113933440658710e-17	8.088953946244574208e-12	1.728386004924340608e-02	6.927998579023617043e-02	7.200142097639011763e-04	3.377715608489432654e-11	7.189840418172811776e-04
8.800000000000000711e+00	2.642091410756961630e-06	1.518328449927337963e-09	1.034796177713350854e-15	1.996323788889719977e-03	1.017196371853394424e-06	1.102775572104334196e-22	5.288282876021950833e-11	3.317802919696769690e-09	1.202033646515986811e-08	1.967621543101270354e-17	6.980647023011915065e-12	1.728358586756275836e-02	6.927991454546061911e-02	7.200854545393855968e-04	3.416690331103340276e-11	7.190562036641445038e-04
8.900000000000000355e+00	2.454426088550040683e-06	1.410462191159291088e-09	9.612813915454298474e-16	1.996512655700873138e-03	1.017198143687708078e-06	1.102777492995687088e-22	4.912588612574277445e-11	3.082097461967536968e-09	1.116631826320312299e-08	1.827826419058056547e-17	6.024207424385732328e-12	1.728333116511705445e-02	6.927984836249656553e-02	7.201516375035158348e-04	3.455665124172644792e-11	7.191232384848963337e-04
9.000000000000000000e+00	2.280092715627214695e-06	1.310261717034935724e-09	8.929911169655332643e-16	1.996688105040516584e-03	1.017199789556307899e-06	1.102779277324209233e-22	4.563593998708538330e-11	2.863142938408293949e-09	1.037300124077148592e-08	1.697967531853403758e-17	5.198822792006348962e-12	1.728309455748265611e-02	6.927978688155705944e-02	7.202131184430518454e-04	3.494639982688402472e-11	7.191855107058390617e-04
9.099999999999999645e+00	2.118143870638313649e-06	1.217181876208629066e-09	8.295538134654250782e-16	1.996851090431682550e-03	1.017201318416822471e-06	1.102780934801117200e-22	4.239400292087302606e-11	2.659748116847741185e-09	9.636067510703064717e-09	1.577338082504556987e-17	4.486533456903666599e-12	1.728287475870044637e-02	6.927972976844935793e-02	7.202702315508163495e-04	3.533614901997850970e-11	7.192433588287251408e-04
9.200000000000001066e+00	1.967699501398855547e-06	1.130716335371251594e-09	7.706243964433521589e-16	1.997002497589678554e-03	1.017202738588483719e-06	1.102782474445525169e-22	3.938243952183698017e-11	2.470806586809833190e-09	8.951506800361985455e-09	1.465281625698304575e-17	3.871841327941990781e-12	1.728267057426299477e-02	6.927967671275099548e-02	7.203232872491998305e-04	3.572589877779074984e-11	7.192970972778985539e-04
9.300000000000000711e+00	1.827942129097252659e-06	1.050394808598050304e-09	7.158823489036306416e-16	1.997143149251100896e-03	1.017204057798261825e-06	1.102783904634457036e-22	3.658486990200762686e-11	2.295290705491174035e-09	8.315594473861677886e-09	1.361188472236412874e-17	3.341372427465000361e-12	1.728248089460250950e-02	6.927962742611684654e-02	7.203725738833614530e-04	3.611564906017412217e-11	7.193470181154276244e-04
9.400000000000000355e+00	1.698112393885478345e-06	9.757804849269325564e-10	6.650299682575090947e-16	1.997273809657872795e-03	1.017205283223513972e-06	1.102785233149085668e-22	3.398608009420188979e-11	2.132245976860498266e-09	7.724871130392619096e-09	1.264492349473738382e-17	2.883585702396134002e-12	1.728230468904366421e-02	6.927958164070668889e-02	7.204183592934812648e-04	3.650539982983617752e-11	7.193933926337158251e-04
9.500000000000000000e+00	1.577504918602415745e-06	9.064676405220332772e-10	6.177907389256259685e-16	1.997395188719065448e-03	1.017206421530419101e-06	1.102786467216401585e-22	3.157193888454887871e-11	1.980785834070150451e-09	7.176123668276734879e-09	1.174667301681386622e-17	2.488521768315358587e-12	1.728214100018794427e-02	6.927953910772538526e-02	7.204608922747454333e-04	3.689515105213532208e-11	7.194364728343851994e-04
9.600000000000001421e+00	1.465464468041671536e-06	8.420794221972190294e-10	5.739078217285040817e-16	1.997507945880635464e-03	1.017207478912056276e-06	1.102787613550493268e-22	2.932932061341944076e-11	1.840086796288340311e-09	6.666367710977679860e-09	1.091224813348720213e-17	2.147586107171037051e-12	1.728198893869851288e-02	6.927949959606695407e-02	7.205004039331431220e-04	3.728490269489249812e-11	7.194764928016077156e-04
9.700000000000001066e+00	1.361382380666468005e-06	7.822657888154990665e-10	5.331426508752294772e-16	1.997612693710692361e-03	1.017208461119417316e-06	1.102788678386169823e-22	2.724603347511610413e-11	1.709383970479953610e-09	6.192831285889061004e-09	1.013711137552950305e-17	1.853361986460925873e-12	1.728184767845709208e-02	6.927946289105553490e-02	7.205371089445140442e-04	3.767465472821582167e-11	7.195136699774455592e-04
9.800000000000000711e+00	1.264693255943220453e-06	7.267016007117529102e-10	4.952736318354176186e-16	1.997710001238196375e-03	1.017209373494766969e-06	1.102789667515126711e-22	2.531075297316133609e-11	1.587966876629233426e-09	5.752939678915410304e-09	9.417048167946434171e-18	1.599449031691049089e-12	1.728171645206598786e-02	6.927942879327621262e-02	7.205712067238042359e-04	3.806440712433764090e-11	7.195482063462154809e-04
9.900000000000000355e+00	1.174871876985727830e-06	6.750848453118776791e-10	4.600949320340004841e-16	1.997800397052777472e-03	1.017210221002129754e-06	1.102790586318999239e-22	2.351296011925740854e-11	1.475175570545400691e-09	5.344301369744007808e-09	8.748143807319285402e-18	1.380323927388041109e-12	1.728159454667078931e-02	6.927939711748902496e-02	7.206028825109485249e-04	3.845415985746391816e-11	7.195802895344094062e-04
1.000000000000000000e+01	1.091430352644702008e-06	6.271349896960318902e-10	4.274153580630415322e-16	1.997884372173214674e-03	1.017211008250260217e-06	1.102791439794264702e-22	2.184288405366290907e-11	1.370397044048014699e-09	4.964694974882712489e-09	8.126762088763698939e-18	1.191220214722360836e-12	1.728148130008066996e-02	6.927936769162054698e-02	7.206323083793467112e-04	3.884391290363374494e-11	7.196100938322014251e-04
1.010000000000000142e+01	1.013915463150697771e-06	5.825914508570874293e-10	3.970573131071250308e-16	1.997962382725525145e-03	1.017211739521057078e-06	1.102792232583047621e-22	2.029144876485064457e-11	1.273061882317222870e-09	4.612057123772953464e-09	7.549525460243649498e-18	1.028024566454006232e-12	1.728137609716506873e-02	6.927934035582737626e-02	7.206596441724717793e-04	3.923366624058868617e-11	7.196377811421539664e-04
1.020000000000000107e+01	9.419061946853182171e-07	5.412121751494345266e-10	3.688558287859492335e-16	1.998034852423398022e-03	1.017212418792410675e-06	1.102792968997884826e-22	1.885022361222570813e-11	1.182641159835708034e-09	4.284471202459871527e-09	7.013296596994168089e-18	8.871872796202198572e-13	1.728127836650698509e-02	6.927931496162600955e-02	7.206850383737560930e-04	3.962341984765193426e-11	7.196635018603354588e-04
1.030000000000000071e+01	8.750114495034735385e-07	5.027723191543013024e-10	3.426576661159703695e-16	1.998102174870662086e-03	1.017213049758734617e-06	1.102793653043990730e-22	1.751137738114389748e-11	1.098643557923807661e-09	3.980156900188781103e-09	6.515161290258810495e-18	7.656450367911530034e-13	1.728118757729459401e-02	6.927929137108525259e-02	7.207086289145054605e-04	4.001317370561604518e-11	7.196873956946675662e-04
1.040000000000000036e+01	8.128679189817312668e-07	4.670630246319946564e-10	3.183204805957119866e-16	1.998164715706028920e-03	1.017213635853173504e-06	1.102794288443330979e-22	1.626763561494338392e-11	1.020612687866514716e-09	3.697460503366178336e-09	6.052412559392534360e-18	6.607542537399927489e-13	1.728110323643422888e-02	6.927926945607554288e-02	7.207305439242821807e-04	4.040292779663817737e-11	7.197095924249930854e-04
1.050000000000000000e+01	7.551381083013235436e-07	4.338902810080795782e-10	2.957120469486438172e-16	1.998222814585015345e-03	1.017214180263044768e-06	1.102794878651362201e-22	1.511224099575156928e-11	9.481246053054692898e-10	3.434845883258223729e-09	5.622535899547845240e-18	5.702335626307621101e-13	1.728102488586869337e-02	6.927924909757203487e-02	7.207509024278619661e-04	4.079268210414355712e-11	7.197302126090295796e-04
1.060000000000000142e+01	7.015085012392347167e-07	4.030738687143712399e-10	2.747095389715612637e-16	1.998276787030819207e-03	1.017214685949276377e-06	1.102795426878103210e-22	1.403891654143576508e-11	8.807855013044298372e-10	3.190886124637557513e-09	5.223195578533548995e-18	4.921141773293268696e-13	1.728095210008658705e-02	6.927923018500736774e-02	7.207698149925736552e-04	4.118243661273451461e-11	7.197493682380597243e-04
1.070000000000000107e+01	6.516878559258945027e-07	3.744463780837607739e-10	2.551988608756557637e-16	1.998326926152247263e-03	1.017215155663808921e-06	1.102795936107009686e-22	1.304183143406633975e-11	8.182295585080545308e-10	2.964255753450309041e-09	4.852221914213805851e-18	4.246970615779345096e-13	1.728088448380877065e-02	6.927921261567041022e-02	7.207873843295665127e-04	4.157219130810742330e-11	7.197671633459550977e-04
1.080000000000000071e+01	6.054056216956860695e-07	3.478522980838014753e-10	2.370740262252462740e-16	1.998373504232222285e-03	1.017215591962103108e-06	1.102796409108523624e-22	1.211556928083853624e-11	7.601169599031265625e-10	2.753723518295071822e-09	4.507599458445949138e-18	3.665159667930401455e-13	1.728082166983952242e-02	6.927919629414773517e-02	7.208037058522855870e-04	4.196194617697497727e-11	7.197836945748563873e-04
1.090000000000000036e+01	5.624104684946167056e-07	3.231471699485804609e-10	2.202365811070564856e-16	1.998416774208516995e-03	1.017215997217404648e-06	1.102796848455543314e-22	1.125509863537799577e-11	7.061320393898717969e-10	2.558145686213102980e-09	4.187456022898179376e-18	3.163055350843028710e-13	1.728076331707039878e-02	6.927918113180482618e-02	7.208188681952111673e-04	4.235170120699376771e-11	7.197990517006040007e-04
1.100000000000000000e+01	5.224689210099975260e-07	3.001968011758730896e-10	2.045950684406331208e-16	1.998456971051321401e-03	1.017216373635094899e-06	1.102797256538980304e-22	1.045574562154714219e-11	6.559815642567525622e-10	2.376459816985802968e-09	3.890052488139493132e-18	2.729737734313066006e-13	1.728070910862628679e-02	6.927916704630440736e-02	7.208329536956959013e-04	4.274145638669713907e-11	7.198133181207852765e-04
1.110000000000000142e+01	4.853640896840702764e-07	2.788765353591746374e-10	1.900645303422659641e-16	1.998494313040014448e-03	1.017216723264570923e-06	1.102797635580642107e-22	9.713168501959994609e-12	6.093931396605632612e-10	2.207678979766540242e-09	3.613773336790208264e-18	2.355782995646898110e-13	1.728065875014318797e-02	6.927915396115862101e-02	7.208460388415222596e-04	4.313121170543311827e-11	7.198265713080643493e-04
1.120000000000000107e+01	4.508944923895606421e-07	2.590705742564281599e-10	1.765660460901216585e-16	1.998529002944034964e-03	1.017217048007697820e-06	1.102797987642388603e-22	9.023334065882197743e-12	5.661137272503009856e-10	2.050886383633893913e-09	3.357117864223809103e-18	2.033058432737283137e-13	1.728061196816840436e-02	6.927914180531355437e-02	7.208581946866270650e-04	4.352096715330639567e-11	7.198388832312670833e-04
1.130000000000000071e+01	4.188729593537208313e-07	2.406713478159177115e-10	1.640263027739325411e-16	1.998561229132923400e-03	1.017217349633319882e-06	1.102798314641871670e-22	8.382495687461653445e-12	5.259082685817817205e-10	1.905230388645046647e-09	3.118692012112573504e-18	1.754545560848315898e-13	1.728056850867468533e-02	6.927913051276295142e-02	7.208694872372650329e-04	4.391072272112453249e-11	7.198503207465190403e-04
1.140000000000000036e+01	3.891256164302544849e-07	2.235789293263240060e-10	1.523771966984468008e-16	1.998591166591915259e-03	1.017217629782862447e-06	1.102798618358602852e-22	7.787172955617331351e-12	4.885584071345504735e-10	1.769919873528515159e-09	2.897200785759260411e-18	1.514187453684666472e-13	1.728052813567988386e-02	6.927912002218956922e-02	7.208799778107048088e-04	4.430047840034833003e-11	7.198609459605688921e-04
1.150000000000000000e+01	3.614909402552879067e-07	2.077004919621428551e-10	1.415554629993265742e-16	1.998618977877600258e-03	1.017217889981757949e-06	1.102798900446342833e-22	7.234132745713567803e-12	4.538613007835521840e-10	1.644219932391437088e-09	2.691441209995424896e-18	1.306756998917650741e-13	1.728049062996475302e-02	6.927911027663187504e-02	7.208897233684260879e-04	4.469023418304476432e-11	7.198708165682764877e-04
1.160000000000000142e+01	3.358188808003935785e-07	1.929498041335387003e-10	1.315023317056830281e-16	1.998644813999924698e-03	1.017218131647154131e-06	1.102799162441458732e-22	6.720371642778684286e-12	4.216285190614483012e-10	1.527447877920242327e-09	2.500295786781550912e-18	1.127743207063313505e-13	1.728045578788191261e-02	6.927910122317471053e-02	7.208987768256221477e-04	4.507999006184441219e-11	7.198799861661063330e-04
1.170000000000000107e+01	3.119700462767259965e-07	1.792467607303225889e-10	1.221632082657652878e-16	1.998668815243765610e-03	1.017218356096229366e-06	1.102799405771937561e-22	6.243099614902967458e-12	3.916850188556524018e-10	1.418969529363362600e-09	2.322726418969387389e-18	9.732530977787590271e-14	1.728042342024950148e-02	6.927909281266164676e-02	7.209071873387035926e-04	4.546974602990150105e-11	7.198885045433315016e-04
1.180000000000000071e+01	2.898149458761389751e-07	1.665169476568253882e-10	1.134873767616070628e-16	1.998691111925979692e-03	1.017218564550796705e-06	1.102799631762377606e-22	5.799724846146410916e-12	3.638681928507683877e-10	1.318195764383355167e-09	2.157768765994493462e-18	8.399270285626534291e-14	1.728039335132345797e-02	6.927908499942803111e-02	7.209150005723576234e-04	4.585950208085630445e-11	7.198964179525400159e-04
1.190000000000000036e+01	2.692332863811165368e-07	1.546912373694471095e-10	1.054277242531278408e-16	1.998711825110203923e-03	1.017218758147449848e-06	1.102799841644990820e-22	5.387839649258425706e-12	3.380269857152467704e-10	1.224579316143801645e-09	2.004527000995867863e-18	7.248656249834085451e-14	1.728036541784283911e-02	6.927907774105278305e-02	7.209222589476338774e-04	4.624925820880089167e-11	7.199037693609118202e-04
1.200000000000000000e+01	2.501133187853969800e-07	1.437054131930232896e-10	9.794048473604550805e-17	1.998731067260405697e-03	1.017218937941689893e-06	1.102800036564072288e-22	5.005207380753275355e-12	3.140210731737213807e-10	1.137611798519871672e-09	1.862168941353305151e-18	6.255667223572746002e-14	1.728033946814290858e-02	6.927907099812805058e-02	7.209290018723875891e-04	4.663901440824695165e-11	7.199105986836324376e-04
1.210000000000000142e+01	2.323512313050350714e-07	1.334998203298030662e-10	9.098500129177739620e-17	1.998748942851454307e-03	1.017219104913504736e-06	1.102800217582050497e-22	4.649750285679489994e-12	2.917200994068263349e-10	1.056820942713338449e-09	1.729921525274665483e-18	5.398709469122984337e-14	1.728031536133145529e-02	6.927906473404511767e-02	7.209352659553488031e-04	4.702877067409605975e-11	7.199169430007219123e-04
1.220000000000000107e+01	2.158505855515573307e-07	1.240190417008490246e-10	8.452350516154150718e-17	1.998765548937112349e-03	1.017219259972970293e-06	1.102800385685563698e-22	4.319538207293525465e-12	2.710029687131225411e-10	9.817680304385847315e-10	1.607066610152093576e-18	4.659147528428461240e-14	1.728029296652342298e-02	6.927905891479550771e-02	7.209410852049789311e-04	4.741852700161169577e-11	7.199228367584485644e-04
1.230000000000000071e+01	2.005217927446938843e-07	1.152115968212091174e-10	7.852091051881254353e-17	1.998780975680967791e-03	1.017219403967132853e-06	1.102800541792915368e-22	4.012778098991312521e-12	2.517571875038841818e-10	9.120455098056980914e-10	1.492937069976797156e-18	4.020898936721370259e-14	1.728027216213009337e-02	6.927905350878631185e-02	7.209464912141938650e-04	4.780828338639380816e-11	7.199283119564335543e-04
1.240000000000000036e+01	1.862816271447715331e-07	1.070296620846991876e-10	7.294462383320795250e-17	1.998795306840711519e-03	1.017219537681858572e-06	1.102800686756082653e-22	3.727804281928799614e-12	2.338782530802272822e-10	8.472747804039741300e-10	1.386913169719651171e-18	3.470084461285478428e-14	1.728025283519868394e-02	6.927904848666854853e-02	7.209515133319588116e-04	4.819803982435502609e-11	7.199333983214567306e-04
1.250000000000000000e+01	1.730527740910922610e-07	9.942881095317557186e-11	6.776436680000928568e-17	1.998808620224352267e-03	1.017219661846781842e-06	1.102800821366081092e-22	3.463069395908623490e-12	2.172690859043131349e-10	7.871041362524656150e-10	1.288419198125883005e-18	2.994726262188896071e-14	1.728023488079889758e-02	6.927904382117784643e-02	7.209561788226909488e-04	4.858779631169815110e-11	7.199381234689116804e-04
1.260000000000000142e+01	1.607634101238454813e-07	9.236777259806172217e-11	6.295201184556729148e-17	1.998820988115445046e-03	1.017219777140625294e-06	1.102800946358731122e-22	3.217135992952120556e-12	2.018395021928112589e-10	7.312068548149190114e-10	1.196920339603978578e-18	2.584487403530323882e-14	1.728021820145310417e-02	6.927903948698618808e-02	7.209605130143387827e-04	4.897755284489574257e-11	7.199425130527907892e-04
1.270000000000000107e+01	1.493468129104126906e-07	8.580820768208925998e-11	5.848142931438724836e-17	1.998832477662315383e-03	1.017219884193194559e-06	1.102801062416820048e-22	2.988668727858755279e-12	1.875057239626569772e-10	6.792794217393605022e-10	1.111919768283611412e-18	2.230447052729016027e-14	1.728020270660684393e-02	6.927903546056463080e-02	7.209645394359346596e-04	4.936730942067102789e-11	7.199465909050106402e-04
1.280000000000000071e+01	1.387409989467344996e-07	7.971450011309902389e-11	5.432834554175591703e-17	1.998843151244078173e-03	1.017219983589499929e-06	1.102801170174572211e-22	2.776427105066615807e-12	1.741899239798121172e-10	6.310398820898001708e-10	1.032955949129776743e-18	1.924906478934966265e-14	1.728018831213718950e-02	6.927903172005517307e-02	7.209682799453780763e-04	4.975706603597956235e-11	7.199503791648409262e-04
1.290000000000000036e+01	1.288883869457735430e-07	7.405356356835361528e-11	5.047021099300966061e-17	1.998853066810848175e-03	1.017220075873673887e-06	1.102801270221895579e-22	2.579258739964457545e-12	1.618198029825434511e-10	5.862263085199729346e-10	9.596001304805021489e-19	1.661221629014751211e-14	1.728017493989586831e-02	6.927902824515244640e-02	7.209717548481391200e-04	5.014682268799341577e-11	7.199538983991348806e-04
1.300000000000000000e+01	1.197354851619130665e-07	6.879466178159159816e-11	4.688607778261301835e-17	1.998862278195586480e-03	1.017220161550484754e-06	1.102801363106022271e-22	2.396093099555034905e-12	1.503281969795029029e-10	5.445953784299236784e-10	8.914540149796810333e-19	1.433658640751165460e-14	1.728016251728489022e-02	6.927902501699305382e-02	7.209749830075273596e-04	5.053657937408533976e-11	7.199571677140195573e-04
1.310000000000000142e+01	1.112326009134146603e-07	6.390924159290656812e-11	4.355648589156735690e-17	1.998870835409456270e-03	1.017220241089624371e-06	1.102801449336154574e-22	2.225935687642999292e-12	1.396527124356104412e-10	5.059210522150556462e-10	8.281475959891657614e-19	1.237269150644972520e-14	1.728015097686232127e-02	6.927902201805345717e-02	7.209779819471284594e-04	5.092633609181480898e-11	7.199602048586510507e-04
1.320000000000000107e+01	1.033335707577021454e-07	5.937077787241563086e-11	4.046335747723977427e-17	1.998878784911319473e-03	1.017220314927196966e-06	1.102801529385085955e-22	2.067862643582573219e-12	1.297353874051384483e-10	4.699933455098969376e-10	7.693371478617728789e-19	1.067782684588781796e-14	1.728014025597607306e-02	6.927901923205462276e-02	7.209807679459635191e-04	5.131609283891466355e-11	7.199630263215983346e-04
1.330000000000000071e+01	9.599550982622840237e-08	5.515462945871738517e-11	3.758989869017213954e-17	1.998886169858546565e-03	1.017220383467354358e-06	1.102801603690967359e-22	1.921015724666321665e-12	1.205223767328002766e-10	4.366171885690423514e-10	7.147033588500248260e-19	9.215137907158940003e-15	1.728013029642366805e-02	6.927901664387371705e-02	7.209833561268845113e-04	5.170584961327869485e-11	7.199656474203796046e-04
1.340000000000000036e+01	8.917857895530027357e-08	5.123790532775694194e-11	3.492050846328588774e-17	1.998893030344506706e-03	1.017220447086082826e-06	1.102801672661413439e-22	1.784597644835318864e-12	1.119636596105593609e-10	4.056113668282765064e-10	6.639495968995378483e-19	7.952818944755210065e-15	1.728012104413624919e-02	6.927901423946190851e-02	7.209857605386980417e-04	5.209560641295009081e-11	7.199680823846393418e-04
1.350000000000000000e+01	8.284576837158244013e-08	4.759934027813591639e-11	3.244069378689036055e-17	1.998899403617987718e-03	1.017220506134124525e-06	1.102801736676672641e-22	1.657867744843612128e-12	1.040127679293334236e-10	3.768075366578488715e-10	6.168002985252319060e-19	6.863421337333029666e-15	1.728011244888494335e-02	6.927901200576816465e-02	7.209879942324484052e-04	5.248536323611114141e-11	7.199703444334150642e-04
1.360000000000000142e+01	7.696269673941906043e-08	4.421917944682923566e-11	3.013699100193541064e-17	1.998905324278992153e-03	1.017220560935597460e-06	1.102801796088129375e-22	1.540137969982563915e-12	9.662653392644138331e-11	3.500493110782262301e-10	5.729994722098354745e-19	5.923256689659461109e-15	1.728010446400816622e-02	6.927900993066832269e-02	7.209900693322837499e-04	5.287512008107340302e-11	7.199724458469181250e-04
1.370000000000000107e+01	7.149742447296014033e-08	4.107907102443459414e-11	2.799689268154439722e-17	1.998910824470992356e-03	1.017220611791983739e-06	1.102801851222628203e-22	1.430769133391933986e-12	8.976485575032806318e-11	3.251914104261184898e-10	5.323093081201550158e-19	5.111881706451271587e-15	1.728009704615821387e-02	6.927900800289935046e-02	7.209919971012890500e-04	5.326487694626822453e-11	7.199743980332106276e-04
1.380000000000000071e+01	6.642028033086133130e-08	3.816196660510828463e-11	2.600877971586384247e-17	1.998915934055213797e-03	1.017220658983644913e-06	1.102801902384114346e-22	1.329167445284313628e-12	8.339047970851334099e-11	3.020988734362559191e-10	4.945088867185210898e-19	4.411653639377937367e-15	1.728009015506595802e-02	6.927900621199799269e-02	7.209937880026430230e-04	5.365463383023843035e-11	7.199762115901530519e-04
1.390000000000000036e+01	6.170370029428659395e-08	3.545202859661970618e-11	2.416185820864166366e-17	1.998920680770850666e-03	1.017220702770368953e-06	1.102801949854231550e-22	1.234781288070941477e-12	7.746879794294377867e-11	2.806463242291902208e-10	4.593929788873806611e-19	3.807346630146822442e-15	1.728008375332214935e-02	6.927900454824424681e-02	7.209954517564296731e-04	5.404439073163019079e-11	7.199778963629452485e-04
1.400000000000000000e+01	5.732207791345673176e-08	3.293454422203026484e-11	2.244610086623725725e-17	1.998925090389182171e-03	1.017220743394558900e-06	1.102801993895773801e-22	1.147098221071386071e-12	7.196766050902564051e-11	2.607172914913005893e-10	4.267709314878518864e-19	3.285820616441530203e-15	1.728007780617433348e-02	6.927900300260825261e-02	7.209969973924154098e-04	5.443414764918589404e-11	7.199794614975828103e-04
1.410000000000000142e+01	5.325162529370835904e-08	3.059584563634887744e-11	2.085219255421127836e-17	1.998929186848756503e-03	1.017220781080142525e-06	1.102802034751507013e-22	1.065642198205663648e-12	6.685720081713977881e-11	2.422035760299045929e-10	3.964656321039966964e-19	2.835735596526859422e-15	1.728007228133813730e-02	6.927900156670158127e-02	7.209984332990782962e-04	5.482390458173724442e-11	7.199809154905187358e-04
1.420000000000000107e+01	4.947024391787317829e-08	2.842323569641086727e-11	1.937147970679297656e-17	1.998932992390661106e-03	1.017220816036479480e-06	1.102802072648402456e-22	9.899709825860596943e-13	6.210967342718347308e-11	2.250046631763020013e-10	3.683125471991342610e-19	2.447305033413298220e-15	1.728006714882197176e-02	6.927900023273149410e-02	7.209997672691532142e-04	5.521366152819882587e-11	7.199822662347936299e-04
1.430000000000000071e+01	4.595740467852323559e-08	2.640491902380956995e-11	1.799592334375591185e-17	1.998936527674210085e-03	1.017220848456921340e-06	1.102802107796078511e-22	9.196737454640603992e-13	5.769930340942173285e-11	2.090271769977792977e-10	3.421588287096873853e-19	2.112083044870155113e-15	1.728006238076422452e-02	6.927899899345871249e-02	7.210010065419409026e-04	5.560341848756242801e-11	7.199835210628902039e-04
1.440000000000000036e+01	4.269403640813800473e-08	2.452993795162363237e-11	1.671805541577843315e-17	1.998939811893518919e-03	1.017220878522101693e-06	1.102802140390361960e-22	8.543688352781181124e-13	5.360214637721163871e-11	1.941843732196403433e-10	3.178624840038749883e-19	1.822780744888670696e-15	1.728005795128198172e-02	6.927899784215803269e-02	7.210021578426172245e-04	5.599317545889148206e-11	7.199846867865481066e-04
1.450000000000000000e+01	3.966242234365875355e-08	2.278811303098139961e-11	1.553093825749924430e-17	1.998942862877935850e-03	1.017220906398994450e-06	1.102802170612275640e-22	7.937017055188789835e-13	4.979595848365076402e-11	1.803956682438748930e-10	2.952916049273672213e-19	1.573107746228435549e-15	1.728005383633047370e-02	6.927899677258191058e-02	7.210032274187436760e-04	5.638293244131586509e-11	7.199857697337456270e-04
1.460000000000000142e+01	3.684610393657980229e-08	2.116998775898285577e-11	1.442812691758203920e-17	1.998945697190075872e-03	1.017220932242450997e-06	1.102802198629694957e-22	7.373429896227716082e-13	4.626007564278363800e-11	1.675862015863008465e-10	2.743236515519934920e-19	1.357635375352979118e-15	1.728005001357257875e-02	6.927899577892646099e-02	7.210042210741886021e-04	5.677268943402726009e-11	7.199867757830566515e-04
1.470000000000000107e+01	3.422979148568729469e-08	1.966677722741881015e-11	1.340363416094626501e-17	1.998948330219200899e-03	1.017220956197793178e-06	1.102802224600168361e-22	6.849867124255339670e-13	4.297530131826761336e-11	1.556864293584330832e-10	2.548447867418899447e-19	1.171678625195899989e-15	1.728004646225749300e-02	6.927899485579998295e-02	7.210051442006401839e-04	5.716244643627457414e-11	7.199877103955684915e-04
1.480000000000000071e+01	3.179928113770763802e-08	1.827032043090188711e-11	1.245189796502044856e-17	1.998950776258879430e-03	1.017220978398611217e-06	1.102802248668524280e-22	6.363486290717273208e-13	3.992380230846260424e-11	1.446317466976286792e-10	2.367492581053879635e-19	1.011194280923415714e-15	1.728004316310811916e-02	6.927899399819373305e-02	7.210060018068778368e-04	5.755220344736033242e-11	7.199885786445303680e-04
1.490000000000000036e+01	2.954137776714645828e-08	1.697303595351582479e-11	1.156775131857884521e-17	1.998953048589300480e-03	1.017220998969881649e-06	1.102802270970251838e-22	5.911646815968159227e-13	3.708901191427067461e-11	1.343621369804756177e-10	2.199388237886718765e-19	8.726930004160283195e-16	1.728004009821634823e-02	6.927899320145466944e-02	7.210067985459668203e-04	5.794196046663655524e-11	7.199893852429008201e-04
1.500000000000000000e+01	2.744382333249715590e-08	1.576788080245601123e-11	1.074639416536729678e-17	1.998955159545554895e-03	1.017221018026701217e-06	1.102802291630130702e-22	5.491895651178101050e-13	3.445553998353318672e-11	1.248218459187736114e-10	2.043222190000197514e-19	7.531634391301149615e-16	1.728003725094588369e-02	6.927899246126011101e-02	7.210075387405207991e-04	5.833171749350110682e-11	7.199901345689321656e-04
1.510000000000000142e+01	2.549523033185617456e-08	1.464831217200293224e-11	9.983367344857724103e-18	1.998957120588344856e-03	1.017221035676822677e-06	1.102802310764977502e-22	5.101953960863397865e-13	3.200908935887423969e-11	1.159590788791503061e-10	1.898146605490547436e-19	6.500067696997073515e-16	1.728003460584191797e-02	6.927899177359447824e-02	7.210082264061711335e-04	5.872147452739461920e-11	7.199908306899423932e-04
1.520000000000000107e+01	2.368501997326283237e-08	1.360825191674498810e-11	9.274528379454878614e-18	1.998958942363915098e-03	1.017221052020063144e-06	1.102802328483006369e-22	4.739704749039000512e-13	2.973637824545881758e-11	1.077257196128942434e-10	1.763373864326121979e-19	5.609801711535597477e-16	1.728003214854717876e-02	6.927899113472725523e-02	7.210088652733678003e-04	5.911123156779747431e-11	7.199914773843980832e-04
1.530000000000000071e+01	2.200336474618034284e-08	1.264205355382606482e-11	8.616028985325534646e-18	1.998960634764661987e-03	1.017221067150282126e-06	1.102802344885973265e-22	4.403181366221135502e-13	2.762506810544469228e-11	1.000770690602166415e-10	1.638172282806449027e-19	4.841480601724482898e-16	1.728002986572401908e-02	6.927899054119299183e-02	7.210094588076331563e-04	5.950098861422714151e-11	7.199920781624271878e-04
1.540000000000000036e+01	2.044113506422403410e-08	1.174447160462942540e-11	8.004294177638816800e-18	1.998962206975116260e-03	1.017221081151963960e-06	1.102802360065468714e-22	4.090556831247059105e-13	2.566369666417098509e-11	9.297160262943955598e-11	1.521862140439379724e-19	4.178400027277688949e-16	1.728002774498199959e-02	6.927898998977227718e-02	7.210100102283746896e-04	5.989074566623523721e-11	7.199926362848769199e-04
1.550000000000000000e+01	1.898984969868887576e-08	1.091063311472518300e-11	7.436002860372580844e-18	1.998963667533294568e-03	1.017221094106512537e-06	1.102802374109744600e-22	3.800133911776162258e-13	2.384161567641426384e-11	8.637074474642883501e-11	1.413811989516664888e-19	3.606143915927400999e-16	1.728002577481062979e-02	6.927898947747425373e-02	7.210105225263682130e-04	6.028050272340508211e-11	7.199931547810162809e-04
1.560000000000000142e+01	1.764162973278623945e-08	1.013601119686563296e-11	6.908069794900570651e-18	1.998965024368071913e-03	1.017221106088129425e-06	1.102802387099244702e-22	3.530335909411261390e-13	2.214893311329461522e-11	8.023865940505202556e-11	1.313435226612039812e-19	3.112270996392043185e-16	1.728002394451683479e-02	6.927898900152061612e-02	7.210109984799906472e-04	6.067025978534994342e-11	7.199936364649851426e-04
1.570000000000000107e+01	1.638915579331734225e-08	9.416400457225385089e-12	6.417628852079557809e-18	1.998966284844465747e-03	1.017221117165357800e-06	1.102802399108277897e-22	3.279698100747238194e-13	2.057645946438422317e-11	7.454205563419702242e-11	1.220186908250059666e-19	2.686044276284024042e-16	1.728002224416697735e-02	6.927898855933030398e-02	7.210114406703056105e-04	6.106001685171028191e-11	7.199940839510693543e-04
1.580000000000000071e+01	1.522562830360096118e-08	8.747894157670075619e-12	5.962017447503244497e-18	1.998967455806174420e-03	1.017221127402745807e-06	1.102802410206822774e-22	3.046859783072130235e-13	1.911565783337212208e-11	6.925000670763551097e-11	1.133560791533028690e-19	2.318197572480591088e-16	1.728002066453283511e-02	6.927898814850556863e-02	7.210118514950777067e-04	6.144977392215211049e-11	7.199944996678958771e-04
1.590000000000000036e+01	1.414473057582272211e-08	8.126863009558996581e-12	5.538762088705959926e-18	1.998968543609768150e-03	1.017221136859697139e-06	1.102802420459279966e-22	2.830556888325555966e-13	1.775859759883568847e-11	6.433378226579787968e-11	1.053086586124387203e-19	2.000734030708329089e-16	1.728001919704157466e-02	6.927898776681885862e-02	7.210122331817879395e-04	6.183953099636505548e-11	7.199948858716163566e-04
1.600000000000000000e+01	1.314059451291151326e-08	7.549935466975847076e-12	5.145564944281262761e-18	1.998969554162443110e-03	1.017221145592435090e-06	1.102802429926602381e-22	2.629615119302512187e-13	1.649791135160209607e-11	5.976669231305625532e-11	9.783274006235467636e-20	1.726752241580538829e-16	1.728001783372916725e-02	6.927898741220091250e-02	7.210125877997292879e-04	6.222928807406109002e-11	7.199952446581577405e-04
1.610000000000000142e+01	1.220776875467794370e-08	7.013979424417548566e-12	4.780291370189917616e-18	1.998970492950158644e-03	1.017221153652317595e-06	1.102802438664468486e-22	2.442943575024828679e-13	1.532675490105304727e-11	5.552394233304135183e-11	9.088773709330136438e-20	1.490296179736741907e-16	1.728001656719716644e-02	6.927898708272939299e-02	7.210129172712378487e-04	6.261904515497263408e-11	7.199955779745995706e-04
1.619999999999999929e+01	1.134118907788849559e-08	6.516085209574476661e-12	4.440958318719843270e-18	1.998971365066273646e-03	1.017221161085526374e-06	1.102802446722943995e-22	2.269528827188250827e-13	1.423877011140147788e-11	5.158249864505219736e-11	8.443594562630604092e-20	1.286225697040079630e-16	1.728001539057255620e-02	6.927898677661852023e-02	7.210132233821303421e-04	6.300880223885084849e-11	7.199958876297456048e-04
1.630000000000000071e+01	1.053615091302120354e-08	6.053549792329965423e-12	4.125723576343826419e-18	1.998972175248406834e-03	1.017221167938004495e-06	1.102802454151837661e-22	2.108429420214281392e-13	1.322805039566303852e-11	4.792096340495799917e-11	7.844233930081038564e-20	1.110104763883558035e-16	1.728001429747039533e-02	6.927898649220924632e-02	7.210135077914005654e-04	6.339855932546451041e-11	7.199961753039420265e-04
1.640000000000000213e+01	9.788283846594320423e-09	5.623862134639711478e-12	3.832875779128486058e-18	1.998972927893539683e-03	1.017221174250341987e-06	1.102802460995153878e-22	1.958770768666383402e-13	1.228910870269741132e-11	4.451945863042967032e-11	7.287437963433034579e-20	9.581050208890628425e-17	1.728001328195930691e-02	6.927898622796048456e-02	7.210137720402045019e-04	6.378831641459897940e-11	7.199964425581810564e-04
1.650000000000000000e+01	9.093527664787386426e-09	5.224689426019988110e-12	3.560825031717779414e-18	1.998973627089243622e-03	1.017221180061542176e-06	1.102802467295178940e-22	1.819740363120317338e-13	1.141684743887577009e-11	4.135951723092828214e-11	6.770183764827788554e-20	8.269224451416614111e-17	1.728001233852885857e-02	6.927898598244042194e-02	7.210140175603124355e-04	6.417807350605493078e-11	7.199966908426623556e-04
1.660000000000000142e+01	8.448110634154981790e-09	4.853864604409549908e-12	3.308094402345862505e-18	1.998974276631411504e-03	1.017221185407307714e-06	1.102802473090615295e-22	1.690583423726014437e-13	1.060653120020216198e-11	3.842398422700010660e-11	6.289663217276765455e-20	7.137057029981416504e-17	1.728001146206016927e-02	6.927898575431899741e-02	7.210142456817666707e-04	6.456783059964728288e-11	7.199969215045470220e-04
1.669999999999999929e+01	7.848528908634617518e-09	4.509374524187687622e-12	3.073311858910338117e-18	1.998974880044696555e-03	1.017221190320188593e-06	1.102802478416736940e-22	1.570598779171305264e-13	9.853760916672424553e-12	3.569692307776976125e-11	5.843267651308885404e-20	6.159941969152106912e-17	1.728001064779790055e-02	6.927898554236062989e-02	7.210144576401415675e-04	6.495758769520385290e-11	7.199971357953134686e-04
1.680000000000000071e+01	7.291527418348486377e-09	4.189348975599766054e-12	2.855202785319585952e-18	1.998975440605253295e-03	1.017221194838786224e-06	1.102802483314940791e-22	1.459135042199912754e-13	9.154449869149425403e-12	3.316352876163654567e-11	5.428573617062658390e-20	5.316684996279162198e-17	1.728000989132436743e-02	6.927898534541743203e-02	7.210146545832941088e-04	6.534734479256474940e-11	7.199973348775844280e-04
1.690000000000000213e+01	6.774082229021458620e-09	3.892050549125410059e-12	2.652583073640779744e-18	1.998975961357431653e-03	1.017221198967426614e-06	1.102802487791363868e-22	1.355587079340302866e-13	8.504801478897201592e-12	3.081004753699077356e-11	5.043329749798261830e-20	4.588819006305613972e-17	1.728000918853556112e-02	6.927898516242321503e-02	7.210148375775408177e-04	6.573710189158142884e-11	7.199975198314267086e-04
1.700000000000000000e+01	6.293384157699281042e-09	3.615865221770229365e-12	2.464352708417047538e-18	1.998976445127502097e-03	1.017221202757488666e-06	1.102802491900230550e-22	1.259392732284617820e-13	7.901288867598602658e-12	2.862370241579964596e-11	4.685444570658501204e-20	3.960668418625508469e-17	1.728000853561894104e-02	6.927898499238722974e-02	7.210150076135207970e-04	6.612685899211595886e-11	7.199976916602039353e-04
1.710000000000000142e+01	5.846823611024360651e-09	3.359293645682266648e-12	2.289489829438114839e-18	1.998976894541622598e-03	1.017221206225048852e-06	1.102802495659466892e-22	1.170029783603793918e-13	7.340635687848231371e-12	2.659262421244866900e-11	4.352975199909097213e-20	3.418534635132082047e-17	1.728000792903284025e-02	6.927898483438924004e-02	7.210151656114556279e-04	6.651661609404013938e-11	7.199978512959925728e-04
1.719999999999999929e+01	5.431976199904316835e-09	3.120942882957466054e-12	2.127045098761502190e-18	1.998977312041379153e-03	1.017221209393865388e-06	1.102802499094828913e-22	1.087013078081762763e-13	6.819798129982883715e-12	2.470578610502139835e-11	4.044116645240133280e-20	2.950636565058689340e-17	1.728000736548693586e-02	6.927898468757441586e-02	7.210153124262691894e-04	6.690637319723503735e-11	7.199979996047182248e-04
1.730000000000000071e+01	5.046589787711901522e-09	2.899518964062109943e-12	1.976136628995678185e-18	1.998977699890777150e-03	1.017221212283925922e-06	1.102802502227986854e-22	1.009891930826620150e-13	6.335948647292444698e-12	2.295294473106625346e-11	3.757192159661767157e-20	2.546806848645167301e-17	1.728000684192469022e-02	6.927898455114854526e-02	7.210154488521392478e-04	6.729613030159001735e-11	7.199981373907821417e-04
1.740000000000000213e+01	4.688572167566253921e-09	2.693819807715898559e-12	1.835945157942374297e-18	1.998978060196538505e-03	1.017221214915566657e-06	1.102802505080985700e-22	9.382476612916024477e-14	5.886460484757944959e-12	2.132458413699370807e-11	3.490644066521012195e-20	2.198270897136789244e-17	1.728000635550662467e-02	6.927898442437382953e-02	7.210155756268493352e-04	6.768588740700226341e-11	7.199982654014640574e-04
1.750000000000000000e+01	4.355979702021994611e-09	2.502728693739896555e-12	1.705709600104590819e-18	1.998978394914009693e-03	1.017221217306780477e-06	1.102802507673333719e-22	8.716913198917181846e-14	5.468893416084055339e-12	1.981186410834015586e-11	3.243025301627229394e-20	1.897455916516040030e-17	1.728000590359489094e-02	6.927898430656485862e-02	7.210156934357918410e-04	6.807564451337619742e-11	7.199983843309779724e-04
1.760000000000000142e+01	4.047006802416773886e-09	2.325208218342170399e-12	1.584722926993485740e-18	1.998978705861873505e-03	1.017221219475409286e-06	1.102802510024371086e-22	8.098615826516765548e-14	5.080980534973671999e-12	1.840657231818957213e-11	3.012991580375963330e-20	1.637826412794879607e-17	1.728000548373897008e-02	6.927898419708494737e-02	7.210158029156788027e-04	6.846540162062318179e-11	7.199984948242307576e-04
1.769999999999999929e+01	3.759976082345280777e-09	2.160294636732767089e-12	1.472328311414319204e-18	1.998978994726846679e-03	1.017221221436585115e-06	1.102802512150508172e-22	7.524227807592098005e-14	4.720615892719643539e-12	1.710107954120448738e-11	2.799294066685658734e-20	1.413742014517359113e-17	1.728000509366238099e-02	6.927898409534256896e-02	7.210159046580128699e-04	6.885515872866088619e-11	7.199985974803394147e-04
1.780000000000000071e+01	3.493329271777964577e-09	2.007092642775965541e-12	1.367915569609222247e-18	1.998979263078783705e-03	1.017221223205850171e-06	1.102802514068589576e-22	6.990630823369240476e-14	4.385843090937304188e-12	1.588829832955075868e-11	2.600772608615477059e-20	1.220334941156595781e-17	1.728000473125026332e-02	6.927898400078823238e-02	7.210159992122938330e-04	6.924491583741283521e-11	7.199986928558751173e-04
1.790000000000000213e+01	3.245618775040953535e-09	1.864770518580428011e-12	1.270917855526127743e-18	1.998979512372544252e-03	1.017221224795865056e-06	1.102802515792341780e-22	6.494928030621269980e-14	4.074844682488960763e-12	1.476164461442321424e-11	2.416349452877850771e-20	1.053404118470615374e-17	1.728000439453799761e-02	6.927898391291149871e-02	7.210160870889916135e-04	6.963467294680786546e-11	7.199987814678793533e-04
1.800000000000000000e+01	3.015499791673193102e-09	1.732555607497001763e-12	1.180808575501807133e-18	1.998979743961834532e-03	1.017221226219487730e-06	1.102802517335705442e-22	6.034428294284112390e-14	3.785932279250255032e-12	1.371500186924627373e-11	2.245023378674373101e-20	9.093239001451285001e-18	1.728000408170046742e-02	6.927898383123816395e-02	7.210161687623285439e-04	7.002443005677985418e-11	7.199988637966780796e-04
1.810000000000000142e+01	2.801723044925393207e-09	1.609730136242707407e-12	1.097098540887112042e-18	1.998979959105752404e-03	1.017221227489449098e-06	1.102802518712481807e-22	5.606631636065974818e-14	3.517537422720563369e-12	1.274268803807549049e-11	2.085864284170354398e-20	7.849652055382007052e-18	1.728000379104216097e-02	6.927898375532763608e-02	7.210162446728425297e-04	7.041418716726751247e-11	7.199989402884788203e-04
1.819999999999999929e+01	2.603127980591925051e-09	1.495627307259387155e-12	1.019333304846987504e-18	1.998980158971028643e-03	1.017221228616096303e-06	1.102802519933873570e-22	5.209215624274458463e-14	3.268203045174165190e-12	1.183942459980224596e-11	1.938008122581337796e-20	6.776275232825233966e-18	1.728000352098801873e-02	6.927898368477065916e-02	7.210163152297837871e-04	7.080394427821397165e-11	7.199990113577997130e-04
1.830000000000000071e+01	2.418636434942610390e-09	1.389627660597818281e-12	9.470906828519696969e-19	1.998980344642386706e-03	1.017221229609384947e-06	1.102802521010719494e-22	4.840022702390493812e-14	3.036575519645294584e-12	1.100030776887807823e-11	1.800652187988763144e-20	5.849802206639984866e-18	1.728000327007478756e-02	6.927898361918706505e-02	7.210163808133486247e-04	7.119370138956630510e-11	7.199990773897311548e-04
1.840000000000000213e+01	2.247246815080385461e-09	1.291155730219800349e-12	8.799784738260959423e-19	1.998980517126327898e-03	1.017221230478073350e-06	1.102802521952469144e-22	4.497048543090867864e-14	2.821397353585606780e-12	1.022078202603433721e-11	1.673050782555073620e-20	5.050118252213073529e-18	1.728000303694312428e-02	6.927898355822367793e-02	7.210164417767327052e-04	7.158345850127503707e-11	7.199991387420145430e-04
1.850000000000000000e+01	2.088028690097629679e-09	1.199676936327615716e-12	8.176323421562976308e-19	1.998980677362298224e-03	1.017221231232489386e-06	1.102802522770332739e-22	4.178431224343523004e-14	2.621500397847875486e-12	9.496615516760633067e-12	1.554511189474270659e-20	4.359863812314158787e-18	1.728000282033028551e-02	6.927898350155235752e-02	7.210164984480379406e-04	7.197321561329443998e-11	7.199991957469746486e-04
1.860000000000000142e+01	1.940117671993520039e-09	1.114694644178425257e-12	7.597138131671721654e-19	1.998980826219408889e-03	1.017221231880387640e-06	1.102802523472719061e-22	3.882440985365362362e-14	2.435799419800133706e-12	8.823876768371788338e-12	1.444389861763623381e-20	3.764056584384895072e-18	1.728000261906312632e-02	6.927898344886831983e-02	7.210165511320763875e-04	7.236297272558225007e-11	7.199992487133470391e-04
1.869999999999999929e+01	1.802710770144447851e-09	1.035747494980878347e-12	7.059084540297692192e-19	1.998980964504594275e-03	1.017221232428745759e-06	1.102802524067192180e-22	3.607470930231928789e-14	2.263286270855090456e-12	8.198913560736777974e-12	1.342088963590626053e-20	3.249766122016103204e-18	1.728000243205187261e-02	6.927898339988836085e-02	7.210166001120096695e-04	7.275272983809902117e-11	7.199992979279377751e-04
1.880000000000000071e+01	1.675062011206646682e-09	9.624068892977746294e-13	6.559241586087925364e-19	1.998981092968500021e-03	1.017221232884562140e-06	1.102802524561338737e-22	3.352028262660201633e-14	2.103024387262195841e-12	7.618333003910632891e-12	1.247053109159195839e-20	2.805832743485845802e-18	1.728000225828411202e-02	6.927898335434948263e-02	7.210166456508925554e-04	7.314248695080800837e-11	7.199993436571882396e-04
1.890000000000000213e+01	1.556478421744229620e-09	8.942746788543346576e-13	6.094895743458266531e-19	1.998981212311079676e-03	1.017221233255675438e-06	1.102802524963657321e-22	3.114726246660604344e-14	1.954143746320941899e-12	7.078983266838099102e-12	1.158766371861561704e-20	2.422625066298387899e-18	1.728000209681934338e-02	6.927898331200726956e-02	7.210166879930925057e-04	7.353224406367512924e-11	7.199993861486094285e-04
1.900000000000000000e+01	1.446316212469581940e-09	8.309809741843301598e-13	5.663526080902785081e-19	1.998981323178447046e-03	1.017221233547257848e-06	1.102802525279755980e-22	2.894276570648041495e-14	1.815836075703613260e-12	6.577936221450350676e-12	1.076749443271845829e-20	2.091830588264531621e-18	1.728000194678385240e-02	6.927898327263470879e-02	7.210167273656299626e-04	7.392200117666900261e-11	7.199994256321453354e-04
1.910000000000000142e+01	1.343977330144165630e-09	7.721821635167734824e-13	5.262790758984614492e-19	1.998981426171806113e-03	1.017221233764614337e-06	1.102802525515383823e-22	2.689482447296134937e-14	1.687350524379715893e-12	6.112471759629316852e-12	1.000557065973128016e-20	1.806275064007962041e-18	1.728000180736595157e-02	6.927898323602092734e-02	7.210167639793985117e-04	7.431175828976028942e-11	7.199994623214037376e-04
1.920000000000000284e+01	1.248906192599246503e-09	7.175590368752661613e-13	4.890514245389431827e-19	1.998981521851316001e-03	1.017221233913513412e-06	1.102802525676796830e-22	2.499232079843367374e-14	1.567989563452446793e-12	5.680062943595723763e-12	9.297756028085283978e-21	1.559766685265184174e-18	1.728000167781163290e-02	6.927898320196999860e-02	7.210167980303157625e-04	7.470151540292157640e-11	7.199994964148239904e-04
1.930000000000000071e+01	1.160586677329013864e-09	6.668150558683053760e-13	4.544675522915848462e-19	1.998981610736070159e-03	1.017221233998662458e-06	1.102802525769095471e-22	2.322492635835502066e-14	1.457105205349516057e-12	5.278362309105222756e-12	8.640207948366856083e-21	1.346961436101990070e-18	1.728000155742041855e-02	6.927898317029994313e-02	7.210168297003839146e-04	7.509127251612746650e-11	7.199995280967501701e-04
1.940000000000000213e+01	1.078539300289766398e-09	6.196747327633118137e-13	4.223397042274241647e-19	1.998981693309370786e-03	1.017221234024971936e-06	1.102802525797606381e-22	2.158304601499266622e-14	1.354095461825519293e-12	4.905189033522211495e-12	8.029356608599979531e-21	1.163247023260109669e-18	1.728000144554158249e-02	6.927898314084166009e-02	7.210168591586850560e-04	7.548102962935469528e-11	7.199995575384413342e-04
1.950000000000000000e+01	1.002318636406319670e-09	5.758821484342360536e-13	3.924934621359598701e-19	1.998981770017802494e-03	1.017221233995792286e-06	1.102802525765960427e-22	2.005776619807654887e-14	1.258401105414518705e-12	4.558517203871283064e-12	7.461885770093722272e-21	1.004642649263729627e-18	1.728000134157060830e-02	6.927898311343806681e-02	7.210168865622904825e-04	7.587078674258114857e-11	7.199995848989909240e-04
1.960000000000000142e+01	9.315108909203948269e-10	5.351995569760417559e-13	3.647667935190719677e-19	1.998981841279248023e-03	1.017221233915762284e-06	1.102802525679186375e-22	1.864080630402817617e-14	1.169502620274883540e-12	4.236464770242033927e-12	6.934714685152094144e-21	8.677125464480431208e-19	1.728000124494589659e-02	6.927898308794325222e-02	7.210169120571190615e-04	7.626054385578658631e-11	7.199996103261949946e-04
1.970000000000000284e+01	8.657316600460508192e-10	4.974060990860653556e-13	3.390091747135320045e-19	1.998981907479116960e-03	1.017221233787777088e-06	1.102802525540423263e-22	1.732447388350047379e-14	1.086917390708248363e-12	3.937283361145725081e-12	6.444981425722017522e-21	7.494913074880628948e-19	1.728000115514574664e-02	6.927898306422158869e-02	7.210169357787234948e-04	7.665030096895211258e-11	7.199996339573517048e-04
1.980000000000000071e+01	8.046238347321895038e-10	4.622965976680016688e-13	3.150807700512291470e-19	1.998981968977465908e-03	1.017221233615545220e-06	1.102802525353692224e-22	1.610162269270164530e-14	1.010197069340781846e-12	3.659348748626846900e-12	5.990027275632225540e-21	6.474195155730871842e-19	1.728000107168551139e-02	6.927898304214728797e-02	7.210169578530329975e-04	7.704005808206000763e-11	7.199996559200112604e-04
1.990000000000000213e+01	7.478556732894243114e-10	4.296804504572921402e-13	2.928516771430185882e-19	1.998982026109590027e-03	1.017221233402928939e-06	1.102802525123178722e-22	1.496561412393949156e-14	9.389251573252610343e-13	3.401152082938114972e-12	5.567382382538582628e-21	5.592881082791296690e-19	1.728000099411494336e-02	6.927898302160326316e-02	7.210169783970316829e-04	7.742981519509402511e-11	7.199996763326622137e-04
2.000000000000000000e+01	6.951189849912857572e-10	3.993805864071575873e-13	2.722012156177702060e-19	1.998982079183909705e-03	1.017221233151953712e-06	1.102802524851079992e-22	1.391028085692564570e-14	8.727147238575974617e-13	3.161291629906912822e-12	5.174752232730691798e-21	4.831904037046921138e-19	1.728000092201578686e-02	6.927898300248090668e-02	7.210169975193969410e-04	7.781957230803912068e-11	7.199996953053817679e-04
2.010000000000000142e+01	6.461274687311692754e-10	3.712325111621908704e-13	2.530172765778391806e-19	1.998982128489458932e-03	1.017221232865782572e-06	1.102802524540825420e-22	1.292989361296732406e-14	8.112063203773372276e-13	2.938465215608649515e-12	4.810005283736550782e-21	4.174807060036024108e-19	1.728000085499946728e-02	6.927898298467917437e-02	7.210170153210887023e-04	7.820932942088125810e-11	7.199997129404290533e-04
2.020000000000000284e+01	6.006151556534030626e-10	3.450834122705321319e-13	2.351957127685547067e-19	1.998982174293657474e-03	1.017221232546800552e-06	1.102802524194999684e-22	1.201912998983213289e-14	7.540660252985389589e-13	2.731463142611865870e-12	4.471161368848179782e-21	3.607385655034447375e-19	1.728000079270504072e-02	6.927898296810439116e-02	7.210170318958967432e-04	7.859908653360740930e-11	7.199997293328007798e-04
2.030000000000000071e+01	5.583349651149074484e-10	3.207913295103452157e-13	2.186397731254803399e-19	1.998982216844594640e-03	1.017221232197051331e-06	1.102802523815818120e-22	1.117304556452041477e-14	7.009836310315694730e-13	2.539161622135204933e-12	4.156380946148891200e-21	3.117379333854204086e-19	1.728000073479715737e-02	6.927898295266932127e-02	7.210170473309492848e-04	7.898884364620542505e-11	7.199997445707468843e-04
2.040000000000000213e+01	5.190573632692423506e-10	2.982243841781739505e-13	2.032595775063413973e-19	1.998982256373341235e-03	1.017221231818737406e-06	1.102802523405669569e-22	1.038704704965842044e-14	6.516709598447246259e-13	2.360516672984768936e-12	3.863955111618376124e-21	2.694205465910365035e-19	1.728000068096429906e-02	6.927898293829308496e-02	7.210170617071875489e-04	7.937860075866384114e-11	7.199997587362515911e-04
2.050000000000000000e+01	4.825691169345173791e-10	2.772600631227974883e-13	1.889716287340074214e-19	1.998982293095277491e-03	1.017221231414272609e-06	1.102802522967170679e-22	9.656867356657363585e-15	6.058602993539436454e-13	2.194558453746099253e-12	3.592296321436937985e-21	2.328729527055196178e-19	1.728000063091708616e-02	6.927898292490046461e-02	7.210170750998052928e-04	7.976835787097224028e-11	7.199997719054748984e-04
2.060000000000000142e+01	4.486721360040604798e-10	2.577845536514644032e-13	1.756983593108534740e-19	1.998982327209975103e-03	1.017221230985635186e-06	1.102802522502465083e-22	8.978542430738978576e-15	5.633029491792522711e-13	2.040385997783775199e-12	3.339929773649835073e-21	2.013066857955448726e-19	1.728000058438666775e-02	6.927898291242159945e-02	7.210170875786558195e-04	8.015811498312089016e-11	7.199997841491695633e-04
2.070000000000000284e+01	4.171823979863023047e-10	2.396921256235842981e-13	1.633677102930931477e-19	1.998982358901308255e-03	1.017221230533890916e-06	1.102802522012709938e-22	8.348389729483059455e-15	5.237678707126048300e-13	1.897162321872297722e-12	3.105485401432661833e-21	1.740411532536772973e-19	1.728000054112327835e-02	6.927898290079162469e-02	7.210170992086313395e-04	8.054787209510085982e-11	7.199997955330637162e-04
2.080000000000000071e+01	3.879289490718091055e-10	2.228845575131940417e-13	1.519127401314344775e-19	1.998982388343463999e-03	1.017221230061741834e-06	1.102802521500832930e-22	7.762988232791489896e-15	4.870404329640807565e-13	1.764109882468056344e-12	2.887690435414222104e-21	1.504888696545478351e-19	1.728000050089490564e-02	6.927898288995024134e-02	7.210171100500168545e-04	8.093762920690379991e-11	7.199998061182164791e-04
2.090000000000000213e+01	3.607529759471903926e-10	2.072706031191261585e-13	1.412712612146256645e-19	1.998982415694519447e-03	1.017221229569797803e-06	1.102802520967496332e-22	7.219159868596978902e-15	4.529212472333106353e-13	1.640506354331039490e-12	2.685362493657063215e-21	1.301427097024726216e-19	1.728000046348602062e-02	6.927898287984145254e-02	7.210171201588143342e-04	8.132738631852204607e-11	7.199998159613520089e-04
2.100000000000000000e+01	3.355069436688797107e-10	1.927654962299526495e-13	1.313855022805633234e-19	1.998982441102696312e-03	1.017221229059320904e-06	1.102802520414067949e-22	6.713952260522826790e-15	4.212250847156249924e-13	1.525680709337396324e-12	2.497403163023685125e-21	1.125649093439045722e-19	1.728000042869640152e-02	6.927898287041320269e-02	7.210171295870495449e-04	8.171714342994812784e-11	7.199998251151664341e-04
2.110000000000000142e+01	3.120537947270475337e-10	1.792904904457812702e-13	1.222017947880772400e-19	1.998982464706499252e-03	1.017221228531897840e-06	1.102802519842266825e-22	6.244622700043137674e-15	3.917798709339370537e-13	1.419009573406770962e-12	2.322792035791816634e-21	9.737757083924746483e-20	1.728000039634003740e-02	6.927898286161721098e-02	7.210171383830534008e-04	8.210690054117536314e-11	7.199998336286119165e-04
2.120000000000000284e+01	2.902662048986686395e-10	1.667724316283177934e-13	1.136702815260671182e-19	1.998982486634162930e-03	1.017221227988778832e-06	1.102802519253450890e-22	5.808623255073665717e-15	3.644257514677671851e-13	1.319913842135704704e-12	2.160581169748393725e-21	8.425446977599299307e-20	1.728000036624412206e-02	6.927898285340852724e-02	7.210171465917255326e-04	8.249665765219748350e-11	7.199998415471653163e-04
2.130000000000000071e+01	2.700258921119332313e-10	1.551433608086406740e-13	1.057446459806804572e-19	1.998982507004345901e-03	1.017221227430887781e-06	1.102802518648619550e-22	5.403586939393745080e-15	3.390142242390516965e-13	1.227855537266641797e-12	2.009889942509938245e-21	7.291398243746383466e-20	1.728000033824813805e-02	6.927898284574544874e-02	7.210171542547751979e-04	8.288641476300864696e-11	7.199998489130739806e-04
2.140000000000000213e+01	2.512229742659271517e-10	1.443401452222671886e-13	9.838186087226415044e-20	1.998982525927668879e-03	1.017221226859282208e-06	1.102802518028919852e-22	5.027314861731552794e-15	3.154073332589365469e-13	1.142334885740396839e-12	1.869900270192220182e-21	6.311298285154713280e-20	1.728000031220294080e-02	6.927898283858927031e-02	7.210171614109508065e-04	8.327617187360334758e-11	7.199998557655851606e-04
2.150000000000000000e+01	2.337553726830644691e-10	1.343041355625517438e-13	9.154195456106556861e-20	1.998982543507531792e-03	1.017221226275263790e-06	1.102802517395764035e-22	4.677764288024391466e-15	2.934769196681193527e-13	1.062887606622005254e-12	1.739852166350038707e-21	5.464157427800949154e-20	1.728000028797000223e-02	6.927898283190396522e-02	7.210171680962491718e-04	8.366592898397663523e-11	7.199998621411584070e-04
2.160000000000000142e+01	2.175282579523183238e-10	1.249808475897467015e-13	8.518779405220461090e-20	1.998982559839201749e-03	1.017221225679643986e-06	1.102802516750030663e-22	4.353037551977832728e-15	2.731039259975996212e-13	9.890823906068643568e-13	1.619039616153783389e-21	4.731854304639592283e-20	1.728000026542060932e-02	6.927898282565611576e-02	7.210171743441103412e-04	8.405568609412390869e-11	7.199998680736635452e-04
2.170000000000000284e+01	2.024535351162404486e-10	1.163196663450627296e-13	7.928488340677700257e-20	1.998982575011934177e-03	1.017221225073557608e-06	1.102802516092949775e-22	4.051371752948808488e-15	2.541777498250389281e-13	9.205185584232306350e-13	1.506806743403358895e-21	4.098743389580758307e-20	1.728000024443522228e-02	6.927898281981458017e-02	7.210171801855999596e-04	8.444544320404090283e-11	7.199998735945659653e-04
2.180000000000000071e+01	1.884493653872986495e-10	1.082735713526703365e-13	7.380117645700422158e-20	1.998982589106661299e-03	1.017221224457052300e-06	1.102802515424574031e-22	3.771129184831061054e-15	2.365956432935651621e-13	8.568238854959810893e-13	1.402544249696954551e-21	3.551316334384306313e-20	1.728000022490276677e-02	6.927898281435060368e-02	7.210171856495760194e-04	8.483520031372371438e-11	7.199998787330960832e-04
2.190000000000000213e+01	1.754397219182977665e-10	1.007988813874936040e-13	6.870690285618403438e-20	1.998982602200175419e-03	1.017221223830986320e-06	1.102802514745833719e-22	3.510788446410041816e-15	2.202621553862073509e-13	7.976525815817088310e-13	1.305686107274028260e-21	3.077909603772225017e-20	1.728000020672004061e-02	6.927898280923733276e-02	7.210171907628487803e-04	8.522495742316838839e-11	7.199998835164086097e-04
2.200000000000000000e+01	1.633539769849812420e-10	9.385501729088870827e-14	6.397440642893169349e-20	1.998982614364654912e-03	1.017221223196586807e-06	1.102802514058058322e-22	3.268936180319082918e-15	2.050886136362581523e-13	7.426834130409449932e-13	1.215706485342576187e-21	2.668452181846014405e-20	1.728000018979120728e-02	6.927898280444984291e-02	7.210171955503237758e-04	8.561471453237157735e-11	7.199998879697297851e-04
2.210000000000000142e+01	1.521265185998767977e-10	8.740428169605667453e-14	5.957799504602198964e-20	1.998982625664012195e-03	1.017221222553396361e-06	1.102802513360752722e-22	3.044259400955478583e-15	1.909926427896875239e-13	6.916179591477021059e-13	1.132116895813503934e-21	2.314247766955126004e-20	1.728000017402721994e-02	6.927898279996504149e-02	7.210172000351375548e-04	8.600447164132998548e-11	7.199998921164952898e-04
2.220000000000000284e+01	1.416963943097907055e-10	8.141165437183323137e-14	5.549380114372364136e-20	1.998982636161627125e-03	1.017221221903025406e-06	1.102802512655662764e-22	2.835538366378968129e-15	1.778977175961639007e-13	6.441789919839452718e-13	1.054463541332494527e-21	2.007786817641478772e-20	1.728000015934536351e-02	6.927898279576140406e-02	7.210172042387846423e-04	8.639422875004057547e-11	7.199998959784752531e-04
2.230000000000000071e+01	1.320069802876243279e-10	7.584460209934164497e-14	5.169965214781013276e-20	1.998982645913487902e-03	1.017221221245502317e-06	1.102802511942818774e-22	2.641639956384561009e-15	1.657327473562056439e-13	6.001089713370946731e-13	9.823248515615924352e-22	1.742584285073219463e-20	1.728000014566876893e-02	6.927898279181898822e-02	7.210172081812324645e-04	8.678398585850052973e-11	7.199998995758940569e-04
2.240000000000000213e+01	1.230056739347393472e-10	7.067290205663941615e-14	4.817495010376011001e-20	1.998982654974147677e-03	1.017221220582143382e-06	1.102802511223648509e-22	2.461511521053887561e-15	1.544316899866411043e-13	5.591686466650588502e-13	9.153091947207403531e-22	1.513039583218304407e-20	1.728000013292605580e-02	6.927898278811918387e-02	7.210172118810310700e-04	8.717374296670752182e-11	7.199999029275394070e-04
2.250000000000000000e+01	1.146436082809512550e-10	6.586847772719975422e-14	4.490055984240774125e-20	1.998982663390559775e-03	1.017221219912279022e-06	1.102802510497425748e-22	2.294175165507169543e-15	1.439331934522604426e-13	5.211357580335096578e-13	8.530527511380817368e-22	1.314315692426026245e-20	1.728000012105089869e-02	6.927898278464479642e-02	7.210172153554115755e-04	8.756350007465903143e-11	7.199999060508654406e-04
2.260000000000000142e+01	1.068753867478600623e-10	6.140524650815415331e-14	4.185870511940680420e-20	1.998982671210172354e-03	1.017221219237233997e-06	1.102802509765586005e-22	2.138722442153623528e-15	1.341802627631686578e-13	4.858038297459423998e-13	7.952175385300554715e-22	1.142234830140573402e-20	1.728000010998169758e-02	6.927898278137983867e-02	7.210172186203830935e-04	8.795325718235284842e-11	7.199999089620869432e-04
2.270000000000000284e+01	9.965875685253605128e-11	5.725893223672611693e-14	3.903284084516323451e-20	1.998982678473695037e-03	1.017221218556486111e-06	1.102802509027563162e-22	1.994307821055193221e-15	1.251198503129349013e-13	4.529806863383177739e-13	7.414889828170892743e-22	9.931865977218103014e-21	1.728000009966109904e-02	6.927898277830937812e-02	7.210172216908439713e-04	8.834301428978694363e-11	7.199999116762949248e-04
2.280000000000000071e+01	9.295464723586587316e-11	5.340708646483229103e-14	3.640766758425115160e-20	1.998982685221498742e-03	1.017221217870936184e-06	1.102802508284335229e-22	1.860149430913178054e-15	1.167029023675375332e-13	4.224886208915809158e-13	6.915761936361825898e-22	8.640561432477947608e-21	1.728000009003607951e-02	6.927898277541963412e-02	7.210172245805731173e-04	8.873277139695927494e-11	7.199999142074446938e-04
2.290000000000000213e+01	8.672661131932389483e-11	4.982876881208564719e-14	3.396891370433621092e-20	1.998982691490052994e-03	1.017221217180823713e-06	1.102802507536161522e-22	1.735517925879367732e-15	1.088836605807952154e-13	3.941618647175828430e-13	6.452078224426238396e-22	7.521504875404855910e-21	1.728000008105718549e-02	6.927898277269775584e-02	7.210172273024227727e-04	8.912252850386801999e-11	7.199999165685539403e-04
2.300000000000000000e+01	8.094088392512773415e-11	4.650457949687629671e-14	3.170335754729241272e-20	1.998982697313442074e-03	1.017221216486518430e-06	1.102802506783441708e-22	1.619737618601771263e-15	1.016197330809769925e-13	3.678468448363128505e-13	6.021324839772430506e-22	6.551426059703161530e-21	1.728000007267857518e-02	6.927898277013187778e-02	7.210172298682996457e-04	8.951228561051152440e-11	7.199999187716824619e-04
2.310000000000000142e+01	7.556606205254203951e-11	4.341647592639732406e-14	2.959870242862118221e-20	1.998982702722841565e-03	1.017221215788100166e-06	1.102802506026262303e-22	1.512180092121790139e-15	9.487169368818932451e-14	3.434007320804180461e-13	5.621163796431142396e-22	5.710229560952341498e-21	1.728000006485762644e-02	6.927898276771088382e-02	7.210172322892771267e-04	8.990204271688819844e-11	7.199999208280475228e-04
2.320000000000000284e+01	7.057290139020440715e-11	4.054765578279480544e-14	2.764349695640197260e-20	1.998982707748418741e-03	1.017221215086219443e-06	1.102802505265329545e-22	1.412260127807259521e-15	8.860282643737238475e-14	3.206905155720193589e-13	5.249417825067230942e-22	4.980533940621244480e-21	1.728000005755466612e-02	6.927898276542442113e-02	7.210172345756679299e-04	9.029179982299668502e-11	7.199999227480936761e-04
2.330000000000000071e+01	6.593438371629620055e-11	3.788259574791599976e-14	2.582716142361936565e-20	1.998982712418316023e-03	1.017221214381614027e-06	1.102802504501443475e-22	1.319437054121373169e-15	8.277921019864551825e-14	2.995933092743216390e-13	4.904075390955899092e-22	4.347342802484499756e-21	1.728000005073301523e-02	6.927898276326308058e-02	7.210172367370003494e-04	9.068155692883558826e-11	7.199999245414707549e-04
2.340000000000000213e+01	6.162524203032564769e-11	3.540677866779169914e-14	2.413980186081523686e-20	1.998982716755715820e-03	1.017221213673381828e-06	1.102802503733624906e-22	1.233205243860631475e-15	7.736912248456154360e-14	2.799941921903011233e-13	4.583255339963161387e-22	3.797670105245768206e-21	1.728000004435838871e-02	6.927898276121784160e-02	7.210172387821832743e-04	9.107131403440384835e-11	7.199999262172039833e-04
2.350000000000000000e+01	5.762213995506953133e-11	3.310679662799859174e-14	2.257228028570445126e-20	1.998982720785536134e-03	1.017221212962470252e-06	1.102802502962902161e-22	1.153097704232301630e-15	7.234326468752412691e-14	2.617870242877900583e-13	4.285220254511190989e-22	3.320310915693737145e-21	1.728000003839910703e-02	6.927898275928053018e-02	7.210172407194466665e-04	9.146107113970018573e-11	7.199999277836282739e-04
2.360000000000000142e+01	5.390334745782505859e-11	3.097016463931496097e-14	2.111608772315959503e-20	1.998982724529661369e-03	1.017221212249094445e-06	1.102802502189507517e-22	1.078679587593430401e-15	6.767435495084132684e-14	2.448729716187510125e-13	4.008352311097391458e-22	2.905570817857763254e-21	1.728000003282567643e-02	6.927898275744354128e-02	7.210172425564530165e-04	9.185082824472378616e-11	7.199999292485052133e-04
2.370000000000000284e+01	5.044864010795421830e-11	2.898526275614061385e-14	1.976330475680491848e-20	1.998982728007259353e-03	1.017221211532840844e-06	1.102802501412993581e-22	1.009546175456421218e-15	6.333700168743914294e-14	2.291600481187786188e-13	3.751145779961269369e-22	2.545065196669898176e-21	1.728000002761066051e-02	6.927898275569970010e-02	7.210172443003337725e-04	9.224058534947342179e-11	7.199999306190579731e-04
2.380000000000000071e+01	4.723925993392369064e-11	2.714131358690400197e-14	1.850658620153914433e-20	1.998982731237335716e-03	1.017221210813952970e-06	1.102802500633622959e-22	9.453220951846740766e-16	5.930765443628373427e-14	2.145629375660817051e-13	3.512204110711911010e-22	2.231547491855689853e-21	1.728000002272858660e-02	6.927898275404237305e-02	7.210172459577037602e-04	9.263034245394811033e-11	7.199999319019864891e-04
2.390000000000000213e+01	4.425782890873827906e-11	2.542833258711700122e-14	1.733912722644102889e-20	1.998982734238027859e-03	1.017221210092924220e-06	1.102802499851930030e-22	8.856595887177276547e-16	5.556449524403929956e-14	2.010026000850524465e-13	3.290233491142683263e-22	1.958754131912568386e-21	1.728000001815588674e-02	6.927898275246542614e-02	7.210172475346909990e-04	9.302009955814688244e-11	7.199999331034981440e-04
2.400000000000000000e+01	4.148810561505540658e-11	2.383698825132661511e-14	1.625456807048969467e-20	1.998982737026452731e-03	1.017221209370310037e-06	1.102802499068497605e-22	8.302336431076740685e-16	5.208713316027171586e-14	1.884051654155937684e-13	3.084024731038051272e-22	1.721254300377339463e-21	1.728000001387050913e-02	6.927898275096314173e-02	7.210172490370235455e-04	9.340985666206911773e-11	7.199999342293933111e-04
2.410000000000000142e+01	3.891508180868979491e-11	2.235865759366607878e-14	1.524703185458097027e-20	1.998982739616857619e-03	1.017221208645782618e-06	1.102802498283037687e-22	7.787439228866650957e-16	4.885672547289368442e-14	1.767023720906591733e-13	2.892460451117887421e-22	1.514383541084304782e-21	1.728000000985208812e-02	6.927898274953020463e-02	7.210172504699931739e-04	9.379961376571410535e-11	7.199999352850329363e-04
2.420000000000000284e+01	3.652478825063407606e-11	2.098531458864907587e-14	1.431104854986555925e-20	1.998982742022712648e-03	1.017221207919211308e-06	1.102802497495337277e-22	7.309108845001620685e-16	4.585573393006501104e-14	1.658306843055895072e-13	2.714500626976855461e-22	1.334060049042212162e-21	1.728000000608166317e-02	6.927898274816172985e-02	7.210172518385255230e-04	9.418937086908114735e-11	7.199999362754066264e-04
2.430000000000000071e+01	3.430426746090324874e-11	1.970951451689111282e-14	1.344154430878531904e-20	1.998982744257768538e-03	1.017221207191065576e-06	1.102802496705930754e-22	6.864752310742021846e-16	4.306789053500286681e-14	1.557311680149100523e-13	2.549180560899580824e-22	1.176782730838761454e-21	1.728000000254165461e-02	6.927898274685308222e-02	7.210172531471900712e-04	9.457912797216940364e-11	7.199999372051418649e-04
2.440000000000000213e+01	3.224142338496559584e-11	1.852430759096330832e-14	1.263378259794617966e-20	1.998982746334626321e-03	1.017221206461678094e-06	1.102802495915178055e-22	6.451949040351805562e-16	4.047800880243708186e-14	1.463488071575632870e-13	2.395599689078107630e-22	1.039509301669632228e-21	1.727999999921564847e-02	6.927898274560007064e-02	7.210172544002530458e-04	9.496888507497846063e-11	7.199999380785596309e-04
2.450000000000000000e+01	3.032507761873307744e-11	1.742327125945419442e-14	1.188338621451328035e-20	1.998982748263899035e-03	1.017221205730831597e-06	1.102802495122842906e-22	6.068462082486110353e-16	3.807205434882655980e-14	1.376327593910390116e-13	2.252925767751318166e-22	9.196103042453163013e-22	1.727999999608845552e-02	6.927898274439871218e-02	7.210172556016555215e-04	9.535864217750777546e-11	7.199999388996518486e-04
2.460000000000000142e+01	2.854482629676501935e-11	1.640042798209446999e-14	1.118628124696204754e-20	1.998982750056362348e-03	1.017221204998777443e-06	1.102802494329199196e-22	5.712209481565637723e-16	3.583696521681564216e-14	1.295357051842707190e-13	2.120384218436689182e-22	8.148070485665929826e-22	1.727999999314595164e-02	6.927898274324532923e-02	7.210172567550667639e-04	9.574839927975680532e-11	7.199999396721351629e-04
2.470000000000000284e+01	2.689100685506717105e-11	1.545022613332333700e-14	1.053868406016276358e-20	1.998982751721399814e-03	1.017221204265434740e-06	1.102802493534157824e-22	5.381257626558130484e-16	3.376061014616682243e-14	1.220136966344403790e-13	1.997255653196358837e-22	7.231264098237680270e-22	1.727999999037505702e-02	6.927898274213653562e-02	7.210172578638937698e-04	9.613815638172508491e-11	7.199999403994603725e-04
2.480000000000000071e+01	2.535464896729065188e-11	1.456751181268309540e-14	9.937082083137196146e-21	1.998982753270669641e-03	1.017221203532225233e-06	1.102802492739262213e-22	5.073811432641128244e-16	3.183172697470145796e-14	1.150259343277185463e-13	1.882872222046618040e-22	6.428583435003843394e-22	1.727999998776356613e-02	6.927898274106915333e-02	7.210172589313008917e-04	9.652791348341239451e-11	7.199999410848316201e-04
2.490000000000000213e+01	2.392739643949696745e-11	1.374748396946015879e-14	9.378203224866143020e-21	1.998982754708251031e-03	1.017221202797028164e-06	1.102802491942208159e-22	4.788198711277340360e-16	3.003982457786959657e-14	1.085344120737898157e-13	1.776611797579249760e-22	5.725195645456985212e-22	1.727999998530015124e-02	6.927898274004024026e-02	7.210172599602328227e-04	9.691767058481839808e-11	7.199999417312336059e-04
2.500000000000000000e+01	2.260149354852130731e-11	1.298568655339121563e-14	8.859010524709600343e-21	1.998982756043609938e-03	1.017221202060765315e-06	1.102802491143972968e-22	4.522867436334116768e-16	2.837516571713052549e-14	1.025038547955489238e-13	1.677896958271279427e-22	5.108191135229425744e-22	1.727999998297428258e-02	6.927898273904709026e-02	7.210172609534257638e-04	9.730742768594251400e-11	7.199999423414360326e-04
2.510000000000000142e+01	2.136975328673879489e-11	1.227799026969525643e-14	8.376689717796298202e-21	1.998982757283678750e-03	1.017221201323333137e-06	1.102802490344529370e-22	4.276379389426927946e-16	2.682872716858667180e-14	9.690157408002989132e-14	1.586192623982604500e-22	4.566663438302405097e-22	1.727999998077620059e-02	6.927898273808713592e-02	7.210172619134131702e-04	9.769718478678428992e-11	7.199999429180059659e-04
2.520000000000000284e+01	2.022548839234393045e-11	1.162055295252293349e-14	7.928622228085265811e-21	1.998982758436488802e-03	1.017221200585475113e-06	1.102802489544593004e-22	4.047396358136544211e-16	2.539211313870764169e-14	9.169715448834302868e-14	1.501000921129785603e-22	4.090703560274478134e-22	1.727999997869686388e-02	6.927898273715801802e-02	7.210172628425541574e-04	9.808694188734342856e-11	7.199999434633324452e-04
2.530000000000000071e+01	1.916248654343959572e-11	1.100980531272270508e-14	7.512375454949175414e-21	1.998982759507165769e-03	1.017221199846672436e-06	1.102802488743633487e-22	3.834675172006722519e-16	2.405752411381694425e-14	8.686234073879922745e-14	1.421859335974385484e-22	3.672008818098069770e-22	1.727999997672781396e-02	6.927898273625754388e-02	7.210172637430390307e-04	9.847669898761964558e-11	7.199999439796337481e-04
2.540000000000000213e+01	1.817497662753102065e-11	1.044243155797940229e-14	7.125689565092513083e-21	1.998982760501959860e-03	1.017221199107202085e-06	1.102802487941948926e-22	3.637060952609324687e-16	2.281771451530475249e-14	8.237088428041136129e-14	1.348338203168216501e-22	3.303297570293924579e-22	1.727999997486121334e-02	6.927898273538371510e-02	7.210172646169030544e-04	9.886645608761270834e-11	7.199999444689717020e-04
2.550000000000000000e+01	1.725759738205662327e-11	9.915351375232856191e-15	6.766465212913280578e-21	1.998982761426007591e-03	1.017221198366984863e-06	1.102802487139455625e-22	3.453480838086012037e-16	2.166595332738549600e-14	7.819840067338424785e-14	1.280038371199246655e-22	2.978246609083838050e-22	1.727999997308978311e-02	6.927898273453457489e-02	7.210172654660364265e-04	9.925621318732226787e-11	7.199999449332606825e-04
2.560000000000000142e+01	1.640536828927494402e-11	9.425703208336634241e-15	6.432752143618047057e-21	1.998982762284393002e-03	1.017221197626104414e-06	1.102802486336242686e-22	3.282938158817490394e-16	2.059598755590018739e-14	7.432223720501982509e-14	1.216589035382155193e-22	2.691360950163767763e-22	1.727999997140677174e-02	6.927898273370843019e-02	7.210172662921955546e-04	9.964597028674811738e-11	7.199999453742797571e-04
2.570000000000000284e+01	1.561366956210075914e-11	8.970832758921067216e-15	6.122741356141047213e-21	1.998982763083370640e-03	1.017221196885418995e-06	1.102802485533241571e-22	3.124508432315830214e-16	1.960201710071489681e-14	7.072138186067155519e-14	1.157646247794109682e-22	2.437866510140470582e-22	1.727999996980591341e-02	6.927898273290362952e-02	7.210172670970104282e-04	1.000357273858900371e-10	7.199999457936792982e-04
2.580000000000000071e+01	1.487819493685545834e-11	8.548265863470791082e-15	5.834746617884107809e-21	1.998982763825506159e-03	1.017221196144069925e-06	1.102802484729520348e-22	2.977329916409027772e-16	1.867863548738420682e-14	6.737624861140417644e-14	1.102889402625433280e-22	2.213606475606871070e-22	1.727999996828135168e-02	6.927898273211866020e-02	7.210172678819988220e-04	1.004254844847481047e-10	7.199999461929970299e-04
2.590000000000000213e+01	1.419495155762269098e-11	8.155708426880935131e-15	5.567204419432794058e-21	1.998982764513799765e-03	1.017221195401579690e-06	1.102802483924563211e-22	2.840603586098870220e-16	1.782082972216666225e-14	6.426867689331151528e-14	1.052021227656487222e-22	2.014966212476117650e-22	1.727999996682769157e-02	6.927898273135207896e-02	7.210172686485680302e-04	1.008152415833218289e-10	7.199999465736592200e-04
2.600000000000000000e+01	1.356023011160484793e-11	7.791029263727901090e-15	5.318662280257158256e-21	1.998982765153075724e-03	1.017221194658536554e-06	1.102802483119005396e-22	2.713587157237810839e-16	1.702394279696513197e-14	6.138179577213212970e-14	1.004765560753696618e-22	1.838798131078407027e-22	1.727999996543988157e-02	6.927898273060263679e-02	7.210172693980266851e-04	1.012049986816109642e-10	7.199999469369907637e-04
2.610000000000000142e+01	1.297057948564834525e-11	7.452245537177487599e-15	5.087768824796973593e-21	1.998982765746837743e-03	1.017221193914989433e-06	1.102802482312901916e-22	2.595590014953548749e-16	1.628364187100022527e-14	5.869990866770938536e-14	9.608654629118714808e-23	1.682359295117955233e-22	1.727999996411324832e-02	6.927898272986908468e-02	7.210172701315916951e-04	1.015947557796153297e-10	7.199999472842241819e-04
2.620000000000000284e+01	1.242280448950145690e-11	7.137521450882536364e-15	4.873272890942316299e-21	1.998982766298864917e-03	1.017221193171255119e-06	1.102802481506595076e-22	2.485972758041700667e-16	1.559591541235522277e-14	5.620848301215662073e-14	9.200830489675862035e-23	1.543260657296753078e-22	1.727999996284344461e-02	6.927898272915029854e-02	7.210172708503901967e-04	1.019845128773347573e-10	7.199999476165007059e-04
2.630000000000000071e+01	1.191393120657018594e-11	6.845148341261956481e-15	4.674009962196265954e-21	1.998982766811628793e-03	1.017221192427094746e-06	1.102802480699826972e-22	2.384140265178859000e-16	1.495702969614713239e-14	5.389399264423488800e-14	8.821969077358466919e-23	1.419417547977434553e-22	1.727999996162643895e-02	6.927898272844523753e-02	7.210172715554706135e-04	1.023742699747691178e-10	7.199999479348824201e-04
2.640000000000000213e+01	1.144119692789375405e-11	6.573538894066833678e-15	4.488898226053942334e-21	1.998982767287774825e-03	1.017221191682467447e-06	1.102802479892552700e-22	2.289539680573553532e-16	1.436351616671058989e-14	5.174387203104794259e-14	8.470013526601001585e-23	1.309009829310259407e-22	1.727999996045847392e-02	6.927898272775290245e-02	7.210172722478068843e-04	1.027640270719182819e-10	7.199999482403562738e-04
2.650000000000000000e+01	1.100203514448023454e-11	6.321218521727752963e-15	4.316932697350479745e-21	1.998982767730341382e-03	1.017221190937629025e-06	1.102802479085048972e-22	2.201657410727625171e-16	1.381215259566869505e-14	4.974644801293074128e-14	8.143053045369819841e-23	1.210447758330341048e-22	1.727999995933606620e-02	6.927898272707241900e-02	7.210172729283046431e-04	1.031537841687820946e-10	7.199999485338393936e-04
2.660000000000000142e+01	1.059406161531703539e-11	6.086817358731056742e-15	4.157179762818248210e-21	1.998982768141407528e-03	1.017221190192438025e-06	1.102802478277163208e-22	2.120016336454826307e-16	1.329994559038730970e-14	4.789087642885832258e-14	7.839312541308431932e-23	1.122341383724066414e-22	1.727999995825598226e-02	6.927898272640291288e-02	7.210172735978045803e-04	1.035435412653604265e-10	7.199999488161826612e-04
2.670000000000000284e+01	1.021506142228856770e-11	5.869062824022562135e-15	4.008772112093952805e-21	1.998982768524028113e-03	1.017221189447336176e-06	1.102802477469373834e-22	2.044173222393034509e-16	1.282411434158731756e-14	4.616708324634500565e-14	7.557142985227445935e-23	1.043474787535201670e-22	1.727999995721522103e-02	6.927898272574362082e-02	7.210172742570875384e-04	1.039332983616532648e-10	7.199999490881778697e-04
2.680000000000000071e+01	9.862976946477832540e-12	5.666772712792380531e-15	3.870904029518235496e-21	1.998982768879155499e-03	1.017221188701773329e-06	1.102802476661084876e-22	1.973716310897980461e-16	1.238207552767447301e-14	4.456570986865019960e-14	7.295012458382435356e-23	9.727831191049561734e-23	1.727999995621098614e-02	6.927898272509383504e-02	7.210172749068792823e-04	1.043230554576605190e-10	7.199999493505589154e-04
2.690000000000000213e+01	9.535896695736959825e-12	5.478848777356239663e-15	3.742827019272378222e-21	1.998982769208841864e-03	1.017221187955834399e-06	1.102802475852388726e-22	1.908263086287508321e-16	1.197142928787226848e-14	4.307806232500255797e-14	7.051497835367148054e-23	9.093332496707081033e-23	1.727999995524068591e-02	6.927898272445288941e-02	7.210172755478533183e-04	1.047128125533820599e-10	7.199999496040094963e-04
2.700000000000000000e+01	9.232044927758311629e-12	5.304270765091650221e-15	3.623845742014531492e-21	1.998982769515581306e-03	1.017221187209894622e-06	1.102802475043690930e-22	1.847458198276386083e-16	1.158994619407169572e-14	4.169606406792931448e-14	6.825277057457752113e-23	8.523065180828442483e-23	1.727999995430190908e-02	6.927898272382011780e-02	7.210172761806364237e-04	1.051025696488177581e-10	7.199999498491632200e-04
2.710000000000000142e+01	8.949772009599002560e-12	5.142090879503308464e-15	3.513314239893938501e-21	1.998982769800531321e-03	1.017221186463714500e-06	1.102802474234732645e-22	1.790971532785488033e-16	1.123555514732160421e-14	4.041221213125723524e-14	6.615121956068889418e-23	8.009841840971731584e-23	1.727999995339241784e-02	6.927898272319496509e-02	7.210172768058099478e-04	1.054923267439676138e-10	7.199999500866097841e-04
2.720000000000000284e+01	8.687545460816820618e-12	4.991428634057402119e-15	3.410632429251481022e-21	1.998982770065123055e-03	1.017221185717251257e-06	1.102802473425467321e-22	1.738496419550962724e-16	1.090633213254732049e-14	3.921953638803450468e-14	6.419891583639241856e-23	7.547344483825282230e-23	1.727999995251013401e-02	6.927898272257686230e-02	7.210172774239144737e-04	1.058820838388314846e-10	7.199999503168964940e-04
2.730000000000000071e+01	8.443941634869003227e-12	4.851466072729805675e-15	3.315242843249102100e-21	1.998982770310826253e-03	1.017221184970536868e-06	1.102802472615930222e-22	1.689747967458519195e-16	1.060048977463142017e-14	3.811156171652936312e-14	6.238526020543216255e-23	7.130014987576642608e-23	1.727999995165312164e-02	6.927898272196532370e-02	7.210172780354523123e-04	1.062718409334092803e-10	7.199999505405311898e-04
2.740000000000000213e+01	8.217637989763585158e-12	4.721443329109321460e-15	3.226627605236837700e-21	1.998982770539409464e-03	1.017221184223807869e-06	1.102802471806376902e-22	1.644461517795201390e-16	1.031636763429285135e-14	3.708227284539358011e-14	6.070040620558022445e-23	6.752957316593843905e-23	1.727999995081961823e-02	6.927898272135987745e-02	7.210172786408888031e-04	1.066615980277010394e-10	7.199999507579869090e-04
2.750000000000000000e+01	8.007405905548525765e-12	4.600654499686486463e-15	3.144305616248744906e-21	1.998982770752012403e-03	1.017221183477024871e-06	1.102802470996765277e-22	1.602391206930860691e-16	1.005242319050688216e-14	3.612608168774482022e-14	5.913520663744541397e-23	6.411854899566239059e-23	1.727999995000792377e-02	6.927898272076010722e-02	7.210172792406587114e-04	1.070513551217065941e-10	7.199999509697027535e-04
2.760000000000000142e+01	7.812104017208380808e-12	4.488443813269820686e-15	3.067829944320483997e-21	1.998982770949139006e-03	1.017221182729871296e-06	1.102802470186751633e-22	1.563308632139736597e-16	9.807223470016824239e-15	3.523779701234770739e-14	5.768116391890450629e-23	6.102896845705992171e-23	1.727999994921649435e-02	6.927898272016558279e-02	7.210172798351636254e-04	1.074411122154259443e-10	7.199999511760855160e-04
2.770000000000000284e+01	7.630672017496547522e-12	4.384202070403464634e-15	2.996785397822697508e-21	1.998982771132544814e-03	1.017221181982707980e-06	1.102802469376728115e-22	1.527001611462547496e-16	9.579437266840314489e-15	3.441259626041449730e-14	5.633038395172062121e-23	5.822715518510092049e-23	1.727999994844389015e-02	6.927898271957598497e-02	7.210172804247772698e-04	1.078308693088590253e-10	7.199999513775142334e-04
2.780000000000000071e+01	7.462124898404465247e-12	4.287363334803709028e-15	2.930786270554419324e-21	1.998982771303055555e-03	1.017221181235461020e-06	1.102802468566613379e-22	1.493273031345839403e-16	9.367827912509830581e-15	3.364599935630031312e-14	5.507553325198871761e-23	5.568330746437958053e-23	1.727999994768877196e-02	6.927898271899091132e-02	7.210172810098470228e-04	1.082206264020057856e-10	7.199999515743411632e-04
2.790000000000000213e+01	7.305881724423720223e-12	4.197593830013648613e-15	2.869605081696925457e-21	1.998982771460592733e-03	1.017221180487797107e-06	1.102802467756046547e-22	1.462006638661171876e-16	9.171666047843913889e-15	3.293536405046076701e-14	5.391228669307213390e-23	5.337592610276954707e-23	1.727999994695033487e-02	6.927898271841018141e-02	7.210172815905777988e-04	1.086103834948576042e-10	7.199999517667731710e-04
2.800000000000000000e+01	7.160916893265280814e-12	4.114304296308881006e-15	2.812840229274480904e-21	1.998982771607618787e-03	1.017221179740453373e-06	1.102802466945826957e-22	1.432997196385351646e-16	8.989664038617778713e-15	3.227602563210302112e-14	5.283300855981083156e-23	5.127877764844801656e-23	1.727999994622720845e-02	6.927898271783346218e-02	7.210172821673321549e-04	1.090001405874172731e-10	7.199999519551771509e-04
2.810000000000000142e+01	7.026210583571877743e-12	4.036908795399093979e-15	2.760092374989711742e-21	1.998982771743843586e-03	1.017221178992769979e-06	1.102802466135239201e-22	1.406040624338627302e-16	8.820541508523928510e-15	3.166334568468834990e-14	5.183010617839133532e-23	4.936764883259057079e-23	1.727999994551800492e-02	6.927898271726030954e-02	7.210172827404685283e-04	1.093898976796905047e-10	7.199999521399170696e-04
2.820000000000000284e+01	6.901036844836626379e-12	3.964990232470608741e-15	2.711077253527500699e-21	1.998982771869840455e-03	1.017221178244672810e-06	1.102802465324202642e-22	1.380991649911311752e-16	8.663387033394271546e-15	3.109402239316979448e-14	5.089817477232702423e-23	4.762434449922286409e-23	1.727999994482173549e-02	6.927898271669050145e-02	7.210172833102433329e-04	1.097796547716771442e-10	7.199999523212519429e-04
2.830000000000000071e+01	6.784721098552276026e-12	3.898161028488614324e-15	2.665530715651635543e-21	1.998982771987874944e-03	1.017221177496976287e-06	1.102802464513600546e-22	1.357715280732362848e-16	8.517353686122775050e-15	3.056498759543214445e-14	5.003219203412297875e-23	4.603245057585692729e-23	1.727999994413748769e-02	6.927898271612382974e-02	7.210172838768950931e-04	1.101694118633772689e-10	7.199999524994234396e-04
2.840000000000000213e+01	6.676636504137732021e-12	3.836061032240538589e-15	2.623207305186259975e-21	1.998982772096817313e-03	1.017221176748792084e-06	1.102802463702469947e-22	1.336086077441673350e-16	8.381654474144653121e-15	3.007339025458333088e-14	4.922749107089224251e-23	4.457750107837752795e-23	1.727999994346441498e-02	6.927898271556011400e-02	7.210172844406439021e-04	1.105591689547908014e-10	7.199999526746546884e-04
2.850000000000000000e+01	6.576200579517825961e-12	3.778355578690342723e-15	2.583878935713595101e-21	1.998982772198938315e-03	1.017221176000980788e-06	1.102802462891743248e-22	1.315987477421913294e-16	8.255558096581016028e-15	2.961658108825913499e-14	4.847973524389980618e-23	4.324642166019910325e-23	1.727999994280171939e-02	6.927898271499909055e-02	7.210172850016958665e-04	1.109489260459177288e-10	7.199999528471538561e-04
2.860000000000000142e+01	6.482872061674217477e-12	3.724733685208283939e-15	2.547333661238770686e-21	1.998982772294233615e-03	1.017221175253269230e-06	1.102802462081124695e-22	1.297311166551908960e-16	8.138385002703256924e-15	2.919209828920952893e-14	4.778489479443705999e-23	4.202764960565362047e-23	1.727999994214866539e-02	6.927898271444057898e-02	7.210172855602418060e-04	1.113386831367581286e-10	7.199999530171147981e-04
2.870000000000000284e+01	6.396147990788757038e-12	3.674906376265655787e-15	2.513374534408240803e-21	1.998982772382142895e-03	1.017221174505119333e-06	1.102802461270031242e-22	1.279956495703897565e-16	8.029503731094173086e-15	2.879765426277445899e-14	4.713922513425372279e-23	4.091071478521780699e-23	1.727999994150457991e-02	6.927898271388441276e-02	7.210172861164583372e-04	1.117284402273119232e-10	7.199999531847166246e-04
2.880000000000000071e+01	6.315560998945135877e-12	3.628605125658521066e-15	2.481818544828506061e-21	1.998982772463798498e-03	1.017221173756871815e-06	1.102802460458831994e-22	1.263829938175709635e-16	7.928327505643139015e-15	2.843112329610745875e-14	4.653924666117753422e-23	3.988632522397810921e-23	1.727999994086882804e-02	6.927898271333034208e-02	7.210172866705102587e-04	1.121181973175790609e-10	7.199999533501265196e-04
2.890000000000000213e+01	6.240676793271610905e-12	3.585580410447519316e-15	2.452495633523379673e-21	1.998982772539769845e-03	1.017221173008597615e-06	1.102802459647603124e-22	1.248844586033250761e-16	7.834311075649622910e-15	2.809053010902328696e-14	4.598172601787400260e-23	3.894605106201593055e-23	1.727999994024080957e-02	6.927898271277824205e-02	7.210172872225517442e-04	1.125079544075594901e-10	7.199999535134995240e-04
2.900000000000000000e+01	6.171091811933679707e-12	3.545600364208635843e-15	2.425247775075317328e-21	1.998982772610625493e-03	1.017221172260383555e-06	1.102802458836440552e-22	1.234919681042636094e-16	7.746947772959096731e-15	2.777403919721416584e-14	4.546365864764222329e-23	3.808238495687837351e-23	1.727999993961998326e-02	6.927898271222802939e-02	7.210172877727243903e-04	1.128977114972531978e-10	7.199999536749799450e-04
2.910000000000000142e+01	6.106431052602937926e-12	3.508449529380107313e-15	2.399928127304360091e-21	1.998982772676367609e-03	1.017221171512043499e-06	1.102802458025140917e-22	1.221980180117143286e-16	7.665766785599341518e-15	2.747994495050744157e-14	4.498225261888544465e-23	3.728850334954622662e-23	1.727999993900583911e-02	6.927898271167956534e-02	7.210172883211602530e-04	1.132874685866601840e-10	7.199999538347012481e-04
2.920000000000000284e+01	6.046346049606827607e-12	3.473927695033975104e-15	2.376400239167098818e-21	1.998982772736990557e-03	1.017221170763398722e-06	1.102802457213510733e-22	1.209956350517263895e-16	7.590330618133381064e-15	2.720666245449690925e-14	4.453491356820231210e-23	3.655830860817338811e-23	1.727999993839791568e-02	6.927898271113273887e-02	7.210172888679828229e-04	1.136772256757803971e-10	7.199999539927885500e-04
2.930000000000000071e+01	5.990512996724458279e-12	3.441848818328520417e-15	2.354537315687210069e-21	1.998982772793634916e-03	1.017221170014866601e-06	1.102802456402003036e-22	1.198783394196501836e-16	7.520232734834418714e-15	2.695271895295678564e-14	4.411923072512068241e-23	3.588624831207416614e-23	1.727999993779575846e-02	6.927898271058741120e-02	7.210172894133060496e-04	1.140669827646138757e-10	7.199999541493568847e-04
2.940000000000000213e+01	5.938631002559807222e-12	3.412040022133081188e-15	2.334221534800234904e-21	1.998982772847434763e-03	1.017221169266873193e-06	1.102802455591078619e-22	1.188401098677734565e-16	7.455095369329207942e-15	2.671674591208495548e-14	4.373296392197231109e-23	3.526734419150317131e-23	1.727999993719895461e-02	6.927898271004347130e-02	7.210172899572361849e-04	1.144567398531605682e-10	7.199999543045141302e-04
2.950000000000000000e+01	5.890420467857066531e-12	3.384340662714682939e-15	2.315343411948027174e-21	1.998982772896124548e-03	1.017221168518125502e-06	1.102802454779336528e-22	1.178753512331850140e-16	7.394567487329157015e-15	2.649747164062196784e-14	4.337403151368633679e-23	3.469705503892798678e-23	1.727999993660714328e-02	6.927898270950084980e-02	7.210172904998712407e-04	1.148464969414204617e-10	7.199999544583600333e-04
2.960000000000000142e+01	5.845621579821754926e-12	3.358601464650340084e-15	2.297801210489997886e-21	1.998982772941966784e-03	1.017221167769643567e-06	1.102802453967883139e-22	1.169788643070843388e-16	7.338322896264501399e-15	2.629371444057424443e-14	4.304049916613474126e-23	3.417129613321034404e-23	1.727999993601995674e-02	6.927898270895943567e-02	7.210172910413034826e-04	1.152362540293936855e-10	7.199999546109872930e-04
2.970000000000000284e+01	5.803992910839942473e-12	3.334683715721279295e-15	2.281500392994159085e-21	1.998982772984970579e-03	1.017221167021310711e-06	1.102802453156591498e-22	1.161458177932396283e-16	7.286058485993139776e-15	2.610437623611226456e-14	4.273056942720717138e-23	3.368633501446428873e-23	1.727999993543707924e-02	6.927898270841915951e-02	7.210172915816180205e-04	1.156260111170799939e-10	7.199999547624823205e-04
2.980000000000000071e+01	5.765310118925073570e-12	3.312458520254757166e-15	2.266353112362367126e-21	1.998982773023992316e-03	1.017221166272433212e-06	1.102802452344708818e-22	1.153717223021540051e-16	7.237492597220176755e-15	2.592843666007568365e-14	4.244257204694793651e-23	3.323880410670213460e-23	1.727999993485819508e-02	6.927898270787991031e-02	7.210172921208931338e-04	1.160157682044795937e-10	7.199999549129252382e-04
2.990000000000000213e+01	5.729364737401133785e-12	3.291806103736599078e-15	2.252277737898447928e-21	1.998982773061310555e-03	1.017221165524063933e-06	1.102802451533377915e-22	1.146524061309729540e-16	7.192363501954405404e-15	2.576494755092261656e-14	4.217495496955312040e-23	3.282562126747326891e-23	1.727999993428303016e-02	6.927898270734164643e-02	7.210172926592035240e-04	1.164055252915922265e-10	7.199999550623904223e-04
3.000000000000000000e+01	5.695963051400528696e-12	3.272615167303136999e-15	2.239198415370899649e-21	1.998982773095785148e-03	1.017221164775526730e-06	1.102802450721864575e-22	1.139839927806727670e-16	7.150427992966969052e-15	2.561302784239318467e-14	4.192627596820600992e-23	3.244399757270162723e-23	1.727999993371131388e-02	6.927898270680428461e-02	7.210172931966168453e-04	1.167952823784182282e-10	7.199999552109470451e-04
3.010000000000000142e+01	5.664925055067963700e-12	3.254782288602766004e-15	2.227044658678227581e-21	1.998982773127419565e-03	1.017221164026733723e-06	1.102802449910073349e-22	1.133628800882860153e-16	7.111460074563597985e-15	2.547185881979412380e-14	4.169519488003851864e-23	3.209137660523076573e-23	1.727999993314281724e-02	6.927898270626776933e-02	7.210172937331963067e-04	1.171850394649573146e-10	7.199999553586595080e-04
3.020000000000000284e+01	5.636083480625093464e-12	3.238211363945113471e-15	2.215750969653283892e-21	1.998982773159049212e-03	1.017221163279039317e-06	1.102802449099473838e-22	1.127857207971594124e-16	7.075249743591985824e-15	2.534067970519658953e-14	4.148046637949392602e-23	3.176543885695380274e-23	1.727999993257729044e-02	6.927898270573201733e-02	7.210172942690026236e-04	1.175747965512096279e-10	7.199999555055872254e-04
3.030000000000000071e+01	5.609282896723919845e-12	3.222813090260039949e-15	2.205256484999397098e-21	1.998982773185000675e-03	1.017221162529484615e-06	1.102802448286857415e-22	1.122494045137741015e-16	7.041601857428792620e-15	2.521878355597597013e-14	4.128093326460283501e-23	3.146405515655986531e-23	1.727999993201453574e-02	6.927898270519695922e-02	7.210172948040871870e-04	1.179645536371751421e-10	7.199999556517862505e-04
3.040000000000000213e+01	5.584378871818250013e-12	3.208504484412764796e-15	2.195504648686201912e-21	1.998982773210952139e-03	1.017221161780880073e-06	1.102802447475270724e-22	1.117510409656657377e-16	7.010335083594959384e-15	2.510551345845286997e-14	4.109552022631332224e-23	3.118528876812553396e-23	1.727999993145435537e-02	6.927898270466245623e-02	7.210172953385037735e-04	1.183543107228537022e-10	7.199999557973077577e-04
3.050000000000000000e+01	5.561237194581178419e-12	3.195208435294795736e-15	2.186442906683208818e-21	1.998982773236899699e-03	1.017221161033158986e-06	1.102802446664641827e-22	1.112879444009144803e-16	6.981280921012917466e-15	2.500025898479714351e-14	4.092322804875876889e-23	3.092735953782828414e-23	1.727999993089656544e-02	6.927898270412861936e-02	7.210172958722997627e-04	1.187440678082454632e-10	7.199999559421995602e-04
3.060000000000000142e+01	5.539733150951150737e-12	3.182853288450781153e-15	2.178022423867871236e-21	1.998982773257730258e-03	1.017221160283659342e-06	1.102802445852084883e-22	1.108576191208484795e-16	6.954282792326215284e-15	2.490245290277494767e-14	4.076312822340786042e-23	3.068864441573584500e-23	1.727999993034098902e-02	6.927898270359535149e-02	7.210172964055166795e-04	1.191338248933505545e-10	7.199999560865067609e-04
3.070000000000000284e+01	5.519750853631208857e-12	3.171372460842359923e-15	2.170197821473174196e-21	1.998982773277996165e-03	1.017221159534636577e-06	1.102802445040045157e-22	1.104577460624091708e-16	6.929195202098120670e-15	2.481156812467415442e-14	4.061435795472787324e-23	3.046764978696898863e-23	1.727999992978749427e-02	6.927898270306261097e-02	7.210172969381973499e-04	1.195235819781683815e-10	7.199999562302701259e-04
3.080000000000000071e+01	5.501182615296586261e-12	3.160704080724617572e-15	2.162926931650255244e-21	1.998982773298262506e-03	1.017221158786323837e-06	1.102802444228774910e-22	1.100861702551785483e-16	6.905882949889297151e-15	2.472711486137972512e-14	4.047611550165967279e-23	3.026301093629285277e-23	1.727999992923589384e-02	6.927898270253038393e-02	7.210172974703801547e-04	1.199133390626994094e-10	7.199999563735284694e-04
3.090000000000000213e+01	5.483928368951670215e-12	3.150790654612230243e-15	2.156170570493711648e-21	1.998982773318528413e-03	1.017221158038670301e-06	1.102802443418220068e-22	1.097408892219310047e-16	6.884220402508170231e-15	2.464863798142144539e-14	4.034765585461507521e-23	3.007347058007912821e-23	1.727999992868610099e-02	6.927898270199860098e-02	7.210172980021001135e-04	1.203030961469438451e-10	7.199999565163178955e-04
3.100000000000000000e+01	5.467895129045639168e-12	3.141578757663482635e-15	2.149892327027007047e-21	1.998982773333673850e-03	1.017221157289028355e-06	1.102802442605508665e-22	1.094200421948211133e-16	6.864090817455634590e-15	2.457571456230558434e-14	4.022828672722508763e-23	2.989787771593901647e-23	1.727999992813796307e-02	6.927898270146727600e-02	7.210172985333878010e-04	1.206928532309014818e-10	7.199999566586710387e-04
3.110000000000000142e+01	5.452996490698351475e-12	3.133018745960533215e-15	2.144058367111048587e-21	1.998982773348254201e-03	1.017221156539668471e-06	1.102802441793103125e-22	1.091219000942095058e-16	6.845385714195005876e-15	2.450795161080415445e-14	4.011736482465716628e-23	2.973517089480078849e-23	1.727999992759135170e-02	6.927898270093636734e-02	7.210172990642756347e-04	1.210826103145718800e-10	7.199999568006187987e-04
3.120000000000000284e+01	5.439152162945993268e-12	3.125064488335751509e-15	2.138637250674004707e-21	1.998982773362834985e-03	1.017221155790837771e-06	1.102802440981271696e-22	1.088448561882717060e-16	6.828004288167573674e-15	2.444498394310053886e-14	4.001429237360256589e-23	2.958437667943043983e-23	1.727999992704618015e-02	6.927898270040580564e-02	7.210172995947921291e-04	1.214723673979552724e-10	7.199999569421902321e-04
3.130000000000000071e+01	5.426287536842378172e-12	3.117673118224334710e-15	2.133599762589835975e-21	1.998982773377415336e-03	1.017221155042499197e-06	1.102802440169973707e-22	1.085874174501147802e-16	6.811852868526122180e-15	2.438647221781863081e-14	3.991851390252079399e-23	2.944459655718161572e-23	1.727999992650234781e-02	6.927898269987561863e-02	7.210173001249635220e-04	1.218621244810518140e-10	7.199999570834114682e-04
3.140000000000000213e+01	5.414333283415967677e-12	3.110804802670540985e-15	2.128918755247629566e-21	1.998982773391995687e-03	1.017221154294617385e-06	1.102802439359170601e-22	1.083481965123483575e-16	6.796844413387405226e-15	2.433210110834154705e-14	3.982951324988850368e-23	2.931500522283805954e-23	1.727999992595973325e-02	6.927898269934573694e-02	7.210173006548145332e-04	1.222518815638617117e-10	7.199999572243076604e-04
3.150000000000000000e+01	5.403224979422638393e-12	3.104422527303979507e-15	2.124569002005092864e-21	1.998982773404868202e-03	1.017221153546292363e-06	1.102802438547886953e-22	1.081259041778866025e-16	6.782898039960630508e-15	2.428157760063335913e-14	3.974681077788554331e-23	2.919484027122956662e-23	1.727999992541826707e-02	6.927898269881613280e-02	7.210173011843668467e-04	1.226416386463850948e-10	7.199999573649017940e-04
3.160000000000000142e+01	5.392902760702926846e-12	3.098491897176028670e-15	2.120527061451324346e-21	1.998982773413767334e-03	1.017221152796342944e-06	1.102802437734842650e-22	1.079193424831533517e-16	6.769938589345997996e-15	2.423462941680790040e-14	3.966996079191786642e-23	2.908340042419885461e-23	1.727999992487788336e-02	6.927898269828684785e-02	7.210173017136403033e-04	1.230313957286213945e-10	7.199999575052150108e-04
3.170000000000000284e+01	5.383310999834560830e-12	3.092980951555121978e-15	2.116771151183077681e-21	1.998982773422664731e-03	1.017221152046759656e-06	1.102802436922194958e-22	1.077273982474688336e-16	6.757896221831173661e-15	2.419100354865529487e-14	3.959854914013133140e-23	2.898003739026333470e-23	1.727999992433849191e-02	6.927898269775779883e-02	7.210173022426563704e-04	1.234211528105703781e-10	7.199999576452670432e-04
3.180000000000000071e+01	5.374398005246782247e-12	3.087859991052912816e-15	2.113281029984902760e-21	1.998982773431559525e-03	1.017221151297515180e-06	1.102802436109914726e-22	1.075490370519167931e-16	6.746706039121181593e-15	2.415046488908195827e-14	3.953219097320123485e-23	2.888415409610398532e-23	1.727999992380001987e-02	6.927898269722898572e-02	7.210173027714336961e-04	1.238109098922322267e-10	7.199999577850770818e-04
3.190000000000000213e+01	5.366115743590050741e-12	3.083101418111784595e-15	2.110037889115584545e-21	1.998982773440454320e-03	1.017221150548587282e-06	1.102802435297977738e-22	1.073832976835824693e-16	6.736307735791946548e-15	2.411279497021059528e-14	3.947052867871447669e-23	2.879519822529538422e-23	1.727999992326238743e-02	6.927898269670042242e-02	7.210173032999887604e-04	1.242006669736071211e-10	7.199999579246618231e-04
3.200000000000000000e+01	5.358419580914545205e-12	3.078679588299009049e-15	2.107024250959694631e-21	1.998982773449349114e-03	1.017221149799953729e-06	1.102802434486359779e-22	1.072292869561819831e-16	6.726645274326586344e-15	2.407779078388754143e-14	3.941322995044573826e-23	2.871266053732745153e-23	1.727999992272554949e-02	6.927898269617202565e-02	7.210173038283375010e-04	1.245904240546950873e-10	7.199999580640373134e-04
3.210000000000000142e+01	5.351268041284005723e-12	3.074570671618321386e-15	2.104223874506375621e-21	1.998982773458243909e-03	1.017221149051594191e-06	1.102802433675038986e-22	1.070861748795949685e-16	6.717666582074875345e-15	2.404526368787941082e-14	3.935998599789842467e-23	2.863606968821030821e-23	1.727999992218945055e-02	6.927898269564386480e-02	7.210173043564944463e-04	1.249801811354963320e-10	7.199999582032178642e-04
3.220000000000000284e+01	5.344622584366456652e-12	3.070752524724691874e-15	2.101621668259050844e-21	1.998982773467138704e-03	1.017221148303488128e-06	1.102802432863993023e-22	1.069531902091513672e-16	6.709323272002039178e-15	2.401503838977593523e-14	3.931050988304496928e-23	2.856499066788918878e-23	1.727999992165404897e-02	6.927898269511587048e-02	7.210173048844732572e-04	1.253699382160109069e-10	7.199999583422178953e-04
3.230000000000000426e+01	5.338447396531914269e-12	3.067204570899531966e-15	2.099203608434153741e-21	1.998982773476033498e-03	1.017221147555617963e-06	1.102802432053202377e-22	1.068296162652114052e-16	6.701570380427314595e-15	2.398695200019574503e-14	3.926453497050876711e-23	2.849902063427798585e-23	1.727999992111928923e-02	6.927898269458804270e-02	7.210173054122864019e-04	1.257596952962388379e-10	7.199999584810500919e-04
3.239999999999999858e+01	5.332709199674147532e-12	3.063907690209243921e-15	2.096956664100176757e-21	1.998982773484928293e-03	1.017221146807967391e-06	1.102802431242650357e-22	1.067147871074277224e-16	6.694366126993142137e-15	2.396085316069040225e-14	3.922181350002124806e-23	2.843778748178395965e-23	1.727999992058512971e-02	6.927898269406035370e-02	7.210173059399458068e-04	1.261494523761802542e-10	7.199999586197261634e-04
3.250000000000000000e+01	5.327377069032349690e-12	3.060844114834681086e-15	2.094868725840877122e-21	1.998982773492115252e-03	1.017221146059652746e-06	1.102802430431378464e-22	1.066080838891086399e-16	6.687671685950017847e-15	2.393660121825346813e-14	3.918211523516649405e-23	2.838094645708183062e-23	1.727999992005151489e-02	6.927898269353281735e-02	7.210173064674614465e-04	1.265392094558352076e-10	7.199999587582569518e-04
3.260000000000000142e+01	5.322422269859843082e-12	3.057997335229157071e-15	2.092928541798542369e-21	1.998982773495328828e-03	1.017221145309508509e-06	1.102802429618122806e-22	1.065089315887354052e-16	6.681450981085527385e-15	2.391406547858455252e-14	3.914522624104169269e-23	2.832817887349898841e-23	1.727999991951839620e-02	6.927898269300543366e-02	7.210173069948418861e-04	1.269289665352030258e-10	7.199999588966531907e-04
3.270000000000000284e+01	5.317818099559602021e-12	3.055352009417433983e-15	2.091125655857981144e-21	1.998982773498542836e-03	1.017221144559540455e-06	1.102802428805058049e-22	1.064167958508792236e-16	6.675670487538625170e-15	2.389312449240609242e-14	3.911094771602078818e-23	2.827918935598362686e-23	1.727999991898575283e-02	6.927898269247816099e-02	7.210173075220987268e-04	1.273187236142834505e-10	7.199999590349244211e-04
3.280000000000000426e+01	5.313539745538018394e-12	3.052893881325600175e-15	2.089450351985306895e-21	1.998982773501756412e-03	1.017221143809735667e-06	1.102802427992170321e-22	1.063311801416601938e-16	6.670299053325985598e-15	2.387366540507523416e-14	3.907909492712777354e-23	2.823370466827161830e-23	1.727999991845355701e-02	6.927898269195101322e-02	7.210173080492414009e-04	1.277084806930765333e-10	7.199999591730788830e-04
3.289999999999999858e+01	5.309564151585707878e-12	3.050609704010175732e-15	2.087893601905799216e-21	1.998982773504969987e-03	1.017221143060082498e-06	1.102802427179447163e-22	1.062516230748450786e-16	6.665307731587647105e-15	2.385558335033397885e-14	3.904949621765951561e-23	2.819147149172013680e-23	1.727999991792177059e-02	6.927898269142394871e-02	7.210173085762772811e-04	1.280982377715823518e-10	7.199999593111253583e-04
3.300000000000000000e+01	5.305869893220515983e-12	3.048487168036449553e-15	2.086447016291127030e-21	1.998982773508183562e-03	1.017221142310571842e-06	1.102802426366878229e-22	1.061776959172908281e-16	6.660669624082610270e-15	2.383878088362909883e-14	3.902199207958108112e-23	2.815225535424976800e-23	1.727999991739036928e-02	6.927898269089699523e-02	7.210173091032137400e-04	1.284879948498009835e-10	7.199999594490711112e-04
3.310000000000000142e+01	5.302437060740337726e-12	3.046514834286475503e-15	2.085102798965549711e-21	1.998982773511397137e-03	1.017221141561191206e-06	1.102802425554450120e-22	1.061090002486714104e-16	6.656359734367644366e-15	2.382316745173179167e-14	3.899643428534020399e-23	2.811583879199850345e-23	1.727999991685932185e-02	6.927898269037016665e-02	7.210173096300585838e-04	1.288777519277324027e-10	7.199999595869238395e-04
3.320000000000000284e+01	5.299247154179349062e-12	3.044682073606199163e-15	2.083853705773236554e-21	1.998982773514610713e-03	1.017221140811932966e-06	1.102802424742155312e-22	1.060451658594091308e-16	6.652354835904610495e-15	2.380865891135846741e-14	3.897268509989302022e-23	2.808202042379430634e-23	1.727999991632861443e-02	6.927898268984337971e-02	7.210173101568177756e-04	1.292675090053767642e-10	7.199999597246896149e-04
3.330000000000000426e+01	5.296282982807273355e-12	3.042979009062746645e-15	2.082693005224503417e-21	1.998982773517824288e-03	1.017221140062788016e-06	1.102802423929982990e-22	1.059858487395170671e-16	6.648633345889214576e-15	2.379517707418879380e-14	3.895061653593884162e-23	2.805061344060031944e-23	1.727999991579821232e-02	6.927898268931671766e-02	7.210173106834974954e-04	1.296572660827340425e-10	7.199999598623748340e-04
3.339999999999999858e+01	5.293528572332867538e-12	3.041396462628211122e-15	2.081614442158867774e-21	1.998982773521037863e-03	1.017221139313748523e-06	1.102802423117924691e-22	1.059307292216144224e-16	6.645175208746917833e-15	2.378264928520318784e-14	3.893010966369633925e-23	2.802144476304267767e-23	1.727999991526809470e-02	6.927898268879008337e-02	7.210173112101031642e-04	1.300470231598043666e-10	7.199999599999848095e-04
3.350000000000000000e+01	5.290969078951448948e-12	3.039925905795660516e-15	2.080612204088064633e-21	1.998982773524251438e-03	1.017221138564806226e-06	1.102802422305971952e-22	1.058795102609003826e-16	6.641961788217118373e-15	2.377100803060915134e-14	3.891105396911401441e-23	2.799435379936194762e-23	1.727999991473824770e-02	6.927898268826356010e-02	7.210173117366406367e-04	1.304367802365875556e-10	7.199999601375255045e-04
3.360000000000000142e+01	5.288590709369825568e-12	3.038559413629461780e-15	2.079680889879663164e-21	1.998982773527465014e-03	1.017221137815955409e-06	1.102802421494119129e-22	1.058319158347433346e-16	6.638975766945492342e-15	2.376019057468278556e-14	3.889334675941213185e-23	2.796919170386375992e-23	1.727999991420864703e-02	6.927898268773705071e-02	7.210173122631138160e-04	1.308265373130837646e-10	7.199999602750011473e-04
3.370000000000000284e+01	5.286380647186451684e-12	3.037289622467011973e-15	2.078815480929255280e-21	1.998982773530675987e-03	1.017221137067188024e-06	1.102802420682355880e-22	1.057876894694476032e-16	6.636201054062341630e-15	2.375013862506457227e-14	3.887689261520178877e-23	2.794582035063272467e-23	1.727999991367927882e-02	6.927898268721066621e-02	7.210173127895282315e-04	1.312162943892930971e-10	7.199999604124172675e-04
3.380000000000000426e+01	5.284326981124996405e-12	3.036109688685336088e-15	2.078011313058390661e-21	1.998982773533885225e-03	1.017221136318497508e-06	1.102802419870676560e-22	1.057465928041089504e-16	6.633622695068478067e-15	2.374079800696585627e-14	3.886160285718988793e-23	2.792411165286320926e-23	1.727999991315012224e-02	6.927898268668426784e-02	7.210173133158871359e-04	1.316060514652157081e-10	7.199999605497774428e-04
3.389999999999999858e+01	5.282418643619688203e-12	3.035013253415300116e-15	2.077264052466027074e-21	1.998982773537094464e-03	1.017221135569881107e-06	1.102802419059076939e-22	1.057084043616235320e-16	6.631226794736540240e-15	2.373211838158949858e-14	3.884739508525923927e-23	2.790394672920933016e-23	1.727999991262116689e-02	6.927898268615796662e-02	7.210173138421947575e-04	1.319958085408513908e-10	7.199999606870853596e-04
3.400000000000000000e+01	5.280645350406566806e-12	3.033994407833771208e-15	2.076569672073873228e-21	1.998982773540303702e-03	1.017221134821331410e-06	1.102802418247549494e-22	1.056729183398262788e-16	6.629000441268269977e-15	2.372405297343749894e-14	3.883419273209512777e-23	2.788521532379287808e-23	1.727999991209237807e-02	6.927898268563172091e-02	7.210173143684553247e-04	1.323855656162001711e-10	7.199999608243454630e-04
3.410000000000000142e+01	5.278997545017365118e-12	3.033047661272576487e-15	2.075924429791480177e-21	1.998982773543512940e-03	1.017221134072844817e-06	1.102802417436091167e-22	1.056399435007377276e-16	6.626931636605582294e-15	2.371655831706295101e-14	3.882192464864104761e-23	2.786781508234924286e-23	1.727999991156373844e-02	6.927898268510547519e-02	7.210173148946713313e-04	1.327753226912622558e-10	7.199999609615604637e-04
3.420000000000000284e+01	5.277466347229880011e-12	3.032167911600683684e-15	2.075324848330619974e-21	1.998982773546722179e-03	1.017221133324417516e-06	1.102802416624697023e-22	1.056093021389858868e-16	6.625009231711651545e-15	2.370959402295326926e-14	3.881052472087035799e-23	2.785165105138032711e-23	1.727999991103526187e-02	6.927898268457928499e-02	7.210173154208460297e-04	1.331650797660375156e-10	7.199999610987333973e-04
3.430000000000000426e+01	5.276043505253683982e-12	3.031350417752484564e-15	2.074767696482307689e-21	1.998982773549931417e-03	1.017221132576044002e-06	1.102802415813360948e-22	1.055808291249764579e-16	6.623222866539472950e-15	2.370312255970812030e-14	3.879993151323105791e-23	2.783663507085851775e-23	1.727999991050693449e-02	6.927898268405317805e-02	7.210173159469834316e-04	1.335548368405260022e-10	7.199999612358681670e-04
3.439999999999999858e+01	5.274721351224448578e-12	3.030590774157070238e-15	2.074249971689424712e-21	1.998982773553140656e-03	1.017221131827721098e-06	1.102802415002079886e-22	1.055543710142738649e-16	6.621562914156273550e-15	2.369710905191605241e-14	3.879008793778784886e-23	2.782268533696783135e-23	1.727999990997874588e-02	6.927898268352707112e-02	7.210173164730849463e-04	1.339445939147277673e-10	7.199999613729670496e-04
3.450000000000000000e+01	5.273492759911768381e-12	3.029884887013816887e-15	2.073768883877659668e-21	1.998982773556349894e-03	1.017221131079444781e-06	1.102802414190849135e-22	1.055297852212881429e-16	6.620020428900822277e-15	2.369152109208844639e-14	3.878094094637479344e-23	2.780972588998229714e-23	1.727999990945068218e-02	6.927898268300096418e-02	7.210173169991532845e-04	1.343343509886428368e-10	7.199999615100324303e-04
3.460000000000000142e+01	5.272351110293583445e-12	3.029228952214965535e-15	2.073321840408947509e-21	1.998982773559559133e-03	1.017221130331212721e-06	1.102802413379666814e-22	1.055069392503269153e-16	6.618587098141117772e-15	2.368632856611399025e-14	3.877244124487990522e-23	2.779768623312580221e-23	1.727999990892274337e-02	6.927898268247491276e-02	7.210173175251908314e-04	1.347241080622711849e-10	7.199999616470662608e-04
3.470000000000000284e+01	5.271290249898304436e-12	3.028619434858399861e-15	2.072906432118678661e-21	1.998982773562768371e-03	1.017221129583022378e-06	1.102802412568529163e-22	1.054857099820325196e-16	6.617255197505689507e-15	2.368150349088182551e-14	3.876454302744868451e-23	2.778650089952365194e-23	1.727999990839490865e-02	6.927898268194894460e-02	7.210173180512001890e-04	1.351138651356128631e-10	7.199999617840713599e-04
3.480000000000000426e+01	5.270304461627883468e-12	3.028053050185842822e-15	2.072520420324385603e-21	1.998982773565977610e-03	1.017221128834868033e-06	1.102802411757430773e-22	1.054659830094663772e-16	6.616017549230769326e-15	2.367701986355444310e-14	3.875720372975734026e-23	2.777610912042618378e-23	1.727999990786717455e-02	6.927898268142297644e-02	7.210173185771834173e-04	1.355036222086678457e-10	7.199999619210503297e-04
3.489999999999999858e+01	5.269388432965619977e-12	3.027526745891199344e-15	2.072161724768233136e-21	1.998982773569186848e-03	1.017221128086748629e-06	1.102802410946370469e-22	1.054476520219151095e-16	6.614867483500533785e-15	2.367285352136845816e-14	3.875038379951915899e-23	2.776645445810652467e-23	1.727999990733954105e-02	6.927898268089700828e-02	7.210173191031420343e-04	1.358933792814361844e-10	7.199999620580041461e-04
3.500000000000000000e+01	5.268537227331355746e-12	3.027037685662688915e-15	2.071828412400383572e-21	1.998982773572396086e-03	1.017221127338661412e-06	1.102802410135344959e-22	1.054306182316688659e-16	6.613798802484196874e-15	2.366898201147829410e-14	3.874404648343026204e-23	2.775748451739569384e-23	1.727999990681199430e-02	6.927898268037104013e-02	7.210173196290776661e-04	1.362831363539178791e-10	7.199999621949345436e-04
3.510000000000000142e+01	5.267746257490051281e-12	3.026583233904743326e-15	2.071518686966411734e-21	1.998982773575605325e-03	1.017221126590604688e-06	1.102802409324352128e-22	1.054147898418906884e-16	6.612805746950395718e-15	2.366538446990197099e-14	3.873815762901461263e-23	2.774915063377394600e-23	1.727999990628453081e-02	6.927898267984505809e-02	7.210173201549919392e-04	1.366728934261129299e-10	7.199999623318433656e-04
3.520000000000000284e+01	5.267011260819638033e-12	3.026160941528157364e-15	2.071230879322775252e-21	1.998982773578814563e-03	1.017221125842577399e-06	1.102802408513391506e-22	1.054000815516924646e-16	6.611882965216499648e-15	2.366204150912727721e-14	3.873268550064539674e-23	2.774140762280851982e-23	1.727999990575714365e-02	6.927898267931918708e-02	7.210173206808862629e-04	1.370626504980213885e-10	7.199999624687321298e-04
3.530000000000000426e+01	5.266328276349133246e-12	3.025768532757330102e-15	2.070963438445470316e-21	1.998982773582023802e-03	1.017221125094576791e-06	1.102802407702459801e-22	1.053864140966360969e-16	6.611025484319906140e-15	2.365893511359228434e-14	3.872760060845595802e-23	2.773421351462774307e-23	1.727999990522982587e-02	6.927898267879335770e-02	7.210173212067621552e-04	1.374524075696432290e-10	7.199999626056020289e-04
3.539999999999999858e+01	5.265693623404789080e-12	3.025403892861422446e-15	2.070714923068364572e-21	1.998982773585233040e-03	1.017221124346599900e-06	1.102802406891553957e-22	1.053737138214139224e-16	6.610228683208709453e-15	2.365604854263348134e-14	3.872287554947451638e-23	2.772752933646650893e-23	1.727999990470257402e-02	6.927898267826752832e-02	7.210173217326212424e-04	1.378421646409784514e-10	7.199999627424547976e-04
3.550000000000000000e+01	5.265103881780303421e-12	3.025065056761145944e-15	2.070483993918312899e-21	1.998982773588442279e-03	1.017221123598644820e-06	1.102802406080671388e-22	1.053619122830276794e-16	6.609488267845402707e-15	2.365336624023527491e-14	3.871848485989219919e-23	2.772131888620168222e-23	1.727999990417538809e-02	6.927898267774169894e-02	7.210173222584652592e-04	1.382319217120270816e-10	7.199999628792923875e-04
3.560000000000000142e+01	5.264555873299196681e-12	3.024750198435429347e-15	2.070269406495412912e-21	1.998982773591651517e-03	1.017221122850709857e-06	1.102802405269810918e-22	1.053509458818262189e-16	6.608800248058759626e-15	2.365087375122136592e-14	3.871440487787577996e-23	2.771554854376081101e-23	1.727999990364825419e-02	6.927898267721586956e-02	7.210173227842943140e-04	1.386216787827891713e-10	7.199999630161147985e-04
3.570000000000000284e+01	5.264046644693159425e-12	3.024457621084174415e-15	2.070070004368561088e-21	1.998982773594860755e-03	1.017221122102795223e-06	1.102802404458971841e-22	1.053407555188780197e-16	6.608160916047618633e-15	2.364855764333622517e-14	3.871061361602202148e-23	2.771018707770208959e-23	1.727999990312117581e-02	6.927898267669004018e-02	7.210173233101095994e-04	1.390114358532646945e-10	7.199999631529233318e-04
3.580000000000000426e+01	5.263573451681026016e-12	3.024185747980833123e-15	2.069884712941158852e-21	1.998982773598069994e-03	1.017221121354898165e-06	1.102802403648152749e-22	1.053312862773696700e-16	6.607566826392310293e-15	2.364640543487120744e-14	3.870709064288810493e-23	2.770520548174234404e-23	1.727999990259414254e-02	6.927898267616421080e-02	7.210173238359120912e-04	1.394011929234535997e-10	7.199999632897189630e-04
3.589999999999999858e+01	5.263133744184572291e-12	3.023933113978140787e-15	2.069712533661953742e-21	1.998982773601279232e-03	1.017221120607017200e-06	1.102802402837351053e-22	1.053224871267537531e-16	6.607014777493114405e-15	2.364440552738891575e-14	3.870381697286735765e-23	2.770057680932120166e-23	1.727999990206715783e-02	6.927898267563838142e-02	7.210173243617029821e-04	1.397909499933559385e-10	7.199999634265025596e-04
3.600000000000000000e+01	5.262725152581414365e-12	3.023698357609726319e-15	2.069552538641996374e-21	1.998982773604488471e-03	1.017221119859151694e-06	1.102802402026565580e-22	1.053143106476507652e-16	6.606501794311005769e-15	2.364254714322566141e-14	3.870077496388640301e-23	2.769627603198680036e-23	1.727999990154021823e-02	6.927898267511255204e-02	7.210173248874830309e-04	1.401807070629717626e-10	7.199999635632750973e-04
3.610000000000000142e+01	5.262345474938072022e-12	3.023480213754864645e-15	2.069403865655413433e-21	1.998982773607697709e-03	1.017221119111301435e-06	1.102802401215797033e-22	1.053067127763650475e-16	6.606025112338783922e-15	2.364082026740014460e-14	3.869794822231489664e-23	2.769227989771087433e-23	1.727999990101331679e-02	6.927898267458670878e-02	7.210173254132524545e-04	1.405704641323010462e-10	7.199999637000371183e-04
3.620000000000000284e+01	5.261992665141170934e-12	3.023277506819262093e-15	2.069265713491849828e-21	1.998982773610906948e-03	1.017221118363465575e-06	1.102802400405044004e-22	1.052996525673739782e-16	6.605582162699992361e-15	2.363921559365188481e-14	3.869532151463517231e-23	2.768856680827826920e-23	1.727999990048645004e-02	6.927898267406094879e-02	7.210173259390122288e-04	1.409602212013437376e-10	7.199999638367893815e-04
3.630000000000000426e+01	5.261664821872479760e-12	3.023089144400663064e-15	2.069137337639363186e-21	1.998982773614116186e-03	1.017221117615643267e-06	1.102802399594305315e-22	1.052930919727035949e-16	6.605170558307113077e-15	2.363772447427840786e-14	3.869288068533024105e-23	2.768511669781224328e-23	1.727999989995961799e-02	6.927898267353525819e-02	7.210173264647633294e-04	1.413499782700999401e-10	7.199999639735326458e-04
3.639999999999999858e+01	5.261360178360981655e-12	3.022914111400905834e-15	2.069018046271561106e-21	1.998982773617325424e-03	1.017221116867831971e-06	1.102802398783579086e-22	1.052869956368533052e-16	6.604788080995435311e-15	2.363633887354145103e-14	3.869061258061387965e-23	2.768191092665067894e-23	1.727999989943281717e-02	6.927898267300956758e-02	7.210173269905061902e-04	1.417397353385695762e-10	7.199999641102675617e-04
3.650000000000000000e+01	5.261077092862953577e-12	3.022751464556252521e-15	2.068907196519833606e-21	1.998982773620534663e-03	1.017221116120032322e-06	1.102802397972864848e-22	1.052813307062895293e-16	6.604432669570852792e-15	2.363505132435240308e-14	3.868850497752862595e-23	2.767893217710846859e-23	1.727999989890604757e-02	6.927898267248387698e-02	7.210173275162413530e-04	1.421294924067526976e-10	7.199999642469948882e-04
3.660000000000000142e+01	5.260814039812919762e-12	3.022600327353164773e-15	2.068804191008263223e-21	1.998982773623743901e-03	1.017221115372242202e-06	1.102802397162161659e-22	1.052760666523638420e-16	6.604102408699979837e-15	2.363385488803899075e-14	3.868654651808733249e-23	2.767616436164791366e-23	1.727999989837930572e-02	6.927898267195818638e-02	7.210173280419693602e-04	1.425192494746493044e-10	7.199999643837148421e-04
3.670000000000000284e+01	5.260569601602793947e-12	3.022459885305019214e-15	2.068708474634533921e-21	1.998982773626953140e-03	1.017221114624461399e-06	1.102802396351468344e-22	1.052711751068028482e-16	6.603795518588936653e-15	2.363274311694260957e-14	3.868472664804847772e-23	2.767359253335308658e-23	1.727999989785259163e-02	6.927898267143249578e-02	7.210173285676908621e-04	1.429090065422593706e-10	7.199999645204281824e-04
3.680000000000000426e+01	5.260342460942919726e-12	3.022329381563134253e-15	2.068619531578689550e-21	1.998982773630162378e-03	1.017221113876689701e-06	1.102802395540784668e-22	1.052666297088415945e-16	6.603510345392703467e-15	2.363171001968240221e-14	3.868303556005641112e-23	2.767120280651479602e-23	1.727999989732589142e-02	6.927898267090680517e-02	7.210173290934061840e-04	1.432987636095829480e-10	7.199999646571353428e-04
3.689999999999999858e+01	5.260131393762160444e-12	3.022208112837529719e-15	2.068536882522977984e-21	1.998982773633371617e-03	1.017221113128925204e-06	1.102802394730108986e-22	1.052624059631453940e-16	6.603245352301260509e-15	2.363075002885757958e-14	3.868146414077302451e-23	2.766898227967640255e-23	1.727999989679922244e-02	6.927898267038111457e-02	7.210173296191161934e-04	1.436885206766199590e-10	7.199999647938367569e-04
3.700000000000000000e+01	5.259935262611396341e-12	3.022095425606890787e-15	2.068460082068809308e-21	1.998982773636580855e-03	1.017221112381167483e-06	1.102802393919440827e-22	1.052584811078040731e-16	6.602999111257730217e-15	2.362985797105055577e-14	3.868000392177554867e-23	2.766691896694923109e-23	1.727999989627256733e-02	6.927898266985542397e-02	7.210173301448215407e-04	1.440782777433705071e-10	7.199999649305336173e-04
3.710000000000000142e+01	5.259753010533819756e-12	3.021990712596764336e-15	2.068388716336513711e-21	1.998982773639790093e-03	1.017221111633416538e-06	1.102802393108779485e-22	1.052548339916687727e-16	6.602770295262588672e-15	2.362902903894021968e-14	3.867864703390848126e-23	2.766500173184512245e-23	1.727999989574593651e-02	6.927898266932973337e-02	7.210173306705220091e-04	1.444680348098345662e-10	7.199999650672257072e-04
3.720000000000000284e+01	5.259583655368510599e-12	3.021893409506656310e-15	2.068322400734740331e-21	1.998982773642999332e-03	1.017221110885671946e-06	1.102802392298125197e-22	1.052514449603582190e-16	6.602557671221848682e-15	2.362825876540004055e-14	3.867738616488443428e-23	2.766322022788407575e-23	1.727999989521931956e-02	6.927898266880404277e-02	7.210173311962178155e-04	1.448577918760120849e-10	7.199999652039130267e-04
3.730000000000000426e+01	5.259426284458697019e-12	3.021802991969690001e-15	2.068260777888352619e-21	1.998982773646208570e-03	1.017221110137933494e-06	1.102802391487477491e-22	1.052482957503643162e-16	6.602360093303362383e-15	2.362754299942447548e-14	3.867621451987791347e-23	2.766156484167412595e-23	1.727999989469272343e-02	6.927898266827835216e-02	7.210173317219095018e-04	1.452475489419031406e-10	7.199999653405960093e-04
3.739999999999999858e+01	5.259280049730955680e-12	3.021718972725335268e-15	2.068203515711543325e-21	1.998982773649417809e-03	1.017221109390200549e-06	1.102802390676836368e-22	1.052453693905797119e-16	6.602176496758754510e-15	2.362687788375220727e-14	3.867512578489643241e-23	2.766002664154619039e-23	1.727999989416613077e-02	6.927898266775266156e-02	7.210173322475970682e-04	1.456373060075076040e-10	7.199999654772750888e-04
3.750000000000000000e+01	5.259144163127200536e-12	3.021640898994880140e-15	2.068150305619120667e-21	1.998982773652627047e-03	1.017221108642472685e-06	1.102802389866200418e-22	1.052426501108861852e-16	6.602005892188382309e-15	2.362625983408591363e-14	3.867411409276528538e-23	2.765859732856921500e-23	1.727999989363957281e-02	6.927898266722697096e-02	7.210173327732810568e-04	1.460270630728256044e-10	7.199999656139504821e-04
3.760000000000000142e+01	5.259017892355985126e-12	3.021568350040321256e-15	2.068100860862804283e-21	1.998982773655836286e-03	1.017221107894749904e-06	1.102802389055569639e-22	1.052401232571318476e-16	6.601847360207071513e-15	2.362568551977067177e-14	3.867317399149964934e-23	2.765726919215633703e-23	1.727999989311301138e-02	6.927898266670128036e-02	7.210173332989616843e-04	1.464168201378571160e-10	7.199999657506222974e-04
3.770000000000000284e+01	5.258900556947884221e-12	3.021500934898000009e-15	2.068054914986610609e-21	1.998982773659045524e-03	1.017221107147030935e-06	1.102802388244943563e-22	1.052377752121943430e-16	6.601700046491739877e-15	2.362515184585071449e-14	3.867230041493321778e-23	2.765603506787747432e-23	1.727999989258646382e-02	6.927898266617558976e-02	7.210173338246390591e-04	1.468065772026021388e-10	7.199999658872909686e-04
3.780000000000000426e+01	5.258791524586574608e-12	3.021438290270621453e-15	2.068012220390196779e-21	1.998982773662254762e-03	1.017221106399316624e-06	1.102802387434322423e-22	1.052355933225607374e-16	6.601563157175083727e-15	2.362465593638507244e-14	3.867148865540735266e-23	2.765488829909043145e-23	1.727999989205994055e-02	6.927898266564989915e-02	7.210173343503137235e-04	1.471963342670606728e-10	7.199999660239566040e-04
3.789999999999999858e+01	5.258690207702003686e-12	3.021380078569850977e-15	2.067972546994808459e-21	1.998982773665464001e-03	1.017221105651605913e-06	1.102802386623704810e-22	1.052335658301518795e-16	6.601435954568314978e-15	2.362419511894942667e-14	3.867073433840202386e-23	2.765382270058897208e-23	1.727999989153341381e-02	6.927898266512420855e-02	7.210173348759854606e-04	1.475860913312327179e-10	7.199999661606194205e-04
3.800000000000000000e+01	5.258596060303914615e-12	3.021325986097022380e-15	2.067935681003374037e-21	1.998982773668673239e-03	1.017221104903899226e-06	1.102802385813091429e-22	1.052316818089570990e-16	6.601317753185689495e-15	2.362376691023525080e-14	3.867003339896283329e-23	2.765283252546389931e-23	1.727999989100689054e-02	6.927898266459851795e-02	7.210173354016547040e-04	1.479758483951182741e-10	7.199999662972797433e-04
3.810000000000000142e+01	5.258508575039309620e-12	3.021275721352513500e-15	2.067901423748277923e-21	1.998982773671882478e-03	1.017221104156195715e-06	1.102802385002482045e-22	1.052299311061503867e-16	6.601207916050219412e-15	2.362336900266696882e-14	3.866938205979454928e-23	2.765191243376797331e-23	1.727999989048039850e-02	6.927898266407282735e-02	7.210173359273215621e-04	1.483656054587173157e-10	7.199999664339376809e-04
3.820000000000000284e+01	5.258427280458538895e-12	3.021229013464958886e-15	2.067869590620813952e-21	1.998982773675091716e-03	1.017221103408495168e-06	1.102802384191875481e-22	1.052283042873803398e-16	6.601105851261206016e-15	2.362299925196726055e-14	3.866877681090662835e-23	2.765105746388556504e-23	1.727999988995390993e-02	6.927898266354713674e-02	7.210173364529862518e-04	1.487553625220298943e-10	7.199999665705934500e-04
3.830000000000000426e+01	5.258351738473865724e-12	3.021185610731078513e-15	2.067840010076023153e-21	1.998982773678300955e-03	1.017221102660797586e-06	1.102802383381272210e-22	1.052267925859130876e-16	6.601011008803530885e-15	2.362265566559663951e-14	3.866821439068978983e-23	2.765026300551563484e-23	1.727999988942741788e-02	6.927898266302144614e-02	7.210173369786487731e-04	1.491451195850559841e-10	7.199999667072470508e-04
3.840000000000000568e+01	5.258281542000092113e-12	3.021145279260102761e-15	2.067812522708824778e-21	1.998982773681510193e-03	1.017221101913102545e-06	1.102802382570671759e-22	1.052253878554180423e-16	6.600922877585490294e-15	2.362233639202394122e-14	3.866769176835281367e-23	2.764952477495007525e-23	1.727999988890092931e-02	6.927898266249575554e-02	7.210173375043096682e-04	1.495348766477955850e-10	7.199999668438988084e-04
3.850000000000000000e+01	5.258216312758839351e-12	3.021107801712214213e-15	2.067786980394210835e-21	1.998982773684719431e-03	1.017221101165410046e-06	1.102802381760074129e-22	1.052240825260282723e-16	6.600840982682061613e-15	2.362203971073893075e-14	3.866720612757401776e-23	2.764883879176656156e-23	1.727999988837445461e-02	6.927898266197006494e-02	7.210173380299686116e-04	1.499246337102486713e-10	7.199999669805487229e-04
3.860000000000000142e+01	5.258155699240748187e-12	3.021072976127741211e-15	2.067763245489307353e-21	1.998982773687928670e-03	1.017221100417719875e-06	1.102802380949479321e-22	1.052228695635616938e-16	6.600764882776501176e-15	2.362176402298461337e-14	3.866675485133093321e-23	2.764820135746632820e-23	1.727999988784800073e-02	6.927898266144437434e-02	7.210173385556260372e-04	1.503143907724152945e-10	7.199999671171970110e-04
3.870000000000000284e+01	5.258099374811804722e-12	3.021040614839129732e-15	2.067741190091836065e-21	1.998982773691137908e-03	1.017221099670031823e-06	1.102802380138886158e-22	1.052217424316254995e-16	6.600694167782804284e-15	2.362150784314272513e-14	3.866633550779905060e-23	2.764760903539884114e-23	1.727999988732154685e-02	6.927898266091868373e-02	7.210173390812817280e-04	1.507041478342954548e-10	7.199999672538437813e-04
3.880000000000000426e+01	5.258047035952256724e-12	3.021010543459128305e-15	2.067720695350530294e-21	1.998982773694347147e-03	1.017221098922345676e-06	1.102802379328295817e-22	1.052206950563750054e-16	6.600628456634716631e-15	2.362126979072436185e-14	3.866594583724130228e-23	2.764705863229258346e-23	1.727999988679508950e-02	6.927898266039299313e-02	7.210173396069362263e-04	1.510939048958891004e-10	7.199999673904890337e-04
3.890000000000000568e+01	5.257998400620421302e-12	3.020982599940706808e-15	2.067701650824433361e-21	1.998982773697556385e-03	1.017221098174661223e-06	1.102802378517706651e-22	1.052197217937710297e-16	6.600567395231516045e-15	2.362104858293085983e-14	3.866558373983075785e-23	2.764654718092882109e-23	1.727999988626863562e-02	6.927898265986730253e-02	7.210173401325893150e-04	1.514836619571962830e-10	7.199999675271328767e-04
3.900000000000000000e+01	5.257953206734246252e-12	3.020956633704643358e-15	2.067683953888319245e-21	1.998982773700765624e-03	1.017221097426979099e-06	1.102802377707119836e-22	1.052188173991938589e-16	6.600510654531600745e-15	2.362084302774272748e-14	3.866524726433794866e-23	2.764607192421163253e-23	1.727999988574218174e-02	6.927898265934161193e-02	7.210173406582412112e-04	1.518734190182169768e-10	7.199999676637755270e-04
3.910000000000000142e+01	5.257911210757616390e-12	3.020932504827277629e-15	2.067667509179113364e-21	1.998982773703974862e-03	1.017221096679298246e-06	1.102802376896534902e-22	1.052179769991532651e-16	6.600457928777619351e-15	2.362065201749325305e-14	3.866493459761132183e-23	2.764563030021207067e-23	1.727999988521572786e-02	6.927898265881592132e-02	7.210173411838919147e-04	1.522631760789511817e-10	7.199999678004170931e-04
3.920000000000000284e+01	5.257872186388916846e-12	3.020910083287036664e-15	2.067652228082377957e-21	1.998982773707184100e-03	1.017221095931618876e-06	1.102802376085951848e-22	1.052171960650450269e-16	6.600408933849989594e-15	2.362047452290281663e-14	3.866464405481203841e-23	2.764521992840568658e-23	1.727999988468929132e-02	6.927898265829023072e-02	7.210173417095415340e-04	1.526529331393988978e-10	7.199999679370575750e-04
3.930000000000000426e+01	5.257835923340267968e-12	3.020889248263035378e-15	2.067638028254273709e-21	1.998982773710393339e-03	1.017221095183941199e-06	1.102802375275370205e-22	1.052164703887215342e-16	6.600363405734221252e-15	2.362030958752676083e-14	3.866437407032555061e-23	2.764483859676850495e-23	1.727999988416287214e-02	6.927898265776454012e-02	7.210173422351901775e-04	1.530426901995601768e-10	7.199999680736970812e-04
3.940000000000000568e+01	5.257802226205602156e-12	3.020869887484728973e-15	2.067624833178333676e-21	1.998982773713602577e-03	1.017221094436264581e-06	1.102802374464789268e-22	1.052157960598405102e-16	6.600321099099791903e-15	2.362015632260676077e-14	3.866412318933383048e-23	2.764448424989520953e-23	1.727999988363645295e-02	6.927898265723884952e-02	7.210173427608378453e-04	1.534324472594349669e-10	7.199999682103356115e-04
3.950000000000000000e+01	5.257770913406109560e-12	3.020851896626023590e-15	2.067612571752524347e-21	1.998982773716811816e-03	1.017221093688588599e-06	1.102802373654209976e-22	1.052151694447619467e-16	6.600281785976178009e-15	2.362001390227379561e-14	3.866389005996302052e-23	2.764415497786014098e-23	1.727999988311003376e-02	6.927898265671315892e-02	7.210173432864848625e-04	1.538222043190232165e-10	7.199999683469733829e-04
3.960000000000000142e+01	5.257741816213238414e-12	3.020835178743944187e-15	2.067601177906675458e-21	1.998982773720021054e-03	1.017221092940914310e-06	1.102802372843632330e-22	1.052145871669972341e-16	6.600245254526241676e-15	2.361988155910582661e-14	3.866367342601174932e-23	2.764384900595924554e-23	1.727999988258361458e-02	6.927898265618746831e-02	7.210173438121311208e-04	1.542119613783250289e-10	7.199999684836101786e-04
3.970000000000000284e+01	5.257714777837889216e-12	3.020819643755322358e-15	2.067590590245824853e-21	1.998982773723230293e-03	1.017221092193241504e-06	1.102802372033055389e-22	1.052140460889822716e-16	6.600211307902713668e-15	2.361975857998531822e-14	3.866347212017026881e-23	2.764356468509555389e-23	1.727999988205719539e-02	6.927898265566177771e-02	7.210173443377762949e-04	1.546017184373403784e-10	7.199999686202463237e-04
3.980000000000000426e+01	5.257689652587154976e-12	3.020805207952311098e-15	2.067580751720021929e-21	1.998982773726439531e-03	1.017221091445568910e-06	1.102802371222478918e-22	1.052135432952031777e-16	6.600179763189492375e-15	2.361964430226120251e-14	3.866328505773791894e-23	2.764330048292351220e-23	1.727999988153077274e-02	6.927898265513608711e-02	7.210173448634211437e-04	1.549914754960692390e-10	7.199999687568819267e-04
3.990000000000000568e+01	5.257666305077387310e-12	3.020791793550244047e-15	2.067571609316185615e-21	1.998982773729648769e-03	1.017221090697897586e-06	1.102802370411904564e-22	1.052130760764481983e-16	6.600150450413656265e-15	2.361953811017361642e-14	3.866311123077078802e-23	2.764305497554657718e-23	1.727999988100435355e-02	6.927898265461039651e-02	7.210173453890652336e-04	1.553812325545116367e-10	7.199999688935166623e-04
4.000000000000000000e+01	5.257644609505631263e-12	3.020779328269041439e-15	2.067563113772805315e-21	1.998982773732858008e-03	1.017221089950226897e-06	1.102802369601330914e-22	1.052126419152284602e-16	6.600123211630755217e-15	2.361943943153719603e-14	3.866294970265249804e-23	2.764282683986473023e-23	1.727999988047793437e-02	6.927898265408470591e-02	7.210173459147086730e-04	1.557709896126675196e-10	7.199999690301510727e-04
4.010000000000000142e+01	5.257624448971693442e-12	3.020767744943707269e-15	2.067555219314489077e-21	1.998982773736067246e-03	1.017221089202556844e-06	1.102802368790757500e-22	1.052122384722114985e-16	6.600097900073677720e-15	2.361934773465911064e-14	3.866279960304937089e-23	2.764261484642527364e-23	1.727999987995151518e-02	6.927898265355901530e-02	7.210173464403516787e-04	1.561607466705369655e-10	7.199999691667845073e-04
4.020000000000000284e+01	5.257605714847827970e-12	3.020756981162177056e-15	2.067547883405141379e-21	1.998982773739276485e-03	1.017221088454887849e-06	1.102802367980185261e-22	1.052118635736077532e-16	6.600074379361286126e-15	2.361926252547108316e-14	3.866266012321571548e-23	2.764241785280138253e-23	1.727999987942509599e-02	6.927898265303332470e-02	7.210173469659941423e-04	1.565505037281199225e-10	7.199999693034178335e-04
4.030000000000000426e+01	5.257588306192985979e-12	3.020746978928778738e-15	2.067541066518597661e-21	1.998982773742485723e-03	1.017221087707219490e-06	1.102802367169613727e-22	1.052115151994490448e-16	6.600052522763028679e-15	2.361918334486701298e-14	3.866253051163584115e-23	2.764223479741751519e-23	1.727999987889867681e-02	6.927898265250763410e-02	7.210173474916359553e-04	1.569402607854164165e-10	7.199999694400504007e-04
4.040000000000000568e+01	5.257572129209820816e-12	3.020737684352252779e-15	2.067534731925999024e-21	1.998982773745694962e-03	1.017221086959551131e-06	1.102802366359041959e-22	1.052111914727223241e-16	6.600032212517198034e-15	2.361910976623176506e-14	3.866241006997886419e-23	2.764206469384450387e-23	1.727999987837225762e-02	6.927898265198194350e-02	7.210173480172778768e-04	1.573300178424264216e-10	7.199999695766826427e-04
4.050000000000000000e+01	5.257557096738111005e-12	3.020729047354701144e-15	2.067528845497436120e-21	1.998982773748904200e-03	1.017221086211884042e-06	1.102802365548472071e-22	1.052108906492325869e-16	6.600013339194942917e-15	2.361904139313749729e-14	3.866229814932779252e-23	2.764190662546148214e-23	1.727999987784583844e-02	6.927898265145625289e-02	7.210173485429187141e-04	1.577197748991499380e-10	7.199999697133145594e-04
4.060000000000000142e+01	5.257543127786197161e-12	3.020721021402371560e-15	2.067523375518459559e-21	1.998982773752113438e-03	1.017221085464217377e-06	1.102802364737902418e-22	1.052106111082261781e-16	6.599995801111982993e-15	2.361897785721254959e-14	3.866219414669108163e-23	2.764175974053235029e-23	1.727999987731942272e-02	6.927898265093056229e-02	7.210173490685594429e-04	1.581095319555869913e-10	7.199999698499458256e-04
4.070000000000000284e+01	5.257530147093055289e-12	3.020713563254055062e-15	2.067518292518608950e-21	1.998982773755322677e-03	1.017221084716550924e-06	1.102802363927333000e-22	1.052103513436274096e-16	6.599979503778809104e-15	2.361891881615046945e-14	3.866209750174362938e-23	2.764162324759250663e-23	1.727999987679303823e-02	6.927898265040487169e-02	7.210173495942002802e-04	1.584992890117375817e-10	7.199999699865769834e-04
4.080000000000000426e+01	5.257518084724043766e-12	3.020706632728798798e-15	2.067513569113101460e-21	1.998982773758531915e-03	1.017221083968885105e-06	1.102802363116764288e-22	1.052101099559483728e-16	6.599964359393106495e-15	2.361886395186899988e-14	3.866200769381320230e-23	2.764149641120073430e-23	1.727999987626665374e-02	6.927898264987918109e-02	7.210173501198400333e-04	1.588890460676016832e-10	7.199999701232080327e-04
4.090000000000000568e+01	5.257506875693593462e-12	3.020700192489152692e-15	2.067509179855103960e-21	1.998982773761741154e-03	1.017221083221220134e-06	1.102802362306196046e-22	1.052098856447391203e-16	6.599950286366097485e-15	2.361881296879747815e-14	3.866192423907698731e-23	2.764137854796553081e-23	1.727999987574026924e-02	6.927898264935349049e-02	7.210173506454796780e-04	1.592788031231793218e-10	7.199999702598381063e-04
4.100000000000000000e+01	5.257496459614743275e-12	3.020694207839791397e-15	2.067505101098488697e-21	1.998982773764950392e-03	1.017221082473555163e-06	1.102802361495628274e-22	1.052096772015741751e-16	6.599937208882506963e-15	2.361876559227923472e-14	3.866184668794653413e-23	2.764126902286183169e-23	1.727999987521388475e-02	6.927898264882779988e-02	7.210173511711194310e-04	1.596685601784704456e-10	7.199999703964682883e-04
4.110000000000000142e+01	5.257486780373524196e-12	3.020688646540437513e-15	2.067501310870330717e-21	1.998982773768159631e-03	1.017221081725889980e-06	1.102802360685060267e-22	1.052094835035363052e-16	6.599925056491767569e-15	2.361872156709405992e-14	3.866177462264916391e-23	2.764116724580246368e-23	1.727999987468750026e-02	6.927898264830210928e-02	7.210173516967590757e-04	1.600583172334751323e-10	7.199999705330983619e-04
4.120000000000000284e+01	5.257477785827275067e-12	3.020683478632528330e-15	2.067497788752777260e-21	1.998982773771368869e-03	1.017221080978226068e-06	1.102802359874493670e-22	1.052093035071796671e-16	6.599913763729244187e-15	2.361868065608240839e-14	3.866170765497585131e-23	2.764107266846747212e-23	1.727999987416111577e-02	6.927898264777641868e-02	7.210173522223976362e-04	1.604480742881933302e-10	7.199999706697284355e-04
4.130000000000000426e+01	5.257469427523347057e-12	3.020678676277599138e-15	2.067494515772901877e-21	1.998982773774578107e-03	1.017221080230562368e-06	1.102802359063927309e-22	1.052091362429006048e-16	6.599903269763086159e-15	2.361864263886925571e-14	3.866164542419234756e-23	2.764098478134273919e-23	1.727999987363473128e-02	6.927898264725072808e-02	7.210173527480361966e-04	1.608378313426250910e-10	7.199999708063574248e-04
4.140000000000000568e+01	5.257461660437656420e-12	3.020674213607065568e-15	2.067491474300320559e-21	1.998982773777787346e-03	1.017221079482898879e-06	1.102802358253361183e-22	1.052089808097058141e-16	6.599893518065973583e-15	2.361860731067297833e-14	3.866158759508943501e-23	2.764090311097202480e-23	1.727999987310834679e-02	6.927898264672503748e-02	7.210173532736747571e-04	1.612275883967703629e-10	7.199999709429865226e-04
4.150000000000000000e+01	5.257454442732195372e-12	3.020670066582902874e-15	2.067488647952243771e-21	1.998982773780996584e-03	1.017221078735235178e-06	1.102802357442794351e-22	1.052088363703595161e-16	6.599884456110669076e-15	2.361857448120352318e-14	3.866153385617927793e-23	2.764082721740455705e-23	1.727999987258196229e-02	6.927898264619934687e-02	7.210173537993134259e-04	1.616173454506291201e-10	7.199999710796155120e-04
4.160000000000000142e+01	5.257447735529750581e-12	3.020666212868211602e-15	2.067486021505260958e-21	1.998982773784205823e-03	1.017221077987571266e-06	1.102802356632227990e-22	1.052087021468756599e-16	6.599876035087193776e-15	2.361854397363686638e-14	3.866148391801672263e-23	2.764075669182701640e-23	1.727999987205557780e-02	6.927898264567365627e-02	7.210173543249519864e-04	1.620071025042014402e-10	7.199999712162445014e-04
4.170000000000000284e+01	5.257441502704662014e-12	3.020662631706995978e-15	2.067483580813402760e-21	1.998982773787415061e-03	1.017221077239908624e-06	1.102802355821662334e-22	1.052085774163304147e-16	6.599868209640112211e-15	2.361851562366338194e-14	3.866143751164159692e-23	2.764069115436149976e-23	1.727999987152919331e-02	6.927898264514796567e-02	7.210173548505900048e-04	1.623968595574872973e-10	7.199999713528734907e-04
4.180000000000000426e+01	5.257435710686629267e-12	3.020659303811441997e-15	2.067481312731322741e-21	1.998982773790624300e-03	1.017221076492246194e-06	1.102802355011097383e-22	1.052084615069362554e-16	6.599860937622223102e-15	2.361848927859791202e-14	3.866139438712191409e-23	2.764063025200311569e-23	1.727999987100280882e-02	6.927898264462227507e-02	7.210173553762274810e-04	1.627866166104866656e-10	7.199999714895022633e-04
4.190000000000000568e+01	5.257430328281981586e-12	3.020656211259228640e-15	2.067479205044306380e-21	1.998982773793833538e-03	1.017221075744584399e-06	1.102802354200532902e-22	1.052083537944652058e-16	6.599854179870159988e-15	2.361846479656221353e-14	3.866135431221564906e-23	2.764057365673921689e-23	1.727999987047642433e-02	6.927898264409658446e-02	7.210173559018649573e-04	1.631763736631995450e-10	7.199999716261301684e-04
4.200000000000000000e+01	5.257425326504160768e-12	3.020653337396131550e-15	2.067477246401891567e-21	1.998982773797042777e-03	1.017221074996922181e-06	1.102802353389968186e-22	1.052082536988567242e-16	6.599847899991566023e-15	2.361844204571781302e-14	3.866131707111501647e-23	2.764052106376745071e-23	1.727999986995003984e-02	6.927898264357089386e-02	7.210173564275024335e-04	1.635661307156259356e-10	7.199999717627580736e-04
4.210000000000000142e+01	5.257420678418023800e-12	3.020650666746565028e-15	2.067475426256903896e-21	1.998982773800252015e-03	1.017221074249260175e-06	1.102802352579403236e-22	1.052081606811017277e-16	6.599842064169617398e-15	2.361842090355666611e-14	3.866128246328525273e-23	2.764047218985745506e-23	1.727999986942365535e-02	6.927898264304520326e-02	7.210173569531399098e-04	1.639558877677658891e-10	7.199999718993860872e-04
4.220000000000000284e+01	5.257416358994376200e-12	3.020648184930009715e-15	2.067473734808492766e-21	1.998982773803461253e-03	1.017221073501598168e-06	1.102802351768838755e-22	1.052080742403319789e-16	6.599836640980398095e-15	2.361840125623997213e-14	3.866125030238242070e-23	2.764042677182173419e-23	1.727999986889727085e-02	6.927898264251951266e-02	7.210173574787773860e-04	1.643456448196193796e-10	7.199999720360139924e-04
4.230000000000000426e+01	5.257412344975198124e-12	3.020645878583568926e-15	2.067472162949360905e-21	1.998982773806670492e-03	1.017221072753935738e-06	1.102802350958273804e-22	1.052079939111226252e-16	6.599831601223667928e-15	2.361838299798321603e-14	3.866122041524671624e-23	2.764038456509763045e-23	1.727999986837088636e-02	6.927898264199382206e-02	7.210173580044149707e-04	1.647354018711863812e-10	7.199999721726418975e-04
4.240000000000000568e+01	5.257408614748294997e-12	3.020643735289959464e-15	2.067470702216674972e-21	1.998982773809879730e-03	1.017221072006273732e-06	1.102802350147709089e-22	1.052079192609842005e-16	6.599826917765522655e-15	2.361836603048908466e-14	3.866119264097419804e-23	2.764034534242964218e-23	1.727999986784450187e-02	6.927898264146813145e-02	7.210173585300524469e-04	1.651251589224668940e-10	7.199999723092698027e-04
4.250000000000000000e+01	5.257405148231064908e-12	3.020641743510723099e-15	2.067469344746556812e-21	1.998982773813088969e-03	1.017221071258611725e-06	1.102802349337144373e-22	1.052078498880364223e-16	6.599822565392436564e-15	2.361835026241580295e-14	3.866116683004653971e-23	2.764030889264653343e-23	1.727999986731811738e-02	6.927898264094244085e-02	7.210173590556899232e-04	1.655149159734609438e-10	7.199999724458977079e-04
4.260000000000000142e+01	5.257401926761983658e-12	3.020639892523882500e-15	2.067468083231585854e-21	1.998982773816298207e-03	1.017221070510949930e-06	1.102802348526580127e-22	1.052077854188366919e-16	6.599818520675043556e-15	2.361833560888676848e-14	3.866114284352833174e-23	2.764027501952066359e-23	1.727999986679173289e-02	6.927898264041675025e-02	7.210173595813270742e-04	1.659046730241685307e-10	7.199999725825256131e-04
4.270000000000000284e+01	5.257398932999880980e-12	3.020638172366069608e-15	2.067466910881365318e-21	1.998982773819507446e-03	1.017221069763289406e-06	1.102802347716017057e-22	1.052077255063644933e-16	6.599814761841659071e-15	2.361832199102944968e-14	3.866112055231226717e-23	2.764024354070829690e-23	1.727999986626534840e-02	6.927898263989105965e-02	7.210173601069634662e-04	1.662944300745896545e-10	7.199999727191535182e-04
4.280000000000000426e+01	5.257396150830695315e-12	3.020636573778953698e-15	2.067465821386004784e-21	1.998982773822716684e-03	1.017221069015628882e-06	1.102802346905453987e-22	1.052076698281555025e-16	6.599811268661235221e-15	2.361830933555284666e-14	3.866109983642751597e-23	2.764021428676943996e-23	1.727999986573896390e-02	6.927898263936536905e-02	7.210173606325998583e-04	1.666841871247242895e-10	7.199999728557814234e-04
4.290000000000000568e+01	5.257393565281338783e-12	3.020635088159744698e-15	2.067464808882389326e-21	1.998982773825925922e-03	1.017221068267968358e-06	1.102802346094890917e-22	1.052076180845777665e-16	6.599808022335185867e-15	2.361829757435464479e-14	3.866108058439667088e-23	2.764018710026163554e-23	1.727999986521257941e-02	6.927898263883967844e-02	7.210173611582362503e-04	1.670739441745724616e-10	7.199999729924085696e-04
4.300000000000000000e+01	5.257391162437764294e-12	3.020633707514129743e-15	2.067463867922104133e-21	1.998982773829135161e-03	1.017221067520307622e-06	1.102802345284327847e-22	1.052075699971921915e-16	6.599805005394564128e-15	2.361828664415108436e-14	3.866106269262989763e-23	2.764016183487873077e-23	1.727999986468619492e-02	6.927898263831398784e-02	7.210173616838726424e-04	1.674637012241341448e-10	7.199999731290353906e-04
4.310000000000000142e+01	5.257388929370661467e-12	3.020632424413574111e-15	2.067462993442331524e-21	1.998982773832344399e-03	1.017221066772647098e-06	1.102802344473765012e-22	1.052075253072656141e-16	6.599802201606736189e-15	2.361827648613593280e-14	3.866104606486659271e-23	2.764013835466919098e-23	1.727999986415981043e-02	6.927898263778829724e-02	7.210173622095090344e-04	1.678534582734093650e-10	7.199999732656622116e-04
4.320000000000000284e+01	5.257386854066029198e-12	3.020631231955435229e-15	2.067462180738668251e-21	1.998982773835553638e-03	1.017221066024986362e-06	1.102802343663201472e-22	1.052074837743815061e-16	6.599799595888233468e-15	2.361826704566557145e-14	3.866103061166007607e-23	2.764011653330631758e-23	1.727999986363342594e-02	6.927898263726260664e-02	7.210173627351454265e-04	1.682432153223981222e-10	7.199999734022890325e-04
4.330000000000000426e+01	5.257384925359276666e-12	3.020630123725096959e-15	2.067461425439321800e-21	1.998982773838762876e-03	1.017221065277325837e-06	1.102802342852638402e-22	1.052074451751211470e-16	6.599797174222018465e-15	2.361825827196194523e-14	3.866101624989117743e-23	2.764009625339498264e-23	1.727999986310704145e-02	6.927898263673691603e-02	7.210173632607818186e-04	1.686329723711003906e-10	7.199999735389158535e-04
4.340000000000000568e+01	5.257383132876713229e-12	3.020629093762357017e-15	2.067460723482194837e-21	1.998982773841972115e-03	1.017221064529665101e-06	1.102802342042075332e-22	1.052074093018928069e-16	6.599794923584013414e-15	2.361825011784136805e-14	3.866100290232441075e-23	2.764007740585656908e-23	1.727999986258065696e-02	6.927898263621122543e-02	7.210173637864182106e-04	1.690227294195162218e-10	7.199999736755426745e-04
4.350000000000000000e+01	5.257381466977937396e-12	3.020628136528323221e-15	2.067460071092331887e-21	1.998982773845181353e-03	1.017221063782004577e-06	1.102802341231512732e-22	1.052073759617788996e-16	6.599792831870790131e-15	2.361824253945806726e-14	3.866099049718818758e-23	2.764005988932310326e-23	1.727999986205427246e-02	6.927898263568553483e-02	7.210173643120546027e-04	1.694124864676455125e-10	7.199999738121694954e-04
4.360000000000000142e+01	5.257379918705214828e-12	3.020627246876328581e-15	2.067459464762091284e-21	1.998982773848390591e-03	1.017221063034344265e-06	1.102802340420949662e-22	1.052073449755228886e-16	6.599790887835985465e-15	2.361823549606859828e-14	3.866097896778909617e-23	2.764004360960485595e-23	1.727999986152788797e-02	6.927898263515984423e-02	7.210173648376909947e-04	1.698022435154883661e-10	7.199999739487964248e-04
4.370000000000000284e+01	5.257378479734815237e-12	3.020626420023976433e-15	2.067458901232096148e-21	1.998982773851599830e-03	1.017221062286683952e-06	1.102802339610386828e-22	1.052073161765556719e-16	6.599789081029243459e-15	2.361822894981527382e-14	3.866096825215750176e-23	2.764002847917876133e-23	1.727999986100150348e-02	6.927898263463415363e-02	7.210173653633273868e-04	1.701920005630447309e-10	7.199999740854232458e-04
4.380000000000000426e+01	5.257377142332036056e-12	3.020625651527293416e-15	2.067458377473615129e-21	1.998982773854809068e-03	1.017221061539023005e-06	1.102802338799823287e-22	1.052072894100951843e-16	6.599787401739709247e-15	2.361822286551788887e-14	3.866095829270654734e-23	2.764001441671536865e-23	1.727999986047511899e-02	6.927898263410846302e-02	7.210173658889637788e-04	1.705817576103146585e-10	7.199999742220500668e-04
4.390000000000000568e+01	5.257375899309121240e-12	3.020624937256554037e-15	2.067457890672090821e-21	1.998982773858018307e-03	1.017221060791362692e-06	1.102802337989260217e-22	1.052072645323046574e-16	6.599785840943226649e-15	2.361821721048578561e-14	3.866094903592452686e-23	2.764000134663639793e-23	1.727999985994873450e-02	6.927898263358277242e-02	7.210173664146001709e-04	1.709715146572980973e-10	7.199999743586768877e-04
4.400000000000000000e+01	5.257374743987387866e-12	3.020624273374523098e-15	2.067457438212307844e-21	1.998982773861227545e-03	1.017221060043702168e-06	1.102802337178697618e-22	1.052072414095345248e-16	6.599784390254765121e-15	2.361821195434145152e-14	3.866094043208619551e-23	2.763998919871646483e-23	1.727999985942235001e-02	6.927898263305708182e-02	7.210173669402365629e-04	1.713612717039950213e-10	7.199999744953037087e-04
4.410000000000000142e+01	5.257373670160790604e-12	3.020623656315515782e-15	2.067457017664122151e-21	1.998982773864436784e-03	1.017221059296041644e-06	1.102802336368134783e-22	1.052072199175933296e-16	6.599783041882696593e-15	2.361820706885850938e-14	3.866093243498746064e-23	2.763997790769994592e-23	1.727999985889596551e-02	6.927898263253139122e-02	7.210173674658729550e-04	1.717510287504055083e-10	7.199999746319305297e-04
4.420000000000000284e+01	5.257372672061740740e-12	3.020623082765765268e-15	2.067456626769079955e-21	1.998982773867646022e-03	1.017221058548380908e-06	1.102802335557571478e-22	1.052071999410637693e-16	6.599781788585868024e-15	2.361820252780480029e-14	3.866092500168863623e-23	2.763996741294161826e-23	1.727999985836958102e-02	6.927898263200570061e-02	7.210173679915094554e-04	1.721407857965295323e-10	7.199999747685573506e-04
4.430000000000000426e+01	5.257371744331645942e-12	3.020622549646492987e-15	2.067456263428882464e-21	1.998982773870855260e-03	1.017221057800720172e-06	1.102802334747007937e-22	1.052071813727130601e-16	6.599780623636610134e-15	2.361819830680761776e-14	3.866091809229376728e-23	2.763995765809677562e-23	1.727999985784319653e-02	6.927898263148001001e-02	7.210173685171458475e-04	1.725305428423670932e-10	7.199999749051841716e-04
4.440000000000000568e+01	5.257370881990912043e-12	3.020622054096672803e-15	2.067455925693636198e-21	1.998982773874064499e-03	1.017221057053059860e-06	1.102802333936445102e-22	1.052071641128927852e-16	6.599779540783091386e-15	2.361819438321828872e-14	3.866091166972900797e-23	2.763994859080590798e-23	1.727999985731681204e-02	6.927898263095431941e-02	7.210173690427822395e-04	1.729202998879181654e-10	7.199999750418109926e-04
4.450000000000000000e+01	5.257370080412132369e-12	3.020621593457630471e-15	2.067455611751355172e-21	1.998982773877273737e-03	1.017221056305399335e-06	1.102802333125882032e-22	1.052071480690021376e-16	6.599778534215647825e-15	2.361819073599069528e-14	3.866090569954375746e-23	2.763994016241267694e-23	1.727999985679042755e-02	6.927898263042862881e-02	7.210173695684186316e-04	1.733100569331827228e-10	7.199999751784378135e-04
4.460000000000000142e+01	5.257369335295230316e-12	3.020621165258754218e-15	2.067455319918232314e-21	1.998982773880482976e-03	1.017221055557738811e-06	1.102802332315318962e-22	1.052071331549907893e-16	6.599777598535570218e-15	2.361818734556684881e-14	3.866090014972330368e-23	2.763993232770261504e-23	1.727999985626404306e-02	6.927898262990293821e-02	7.210173700940550236e-04	1.736998139781608432e-10	7.199999753150646345e-04
4.470000000000000284e+01	5.257368642644823358e-12	3.020620767204498645e-15	2.067455048629765893e-21	1.998982773883692214e-03	1.017221054810078075e-06	1.102802331504755892e-22	1.052071192909056414e-16	6.599776728726691651e-15	2.361818419377408882e-14	3.866089499052063359e-23	2.763992504466507059e-23	1.727999985573765857e-02	6.927898262937724760e-02	7.210173706196914157e-04	1.740895710228525005e-10	7.199999754516914555e-04
4.480000000000000426e+01	5.257367998748022460e-12	3.020620397161625305e-15	2.067454796432075909e-21	1.998982773886901453e-03	1.017221054062417763e-06	1.102802330694193057e-22	1.052071064024467202e-16	6.599775920127517860e-15	2.361818126372590730e-14	3.866089019429404458e-23	2.763991827425978969e-23	1.727999985521127407e-02	6.927898262885155700e-02	7.210173711453278077e-04	1.744793280672576949e-10	7.199999755883182764e-04
4.490000000000000568e+01	5.257367400154952130e-12	3.020620053148007182e-15	2.067454561974272967e-21	1.998982773890110691e-03	1.017221053314757239e-06	1.102802329883629987e-22	1.052070944205773073e-16	6.599775168406758348e-15	2.361817853973090160e-14	3.866088573535810931e-23	2.763991198021204522e-23	1.727999985468488958e-02	6.927898262832586640e-02	7.210173716709641998e-04	1.748690851113764004e-10	7.199999757249450974e-04
4.500000000000000000e+01	5.257366843659552403e-12	3.020619733321601209e-15	2.067454344000936626e-21	1.998982773893319929e-03	1.017221052567096503e-06	1.102802329073066917e-22	1.052070832811397274e-16	6.599774469539232990e-15	2.361817600720733128e-14	3.866088158984383314e-23	2.763990612881081037e-23	1.727999985415850509e-02	6.927898262780017580e-02	7.210173721966005918e-04	1.752588421552086171e-10	7.199999758615719184e-04
4.510000000000000142e+01	5.257366326283015839e-12	3.020619435970935788e-15	2.067454141345635312e-21	1.998982773896529168e-03	1.017221051819436190e-06	1.102802328262504318e-22	1.052070729245240513e-16	6.599773819785082397e-15	2.361817365260619477e-14	3.866087773557269395e-23	2.763990068873457383e-23	1.727999985363212060e-02	6.927898262727448520e-02	7.210173727222369839e-04	1.756485991987543966e-10	7.199999759981987393e-04
4.520000000000000284e+01	5.257365845256550014e-12	3.020619159505201115e-15	2.067453952924176921e-21	1.998982773899738406e-03	1.017221051071775243e-06	1.102802327451941013e-22	1.052070632953229324e-16	6.599773215668112892e-15	2.361817146333571322e-14	3.866087415193306832e-23	2.763989563087013151e-23	1.727999985310573611e-02	6.927898262674879459e-02	7.210173732478733759e-04	1.760383562420136873e-10	7.199999761348255603e-04
4.530000000000000426e+01	5.257365398008232301e-12	3.020618902446698606e-15	2.067453777729453940e-21	1.998982773902947645e-03	1.017221050324114718e-06	1.102802326641377943e-22	1.052070543420686323e-16	6.599772653959291178e-15	2.361816942769633788e-14	3.866087081977386695e-23	2.763989092817426019e-23	1.727999985257935162e-02	6.927898262622310399e-02	7.210173737735097680e-04	1.764281132849865150e-10	7.199999762714523813e-04
4.540000000000000568e+01	5.257364982147494574e-12	3.020618663421927943e-15	2.067453614825376395e-21	1.998982773906156883e-03	1.017221049576454618e-06	1.102802325830814873e-22	1.052070460169226906e-16	6.599772131657290232e-15	2.361816753481649893e-14	3.866086772129925735e-23	2.763988655551072354e-23	1.727999985205296712e-02	6.927898262569741339e-02	7.210173742991461601e-04	1.768178703276728539e-10	7.199999764080792022e-04
4.550000000000000000e+01	5.257364595453278530e-12	3.020618441154780790e-15	2.067453463342230435e-21	1.998982773909366122e-03	1.017221048828793670e-06	1.102802325020251803e-22	1.052070382754386747e-16	6.599771645973590883e-15	2.361816577459362395e-14	3.866086483997227332e-23	2.763988248952562264e-23	1.727999985152658263e-02	6.927898262517172279e-02	7.210173748247825521e-04	1.772076273700727298e-10	7.199999765447060232e-04
4.560000000000000142e+01	5.257364235861683725e-12	3.020618234459441827e-15	2.067453322471839055e-21	1.998982773912575360e-03	1.017221048081133146e-06	1.102802324209688968e-22	1.052070310763151187e-16	6.599771194316975963e-15	2.361816413764043857e-14	3.866086216042675866e-23	2.763987870851750976e-23	1.727999985100019814e-02	6.927898262464603218e-02	7.210173753504189442e-04	1.775973844121861427e-10	7.199999766813328442e-04
4.570000000000000284e+01	5.257363901454521938e-12	3.020618042233817940e-15	2.067453191463084686e-21	1.998982773915784598e-03	1.017221047333472833e-06	1.102802323399125898e-22	1.052070243811664577e-16	6.599770774279189602e-15	2.361816261523321401e-14	3.866085966838276686e-23	2.763987519231711763e-23	1.727999985047381365e-02	6.927898262412034158e-02	7.210173758760553362e-04	1.779871414540130668e-10	7.199999768179596651e-04
4.580000000000000426e+01	5.257363590449974236e-12	3.020617863454163310e-15	2.067453069618249553e-21	1.998982773918993837e-03	1.017221046585812309e-06	1.102802322588562828e-22	1.052070181543360432e-16	6.599770383623166632e-15	2.361816119926663799e-14	3.866085735057261073e-23	2.763987192218905878e-23	1.727999984994742916e-02	6.927898262359465098e-02	7.210173764016917283e-04	1.783768984955535279e-10	7.199999769545864861e-04
4.590000000000000568e+01	5.257363301191816622e-12	3.020617697168895933e-15	2.067452956288794052e-21	1.998982773922203075e-03	1.017221045838151785e-06	1.102802321778000228e-22	1.052070123626805868e-16	6.599770020269533607e-15	2.361815988220867288e-14	3.866085519466701786e-23	2.763986888071851958e-23	1.727999984942104467e-02	6.927898262306896038e-02	7.210173769273281203e-04	1.787666555368075260e-10	7.199999770912133071e-04
4.600000000000000000e+01	5.257363032140870348e-12	3.020617542493679856e-15	2.067452850872012322e-21	1.998982773925412314e-03	1.017221045090491473e-06	1.102802320967437393e-22	1.052070069753990391e-16	6.599769682285870030e-15	2.361815865705853473e-14	3.866085318920633480e-23	2.763986605172144074e-23	1.727999984889466017e-02	6.927898262254326978e-02	7.210173774529645124e-04	1.791564125777750353e-10	7.199999772278401280e-04
4.610000000000000142e+01	5.257362781867364227e-12	3.020617398607041482e-15	2.067452752808038412e-21	1.998982773928621552e-03	1.017221044342830948e-06	1.102802320156874088e-22	1.052070019638797109e-16	6.599769367877111080e-15	2.361815751731304671e-14	3.866085132354544927e-23	2.763986342016414877e-23	1.727999984836827568e-02	6.927898262201757917e-02	7.210173779786009044e-04	1.795461696184560816e-10	7.199999773644669490e-04
4.620000000000000284e+01	5.257362549042539233e-12	3.020617264745540553e-15	2.067452661576561656e-21	1.998982773931830791e-03	1.017221043595169789e-06	1.102802319346310783e-22	1.052069973015322583e-16	6.599769075375009213e-15	2.361815645692896630e-14	3.866084958779208848e-23	2.763986097207506458e-23	1.727999984784189119e-02	6.927898262149188857e-02	7.210173785042372965e-04	1.799359266588506390e-10	7.199999775010937700e-04
4.630000000000000426e+01	5.257362332431390477e-12	3.020617140199607335e-15	2.067452576693983304e-21	1.998982773935040029e-03	1.017221042847509688e-06	1.102802318535747948e-22	1.052069929636426426e-16	6.599768803229028343e-15	2.361815547028902957e-14	3.866084797275131228e-23	2.763985869446841981e-23	1.727999984731550670e-02	6.927898262096619797e-02	7.210173790298736885e-04	1.803256836989587594e-10	7.199999776377205910e-04
4.640000000000000568e+01	5.257362130886893909e-12	3.020617024310217172e-15	2.067452497711154675e-21	1.998982773938249267e-03	1.017221042099848741e-06	1.102802317725184643e-22	1.052069889272573166e-16	6.599768549999088687e-15	2.361815455217584303e-14	3.866084646988271927e-23	2.763985657528357774e-23	1.727999984678912221e-02	6.927898262044050737e-02	7.210173795555100806e-04	1.807154407387803908e-10	7.199999777743474119e-04
4.650000000000000000e+01	5.257361943342643273e-12	3.020616916464668110e-15	2.067452424210498046e-21	1.998982773941458506e-03	1.017221041352188640e-06	1.102802316914621808e-22	1.052069851710360767e-16	6.599768314346330785e-15	2.361815369773978328e-14	3.866084507124789048e-23	2.763985460330753305e-23	1.727999984626273772e-02	6.927898261991481677e-02	7.210173800811464726e-04	1.811051977783155076e-10	7.199999779109742329e-04
4.660000000000000142e+01	5.257361768808116443e-12	3.020616816093853410e-15	2.067452355804143915e-21	1.998982773944667744e-03	1.017221040604527904e-06	1.102802316104058738e-22	1.052069816751570793e-16	6.599768095027158018e-15	2.361815290247507562e-14	3.866084376947128063e-23	2.763985276812519418e-23	1.727999984573635323e-02	6.927898261938912616e-02	7.210173806067828647e-04	1.814949548175641614e-10	7.199999780476010539e-04
4.670000000000000284e+01	5.257361606362485299e-12	3.020616722668714434e-15	2.067452292131521334e-21	1.998982773947876983e-03	1.017221039856867380e-06	1.102802315293495668e-22	1.052069784211934581e-16	6.599767890885484474e-15	2.361815216219402355e-14	3.866084255769800619e-23	2.763985106005432569e-23	1.727999984520996873e-02	6.927898261886343556e-02	7.210173811324192567e-04	1.818847118565263781e-10	7.199999781842278748e-04
4.680000000000000426e+01	5.257361455150283529e-12	3.020616635697741139e-15	2.067452232857647891e-21	1.998982773951086221e-03	1.017221039109207279e-06	1.102802314482933538e-22	1.052069753920260934e-16	6.599767700847281552e-15	2.361815147300566846e-14	3.866084142955892136e-23	2.763984947009990373e-23	1.727999984468358424e-02	6.927898261833774496e-02	7.210173816580554319e-04	1.822744688952021060e-10	7.199999783208546958e-04
4.690000000000000568e+01	5.257361314376541288e-12	3.020616554724183455e-15	2.067452177671231239e-21	1.998982773954295460e-03	1.017221038361547814e-06	1.102802313672371409e-22	1.052069725717464955e-16	6.599767523914462714e-15	2.361815083129424746e-14	3.866084037913533570e-23	2.763984798990304088e-23	1.727999984415719975e-02	6.927898261781205436e-02	7.210173821836909566e-04	1.826642259335913708e-10	7.199999784574815168e-04
4.700000000000000000e+01	5.257361183302701804e-12	3.020616479323704031e-15	2.067452126283070806e-21	1.998982773957504698e-03	1.017221037613888984e-06	1.102802312861809984e-22	1.052069699455752446e-16	6.599767359159783497e-15	2.361815023370047843e-14	3.866083940092842180e-23	2.763984661169798064e-23	1.727999984363081526e-02	6.927898261728636375e-02	7.210173827093262645e-04	1.830539829716941210e-10	7.199999785941083377e-04
4.710000000000000142e+01	5.257361061241896592e-12	3.020616409101664548e-15	2.067452078424205960e-21	1.998982773960713936e-03	1.017221036866230153e-06	1.102802312051249030e-22	1.052069674997671420e-16	6.599767205720888769e-15	2.361814967710055739e-14	3.866083848982475573e-23	2.763984532826253863e-23	1.727999984310443077e-02	6.927898261676067315e-02	7.210173832349615723e-04	1.834437400095104340e-10	7.199999787307351587e-04
4.720000000000000284e+01	5.257360947556960703e-12	3.020616343691977931e-15	2.067452033845135110e-21	1.998982773963923175e-03	1.017221036118570688e-06	1.102802311240687136e-22	1.052069652215715699e-16	6.599767062797815986e-15	2.361814915859583702e-14	3.866083764107954858e-23	2.763984413289702592e-23	1.727999984257804628e-02	6.927898261623498255e-02	7.210173837605968802e-04	1.838334970470402841e-10	7.199999788673619797e-04
4.730000000000000426e+01	5.257360841654658621e-12	3.020616282753803811e-15	2.067451992313562892e-21	1.998982773967132413e-03	1.017221035370911646e-06	1.102802310430125946e-22	1.052069630991171456e-16	6.599766929645771590e-15	2.361814867548896838e-14	3.866083685027744963e-23	2.763984301936378166e-23	1.727999984205166178e-02	6.927898261570929195e-02	7.210173842862321880e-04	1.842232540842836453e-10	7.199999790039888006e-04
4.740000000000000568e+01	5.257360742984495185e-12	3.020616225970854719e-15	2.067451953613927342e-21	1.998982773970341652e-03	1.017221034623252816e-06	1.102802309619564522e-22	1.052069611213876729e-16	6.599766805573607721e-15	2.361814822527572832e-14	3.866083611331929258e-23	2.763984198187448948e-23	1.727999984152527729e-02	6.927898261518360135e-02	7.210173848118674959e-04	1.846130111212405435e-10	7.199999791406156216e-04
4.750000000000000000e+01	5.257360651035028824e-12	3.020616173049281544e-15	2.067451917545961085e-21	1.998982773973550890e-03	1.017221033875593774e-06	1.102802308809003098e-22	1.052069592781485568e-16	6.599766689939218424e-15	2.361814780562958931e-14	3.866083542639675788e-23	2.763984101505146254e-23	1.727999984099889280e-02	6.927898261465791074e-02	7.210173853375028037e-04	1.850027681579109270e-10	7.199999792772424426e-04
4.760000000000000142e+01	5.257360565330068459e-12	3.020616123715488392e-15	2.067451883923197991e-21	1.998982773976760129e-03	1.017221033127935156e-06	1.102802307998441909e-22	1.052069575598705178e-16	6.599766582144748106e-15	2.361814741438535220e-14	3.866083478596559487e-23	2.763984011388770030e-23	1.727999984047250831e-02	6.927898261413222014e-02	7.210173858631381116e-04	1.853925251942948993e-10	7.199999794138692635e-04
4.770000000000000284e+01	5.257360485428006275e-12	3.020616077715750776e-15	2.067451852572714002e-21	1.998982773979969367e-03	1.017221032380276114e-06	1.102802307187880484e-22	1.052069559577164155e-16	6.599766481635765601e-15	2.361814704953451719e-14	3.866083418873806339e-23	2.763983927373980022e-23	1.727999983994612382e-02	6.927898261360652954e-02	7.210173863887734194e-04	1.857822822303923827e-10	7.199999795504960845e-04
4.780000000000000426e+01	5.257360410918139017e-12	3.020616034814097126e-15	2.067451823333687948e-21	1.998982773983178605e-03	1.017221031632617072e-06	1.102802306377319060e-22	1.052069544634674657e-16	6.599766387896632769e-15	2.361814670920854730e-14	3.866083363165556830e-23	2.763983849028934873e-23	1.727999983941973933e-02	6.927898261308083894e-02	7.210173869144087273e-04	1.861720392662033773e-10	7.199999796871229055e-04
4.790000000000000568e+01	5.257360341418827039e-12	3.020615994791258427e-15	2.067451796056678951e-21	1.998982773986387844e-03	1.017221030884958030e-06	1.102802305566757636e-22	1.052069530694865457e-16	6.599766300448202594e-15	2.361814639167193593e-14	3.866083311187721011e-23	2.763983775952349022e-23	1.727999983889335484e-02	6.927898261255514833e-02	7.210173874400440351e-04	1.865617963017279089e-10	7.199999798237497264e-04
4.800000000000000000e+01	5.257360276575788239e-12	3.020615957443681743e-15	2.067451770602958365e-21	1.998982773989597082e-03	1.017221030137299200e-06	1.102802304756196682e-22	1.052069517686840638e-16	6.599766218845684533e-15	2.361814609531332108e-14	3.866083262676533231e-23	2.763983707771704782e-23	1.727999983836697034e-02	6.927898261202945773e-02	7.210173879656793430e-04	1.869515533369659516e-10	7.199999799603765474e-04
4.810000000000000142e+01	5.257360216059325710e-12	3.020615922581937512e-15	2.067451746843423808e-21	1.998982773992806321e-03	1.017221029389640158e-06	1.102802303945635257e-22	1.052069505544622465e-16	6.599766142675140392e-15	2.361814581863307501e-14	3.866083217386519119e-23	2.763983644140335352e-23	1.727999983784058585e-02	6.927898261150376713e-02	7.210173884913146508e-04	1.873413103719175573e-10	7.199999800970033684e-04
4.820000000000000284e+01	5.257360159563155637e-12	3.020615890030053347e-15	2.067451724658143259e-21	1.998982773996015559e-03	1.017221028641981116e-06	1.102802303135073598e-22	1.052069494206920017e-16	6.599766071552040712e-15	2.361814556023838175e-14	3.866083175089689782e-23	2.763983584736193484e-23	1.727999983731420136e-02	6.927898261097807653e-02	7.210173890169499587e-04	1.877310674065826741e-10	7.199999802336301893e-04
4.830000000000000426e+01	5.257360106802692345e-12	3.020615859624518499e-15	2.067451703935676468e-21	1.998982773999224798e-03	1.017221027894322286e-06	1.102802302324512173e-22	1.052069483616783086e-16	6.599766005119079622e-15	2.361814531883447760e-14	3.866083135574096536e-23	2.763983529260041220e-23	1.727999983678781687e-02	6.927898261045238593e-02	7.210173895425852665e-04	1.881208244409613020e-10	7.199999803702570103e-04
4.840000000000000568e+01	5.257360057513737256e-12	3.020615831213539170e-15	2.067451684572573538e-21	1.998982774002434036e-03	1.017221027146663244e-06	1.102802301513950984e-22	1.052069473721342582e-16	6.599765943044568723e-15	2.361814509321991476e-14	3.866083098643079764e-23	2.763983477434085148e-23	1.727999983626143238e-02	6.927898260992669532e-02	7.210173900682205744e-04	1.885105814750534928e-10	7.199999805068838313e-04
4.850000000000000000e+01	5.257360011450760706e-12	3.020615804656045335e-15	2.067451666472686930e-21	1.998982774005643274e-03	1.017221026399004202e-06	1.102802300703389560e-22	1.052069464471464429e-16	6.599765885020243261e-15	2.361814488227786815e-14	3.866083064113822470e-23	2.763983429000154383e-23	1.727999983573504789e-02	6.927898260940100472e-02	7.210173905938558822e-04	1.889003385088591690e-10	7.199999806435106522e-04
4.860000000000000142e+01	5.257359968385329984e-12	3.020615779820792234e-15	2.067451649546571116e-21	1.998982774008852513e-03	1.017221025651345160e-06	1.102802299892828371e-22	1.052069455821436354e-16	6.599765830759313642e-15	2.361814468496979923e-14	3.866083031816327012e-23	2.763983383718061340e-23	1.727999983520866339e-02	6.927898260887531412e-02	7.210173911194911901e-04	1.892900955423784080e-10	7.199999807801374732e-04
4.870000000000000284e+01	5.257359928104931566e-12	3.020615756585676427e-15	2.067451633711007115e-21	1.998982774012061751e-03	1.017221024903686330e-06	1.102802299082266946e-22	1.052069447728730743e-16	6.599765779994960288e-15	2.361814450032888953e-14	3.866083001592330708e-23	2.763983341364348656e-23	1.727999983468227890e-02	6.927898260834962352e-02	7.210173916451264979e-04	1.896798525756111581e-10	7.199999809167642942e-04
4.880000000000000426e+01	5.257359890413351587e-12	3.020615734837968111e-15	2.067451618889165367e-21	1.998982774015270990e-03	1.017221024156027288e-06	1.102802298271705522e-22	1.052069440154083277e-16	6.599765732480847969e-15	2.361814432746207911e-14	3.866082973295648494e-23	2.763983301732708844e-23	1.727999983415589441e-02	6.927898260782393292e-02	7.210173921707618058e-04	1.900696096085574453e-10	7.199999810533911151e-04
4.890000000000000568e+01	5.257359855126604560e-12	3.020615714471956376e-15	2.067451605009000671e-21	1.998982774018480228e-03	1.017221023408368247e-06	1.102802297461144333e-22	1.052069433060675970e-16	6.599765687985978492e-15	2.361814416553342466e-14	3.866082946789447536e-23	2.763983264629683159e-23	1.727999983362950992e-02	6.927898260729824231e-02	7.210173926963971136e-04	1.904593666412172953e-10	7.199999811900179361e-04
4.900000000000000000e+01	5.257359822075179046e-12	3.020615695390248455e-15	2.067451592004135400e-21	1.998982774021689467e-03	1.017221022660709205e-06	1.102802296650583144e-22	1.052069426414586815e-16	6.599765646297536905e-15	2.361814401377136344e-14	3.866082921947425081e-23	2.763983229877036094e-23	1.727999983310312543e-02	6.927898260677255171e-02	7.210173932220324215e-04	1.908491236735906307e-10	7.199999813266447571e-04
4.910000000000000142e+01	5.257359791100079458e-12	3.020615677501492676e-15	2.067451579812310482e-21	1.998982774024898705e-03	1.017221021913050163e-06	1.102802295840021484e-22	1.052069420183998711e-16	6.599765607215903535e-15	2.361814387145335249e-14	3.866082898651309353e-23	2.763983197307588255e-23	1.727999983257674094e-02	6.927898260624686111e-02	7.210173937476677293e-04	1.912388807056775031e-10	7.199999814632715781e-04
4.920000000000000284e+01	5.257359762054807588e-12	3.020615660721519948e-15	2.067451568376161418e-21	1.998982774028107944e-03	1.017221021165391544e-06	1.102802295029460295e-22	1.052069414339595490e-16	6.599765570557149938e-15	2.361814373791256770e-14	3.866082876791949236e-23	2.763983166767298748e-23	1.727999983205035645e-02	6.927898260572117051e-02	7.210173942733030372e-04	1.916286377374779124e-10	7.199999815998983990e-04
4.930000000000000426e+01	5.257359734802986071e-12	3.020615644971973901e-15	2.067451557642286533e-21	1.998982774031317182e-03	1.017221020417732503e-06	1.102802294218898871e-22	1.052069408854086881e-16	6.599765536150056223e-15	2.361814361252835538e-14	3.866082856267745578e-23	2.763983138112771955e-23	1.727999983152397195e-02	6.927898260519547990e-02	7.210173947989383450e-04	1.920183947689918588e-10	7.199999817365252200e-04
4.940000000000000568e+01	5.257359709217709729e-12	3.020615630179940121e-15	2.067451547560990817e-21	1.998982774034526420e-03	1.017221019670073249e-06	1.102802293408337682e-22	1.052069403702075506e-16	6.599765503835295364e-15	2.361814349472433906e-14	3.866082836984351439e-23	2.763983111210572224e-23	1.727999983099758746e-02	6.927898260466978930e-02	7.210173953245736529e-04	1.924081518002193422e-10	7.199999818731520410e-04
4.950000000000000000e+01	5.257359685180621456e-12	3.020615616277419192e-15	2.067451538085930075e-21	1.998982774037735659e-03	1.017221018922414419e-06	1.102802292597776257e-22	1.052069398859878527e-16	6.599765473464271208e-15	2.361814338396243986e-14	3.866082818853689965e-23	2.763983085936248791e-23	1.727999983047120297e-02	6.927898260414409870e-02	7.210173958502089607e-04	1.927979088311603110e-10	7.199999820097788619e-04
4.960000000000000142e+01	5.257359662582565725e-12	3.020615603201693912e-15	2.067451529174360324e-21	1.998982774040944897e-03	1.017221018174755377e-06	1.102802291787215068e-22	1.052069394305651524e-16	6.599765444899937319e-15	2.361814327974505064e-14	3.866082801794308215e-23	2.763983062175026977e-23	1.727999982994481848e-02	6.927898260361840810e-02	7.210173963758442685e-04	1.931876658618148167e-10	7.199999821464056829e-04
4.970000000000000284e+01	5.257359641321757314e-12	3.020615590894284049e-15	2.067451520786426474e-21	1.998982774044154136e-03	1.017221017427096759e-06	1.102802290976653644e-22	1.052069390019025985e-16	6.599765418014506906e-15	2.361814318160980109e-14	3.866082785730515520e-23	2.763983039819883309e-23	1.727999982941843399e-02	6.927898260309271750e-02	7.210173969014795764e-04	1.935774228921828853e-10	7.199999822830325039e-04
4.980000000000000426e+01	5.257359621303115688e-12	3.020615579300560986e-15	2.067451512884896388e-21	1.998982774047363374e-03	1.017221016679437717e-06	1.102802290166092219e-22	1.052069385980974831e-16	6.599765392688604805e-15	2.361814308912460053e-14	3.866082770591585911e-23	2.763983018770844345e-23	1.727999982889204950e-02	6.927898260256702689e-02	7.210173974271148842e-04	1.939671799222644651e-10	7.199999824196593248e-04
4.990000000000000568e+01	5.257359602439184271e-12	3.020615568370275466e-15	2.067451505435522366e-21	1.998982774050572613e-03	1.017221015931778463e-06	1.102802289355531265e-22	1.052069382173996814e-16	6.599765368812429466e-15	2.361814300189096377e-14	3.866082756312292970e-23	2.763982998935949987e-23	1.727999982836566500e-02	6.927898260204133629e-02	7.210173979527501921e-04	1.943569369520595819e-10	7.199999825562861458e-04
5.000000000000000000e+01	5.257359584647905775e-12	3.020615558056283190e-15	2.067451498406174106e-21	1.998982774053781851e-03	1.017221015184120056e-06	1.102802288544970076e-22	1.052069378581671177e-16	6.599765346282959599e-15	2.361814291953654215e-14	3.866082742831680849e-23	2.763982980228919535e-23	1.727999982783928051e-02	6.927898260151564569e-02	7.210173984783854999e-04	1.947466939815681840e-10	7.199999826929129668e-04
5.010000000000000142e+01	5.257359567853790277e-12	3.020615548315211006e-15	2.067451491767293471e-21	1.998982774056991089e-03	1.017221014436460803e-06	1.102802287734408417e-22	1.052069375188891604e-16	6.599765325005419088e-15	2.361814284171673914e-14	3.866082730093346979e-23	2.763982962570377736e-23	1.727999982731289602e-02	6.927898260098995509e-02	7.210173990040208078e-04	1.951364510107903489e-10	7.199999828295397877e-04
5.020000000000000284e+01	5.257359551985691357e-12	3.020615539106182511e-15	2.067451485491019178e-21	1.998982774060200328e-03	1.017221013688801761e-06	1.102802286923846992e-22	1.052069371981420881e-16	6.599765304890485213e-15	2.361814276810940602e-14	3.866082718044556920e-23	2.763982945885517890e-23	1.727999982678651153e-02	6.927898260046426449e-02	7.210173995296561156e-04	1.955262080397260509e-10	7.199999829661666087e-04
5.030000000000000426e+01	5.257359536978645450e-12	3.020615530391871171e-15	2.067451479551911271e-21	1.998982774063409566e-03	1.017221012941142931e-06	1.102802286113286273e-22	1.052069368946258456e-16	6.599765285856593701e-15	2.361814269841772285e-14	3.866082706636722199e-23	2.763982930106030846e-23	1.727999982626012704e-02	6.927898259993857388e-02	7.210174000552914235e-04	1.959159650683752640e-10	7.199999831027934297e-04
5.040000000000000568e+01	5.257359522771370104e-12	3.020615522137068154e-15	2.067451473925977629e-21	1.998982774066618805e-03	1.017221012193483889e-06	1.102802285302724614e-22	1.052069366071141489e-16	6.599765267826811681e-15	2.361814263236426618e-14	3.866082695824434648e-23	2.763982915167480706e-23	1.727999982573374255e-02	6.927898259941288328e-02	7.210174005809267313e-04	1.963057220967380142e-10	7.199999832394202506e-04
5.050000000000000000e+01	5.257359509307313307e-12	3.020615514309281855e-15	2.067451468591069304e-21	1.998982774069828043e-03	1.017221011445824847e-06	1.102802284492163425e-22	1.052069363344752165e-16	6.599765250730127471e-15	2.361814256969061464e-14	3.866082685565389398e-23	2.763982901010404501e-23	1.727999982520735806e-02	6.927898259888719268e-02	7.210174011065620392e-04	1.966954791248142497e-10	7.199999833760470716e-04
5.060000000000000142e+01	5.257359496534006444e-12	3.020615506878364772e-15	2.067451463526643170e-21	1.998982774073037282e-03	1.017221010698165805e-06	1.102802283681601765e-22	1.052069360756591487e-16	6.599765234500678287e-15	2.361814251015910336e-14	3.866082675820685815e-23	2.763982887579630989e-23	1.727999982468097356e-02	6.927898259836150208e-02	7.210174016321973470e-04	1.970852361526040738e-10	7.199999835126738926e-04
5.070000000000000284e+01	5.257359484402394634e-12	3.020615499816133272e-15	2.067451458713489204e-21	1.998982774076246520e-03	1.017221009950506763e-06	1.102802282871040576e-22	1.052069358296842572e-16	6.599765219076869868e-15	2.361814245354615024e-14	3.866082666553722532e-23	2.763982874823581244e-23	1.727999982415458907e-02	6.927898259783581147e-02	7.210174021578326549e-04	1.974749931801074092e-10	7.199999836493007135e-04
5.080000000000000426e+01	5.257359472858696598e-12	3.020615493091688856e-15	2.067451454130548941e-21	1.998982774079455758e-03	1.017221009202847933e-06	1.102802282060479152e-22	1.052069355954743388e-16	6.599765204391179665e-15	2.361814239960693388e-14	3.866082657724427535e-23	2.763982862685708108e-23	1.727999982362820458e-02	6.927898259731012087e-02	7.210174026834679627e-04	1.978647502073285726e-10	7.199999837859275345e-04
5.090000000000000568e+01	5.257359461870416416e-12	3.020615486686358793e-15	2.067451449765097703e-21	1.998982774082664997e-03	1.017221008455189103e-06	1.102802281249918198e-22	1.052069353723790760e-16	6.599765190402810160e-15	2.361814234819395937e-14	3.866082649308656756e-23	2.763982851131839374e-23	1.727999982310182009e-02	6.927898259678443027e-02	7.210174032091032706e-04	1.982545072342632212e-10	7.199999839225543555e-04
5.100000000000000000e+01	5.257359451400648424e-12	3.020615480578940078e-15	2.067451445602682363e-21	1.998982774085874235e-03	1.017221007707530273e-06	1.102802280439357008e-22	1.052069351596599596e-16	6.599765177065430761e-15	2.361814229913943284e-14	3.866082641278940069e-23	2.763982840123171972e-23	1.727999982257543560e-02	6.927898259625873967e-02	7.210174037347385784e-04	1.986442642609100111e-10	7.199999840591811764e-04
5.110000000000000142e+01	5.257359441412382751e-12	3.020615474748169360e-15	2.067451441628813684e-21	1.998982774089083474e-03	1.017221006959871019e-06	1.102802279628795349e-22	1.052069349565763847e-16	6.599765164332575196e-15	2.361814225227491040e-14	3.866082633607709780e-23	2.763982829620791751e-23	1.727999982204905111e-02	6.927898259573304907e-02	7.210174042603738863e-04	1.990340212872688903e-10	7.199999841958079974e-04
5.120000000000000284e+01	5.257359431864631143e-12	3.020615469170494409e-15	2.067451437827439491e-21	1.998982774092292712e-03	1.017221006212212189e-06	1.102802278818233925e-22	1.052069347623080469e-16	6.599765152152775812e-15	2.361814220741382960e-14	3.866082626264424195e-23	2.763982819581599210e-23	1.727999982152266661e-02	6.927898259520735846e-02	7.210174047860091941e-04	1.994237783133441759e-10	7.199999843324348184e-04
5.130000000000000426e+01	5.257359422736668042e-12	3.020615463834010129e-15	2.067451434190444923e-21	1.998982774095501951e-03	1.017221005464553359e-06	1.102802278007673206e-22	1.052069345764402889e-16	6.599765140500020709e-15	2.361814216446212036e-14	3.866082619233685512e-23	2.763982809983803034e-23	1.727999982099628212e-02	6.927898259468166786e-02	7.210174053116445020e-04	1.998135353391286558e-10	7.199999844690616393e-04
5.140000000000000568e+01	5.257359413992377805e-12	3.020615458717964747e-15	2.067451430703687937e-21	1.998982774098711189e-03	1.017221004716894529e-06	1.102802277197111781e-22	1.052069343982503415e-16	6.599765129328963008e-15	2.361814212325574694e-14	3.866082612488641916e-23	2.763982800789428290e-23	1.727999982046989763e-02	6.927898259415597726e-02	7.210174058372798098e-04	2.002032923646266985e-10	7.199999846056884603e-04
5.150000000000000000e+01	5.257359405604937646e-12	3.020615453806946680e-15	2.067451427356664692e-21	1.998982774101920427e-03	1.017221003969235699e-06	1.102802276386550592e-22	1.052069342272014465e-16	6.599765118605926236e-15	2.361814208367197836e-14	3.866082606009205970e-23	2.763982791970269581e-23	1.727999981994351314e-02	6.927898259363028666e-02	7.210174063629151177e-04	2.005930493898382266e-10	7.199999847423152813e-04
5.160000000000000142e+01	5.257359397548830982e-12	3.020615449086297710e-15	2.067451424139384050e-21	1.998982774105129666e-03	1.017221003221576657e-06	1.102802275575989168e-22	1.052069340627830261e-16	6.599765108298877908e-15	2.361814204559545791e-14	3.866082599776491594e-23	2.763982783499500360e-23	1.727999981941712865e-02	6.927898259310459605e-02	7.210174068885504255e-04	2.009828064147633175e-10	7.199999848789421023e-04
5.170000000000000284e+01	5.257359389797899034e-12	3.020615444540986487e-15	2.067451421041603223e-21	1.998982774108338904e-03	1.017221002473917403e-06	1.102802274765427508e-22	1.052069339044715230e-16	6.599765098374972222e-15	2.361814200890672365e-14	3.866082593770946792e-23	2.763982775349613473e-23	1.727999981889074416e-02	6.927898259257890545e-02	7.210174074141857334e-04	2.013725634394048147e-10	7.199999850155689232e-04
5.180000000000000426e+01	5.257359382330866943e-12	3.020615440158788822e-15	2.067451418054989179e-21	1.998982774111548143e-03	1.017221001726258573e-06	1.102802273954866554e-22	1.052069337518412236e-16	6.599765088807495191e-15	2.361814197350926635e-14	3.866082587976771155e-23	2.763982767498239262e-23	1.727999981836435966e-02	6.927898259205321485e-02	7.210174079398210412e-04	2.017623204637626666e-10	7.199999851521957442e-04
5.190000000000000568e+01	5.257359375135673543e-12	3.020615435932776939e-15	2.067451415174823389e-21	1.998982774114757381e-03	1.017221000978599743e-06	1.102802273144305130e-22	1.052069336046508228e-16	6.599765079581317254e-15	2.361814193934834220e-14	3.866082582385005067e-23	2.763982759932695907e-23	1.727999981783797517e-02	6.927898259152752425e-02	7.210174084654563491e-04	2.021520774878283427e-10	7.199999852888225652e-04
5.200000000000000000e+01	5.257359368187385478e-12	3.020615431848624335e-15	2.067451412391338154e-21	1.998982774117966620e-03	1.017221000230940913e-06	1.102802272333743706e-22	1.052069334624013289e-16	6.599765070665122209e-15	2.361814190631039311e-14	3.866082576977061609e-23	2.763982752626767532e-23	1.727999981731159068e-02	6.927898259100183365e-02	7.210174089910916569e-04	2.025418345116075041e-10	7.199999854254493861e-04
5.210000000000000142e+01	5.257359361468762010e-12	3.020615427896425678e-15	2.067451409697785196e-21	1.998982774121175858e-03	1.017220999483281871e-06	1.102802271523182516e-22	1.052069333247477387e-16	6.599765062037270025e-15	2.361814187431717984e-14	3.866082571740130832e-23	2.763982745562322725e-23	1.727999981678520619e-02	6.927898259047614304e-02	7.210174095167269648e-04	2.029315915351002284e-10	7.199999855620762071e-04
5.220000000000000284e+01	5.257359354960525953e-12	3.020615424065104572e-15	2.067451407086614267e-21	1.998982774124385096e-03	1.017220998735623041e-06	1.102802270712621327e-22	1.052069331913042868e-16	6.599765053673555293e-15	2.361814184328043833e-14	3.866082566659767087e-23	2.763982738719095963e-23	1.727999981625882170e-02	6.927898258995045244e-02	7.210174100423622726e-04	2.033213485583107549e-10	7.199999856987030281e-04
5.230000000000000426e+01	5.257359348653405453e-12	3.020615420349334628e-15	2.067451404554195818e-21	1.998982774127594335e-03	1.017220997987964211e-06	1.102802269902059903e-22	1.052069330618854184e-16	6.599765045562341527e-15	2.361814181315901214e-14	3.866082561729229501e-23	2.763982732087334757e-23	1.727999981573243721e-02	6.927898258942476184e-02	7.210174105679975805e-04	2.037111055812305532e-10	7.199999858353298490e-04
5.240000000000000568e+01	5.257359342529709022e-12	3.020615416738950979e-15	2.067451402093602142e-21	1.998982774130803573e-03	1.017220997240304957e-06	1.102802269091498479e-22	1.052069329361371444e-16	6.599765037681415191e-15	2.361814178387148449e-14	3.866082556935196784e-23	2.763982725648441611e-23	1.727999981520605272e-02	6.927898258889907124e-02	7.210174110936328883e-04	2.041008626038652844e-10	7.199999859719566700e-04
5.250000000000000000e+01	5.257359336576763188e-12	3.020615413226672832e-15	2.067451399699870209e-21	1.998982774134012812e-03	1.017220996492646127e-06	1.102802268280937525e-22	1.052069328138058214e-16	6.599765030014866539e-15	2.361814175536044210e-14	3.866082552268266157e-23	2.763982719389087007e-23	1.727999981467966822e-02	6.927898258837338064e-02	7.210174116192681962e-04	2.044906196262149226e-10	7.199999861085834910e-04
5.260000000000000142e+01	5.257359330784556964e-12	3.020615409806746238e-15	2.067451397369079322e-21	1.998982774137222050e-03	1.017220995744987085e-06	1.102802267470375865e-22	1.052069326946910418e-16	6.599765022550117973e-15	2.361814172758050337e-14	3.866082547721010847e-23	2.763982713298742630e-23	1.727999981415328373e-02	6.927898258784769003e-02	7.210174121449035040e-04	2.048803766482752803e-10	7.199999862452103119e-04
5.270000000000000284e+01	5.257359325140097800e-12	3.020615406471709360e-15	2.067451395096144573e-21	1.998982774140431289e-03	1.017220994997328043e-06	1.102802266659814441e-22	1.052069325785330115e-16	6.599765015270872416e-15	2.361814170047278773e-14	3.866082543283792975e-23	2.763982707363753937e-23	1.727999981362689924e-02	6.927898258732199943e-02	7.210174126705388119e-04	2.052701336700491750e-10	7.199999863818371329e-04
5.280000000000000426e+01	5.257359319631036954e-12	3.020615403214464423e-15	2.067451392876227818e-21	1.998982774143640527e-03	1.017220994249669213e-06	1.102802265849253252e-22	1.052069324650844102e-16	6.599765008161612973e-15	2.361814167398071177e-14	3.866082538947349646e-23	2.763982701571132304e-23	1.727999981310051475e-02	6.927898258679630883e-02	7.210174131961741197e-04	2.056598906915409235e-10	7.199999865184639539e-04
5.290000000000000568e+01	5.257359314249681001e-12	3.020615400030593016e-15	2.067451390706317532e-21	1.998982774146849765e-03	1.017220993502010595e-06	1.102802265038692533e-22	1.052069323541913608e-16	6.599765001212687931e-15	2.361814164806981487e-14	3.866082534706039075e-23	2.763982695912788566e-23	1.727999981257413026e-02	6.927898258627061823e-02	7.210174137218094276e-04	2.060496477127461574e-10	7.199999866550907748e-04
5.300000000000000000e+01	5.257359308989020716e-12	3.020615396916066427e-15	2.067451388583667762e-21	1.998982774150059004e-03	1.017220992754351341e-06	1.102802264228131108e-22	1.052069322457136063e-16	6.599764994415294392e-15	2.361814162270738141e-14	3.866082530554508648e-23	2.763982690381350611e-23	1.727999981204774577e-02	6.927898258574492762e-02	7.210174142474447354e-04	2.064394047336605856e-10	7.199999867917175958e-04
5.310000000000000142e+01	5.257359303836931117e-12	3.020615393863920197e-15	2.067451386503533271e-21	1.998982774153268242e-03	1.017220992006692299e-06	1.102802263417569684e-22	1.052069321394085103e-16	6.599764987754212073e-15	2.361814159783918509e-14	3.866082526483879269e-23	2.763982684964074315e-23	1.727999981152136127e-02	6.927898258521923702e-02	7.210174147730800433e-04	2.068291617542929193e-10	7.199999869283444168e-04
5.320000000000000284e+01	5.257359298788912795e-12	3.020615390871567258e-15	2.067451384464149878e-21	1.998982774156477481e-03	1.017220991259033681e-06	1.102802262607008495e-22	1.052069320351859824e-16	6.599764981223788786e-15	2.361814157344411598e-14	3.866082522490697335e-23	2.763982679656225377e-23	1.727999981099497678e-02	6.927898258469354642e-02	7.210174152987153511e-04	2.072189187746344474e-10	7.199999870649712377e-04
5.330000000000000426e+01	5.257359293835777097e-12	3.020615387933728551e-15	2.067451382461919630e-21	1.998982774159686719e-03	1.017220990511374639e-06	1.102802261796447306e-22	1.052069319328622181e-16	6.599764974812489806e-15	2.361814154948088510e-14	3.866082518568203166e-23	2.763982674448140644e-23	1.727999981046859229e-02	6.927898258416785582e-02	7.210174158243506590e-04	2.076086757946895124e-10	7.199999872015980587e-04
5.340000000000000568e+01	5.257359288971211925e-12	3.020615385046778867e-15	2.067451380494372295e-21	1.998982774162895958e-03	1.017220989763715597e-06	1.102802260985886116e-22	1.052069318323108517e-16	6.599764968512389448e-15	2.361814152591991018e-14	3.866082514711554901e-23	2.763982669333186802e-23	1.727999980994220780e-02	6.927898258364216522e-02	7.210174163499859668e-04	2.079984328144580887e-10	7.199999873382248797e-04
5.350000000000000000e+01	5.257359284187465692e-12	3.020615382206263508e-15	2.067451378558471902e-21	1.998982774166105196e-03	1.017220989016056767e-06	1.102802260175324692e-22	1.052069317333767857e-16	6.599764962313757113e-15	2.361814150272697358e-14	3.866082510915149546e-23	2.763982664303214149e-23	1.727999980941582331e-02	6.927898258311647461e-02	7.210174168756212747e-04	2.083881898339444671e-10	7.199999874748517006e-04
5.360000000000000142e+01	5.257359279481364576e-12	3.020615379410359021e-15	2.067451376652975247e-21	1.998982774169314434e-03	1.017220988268397937e-06	1.102802259364763033e-22	1.052069316359965415e-16	6.599764956212609842e-15	2.361814147988727628e-14	3.866082507176569109e-23	2.763982659354881342e-23	1.727999980888943882e-02	6.927898258259078401e-02	7.210174174012565825e-04	2.087779468531401173e-10	7.199999876114785216e-04
5.370000000000000284e+01	5.257359274845034207e-12	3.020615376654542474e-15	2.067451374774799713e-21	1.998982774172523673e-03	1.017220987520738895e-06	1.102802258554201843e-22	1.052069315400124702e-16	6.599764950199056897e-15	2.361814145736455906e-14	3.866082503489873817e-23	2.763982654479909961e-23	1.727999980836305433e-02	6.927898258206509341e-02	7.210174179268918904e-04	2.091677038720535956e-10	7.199999877481053426e-04
5.380000000000000426e+01	5.257359270275827444e-12	3.020615373937290182e-15	2.067451372922908234e-21	1.998982774175732911e-03	1.017220986773080276e-06	1.102802257743640654e-22	1.052069314453716318e-16	6.599764944269776385e-15	2.361814143514719097e-14	3.866082499853162309e-23	2.763982649675517613e-23	1.727999980783666983e-02	6.927898258153940281e-02	7.210174184525271982e-04	2.095574608906762941e-10	7.199999878847321635e-04
5.390000000000000568e+01	5.257359265767572744e-12	3.020615371255058185e-15	2.067451371094882863e-21	1.998982774178942150e-03	1.017220986025421023e-06	1.102802256933079465e-22	1.052069313519505326e-16	6.599764938417023270e-15	2.361814141320759026e-14	3.866082496261917746e-23	2.763982644935214979e-23	1.727999980731028534e-02	6.927898258101371221e-02	7.210174189781625061e-04	2.099472179090125037e-10	7.199999880213589845e-04
5.400000000000000000e+01	5.257359261315607523e-12	3.020615368605168303e-15	2.067451369288900738e-21	1.998982774182151388e-03	1.017220985277762616e-06	1.102802256122518041e-22	1.052069312596558774e-16	6.599764932634938681e-15	2.361814139152316713e-14	3.866082492712443787e-23	2.763982640254099074e-23	1.727999980678390085e-02	6.927898258048802160e-02	7.210174195037978139e-04	2.103369749270665154e-10	7.199999881579858055e-04
5.410000000000000142e+01	5.257359256917420352e-12	3.020615365986176919e-15	2.067451367503977077e-21	1.998982774185360627e-03	1.017220984530103574e-06	1.102802255311956851e-22	1.052069311684374258e-16	6.599764926920374274e-15	2.361814137008379890e-14	3.866082489203083573e-23	2.763982635629529737e-23	1.727999980625751636e-02	6.927898257996233100e-02	7.210174200294331218e-04	2.107267319448297991e-10	7.199999882946126264e-04
5.420000000000000284e+01	5.257359252568347029e-12	3.020615363395402695e-15	2.067451365738283000e-21	1.998982774188569865e-03	1.017220983782444321e-06	1.102802254501395662e-22	1.052069310782017345e-16	6.599764921267468025e-15	2.361814134886760574e-14	3.866082485730255373e-23	2.763982631056601043e-23	1.727999980573113187e-02	6.927898257943664040e-02	7.210174205550684296e-04	2.111164889623065939e-10	7.199999884312394474e-04
5.430000000000000426e+01	5.257359248265101451e-12	3.020615360830959070e-15	2.067451363990536182e-21	1.998982774191779103e-03	1.017220983034785491e-06	1.102802253690834238e-22	1.052069309888831804e-16	6.599764915672102079e-15	2.361814132785997793e-14	3.866082482291566467e-23	2.763982626531858800e-23	1.727999980520474738e-02	6.927898257891094980e-02	7.210174210807037375e-04	2.115062459794969257e-10	7.199999885678662684e-04
5.440000000000000568e+01	5.257359244003541252e-12	3.020615358290465657e-15	2.067451362259111244e-21	1.998982774194988342e-03	1.017220982287126872e-06	1.102802252880273519e-22	1.052069309003987604e-16	6.599764910129069954e-15	2.361814130704223525e-14	3.866082478883960570e-23	2.763982622050948979e-23	1.727999980467836288e-02	6.927898257838525919e-02	7.210174216063390453e-04	2.118960029964050855e-10	7.199999887044930894e-04
5.450000000000000000e+01	5.257359239781954718e-12	3.020615355772939140e-15	2.067451360543339753e-21	1.998982774198197580e-03	1.017220981539467830e-06	1.102802252069711859e-22	1.052069308127142947e-16	6.599764904636222793e-15	2.361814128640600947e-14	3.866082475506068232e-23	2.763982617612070721e-23	1.727999980415197839e-02	6.927898257785956859e-02	7.210174221319743532e-04	2.122857600130224655e-10	7.199999888411199103e-04
5.460000000000000142e+01	5.257359235596992736e-12	3.020615353276455488e-15	2.067451358841908917e-21	1.998982774201406819e-03	1.017220980791808788e-06	1.102802251259150435e-22	1.052069307257627054e-16	6.599764899189359913e-15	2.361814126593641320e-14	3.866082472155450889e-23	2.763982613211700483e-23	1.727999980362559390e-02	6.927898257733387799e-02	7.210174226576096610e-04	2.126755170293533825e-10	7.199999889777467313e-04
5.470000000000000284e+01	5.257359231445652738e-12	3.020615350799289068e-15	2.067451357153643618e-21	1.998982774204616057e-03	1.017220980044149958e-06	1.102802250448589481e-22	1.052069306394839774e-16	6.599764893784706613e-15	2.361814124561948676e-14	3.866082468829823969e-23	2.763982608846682062e-23	1.727999980309920941e-02	6.927898257680818739e-02	7.210174231832449689e-04	2.130652740454021017e-10	7.199999891143735523e-04
5.480000000000000426e+01	5.257359227326319945e-12	3.020615348340512178e-15	2.067451355477911910e-21	1.998982774207825296e-03	1.017220979296490916e-06	1.102802249638028057e-22	1.052069305538457306e-16	6.599764888420241042e-15	2.361814122544864473e-14	3.866082465528110130e-23	2.763982604515320395e-23	1.727999980257282492e-02	6.927898257628249679e-02	7.210174237088802767e-04	2.134550310611629878e-10	7.199999892510003732e-04
5.490000000000000568e+01	5.257359223236217162e-12	3.020615345898530137e-15	2.067451353813625943e-21	1.998982774211034534e-03	1.017220978548832298e-06	1.102802248827466868e-22	1.052069304687924365e-16	6.599764883092474859e-15	2.361814120541054275e-14	3.866082462248124129e-23	2.763982600214693203e-23	1.727999980204644043e-02	6.927898257575680618e-02	7.210174242345155846e-04	2.138447880766359118e-10	7.199999893876271942e-04
5.500000000000000000e+01	5.257359219173677911e-12	3.020615343472384479e-15	2.067451352160133083e-21	1.998982774214243772e-03	1.017220977801173468e-06	1.102802248016905678e-22	1.052069303842907163e-16	6.599764877799308904e-15	2.361814118549765193e-14	3.866082458988635222e-23	2.763982595943046649e-23	1.727999980152005594e-02	6.927898257523111558e-02	7.210174247601508924e-04	2.142345450918209251e-10	7.199999895242540152e-04
5.510000000000000142e+01	5.257359215136583349e-12	3.020615341060858385e-15	2.067451350516604654e-21	1.998982774217453011e-03	1.017220977053514426e-06	1.102802247206344254e-22	1.052069303002982059e-16	6.599764872538094182e-15	2.361814116570048385e-14	3.866082455748087644e-23	2.763982591698155522e-23	1.727999980099367144e-02	6.927898257470542498e-02	7.210174252857862003e-04	2.146243021067194755e-10	7.199999896608808361e-04
5.520000000000000284e+01	5.257359211123091708e-12	3.020615338662892022e-15	2.067451348882317303e-21	1.998982774220662249e-03	1.017220976305855384e-06	1.102802246395783065e-22	1.052069302167779520e-16	6.599764867306505132e-15	2.361814114601064503e-14	3.866082452525110180e-23	2.763982587478080844e-23	1.727999980046728695e-02	6.927898257417973438e-02	7.210174258114215081e-04	2.150140591213315629e-10	7.199999897975076571e-04
5.530000000000000426e+01	5.257359207131364449e-12	3.020615336277431076e-15	2.067451347256553321e-21	1.998982774223871488e-03	1.017220975558196554e-06	1.102802245585221876e-22	1.052069301336932602e-16	6.599764862102247745e-15	2.361814112642025317e-14	3.866082449318410962e-23	2.763982583280891866e-23	1.727999979994090246e-02	6.927898257365404378e-02	7.210174263370568160e-04	2.154038161356571873e-10	7.199999899341344781e-04
5.540000000000000568e+01	5.257359203159762559e-12	3.020615333903533647e-15	2.067451345638669476e-21	1.998982774227080726e-03	1.017220974810537724e-06	1.102802244774660451e-22	1.052069300510113559e-16	6.599764856923255207e-15	2.361814110692074440e-14	3.866082446126587625e-23	2.763982579104866488e-23	1.727999979941451797e-02	6.927898257312835317e-02	7.210174268626921238e-04	2.157935731497006656e-10	7.199999900707612990e-04
5.550000000000000000e+01	5.257359199206737497e-12	3.020615331540309507e-15	2.067451344028060155e-21	1.998982774230289965e-03	1.017220974062878682e-06	1.102802243964099262e-22	1.052069299687011777e-16	6.599764851767588496e-15	2.361814108750642314e-14	3.866082442948709177e-23	2.763982574948370773e-23	1.727999979888813348e-02	6.927898257260266257e-02	7.210174273883274317e-04	2.161833301634590767e-10	7.199999902073881200e-04
5.560000000000000142e+01	5.257359195271530746e-12	3.020615329187322415e-15	2.067451342424427440e-21	1.998982774233499203e-03	1.017220973315219852e-06	1.102802243153537603e-22	1.052069298867475522e-16	6.599764846634286781e-15	2.361814106817232272e-14	3.866082439783962177e-23	2.763982570810611850e-23	1.727999979836174899e-02	6.927898257207697197e-02	7.210174279139627395e-04	2.165730871769310249e-10	7.199999903440149410e-04
5.570000000000000284e+01	5.257359191353089751e-12	3.020615326843968103e-15	2.067451340827360566e-21	1.998982774236708441e-03	1.017220972567560810e-06	1.102802242342976648e-22	1.052069298051294268e-16	6.599764841522038975e-15	2.361814104891511731e-14	3.866082436631802957e-23	2.763982566690481228e-23	1.727999979783536449e-02	6.927898257155128137e-02	7.210174284395980474e-04	2.169628441901121932e-10	7.199999904806417619e-04
5.580000000000000426e+01	5.257359187449721375e-12	3.020615324509274300e-15	2.067451339236195990e-21	1.998982774239917680e-03	1.017220971819902192e-06	1.102802241532415459e-22	1.052069297238129421e-16	6.599764836428714364e-15	2.361814102972616098e-14	3.866082433490814461e-23	2.763982562586200384e-23	1.727999979730898000e-02	6.927898257102559076e-02	7.210174289652333552e-04	2.173526012030097420e-10	7.199999906172685829e-04
5.590000000000000568e+01	5.257359183560485348e-12	3.020615322182699849e-15	2.067451337650563949e-21	1.998982774243126918e-03	1.017220971072243362e-06	1.102802240721854270e-22	1.052069296427792394e-16	6.599764831353128869e-15	2.361814101060149683e-14	3.866082430360350166e-23	2.763982558496777202e-23	1.727999979678259551e-02	6.927898257049990016e-02	7.210174294908686631e-04	2.177423582156208019e-10	7.199999907538954039e-04
5.600000000000000000e+01	5.257359179684535102e-12	3.020615319863757626e-15	2.067451336070135680e-21	1.998982774246336157e-03	1.017220970324584108e-06	1.102802239911292846e-22	1.052069295620114198e-16	6.599764826294226204e-15	2.361814099153732568e-14	3.866082427239789410e-23	2.763982554421324181e-23	1.727999979625621102e-02	6.927898256997420956e-02	7.210174300165039709e-04	2.181321152279410820e-10	7.199999908905222248e-04
5.610000000000000142e+01	5.257359175820747804e-12	3.020615317551805106e-15	2.067451334494469198e-21	1.998982774249545395e-03	1.017220969576925490e-06	1.102802239100731657e-22	1.052069294814869761e-16	6.599764821250594308e-15	2.361814097252853887e-14	3.866082424128292304e-23	2.763982550358660540e-23	1.727999979572982653e-02	6.927898256944851896e-02	7.210174305421392787e-04	2.185218722399749250e-10	7.199999910271490458e-04
5.620000000000000284e+01	5.257359171968331008e-12	3.020615315246385143e-15	2.067451332923256053e-21	1.998982774252754634e-03	1.017220968829266659e-06	1.102802238290170467e-22	1.052069294011901065e-16	6.599764816221238428e-15	2.361814095357150450e-14	3.866082421025268749e-23	2.763982546307953439e-23	1.727999979520344204e-02	6.927898256892282836e-02	7.210174310677745866e-04	2.189116292517223050e-10	7.199999911637758668e-04
5.630000000000000426e+01	5.257359168126236198e-12	3.020615312946896231e-15	2.067451331356084351e-21	1.998982774255963872e-03	1.017220968081607618e-06	1.102802237479609043e-22	1.052069293210998075e-16	6.599764811204843533e-15	2.361814093466134740e-14	3.866082417929917057e-23	2.763982542268098502e-23	1.727999979467705755e-02	6.927898256839713775e-02	7.210174315934098944e-04	2.193013862631831961e-10	7.199999913004026877e-04
5.640000000000000568e+01	5.257359164293935077e-12	3.020615310653033869e-15	2.067451329792747959e-21	1.998982774259173111e-03	1.017220967333948576e-06	1.102802236669048089e-22	1.052069292412054664e-16	6.599764806200740668e-15	2.361814091579568837e-14	3.866082414841850492e-23	2.763982538238542071e-23	1.727999979415067305e-02	6.927898256787144715e-02	7.210174321190452023e-04	2.196911432743575985e-10	7.199999914370295087e-04
5.650000000000000000e+01	5.257359160470772525e-12	3.020615308364421376e-15	2.067451328232988830e-21	1.998982774262382349e-03	1.017220966586289746e-06	1.102802235858487135e-22	1.052069291614939809e-16	6.599764801208112574e-15	2.361814089697151395e-14	3.866082411760574170e-23	2.763982534218593543e-23	1.727999979362428856e-02	6.927898256734575655e-02	7.210174326446805101e-04	2.200809002852455119e-10	7.199999915736563297e-04
5.660000000000000142e+01	5.257359156656087766e-12	3.020615306080680494e-15	2.067451326676551179e-21	1.998982774265591587e-03	1.017220965838630704e-06	1.102802235047925475e-22	1.052069290819521990e-16	6.599764796226127791e-15	2.361814087818597478e-14	3.866082408685621420e-23	2.763982530207561139e-23	1.727999979309790407e-02	6.927898256682006595e-02	7.210174331703158180e-04	2.204706572958469883e-10	7.199999917102831506e-04
5.670000000000000284e+01	5.257359152849225680e-12	3.020615303801434147e-15	2.067451325123175079e-21	1.998982774268800826e-03	1.017220965090972297e-06	1.102802234237364521e-22	1.052069290025669198e-16	6.599764791253966694e-15	2.361814085943605426e-14	3.866082405616499709e-23	2.763982526204751907e-23	1.727999979257151958e-02	6.927898256629437534e-02	7.210174336959511258e-04	2.208604143061620016e-10	7.199999918469099716e-04
5.680000000000000426e+01	5.257359149049527108e-12	3.020615301526303287e-15	2.067451323572604743e-21	1.998982774272010064e-03	1.017220964343313255e-06	1.102802233426803097e-22	1.052069289233249914e-16	6.599764786290795455e-15	2.361814084071882414e-14	3.866082402552728261e-23	2.763982522209477005e-23	1.727999979204513509e-02	6.927898256576868474e-02	7.210174342215864337e-04	2.212501713161905262e-10	7.199999919835367926e-04
5.690000000000000568e+01	5.257359145256660046e-12	3.020615299255097405e-15	2.067451322024709268e-21	1.998982774275219303e-03	1.017220963595654425e-06	1.102802232616241908e-22	1.052069288442197454e-16	6.599764781336203867e-15	2.361814082203251105e-14	3.866082399494018492e-23	2.763982518221383199e-23	1.727999979151875060e-02	6.927898256524299414e-02	7.210174347472217415e-04	2.216399283259369562e-10	7.199999921201636136e-04
5.700000000000000000e+01	5.257359141470036420e-12	3.020615296987478867e-15	2.067451320479259197e-21	1.998982774278428541e-03	1.017220962847995383e-06	1.102802231805680483e-22	1.052069287652394970e-16	6.599764776389451190e-15	2.361814080337467900e-14	3.866082396439971909e-23	2.763982514239855116e-23	1.727999979099236610e-02	6.927898256471730354e-02	7.210174352728570494e-04	2.220296853353968199e-10	7.199999922567904345e-04
5.710000000000000142e+01	5.257359137689202251e-12	3.020615294723187745e-15	2.067451318936075480e-21	1.998982774281637780e-03	1.017220962100336341e-06	1.102802230995119294e-22	1.052069286863751001e-16	6.599764771449967867e-15	2.361814078474299295e-14	3.866082393390203538e-23	2.763982510264414330e-23	1.727999979046598161e-02	6.927898256419161294e-02	7.210174357984923572e-04	2.224194423445702724e-10	7.199999923934172555e-04
5.720000000000000284e+01	5.257359133913682555e-12	3.020615292461948332e-15	2.067451317394972669e-21	1.998982774284847018e-03	1.017220961352677723e-06	1.102802230184557870e-22	1.052069286076170393e-16	6.599764766517154362e-15	2.361814076613602981e-14	3.866082390344482393e-23	2.763982506294563608e-23	1.727999978993959712e-02	6.927898256366592233e-02	7.210174363241276651e-04	2.228091993534615786e-10	7.199999925300440765e-04
5.730000000000000426e+01	5.257359130142968424e-12	3.020615290203470325e-15	2.067451315855752155e-21	1.998982774288056256e-03	1.017220960605018893e-06	1.102802229373997151e-22	1.052069285289551208e-16	6.599764761590374854e-15	2.361814074755075087e-14	3.866082387302310654e-23	2.763982502329762222e-23	1.727999978941321263e-02	6.927898256314023173e-02	7.210174368497629729e-04	2.231989563620577365e-10	7.199999926666708974e-04
5.740000000000000568e+01	5.257359126376827212e-12	3.020615287947620015e-15	2.067451314318322529e-21	1.998982774291265495e-03	1.017220959857359639e-06	1.102802228563435491e-22	1.052069284503847349e-16	6.599764756669336676e-15	2.361814072898601387e-14	3.866082384263501416e-23	2.763982498369770372e-23	1.727999978888682814e-02	6.927898256261454113e-02	7.210174373753982808e-04	2.235887133703732217e-10	7.199999928032977184e-04
5.750000000000000000e+01	5.257359122615351008e-12	3.020615285694450648e-15	2.067451312782719151e-21	1.998982774294474733e-03	1.017220959109700809e-06	1.102802227752874067e-22	1.052069283719077057e-16	6.599764751754156580e-15	2.361814071044223533e-14	3.866082381228124622e-23	2.763982494414685034e-23	1.727999978836044365e-02	6.927898256208885053e-02	7.210174379010335886e-04	2.239784703784021405e-10	7.199999929399245394e-04
5.760000000000000142e+01	5.257359118858480035e-12	3.020615283443925938e-15	2.067451311248919076e-21	1.998982774297683972e-03	1.017220958362042402e-06	1.102802226942313113e-22	1.052069282935228254e-16	6.599764746844756467e-15	2.361814069191951306e-14	3.866082378196192614e-23	2.763982490464440382e-23	1.727999978783405916e-02	6.927898256156315993e-02	7.210174384266688965e-04	2.243682273861403053e-10	7.199999930765513603e-04
5.770000000000000284e+01	5.257359115105043800e-12	3.020615281195375352e-15	2.067451309716463766e-21	1.998982774300893210e-03	1.017220957614383361e-06	1.102802226131752159e-22	1.052069282152066992e-16	6.599764741939669056e-15	2.361814067341247335e-14	3.866082375166827886e-23	2.763982486517808613e-23	1.727999978730767466e-02	6.927898256103746932e-02	7.210174389523042043e-04	2.247579843935949022e-10	7.199999932131781813e-04
5.780000000000000426e+01	5.257359111355089963e-12	3.020615278948825712e-15	2.067451308185372030e-21	1.998982774304102449e-03	1.017220956866724530e-06	1.102802225321190970e-22	1.052069281369602146e-16	6.599764737038953513e-15	2.361814065492143489e-14	3.866082372140082747e-23	2.763982482574837920e-23	1.727999978678129017e-02	6.927898256051177872e-02	7.210174394779395122e-04	2.251477414007630104e-10	7.199999933498050023e-04
5.790000000000000568e+01	5.257359107608556324e-12	3.020615276704241124e-15	2.067451306655620169e-21	1.998982774307311687e-03	1.017220956119065489e-06	1.102802224510629780e-22	1.052069280587822254e-16	6.599764732142531740e-15	2.361814063644576976e-14	3.866082369115853166e-23	2.763982478635463064e-23	1.727999978625490568e-02	6.927898255998608812e-02	7.210174400035748200e-04	2.255374984076403645e-10	7.199999934864318232e-04
5.800000000000000000e+01	5.257359103864823306e-12	3.020615274461265023e-15	2.067451305126964433e-21	1.998982774310520925e-03	1.017220955371406447e-06	1.102802223700068356e-22	1.052069279806602453e-16	6.599764727249627497e-15	2.361814061798340166e-14	3.866082366093802363e-23	2.763982474699033410e-23	1.727999978572852119e-02	6.927898255946039752e-02	7.210174405292101279e-04	2.259272554142355208e-10	7.199999936230586442e-04
5.810000000000000142e+01	5.257359100124071045e-12	3.020615272220001934e-15	2.067451303599475164e-21	1.998982774313730164e-03	1.017220954623747617e-06	1.102802222889507637e-22	1.052069279025979104e-16	6.599764722360464033e-15	2.361814059953392039e-14	3.866082363073859810e-23	2.763982470765737624e-23	1.727999978520213670e-02	6.927898255893470691e-02	7.210174410548454357e-04	2.263170124205399231e-10	7.199999937596854652e-04
5.820000000000000284e+01	5.257359096385868989e-12	3.020615269980203760e-15	2.067451302072985723e-21	1.998982774316939402e-03	1.017220953876088786e-06	1.102802222078946448e-22	1.052069278245866173e-16	6.599764717474504133e-15	2.361814058109648030e-14	3.866082360055888561e-23	2.763982466835123728e-23	1.727999978467575221e-02	6.927898255840901631e-02	7.210174415804807436e-04	2.267067694265621276e-10	7.199999938963122861e-04
5.830000000000000426e+01	5.257359092650082236e-12	3.020615267741793981e-15	2.067451300547442320e-21	1.998982774320148641e-03	1.017220953128430168e-06	1.102802221268385024e-22	1.052069277466236790e-16	6.599764712591576614e-15	2.361814056266990756e-14	3.866082357039695835e-23	2.763982462907049487e-23	1.727999978414936771e-02	6.927898255788332571e-02	7.210174421061160514e-04	2.270965264322978690e-10	7.199999940329391071e-04
5.840000000000000568e+01	5.257359088916592848e-12	3.020615265504703966e-15	2.067451299022797935e-21	1.998982774323357879e-03	1.017220952380771126e-06	1.102802220457823599e-22	1.052069276687066917e-16	6.599764707711532382e-15	2.361814054425357423e-14	3.866082354025179363e-23	2.763982458981390300e-23	1.727999978362298322e-02	6.927898255735763511e-02	7.210174426317513593e-04	2.274862834377471475e-10	7.199999941695659281e-04
5.850000000000000000e+01	5.257359085185166564e-12	3.020615263268799215e-15	2.067451297498961162e-21	1.998982774326567118e-03	1.017220951633112296e-06	1.102802219647261940e-22	1.052069275908309841e-16	6.599764702834078769e-15	2.361814052584675771e-14	3.866082351012219834e-23	2.763982455057900487e-23	1.727999978309659873e-02	6.927898255683194451e-02	7.210174431573866671e-04	2.278760404429056204e-10	7.199999943061927490e-04
5.860000000000000142e+01	5.257359081455643443e-12	3.020615261033987431e-15	2.067451295975869934e-21	1.998982774329776356e-03	1.017220950885453466e-06	1.102802218836700986e-22	1.052069275129933637e-16	6.599764697959013827e-15	2.361814050744873542e-14	3.866082348000701461e-23	2.763982451136412542e-23	1.727999978257021424e-02	6.927898255630625390e-02	7.210174436830219750e-04	2.282657974477776560e-10	7.199999944428195700e-04
5.870000000000000284e+01	5.257359077728024290e-12	3.020615258800270191e-15	2.067451294453524628e-21	1.998982774332985594e-03	1.017220950137794424e-06	1.102802218026139797e-22	1.052069274351938674e-16	6.599764693086339922e-15	2.361814048905904981e-14	3.866082344990546661e-23	2.763982447216927051e-23	1.727999978204382975e-02	6.927898255578056330e-02	7.210174442086572828e-04	2.286555544523632287e-10	7.199999945794463910e-04
5.880000000000000426e+01	5.257359074002048190e-12	3.020615256567496823e-15	2.067451292931822177e-21	1.998982774336194833e-03	1.017220949390135806e-06	1.102802217215578607e-22	1.052069273574272198e-16	6.599764688215726522e-15	2.361814047067696882e-14	3.866082341981637298e-23	2.763982443299166598e-23	1.727999978151744526e-02	6.927898255525487270e-02	7.210174447342925907e-04	2.290453114566623126e-10	7.199999947160732119e-04
5.890000000000000568e+01	5.257359070277705448e-12	3.020615254335661016e-15	2.067451291410758818e-21	1.998982774339404071e-03	1.017220948642476764e-06	1.102802216405016948e-22	1.052069272796932607e-16	6.599764683347167316e-15	2.361814045230242303e-14	3.866082338973959853e-23	2.763982439383125893e-23	1.727999978099106076e-02	6.927898255472918210e-02	7.210174452599278985e-04	2.294350684606792245e-10	7.199999948527000329e-04
5.900000000000000000e+01	5.257359066554748072e-12	3.020615252104621959e-15	2.067451289890238255e-21	1.998982774342613310e-03	1.017220947894817934e-06	1.102802215594455994e-22	1.052069272019870595e-16	6.599764678480345181e-15	2.361814043393409031e-14	3.866082335967301561e-23	2.763982435468541038e-23	1.727999978046467627e-02	6.927898255420349150e-02	7.210174457855632064e-04	2.298248254644053306e-10	7.199999949893268539e-04
5.910000000000000142e+01	5.257359062833167985e-12	3.020615249874374524e-15	2.067451288370257856e-21	1.998982774345822548e-03	1.017220947147159315e-06	1.102802214783894805e-22	1.052069271243084192e-16	6.599764673615256174e-15	2.361814041557205586e-14	3.866082332961673003e-23	2.763982431555403804e-23	1.727999977993829178e-02	6.927898255367780089e-02	7.210174463111985142e-04	2.302145824678450255e-10	7.199999951259536748e-04
5.920000000000000284e+01	5.257359059112833515e-12	3.020615247644842980e-15	2.067451286850764205e-21	1.998982774349031787e-03	1.017220946399500485e-06	1.102802213973333615e-22	1.052069270466546774e-16	6.599764668751726745e-15	2.361814039721560969e-14	3.866082329956959566e-23	2.763982427643577834e-23	1.727999977941190729e-02	6.927898255315211029e-02	7.210174468368338221e-04	2.306043394709982316e-10	7.199999952625804958e-04
5.930000000000000426e+01	5.257359055393484553e-12	3.020615245415876654e-15	2.067451285331656116e-21	1.998982774352241025e-03	1.017220945651841655e-06	1.102802213162772896e-22	1.052069269690206570e-16	6.599764663889434250e-15	2.361814037886392193e-14	3.866082326953024895e-23	2.763982423732787475e-23	1.727999977888552280e-02	6.927898255262641969e-02	7.210174473624691299e-04	2.309940964738649488e-10	7.199999953992073168e-04
5.940000000000000568e+01	5.257359051675249538e-12	3.020615243187550884e-15	2.067451283812985876e-21	1.998982774355450263e-03	1.017220944904182401e-06	1.102802212352211472e-22	1.052069268914089466e-16	6.599764659028544350e-15	2.361814036051716929e-14	3.866082323949897789e-23	2.763982419823167908e-23	1.727999977835913831e-02	6.927898255210072909e-02	7.210174478881044378e-04	2.313838534764452031e-10	7.199999955358341377e-04
5.950000000000000000e+01	5.257359047958130087e-12	3.020615240959866064e-15	2.067451282294751979e-21	1.998982774358659502e-03	1.017220944156523571e-06	1.102802211541650518e-22	1.052069268138195462e-16	6.599764654169051522e-15	2.361814034217531705e-14	3.866082320947574132e-23	2.763982415914722072e-23	1.727999977783275382e-02	6.927898255157503848e-02	7.210174484137397456e-04	2.317736104787389685e-10	7.199999956724609587e-04
5.960000000000000142e+01	5.257359044241986449e-12	3.020615238732740940e-15	2.067451280776899130e-21	1.998982774361868740e-03	1.017220943408864953e-06	1.102802210731089329e-22	1.052069267362496578e-16	6.599764649310782217e-15	2.361814032383777199e-14	3.866082317945954010e-23	2.763982412007300092e-23	1.727999977730636932e-02	6.927898255104934788e-02	7.210174489393750535e-04	2.321633674807506136e-10	7.199999958090877797e-04
5.970000000000000284e+01	5.257359040526570634e-12	3.020615236506035095e-15	2.067451279259332162e-21	1.998982774365077979e-03	1.017220942661205911e-06	1.102802209920527904e-22	1.052069266586943633e-16	6.599764644453429569e-15	2.361814030550385569e-14	3.866082314944928099e-23	2.763982408100646297e-23	1.727999977677998483e-02	6.927898255052365728e-02	7.210174494650103613e-04	2.325531244824714531e-10	7.199999959457146007e-04
5.980000000000000426e+01	5.257359036812007042e-12	3.020615234279819528e-15	2.067451277742099222e-21	1.998982774368287217e-03	1.017220941913547293e-06	1.102802209109966715e-22	1.052069265811561279e-16	6.599764639597148194e-15	2.361814028717369437e-14	3.866082311944516972e-23	2.763982404194887641e-23	1.727999977625360034e-02	6.927898254999796668e-02	7.210174499906456692e-04	2.329428814839059071e-10	7.199999960823414216e-04
5.990000000000000568e+01	5.257359033098165616e-12	3.020615232054017719e-15	2.067451276225148024e-21	1.998982774371496456e-03	1.017220941165888251e-06	1.102802208299405526e-22	1.052069265036323139e-16	6.599764634741771642e-15	2.361814026884686205e-14	3.866082308944650687e-23	2.763982400289887767e-23	1.727999977572721585e-02	6.927898254947227608e-02	7.210174505162809770e-04	2.333326384850541049e-10	7.199999962189682426e-04
6.000000000000000000e+01	5.257359029385043127e-12	3.020615229828630061e-15	2.067451274708479322e-21	1.998982774374705694e-03	1.017220940418229209e-06	1.102802207488844102e-22	1.052069264261228966e-16	6.599764629887298336e-15	2.361814025052326720e-14	3.866082305945313962e-23	2.763982396385644323e-23	1.727999977520083136e-02	6.927898254894658547e-02	7.210174510419162849e-04	2.337223954859157363e-10	7.199999963555950636e-04
6.010000000000000142e+01	5.257359025672509520e-12	3.020615227603579641e-15	2.067451273192040451e-21	1.998982774377914932e-03	1.017220939670570591e-06	1.102802206678282677e-22	1.052069263486252875e-16	6.599764625033564193e-15	2.361814023220239867e-14	3.866082302946425100e-23	2.763982392482019190e-23	1.727999977467444687e-02	6.927898254842089487e-02	7.210174515675515927e-04	2.341121524864909564e-10	7.199999964922218845e-04
6.020000000000000284e+01	5.257359021960566409e-12	3.020615225378868037e-15	2.067451271675832919e-21	1.998982774381124171e-03	1.017220938922911760e-06	1.102802205867721723e-22	1.052069262711394374e-16	6.599764620180571579e-15	2.361814021388446785e-14	3.866082299948015252e-23	2.763982388579015305e-23	1.727999977414806237e-02	6.927898254789520427e-02	7.210174520931869006e-04	2.345019094867797136e-10	7.199999966288487055e-04
6.030000000000000426e+01	5.257359018249343043e-12	3.020615223154570980e-15	2.067451270159907128e-21	1.998982774384333409e-03	1.017220938175253142e-06	1.102802205057160534e-22	1.052069261936680457e-16	6.599764615328482211e-15	2.361814019556940848e-14	3.866082296950077366e-23	2.763982384676769614e-23	1.727999977362167788e-02	6.927898254736951367e-02	7.210174526188222084e-04	2.348916664867819560e-10	7.199999967654755265e-04
6.040000000000000568e+01	5.257359014538446025e-12	3.020615220930461671e-15	2.067451268644109232e-21	1.998982774387542648e-03	1.017220937427593888e-06	1.102802204246598875e-22	1.052069261162031867e-16	6.599764610476803839e-15	2.361814017725610985e-14	3.866082293952426299e-23	2.763982380774866580e-23	1.727999977309529339e-02	6.927898254684382306e-02	7.210174531444575163e-04	2.352814234864977872e-10	7.199999969021023474e-04
6.050000000000000000e+01	5.257359010828269559e-12	3.020615218706765331e-15	2.067451267128594206e-21	1.998982774390751886e-03	1.017220936679935270e-06	1.102802203436037921e-22	1.052069260387526998e-16	6.599764605626026347e-15	2.361814015894574263e-14	3.866082290955256010e-23	2.763982376873719976e-23	1.727999977256890890e-02	6.927898254631813246e-02	7.210174536700928241e-04	2.356711804859270520e-10	7.199999970387291684e-04
6.060000000000000142e+01	5.257359007118417018e-12	3.020615216483255952e-15	2.067451265613204441e-21	1.998982774393961125e-03	1.017220935932276228e-06	1.102802202625476966e-22	1.052069259613087209e-16	6.599764600775657484e-15	2.361814014063702570e-14	3.866082287958354910e-23	2.763982372972914266e-23	1.727999977204252441e-02	6.927898254579244186e-02	7.210174541957281320e-04	2.360609374850699055e-10	7.199999971753559894e-04
6.070000000000000284e+01	5.257359003408760771e-12	3.020615214259858984e-15	2.067451264097893670e-21	1.998982774397170363e-03	1.017220935184617610e-06	1.102802201814916012e-22	1.052069258838686987e-16	6.599764595925539479e-15	2.361814012232948576e-14	3.866082284961647765e-23	2.763982369072316031e-23	1.727999977151613992e-02	6.927898254526675126e-02	7.210174547213634398e-04	2.364506944839262961e-10	7.199999973119828103e-04
6.080000000000000426e+01	5.257358999699825076e-12	3.020615212036876564e-15	2.067451262582863888e-21	1.998982774400379601e-03	1.017220934436958991e-06	1.102802201004354823e-22	1.052069258064430732e-16	6.599764591076321565e-15	2.361814010402470682e-14	3.866082281965390248e-23	2.763982365172474813e-23	1.727999977098975543e-02	6.927898254474106066e-02	7.210174552469987477e-04	2.368404514824961719e-10	7.199999974486096313e-04
6.090000000000000568e+01	5.257358995991216538e-12	3.020615209814081497e-15	2.067451261067962001e-21	1.998982774403588840e-03	1.017220933689299526e-06	1.102802200193793399e-22	1.052069257290239559e-16	6.599764586227513858e-15	2.361814008572167601e-14	3.866082278969421314e-23	2.763982361272976253e-23	1.727999977046337093e-02	6.927898254421537005e-02	7.210174557726340555e-04	2.372302084807796364e-10	7.199999975852364523e-04
6.100000000000000000e+01	5.257358992282931117e-12	3.020615207591471813e-15	2.067451259553187254e-21	1.998982774406798078e-03	1.017220932941641119e-06	1.102802199383232445e-22	1.052069256516113589e-16	6.599764581379111626e-15	2.361814006742000834e-14	3.866082275973673961e-23	2.763982357373819173e-23	1.727999976993698644e-02	6.927898254368967945e-02	7.210174562982693634e-04	2.376199654787765863e-10	7.199999977218632732e-04
6.110000000000000142e+01	5.257358988574841989e-12	3.020615205368975331e-15	2.067451258038488868e-21	1.998982774410007317e-03	1.017220932193982289e-06	1.102802198572671020e-22	1.052069255742026693e-16	6.599764576530960251e-15	2.361814004911950188e-14	3.866082272978117626e-23	2.763982353474868393e-23	1.727999976941060195e-02	6.927898254316398885e-02	7.210174568239046712e-04	2.380097224764870732e-10	7.199999978584900942e-04
6.120000000000000284e+01	5.257358984867078403e-12	3.020615203146666203e-15	2.067451256523917624e-21	1.998982774413216555e-03	1.017220931446323459e-06	1.102802197762110301e-22	1.052069254968005247e-16	6.599764571683215140e-15	2.361814003082029231e-14	3.866082269982772292e-23	2.763982349576260270e-23	1.727999976888421746e-02	6.927898254263829825e-02	7.210174573495399791e-04	2.383994794739110971e-10	7.199999979951169152e-04
6.130000000000000426e+01	5.257358981159641165e-12	3.020615200924543640e-15	2.067451255009474649e-21	1.998982774416425794e-03	1.017220930698664841e-06	1.102802196951548877e-22	1.052069254194048390e-16	6.599764566835876292e-15	2.361814001252242380e-14	3.866082266987647363e-23	2.763982345677993039e-23	1.727999976835783297e-02	6.927898254211260765e-02	7.210174578751752869e-04	2.387892364710486063e-10	7.199999981317437361e-04
6.140000000000000568e+01	5.257358977452398605e-12	3.020615198702533885e-15	2.067451253495108410e-21	1.998982774419635032e-03	1.017220929951005799e-06	1.102802196140987453e-22	1.052069253420130975e-16	6.599764561988786724e-15	2.361813999422572596e-14	3.866082263992714627e-23	2.763982341779932696e-23	1.727999976783144848e-02	6.927898254158691704e-02	7.210174584008105948e-04	2.391789934678997042e-10	7.199999982683705571e-04
6.150000000000000000e+01	5.257358973745482394e-12	3.020615196480711879e-15	2.067451251980869690e-21	1.998982774422844270e-03	1.017220929203346969e-06	1.102802195330426028e-22	1.052069252646278888e-16	6.599764557142104208e-15	2.361813997593031554e-14	3.866082260997991718e-23	2.763982337882215597e-23	1.727999976730506398e-02	6.927898254106122644e-02	7.210174589264459026e-04	2.395687504644642875e-10	7.199999984049973781e-04
6.160000000000000142e+01	5.257358970038497520e-12	3.020615194258849246e-15	2.067451250466603133e-21	1.998982774426053509e-03	1.017220928455688139e-06	1.102802194519864839e-22	1.052069251872412996e-16	6.599764552295338074e-15	2.361813995763495876e-14	3.866082258003277624e-23	2.763982333984424442e-23	1.727999976677867949e-02	6.927898254053553584e-02	7.210174594520812105e-04	2.399585074607424077e-10	7.199999985416241990e-04
6.170000000000000284e+01	5.257358966331706517e-12	3.020615192037098237e-15	2.067451248952413313e-21	1.998982774429262747e-03	1.017220927708029097e-06	1.102802193709303650e-22	1.052069251098585808e-16	6.599764547448812541e-15	2.361813993934011632e-14	3.866082255008648166e-23	2.763982330086838999e-23	1.727999976625229500e-02	6.927898254000984524e-02	7.210174599777165183e-04	2.403482644567340650e-10	7.199999986782510200e-04
6.180000000000000426e+01	5.257358962625241055e-12	3.020615189815534977e-15	2.067451247438351386e-21	1.998982774432471986e-03	1.017220926960370267e-06	1.102802192898742461e-22	1.052069250324823823e-16	6.599764542602695639e-15	2.361813992104662125e-14	3.866082252014239113e-23	2.763982326189595036e-23	1.727999976572591051e-02	6.927898253948415463e-02	7.210174605033518262e-04	2.407380214524392593e-10	7.199999988148778410e-04
6.190000000000000568e+01	5.257358958918972694e-12	3.020615187594084524e-15	2.067451245924366572e-21	1.998982774435681224e-03	1.017220926212711648e-06	1.102802192088181507e-22	1.052069249551101405e-16	6.599764537756828806e-15	2.361813990275430001e-14	3.866082249020023429e-23	2.763982322292557961e-23	1.727999976519952602e-02	6.927898253895846403e-02	7.210174610289871340e-04	2.411277784478579906e-10	7.199999989515046619e-04
6.200000000000000000e+01	5.257358955212897396e-12	3.020615185372744906e-15	2.067451244410456238e-21	1.998982774438890463e-03	1.017220925465052606e-06	1.102802191277620317e-22	1.052069248777417321e-16	6.599764532911200997e-15	2.361813988446280550e-14	3.866082246025941164e-23	2.763982318395723658e-23	1.727999976467314153e-02	6.927898253843277343e-02	7.210174615546224419e-04	2.415175354429902072e-10	7.199999990881314829e-04
6.210000000000000142e+01	5.257358951506753436e-12	3.020615183151366240e-15	2.067451242896519948e-21	1.998982774442099701e-03	1.017220924717393776e-06	1.102802190467058893e-22	1.052069248003719925e-16	6.599764528065490358e-15	2.361813986617109326e-14	3.866082243031824222e-23	2.763982314498818238e-23	1.727999976414675704e-02	6.927898253790708283e-02	7.210174620802577497e-04	2.419072924378359608e-10	7.199999992247583039e-04
6.220000000000000284e+01	5.257358947800935824e-12	3.020615180930174928e-15	2.067451241382710800e-21	1.998982774445308939e-03	1.017220923969735370e-06	1.102802189656498174e-22	1.052069247230087610e-16	6.599764523220187560e-15	2.361813984788062111e-14	3.866082240037909464e-23	2.763982310602256062e-23	1.727999976362037254e-02	6.927898253738139223e-02	7.210174626058930576e-04	2.422970494323951997e-10	7.199999993613851249e-04
6.230000000000000426e+01	5.257358944095312083e-12	3.020615178709095634e-15	2.067451239868978388e-21	1.998982774448518178e-03	1.017220923222076328e-06	1.102802188845936750e-22	1.052069246456494121e-16	6.599764518375130098e-15	2.361813982959126599e-14	3.866082237044179260e-23	2.763982306705897247e-23	1.727999976309398805e-02	6.927898253685570162e-02	7.210174631315283654e-04	2.426868064266680791e-10	7.199999994980119458e-04
6.240000000000000568e+01	5.257358940389620487e-12	3.020615176487975319e-15	2.067451238355218140e-21	1.998982774451727416e-03	1.017220922474417286e-06	1.102802188035375796e-22	1.052069245682886951e-16	6.599764513529983495e-15	2.361813981130147226e-14	3.866082234050374999e-23	2.763982302809466139e-23	1.727999976256760356e-02	6.927898253633001102e-02	7.210174636571636732e-04	2.430765634206543921e-10	7.199999996346387668e-04
6.250000000000000000e+01	5.257358936684253624e-12	3.020615174267043542e-15	2.067451236841586539e-21	1.998982774454936655e-03	1.017220921726758668e-06	1.102802187224814606e-22	1.052069244909344862e-16	6.599764508685247099e-15	2.361813979301290915e-14	3.866082231056773511e-23	2.763982298913377688e-23	1.727999976204121907e-02	6.927898253580432042e-02	7.210174641827989811e-04	2.434663204143542420e-10	7.199999997712655878e-04
6.260000000000000142e+01	5.257358932978820521e-12	3.020615172046073111e-15	2.067451235327928230e-21	1.998982774458145893e-03	1.017220920979100049e-06	1.102802186414253652e-22	1.052069244135789584e-16	6.599764503840428662e-15	2.361813977472463003e-14	3.866082228063217279e-23	2.763982295017219882e-23	1.727999976151483458e-02	6.927898253527862982e-02	7.210174647084342889e-04	2.438560774077676807e-10	7.199999999078924087e-04
6.270000000000000284e+01	5.257358929273579674e-12	3.020615169825212332e-15	2.067451233814344777e-21	1.998982774461355132e-03	1.017220920231441219e-06	1.102802185603692463e-22	1.052069243362272516e-16	6.599764498995848460e-15	2.361813975643665068e-14	3.866082225069711594e-23	2.763982291121263674e-23	1.727999976098845009e-02	6.927898253475293922e-02	7.210174652340695968e-04	2.442458344008946047e-10	7.200000000445192297e-04
6.280000000000000426e+01	5.257358925568402643e-12	3.020615167604389812e-15	2.067451232300787655e-21	1.998982774464564370e-03	1.017220919483782177e-06	1.102802184793131039e-22	1.052069242588768637e-16	6.599764494151353456e-15	2.361813973814946335e-14	3.866082222076336976e-23	2.763982287225374468e-23	1.727999976046206559e-02	6.927898253422724861e-02	7.210174657597049046e-04	2.446355913937351175e-10	7.200000001811460507e-04
6.290000000000000568e+01	5.257358921863288619e-12	3.020615165383603186e-15	2.067451230787254231e-21	1.998982774467773608e-03	1.017220918736123135e-06	1.102802183982569850e-22	1.052069241815277085e-16	6.599764489306933394e-15	2.361813971986211509e-14	3.866082219082932383e-23	2.763982283329552266e-23	1.727999975993568110e-02	6.927898253370155801e-02	7.210174662853402125e-04	2.450253483862890638e-10	7.200000003177728716e-04
6.300000000000000000e+01	5.257358918158238411e-12	3.020615163162852453e-15	2.067451229273746009e-21	1.998982774470982847e-03	1.017220917988464517e-06	1.102802183172008660e-22	1.052069241041798351e-16	6.599764484462594584e-15	2.361813970157549258e-14	3.866082216089648866e-23	2.763982279433796480e-23	1.727999975940929661e-02	6.927898253317586741e-02	7.210174668109755203e-04	2.454151053785565472e-10	7.200000004543996926e-04
6.310000000000000142e+01	5.257358914453249595e-12	3.020615160942136429e-15	2.067451227760261485e-21	1.998982774474192085e-03	1.017220917240805899e-06	1.102802182361447706e-22	1.052069240268331819e-16	6.599764479618329927e-15	2.361813968328869652e-14	3.866082213096337137e-23	2.763982275538104758e-23	1.727999975888291212e-02	6.927898253265017681e-02	7.210174673366108282e-04	2.458048623705376192e-10	7.200000005910265136e-04
6.320000000000000284e+01	5.257358910748476461e-12	3.020615158721545835e-15	2.067451226246861597e-21	1.998982774477401324e-03	1.017220916493146857e-06	1.102802181550886517e-22	1.052069239494908552e-16	6.599764474774342160e-15	2.361813966500304589e-14	3.866082210103210549e-23	2.763982271642641082e-23	1.727999975835652763e-02	6.927898253212448620e-02	7.210174678622461360e-04	2.461946193622336242e-10	7.200000007276533345e-04
6.330000000000000426e+01	5.257358907043629817e-12	3.020615156500912247e-15	2.067451224733433121e-21	1.998982774480610562e-03	1.017220915745488238e-06	1.102802180740325328e-22	1.052069238721470248e-16	6.599764469930256575e-15	2.361813964671717122e-14	3.866082207110049283e-23	2.763982267747098647e-23	1.727999975783014314e-02	6.927898253159879560e-02	7.210174683878814439e-04	2.465843763536445620e-10	7.200000008642801555e-04
6.340000000000000568e+01	5.257358903338831640e-12	3.020615154280306270e-15	2.067451223220022701e-21	1.998982774483819801e-03	1.017220914997829408e-06	1.102802179929764139e-22	1.052069237948042050e-16	6.599764465086236465e-15	2.361813962843169098e-14	3.866082204116952670e-23	2.763982263851607935e-23	1.727999975730375865e-02	6.927898253107310500e-02	7.210174689135167517e-04	2.469741333447661417e-10	7.200000010009069765e-04
6.350000000000000000e+01	5.257358899634094856e-12	3.020615152059735397e-15	2.067451221706637483e-21	1.998982774487029039e-03	1.017220914250170366e-06	1.102802179119202949e-22	1.052069237174625932e-16	6.599764460242288930e-15	2.361813961014603088e-14	3.866082201123826670e-23	2.763982259956182462e-23	1.727999975677737415e-02	6.927898253054741440e-02	7.210174694391520596e-04	2.473638903356013102e-10	7.200000011375337974e-04
6.360000000000000142e+01	5.257358895929422696e-12	3.020615149839203178e-15	2.067451220193278220e-21	1.998982774490238278e-03	1.017220913502511960e-06	1.102802178308642230e-22	1.052069236401223126e-16	6.599764455398425803e-15	2.361813959186111862e-14	3.866082198130821745e-23	2.763982256060823992e-23	1.727999975625098966e-02	6.927898253002172380e-02	7.210174699647873674e-04	2.477536473261500156e-10	7.200000012741606184e-04
6.370000000000000284e+01	5.257358892224812735e-12	3.020615147618704486e-15	2.067451218679941527e-21	1.998982774493447516e-03	1.017220912754852918e-06	1.102802177498080571e-22	1.052069235627832030e-16	6.599764450554636040e-15	2.361813957357601388e-14	3.866082195137787433e-23	2.763982252165530763e-23	1.727999975572460517e-02	6.927898252949603319e-02	7.210174704904226753e-04	2.481434043164122063e-10	7.200000014107874394e-04
6.380000000000000426e+01	5.257358888520265783e-12	3.020615145398244053e-15	2.067451217166631164e-21	1.998982774496656754e-03	1.017220912007193876e-06	1.102802176687519617e-22	1.052069234854454245e-16	6.599764445710932264e-15	2.361813955529166960e-14	3.866082192144875372e-23	2.763982248270303949e-23	1.727999975519822068e-02	6.927898252897034259e-02	7.210174710160579831e-04	2.485331613063879858e-10	7.200000015474142603e-04
6.390000000000000568e+01	5.257358884815781030e-12	3.020615143177818331e-15	2.067451215653344124e-21	1.998982774499865993e-03	1.017220911259535258e-06	1.102802175876958193e-22	1.052069234081088787e-16	6.599764440867303429e-15	2.361813953700714231e-14	3.866082189151934512e-23	2.763982244375143550e-23	1.727999975467183619e-02	6.927898252844465199e-02	7.210174715416932910e-04	2.489229182960771989e-10	7.200000016840410813e-04
6.400000000000000000e+01	5.257358881111230039e-12	3.020615140957354348e-15	2.067451214140031128e-21	1.998982774503075231e-03	1.017220910511876639e-06	1.102802175066397238e-22	1.052069233307709770e-16	6.599764436023590185e-15	2.361813951872282012e-14	3.866082186159025977e-23	2.763982240479912622e-23	1.727999975414545170e-02	6.927898252791896139e-02	7.210174720673285988e-04	2.493126752854800007e-10	7.200000018206679023e-04
6.410000000000000853e+01	5.257358877406872110e-12	3.020615138737001990e-15	2.067451212626793740e-21	1.998982774506284470e-03	1.017220909764217597e-06	1.102802174255836049e-22	1.052069232534369703e-16	6.599764431180120700e-15	2.361813950043880716e-14	3.866082183166170340e-23	2.763982236584884466e-23	1.727999975361906720e-02	6.927898252739327078e-02	7.210174725929639067e-04	2.497024322745960810e-10	7.200000019572947232e-04
6.420000000000000284e+01	5.257358873702314656e-12	3.020615136516534063e-15	2.067451211113478488e-21	1.998982774509493708e-03	1.017220909016558979e-06	1.102802173445275095e-22	1.052069231760989454e-16	6.599764426336400357e-15	2.361813948215447550e-14	3.866082180173260043e-23	2.763982232689646485e-23	1.727999975309268271e-02	6.927898252686758018e-02	7.210174731185992145e-04	2.500921892634256466e-10	7.200000020939215442e-04
6.429999999999999716e+01	5.257358869997951880e-12	3.020615134296178944e-15	2.067451209600239972e-21	1.998982774512702947e-03	1.017220908268900149e-06	1.102802172634713671e-22	1.052069230987648524e-16	6.599764421492926928e-15	2.361813946387079702e-14	3.866082177180457891e-23	2.763982228794613627e-23	1.727999975256629822e-02	6.927898252634188958e-02	7.210174736442345224e-04	2.504819462519686976e-10	7.200000022305483652e-04
6.440000000000000568e+01	5.257358866293519634e-12	3.020615132075783198e-15	2.067451208086973620e-21	1.998982774515912185e-03	1.017220907521241319e-06	1.102802171824152482e-22	1.052069230214293050e-16	6.599764416649361202e-15	2.361813944558665785e-14	3.866082174187581095e-23	2.763982224899508477e-23	1.727999975203991373e-02	6.927898252581619898e-02	7.210174741698698302e-04	2.508717032402253889e-10	7.200000023671751861e-04
6.450000000000000000e+01	5.257358862589151204e-12	3.020615129855424134e-15	2.067451206573731718e-21	1.998982774519121423e-03	1.017220906773582489e-06	1.102802171013591527e-22	1.052069229440950764e-16	6.599764411805879095e-15	2.361813942730303932e-14	3.866082171194788935e-23	2.763982221004468566e-23	1.727999975151352924e-02	6.927898252529050838e-02	7.210174746955051381e-04	2.512614602281955139e-10	7.200000025038020071e-04
6.460000000000000853e+01	5.257358858884845782e-12	3.020615127635102541e-15	2.067451205060515019e-21	1.998982774522330662e-03	1.017220906025923870e-06	1.102802170203030338e-22	1.052069228667621298e-16	6.599764406962475874e-15	2.361813940901938608e-14	3.866082168201991485e-23	2.763982217109496835e-23	1.727999975098714475e-02	6.927898252476481777e-02	7.210174752211404459e-04	2.516512172158792276e-10	7.200000026404288281e-04
6.470000000000000284e+01	5.257358855180471697e-12	3.020615125414739927e-15	2.067451203547271989e-21	1.998982774525539900e-03	1.017220905278265040e-06	1.102802169392469149e-22	1.052069227894277656e-16	6.599764402118985090e-15	2.361813939073576124e-14	3.866082165209198149e-23	2.763982213214450459e-23	1.727999975046076025e-02	6.927898252423912717e-02	7.210174757467757538e-04	2.520409742032764783e-10	7.200000027770556491e-04
6.479999999999999716e+01	5.257358851476290675e-12	3.020615123194488937e-15	2.067451202034104191e-21	1.998982774528749139e-03	1.017220904530605998e-06	1.102802168581908195e-22	1.052069227120972965e-16	6.599764397275738063e-15	2.361813937245264759e-14	3.866082162216488273e-23	2.763982209319610382e-23	1.727999974993437576e-02	6.927898252371343657e-02	7.210174762724110616e-04	2.524307311903871626e-10	7.200000029136824700e-04
6.490000000000000568e+01	5.257358847771913359e-12	3.020615120974125140e-15	2.067451200520859280e-21	1.998982774531958377e-03	1.017220903782947380e-06	1.102802167771346536e-22	1.052069226347628830e-16	6.599764392432244124e-15	2.361813935416901013e-14	3.866082159223691999e-23	2.763982205424561656e-23	1.727999974940799127e-02	6.927898252318774597e-02	7.210174767980463695e-04	2.528204881772115391e-10	7.200000030503092910e-04
6.500000000000000000e+01	5.257358844067728298e-12	3.020615118753871390e-15	2.067451199007688848e-21	1.998982774535167616e-03	1.017220903035288338e-06	1.102802166960785581e-22	1.052069225574323153e-16	6.599764387588988420e-15	2.361813933588601007e-14	3.866082156231000931e-23	2.763982201529715114e-23	1.727999974888160678e-02	6.927898252266205537e-02	7.210174773236816773e-04	2.532102451637493491e-10	7.200000031869361120e-04
6.510000000000000853e+01	5.257358840363474574e-12	3.020615116533578590e-15	2.067451197494493214e-21	1.998982774538376854e-03	1.017220902287629931e-06	1.102802166150224627e-22	1.052069224801003670e-16	6.599764382745650674e-15	2.361813931760279228e-14	3.866082153238274599e-23	2.763982197634797455e-23	1.727999974835522229e-02	6.927898252213636476e-02	7.210174778493169852e-04	2.536000021500006962e-10	7.200000033235629329e-04
6.520000000000000284e+01	5.257358836659283051e-12	3.020615114313322078e-15	2.067451195981321654e-21	1.998982774541586092e-03	1.017220901539971101e-06	1.102802165339663438e-22	1.052069224027697007e-16	6.599764377902391026e-15	2.361813929931980484e-14	3.866082150245585294e-23	2.763982193739945036e-23	1.727999974782883780e-02	6.927898252161067416e-02	7.210174783749522930e-04	2.539897591359655802e-10	7.200000034601897539e-04
6.529999999999999716e+01	5.257358832955157767e-12	3.020615112093102248e-15	2.067451194468174544e-21	1.998982774544795331e-03	1.017220900792311848e-06	1.102802164529102014e-22	1.052069223254402915e-16	6.599764373059211842e-15	2.361813928103711717e-14	3.866082147252945360e-23	2.763982189845160207e-23	1.727999974730245331e-02	6.927898252108498356e-02	7.210174789005876009e-04	2.543795161216439496e-10	7.200000035968165749e-04
6.540000000000000568e+01	5.257358829250960589e-12	3.020615109872841792e-15	2.067451192955000727e-21	1.998982774548004569e-03	1.017220900044653441e-06	1.102802163718541060e-22	1.052069222481094896e-16	6.599764368215941150e-15	2.361813926275411080e-14	3.866082144260253117e-23	2.763982185950302499e-23	1.727999974677606881e-02	6.927898252055929296e-02	7.210174794262229087e-04	2.547692731070359594e-10	7.200000037334433958e-04
6.550000000000000000e+01	5.257358825546708481e-12	3.020615107652549781e-15	2.067451191441804717e-21	1.998982774551213808e-03	1.017220899296994399e-06	1.102802162907980106e-22	1.052069221707775906e-16	6.599764363372606560e-15	2.361813924447113599e-14	3.866082141267566164e-23	2.763982182055386015e-23	1.727999974624968432e-02	6.927898252003360235e-02	7.210174799518582166e-04	2.551590300921442463e-10	7.200000038700702168e-04
6.560000000000000853e+01	5.257358821842620355e-12	3.020615105432352434e-15	2.067451189928673782e-21	1.998982774554423046e-03	1.017220898549335781e-06	1.102802162097419151e-22	1.052069220934490074e-16	6.599764358529476285e-15	2.361813922618833472e-14	3.866082138274908597e-23	2.763982178160642917e-23	1.727999974572329983e-02	6.927898251950791175e-02	7.210174804774935244e-04	2.555487870769646226e-10	7.200000040066970378e-04
6.570000000000000284e+01	5.257358818138351283e-12	3.020615103212050957e-15	2.067451188415471001e-21	1.998982774557632285e-03	1.017220897801677162e-06	1.102802161286858197e-22	1.052069220161167510e-16	6.599764353686118818e-15	2.361813920790530626e-14	3.866082135282211652e-23	2.763982174265708801e-23	1.727999974519691534e-02	6.927898251898222115e-02	7.210174810031288323e-04	2.559385440614971400e-10	7.200000041433238587e-04
6.579999999999999716e+01	5.257358814434276890e-12	3.020615100991861104e-15	2.067451186902345332e-21	1.998982774560841523e-03	1.017220897054018120e-06	1.102802160476296773e-22	1.052069219387884019e-16	6.599764348843005898e-15	2.361813918962290889e-14	3.866082132289619914e-23	2.763982170370978045e-23	1.727999974467053085e-02	6.927898251845653055e-02	7.210174815287641401e-04	2.563283010457431945e-10	7.200000042799506797e-04
6.590000000000000568e+01	5.257358810730133027e-12	3.020615098771630624e-15	2.067451185389191452e-21	1.998982774564050761e-03	1.017220896306359290e-06	1.102802159665735349e-22	1.052069218614586600e-16	6.599764343999803837e-15	2.361813917134007922e-14	3.866082129296955882e-23	2.763982166476176172e-23	1.727999974414414636e-02	6.927898251793083995e-02	7.210174820543994480e-04	2.567180580297027860e-10	7.200000044165775007e-04
6.600000000000000000e+01	5.257358807025920501e-12	3.020615096551362279e-15	2.067451183876011240e-21	1.998982774567260000e-03	1.017220895558700672e-06	1.102802158855174395e-22	1.052069217841275745e-16	6.599764339156518945e-15	2.361813915305718014e-14	3.866082126304281271e-23	2.763982162581300243e-23	1.727999974361776186e-02	6.927898251740514934e-02	7.210174825800347558e-04	2.571078150133758628e-10	7.200000045532043216e-04
6.610000000000000853e+01	5.257358803321902653e-12	3.020615094331204375e-15	2.067451182362907012e-21	1.998982774570469238e-03	1.017220894811041630e-06	1.102802158044613205e-22	1.052069217068003225e-16	6.599764334313473078e-15	2.361813913477479539e-14	3.866082123311691296e-23	2.763982158686630026e-23	1.727999974309137737e-02	6.927898251687945874e-02	7.210174831056700637e-04	2.574975719967625800e-10	7.200000046898311426e-04
6.620000000000000284e+01	5.257358799617686088e-12	3.020615092110933269e-15	2.067451180849725672e-21	1.998982774573678477e-03	1.017220894063383012e-06	1.102802157234052251e-22	1.052069216294691384e-16	6.599764329470181876e-15	2.361813911649188053e-14	3.866082120319014922e-23	2.763982154791751158e-23	1.727999974256499288e-02	6.927898251635376814e-02	7.210174836313053715e-04	2.578873289798626791e-10	7.200000048264579636e-04
6.629999999999999716e+01	5.257358795913662585e-12	3.020615089890772210e-15	2.067451179336618811e-21	1.998982774576887715e-03	1.017220893315724182e-06	1.102802156423490827e-22	1.052069215521418001e-16	6.599764324627130487e-15	2.361813909820961569e-14	3.866082117326442579e-23	2.763982150897074475e-23	1.727999974203860839e-02	6.927898251582807754e-02	7.210174841569406794e-04	2.582770859626763669e-10	7.200000049630847845e-04
6.640000000000000568e+01	5.257358792209572036e-12	3.020615087670574073e-15	2.067451177823487500e-21	1.998982774580096954e-03	1.017220892568065351e-06	1.102802155612929873e-22	1.052069214748131552e-16	6.599764319783998634e-15	2.361813907992712681e-14	3.866082114333835559e-23	2.763982147002328438e-23	1.727999974151222390e-02	6.927898251530238694e-02	7.210174846825759872e-04	2.586668429452035918e-10	7.200000050997116055e-04
6.650000000000000000e+01	5.257358788505410401e-12	3.020615085450334127e-15	2.067451176310326849e-21	1.998982774583306192e-03	1.017220891820406733e-06	1.102802154802368919e-22	1.052069213974830681e-16	6.599764314940775274e-15	2.361813906164427821e-14	3.866082111341170353e-23	2.763982143107508345e-23	1.727999974098583941e-02	6.927898251477669633e-02	7.210174852082112951e-04	2.590565999274443019e-10	7.200000052363384265e-04
6.660000000000000853e+01	5.257358784801315005e-12	3.020615083230131258e-15	2.067451174797191776e-21	1.998982774586515430e-03	1.017220891072747903e-06	1.102802153991807729e-22	1.052069213201542630e-16	6.599764310097633166e-15	2.361813904336194710e-14	3.866082108348588606e-23	2.763982139212755843e-23	1.727999974045945492e-02	6.927898251425100573e-02	7.210174857338466029e-04	2.594463569093986525e-10	7.200000053729652474e-04
6.670000000000000284e+01	5.257358781097279386e-12	3.020615081009963887e-15	2.067451173284080778e-21	1.998982774589724669e-03	1.017220890325089285e-06	1.102802153181246305e-22	1.052069212428266904e-16	6.599764305254567578e-15	2.361813902507944245e-14	3.866082105355977472e-23	2.763982135318066230e-23	1.727999973993307042e-02	6.927898251372531513e-02	7.210174862594819108e-04	2.598361138910663850e-10	7.200000055095920684e-04
6.679999999999999716e+01	5.257358777393177528e-12	3.020615078789758651e-15	2.067451171770944200e-21	1.998982774592933907e-03	1.017220889577430243e-06	1.102802152370685351e-22	1.052069211654978113e-16	6.599764300411421526e-15	2.361813900679714605e-14	3.866082102363402190e-23	2.763982131423309026e-23	1.727999973940668593e-02	6.927898251319962453e-02	7.210174867851172186e-04	2.602258708724477062e-10	7.200000056462188894e-04
6.690000000000000568e+01	5.257358773689137869e-12	3.020615076569588520e-15	2.067451170257831321e-21	1.998982774596143146e-03	1.017220888829771624e-06	1.102802151560124162e-22	1.052069210881701648e-16	6.599764295568353571e-15	2.361813898851492854e-14	3.866082099370839839e-23	2.763982127528614711e-23	1.727999973888030144e-02	6.927898251267393392e-02	7.210174873107525265e-04	2.606156278535426161e-10	7.200000057828457103e-04
6.700000000000000000e+01	5.257358769985030357e-12	3.020615074349378945e-15	2.067451168744692487e-21	1.998982774599352384e-03	1.017220888082112794e-06	1.102802150749563443e-22	1.052069210108411378e-16	6.599764290725194108e-15	2.361813897023225349e-14	3.866082096378200493e-23	2.763982123633850454e-23	1.727999973835391695e-02	6.927898251214824332e-02	7.210174878363878343e-04	2.610053848343509596e-10	7.200000059194725313e-04
6.710000000000000853e+01	5.257358766280985852e-12	3.020615072129206447e-15	2.067451167231578103e-21	1.998982774602561623e-03	1.017220887334454388e-06	1.102802149939002489e-22	1.052069209335133927e-16	6.599764285882119053e-15	2.361813895195008331e-14	3.866082093385646958e-23	2.763982119739153200e-23	1.727999973782753246e-02	6.927898251162255272e-02	7.210174883620231422e-04	2.613951418148729436e-10	7.200000060560993523e-04
6.720000000000000284e+01	5.257358762577002739e-12	3.020615069909069842e-15	2.067451165718487793e-21	1.998982774605770861e-03	1.017220886586795346e-06	1.102802149128441299e-22	1.052069208561868802e-16	6.599764281039118940e-15	2.361813893366788158e-14	3.866082090393086370e-23	2.763982115844520010e-23	1.727999973730114797e-02	6.927898251109686212e-02	7.210174888876584500e-04	2.617848987951083095e-10	7.200000061927261732e-04
6.729999999999999716e+01	5.257358758872821717e-12	3.020615067688818852e-15	2.067451164205319618e-21	1.998982774608980099e-03	1.017220885839136516e-06	1.102802148317879875e-22	1.052069207788564111e-16	6.599764276195872703e-15	2.361813891538513080e-14	3.866082087400435269e-23	2.763982111949677583e-23	1.727999973677476347e-02	6.927898251057117152e-02	7.210174894132937579e-04	2.621746557750572640e-10	7.200000063293529942e-04
6.740000000000000568e+01	5.257358755168834565e-12	3.020615065468679091e-15	2.067451162692227804e-21	1.998982774612189338e-03	1.017220885091477897e-06	1.102802147507318921e-22	1.052069207015298123e-16	6.599764271352867068e-15	2.361813889710302689e-14	3.866082084407891138e-23	2.763982108055039104e-23	1.727999973624837898e-02	6.927898251004548091e-02	7.210174899389290657e-04	2.625644127547198073e-10	7.200000064659798152e-04
6.750000000000000000e+01	5.257358751464779559e-12	3.020615063248500282e-15	2.067451161179109282e-21	1.998982774615398576e-03	1.017220884343819279e-06	1.102802146696757732e-22	1.052069206242018453e-16	6.599764266509779391e-15	2.361813887882068947e-14	3.866082081415309391e-23	2.763982104160330095e-23	1.727999973572199449e-02	6.927898250951979031e-02	7.210174904645643736e-04	2.629541697340957842e-10	7.200000066026066362e-04
6.760000000000000853e+01	5.257358747760778675e-12	3.020615061028352239e-15	2.067451159666011825e-21	1.998982774618607815e-03	1.017220883596160237e-06	1.102802145886196543e-22	1.052069205468749507e-16	6.599764261666756402e-15	2.361813886053859502e-14	3.866082078422765848e-23	2.763982100265678097e-23	1.727999973519561000e-02	6.927898250899409971e-02	7.210174909901996814e-04	2.633439267131896408e-10	7.200000067392334571e-04
6.770000000000000284e+01	5.257358744056718014e-12	3.020615058808171063e-15	2.067451158152890294e-21	1.998982774621817053e-03	1.017220882848501619e-06	1.102802145075635824e-22	1.052069204695468974e-16	6.599764256823660837e-15	2.361813884225640276e-14	3.866082075430205848e-23	2.763982096370963211e-23	1.727999973466922551e-02	6.927898250846840911e-02	7.210174915158349893e-04	2.637336836919926918e-10	7.200000068758602781e-04
6.779999999999999716e+01	5.257358740352719553e-12	3.020615056588024203e-15	2.067451156639793590e-21	1.998982774625026292e-03	1.017220882100842789e-06	1.102802144265074399e-22	1.052069203922200398e-16	6.599764251980640213e-15	2.361813882397405272e-14	3.866082072437621750e-23	2.763982092476313565e-23	1.727999973414284102e-02	6.927898250794271851e-02	7.210174920414702971e-04	2.641234406705092797e-10	7.200000070124870991e-04
6.790000000000000568e+01	5.257358736648653238e-12	3.020615054367839083e-15	2.067451155126670554e-21	1.998982774628235530e-03	1.017220881353183747e-06	1.102802143454512975e-22	1.052069203148918633e-16	6.599764247137536760e-15	2.361813880569191409e-14	3.866082069445071742e-23	2.763982088581591625e-23	1.727999973361645653e-02	6.927898250741702790e-02	7.210174925671056050e-04	2.645131976487394564e-10	7.200000071491139200e-04
6.800000000000000000e+01	5.257358732944649930e-12	3.020615052147689856e-15	2.067451153613572721e-21	1.998982774631444768e-03	1.017220880605525340e-06	1.102802142643952256e-22	1.052069202375649317e-16	6.599764242294513770e-15	2.361813878740986067e-14	3.866082066452535839e-23	2.763982084686937277e-23	1.727999973309007203e-02	6.927898250689133730e-02	7.210174930927409128e-04	2.649029546266830667e-10	7.200000072857407410e-04
6.810000000000000853e+01	5.257358729240577153e-12	3.020615049927501975e-15	2.067451152100447429e-21	1.998982774634654007e-03	1.017220879857866510e-06	1.102802141833390832e-22	1.052069201602366319e-16	6.599764237451401639e-15	2.361813876912734655e-14	3.866082063459924117e-23	2.763982080792210048e-23	1.727999973256368754e-02	6.927898250636564670e-02	7.210174936183762207e-04	2.652927116043403174e-10	7.200000074223675620e-04
6.820000000000000284e+01	5.257358725536568190e-12	3.020615047707349198e-15	2.067451150587346586e-21	1.998982774637863245e-03	1.017220879110207256e-06	1.102802141022829642e-22	1.052069200829095894e-16	6.599764232608370760e-15	2.361813875084533729e-14	3.866082060467395856e-23	2.763982076897548647e-23	1.727999973203730305e-02	6.927898250583995610e-02	7.210174941440115285e-04	2.656824685817110017e-10	7.200000075589943829e-04
6.829999999999999716e+01	5.257358721832621429e-12	3.020615045487232709e-15	2.067451149074270194e-21	1.998982774641072484e-03	1.017220878362548850e-06	1.102802140212268923e-22	1.052069200055837918e-16	6.599764227765416401e-15	2.361813873256329649e-14	3.866082057474861129e-23	2.763982073002951897e-23	1.727999973151091856e-02	6.927898250531426549e-02	7.210174946696468364e-04	2.660722255587952230e-10	7.200000076956212039e-04
6.840000000000000568e+01	5.257358718128475949e-12	3.020615043267002230e-15	2.067451147561117066e-21	1.998982774644281722e-03	1.017220877614890231e-06	1.102802139401707969e-22	1.052069199282540375e-16	6.599764222922214340e-15	2.361813871428070348e-14	3.866082054482237064e-23	2.763982069108148849e-23	1.727999973098453407e-02	6.927898250478857489e-02	7.210174951952821442e-04	2.664619825355930330e-10	7.200000078322480249e-04
6.850000000000000000e+01	5.257358714424524341e-12	3.020615041046882191e-15	2.067451146048038793e-21	1.998982774647490961e-03	1.017220876867231613e-06	1.102802138591147015e-22	1.052069198509281167e-16	6.599764218079252092e-15	2.361813869599875418e-14	3.866082051489717031e-23	2.763982065213547986e-23	1.727999973045814958e-02	6.927898250426288429e-02	7.210174957209174521e-04	2.668517395121043284e-10	7.200000079688748458e-04
6.860000000000000853e+01	5.257358710720504877e-12	3.020615038826724286e-15	2.067451144534934190e-21	1.998982774650700199e-03	1.017220876119572783e-06	1.102802137780586061e-22	1.052069197736008892e-16	6.599764213236208592e-15	2.361813867771658716e-14	3.866082048497163496e-23	2.763982061318876593e-23	1.727999972993176508e-02	6.927898250373719369e-02	7.210174962465527599e-04	2.672414964883291607e-10	7.200000081055016668e-04
6.870000000000000284e+01	5.257358707016416751e-12	3.020615036606526544e-15	2.067451143021802878e-21	1.998982774653909437e-03	1.017220875371913953e-06	1.102802136970024872e-22	1.052069196962722690e-16	6.599764208393077528e-15	2.361813865943406988e-14	3.866082045504551186e-23	2.763982057424132319e-23	1.727999972940538059e-02	6.927898250321150309e-02	7.210174967721880677e-04	2.676312534642675301e-10	7.200000082421284878e-04
6.879999999999999716e+01	5.257358703312392441e-12	3.020615034386365879e-15	2.067451141508696394e-21	1.998982774657118676e-03	1.017220874624254911e-06	1.102802136159463683e-22	1.052069196189449430e-16	6.599764203550027717e-15	2.361813864115206694e-14	3.866082042512022924e-23	2.763982053529455636e-23	1.727999972887899610e-02	6.927898250268581248e-02	7.210174972978233756e-04	2.680210104399193848e-10	7.200000083787553087e-04
6.890000000000000568e+01	5.257358699608428716e-12	3.020615032166239135e-15	2.067451139995613231e-21	1.998982774660327914e-03	1.017220873876596504e-06	1.102802135348902493e-22	1.052069195416187879e-16	6.599764198707051270e-15	2.361813862286987783e-14	3.866082039519464687e-23	2.763982049634841842e-23	1.727999972835261161e-02	6.927898250216012188e-02	7.210174978234586834e-04	2.684107674152848282e-10	7.200000085153821297e-04
6.900000000000000000e+01	5.257358695904267081e-12	3.020615029945999189e-15	2.067451138482452956e-21	1.998982774663537153e-03	1.017220873128937462e-06	1.102802134538341774e-22	1.052069194642887132e-16	6.599764193863829487e-15	2.361813860458732900e-14	3.866082036526847088e-23	2.763982045740022337e-23	1.727999972782622712e-02	6.927898250163443128e-02	7.210174983490939913e-04	2.688005243903637569e-10	7.200000086520089507e-04
6.910000000000000853e+01	5.257358692200300932e-12	3.020615027725871261e-15	2.067451136969369041e-21	1.998982774666746391e-03	1.017220872381279056e-06	1.102802133727780585e-22	1.052069193869624842e-16	6.599764189020850674e-15	2.361813858630542073e-14	3.866082033534334695e-23	2.763982041845405017e-23	1.727999972729984263e-02	6.927898250110874068e-02	7.210174988747292991e-04	2.691902813651562226e-10	7.200000087886357716e-04
6.920000000000000284e+01	5.257358688496264505e-12	3.020615025505703891e-15	2.067451135456257666e-21	1.998982774669955630e-03	1.017220871633620226e-06	1.102802132917219161e-22	1.052069193096349363e-16	6.599764184177784297e-15	2.361813856802306753e-14	3.866082030541750010e-23	2.763982037950714816e-23	1.727999972677345814e-02	6.927898250058305007e-02	7.210174994003646070e-04	2.695800383396622254e-10	7.200000089252625926e-04
6.929999999999999716e+01	5.257358684792159415e-12	3.020615023285496288e-15	2.067451133943119960e-21	1.998982774673164868e-03	1.017220870885961395e-06	1.102802132106657972e-22	1.052069192323059463e-16	6.599764179334633511e-15	2.361813854974065123e-14	3.866082027549154745e-23	2.763982034055954085e-23	1.727999972624707364e-02	6.927898250005735947e-02	7.210174999259999148e-04	2.699697953138817652e-10	7.200000090618894136e-04
6.940000000000000568e+01	5.257358681088249004e-12	3.020615021065401098e-15	2.067451132430057862e-21	1.998982774676374106e-03	1.017220870138302565e-06	1.102802131296097488e-22	1.052069191549809005e-16	6.599764174491724117e-15	2.361813853145874611e-14	3.866082024556643528e-23	2.763982030161397303e-23	1.727999972572068915e-02	6.927898249953166887e-02	7.210175004516352227e-04	2.703595522878147902e-10	7.200000091985162345e-04
6.950000000000000000e+01	5.257358677384139875e-12	3.020615018845190340e-15	2.067451130916917899e-21	1.998982774679583345e-03	1.017220869390643947e-06	1.102802130485536299e-22	1.052069190776518366e-16	6.599764169648567021e-15	2.361813851317632034e-14	3.866082021564045324e-23	2.763982026266630695e-23	1.727999972519430466e-02	6.927898249900597827e-02	7.210175009772705305e-04	2.707493092614614040e-10	7.200000093351430555e-04
6.960000000000000853e+01	5.257358673680092947e-12	3.020615016625017053e-15	2.067451129403802387e-21	1.998982774682792583e-03	1.017220868642985329e-06	1.102802129674974874e-22	1.052069190003240668e-16	6.599764164805488022e-15	2.361813849489398292e-14	3.866082018571462402e-23	2.763982022371929914e-23	1.727999972466792017e-02	6.927898249848028767e-02	7.210175015029058384e-04	2.711390662348215548e-10	7.200000094717698765e-04
6.970000000000000284e+01	5.257358669976110642e-12	3.020615014404880054e-15	2.067451127890713205e-21	1.998982774686001822e-03	1.017220867895326499e-06	1.102802128864413920e-22	1.052069189229975666e-16	6.599764159962491065e-15	2.361813847661193896e-14	3.866082015578928850e-23	2.763982018477297313e-23	1.727999972414153568e-02	6.927898249795459706e-02	7.210175020285411462e-04	2.715288232078951392e-10	7.200000096083966974e-04
6.979999999999999716e+01	5.257358666272058059e-12	3.020615012184702822e-15	2.067451126377594684e-21	1.998982774689211060e-03	1.017220867147667668e-06	1.102802128053852731e-22	1.052069188456696366e-16	6.599764155119401811e-15	2.361813845832958577e-14	3.866082012586342989e-23	2.763982014582590655e-23	1.727999972361515119e-02	6.927898249742890646e-02	7.210175025541764541e-04	2.719185801806823124e-10	7.200000097450235184e-04
6.990000000000000568e+01	5.257358662568068484e-12	3.020615009964561879e-15	2.067451124864501741e-21	1.998982774692420299e-03	1.017220866400009050e-06	1.102802127243291777e-22	1.052069187683429885e-16	6.599764150276395387e-15	2.361813844004773744e-14	3.866082009593840588e-23	2.763982010687951588e-23	1.727999972308876669e-02	6.927898249690321586e-02	7.210175030798117619e-04	2.723083371531829708e-10	7.200000098816503394e-04
7.000000000000000000e+01	5.257358658864141917e-12	3.020615007744456434e-15	2.067451123351433624e-21	1.998982774695629537e-03	1.017220865652350432e-06	1.102802126432730588e-22	1.052069186910176100e-16	6.599764145433466271e-15	2.361813842176571242e-14	3.866082006601309976e-23	2.763982006793376585e-23	1.727999972256238220e-02	6.927898249637752526e-02	7.210175036054470698e-04	2.726980941253972180e-10	7.200000100182771604e-04
7.010000000000000853e+01	5.257358655160016633e-12	3.020615005524237392e-15	2.067451121838287643e-21	1.998982774698838775e-03	1.017220864904691390e-06	1.102802125622169633e-22	1.052069186136882255e-16	6.599764140590289454e-15	2.361813840348332136e-14	3.866082003608717649e-23	2.763982002898593520e-23	1.727999972203599771e-02	6.927898249585183466e-02	7.210175041310823776e-04	2.730878510973250022e-10	7.200000101549039813e-04
7.020000000000000284e+01	5.257358651456084411e-12	3.020615003304129581e-15	2.067451120325216893e-21	1.998982774702048014e-03	1.017220864157032771e-06	1.102802124811608209e-22	1.052069185363627361e-16	6.599764135747355605e-15	2.361813838520158347e-14	3.866082000616232293e-23	2.763981999004012640e-23	1.727999972150961322e-02	6.927898249532614405e-02	7.210175046567176855e-04	2.734776080689662200e-10	7.200000102915308023e-04
7.029999999999999716e+01	5.257358647752084335e-12	3.020615001083982326e-15	2.067451118812120189e-21	1.998982774705257252e-03	1.017220863409374153e-06	1.102802124001047255e-22	1.052069184590358784e-16	6.599764130904333404e-15	2.361813836691938805e-14	3.866081997623674056e-23	2.763981995109362994e-23	1.727999972098322873e-02	6.927898249480045345e-02	7.210175051823529933e-04	2.738673650403210265e-10	7.200000104281576233e-04
7.040000000000000568e+01	5.257358644048016404e-12	3.020614998863796023e-15	2.067451117298996401e-21	1.998982774708466491e-03	1.017220862661715535e-06	1.102802123190486301e-22	1.052069183817076280e-16	6.599764126061228373e-15	2.361813834863712952e-14	3.866081994631104064e-23	2.763981991214638116e-23	1.727999972045684424e-02	6.927898249427476285e-02	7.210175057079883012e-04	2.742571220113894217e-10	7.200000105647844442e-04
7.050000000000000000e+01	5.257358640344141536e-12	3.020614996643721343e-15	2.067451115785948973e-21	1.998982774711675729e-03	1.017220861914056705e-06	1.102802122379925347e-22	1.052069183043832971e-16	6.599764121218364733e-15	2.361813833035539795e-14	3.866081991638620471e-23	2.763981987320119537e-23	1.727999971993045975e-02	6.927898249374907225e-02	7.210175062336236090e-04	2.746468789821712505e-10	7.200000107014112652e-04
7.060000000000000853e+01	5.257358636640067142e-12	3.020614994423531490e-15	2.067451114272821800e-21	1.998982774714884968e-03	1.017220861166397663e-06	1.102802121569363922e-22	1.052069182270549604e-16	6.599764116375252602e-15	2.361813831207312680e-14	3.866081988646048716e-23	2.763981983425390545e-23	1.727999971940407525e-02	6.927898249322338164e-02	7.210175067592589169e-04	2.750366359526666681e-10	7.200000108380380862e-04
7.070000000000000284e+01	5.257358632936055757e-12	3.020614992203377136e-15	2.067451112759720205e-21	1.998982774718094206e-03	1.017220860418739044e-06	1.102802120758802733e-22	1.052069181497278562e-16	6.599764111532215412e-15	2.361813829379094084e-14	3.866081985653490479e-23	2.763981979530727380e-23	1.727999971887769076e-02	6.927898249269769104e-02	7.210175072848942247e-04	2.754263929228755192e-10	7.200000109746649071e-04
7.079999999999999716e+01	5.257358629232108187e-12	3.020614989983260647e-15	2.067451111246644566e-21	1.998982774721303445e-03	1.017220859671080214e-06	1.102802119948242014e-22	1.052069180724020709e-16	6.599764106689262631e-15	2.361813827550906096e-14	3.866081982660983377e-23	2.763981975636130631e-23	1.727999971835130627e-02	6.927898249217200044e-02	7.210175078105295326e-04	2.758161498927979591e-10	7.200000111112917281e-04
7.090000000000000568e+01	5.257358625528091147e-12	3.020614987763103531e-15	2.067451109733540338e-21	1.998982774724512683e-03	1.017220858923421808e-06	1.102802119137681295e-22	1.052069179950748435e-16	6.599764101846219131e-15	2.361813825722686239e-14	3.866081979668423376e-23	2.763981971741461589e-23	1.727999971782492178e-02	6.927898249164630984e-02	7.210175083361648404e-04	2.762059068624339877e-10	7.200000112479185491e-04
7.100000000000000000e+01	5.257358621824007060e-12	3.020614985542908156e-15	2.067451108220409779e-21	1.998982774727721921e-03	1.017220858175762977e-06	1.102802118327119871e-22	1.052069179177462972e-16	6.599764097003092800e-15	2.361813823894464172e-14	3.866081976675860438e-23	2.763981967846722605e-23	1.727999971729853729e-02	6.927898249112061924e-02	7.210175088618001483e-04	2.765956638317834499e-10	7.200000113845453700e-04
7.110000000000000853e+01	5.257358618120116036e-12	3.020614983322824010e-15	2.067451106707355957e-21	1.998982774730931160e-03	1.017220857428103936e-06	1.102802117516558682e-22	1.052069178404216583e-16	6.599764092160211017e-15	2.361813822066273029e-14	3.866081973683347457e-23	2.763981963952185806e-23	1.727999971677215280e-02	6.927898249059492863e-02	7.210175093874354561e-04	2.769854208008465008e-10	7.200000115211721910e-04
7.120000000000000284e+01	5.257358614416026295e-12	3.020614981102625480e-15	2.067451105194223893e-21	1.998982774734140398e-03	1.017220856680445529e-06	1.102802116705997728e-22	1.052069177630929764e-16	6.599764087317077586e-15	2.361813820238050016e-14	3.866081970690782167e-23	2.763981960057440357e-23	1.727999971624576830e-02	6.927898249006923803e-02	7.210175099130707640e-04	2.773751777696230888e-10	7.200000116577990120e-04
7.129999999999999716e+01	5.257358610712000369e-12	3.020614978882463631e-15	2.067451103681117032e-21	1.998982774737349637e-03	1.017220855932786487e-06	1.102802115895436538e-22	1.052069176857656134e-16	6.599764082474026986e-15	2.361813818409841833e-14	3.866081967698241563e-23	2.763981956162761323e-23	1.727999971571938381e-02	6.927898248954354743e-02	7.210175104387060718e-04	2.777649347381131103e-10	7.200000117944258329e-04
7.140000000000000568e+01	5.257358607008036643e-12	3.020614976662336887e-15	2.067451102168034622e-21	1.998982774740558875e-03	1.017220855185127869e-06	1.102802115084875584e-22	1.052069176084394583e-16	6.599764077631048173e-15	2.361813816581629864e-14	3.866081964705694493e-23	2.763981952268148117e-23	1.727999971519299932e-02	6.927898248901785683e-02	7.210175109643413797e-04	2.781546917063167723e-10	7.200000119310526539e-04
7.150000000000000000e+01	5.257358603304004255e-12	3.020614974442171488e-15	2.067451100654924752e-21	1.998982774743768114e-03	1.017220854437469462e-06	1.102802114274314865e-22	1.052069175311119721e-16	6.599764072787989684e-15	2.361813814753421366e-14	3.866081961713152713e-23	2.763981948373462618e-23	1.727999971466661483e-02	6.927898248849216623e-02	7.210175114899766875e-04	2.785444486742338679e-10	7.200000120676794749e-04
7.160000000000000853e+01	5.257358599600034067e-12	3.020614972222041588e-15	2.067451099141838956e-21	1.998982774746977352e-03	1.017220853689810420e-06	1.102802113463753441e-22	1.052069174537857184e-16	6.599764067945006926e-15	2.361813812925218863e-14	3.866081958720621513e-23	2.763981944478842947e-23	1.727999971414023034e-02	6.927898248796647562e-02	7.210175120156119954e-04	2.789342056418645521e-10	7.200000122043062958e-04
7.170000000000000284e+01	5.257358595895997640e-12	3.020614970001873034e-15	2.067451097628727581e-21	1.998982774750186590e-03	1.017220852942152014e-06	1.102802112653192722e-22	1.052069173764581212e-16	6.599764063101940549e-15	2.361813811096993641e-14	3.866081955728053284e-23	2.763981940584152158e-23	1.727999971361384585e-02	6.927898248744078502e-02	7.210175125412473032e-04	2.793239626092087735e-10	7.200000123409331168e-04
7.179999999999999716e+01	5.257358592192021798e-12	3.020614967781740768e-15	2.067451096115640281e-21	1.998982774753395829e-03	1.017220852194492972e-06	1.102802111842630827e-22	1.052069172991317566e-16	6.599764058258950691e-15	2.361813809268792401e-14	3.866081952735523259e-23	2.763981936689527197e-23	1.727999971308746135e-02	6.927898248691509442e-02	7.210175130668826111e-04	2.797137195762664284e-10	7.200000124775599378e-04
7.190000000000000568e+01	5.257358588487978908e-12	3.020614965561568664e-15	2.067451094602526649e-21	1.998982774756605067e-03	1.017220851446834353e-06	1.102802111032070108e-22	1.052069172218040485e-16	6.599764053415878003e-15	2.361813807440584534e-14	3.866081949742983242e-23	2.763981932794831119e-23	1.727999971256107686e-02	6.927898248638940382e-02	7.210175135925179189e-04	2.801034765430377237e-10	7.200000126141867587e-04
7.200000000000000000e+01	5.257358584783998219e-12	3.020614963341432848e-15	2.067451093089437091e-21	1.998982774759814306e-03	1.017220850699175947e-06	1.102802110221509389e-22	1.052069171444775606e-16	6.599764048572878679e-15	2.361813805612357734e-14	3.866081946750411487e-23	2.763981928900200281e-23	1.727999971203469237e-02	6.927898248586371321e-02	7.210175141181532268e-04	2.804932335095225044e-10	7.200000127508135797e-04
7.210000000000000853e+01	5.257358581079949675e-12	3.020614961121257589e-15	2.067451091576320450e-21	1.998982774763023544e-03	1.017220849951516905e-06	1.102802109410947965e-22	1.052069170671497169e-16	6.599764043729798102e-15	2.361813803784151760e-14	3.866081943757874997e-23	2.763981925005498325e-23	1.727999971150830788e-02	6.927898248533802261e-02	7.210175146437885346e-04	2.808829904757208220e-10	7.200000128874404007e-04
7.220000000000000284e+01	5.257358577375964947e-12	3.020614958901119012e-15	2.067451090063229764e-21	1.998982774766232783e-03	1.017220849203858286e-06	1.102802108600387011e-22	1.052069169898231674e-16	6.599764038886798778e-15	2.361813801955954937e-14	3.866081940765353200e-23	2.763981921110862784e-23	1.727999971098192339e-02	6.927898248481233201e-02	7.210175151694238425e-04	2.812727474416326767e-10	7.200000130240672216e-04
7.229999999999999716e+01	5.257358573671911556e-12	3.020614956680940991e-15	2.067451088550111243e-21	1.998982774769442021e-03	1.017220848456199456e-06	1.102802107789826057e-22	1.052069169124952374e-16	6.599764034043708735e-15	2.361813800127711098e-14	3.866081937772753821e-23	2.763981917216154951e-23	1.727999971045553890e-02	6.927898248428664141e-02	7.210175156950591503e-04	2.816625044072580167e-10	7.200000131606940426e-04
7.240000000000000568e+01	5.257358569967919558e-12	3.020614954460799259e-15	2.067451087037017547e-21	1.998982774772651259e-03	1.017220847708541050e-06	1.102802106979264868e-22	1.052069168351685647e-16	6.599764029200700734e-15	2.361813798299518377e-14	3.866081934780237902e-23	2.763981913321511770e-23	1.727999970992915441e-02	6.927898248376095081e-02	7.210175162206944582e-04	2.820522613725968937e-10	7.200000132973208636e-04
7.250000000000000000e+01	5.257358566263992183e-12	3.020614952240693419e-15	2.067451085523949807e-21	1.998982774775860498e-03	1.017220846960882431e-06	1.102802106168704149e-22	1.052069167578431368e-16	6.599764024357770830e-15	2.361813796471323132e-14	3.866081931787718456e-23	2.763981909426936767e-23	1.727999970940276991e-02	6.927898248323526020e-02	7.210175167463297660e-04	2.824420183376493077e-10	7.200000134339476845e-04
7.260000000000000853e+01	5.257358562559864475e-12	3.020614950020472800e-15	2.067451084010802321e-21	1.998982774779069736e-03	1.017220846213223390e-06	1.102802105358142959e-22	1.052069166805137154e-16	6.599764019514590067e-15	2.361813794643072035e-14	3.866081928795106147e-23	2.763981905532151939e-23	1.727999970887638542e-02	6.927898248270956960e-02	7.210175172719650739e-04	2.828317753024152588e-10	7.200000135705745055e-04
7.270000000000000284e+01	5.257358558855929830e-12	3.020614947800363806e-15	2.067451082497730443e-21	1.998982774782278975e-03	1.017220845465564771e-06	1.102802104547582005e-22	1.052069166031881766e-16	6.599764014671651486e-15	2.361813792814884994e-14	3.866081925802601395e-23	2.763981901637569296e-23	1.727999970835000093e-02	6.927898248218387900e-02	7.210175177976003817e-04	2.832215322668947468e-10	7.200000137072013265e-04
7.279999999999999716e+01	5.257358555151928138e-12	3.020614945580215762e-15	2.067451080984633362e-21	1.998982774785488213e-03	1.017220844717905941e-06	1.102802103737020816e-22	1.052069165258612820e-16	6.599764009828629285e-15	2.361813790986675865e-14	3.866081922810059027e-23	2.763981897742916123e-23	1.727999970782361644e-02	6.927898248165818840e-02	7.210175183232356896e-04	2.836112892310877202e-10	7.200000138438281475e-04
7.290000000000000568e+01	5.257358551447857784e-12	3.020614943360027881e-15	2.067451079471509198e-21	1.998982774788697452e-03	1.017220843970247323e-06	1.102802102926460097e-22	1.052069164485329946e-16	6.599764004985518731e-15	2.361813789158432026e-14	3.866081919817459648e-23	2.763981893848190657e-23	1.727999970729723195e-02	6.927898248113249779e-02	7.210175188488709974e-04	2.840010461949942822e-10	7.200000139804549684e-04
7.300000000000000000e+01	5.257358547743852053e-12	3.020614941139877076e-15	2.067451077958409108e-21	1.998982774791906690e-03	1.017220843222588704e-06	1.102802102115898908e-22	1.052069163712060137e-16	6.599764000142491008e-15	2.361813787330239620e-14	3.866081916824944317e-23	2.763981889953533370e-23	1.727999970677084746e-02	6.927898248060680719e-02	7.210175193745063053e-04	2.843908031586143296e-10	7.200000141170817894e-04
7.310000000000000853e+01	5.257358544039906907e-12	3.020614938919761771e-15	2.067451076445333845e-21	1.998982774795115928e-03	1.017220842474929662e-06	1.102802101305337719e-22	1.052069162938802900e-16	6.599763995299539016e-15	2.361813785502029544e-14	3.866081913832401361e-23	2.763981886058941323e-23	1.727999970624446296e-02	6.927898248008111659e-02	7.210175199001416131e-04	2.847805601219479657e-10	7.200000142537086104e-04
7.320000000000000284e+01	5.257358540335763851e-12	3.020614936699532869e-15	2.067451074932180717e-21	1.998982774798325167e-03	1.017220841727271256e-06	1.102802100494776765e-22	1.052069162165505851e-16	6.599763990456341688e-15	2.361813783673781919e-14	3.866081910839795517e-23	2.763981882164140038e-23	1.727999970571807847e-02	6.927898247955542599e-02	7.210175204257769210e-04	2.851703170849950355e-10	7.200000143903354313e-04
7.329999999999999716e+01	5.257358536631808203e-12	3.020614934479410858e-15	2.067451073419100939e-21	1.998982774801534405e-03	1.017220840979612637e-06	1.102802099684215810e-22	1.052069161392245656e-16	6.599763985613377074e-15	2.361813781845597718e-14	3.866081907847293704e-23	2.763981878269533885e-23	1.727999970519169398e-02	6.927898247902973539e-02	7.210175209514122288e-04	2.855600740477598815e-10	7.200000145269622523e-04
7.340000000000000568e+01	5.257358532927789548e-12	3.020614932259253742e-15	2.067451071905996711e-21	1.998982774804743644e-03	1.017220840231953596e-06	1.102802098873654621e-22	1.052069160618973505e-16	6.599763980770331996e-15	2.361813780017370287e-14	3.866081904854721361e-23	2.763981874374864255e-23	1.727999970466530949e-02	6.927898247850404478e-02	7.210175214770475367e-04	2.859498310102340770e-10	7.200000146635890733e-04
7.350000000000000000e+01	5.257358529223703845e-12	3.020614930039057184e-15	2.067451070392865776e-21	1.998982774807952882e-03	1.017220839484295189e-06	1.102802098063093667e-22	1.052069159845687796e-16	6.599763975927204087e-15	2.361813778189136861e-14	3.866081901862139026e-23	2.763981870480121744e-23	1.727999970413892500e-02	6.927898247797835418e-02	7.210175220026828445e-04	2.863395879724217577e-10	7.200000148002158942e-04
7.360000000000000853e+01	5.257358525519812013e-12	3.020614927818971855e-15	2.067451068879811202e-21	1.998982774811162121e-03	1.017220838736636147e-06	1.102802097252532243e-22	1.052069159072440666e-16	6.599763971084317571e-15	2.361813776360954868e-14	3.866081898869641327e-23	2.763981866585583770e-23	1.727999970361254051e-02	6.927898247745266358e-02	7.210175225283181524e-04	2.867293449343230272e-10	7.200000149368427152e-04
7.370000000000000284e+01	5.257358521815720656e-12	3.020614925598772535e-15	2.067451067366679138e-21	1.998982774814371359e-03	1.017220837988977740e-06	1.102802096441971289e-22	1.052069158299154217e-16	6.599763966241184929e-15	2.361813774532720811e-14	3.866081895877058405e-23	2.763981862690837733e-23	1.727999970308615602e-02	6.927898247692697298e-02	7.210175230539534602e-04	2.871191018959377303e-10	7.200000150734695362e-04
7.379999999999999716e+01	5.257358518111690691e-12	3.020614923378608320e-15	2.067451065853570773e-21	1.998982774817580597e-03	1.017220837241318910e-06	1.102802095631410335e-22	1.052069157525879601e-16	6.599763961398126440e-15	2.361813772704494011e-14	3.866081892884487238e-23	2.763981858796155761e-23	1.727999970255977152e-02	6.927898247640128238e-02	7.210175235795887681e-04	2.875088588572660221e-10	7.200000152100963571e-04
7.390000000000000568e+01	5.257358514407726966e-12	3.020614921158481970e-15	2.067451064340486858e-21	1.998982774820789836e-03	1.017220836493660292e-06	1.102802094820849380e-22	1.052069156752617927e-16	6.599763956555150782e-15	2.361813770876297819e-14	3.866081889891966617e-23	2.763981854901540791e-23	1.727999970203338703e-02	6.927898247587559177e-02	7.210175241052240759e-04	2.878986158183079026e-10	7.200000153467231781e-04
7.400000000000000000e+01	5.257358510703691347e-12	3.020614918938314599e-15	2.067451062827376235e-21	1.998982774823999074e-03	1.017220835746001674e-06	1.102802094010288426e-22	1.052069155979342449e-16	6.599763951712085983e-15	2.361813769048070389e-14	3.866081886899393686e-23	2.763981851006852941e-23	1.727999970150700254e-02	6.927898247534990117e-02	7.210175246308593838e-04	2.882883727790631651e-10	7.200000154833499991e-04
7.410000000000000853e+01	5.257358506999589488e-12	3.020614916718108969e-15	2.067451061314239282e-21	1.998982774827208313e-03	1.017220834998342843e-06	1.102802093199727237e-22	1.052069155206053534e-16	6.599763946868938353e-15	2.361813767219840749e-14	3.866081883906816641e-23	2.763981847112095737e-23	1.727999970098061805e-02	6.927898247482421057e-02	7.210175251564946916e-04	2.886781297395320679e-10	7.200000156199768200e-04
7.420000000000000284e+01	5.257358503295681500e-12	3.020614914498014174e-15	2.067451059801178312e-21	1.998982774830417551e-03	1.017220834250684225e-06	1.102802092389166283e-22	1.052069154432803200e-16	6.599763942026032114e-15	2.361813765391641402e-14	3.866081880914291906e-23	2.763981843217540718e-23	1.727999970045423356e-02	6.927898247429851997e-02	7.210175256821299995e-04	2.890678866997144561e-10	7.200000157566036410e-04
7.429999999999999716e+01	5.257358499591574795e-12	3.020614912277806571e-15	2.067451058288039102e-21	1.998982774833626790e-03	1.017220833503025607e-06	1.102802091578605094e-22	1.052069153659513300e-16	6.599763937182878174e-15	2.361813763563410500e-14	3.866081877921713686e-23	2.763981839322777049e-23	1.727999969992784907e-02	6.927898247377282936e-02	7.210175262077653073e-04	2.894576436596103295e-10	7.200000158932304620e-04
7.440000000000000568e+01	5.257358495887529483e-12	3.020614910057633284e-15	2.067451056774924342e-21	1.998982774836836028e-03	1.017220832755366777e-06	1.102802090768043905e-22	1.052069152886235726e-16	6.599763932339803908e-15	2.361813761735194113e-14	3.866081874929160151e-23	2.763981835428078032e-23	1.727999969940146457e-02	6.927898247324713876e-02	7.210175267334006152e-04	2.898474006192198434e-10	7.200000160298572829e-04
7.450000000000000000e+01	5.257358492183547985e-12	3.020614907837497073e-15	2.067451055261834784e-21	1.998982774840045266e-03	1.017220832007707946e-06	1.102802089957482950e-22	1.052069152112970847e-16	6.599763927496805373e-15	2.361813759906974571e-14	3.866081871936600151e-23	2.763981831533447781e-23	1.727999969887508008e-02	6.927898247272144816e-02	7.210175272590359230e-04	2.902371575785427392e-10	7.200000161664841039e-04
7.460000000000000853e+01	5.257358488479497826e-12	3.020614905617321025e-15	2.067451053748718519e-21	1.998982774843254505e-03	1.017220831260049540e-06	1.102802089146922231e-22	1.052069151339692163e-16	6.599763922653722429e-15	2.361813758078756922e-14	3.866081868944043677e-23	2.763981827638742886e-23	1.727999969834869559e-02	6.927898247219575756e-02	7.210175277846712309e-04	2.906269145375793272e-10	7.200000163031109249e-04
7.470000000000000284e+01	5.257358484775510674e-12	3.020614903397181265e-15	2.067451052235626705e-21	1.998982774846463743e-03	1.017220830512390922e-06	1.102802088336361042e-22	1.052069150566426175e-16	6.599763917810716795e-15	2.361813756250546846e-14	3.866081865951500134e-23	2.763981823744104995e-23	1.727999969782231110e-02	6.927898247167006696e-02	7.210175283103065387e-04	2.910166714963293487e-10	7.200000164397377458e-04
7.479999999999999716e+01	5.257358481071455668e-12	3.020614901177002850e-15	2.067451050722507807e-21	1.998982774849672982e-03	1.017220829764732091e-06	1.102802087525800088e-22	1.052069149793146506e-16	6.599763912967628329e-15	2.361813754422314051e-14	3.866081862958918975e-23	2.763981819849395986e-23	1.727999969729592661e-02	6.927898247114437635e-02	7.210175288359418466e-04	2.914064284547928556e-10	7.200000165763645668e-04
7.490000000000000568e+01	5.257358477367462054e-12	3.020614898956859145e-15	2.067451049209412983e-21	1.998982774852882220e-03	1.017220829017073473e-06	1.102802086715239369e-22	1.052069149019879285e-16	6.599763908124614017e-15	2.361813752594104291e-14	3.866081859966374256e-23	2.763981815954751629e-23	1.727999969676954212e-02	6.927898247061868575e-02	7.210175293615771544e-04	2.917961854129700028e-10	7.200000167129913878e-04
7.500000000000000000e+01	5.257358473663401393e-12	3.020614896736677575e-15	2.067451047696292581e-21	1.998982774856091459e-03	1.017220828269414643e-06	1.102802085904678180e-22	1.052069148246598506e-16	6.599763903281520030e-15	2.361813750765888220e-14	3.866081856973821897e-23	2.763981812060037331e-23	1.727999969624315763e-02	6.927898247009299515e-02	7.210175298872124623e-04	2.921859423708605837e-10	7.200000168496182087e-04
7.510000000000000853e+01	5.257358469959402932e-12	3.020614894516531109e-15	2.067451046183196629e-21	1.998982774859300697e-03	1.017220827521755813e-06	1.102802085094116991e-22	1.052069147473330423e-16	6.599763898438500195e-15	2.361813748937653847e-14	3.866081853981237799e-23	2.763981808165388272e-23	1.727999969571677313e-02	6.927898246956730455e-02	7.210175304128477701e-04	2.925756993284647533e-10	7.200000169862450297e-04
7.520000000000000284e+01	5.257358466255338233e-12	3.020614892296346384e-15	2.067451044670073217e-21	1.998982774862509935e-03	1.017220826774097194e-06	1.102802084283556272e-22	1.052069146700048411e-16	6.599763893595398319e-15	2.361813747109440300e-14	3.866081850988688378e-23	2.763981804270667508e-23	1.727999969519038864e-02	6.927898246904161395e-02	7.210175309384830779e-04	2.929654562857824082e-10	7.200000171228718507e-04
7.529999999999999716e+01	5.257358462551334925e-12	3.020614890076197946e-15	2.067451043156975384e-21	1.998982774865719174e-03	1.017220826026438364e-06	1.102802083472994847e-22	1.052069145926779465e-16	6.599763888752374540e-15	2.361813745281235273e-14	3.866081847996153063e-23	2.763981800376013160e-23	1.727999969466400415e-02	6.927898246851592334e-02	7.210175314641183858e-04	2.933552132428135484e-10	7.200000172594986717e-04
7.540000000000000568e+01	5.257358458847263763e-12	3.020614887856010459e-15	2.067451041643850844e-21	1.998982774868928412e-03	1.017220825278779958e-06	1.102802082662433658e-22	1.052069145153496714e-16	6.599763883909266354e-15	2.361813743452984176e-14	3.866081845003543105e-23	2.763981796481288282e-23	1.727999969413761966e-02	6.927898246799023274e-02	7.210175319897536936e-04	2.937449701995583291e-10	7.200000173961254926e-04
7.550000000000000000e+01	5.257358455143254801e-12	3.020614885635857682e-15	2.067451040130750001e-21	1.998982774872137651e-03	1.017220824531121128e-06	1.102802081851872939e-22	1.052069144380226288e-16	6.599763879066233109e-15	2.361813741624783567e-14	3.866081842011014255e-23	2.763981792586626293e-23	1.727999969361123517e-02	6.927898246746454214e-02	7.210175325153890015e-04	2.941347271560165950e-10	7.200000175327523136e-04
7.560000000000000853e+01	5.257358451439308039e-12	3.020614883415740799e-15	2.067451038617673233e-21	1.998982774875346889e-03	1.017220823783462721e-06	1.102802081041311515e-22	1.052069143606968189e-16	6.599763874223278750e-15	2.361813739796579486e-14	3.866081839018479528e-23	2.763981788692030719e-23	1.727999969308485068e-02	6.927898246693885154e-02	7.210175330410243093e-04	2.945244841121883980e-10	7.200000176693791346e-04
7.570000000000000284e+01	5.257358447735164175e-12	3.020614881195511503e-15	2.067451037104520105e-21	1.998982774878556128e-03	1.017220823035803679e-06	1.102802080230751031e-22	1.052069142833671016e-16	6.599763869380079844e-15	2.361813737968320185e-14	3.866081836025855464e-23	2.763981784797229434e-23	1.727999969255846618e-02	6.927898246641316093e-02	7.210175335666596172e-04	2.949142410680736863e-10	7.200000178060059555e-04
7.579999999999999716e+01	5.257358444031212567e-12	3.020614878975391858e-15	2.067451035591442208e-21	1.998982774881765366e-03	1.017220822288145484e-06	1.102802079420189607e-22	1.052069142060411931e-16	6.599763864537118385e-15	2.361813736140126202e-14	3.866081833033337193e-23	2.763981780902628571e-23	1.727999969203208169e-02	6.927898246588747033e-02	7.210175340922949250e-04	2.953039980236725115e-10	7.200000179426327765e-04
7.590000000000000568e+01	5.257358440327212490e-12	3.020614876755245392e-15	2.067451034078345880e-21	1.998982774884974604e-03	1.017220821540486442e-06	1.102802078609628888e-22	1.052069141287143724e-16	6.599763859694100128e-15	2.361813734311912971e-14	3.866081830040788361e-23	2.763981777007978924e-23	1.727999969150569720e-02	6.927898246536177973e-02	7.210175346179302329e-04	2.956937549789863214e-10	7.200000180792595975e-04
7.600000000000000000e+01	5.257358436623229378e-12	3.020614874535107604e-15	2.067451032565254442e-21	1.998982774888183843e-03	1.017220820792827824e-06	1.102802077799067933e-22	1.052069140513878230e-16	6.599763854851097649e-15	2.361813732483712677e-14	3.866081827048259511e-23	2.763981773113343384e-23	1.727999969097931271e-02	6.927898246483608913e-02	7.210175351435655407e-04	2.960835119340150125e-10	7.200000182158864184e-04
7.610000000000000853e+01	5.257358432919205875e-12	3.020614872314946544e-15	2.067451031052147957e-21	1.998982774891393081e-03	1.017220820045168994e-06	1.102802076988507214e-22	1.052069139740604723e-16	6.599763850008047049e-15	2.361813730655512699e-14	3.866081824055733600e-23	2.763981769218667877e-23	1.727999969045292822e-02	6.927898246431039853e-02	7.210175356692008486e-04	2.964732688887545005e-10	7.200000183525132394e-04
7.620000000000000284e+01	5.257358429215242958e-12	3.020614870094820983e-15	2.067451029539065546e-21	1.998982774894602320e-03	1.017220819297510375e-06	1.102802076177946025e-22	1.052069138967343665e-16	6.599763845165074546e-15	2.361813728827295050e-14	3.866081821063177127e-23	2.763981765324056434e-23	1.727999968992654373e-02	6.927898246378470792e-02	7.210175361948361564e-04	2.968630258432073705e-10	7.200000184891400604e-04
7.629999999999999716e+01	5.257358425511213801e-12	3.020614867874657557e-15	2.067451028025957557e-21	1.998982774897811558e-03	1.017220818549851969e-06	1.102802075367384836e-22	1.052069138194069542e-16	6.599763840322019213e-15	2.361813726999097596e-14	3.866081818070653567e-23	2.763981761429375637e-23	1.727999968940015924e-02	6.927898246325901732e-02	7.210175367204714643e-04	2.972527827973738808e-10	7.200000186257668813e-04
7.640000000000000568e+01	5.257358421807240381e-12	3.020614865654525685e-15	2.067451026512870633e-21	1.998982774901020797e-03	1.017220817802193351e-06	1.102802074556824117e-22	1.052069137420806266e-16	6.599763835479033300e-15	2.361813725170906453e-14	3.866081815078141174e-23	2.763981757534751851e-23	1.727999968887377474e-02	6.927898246273332672e-02	7.210175372461067721e-04	2.976425397512581675e-10	7.200000187623937023e-04
7.650000000000000000e+01	5.257358418103205570e-12	3.020614863434359103e-15	2.067451024999760763e-21	1.998982774904230035e-03	1.017220817054534520e-06	1.102802073746262928e-22	1.052069136647530540e-16	6.599763830635966923e-15	2.361813723342670502e-14	3.866081812085555313e-23	2.763981753640063414e-23	1.727999968834739025e-02	6.927898246220763612e-02	7.210175377717420800e-04	2.980322967048517002e-10	7.200000188990205233e-04
7.660000000000000853e+01	5.257358414399102096e-12	3.020614861214152289e-15	2.067451023486622681e-21	1.998982774907439273e-03	1.017220816306875902e-06	1.102802072935701738e-22	1.052069135874241133e-16	6.599763825792817715e-15	2.361813721514430449e-14	3.866081809092961224e-23	2.763981749745303271e-23	1.727999968782100576e-02	6.927898246168194551e-02	7.210175382973773878e-04	2.984220536581588216e-10	7.200000190356473442e-04
7.670000000000000284e+01	5.257358410695191685e-12	3.020614858994056311e-15	2.067451021973561335e-21	1.998982774910648512e-03	1.017220815559217072e-06	1.102802072125141019e-22	1.052069135100990553e-16	6.599763820949908321e-15	2.361813719686240568e-14	3.866081806100450006e-23	2.763981745850747076e-23	1.727999968729462127e-02	6.927898246115625491e-02	7.210175388230126957e-04	2.988118106111793249e-10	7.200000191722741652e-04
7.680000000000001137e+01	5.257358406991083364e-12	3.020614856773847525e-15	2.067451020460421748e-21	1.998982774913857750e-03	1.017220814811558665e-06	1.102802071314580065e-22	1.052069134327700529e-16	6.599763816106753591e-15	2.361813717857997360e-14	3.866081803107852391e-23	2.763981741955981644e-23	1.727999968676823678e-02	6.927898246063056431e-02	7.210175393486480035e-04	2.992015675639135204e-10	7.200000193089009862e-04
7.690000000000000568e+01	5.257358403287168106e-12	3.020614854553748391e-15	2.067451018947357394e-21	1.998982774917066989e-03	1.017220814063900047e-06	1.102802070504018641e-22	1.052069133554448593e-16	6.599763811263837098e-15	2.361813716029819155e-14	3.866081800115360569e-23	2.763981738061419572e-23	1.727999968624185229e-02	6.927898246010487371e-02	7.210175398742833114e-04	2.995913245163611494e-10	7.200000194455278071e-04
7.700000000000000000e+01	5.257358399583185801e-12	3.020614852333612180e-15	2.067451017434268212e-21	1.998982774920276227e-03	1.017220813316241217e-06	1.102802069693457922e-22	1.052069132781183714e-16	6.599763806420840140e-15	2.361813714201618861e-14	3.866081797122832895e-23	2.763981734166787558e-23	1.727999968571546779e-02	6.927898245957918311e-02	7.210175403999186192e-04	2.999810814685222638e-10	7.200000195821546281e-04
7.710000000000000853e+01	5.257358395879133218e-12	3.020614850113434160e-15	2.067451015921150067e-21	1.998982774923485466e-03	1.017220812568582598e-06	1.102802068882896968e-22	1.052069132007904537e-16	6.599763801577752464e-15	2.361813712373382910e-14	3.866081794130247034e-23	2.763981730272080312e-23	1.727999968518908330e-02	6.927898245905349250e-02	7.210175409255539271e-04	3.003708384203970186e-10	7.200000197187814491e-04
7.720000000000000284e+01	5.257358392175145259e-12	3.020614847893294794e-15	2.067451014408057876e-21	1.998982774926694704e-03	1.017220811820923768e-06	1.102802068072335779e-22	1.052069131234638550e-16	6.599763796734749196e-15	2.361813710545199340e-14	3.866081791137745809e-23	2.763981726377442420e-23	1.727999968466269881e-02	6.927898245852780190e-02	7.210175414511892349e-04	3.007605953719852070e-10	7.200000198554082700e-04
7.730000000000001137e+01	5.257358388471220308e-12	3.020614845673190532e-15	2.067451012894989759e-21	1.998982774929903942e-03	1.017220811073265573e-06	1.102802067261775060e-22	1.052069130461384888e-16	6.599763791891822447e-15	2.361813708716998099e-14	3.866081788145215784e-23	2.763981722482870357e-23	1.727999968413631432e-02	6.927898245800211130e-02	7.210175419768245428e-04	3.011503523232870358e-10	7.200000199920350910e-04
7.740000000000000568e+01	5.257358384767095831e-12	3.020614843452971491e-15	2.067451011381844154e-21	1.998982774933113181e-03	1.017220810325606743e-06	1.102802066451213870e-22	1.052069129688091289e-16	6.599763787048647207e-15	2.361813706888758993e-14	3.866081785152625221e-23	2.763981718588088467e-23	1.727999968360992983e-02	6.927898245747642070e-02	7.210175425024598506e-04	3.015401092743022982e-10	7.200000201286619120e-04
7.750000000000000000e+01	5.257358381063165225e-12	3.020614841232864862e-15	2.067451009868774533e-21	1.998982774936322419e-03	1.017220809577948125e-06	1.102802065640653151e-22	1.052069128914836641e-16	6.599763782205713358e-15	2.361813705060585205e-14	3.866081782160140452e-23	2.763981714693509938e-23	1.727999968308354534e-02	6.927898245695073010e-02	7.210175430280951585e-04	3.019298662250310459e-10	7.200000202652887329e-04
7.760000000000000853e+01	5.257358377359166764e-12	3.020614839012718397e-15	2.067451008355678205e-21	1.998982774939531658e-03	1.017220808830289295e-06	1.102802064830091962e-22	1.052069128141568435e-16	6.599763777362695102e-15	2.361813703232366294e-14	3.866081779167582215e-23	2.763981710798860880e-23	1.727999968255716084e-02	6.927898245642503949e-02	7.210175435537304663e-04	3.023196231754734341e-10	7.200000204019155539e-04
7.770000000000000284e+01	5.257358373655119028e-12	3.020614836792544321e-15	2.067451006842562316e-21	1.998982774942740896e-03	1.017220808082630253e-06	1.102802064019530773e-22	1.052069127368290244e-16	6.599763772519616103e-15	2.361813701404145174e-14	3.866081776175021040e-23	2.763981706904160099e-23	1.727999968203077635e-02	6.927898245589934889e-02	7.210175440793657742e-04	3.027093801256307551e-10	7.200000205385423749e-04
7.780000000000001137e+01	5.257358369951219118e-12	3.020614834572453864e-15	2.067451005329504356e-21	1.998982774945950135e-03	1.017220807334972270e-06	1.102802063208970289e-22	1.052069126595041636e-16	6.599763767676718542e-15	2.361813699575965391e-14	3.866081773182526279e-23	2.763981703009613309e-23	1.727999968150439186e-02	6.927898245537365829e-02	7.210175446050010820e-04	3.030991370755029573e-10	7.200000206751691958e-04
7.790000000000000568e+01	5.257358366247147956e-12	3.020614832352266772e-15	2.067451003816379440e-21	1.998982774949159373e-03	1.017220806587313440e-06	1.102802062398409100e-22	1.052069125821758885e-16	6.599763762833610355e-15	2.361813697747739537e-14	3.866081770189956287e-23	2.763981699114887843e-23	1.727999968097800737e-02	6.927898245484796769e-02	7.210175451306363899e-04	3.034888940250858531e-10	7.200000208117960168e-04
7.800000000000000000e+01	5.257358362543137378e-12	3.020614830132112812e-15	2.067451002303278221e-21	1.998982774952368612e-03	1.017220805839654610e-06	1.102802061587847676e-22	1.052069125048488090e-16	6.599763757990575532e-15	2.361813695919522520e-14	3.866081767197400989e-23	2.763981695220225266e-23	1.727999968045162288e-02	6.927898245432227708e-02	7.210175456562716977e-04	3.038786509743822859e-10	7.200000209484228378e-04
7.810000000000000853e+01	5.257358358839190616e-12	3.020614827911996717e-15	2.067451000790202205e-21	1.998982774955577850e-03	1.017220805091996203e-06	1.102802060777287427e-22	1.052069124275230360e-16	6.599763753147623540e-15	2.361813694091334532e-14	3.866081764204893299e-23	2.763981691325630868e-23	1.727999967992523839e-02	6.927898245379658648e-02	7.210175461819070056e-04	3.042684079233923075e-10	7.200000210850496588e-04
7.820000000000000284e+01	5.257358355135175192e-12	3.020614825691840785e-15	2.067450999277099106e-21	1.998982774958787088e-03	1.017220804344337585e-06	1.102802059966726238e-22	1.052069123501958702e-16	6.599763748304582406e-15	2.361813692263115621e-14	3.866081761212335062e-23	2.763981687430963001e-23	1.727999967939885390e-02	6.927898245327089588e-02	7.210175467075423134e-04	3.046581648721158143e-10	7.200000212216764797e-04
7.830000000000001137e+01	5.257358351431092721e-12	3.020614823471646199e-15	2.067450997763969676e-21	1.998982774961996327e-03	1.017220803596678966e-06	1.102802059156165283e-22	1.052069122728673362e-16	6.599763743461460020e-15	2.361813690434894501e-14	3.866081758219772711e-23	2.763981683536225193e-23	1.727999967887246940e-02	6.927898245274520528e-02	7.210175472331776213e-04	3.050479218205528581e-10	7.200000213583033007e-04
7.840000000000000568e+01	5.257358347727071642e-12	3.020614821251487111e-15	2.067450996250864696e-21	1.998982774965205565e-03	1.017220802849020136e-06	1.102802058345604094e-22	1.052069121955400718e-16	6.599763738618414153e-15	2.361813688606680954e-14	3.866081755227224465e-23	2.763981679641552037e-23	1.727999967834608491e-02	6.927898245221951468e-02	7.210175477588129291e-04	3.054376787687033873e-10	7.200000214949301217e-04
7.850000000000000000e+01	5.257358344022982708e-12	3.020614819031288975e-15	2.067450994737732256e-21	1.998982774968414804e-03	1.017220802101361518e-06	1.102802057535043140e-22	1.052069121182114269e-16	6.599763733775280722e-15	2.361813686778421969e-14	3.866081752234599225e-23	2.763981675746807763e-23	1.727999967781970042e-02	6.927898245169382407e-02	7.210175482844482370e-04	3.058274357165675052e-10	7.200000216315569426e-04
7.860000000000000853e+01	5.257358340318957590e-12	3.020614816811127521e-15	2.067450993224625772e-21	1.998982774971624042e-03	1.017220801353702476e-06	1.102802056724481716e-22	1.052069120408840516e-16	6.599763728932229334e-15	2.361813684950213786e-14	3.866081749242059209e-23	2.763981671852129317e-23	1.727999967729331593e-02	6.927898245116813347e-02	7.210175488100835448e-04	3.062171926641451084e-10	7.200000217681837636e-04
7.870000000000000284e+01	5.257358336614995480e-12	3.020614814591001960e-15	2.067450991711543737e-21	1.998982774974833281e-03	1.017220800606044069e-06	1.102802055913920997e-22	1.052069119635579705e-16	6.599763724089256042e-15	2.361813683122002764e-14	3.866081746249513314e-23	2.763981667957518462e-23	1.727999967676693144e-02	6.927898245064244287e-02	7.210175493357188527e-04	3.066069496114362486e-10	7.200000219048105846e-04
7.880000000000001137e+01	5.257358332910963092e-12	3.020614812370836167e-15	2.067450990198433867e-21	1.998982774978042519e-03	1.017220799858385663e-06	1.102802055103360278e-22	1.052069118862304596e-16	6.599763719246195187e-15	2.361813681293793950e-14	3.866081743256972122e-23	2.763981664062833551e-23	1.727999967624054695e-02	6.927898245011675227e-02	7.210175498613541605e-04	3.069967065584409775e-10	7.200000220414374055e-04
7.890000000000000568e+01	5.257358329206994520e-12	3.020614810150707056e-15	2.067450988685348447e-21	1.998982774981251757e-03	1.017220799110726833e-06	1.102802054292798853e-22	1.052069118089042059e-16	6.599763714403211640e-15	2.361813679465592394e-14	3.866081740264440922e-23	2.763981660168215643e-23	1.727999967571416245e-02	6.927898244959106167e-02	7.210175503869894684e-04	3.073864635051591401e-10	7.200000221780642265e-04
7.900000000000000000e+01	5.257358325502958900e-12	3.020614807930540080e-15	2.067450987172238953e-21	1.998982774984460996e-03	1.017220798363068426e-06	1.102802053482238605e-22	1.052069117315766580e-16	6.599763709560148418e-15	2.361813677637368119e-14	3.866081737271873869e-23	2.763981656273526617e-23	1.727999967518777796e-02	6.927898244906537106e-02	7.210175509126247762e-04	3.077762204515908913e-10	7.200000223146910475e-04
7.910000000000000853e+01	5.257358321798985481e-12	3.020614805710408208e-15	2.067450985659152029e-21	1.998982774987670234e-03	1.017220797615409596e-06	1.102802052671677180e-22	1.052069116542503427e-16	6.599763704717159349e-15	2.361813675809167193e-14	3.866081734279345019e-23	2.763981652378904007e-23	1.727999967466139347e-02	6.927898244853968046e-02	7.210175514382600841e-04	3.081659773977361279e-10	7.200000224513178684e-04
7.920000000000000284e+01	5.257358318094944208e-12	3.020614803490237682e-15	2.067450984146038774e-21	1.998982774990879473e-03	1.017220796867750766e-06	1.102802051861116226e-22	1.052069115769226716e-16	6.599763699874090606e-15	2.361813673980959642e-14	3.866081731286806178e-23	2.763981648484210280e-23	1.727999967413500898e-02	6.927898244801398986e-02	7.210175519638953919e-04	3.085557343435949015e-10	7.200000225879446894e-04
7.930000000000001137e+01	5.257358314390964326e-12	3.020614801270101865e-15	2.067450982632949216e-21	1.998982774994088711e-03	1.017220796120092359e-06	1.102802051050555742e-22	1.052069114995961960e-16	6.599763695031094437e-15	2.361813672152733473e-14	3.866081728294235598e-23	2.763981644589579441e-23	1.727999967360862449e-02	6.927898244748829926e-02	7.210175524895306998e-04	3.089454912891672638e-10	7.200000227245715104e-04
7.940000000000000568e+01	5.257358310686917398e-12	3.020614799049927789e-15	2.067450981119833704e-21	1.998982774997297950e-03	1.017220795372433529e-06	1.102802050239994318e-22	1.052069114222684016e-16	6.599763690188014649e-15	2.361813670324529077e-14	3.866081725301701459e-23	2.763981640694879836e-23	1.727999967308224000e-02	6.927898244696260865e-02	7.210175530151660076e-04	3.093352482344530597e-10	7.200000228611983313e-04
7.950000000000000000e+01	5.257358306982934285e-12	3.020614796829790396e-15	2.067450979606743770e-21	1.998982775000507188e-03	1.017220794624774699e-06	1.102802049429433129e-22	1.052069113449418645e-16	6.599763685345016903e-15	2.361813668496331939e-14	3.866081722309178487e-23	2.763981636800245471e-23	1.727999967255585551e-02	6.927898244643691805e-02	7.210175535408013155e-04	3.097250051794524443e-10	7.200000229978251523e-04
7.960000000000000853e+01	5.257358303278881702e-12	3.020614794609613164e-15	2.067450978093626000e-21	1.998982775003716426e-03	1.017220793877116504e-06	1.102802048618872175e-22	1.052069112676139591e-16	6.599763680501928438e-15	2.361813666668089362e-14	3.866081719316580871e-23	2.763981632905539989e-23	1.727999967202947101e-02	6.927898244591122745e-02	7.210175540664366233e-04	3.101147621241654176e-10	7.200000231344519733e-04
7.970000000000000284e+01	5.257358299574892127e-12	3.020614792389472615e-15	2.067450976580533434e-21	1.998982775006925665e-03	1.017220793129457886e-06	1.102802047808311456e-22	1.052069111902873357e-16	6.599763675658924380e-15	2.361813664839898219e-14	3.866081716324067891e-23	2.763981629010899159e-23	1.727999967150308652e-02	6.927898244538553685e-02	7.210175545920719312e-04	3.105045190685918246e-10	7.200000232710787942e-04
7.980000000000001137e+01	5.257358295870965560e-12	3.020614790169367170e-15	2.067450975067464565e-21	1.998982775010134903e-03	1.017220792381799267e-06	1.102802046997750972e-22	1.052069111129619325e-16	6.599763670815993687e-15	2.361813663011702973e-14	3.866081713331548445e-23	2.763981625116327095e-23	1.727999967097670203e-02	6.927898244485984625e-02	7.210175551177072390e-04	3.108942760127318719e-10	7.200000234077056152e-04
7.990000000000000568e+01	5.257358292166840276e-12	3.020614787949148129e-15	2.067450973554318960e-21	1.998982775013344142e-03	1.017220791634140437e-06	1.102802046187189547e-22	1.052069110356325604e-16	6.599763665972817659e-15	2.361813661183452508e-14	3.866081710338939074e-23	2.763981621221542855e-23	1.727999967045031754e-02	6.927898244433415564e-02	7.210175556433425469e-04	3.112840329565853529e-10	7.200000235443324362e-04
8.000000000000000000e+01	5.257358288462908054e-12	3.020614785729039923e-15	2.067450972041248586e-21	1.998982775016553380e-03	1.017220790886481607e-06	1.102802045376628358e-22	1.052069109583070463e-16	6.599763661129880654e-15	2.361813659355266729e-14	3.866081707346434910e-23	2.763981617326964326e-23	1.727999966992393305e-02	6.927898244380846504e-02	7.210175561689778547e-04	3.116737899001523709e-10	7.200000236809592571e-04
8.010000000000000853e+01	5.257358284758902323e-12	3.020614783508889512e-15	2.067450970528149249e-21	1.998982775019762619e-03	1.017220790138823412e-06	1.102802044566067874e-22	1.052069108809800900e-16	6.599763656286853720e-15	2.361813657527057284e-14	3.866081704353891954e-23	2.763981613432306451e-23	1.727999966939754856e-02	6.927898244328277444e-02	7.210175566946131626e-04	3.120635468434372169e-10	7.200000238175860781e-04
8.020000000000000284e+01	5.257358281054832777e-12	3.020614781288702420e-15	2.067450969015024332e-21	1.998982775022971857e-03	1.017220789391164582e-06	1.102802043755506685e-22	1.052069108036518272e-16	6.599763651443743956e-15	2.361813655698812498e-14	3.866081701361291400e-23	2.763981609537582160e-23	1.727999966887116406e-02	6.927898244275708384e-02	7.210175572202484704e-04	3.124533037864312573e-10	7.200000239542128991e-04
8.030000000000001137e+01	5.257358277350827046e-12	3.020614779068552799e-15	2.067450967501925371e-21	1.998982775026181095e-03	1.017220788643505752e-06	1.102802042944945496e-22	1.052069107263248710e-16	6.599763646600718599e-15	2.361813653870620409e-14	3.866081698368777244e-23	2.763981605642926049e-23	1.727999966834477957e-02	6.927898244223139324e-02	7.210175577458837783e-04	3.128430607291389380e-10	7.200000240908397200e-04
8.040000000000000568e+01	5.257358273646884323e-12	3.020614776848437888e-15	2.067450965988850860e-21	1.998982775029390334e-03	1.017220787895847557e-06	1.102802042134384307e-22	1.052069106489991473e-16	6.599763641757769762e-15	2.361813652042411279e-14	3.866081695376233113e-23	2.763981601748335177e-23	1.727999966781839508e-02	6.927898244170570263e-02	7.210175582715190861e-04	3.132328176715601040e-10	7.200000242274665410e-04
8.050000000000000000e+01	5.257358269942742882e-12	3.020614774628210169e-15	2.067450964475698484e-21	1.998982775032599572e-03	1.017220787148188727e-06	1.102802041323823823e-22	1.052069105716694670e-16	6.599763636914572434e-15	2.361813650214164285e-14	3.866081692383630207e-23	2.763981597853534480e-23	1.727999966729201059e-02	6.927898244118001203e-02	7.210175587971543940e-04	3.136225746136947037e-10	7.200000243640933620e-04
8.060000000000000853e+01	5.257358266238795313e-12	3.020614772408092891e-15	2.067450962962621715e-21	1.998982775035808811e-03	1.017220786400529897e-06	1.102802040513262869e-22	1.052069104943436571e-16	6.599763632071618864e-15	2.361813648385983239e-14	3.866081689391133096e-23	2.763981593958938906e-23	1.727999966676562610e-02	6.927898244065432143e-02	7.210175593227897018e-04	3.140123315555429955e-10	7.200000245007201830e-04
8.070000000000000284e+01	5.257358262534779081e-12	3.020614770187936565e-15	2.067450961449518240e-21	1.998982775039018049e-03	1.017220785652871702e-06	1.102802039702702385e-22	1.052069104170164790e-16	6.599763627228576153e-15	2.361813646557756755e-14	3.866081686398562516e-23	2.763981590064271627e-23	1.727999966623924161e-02	6.927898244012863083e-02	7.210175598484250097e-04	3.144020884971046692e-10	7.200000246373470039e-04
8.080000000000001137e+01	5.257358258830694994e-12	3.020614767967741584e-15	2.067450959936388810e-21	1.998982775042227288e-03	1.017220784905213084e-06	1.102802038892141195e-22	1.052069103396879327e-16	6.599763622385451400e-15	2.361813644729524591e-14	3.866081683405982533e-23	2.763981586169530880e-23	1.727999966571285712e-02	6.927898243960294022e-02	7.210175603740603175e-04	3.147918454383799833e-10	7.200000247739738249e-04
8.090000000000000568e+01	5.257358255126804777e-12	3.020614765747657044e-15	2.067450958423334611e-21	1.998982775045436526e-03	1.017220784157554253e-06	1.102802038081579771e-22	1.052069102623632691e-16	6.599763617542567250e-15	2.361813642901343861e-14	3.866081680413487773e-23	2.763981582274994669e-23	1.727999966518647262e-02	6.927898243907724962e-02	7.210175608996956254e-04	3.151816023793687827e-10	7.200000249106006459e-04
8.100000000000000000e+01	5.257358251422715844e-12	3.020614763527459302e-15	2.067450956910202548e-21	1.998982775048645764e-03	1.017220783409895635e-06	1.102802037271019287e-22	1.052069101850346488e-16	6.599763612699437764e-15	2.361813641073109488e-14	3.866081677420904263e-23	2.763981578380251571e-23	1.727999966466008813e-02	6.927898243855155902e-02	7.210175614253309332e-04	3.155713593200710158e-10	7.200000250472274668e-04
8.110000000000000853e+01	5.257358247718681032e-12	3.020614761307291931e-15	2.067450955397092301e-21	1.998982775051855003e-03	1.017220782662236805e-06	1.102802036460458098e-22	1.052069101077070763e-16	6.599763607856372964e-15	2.361813639244885213e-14	3.866081674428336622e-23	2.763981574485564896e-23	1.727999966413370364e-02	6.927898243802586842e-02	7.210175619509662411e-04	3.159611162604911285e-10	7.200000251838542878e-04
8.120000000000000284e+01	5.257358244014718114e-12	3.020614759087166370e-15	2.067450953884009891e-21	1.998982775055064241e-03	1.017220781914578187e-06	1.102802035649897144e-22	1.052069100303809582e-16	6.599763603013398095e-15	2.361813637416686181e-14	3.866081671435810123e-23	2.763981570590951690e-23	1.727999966360731915e-02	6.927898243750017782e-02	7.210175624766015489e-04	3.163508732006204873e-10	7.200000253204811088e-04
8.130000000000001137e+01	5.257358240310685726e-12	3.020614756867000972e-15	2.067450952370900397e-21	1.998982775058273480e-03	1.017220781166919992e-06	1.102802034839336425e-22	1.052069099530534596e-16	6.599763598170336451e-15	2.361813635588459697e-14	3.866081668443238956e-23	2.763981566696266779e-23	1.727999966308093466e-02	6.927898243697448721e-02	7.210175630022368568e-04	3.167406301404633831e-10	7.200000254571079297e-04
8.140000000000000568e+01	5.257358236606585484e-12	3.020614754646795736e-15	2.067450950857763820e-21	1.998982775061482718e-03	1.017220780419260950e-06	1.102802034028775236e-22	1.052069098757246175e-16	6.599763593327191976e-15	2.361813633760230057e-14	3.866081665450664850e-23	2.763981562801510163e-23	1.727999966255455017e-02	6.927898243644879661e-02	7.210175635278721646e-04	3.171303870800198159e-10	7.200000255937347507e-04
8.150000000000000000e+01	5.257358232902678304e-12	3.020614752426702124e-15	2.067450949344702850e-21	1.998982775064691957e-03	1.017220779671602332e-06	1.102802033218214046e-22	1.052069097983995964e-16	6.599763588484287316e-15	2.361813631932031972e-14	3.866081662458139527e-23	2.763981558906957495e-23	1.727999966202816567e-02	6.927898243592310601e-02	7.210175640535074724e-04	3.175201440192897857e-10	7.200000257303615717e-04
8.160000000000000853e+01	5.257358229198573214e-12	3.020614750206495310e-15	2.067450947831565144e-21	1.998982775067901195e-03	1.017220778923944137e-06	1.102802032407653327e-22	1.052069097210706434e-16	6.599763583641136530e-15	2.361813630103801701e-14	3.866081659465561894e-23	2.763981555012196176e-23	1.727999966150178118e-02	6.927898243539741541e-02	7.210175645791427803e-04	3.179099009582732925e-10	7.200000258669883926e-04
8.170000000000000284e+01	5.257358225494531940e-12	3.020614747986323995e-15	2.067450946318452265e-21	1.998982775071110433e-03	1.017220778176285307e-06	1.102802031597092138e-22	1.052069096437429352e-16	6.599763578798063053e-15	2.361813628275586577e-14	3.866081656473010710e-23	2.763981551117501273e-23	1.727999966097539669e-02	6.927898243487172480e-02	7.210175651047780881e-04	3.182996578969702846e-10	7.200000260036152136e-04
8.180000000000001137e+01	5.257358221790552059e-12	3.020614745766188179e-15	2.067450944805361955e-21	1.998982775074319672e-03	1.017220777428626688e-06	1.102802030786531419e-22	1.052069095664164967e-16	6.599763573955067674e-15	2.361813626447367981e-14	3.866081653480452473e-23	2.763981547222870435e-23	1.727999966044901220e-02	6.927898243434603420e-02	7.210175656304133960e-04	3.186894148353808138e-10	7.200000261402420346e-04
8.190000000000000568e+01	5.257358218086503515e-12	3.020614743546013314e-15	2.067450943292246067e-21	1.998982775077528910e-03	1.017220776680967858e-06	1.102802029975970700e-22	1.052069094890886530e-16	6.599763569111986308e-15	2.361813624619151279e-14	3.866081650487897763e-23	2.763981543328169067e-23	1.727999965992262771e-02	6.927898243382034360e-02	7.210175661560487038e-04	3.190791717735048799e-10	7.200000262768688555e-04
8.200000000000000000e+01	5.257358214382517979e-12	3.020614741325874737e-15	2.067450941779155004e-21	1.998982775080738149e-03	1.017220775933309451e-06	1.102802029165409276e-22	1.052069094117621035e-16	6.599763564268983040e-15	2.361813622790941518e-14	3.866081647495355395e-23	2.763981539433534114e-23	1.727999965939624322e-02	6.927898243329465300e-02	7.210175666816840117e-04	3.194689287113424831e-10	7.200000264134956765e-04
8.210000000000000853e+01	5.257358210678465396e-12	3.020614739105697111e-15	2.067450940266037611e-21	1.998982775083947387e-03	1.017220775185650621e-06	1.102802028354848557e-22	1.052069093344341735e-16	6.599763559425898519e-15	2.361813620962709986e-14	3.866081644502775412e-23	2.763981535538826868e-23	1.727999965886985873e-02	6.927898243276896240e-02	7.210175672073193195e-04	3.198586856488936233e-10	7.200000265501224975e-04
8.220000000000000284e+01	5.257358206974475013e-12	3.020614736885555773e-15	2.067450938752944292e-21	1.998982775087156626e-03	1.017220774437992426e-06	1.102802027544287838e-22	1.052069092571075007e-16	6.599763554582888151e-15	2.361813619134501487e-14	3.866081641510234807e-23	2.763981531644186626e-23	1.727999965834347423e-02	6.927898243224327179e-02	7.210175677329546274e-04	3.202484425861582488e-10	7.200000266867493184e-04
8.230000000000001137e+01	5.257358203270417583e-12	3.020614734665375780e-15	2.067450937239825394e-21	1.998982775090365864e-03	1.017220773690333808e-06	1.102802026733726884e-22	1.052069091797795214e-16	6.599763549739797319e-15	2.361813617306286994e-14	3.866081638517683036e-23	2.763981527749475266e-23	1.727999965781708974e-02	6.927898243171758119e-02	7.210175682585899352e-04	3.206381995231365148e-10	7.200000268233761394e-04
8.240000000000000568e+01	5.257358199566421546e-12	3.020614732445230103e-15	2.067450935726728690e-21	1.998982775093575102e-03	1.017220772942674978e-06	1.102802025923165930e-22	1.052069091024527131e-16	6.599763544896779851e-15	2.361813615478053883e-14	3.866081635525100701e-23	2.763981523854828558e-23	1.727999965729070525e-02	6.927898243119189059e-02	7.210175687842252431e-04	3.210279564598281626e-10	7.200000269600029604e-04
8.250000000000000000e+01	5.257358195862357654e-12	3.020614730225046955e-15	2.067450934213607159e-21	1.998982775096784341e-03	1.017220772195016360e-06	1.102802025112604976e-22	1.052069090251245859e-16	6.599763540053681130e-15	2.361813613649841599e-14	3.866081632532553631e-23	2.763981519960110733e-23	1.727999965676432076e-02	6.927898243066619999e-02	7.210175693098605509e-04	3.214177133962333991e-10	7.200000270966297813e-04
8.260000000000000853e+01	5.257358192158357578e-12	3.020614728004900095e-15	2.067450932700510454e-21	1.998982775099993579e-03	1.017220771447357953e-06	1.102802024302044256e-22	1.052069089477977159e-16	6.599763535210661296e-15	2.361813611821637518e-14	3.866081629540018904e-23	2.763981516065459324e-23	1.727999965623793627e-02	6.927898243014050939e-02	7.210175698354958588e-04	3.218074703323521727e-10	7.200000272332566023e-04
8.270000000000000284e+01	5.257358188454288839e-12	3.020614725784713397e-15	2.067450931187385914e-21	1.998982775103202818e-03	1.017220770699699546e-06	1.102802023491483302e-22	1.052069088704694778e-16	6.599763530367552320e-15	2.361813609993386422e-14	3.866081626547409533e-23	2.763981512170735621e-23	1.727999965571155178e-02	6.927898242961481878e-02	7.210175703611311666e-04	3.221972272681844316e-10	7.200000273698834233e-04
8.280000000000001137e+01	5.257358184750282300e-12	3.020614723564562198e-15	2.067450929674286576e-21	1.998982775106412056e-03	1.017220769952040928e-06	1.102802022680922113e-22	1.052069087931424969e-16	6.599763525524526175e-15	2.361813608165188336e-14	3.866081623554884798e-23	2.763981508276077746e-23	1.727999965518516728e-02	6.927898242908912818e-02	7.210175708867664745e-04	3.225869842037303309e-10	7.200000275065102442e-04
8.290000000000000568e+01	5.257358181046337962e-12	3.020614721344447681e-15	2.067450928161212065e-21	1.998982775109621295e-03	1.017220769204381886e-06	1.102802021870360689e-22	1.052069087158167732e-16	6.599763520681574183e-15	2.361813606336984887e-14	3.866081620562351247e-23	2.763981504381486287e-23	1.727999965465878279e-02	6.927898242856343758e-02	7.210175714124017823e-04	3.229767411389896121e-10	7.200000276431370652e-04
8.300000000000000000e+01	5.257358177342189251e-12	3.020614719124214046e-15	2.067450926648056304e-21	1.998982775112830533e-03	1.017220768456723691e-06	1.102802021059800205e-22	1.052069086384869081e-16	6.599763515838367388e-15	2.361813604508725902e-14	3.866081617569727770e-23	2.763981500486677361e-23	1.727999965413239830e-02	6.927898242803774698e-02	7.210175719380370902e-04	3.233664980739667213e-10	7.200000277797638862e-04
8.310000000000000853e+01	5.257358173638239258e-12	3.020614716904096768e-15	2.067450925134978783e-21	1.998982775116039771e-03	1.017220767709064861e-06	1.102802020249239251e-22	1.052069085611610981e-16	6.599763510995409874e-15	2.361813602680530341e-14	3.866081614577207149e-23	2.763981496592079436e-23	1.727999965360601381e-02	6.927898242751205637e-02	7.210175724636723980e-04	3.237562550086531800e-10	7.200000279163907072e-04
8.320000000000000284e+01	5.257358169934223834e-12	3.020614714683940836e-15	2.067450923621875684e-21	1.998982775119249010e-03	1.017220766961406455e-06	1.102802019438678532e-22	1.052069084838338830e-16	6.599763506152370318e-15	2.361813600852314585e-14	3.866081611584654789e-23	2.763981492697413333e-23	1.727999965307962932e-02	6.927898242698636577e-02	7.210175729893077059e-04	3.241460119430530722e-10	7.200000280530175281e-04
8.330000000000001137e+01	5.257358166230269802e-12	3.020614712463819614e-15	2.067450922108796283e-21	1.998982775122458248e-03	1.017220766213747836e-06	1.102802018628117578e-22	1.052069084065079375e-16	6.599763501309405704e-15	2.361813599024122495e-14	3.866081608592140046e-23	2.763981488802809531e-23	1.727999965255324483e-02	6.927898242646067517e-02	7.210175735149430137e-04	3.245357688771666049e-10	7.200000281896443491e-04
8.340000000000000568e+01	5.257358162526247915e-12	3.020614710243660526e-15	2.067450920595690927e-21	1.998982775125667487e-03	1.017220765466089218e-06	1.102802017817556624e-22	1.052069083291806485e-16	6.599763496466359837e-15	2.361813597195924410e-14	3.866081605599615310e-23	2.763981484908136962e-23	1.727999965202686034e-02	6.927898242593498457e-02	7.210175740405783216e-04	3.249255258109935712e-10	7.200000283262711701e-04
8.350000000000000000e+01	5.257358158822289036e-12	3.020614708023536938e-15	2.067450919082610021e-21	1.998982775128876725e-03	1.017220764718430388e-06	1.102802017006995434e-22	1.052069082518546413e-16	6.599763491623390490e-15	2.361813595367708024e-14	3.866081602607061188e-23	2.763981481013528458e-23	1.727999965150047584e-02	6.927898242540929397e-02	7.210175745662136294e-04	3.253152827445340228e-10	7.200000284628979910e-04
8.360000000000000853e+01	5.257358155118263110e-12	3.020614705803374695e-15	2.067450917569503160e-21	1.998982775132085964e-03	1.017220763970771981e-06	1.102802016196434715e-22	1.052069081745272413e-16	6.599763486780338312e-15	2.361813593539511201e-14	3.866081599614539979e-23	2.763981477118850012e-23	1.727999965097409135e-02	6.927898242488360336e-02	7.210175750918489373e-04	3.257050396777881148e-10	7.200000285995248120e-04
8.370000000000000284e+01	5.257358151414298577e-12	3.020614703583248345e-15	2.067450916056419997e-21	1.998982775135295202e-03	1.017220763223113151e-06	1.102802015385873761e-22	1.052069080972010986e-16	6.599763481937364232e-15	2.361813591711324159e-14	3.866081596622032288e-23	2.763981473224236219e-23	1.727999965044770686e-02	6.927898242435791276e-02	7.210175756174842451e-04	3.260947966107556404e-10	7.200000287361516330e-04
8.380000000000001137e+01	5.257358147710266189e-12	3.020614701363082946e-15	2.067450914543310127e-21	1.998982775138504440e-03	1.017220762475454533e-06	1.102802014575312807e-22	1.052069080198736000e-16	6.599763477094301010e-15	2.361813589883090418e-14	3.866081593629449954e-23	2.763981469329552483e-23	1.727999964992132237e-02	6.927898242383222216e-02	7.210175761431195530e-04	3.264845535434368064e-10	7.200000288727784539e-04
8.390000000000000568e+01	5.257358144006165946e-12	3.020614699142877710e-15	2.067450913030173550e-21	1.998982775141713679e-03	1.017220761727796338e-06	1.102802013764752088e-22	1.052069079425447086e-16	6.599763472251154169e-15	2.361813588054850050e-14	3.866081590636857628e-23	2.763981465434794103e-23	1.727999964939493788e-02	6.927898242330653156e-02	7.210175766687548608e-04	3.268743104758314061e-10	7.200000290094052749e-04
8.400000000000000000e+01	5.257358140302258766e-12	3.020614696922783704e-15	2.067450911517112956e-21	1.998982775144922917e-03	1.017220760980137719e-06	1.102802012954191134e-22	1.052069078652197122e-16	6.599763467408249508e-15	2.361813586226662062e-14	3.866081587644349937e-23	2.763981461540241435e-23	1.727999964886855339e-02	6.927898242278084096e-02	7.210175771943901687e-04	3.272640674079395428e-10	7.200000291460320959e-04
8.410000000000000853e+01	5.257358136598152061e-12	3.020614694702576101e-15	2.067450910003974122e-21	1.998982775148132156e-03	1.017220760232478889e-06	1.102802012143630180e-22	1.052069077878907468e-16	6.599763462565097934e-15	2.361813584398420116e-14	3.866081584651754084e-23	2.763981457645478941e-23	1.727999964834216889e-02	6.927898242225515035e-02	7.210175777200254765e-04	3.276538243397612681e-10	7.200000292826589168e-04
8.420000000000000284e+01	5.257358132894240034e-12	3.020614692482478939e-15	2.067450908490911648e-21	1.998982775151341394e-03	1.017220759484820483e-06	1.102802011333069461e-22	1.052069077105656271e-16	6.599763457722186173e-15	2.361813582570243488e-14	3.866081581659263438e-23	2.763981453750920396e-23	1.727999964781578440e-02	6.927898242172945975e-02	7.210175782456607844e-04	3.280435812712964788e-10	7.200000294192857378e-04
8.430000000000001137e+01	5.257358129190260960e-12	3.020614690262343912e-15	2.067450906977822467e-21	1.998982775154550633e-03	1.017220758737161864e-06	1.102802010522508037e-22	1.052069076332392009e-16	6.599763452879193160e-15	2.361813580742044456e-14	3.866081578666738703e-23	2.763981449856291908e-23	1.727999964728939991e-02	6.927898242120376915e-02	7.210175787712960922e-04	3.284333382025452266e-10	7.200000295559125588e-04
8.440000000000000568e+01	5.257358125486211609e-12	3.020614688042169047e-15	2.067450905464706202e-21	1.998982775157759871e-03	1.017220757989503034e-06	1.102802009711947082e-22	1.052069075559113448e-16	6.599763448036108639e-15	2.361813578913810083e-14	3.866081575674155193e-23	2.763981445961588777e-23	1.727999964676301542e-02	6.927898242067807855e-02	7.210175792969314001e-04	3.288230951335074596e-10	7.200000296925393797e-04
8.450000000000000000e+01	5.257358121782226881e-12	3.020614685822030864e-15	2.067450903951616268e-21	1.998982775160969109e-03	1.017220757241844628e-06	1.102802008901386363e-22	1.052069074785848077e-16	6.599763443193110104e-15	2.361813577085627775e-14	3.866081572681655731e-23	2.763981442066953824e-23	1.727999964623663093e-02	6.927898242015238794e-02	7.210175798225667079e-04	3.292128520641832296e-10	7.200000298291662007e-04
8.460000000000000853e+01	5.257358118078303545e-12	3.020614683601927391e-15	2.067450902438548904e-21	1.998982775164178348e-03	1.017220756494186009e-06	1.102802008090825409e-22	1.052069074012594908e-16	6.599763438350185722e-15	2.361813575257427481e-14	3.866081569689128644e-23	2.763981438172384111e-23	1.727999964571024644e-02	6.927898241962669734e-02	7.210175803482020158e-04	3.296026089945725884e-10	7.200000299657930217e-04
8.470000000000000284e+01	5.257358114374182299e-12	3.020614681381711111e-15	2.067450900925404051e-21	1.998982775167387586e-03	1.017220755746527391e-06	1.102802007280264220e-22	1.052069073239302173e-16	6.599763433507013637e-15	2.361813573429190584e-14	3.866081566696540432e-23	2.763981434277606336e-23	1.727999964518386194e-02	6.927898241910100674e-02	7.210175808738373236e-04	3.299923659246754324e-10	7.200000301024198426e-04
8.480000000000001137e+01	5.257358110670124062e-12	3.020614679161530330e-15	2.067450899412284025e-21	1.998982775170596825e-03	1.017220754998868772e-06	1.102802006469703736e-22	1.052069072466021640e-16	6.599763428663920439e-15	2.361813571600967571e-14	3.866081563703975730e-23	2.763981430382893213e-23	1.727999964465747745e-02	6.927898241857531614e-02	7.210175813994726315e-04	3.303821228544918135e-10	7.200000302390466636e-04
8.490000000000000568e+01	5.257358106966128024e-12	3.020614676941385047e-15	2.067450897899188449e-21	1.998982775173806063e-03	1.017220754251210154e-06	1.102802005659143017e-22	1.052069071692753926e-16	6.599763423820902971e-15	2.361813569772741403e-14	3.866081560711404563e-23	2.763981426488246505e-23	1.727999964413109296e-02	6.927898241804962554e-02	7.210175819251079393e-04	3.307718797840217316e-10	7.200000303756734846e-04
8.500000000000000000e+01	5.257358103262063325e-12	3.020614674721201111e-15	2.067450896386066918e-21	1.998982775177015302e-03	1.017220753503551748e-06	1.102802004848582063e-22	1.052069070919472408e-16	6.599763418977802673e-15	2.361813567944518074e-14	3.866081557718839861e-23	2.763981422593527505e-23	1.727999964360470847e-02	6.927898241752393493e-02	7.210175824507432472e-04	3.311616367132651867e-10	7.200000305123003055e-04
8.510000000000000853e+01	5.257358099558193303e-12	3.020614672501128798e-15	2.067450894873020242e-21	1.998982775180224540e-03	1.017220752755893341e-06	1.102802004038021344e-22	1.052069070146229839e-16	6.599763414134944555e-15	2.361813566116346179e-14	3.866081554726358031e-23	2.763981418699013628e-23	1.727999964307832398e-02	6.927898241699824433e-02	7.210175829763785550e-04	3.315513936422221272e-10	7.200000306489271265e-04
8.520000000000000284e+01	5.257358095854124564e-12	3.020614670280942100e-15	2.067450893359896078e-21	1.998982775183433779e-03	1.017220752008234723e-06	1.102802003227460155e-22	1.052069069372947334e-16	6.599763409291838735e-15	2.361813564288120957e-14	3.866081551733790390e-23	2.763981414804290513e-23	1.727999964255193949e-02	6.927898241647255373e-02	7.210175835020138629e-04	3.319411505708926046e-10	7.200000307855539475e-04
8.530000000000001137e+01	5.257358092150118026e-12	3.020614668060791295e-15	2.067450891846795988e-21	1.998982775186643017e-03	1.017220751260575892e-06	1.102802002416898966e-22	1.052069068599677402e-16	6.599763404448807067e-15	2.361813562459904886e-14	3.866081548741236268e-23	2.763981410909632051e-23	1.727999964202555500e-02	6.927898241594686313e-02	7.210175840276491707e-04	3.323309074992766191e-10	7.200000309221807684e-04
8.540000000000000568e+01	5.257358088446176110e-12	3.020614665840677962e-15	2.067450890333722605e-21	1.998982775189852255e-03	1.017220750512917274e-06	1.102802001606338482e-22	1.052069067826420659e-16	6.599763399605862964e-15	2.361813560631720053e-14	3.866081545748732691e-23	2.763981407015042942e-23	1.727999964149917050e-02	6.927898241542117252e-02	7.210175845532844786e-04	3.327206644273741705e-10	7.200000310588075894e-04
8.550000000000000000e+01	5.257358084742163917e-12	3.020614663620523213e-15	2.067450888820621011e-21	1.998982775193061494e-03	1.017220749765258656e-06	1.102802000795777528e-22	1.052069067053149371e-16	6.599763394762825774e-15	2.361813558803502089e-14	3.866081542756176217e-23	2.763981403120378602e-23	1.727999964097278601e-02	6.927898241489548192e-02	7.210175850789197864e-04	3.331104213551852590e-10	7.200000311954344104e-04
8.560000000000000853e+01	5.257358081038083869e-12	3.020614661400330599e-15	2.067450887307492333e-21	1.998982775196270732e-03	1.017220749017600461e-06	1.102801999985216809e-22	1.052069066279865017e-16	6.599763389919707332e-15	2.361813556975282547e-14	3.866081539763616805e-23	2.763981399225643732e-23	1.727999964044640152e-02	6.927898241436979132e-02	7.210175856045550943e-04	3.335001782827098328e-10	7.200000313320612313e-04
8.570000000000000284e+01	5.257358077334197692e-12	3.020614659180249214e-15	2.067450885794440015e-21	1.998982775199479971e-03	1.017220748269941842e-06	1.102801999174655384e-22	1.052069065506619120e-16	6.599763385076827915e-15	2.361813555147092981e-14	3.866081536771107351e-23	2.763981395331113399e-23	1.727999963992001703e-02	6.927898241384410072e-02	7.210175861301904021e-04	3.338899352099479953e-10	7.200000314686880523e-04
8.580000000000001137e+01	5.257358073630113605e-12	3.020614656960053839e-15	2.067450884281309832e-21	1.998982775202689209e-03	1.017220747522283012e-06	1.102801998364094430e-22	1.052069064733333904e-16	6.599763380233702373e-15	2.361813553318872177e-14	3.866081533778545588e-23	2.763981391436373239e-23	1.727999963939363254e-02	6.927898241331841012e-02	7.210175866558257100e-04	3.342796921368996948e-10	7.200000316053148733e-04
8.590000000000000568e+01	5.257358069926090910e-12	3.020614654739893568e-15	2.067450882768204100e-21	1.998982775205898448e-03	1.017220746774624606e-06	1.102801997553533711e-22	1.052069063960060520e-16	6.599763375390654140e-15	2.361813551490665888e-14	3.866081530786008510e-23	2.763981387541698320e-23	1.727999963886724805e-02	6.927898241279271951e-02	7.210175871814610178e-04	3.346694490635648280e-10	7.200000317419416943e-04
8.600000000000000000e+01	5.257358066222131224e-12	3.020614652519769979e-15	2.067450881255122818e-21	1.998982775209107686e-03	1.017220746026966199e-06	1.102801996742972992e-22	1.052069063186800326e-16	6.599763370547685581e-15	2.361813549662455812e-14	3.866081527793464379e-23	2.763981383647090403e-23	1.727999963834086355e-02	6.927898241226702891e-02	7.210175877070963257e-04	3.350592059899435498e-10	7.200000318785685152e-04
8.610000000000000853e+01	5.257358062518104490e-12	3.020614650299607341e-15	2.067450879742015205e-21	1.998982775212316924e-03	1.017220745279307581e-06	1.102801995932412273e-22	1.052069062413526326e-16	6.599763365704630248e-15	2.361813547834249207e-14	3.866081524800926125e-23	2.763981379752410194e-23	1.727999963781447906e-02	6.927898241174133831e-02	7.210175882327316335e-04	3.354489629160358087e-10	7.200000320151953362e-04
8.620000000000000284e+01	5.257358058814138341e-12	3.020614648079479414e-15	2.067450878228931666e-21	1.998982775215526163e-03	1.017220744531649174e-06	1.102801995121850849e-22	1.052069061640264405e-16	6.599763360861652224e-15	2.361813546006049228e-14	3.866081521808398451e-23	2.763981375857795813e-23	1.727999963728809457e-02	6.927898241121564771e-02	7.210175887583669414e-04	3.358387198418415529e-10	7.200000321518221572e-04
8.630000000000001137e+01	5.257358055110106761e-12	3.020614645859314804e-15	2.067450876715822548e-21	1.998982775218735401e-03	1.017220743783990556e-06	1.102801994311290130e-22	1.052069060866989543e-16	6.599763356018592946e-15	2.361813544177826531e-14	3.866081518815834925e-23	2.763981371963112077e-23	1.727999963676171008e-02	6.927898241068995711e-02	7.210175892840022492e-04	3.362284767673608858e-10	7.200000322884489781e-04
8.640000000000000568e+01	5.257358051406136573e-12	3.020614643639184510e-15	2.067450875202736752e-21	1.998982775221944640e-03	1.017220743036331937e-06	1.102801993500729881e-22	1.052069060093727006e-16	6.599763351175609399e-15	2.361813542349627183e-14	3.866081515823307838e-23	2.763981368068492406e-23	1.727999963623532559e-02	6.927898241016426650e-02	7.210175898096375571e-04	3.366182336925936523e-10	7.200000324250757991e-04
8.650000000000000000e+01	5.257358047702098530e-12	3.020614641419015956e-15	2.067450873689625754e-21	1.998982775225153878e-03	1.017220742288673531e-06	1.102801992690168692e-22	1.052069059320450911e-16	6.599763346332542233e-15	2.361813540521421841e-14	3.866081512830770760e-23	2.763981364173801617e-23	1.727999963570894110e-02	6.927898240963857590e-02	7.210175903352728649e-04	3.370079906175400075e-10	7.200000325617026201e-04
8.660000000000000853e+01	5.257358043998123496e-12	3.020614639198882507e-15	2.067450872176538077e-21	1.998982775228363117e-03	1.017220741541014489e-06	1.102801991879607738e-22	1.052069058547187018e-16	6.599763341489551587e-15	2.361813538693197250e-14	3.866081509838204295e-23	2.763981360279177244e-23	1.727999963518255661e-02	6.927898240911288530e-02	7.210175908609081728e-04	3.373977475421999515e-10	7.200000326983294410e-04
8.670000000000000284e+01	5.257358040294081414e-12	3.020614636978711192e-15	2.067450870663424821e-21	1.998982775231572355e-03	1.017220740793356294e-06	1.102801991069046783e-22	1.052069057773910184e-16	6.599763336646478110e-15	2.361813536864994431e-14	3.866081506845671919e-23	2.763981356384481753e-23	1.727999963465617211e-02	6.927898240858719470e-02	7.210175913865434806e-04	3.377875044665733290e-10	7.200000328349562620e-04
8.680000000000001137e+01	5.257358036590100725e-12	3.020614634758576164e-15	2.067450869150334888e-21	1.998982775234781593e-03	1.017220740045697464e-06	1.102801990258486064e-22	1.052069057000645428e-16	6.599763331803483519e-15	2.361813535036799817e-14	3.866081503853152473e-23	2.763981352489851502e-23	1.727999963412978762e-02	6.927898240806150409e-02	7.210175919121787885e-04	3.381772613906602953e-10	7.200000329715830830e-04
8.690000000000000568e+01	5.257358032886052181e-12	3.020614632538400905e-15	2.067450867637218999e-21	1.998982775237990832e-03	1.017220739298038846e-06	1.102801989447925110e-22	1.052069056227367361e-16	6.599763326960402153e-15	2.361813533208558818e-14	3.866081500860558384e-23	2.763981348595150722e-23	1.727999963360340313e-02	6.927898240753581349e-02	7.210175924378140963e-04	3.385670183144607469e-10	7.200000331082099039e-04
8.700000000000000000e+01	5.257358029182068260e-12	3.020614630318262722e-15	2.067450866124127937e-21	1.998982775241200070e-03	1.017220738550380439e-06	1.102801988637363921e-22	1.052069055454101619e-16	6.599763322117401252e-15	2.361813531380368622e-14	3.866081497868047755e-23	2.763981344700515181e-23	1.727999963307701864e-02	6.927898240701012289e-02	7.210175929634494042e-04	3.389567752379746838e-10	7.200000332448367249e-04
8.710000000000000853e+01	5.257358025478144924e-12	3.020614628098159644e-15	2.067450864611061325e-21	1.998982775244409309e-03	1.017220737802721821e-06	1.102801987826803202e-22	1.052069054680848574e-16	6.599763317274476080e-15	2.361813529552175585e-14	3.866081494875531835e-23	2.763981340805944881e-23	1.727999963255063415e-02	6.927898240648443229e-02	7.210175934890847120e-04	3.393465321612022611e-10	7.200000333814635459e-04
8.720000000000000284e+01	5.257358021774022871e-12	3.020614625877942969e-15	2.067450863097916472e-21	1.998982775247618547e-03	1.017220737055063626e-06	1.102801987016242483e-22	1.052069053907555592e-16	6.599763312431305574e-15	2.361813527723926697e-14	3.866081491882924228e-23	2.763981336911165930e-23	1.727999963202424966e-02	6.927898240595874169e-02	7.210175940147200199e-04	3.397362890841432720e-10	7.200000335180903668e-04
8.730000000000001137e+01	5.257358018070094689e-12	3.020614623657837130e-15	2.067450861584846851e-21	1.998982775250827786e-03	1.017220736307404796e-06	1.102801986205681294e-22	1.052069053134301314e-16	6.599763307588372514e-15	2.361813525895742812e-14	3.866081488890422415e-23	2.763981333016590340e-23	1.727999963149786516e-02	6.927898240543305108e-02	7.210175945403553277e-04	3.401260460067978716e-10	7.200000336547171878e-04
8.740000000000000568e+01	5.257358014366099459e-12	3.020614621437692636e-15	2.067450860071752404e-21	1.998982775254037024e-03	1.017220735559746177e-06	1.102801985395120575e-22	1.052069052361033847e-16	6.599763302745360568e-15	2.361813524067536838e-14	3.866081485897885337e-23	2.763981329121944808e-23	1.727999963097148067e-02	6.927898240490736048e-02	7.210175950659906356e-04	3.405158029291660083e-10	7.200000337913440088e-04
8.750000000000000000e+01	5.257358010662034759e-12	3.020614619217508305e-15	2.067450858558630120e-21	1.998982775257246262e-03	1.017220734812087771e-06	1.102801984584559621e-22	1.052069051587752328e-16	6.599763297902257903e-15	2.361813522239295208e-14	3.866081482905290659e-23	2.763981325227225807e-23	1.727999963044509618e-02	6.927898240438166988e-02	7.210175955916259434e-04	3.409055598512475786e-10	7.200000339279708297e-04
8.760000000000000853e+01	5.257358006958033875e-12	3.020614616997360656e-15	2.067450857045532287e-21	1.998982775260455501e-03	1.017220734064429152e-06	1.102801983773998902e-22	1.052069050814483505e-16	6.599763293059236491e-15	2.361813520411105326e-14	3.866081479912780030e-23	2.763981321332574398e-23	1.727999962991871169e-02	6.927898240385597928e-02	7.210175961172612513e-04	3.412953167730427893e-10	7.200000340645976507e-04
8.770000000000000284e+01	5.257358003254094383e-12	3.020614614777248900e-15	2.067450855532460033e-21	1.998982775263664739e-03	1.017220733316770957e-06	1.102801982963438183e-22	1.052069050041227131e-16	6.599763288216291599e-15	2.361813518582898091e-14	3.866081476920240013e-23	2.763981317437987052e-23	1.727999962939232720e-02	6.927898240333028868e-02	7.210175966428965591e-04	3.416850736945514853e-10	7.200000342012244717e-04
8.780000000000001137e+01	5.257357999549956982e-12	3.020614612557023154e-15	2.067450854019309162e-21	1.998982775266873978e-03	1.017220732569111916e-06	1.102801982152876993e-22	1.052069049267931068e-16	6.599763283373099792e-15	2.361813516754653620e-14	3.866081473927640046e-23	2.763981313543192232e-23	1.727999962886594271e-02	6.927898240280459807e-02	7.210175971685318669e-04	3.420748306157736666e-10	7.200000343378512926e-04
8.790000000000000568e+01	5.257357995846014259e-12	3.020614610336908637e-15	2.067450852506234274e-21	1.998982775270083216e-03	1.017220731821453297e-06	1.102801981342316274e-22	1.052069048494673955e-16	6.599763278530152533e-15	2.361813514926474152e-14	3.866081470935145874e-23	2.763981309648601361e-23	1.727999962833955822e-02	6.927898240227890747e-02	7.210175976941671748e-04	3.424645875367094366e-10	7.200000344744781136e-04
8.800000000000000000e+01	5.257357992142002066e-12	3.020614608116754282e-15	2.067450850993133056e-21	1.998982775273292455e-03	1.017220731073795314e-06	1.102801980531755791e-22	1.052069047721402790e-16	6.599763273687115344e-15	2.361813513098248930e-14	3.866081467942578233e-23	2.763981305753937609e-23	1.727999962781317372e-02	6.927898240175321687e-02	7.210175982198024826e-04	3.428543444573586402e-10	7.200000346111049346e-04
8.810000000000000853e+01	5.257357988437921210e-12	3.020614605896560879e-15	2.067450849480004002e-21	1.998982775276501693e-03	1.017220730326136272e-06	1.102801979721194601e-22	1.052069046948118067e-16	6.599763268843993746e-15	2.361813511270018975e-14	3.866081464950000601e-23	2.763981301859201563e-23	1.727999962728678923e-02	6.927898240122752627e-02	7.210175987454377905e-04	3.432441013777214843e-10	7.200000347477317555e-04
8.820000000000000284e+01	5.257357984734035033e-12	3.020614603676479494e-15	2.067450847966950932e-21	1.998982775279710931e-03	1.017220729578477866e-06	1.102801978910633647e-22	1.052069046174872540e-16	6.599763264001116696e-15	2.361813509441839507e-14	3.866081461957507604e-23	2.763981297964671817e-23	1.727999962676040474e-02	6.927898240070183566e-02	7.210175992710730983e-04	3.436338582977978137e-10	7.200000348843585765e-04
8.830000000000001137e+01	5.257357981029950138e-12	3.020614601456283330e-15	2.067450846453821125e-21	1.998982775282920170e-03	1.017220728830819459e-06	1.102801978100072928e-22	1.052069045401586584e-16	6.599763259157988788e-15	2.361813507613607343e-14	3.866081458964927032e-23	2.763981294069931070e-23	1.727999962623402025e-02	6.927898240017614506e-02	7.210175997967084062e-04	3.440236152175876800e-10	7.200000350209853975e-04
8.840000000000000568e+01	5.257357977325927444e-12	3.020614599236122665e-15	2.067450844940715017e-21	1.998982775286129408e-03	1.017220728083160841e-06	1.102801977289511739e-22	1.052069044628313447e-16	6.599763254314938188e-15	2.361813505785384330e-14	3.866081455972361742e-23	2.763981290175256151e-23	1.727999962570763576e-02	6.927898239965045446e-02	7.210176003223437140e-04	3.444133721370910834e-10	7.200000351576122185e-04
8.850000000000000000e+01	5.257357973621969372e-12	3.020614597016000259e-15	2.067450843427634111e-21	1.998982775289338647e-03	1.017220727335502646e-06	1.102801976478951255e-22	1.052069043855053499e-16	6.599763249471972785e-15	2.361813503957190978e-14	3.866081452979845823e-23	2.763981286280649998e-23	1.727999962518125127e-02	6.927898239912476386e-02	7.210176008479790219e-04	3.448031290563079722e-10	7.200000352942390394e-04
8.860000000000000853e+01	5.257357969917941023e-12	3.020614594795836439e-15	2.067450841914525745e-21	1.998982775292547885e-03	1.017220726587843604e-06	1.102801975668390066e-22	1.052069043081779006e-16	6.599763244628915874e-15	2.361813502128966703e-14	3.866081449987278182e-23	2.763981282385969201e-23	1.727999962465486677e-02	6.927898239859907326e-02	7.210176013736143297e-04	3.451928859752383979e-10	7.200000354308658604e-04
8.870000000000000284e+01	5.257357966213844820e-12	3.020614592575634752e-15	2.067450840401391801e-21	1.998982775295757124e-03	1.017220725840185197e-06	1.102801974857829347e-22	1.052069042308491324e-16	6.599763239785776132e-15	2.361813500300739587e-14	3.866081446994707015e-23	2.763981278491217874e-23	1.727999962412848228e-02	6.927898239807338265e-02	7.210176018992496376e-04	3.455826428938823606e-10	7.200000355674926814e-04
8.880000000000001137e+01	5.257357962509944102e-12	3.020614590355544690e-15	2.067450838888333841e-21	1.998982775298966362e-03	1.017220725092526791e-06	1.102801974047268863e-22	1.052069041535242593e-16	6.599763234942877783e-15	2.361813498472543395e-14	3.866081444002185219e-23	2.763981274596670496e-23	1.727999962360209779e-02	6.927898239754769205e-02	7.210176024248849454e-04	3.459723998122399121e-10	7.200000357041195023e-04
8.890000000000000568e+01	5.257357958805843859e-12	3.020614588135340243e-15	2.067450837375196887e-21	1.998982775302175600e-03	1.017220724344868384e-06	1.102801973236707674e-22	1.052069040761953925e-16	6.599763230099733308e-15	2.361813496644315334e-14	3.866081441009613463e-23	2.763981270701914467e-23	1.727999962307571330e-02	6.927898239702200145e-02	7.210176029505202533e-04	3.463621567303108971e-10	7.200000358407463233e-04
8.900000000000000000e+01	5.257357955101805009e-12	3.020614585915170506e-15	2.067450835862085136e-21	1.998982775305384839e-03	1.017220723597209554e-06	1.102801972426146249e-22	1.052069039988677706e-16	6.599763225256666142e-15	2.361813494816102102e-14	3.866081438017064043e-23	2.763981266807223090e-23	1.727999962254932881e-02	6.927898239649631085e-02	7.210176034761555611e-04	3.467519136480954192e-10	7.200000359773731443e-04
8.910000000000000853e+01	5.257357951397830782e-12	3.020614583695038634e-15	2.067450834348998212e-21	1.998982775308594077e-03	1.017220722849551359e-06	1.102801971615586236e-22	1.052069039215414307e-16	6.599763220413677073e-15	2.361813492987885400e-14	3.866081435024508157e-23	2.763981262912599893e-23	1.727999962202294432e-02	6.927898239597062024e-02	7.210176040017908690e-04	3.471416705655935300e-10	7.200000361139999652e-04
8.920000000000000284e+01	5.257357947693821820e-12	3.020614581474886252e-15	2.067450832835897370e-21	1.998982775311803316e-03	1.017220722101892529e-06	1.102801970805025282e-22	1.052069038442143882e-16	6.599763215570646195e-15	2.361813491159687315e-14	3.866081432031984009e-23	2.763981259017939079e-23	1.727999962149655983e-02	6.927898239544492964e-02	7.210176045274261768e-04	3.475314274828093654e-10	7.200000362506267862e-04
8.930000000000001137e+01	5.257357943989840323e-12	3.020614579254749252e-15	2.067450831322807060e-21	1.998982775315012554e-03	1.017220721354233911e-06	1.102801969994464327e-22	1.052069037668878880e-16	6.599763210727646871e-15	2.361813489331479763e-14	3.866081429039444580e-23	2.763981255123307653e-23	1.727999962097017533e-02	6.927898239491923904e-02	7.210176050530614847e-04	3.479211843997345503e-10	7.200000363872536072e-04
8.940000000000000568e+01	5.257357940285793394e-12	3.020614577034575176e-15	2.067450829809691924e-21	1.998982775318221793e-03	1.017220720606575504e-06	1.102801969183903608e-22	1.052069036895600689e-16	6.599763205884567872e-15	2.361813487503250439e-14	3.866081426046868123e-23	2.763981251228606872e-23	1.727999962044379084e-02	6.927898239439354844e-02	7.210176055786967925e-04	3.483109413163731687e-10	7.200000365238804281e-04
8.950000000000000000e+01	5.257357936581807051e-12	3.020614574814436599e-15	2.067450828296600485e-21	1.998982775321431031e-03	1.017220719858917097e-06	1.102801968373342889e-22	1.052069036122335194e-16	6.599763201041564604e-15	2.361813485675043519e-14	3.866081423054330458e-23	2.763981247333971332e-23	1.727999961991740635e-02	6.927898239386785784e-02	7.210176061043321004e-04	3.487006982327253242e-10	7.200000366605072491e-04
8.960000000000000853e+01	5.257357932877752852e-12	3.020614572594258184e-15	2.067450826783481964e-21	1.998982775324640269e-03	1.017220719111258479e-06	1.102801967562781700e-22	1.052069035349055648e-16	6.599763196198476927e-15	2.361813483846830603e-14	3.866081420061782212e-23	2.763981243439263499e-23	1.727999961939102186e-02	6.927898239334216723e-02	7.210176066299674082e-04	3.490904551487911200e-10	7.200000367971340701e-04
8.970000000000000284e+01	5.257357929173761661e-12	3.020614570374115663e-15	2.067450825270387892e-21	1.998982775327849508e-03	1.017220718363600072e-06	1.102801966752220746e-22	1.052069034575788674e-16	6.599763191355464981e-15	2.361813482018599701e-14	3.866081417069203404e-23	2.763981239544622081e-23	1.727999961886463737e-02	6.927898239281647663e-02	7.210176071556027161e-04	3.494802120645702978e-10	7.200000369337608910e-04
8.980000000000001137e+01	5.257357925469703424e-12	3.020614568153934882e-15	2.067450823757268618e-21	1.998982775331058746e-03	1.017220717615941242e-06	1.102801965941660027e-22	1.052069033802508388e-16	6.599763186512374149e-15	2.361813480190388994e-14	3.866081414076659273e-23	2.763981235649910133e-23	1.727999961833825288e-02	6.927898239229078603e-02	7.210176076812380239e-04	3.498699689800631160e-10	7.200000370703877120e-04
8.990000000000000568e+01	5.257357921765707387e-12	3.020614565933790388e-15	2.067450822244173042e-21	1.998982775334267985e-03	1.017220716868282836e-06	1.102801965131099073e-22	1.052069033029240674e-16	6.599763181669359048e-15	2.361813478362187123e-14	3.866081411084128661e-23	2.763981231755263426e-23	1.727999961781186838e-02	6.927898239176509543e-02	7.210176082068733318e-04	3.502597258952693678e-10	7.200000372070145330e-04
9.000000000000000000e+01	5.257357918061642687e-12	3.020614563713606846e-15	2.067450820731051511e-21	1.998982775337477223e-03	1.017220716120624641e-06	1.102801964320538354e-22	1.052069032255959402e-16	6.599763176826257961e-15	2.361813476533939182e-14	3.866081408091522228e-23	2.763981227860545013e-23	1.727999961728548389e-02	6.927898239123940483e-02	7.210176087325086396e-04	3.506494828101892084e-10	7.200000373436413539e-04
9.010000000000000853e+01	5.257357914357641803e-12	3.020614561493458802e-15	2.067450819217953678e-21	1.998982775340686462e-03	1.017220715372965811e-06	1.102801963509977400e-22	1.052069031482690456e-16	6.599763171983237338e-15	2.361813474705742043e-14	3.866081405098999844e-23	2.763981223965893015e-23	1.727999961675909940e-02	6.927898239071371422e-02	7.210176092581439475e-04	3.510392397248226376e-10	7.200000374802681749e-04
9.020000000000000284e+01	5.257357910653703119e-12	3.020614559273347046e-15	2.067450817704880295e-21	1.998982775343895700e-03	1.017220714625307192e-06	1.102801962699416446e-22	1.052069030709433959e-16	6.599763167140290079e-15	2.361813472877541118e-14	3.866081402106471582e-23	2.763981220071305670e-23	1.727999961623271491e-02	6.927898239018802362e-02	7.210176097837792553e-04	3.514289966391694488e-10	7.200000376168949959e-04
9.030000000000001137e+01	5.257357906949565717e-12	3.020614557053120905e-15	2.067450816191729800e-21	1.998982775347104938e-03	1.017220713877648574e-06	1.102801961888855492e-22	1.052069029936138019e-16	6.599763162297099850e-15	2.361813471049286235e-14	3.866081399113853395e-23	2.763981216176511438e-23	1.727999961570633042e-02	6.927898238966233302e-02	7.210176103094145632e-04	3.518187535532299003e-10	7.200000377535218168e-04
9.040000000000000568e+01	5.257357903245622187e-12	3.020614554833006388e-15	2.067450814678655289e-21	1.998982775350314177e-03	1.017220713129990379e-06	1.102801961078294773e-22	1.052069029162880782e-16	6.599763157454149436e-15	2.361813469221094776e-14	3.866081396121341003e-23	2.763981212281919979e-23	1.727999961517994593e-02	6.927898238913664242e-02	7.210176108350498710e-04	3.522085104670038372e-10	7.200000378901486378e-04
9.050000000000000000e+01	5.257357899541610801e-12	3.020614552612853217e-15	2.067450813165553318e-21	1.998982775353523415e-03	1.017220712382331973e-06	1.102801960267734054e-22	1.052069028389610110e-16	6.599763152611115402e-15	2.361813467392881860e-14	3.866081393128790994e-23	2.763981208387257402e-23	1.727999961465356143e-02	6.927898238861095181e-02	7.210176113606851789e-04	3.525982673804912594e-10	7.200000380267754588e-04
9.060000000000000853e+01	5.257357895837529946e-12	3.020614550392659420e-15	2.067450811652425016e-21	1.998982775356732654e-03	1.017220711634673354e-06	1.102801959457173570e-22	1.052069027616325264e-16	6.599763147767991438e-15	2.361813465564632972e-14	3.866081390136185150e-23	2.763981204492521356e-23	1.727999961412717694e-02	6.927898238808526121e-02	7.210176118863204867e-04	3.529880242936923220e-10	7.200000381634022797e-04
9.070000000000000284e+01	5.257357892133513713e-12	3.020614548172503488e-15	2.067450810139321917e-21	1.998982775359941892e-03	1.017220710887014524e-06	1.102801958646612616e-22	1.052069026843053483e-16	6.599763142924954248e-15	2.361813463736436465e-14	3.866081387143663353e-23	2.763981200597854078e-23	1.727999961360079245e-02	6.927898238755957061e-02	7.210176124119557946e-04	3.533777812066067666e-10	7.200000383000291007e-04
9.080000000000001137e+01	5.257357888429558873e-12	3.020614545952381476e-15	2.067450808626242140e-21	1.998982775363151131e-03	1.017220710139356329e-06	1.102801957836051426e-22	1.052069026069793781e-16	6.599763138081988056e-15	2.361813461908221972e-14	3.866081384151111581e-23	2.763981196703250276e-23	1.727999961307440796e-02	6.927898238703388001e-02	7.210176129375911024e-04	3.537675381192349032e-10	7.200000384366559217e-04
9.090000000000000568e+01	5.257357884725405316e-12	3.020614543732147053e-15	2.067450807113085626e-21	1.998982775366360369e-03	1.017220709391697923e-06	1.102801957025490707e-22	1.052069025296494513e-16	6.599763133238775740e-15	2.361813460079969928e-14	3.866081381158499860e-23	2.763981192808438999e-23	1.727999961254802347e-02	6.927898238650818941e-02	7.210176134632264103e-04	3.541572950315764735e-10	7.200000385732827426e-04
9.100000000000000000e+01	5.257357881021446437e-12	3.020614541512023858e-15	2.067450805600004720e-21	1.998982775369569607e-03	1.017220708644039304e-06	1.102801956214929988e-22	1.052069024523234565e-16	6.599763128395810337e-15	2.361813458251783518e-14	3.866081378165995108e-23	2.763981188913831082e-23	1.727999961202163898e-02	6.927898238598249880e-02	7.210176139888617181e-04	3.545470519436315290e-10	7.200000387099095636e-04
9.110000000000000853e+01	5.257357877317419704e-12	3.020614539291860432e-15	2.067450804086896355e-21	1.998982775372778846e-03	1.017220707896380898e-06	1.102801955404369269e-22	1.052069023749960195e-16	6.599763123552751848e-15	2.361813456423551985e-14	3.866081375173413949e-23	2.763981185019152049e-23	1.727999961149525449e-02	6.927898238545680820e-02	7.210176145144970260e-04	3.549368088554002250e-10	7.200000388465363846e-04
9.120000000000000284e+01	5.257357873613324308e-12	3.020614537071659535e-15	2.067450802573762787e-21	1.998982775375988084e-03	1.017220707148722068e-06	1.102801954593808315e-22	1.052069022976672760e-16	6.599763118709614474e-15	2.361813454595315088e-14	3.866081372180826912e-23	2.763981181124400722e-23	1.727999961096886999e-02	6.927898238493111760e-02	7.210176150401323338e-04	3.553265657668824063e-10	7.200000389831632056e-04
9.130000000000001137e+01	5.257357869909421975e-12	3.020614534851568289e-15	2.067450801060704074e-21	1.998982775379197323e-03	1.017220706401063661e-06	1.102801953783247596e-22	1.052069022203423535e-16	6.599763113866715335e-15	2.361813452767128678e-14	3.866081369188322748e-23	2.763981177229854519e-23	1.727999961044248550e-02	6.927898238440542700e-02	7.210176155657676417e-04	3.557163226780781246e-10	7.200000391197900265e-04
9.140000000000000568e+01	5.257357866205321732e-12	3.020614532631363448e-15	2.067450799547567121e-21	1.998982775382406561e-03	1.017220705653405254e-06	1.102801952972686642e-22	1.052069021430134991e-16	6.599763109023570861e-15	2.361813450938889888e-14	3.866081366195730422e-23	2.763981173335096727e-23	1.727999960991610101e-02	6.927898238387973640e-02	7.210176160914029495e-04	3.561060795889873800e-10	7.200000392564168475e-04
9.150000000000000000e+01	5.257357862501283689e-12	3.020614530411194499e-15	2.067450798034454618e-21	1.998982775385615800e-03	1.017220704905746636e-06	1.102801952162125688e-22	1.052069020656858773e-16	6.599763104180500539e-15	2.361813449110659933e-14	3.866081363203153965e-23	2.763981169440406526e-23	1.727999960938971652e-02	6.927898238335404579e-02	7.210176166170382574e-04	3.564958364996101206e-10	7.200000393930436685e-04
9.160000000000000853e+01	5.257357858797309462e-12	3.020614528191062233e-15	2.067450796521369198e-21	1.998982775388825038e-03	1.017220704158088441e-06	1.102801951351564969e-22	1.052069019883595496e-16	6.599763099337513837e-15	2.361813447282459639e-14	3.866081360210626291e-23	2.763981165545782741e-23	1.727999960886333203e-02	6.927898238282835519e-02	7.210176171426735652e-04	3.568855934099464500e-10	7.200000395296704894e-04
9.170000000000000284e+01	5.257357855093264957e-12	3.020614525970889735e-15	2.067450795008254061e-21	1.998982775392034276e-03	1.017220703410429611e-06	1.102801950541004250e-22	1.052069019110317922e-16	6.599763094494437204e-15	2.361813445454227475e-14	3.866081357218047483e-23	2.763981161651085487e-23	1.727999960833694754e-02	6.927898238230266459e-02	7.210176176683088731e-04	3.572753503199963163e-10	7.200000396662973104e-04
9.180000000000001137e+01	5.257357851389285076e-12	3.020614523750753918e-15	2.067450793495164880e-21	1.998982775395243515e-03	1.017220702662770993e-06	1.102801949730443531e-22	1.052069018337053290e-16	6.599763089651443402e-15	2.361813443626047691e-14	3.866081354225552722e-23	2.763981157756456412e-23	1.727999960781056304e-02	6.927898238177697399e-02	7.210176181939441809e-04	3.576651072297596680e-10	7.200000398029241314e-04
9.190000000000000568e+01	5.257357847685368202e-12	3.020614521530655573e-15	2.067450791982100901e-21	1.998982775398452753e-03	1.017220701915112586e-06	1.102801948919882342e-22	1.052069017563801600e-16	6.599763084808526909e-15	2.361813441797849606e-14	3.866081351233027987e-23	2.763981153861893164e-23	1.727999960728417855e-02	6.927898238125128338e-02	7.210176187195794888e-04	3.580548641392365567e-10	7.200000399395509523e-04
9.200000000000000000e+01	5.257357843981252612e-12	3.020614519310441265e-15	2.067450790468958305e-21	1.998982775401661992e-03	1.017220701167454179e-06	1.102801948109322093e-22	1.052069016790509728e-16	6.599763079965360346e-15	2.361813439969614918e-14	3.866081348240443302e-23	2.763981149967120091e-23	1.727999960675779406e-02	6.927898238072559278e-02	7.210176192452147966e-04	3.584446210484269824e-10	7.200000400761777733e-04
9.210000000000000853e+01	5.257357840277198413e-12	3.020614517090262851e-15	2.067450788955840160e-21	1.998982775404871230e-03	1.017220700419795985e-06	1.102801947298761139e-22	1.052069016017230304e-16	6.599763075122273459e-15	2.361813438141394744e-14	3.866081345247882714e-23	2.763981146072412257e-23	1.727999960623140957e-02	6.927898238019990218e-02	7.210176197708501045e-04	3.588343779573308935e-10	7.200000402128045943e-04
9.220000000000000284e+01	5.257357836573208030e-12	3.020614514870121512e-15	2.067450787442746465e-21	1.998982775408080469e-03	1.017220699672136943e-06	1.102801946488200185e-22	1.052069015243963700e-16	6.599763070279264668e-15	2.361813436313170785e-14	3.866081342255316836e-23	2.763981142177772603e-23	1.727999960570502508e-02	6.927898237967421158e-02	7.210176202964854123e-04	3.592241348659483932e-10	7.200000403494314152e-04
9.230000000000001137e+01	5.257357832869148985e-12	3.020614512649940337e-15	2.067450785929626062e-21	1.998982775411289707e-03	1.017220698924478536e-06	1.102801945677639466e-22	1.052069014470683168e-16	6.599763065436170681e-15	2.361813434484949665e-14	3.866081339262755660e-23	2.763981138283058892e-23	1.727999960517864059e-02	6.927898237914852098e-02	7.210176208221207202e-04	3.596138917742794299e-10	7.200000404860582362e-04
9.240000000000000568e+01	5.257357829165284618e-12	3.020614510429871574e-15	2.067450784416582772e-21	1.998982775414498946e-03	1.017220698176819918e-06	1.102801944867078511e-22	1.052069013697441832e-16	6.599763060593318085e-15	2.361813432656780294e-14	3.866081336270277945e-23	2.763981134388550305e-23	1.727999960465225610e-02	6.927898237862283037e-02	7.210176213477560280e-04	3.600036486823239003e-10	7.200000406226850572e-04
9.250000000000000000e+01	5.257357825461221534e-12	3.020614508209688426e-15	2.067450782903461617e-21	1.998982775417708184e-03	1.017220697429161723e-06	1.102801944056517792e-22	1.052069012924160683e-16	6.599763055750221731e-15	2.361813430828558228e-14	3.866081333277713243e-23	2.763981130493833655e-23	1.727999960412587160e-02	6.927898237809713977e-02	7.210176218733913359e-04	3.603934055900819594e-10	7.200000407593118781e-04
9.260000000000000853e+01	5.257357821757219842e-12	3.020614505989540382e-15	2.067450781390363032e-21	1.998982775420917422e-03	1.017220696681503316e-06	1.102801943245957073e-22	1.052069012150891490e-16	6.599763050907196375e-15	2.361813429000344681e-14	3.866081330285164410e-23	2.763981126599181658e-23	1.727999960359948711e-02	6.927898237757144917e-02	7.210176223990266437e-04	3.607831624975535555e-10	7.200000408959386991e-04
9.270000000000000284e+01	5.257357818053282773e-12	3.020614503769429809e-15	2.067450779877291154e-21	1.998982775424126661e-03	1.017220695933844486e-06	1.102801942435396119e-22	1.052069011377635856e-16	6.599763046064257793e-15	2.361813427172161111e-14	3.866081327292664948e-23	2.763981122704597251e-23	1.727999960307310262e-02	6.927898237704575857e-02	7.210176229246619516e-04	3.611729194047386886e-10	7.200000410325655201e-04
9.280000000000001137e+01	5.257357814349276235e-12	3.020614501549278610e-15	2.067450778364191816e-21	1.998982775427335899e-03	1.017220695186186291e-06	1.102801941624835400e-22	1.052069010604365924e-16	6.599763041221227704e-15	2.361813425343945986e-14	3.866081324300112588e-23	2.763981118809940552e-23	1.727999960254671813e-02	6.927898237652006797e-02	7.210176234502972594e-04	3.615626763116373587e-10	7.200000411691923410e-04
9.290000000000000568e+01	5.257357810645203457e-12	3.020614499329089546e-15	2.067450776851066147e-21	1.998982775430545138e-03	1.017220694438527673e-06	1.102801940814274681e-22	1.052069009831082556e-16	6.599763036378115572e-15	2.361813423515729284e-14	3.866081321307557878e-23	2.763981114915212148e-23	1.727999960202033364e-02	6.927898237599437736e-02	7.210176239759325673e-04	3.619524332182494625e-10	7.200000413058191620e-04
9.300000000000000000e+01	5.257357806941192072e-12	3.020614497108935981e-15	2.067450775337964553e-21	1.998982775433754376e-03	1.017220693690869478e-06	1.102801940003713727e-22	1.052069009057811884e-16	6.599763031535082327e-15	2.361813421687520786e-14	3.866081318315015510e-23	2.763981111020549571e-23	1.727999960149394915e-02	6.927898237546868676e-02	7.210176245015678751e-04	3.623421901245751549e-10	7.200000414424459830e-04
9.310000000000000853e+01	5.257357803237112831e-12	3.020614494888743366e-15	2.067450773824835875e-21	1.998982775436963615e-03	1.017220692943210648e-06	1.102801939193152773e-22	1.052069008284527284e-16	6.599763026691960730e-15	2.361813419859265587e-14	3.866081315322398498e-23	2.763981107125816464e-23	1.727999960096756465e-02	6.927898237494299616e-02	7.210176250272031830e-04	3.627319470306144361e-10	7.200000415790728039e-04
9.320000000000000284e+01	5.257357799533096599e-12	3.020614492668587040e-15	2.067450772311733528e-21	1.998982775440172853e-03	1.017220692195552453e-06	1.102801938382592054e-22	1.052069007511255503e-16	6.599763021848922752e-15	2.361813418031062137e-14	3.866081312329864947e-23	2.763981103231147422e-23	1.727999960044118016e-02	6.927898237441730556e-02	7.210176255528384908e-04	3.631217039363671509e-10	7.200000417156996249e-04
9.330000000000001137e+01	5.257357795829143375e-12	3.020614490448466606e-15	2.067450770798654503e-21	1.998982775443382091e-03	1.017220691447893835e-06	1.102801937572031100e-22	1.052069006737996294e-16	6.599763017005959715e-15	2.361813416202854901e-14	3.866081309337326106e-23	2.763981099336545971e-23	1.727999959991479567e-02	6.927898237389161495e-02	7.210176260784737987e-04	3.635114608418334544e-10	7.200000418523264459e-04
9.340000000000000568e+01	5.257357792125121488e-12	3.020614488228307519e-15	2.067450769285548771e-21	1.998982775446591330e-03	1.017220690700235428e-06	1.102801936761470616e-22	1.052069005964723281e-16	6.599763012162913060e-15	2.361813414374650505e-14	3.866081306344791966e-23	2.763981095441872815e-23	1.727999959938841118e-02	6.927898237336592435e-02	7.210176266041091065e-04	3.639012177470132432e-10	7.200000419889532668e-04
9.350000000000000000e+01	5.257357788421162609e-12	3.020614486008183536e-15	2.067450767772467865e-21	1.998982775449800568e-03	1.017220689952577021e-06	1.102801935950909897e-22	1.052069005191463086e-16	6.599763007319942923e-15	2.361813412546453367e-14	3.866081303352268994e-23	2.763981091547264899e-23	1.727999959886202669e-02	6.927898237284023375e-02	7.210176271297444144e-04	3.642909746519065690e-10	7.200000421255800878e-04
9.360000000000000853e+01	5.257357784717136684e-12	3.020614483788021687e-15	2.067450766259361004e-21	1.998982775453009807e-03	1.017220689204918191e-06	1.102801935140348708e-22	1.052069004418189209e-16	6.599763002476889957e-15	2.361813410718233825e-14	3.866081300359709582e-23	2.763981087652587628e-23	1.727999959833564220e-02	6.927898237231454315e-02	7.210176276553797222e-04	3.646807315565134836e-10	7.200000422622069088e-04
9.370000000000000284e+01	5.257357781013171342e-12	3.020614481567894943e-15	2.067450764746277465e-21	1.998982775456219045e-03	1.017220688457259785e-06	1.102801934329787989e-22	1.052069003644927782e-16	6.599762997633912721e-15	2.361813408890036686e-14	3.866081297367186610e-23	2.763981083757974422e-23	1.727999959780925771e-02	6.927898237178885255e-02	7.210176281810150301e-04	3.650704884608338317e-10	7.200000423988337298e-04
9.380000000000001137e+01	5.257357777309140570e-12	3.020614479347729544e-15	2.067450763233168347e-21	1.998982775459428284e-03	1.017220687709601378e-06	1.102801933519227270e-22	1.052069002871652673e-16	6.599762992790854232e-15	2.361813407061833868e-14	3.866081294374654822e-23	2.763981079863290099e-23	1.727999959728287321e-02	6.927898237126316194e-02	7.210176287066503379e-04	3.654602453648677686e-10	7.200000425354605507e-04
9.390000000000000568e+01	5.257357773605171190e-12	3.020614477127600828e-15	2.067450761720083303e-21	1.998982775462637522e-03	1.017220686961942972e-06	1.102801932708666551e-22	1.052069002098390506e-16	6.599762987947871474e-15	2.361813405233612117e-14	3.866081291382092470e-23	2.763981075968671603e-23	1.727999959675648872e-02	6.927898237073747134e-02	7.210176292322856458e-04	3.658500022686152425e-10	7.200000426720873717e-04
9.400000000000000000e+01	5.257357769901133955e-12	3.020614474907432274e-15	2.067450760206972305e-21	1.998982775465846760e-03	1.017220686214284565e-06	1.102801931898106067e-22	1.052069001325114534e-16	6.599762983104806675e-15	2.361813403405411823e-14	3.866081288389564796e-23	2.763981072073982577e-23	1.727999959623010423e-02	6.927898237021178074e-02	7.210176297579209536e-04	3.662397591720761500e-10	7.200000428087141927e-04
9.410000000000000853e+01	5.257357766197159728e-12	3.020614472687300007e-15	2.067450758693885004e-21	1.998982775469055999e-03	1.017220685466625735e-06	1.102801931087544878e-22	1.052069000551851011e-16	6.599762978261819184e-15	2.361813401577219102e-14	3.866081285397048877e-23	2.763981068179358204e-23	1.727999959570371974e-02	6.927898236968609014e-02	7.210176302835562615e-04	3.666295160752506979e-10	7.200000429453410136e-04
9.420000000000000284e+01	5.257357762493116031e-12	3.020614470467127509e-15	2.067450757180770997e-21	1.998982775472265237e-03	1.017220684718967328e-06	1.102801930276984159e-22	1.052068999778573560e-16	6.599762973418742551e-15	2.361813399748980943e-14	3.866081282404458314e-23	2.763981064284662713e-23	1.727999959517733525e-02	6.927898236916039953e-02	7.210176308091915693e-04	3.670192729781387311e-10	7.200000430819678346e-04
9.430000000000001137e+01	5.257357758789136957e-12	3.020614468246992482e-15	2.067450755667681815e-21	1.998982775475474476e-03	1.017220683971309133e-06	1.102801929466423204e-22	1.052068999005309175e-16	6.599762968575749538e-15	2.361813397920793586e-14	3.866081279411951211e-23	2.763981060390033050e-23	1.727999959465095076e-02	6.927898236863470893e-02	7.210176313348268771e-04	3.674090298807403014e-10	7.200000432185946556e-04
9.440000000000000568e+01	5.257357755085220084e-12	3.020614466026893348e-15	2.067450754154617460e-21	1.998982775478683714e-03	1.017220683223650303e-06	1.102801928655862721e-22	1.052068998232057238e-16	6.599762963732831467e-15	2.361813396092602758e-14	3.866081276419439994e-23	2.763981056495470391e-23	1.727999959412456626e-02	6.927898236810901833e-02	7.210176318604621850e-04	3.677987867830554086e-10	7.200000433552214765e-04
9.450000000000000000e+01	5.257357751381103685e-12	3.020614463806679434e-15	2.067450752641474864e-21	1.998982775481892953e-03	1.017220682475992108e-06	1.102801927845301766e-22	1.052068997458765612e-16	6.599762958889667271e-15	2.361813394264357026e-14	3.866081273426837089e-23	2.763981052600696730e-23	1.727999959359818177e-02	6.927898236758332773e-02	7.210176323860974928e-04	3.681885436850839495e-10	7.200000434918482975e-04
9.460000000000000853e+01	5.257357747677181157e-12	3.020614461586577539e-15	2.067450751128408629e-21	1.998982775485102191e-03	1.017220681728333702e-06	1.102801927034740812e-22	1.052068996685512567e-16	6.599762954046742889e-15	2.361813392436175349e-14	3.866081270434339977e-23	2.763981048706128192e-23	1.727999959307179728e-02	6.927898236705763713e-02	7.210176329117328007e-04	3.685783005868261308e-10	7.200000436284751185e-04
9.470000000000000284e+01	5.257357743973193197e-12	3.020614459366436595e-15	2.067450749615315686e-21	1.998982775488311429e-03	1.017220680980675083e-06	1.102801926224180093e-22	1.052068995912246086e-16	6.599762949203736465e-15	2.361813390607971900e-14	3.866081267441806426e-23	2.763981044811489713e-23	1.727999959254541279e-02	6.927898236653194652e-02	7.210176334373681085e-04	3.689680574882817974e-10	7.200000437651019394e-04
9.480000000000001137e+01	5.257357740269133344e-12	3.020614457146255025e-15	2.067450748102195283e-21	1.998982775491520668e-03	1.017220680233016465e-06	1.102801925413619374e-22	1.052068995138965553e-16	6.599762944360640900e-15	2.361813388779733425e-14	3.866081264449216451e-23	2.763981040916776590e-23	1.727999959201902830e-02	6.927898236600625592e-02	7.210176339630034164e-04	3.693578143894510010e-10	7.200000439017287604e-04
9.490000000000000568e+01	5.257357736565007252e-12	3.020614454926036378e-15	2.067450746589049302e-21	1.998982775494729906e-03	1.017220679485358482e-06	1.102801924603058890e-22	1.052068994365671955e-16	6.599762939517464871e-15	2.361813386951493688e-14	3.866081261456622949e-23	2.763981037021993525e-23	1.727999959149264381e-02	6.927898236548056532e-02	7.210176344886387242e-04	3.697475712903337417e-10	7.200000440383555814e-04
9.500000000000000000e+01	5.257357732861075031e-12	3.020614452705927778e-15	2.067450745075978552e-21	1.998982775497939145e-03	1.017220678737699864e-06	1.102801923792497936e-22	1.052068993592416814e-16	6.599762934674526289e-15	2.361813385123282665e-14	3.866081258464077643e-23	2.763981033127413821e-23	1.727999959096625932e-02	6.927898236495487472e-02	7.210176350142740321e-04	3.701373281909299676e-10	7.200000441749824023e-04
9.510000000000000853e+01	5.257357729156943284e-12	3.020614450485705187e-15	2.067450743562829938e-21	1.998982775501148383e-03	1.017220677990041245e-06	1.102801922981937217e-22	1.052068992819121860e-16	6.599762929831343161e-15	2.361813383295041351e-14	3.866081255471482965e-23	2.763981029232624878e-23	1.727999959043987482e-02	6.927898236442918412e-02	7.210176355399093399e-04	3.705270850912397823e-10	7.200000443116092233e-04
9.520000000000000284e+01	5.257357725453007023e-12	3.020614448265594614e-15	2.067450742049758060e-21	1.998982775504357622e-03	1.017220677242383050e-06	1.102801922171376498e-22	1.052068992045866103e-16	6.599762924988403790e-15	2.361813381466864722e-14	3.866081252478994083e-23	2.763981025338041647e-23	1.727999958991349033e-02	6.927898236390349351e-02	7.210176360655446478e-04	3.709168419912630822e-10	7.200000444482360443e-04
9.530000000000001137e+01	5.257357721749002100e-12	3.020614446045444204e-15	2.067450740536658722e-21	1.998982775507566860e-03	1.017220676494724432e-06	1.102801921360815544e-22	1.052068991272596540e-16	6.599762920145376067e-15	2.361813379638642656e-14	3.866081249486431144e-23	2.763981021443385535e-23	1.727999958938710584e-02	6.927898236337780291e-02	7.210176365911799556e-04	3.713065988909999192e-10	7.200000445848628652e-04
9.540000000000000568e+01	5.257357718044927707e-12	3.020614443825254746e-15	2.067450739023532677e-21	1.998982775510776098e-03	1.017220675747065602e-06	1.102801920550255060e-22	1.052068990499312926e-16	6.599762915302262358e-15	2.361813377810415225e-14	3.866081246493858213e-23	2.763981017548656543e-23	1.727999958886072135e-02	6.927898236285211231e-02	7.210176371168152635e-04	3.716963557904502932e-10	7.200000447214896862e-04
9.550000000000000000e+01	5.257357714341047992e-12	3.020614441605177305e-15	2.067450737510482993e-21	1.998982775513985337e-03	1.017220674999407407e-06	1.102801919739693871e-22	1.052068989726068755e-16	6.599762910459393196e-15	2.361813375982239859e-14	3.866081243501371094e-23	2.763981013654132087e-23	1.727999958833433686e-02	6.927898236232642171e-02	7.210176376424505713e-04	3.720861126896141525e-10	7.200000448581165072e-04
9.560000000000000853e+01	5.257357710636971175e-12	3.020614439384985480e-15	2.067450735997355819e-21	1.998982775517194575e-03	1.017220674251748789e-06	1.102801918929132682e-22	1.052068988952784525e-16	6.599762905616274754e-15	2.361813374154010535e-14	3.866081240508795224e-23	2.763981009759400156e-23	1.727999958780795237e-02	6.927898236180073110e-02	7.210176381680858792e-04	3.724758695884916006e-10	7.200000449947433281e-04
9.570000000000000284e+01	5.257357706932988870e-12	3.020614437164848480e-15	2.067450734484265886e-21	1.998982775520403814e-03	1.017220673504090170e-06	1.102801918118572433e-22	1.052068988179519400e-16	6.599762900773276219e-15	2.361813372325805192e-14	3.866081237516259322e-23	2.763981005864769318e-23	1.727999958728156787e-02	6.927898236127504050e-02	7.210176386937211870e-04	3.728656264870867732e-10	7.200000451313701491e-04
9.580000000000001137e+01	5.257357703229037261e-12	3.020614434944729230e-15	2.067450732971187613e-21	1.998982775523613052e-03	1.017220672756432187e-06	1.102801917308011714e-22	1.052068987406260561e-16	6.599762895930317127e-15	2.361813370497615942e-14	3.866081234523749868e-23	2.763981001970169630e-23	1.727999958675518338e-02	6.927898236074934990e-02	7.210176392193564949e-04	3.732553833853912953e-10	7.200000452679969701e-04
9.590000000000000568e+01	5.257357699525016183e-12	3.020614432724570142e-15	2.067450731458082257e-21	1.998982775526822291e-03	1.017220672008773569e-06	1.102801916497450995e-22	1.052068986632987793e-16	6.599762891087269682e-15	2.361813368669393876e-14	3.866081231531186341e-23	2.763980998075497061e-23	1.727999958622879889e-02	6.927898236022365930e-02	7.210176397449918027e-04	3.736451402834092509e-10	7.200000454046237910e-04
9.600000000000000000e+01	5.257357695820926441e-12	3.020614430504372006e-15	2.067450729944950569e-21	1.998982775530031529e-03	1.017220671261115374e-06	1.102801915686890041e-22	1.052068985859701468e-16	6.599762886244139408e-15	2.361813366841170547e-14	3.866081228538619876e-23	2.763980994180752200e-23	1.727999958570241440e-02	6.927898235969796870e-02	7.210176402706271106e-04	3.740348971811407953e-10	7.200000455412506120e-04
9.610000000000000853e+01	5.257357692117032186e-12	3.020614428284285888e-15	2.067450728431894490e-21	1.998982775533240767e-03	1.017220670513456544e-06	1.102801914876329087e-22	1.052068985086453845e-16	6.599762881401248157e-15	2.361813365012976880e-14	3.866081225546103369e-23	2.763980990286212462e-23	1.727999958517602991e-02	6.927898235917227809e-02	7.210176407962624184e-04	3.744246540785859284e-10	7.200000456778774330e-04
9.620000000000000284e+01	5.257357688412937598e-12	3.020614426064084597e-15	2.067450726918760922e-21	1.998982775536450006e-03	1.017220669765798349e-06	1.102801914065768603e-22	1.052068984313166534e-16	6.599762876558112361e-15	2.361813363184751973e-14	3.866081222553535728e-23	2.763980986391463486e-23	1.727999958464964542e-02	6.927898235864658749e-02	7.210176413218977263e-04	3.748144109757444434e-10	7.200000458145042539e-04
9.630000000000001137e+01	5.257357684708905209e-12	3.020614423843918015e-15	2.067450725405651428e-21	1.998982775539659244e-03	1.017220669018139519e-06	1.102801913255207884e-22	1.052068983539891301e-16	6.599762871715051505e-15	2.361813361356541266e-14	3.866081219560991010e-23	2.763980982496777987e-23	1.727999958412326093e-02	6.927898235812089689e-02	7.210176418475330341e-04	3.752041678726165989e-10	7.200000459511310749e-04
9.640000000000000568e+01	5.257357681004937445e-12	3.020614421623790087e-15	2.067450723892566760e-21	1.998982775542868483e-03	1.017220668270481324e-06	1.102801912444647400e-22	1.052068982766629134e-16	6.599762866872071114e-15	2.361813359528327404e-14	3.866081216568440413e-23	2.763980978602162430e-23	1.727999958359687643e-02	6.927898235759520629e-02	7.210176423731683420e-04	3.755939247692021879e-10	7.200000460877578959e-04
9.650000000000000000e+01	5.257357677300901826e-12	3.020614419403622322e-15	2.067450722379455386e-21	1.998982775546077721e-03	1.017220667522822706e-06	1.102801911634086446e-22	1.052068981993353286e-16	6.599762862029004737e-15	2.361813357700116697e-14	3.866081213575895695e-23	2.763980974707471642e-23	1.727999958307049194e-02	6.927898235706951569e-02	7.210176428988036498e-04	3.759836816655013657e-10	7.200000462243847169e-04
9.660000000000000853e+01	5.257357673596927599e-12	3.020614417183490056e-15	2.067450720866368837e-21	1.998982775549286960e-03	1.017220666775164511e-06	1.102801910823525256e-22	1.052068981220090133e-16	6.599762857186018035e-15	2.361813355871912616e-14	3.866081210583362731e-23	2.763980970812849032e-23	1.727999958254410745e-02	6.927898235654382508e-02	7.210176434244389577e-04	3.763734385615141321e-10	7.200000463610115378e-04
9.670000000000000284e+01	5.257357669892886325e-12	3.020614414963319530e-15	2.067450719353255958e-21	1.998982775552496198e-03	1.017220666027506104e-06	1.102801910012964302e-22	1.052068980446813298e-16	6.599762852342946924e-15	2.361813354043686132e-14	3.866081207590790976e-23	2.763980966918155304e-23	1.727999958201772296e-02	6.927898235601813448e-02	7.210176439500742655e-04	3.767631954572402805e-10	7.200000464976383588e-04
9.680000000000001137e+01	5.257357666188907251e-12	3.020614412743184502e-15	2.067450717840166777e-21	1.998982775555705436e-03	1.017220665279847486e-06	1.102801909202403818e-22	1.052068979673549035e-16	6.599762847499951544e-15	2.361813352215482367e-14	3.866081204598256837e-23	2.763980963023527405e-23	1.727999958149133847e-02	6.927898235549244388e-02	7.210176444757095734e-04	3.771529523526801210e-10	7.200000466342651798e-04
9.690000000000000568e+01	5.257357662484861131e-12	3.020614410523011610e-15	2.067450716327052017e-21	1.998982775558914675e-03	1.017220664532189291e-06	1.102801908391843335e-22	1.052068978900271215e-16	6.599762842656874912e-15	2.361813350387273238e-14	3.866081201605715057e-23	2.763980959128827800e-23	1.727999958096495398e-02	6.927898235496675328e-02	7.210176450013448812e-04	3.775427092478333951e-10	7.200000467708920007e-04
9.700000000000000000e+01	5.257357658780877210e-12	3.020614408302873427e-15	2.067450714813961331e-21	1.998982775562123913e-03	1.017220663784530673e-06	1.102801907581282380e-22	1.052068978127005843e-16	6.599762837813874010e-15	2.361813348559045492e-14	3.866081198613143301e-23	2.763980955234194610e-23	1.727999958043856948e-02	6.927898235444106267e-02	7.210176455269801891e-04	3.779324661427001546e-10	7.200000469075188217e-04
9.710000000000000853e+01	5.257357655076825435e-12	3.020614406082696590e-15	2.067450713300844690e-21	1.998982775565333152e-03	1.017220663036872266e-06	1.102801906770721661e-22	1.052068977353726913e-16	6.599762832970789489e-15	2.361813346730838256e-14	3.866081195620602697e-23	2.763980951339490303e-23	1.727999957991218499e-02	6.927898235391537207e-02	7.210176460526154969e-04	3.783222230372805544e-10	7.200000470441456427e-04
9.720000000000000284e+01	5.257357651372835860e-12	3.020614403862554857e-15	2.067450711787750618e-21	1.998982775568542390e-03	1.017220662289213648e-06	1.102801905960160942e-22	1.052068976580460309e-16	6.599762828127780699e-15	2.361813344902638593e-14	3.866081192628077962e-23	2.763980947444849473e-23	1.727999957938580050e-02	6.927898235338968147e-02	7.210176465782508048e-04	3.787119799315743362e-10	7.200000471807724636e-04
9.730000000000001137e+01	5.257357647668778430e-12	3.020614401642375259e-15	2.067450710274631344e-21	1.998982775571751629e-03	1.017220661541555453e-06	1.102801905149600458e-22	1.052068975807180269e-16	6.599762823284688289e-15	2.361813343074394438e-14	3.866081189635476819e-23	2.763980943550139289e-23	1.727999957885941601e-02	6.927898235286399087e-02	7.210176471038861126e-04	3.791017368255818100e-10	7.200000473173992846e-04
9.740000000000000568e+01	5.257357643964778354e-12	3.020614399422228005e-15	2.067450708761534640e-21	1.998982775574960867e-03	1.017220660793896834e-06	1.102801904339039504e-22	1.052068975033911569e-16	6.599762818441668455e-15	2.361813341246197615e-14	3.866081186642955023e-23	2.763980939655488467e-23	1.727999957833303152e-02	6.927898235233830027e-02	7.210176476295214205e-04	3.794914937193069568e-10	7.200000474540261056e-04
9.750000000000000000e+01	5.257357640260846132e-12	3.020614397202119799e-15	2.067450707248463890e-21	1.998982775578170105e-03	1.017220660046238640e-06	1.102801903528478785e-22	1.052068974260656798e-16	6.599762813598732240e-15	2.361813339417999846e-14	3.866081183650431463e-23	2.763980935760908175e-23	1.727999957780664703e-02	6.927898235181260966e-02	7.210176481551567283e-04	3.798812506127413496e-10	7.200000475906529265e-04
9.760000000000000853e+01	5.257357636556715194e-12	3.020614394981897997e-15	2.067450705735315652e-21	1.998982775581379344e-03	1.017220659298580021e-06	1.102801902717917596e-22	1.052068973487361967e-16	6.599762808755549111e-15	2.361813337589747171e-14	3.866081180657817390e-23	2.763980931866120408e-23	1.727999957728026253e-02	6.927898235128691906e-02	7.210176486807920362e-04	3.802710075058893829e-10	7.200000477272797475e-04
9.770000000000000284e+01	5.257357632852778933e-12	3.020614392761786635e-15	2.067450704222243398e-21	1.998982775584588582e-03	1.017220658550921615e-06	1.102801901907357112e-22	1.052068972714105717e-16	6.599762803912606585e-15	2.361813335761559184e-14	3.866081177665310287e-23	2.763980927971537177e-23	1.727999957675387804e-02	6.927898235076122846e-02	7.210176492064273440e-04	3.806607643987509014e-10	7.200000478639065685e-04
9.780000000000001137e+01	5.257357629148774818e-12	3.020614390541637803e-15	2.067450702709145188e-21	1.998982775587797821e-03	1.017220657803262996e-06	1.102801901096796393e-22	1.052068971940836524e-16	6.599762799069583595e-15	2.361813333933349739e-14	3.866081174672765568e-23	2.763980924076882241e-23	1.727999957622749355e-02	6.927898235023553786e-02	7.210176497320626519e-04	3.810505212913259569e-10	7.200000480005333894e-04
9.790000000000000568e+01	5.257357625444701232e-12	3.020614388321448738e-15	2.067450701196019520e-21	1.998982775591007059e-03	1.017220657055604801e-06	1.102801900286235674e-22	1.052068971167553157e-16	6.599762794226466731e-15	2.361813332105104322e-14	3.866081171680165014e-23	2.763980920182154424e-23	1.727999957570110906e-02	6.927898234970984725e-02	7.210176502576979597e-04	3.814402781836144978e-10	7.200000481371602104e-04
9.800000000000000000e+01	5.257357621740692270e-12	3.020614386101296356e-15	2.067450699682917925e-21	1.998982775594216298e-03	1.017220656307945971e-06	1.102801899475674720e-22	1.052068970394282978e-16	6.599762789383437430e-15	2.361813330276911285e-14	3.866081168687648507e-23	2.763980916287494198e-23	1.727999957517472457e-02	6.927898234918415665e-02	7.210176507833332676e-04	3.818300350756165240e-10	7.200000482737870314e-04
9.810000000000000853e+01	5.257357618036744700e-12	3.020614383881179867e-15	2.067450698169841909e-21	1.998982775597425536e-03	1.017220655560287988e-06	1.102801898665114236e-22	1.052068969621024879e-16	6.599762784540481494e-15	2.361813328448698685e-14	3.866081165695101437e-23	2.763980912392899212e-23	1.727999957464834008e-02	6.927898234865846605e-02	7.210176513089685754e-04	3.822197919673321906e-10	7.200000484104138523e-04
9.820000000000000284e+01	5.257357614332598413e-12	3.020614381660948204e-15	2.067450696656688029e-21	1.998982775600634774e-03	1.017220654812629582e-06	1.102801897854553517e-22	1.052068968847727090e-16	6.599762779697278643e-15	2.361813326620451060e-14	3.866081162702496768e-23	2.763980908498094988e-23	1.727999957412195559e-02	6.927898234813277545e-02	7.210176518346038833e-04	3.826095488587613425e-10	7.200000485470406733e-04
9.830000000000001137e+01	5.257357610628647612e-12	3.020614379440829743e-15	2.067450695143610132e-21	1.998982775603844013e-03	1.017220654064970963e-06	1.102801897043992563e-22	1.052068968074468374e-16	6.599762774854321918e-15	2.361813324792267805e-14	3.866081159709996131e-23	2.763980904603495888e-23	1.727999957359557109e-02	6.927898234760708485e-02	7.210176523602391911e-04	3.829993057499040314e-10	7.200000486836674943e-04
9.840000000000000568e+01	5.257357606924627341e-12	3.020614377220669866e-15	2.067450693630504776e-21	1.998982775607053251e-03	1.017220653317312768e-06	1.102801896233432079e-22	1.052068967301195360e-16	6.599762770011272896e-15	2.361813322964039743e-14	3.866081156717422612e-23	2.763980900708823907e-23	1.727999957306918660e-02	6.927898234708139424e-02	7.210176528858744990e-04	3.833890626407602056e-10	7.200000488202943152e-04
9.850000000000000000e+01	5.257357603220538408e-12	3.020614375000472913e-15	2.067450692117373089e-21	1.998982775610262490e-03	1.017220652569654150e-06	1.102801895422871125e-22	1.052068966527909404e-16	6.599762765168144987e-15	2.361813321135805370e-14	3.866081153724839102e-23	2.763980896814080221e-23	1.727999957254280211e-02	6.927898234655570364e-02	7.210176534115098068e-04	3.837788195313299685e-10	7.200000489569211362e-04
9.860000000000000853e+01	5.257357599516644152e-12	3.020614372780386796e-15	2.067450690604318138e-21	1.998982775613471728e-03	1.017220651821995743e-06	1.102801894612310406e-22	1.052068965754661905e-16	6.599762760325255315e-15	2.361813319307623062e-14	3.866081150732339640e-23	2.763980892919541659e-23	1.727999957201641762e-02	6.927898234603001304e-02	7.210176539371451147e-04	3.841685764216132168e-10	7.200000490935479572e-04
9.870000000000000284e+01	5.257357595812551180e-12	3.020614370560185109e-15	2.067450689091184193e-21	1.998982775616680967e-03	1.017220651074337337e-06	1.102801893801749687e-22	1.052068964981374594e-16	6.599762755482118729e-15	2.361813317479386796e-14	3.866081147739753779e-23	2.763980889024792096e-23	1.727999957149003313e-02	6.927898234550432244e-02	7.210176544627804225e-04	3.845583333116100021e-10	7.200000492301747781e-04
9.880000000000001137e+01	5.257357592108520407e-12	3.020614368340020894e-15	2.067450687578075452e-21	1.998982775619890205e-03	1.017220650326678930e-06	1.102801892991188733e-22	1.052068964208099854e-16	6.599762750639058663e-15	2.361813315651160628e-14	3.866081144747182612e-23	2.763980885130109536e-23	1.727999957096364864e-02	6.927898234497863184e-02	7.210176549884157304e-04	3.849480902013203761e-10	7.200000493668015991e-04
9.890000000000000568e+01	5.257357588404546988e-12	3.020614366119890206e-15	2.067450686064988527e-21	1.998982775623099443e-03	1.017220649579020524e-06	1.102801892180628249e-22	1.052068963434836824e-16	6.599762745796074327e-15	2.361813313822962543e-14	3.866081141754659052e-23	2.763980881235486926e-23	1.727999957043726414e-02	6.927898234445294123e-02	7.210176555140510382e-04	3.853378470907483713e-10	7.200000495034284201e-04
9.900000000000000000e+01	5.257357584700510561e-12	3.020614363899721652e-15	2.067450684551877153e-21	1.998982775626308682e-03	1.017220648831362117e-06	1.102801891370067765e-22	1.052068962661560852e-16	6.599762740953005583e-15	2.361813311994731956e-14	3.866081138762081419e-23	2.763980877340798488e-23	1.727999956991087965e-02	6.927898234392725063e-02	7.210176560396863461e-04	3.857276039798857676e-10	7.200000496400552411e-04
9.910000000000000853e+01	5.257357580996407087e-12	3.020614361679515232e-15	2.067450683038739823e-21	1.998982775629517920e-03	1.017220648083703499e-06	1.102801890559506576e-22	1.052068961888271445e-16	6.599762736109857165e-15	2.361813310166502001e-14	3.866081135769504962e-23	2.763980873446040108e-23	1.727999956938449516e-02	6.927898234340156003e-02	7.210176565653216539e-04	3.861173608687366492e-10	7.200000497766820620e-04
9.920000000000000284e+01	5.257357577292498291e-12	3.020614359459420437e-15	2.067450681525678854e-21	1.998982775632727159e-03	1.017220647336045304e-06	1.102801889748946092e-22	1.052068961115021234e-16	6.599762731266950137e-15	2.361813308338302023e-14	3.866081132776977876e-23	2.763980869551483914e-23	1.727999956885811067e-02	6.927898234287586943e-02	7.210176570909569618e-04	3.865071177573010679e-10	7.200000499133088830e-04
9.930000000000001137e+01	5.257357573588389971e-12	3.020614357239210862e-15	2.067450680012538515e-21	1.998982775635936397e-03	1.017220646588386474e-06	1.102801888938384903e-22	1.052068960341730841e-16	6.599762726423793830e-15	2.361813306510070490e-14	3.866081129784398480e-23	2.763980865656720244e-23	1.727999956833172618e-02	6.927898234235017882e-02	7.210176576165922696e-04	3.868968746455790752e-10	7.200000500499357040e-04
9.940000000000000568e+01	5.257357569884343850e-12	3.020614355019037181e-15	2.067450678499424131e-21	1.998982775639145636e-03	1.017220645840728279e-06	1.102801888127824654e-22	1.052068959568453267e-16	6.599762721580717198e-15	2.361813304681854419e-14	3.866081126791845533e-23	2.763980861762020639e-23	1.727999956780534169e-02	6.927898234182448822e-02	7.210176581422275775e-04	3.872866315335705162e-10	7.200000501865625249e-04
9.950000000000000000e+01	5.257357566180361545e-12	3.020614352798901365e-15	2.067450676986334573e-21	1.998982775642354874e-03	1.017220645093069872e-06	1.102801887317263700e-22	1.052068958795188388e-16	6.599762716737717874e-15	2.361813302853633614e-14	3.866081123799283770e-23	2.763980857867389213e-23	1.727999956727895720e-02	6.927898234129879762e-02	7.210176586678628853e-04	3.876763884212755459e-10	7.200000503231893459e-04
9.960000000000000853e+01	5.257357562476309770e-12	3.020614350578724133e-15	2.067450675473216804e-21	1.998982775645564113e-03	1.017220644345411466e-06	1.102801886506703216e-22	1.052068958021909335e-16	6.599762711894634141e-15	2.361813301025416281e-14	3.866081120806727884e-23	2.763980853972683731e-23	1.727999956675257270e-02	6.927898234077310702e-02	7.210176591934981932e-04	3.880661453086941126e-10	7.200000504598161669e-04
9.970000000000000284e+01	5.257357558772321003e-12	3.020614348358583189e-15	2.067450673960123861e-21	1.998982775648773351e-03	1.017220643597753059e-06	1.102801885696142262e-22	1.052068957248642854e-16	6.599762707051626929e-15	2.361813299197205890e-14	3.866081117814182577e-23	2.763980850078044664e-23	1.727999956622618821e-02	6.927898234024741642e-02	7.210176597191335010e-04	3.884559021958261129e-10	7.200000505964429878e-04
9.980000000000001137e+01	5.257357555068265997e-12	3.020614346138404775e-15	2.067450672447005715e-21	1.998982775651982589e-03	1.017220642850094864e-06	1.102801884885581778e-22	1.052068956475363307e-16	6.599762702208536886e-15	2.361813297368972779e-14	3.866081114821602006e-23	2.763980846183336831e-23	1.727999956569980372e-02	6.927898233972172581e-02	7.210176602447688089e-04	3.888456590826717536e-10	7.200000507330698088e-04
9.990000000000000568e+01	5.257357551364271575e-12	3.020614343918260675e-15	2.067450670933910892e-21	1.998982775655191828e-03	1.017220642102436457e-06	1.102801884075020824e-22	1.052068955702095717e-16	6.599762697365522573e-15	2.361813295540761757e-14	3.866081111829056699e-23	2.763980842288691886e-23	1.727999956517341923e-02	6.927898233919603521e-02	7.210176607704041167e-04	3.892354159692308280e-10	7.200000508696966298e-04
