structure,qh-G(T)_SPC
00-lpdoh2,-1397.5205905
01-rxt,-1958.667575
03-c1,-1958.651241
05-c2,-1958.710004
09-c3,-1782.793837
11-c4,-1782.759413
13-t1,-1958.667144
15-t2,-1958.676697
19-t3,-1782.773899
21-t4,-1782.780134
99-l2pd2oh4,-2795.041181
naphboh2,-561.150376
h2o,-76.368394
boh3,-252.272407
naphh-c,-385.286152
naphh-t,-385.286152
