structure,qh-G(T)_SPC
00-lpdoh2,-857.6897105
01-rxt,-1418.834488
03-c1,-1418.83985
05-c2,-1418.88083
09-c3,-1242.970233
11-c4,-1242.949938
13-t1,-1418.833715
15-t2,-1418.83761
19-t3,-1242.936666
21-t4,-1242.949237
100-l2pd2oh4,-1715.379421
naphboh2,-561.150376
h2o,-76.368394
boh3,-252.272407
naph-c,-385.286152
naph-t,-385.286152
