structure,qh-G(T)_SPC
00-lpdoh2,-1750.6331235
01-rxt,-2311.775302
03-c1,-2311.758135
05-c2,-2311.811421
09-c3,-2135.89803
11-c4,-2135.865649
13-t1,-2311.775358
15-t2,-2311.790491
19-t3,-2135.890784
21-t4,-2135.88986
34-ya,-2311.780393
37-yb,-2388.13234
100-l2pd2oh4,-3501.266247
naphboh2,-561.150376
h2o,-76.368394
boh3,-252.272407
naph-c,-385.286152
naph-t,-385.286152
