0.000000000000000000e+00	0.000000000000000000e+00	0.000000000000000000e+00	0.000000000000000000e+00	0.000000000000000000e+00	0.000000000000000000e+00	0.000000000000000000e+00	0.000000000000000000e+00	0.000000000000000000e+00	0.000000000000000000e+00	0.000000000000000000e+00	0.000000000000000000e+00	1.000000000000000021e-03	2.000000000000000042e-02	7.000000000000000666e-02	0.000000000000000000e+00	0.000000000000000000e+00	0.000000000000000000e+00
1.000000000000000056e-01	8.093204535622214009e-04	3.327447716232217021e-09	1.151523585476764018e-10	1.171411253292588750e-03	9.519912022259896701e-07	1.261261841582359450e-24	3.345738077747238655e-08	3.109359335576140390e-07	3.628245007019112498e-07	1.629564227923158902e-05	4.320854318841532521e-15	6.549996208258054282e-07	1.879988380262189937e-02	6.997200571633226118e-02	2.799428366776425913e-05	4.214177480175964730e-15	1.074665017777163427e-05
2.000000000000000111e-01	3.464683366575083525e-04	1.388249301609916007e-09	4.804288254345737094e-11	1.639103135662944898e-03	9.610814578613670395e-07	1.273304780546832397e-24	1.395880249513037387e-08	1.297260266644390025e-07	1.513715481670839874e-07	1.293087055001506728e-05	3.428871171681445411e-15	1.200414977475785066e-07	1.832180569885226429e-02	6.996120532718796969e-02	3.879467281204621054e-05	8.698287251247139477e-15	2.490272079204258168e-05
3.000000000000000444e-01	1.526483724984815157e-04	6.048408147677500833e-10	2.093161223808813146e-11	1.838347948728069571e-03	9.636027835008882844e-07	1.276644166148211367e-24	6.081655119972088488e-09	5.651981489573900879e-08	6.594976169700349199e-08	7.864295899360843531e-06	2.085373971915714667e-15	2.330154074297951713e-08	1.811812913628865762e-02	6.995660626202369892e-02	4.339373797626442400e-05	1.320536579670574310e-14	3.456583927811191832e-05
4.000000000000000222e-01	6.848476628705001189e-05	2.700135937692247002e-10	9.344309591112181775e-12	1.926166849651266434e-03	9.645547521058831657e-07	1.277904569281182365e-24	2.714978081425815145e-09	2.523162743370337569e-08	2.944116406618931317e-08	4.316781896378873901e-06	1.144663279100572496e-15	4.690140953582603182e-09	1.802835499109740544e-02	6.995457950787876966e-02	4.542049212119040583e-05	1.771988575636518855e-14	4.013915545384108704e-05
5.000000000000000000e-01	3.110877670932221927e-05	1.223773840092857329e-10	4.235091074099604710e-12	1.965650711543833612e-03	9.649562160130585658e-07	1.278435917390329898e-24	1.230500696604963999e-09	1.143564842074802346e-08	1.334346637512887321e-08	2.247483787541872630e-06	5.959456453537315858e-16	9.677559716499695304e-10	1.798799148829375791e-02	6.995366833606830870e-02	4.633166393166856850e-05	2.223737401926571994e-14	4.311922390528027412e-05
6.000000000000000888e-01	1.425779969565702435e-05	5.603078913447076090e-11	1.939046961440049800e-12	1.983630659993700866e-03	9.651340228674790972e-07	1.278671167989764534e-24	5.633877992762586096e-10	5.235839986149988902e-09	6.109321056912715370e-09	1.134033195367730348e-06	3.006970258281898894e-16	2.032852769505313010e-10	1.796961080147855064e-02	6.995325342799375845e-02	4.674657200619161505e-05	2.675614467349698183e-14	4.464740476089952862e-05
7.000000000000000666e-01	6.578124397504332787e-06	2.583879123692923762e-11	8.941981785346435531e-13	1.991890236854980574e-03	9.652147053223891765e-07	1.278777880429645379e-24	2.598082225024081268e-10	2.414525615168648833e-09	2.817327792732712448e-09	5.608191011148989967e-07	1.487033436767308652e-16	4.327172405468575970e-11	1.796116707786203290e-02	6.995306283311454598e-02	4.693716688543476696e-05	3.127549004004544914e-14	4.541113304757324624e-05
8.000000000000000444e-01	3.050155893344090215e-06	1.197837090691416535e-11	4.145332241309541181e-13	1.995708406826537419e-03	9.652518002947534456e-07	1.278826926877243677e-24	1.204421377607219097e-10	1.119328029341484630e-09	1.306057586768217292e-09	2.736086493458893408e-07	7.254768406833399705e-17	9.303459111323799974e-12	1.795726376268793820e-02	6.995297472773806535e-02	4.702527226190856592e-05	3.579509784868975902e-14	4.578641177640023453e-05
9.000000000000000222e-01	1.419677801457917004e-06	5.574702226053614981e-12	1.929226690429573439e-13	1.997481628169303636e-03	9.652689870500015643e-07	1.278849643542570795e-24	5.605345323588695244e-11	5.209323109846696298e-10	6.078350180586137060e-10	1.322304192224251326e-07	3.506080721927988957e-17	2.015847869378382131e-12	1.795545099177420570e-02	6.995293381053485637e-02	4.706618946512582536e-05	4.031482676324480832e-14	4.596869001850346708e-05
1.000000000000000000e+00	6.626919902578773603e-07	2.602095021821562076e-12	9.005021186649637845e-14	1.998307998812353520e-03	9.652769885976548584e-07	1.278860216189103082e-24	2.616398252403165665e-11	2.431547578940788524e-10	2.837179389040157805e-10	6.347559939378563701e-08	1.683041957406011523e-17	4.388630910262476517e-13	1.795460618755750221e-02	6.995291474210162119e-02	4.708525789835945452e-05	4.483461191669782774e-14	4.605650526551654037e-05
1.100000000000000089e+00	3.100191490273750488e-07	1.217279796105211528e-12	4.212617241345071653e-14	1.998694117530576062e-03	9.652807258217921675e-07	1.278865152675818364e-24	1.223970955891747219e-11	1.137496406276137323e-10	1.327253125923066309e-10	3.032242544491147200e-08	8.039892980280505199e-18	9.611195846851222351e-14	1.795421145497756721e-02	6.995290583248515992e-02	4.709416751481563108e-05	4.935442329246882186e-14	4.609856431418644229e-05
1.200000000000000178e+00	1.452752992314163709e-07	5.704127211529260997e-13	1.974016550555534612e-14	1.998874886895544295e-03	9.652824752316206863e-07	1.278867462716174481e-24	5.735481733868224652e-12	5.330265249207034524e-11	6.219454807439240664e-11	1.443346211382414945e-08	3.826973892407484655e-18	2.110491523656591637e-14	1.795402665255722841e-02	6.995290166127855758e-02	4.709833872142068519e-05	5.387424692844327993e-14	4.611862273019714874e-05
1.300000000000000044e+00	6.816274654808253321e-08	2.676346928946388273e-13	9.261983367920568238e-15	1.998959644539253372e-03	9.652832954259855350e-07	1.278868545404997615e-24	2.691058308332992322e-12	2.500932831142275625e-11	2.918134799618999227e-11	6.852248017567088172e-09	1.816841526789619268e-18	4.646163916910711666e-15	1.795394000381961633e-02	6.995289970552047432e-02	4.710029447952708689e-05	5.839407630767085103e-14	4.612815887768762700e-05
1.400000000000000133e+00	3.201263196949658202e-08	1.256943411218894984e-13	4.349880376881017849e-15	1.998999430104676702e-03	9.652836803917476364e-07	1.278869053409359006e-24	1.263852594469594217e-12	1.174560370963832472e-11	1.370498405180794696e-11	3.246733599390029908e-09	8.608547369053129555e-19	1.024808730115633414e-15	1.795389933052732659e-02	6.995289878747946999e-02	4.710121252054112474e-05	6.291390838096254942e-14	4.613268204363521100e-05
1.500000000000000000e+00	1.504573317413848487e-08	5.907547704997996706e-14	2.044413909270883978e-15	1.999018121657133995e-03	9.652838612099332002e-07	1.278869291940623634e-24	5.940020391728386529e-13	5.520353070845003280e-12	6.441246899070324188e-12	1.536128479885004524e-09	4.072960445889815055e-19	2.263742702478356799e-16	1.795388022189842170e-02	6.995289835617524155e-02	4.710164382475535131e-05	6.743374171917696997e-14	4.613482376763135414e-05
1.600000000000000089e+00	7.075318334042099676e-09	2.778047383206875071e-14	9.613936338775003982e-16	1.999026908801472980e-03	9.652839461691500368e-07	1.278869403979978538e-24	2.793317790973142562e-13	2.595967593015271279e-12	3.029020987455077102e-12	7.259980321501591064e-10	1.924942093965182246e-19	5.006013546769672938e-17	1.795387123867378185e-02	6.995289815341126927e-02	4.710184658870701695e-05	7.195357565163410051e-14	4.613583657255192558e-05
1.700000000000000178e+00	3.328594234169984976e-09	1.306936294490161652e-14	4.522889933729873821e-16	1.999031041787616841e-03	9.652839860814443672e-07	1.278869456596465948e-24	1.314120279275599314e-13	1.221276600988428607e-12	1.425006991686838164e-12	3.428380014829367910e-10	9.090146056461104307e-20	1.107954837597050030e-17	1.795386701345823288e-02	6.995289805804003058e-02	4.710194195996161181e-05	7.647340986329609077e-14	4.613631505940518710e-05
1.800000000000000044e+00	1.566440205572355635e-09	6.150456280016983421e-15	2.128476950867504602e-16	1.999032986439351622e-03	9.652840048123142225e-07	1.278869481280967899e-24	6.184264189792916980e-14	5.747340838289782500e-13	6.706097583397017445e-13	1.617992516447421676e-10	4.290008719678451296e-20	2.453735204796625405e-18	1.795386502540773088e-02	6.995289801316360856e-02	4.710198683639312147e-05	8.099324420607694924e-14	4.613654095133589718e-05
1.900000000000000133e+00	7.373467011744162737e-10	2.895111090936243022e-15	1.001905779793909709e-16	1.999033901694028358e-03	9.652840135790664749e-07	1.278869492830067285e-24	2.911024976033054622e-14	2.705358666690874355e-13	3.156659461953577224e-13	7.632455622661422712e-11	2.023698331482468256e-20	5.436805845111173538e-19	1.795386408972471370e-02	6.995289799203997794e-02	4.710200795997317944e-05	8.551307861033117584e-14	4.613664753632479922e-05
2.000000000000000000e+00	3.471444172002677803e-10	1.363024512261611544e-15	4.716994665458207076e-17	1.999034332552323580e-03	9.652840176569498983e-07	1.278869498199995109e-24	1.370516803502743083e-14	1.273688663683715938e-13	1.486161958556153869e-13	3.599167163053266981e-11	9.542965813932201043e-21	1.205092603851904644e-19	1.795386364924725711e-02	6.995289798209361476e-02	4.710201790634170344e-05	9.003291304329117987e-14	4.613669780698023546e-05
2.100000000000000089e+00	1.634602097855956401e-10	6.418085934967189767e-16	2.221096335332208295e-17	1.999034535412490612e-03	9.652840195278082978e-07	1.278869500662374390e-24	6.453364954967460575e-15	5.997429410424081742e-14	6.997904013981037799e-14	1.696786879067932380e-11	4.498922852685426658e-21	2.671926101537417884e-20	1.795386344185569139e-02	6.995289797740816828e-02	4.710202259176630491e-05	9.455274748953561418e-14	4.613672150981698014e-05
2.200000000000000178e+00	7.697812678385092044e-11	3.022461740213000918e-16	1.045979073398107912e-17	1.999034630936361544e-03	9.652840203596346743e-07	1.278869501756376493e-24	3.039075648043196669e-15	2.824362452360590724e-14	3.295514650533548806e-14	7.997770944209566784e-12	2.120557903905990516e-21	5.925632687967486606e-21	1.795386334419565161e-02	6.995289797519944897e-02	4.710202480045975169e-05	9.907258194180502728e-14	4.613673268325660864e-05
2.300000000000000266e+00	3.625556634007175893e-11	1.423535053790038297e-16	4.926415301411080643e-18	1.999034675921290954e-03	9.652840207022283730e-07	1.278869502206284833e-24	1.431359960176349519e-15	1.330233200835145168e-14	1.552138886834695515e-14	3.769206479798667227e-12	9.993809117685911432e-22	1.314467111272755281e-21	1.795386329820233828e-02	6.995289797415690791e-02	4.710202584299288373e-05	1.035924163966815436e-13	4.613673794949177658e-05
2.400000000000000355e+00	1.707836413923463037e-11	6.705632386546933780e-17	2.320619939678355413e-18	1.999034697107476138e-03	9.652840208144428744e-07	1.278869502352989834e-24	6.742491995683425178e-16	6.266129385430508249e-15	7.311426614306069417e-15	1.776192566858228848e-12	4.709460262506211274e-22	2.916705552759842013e-22	1.795386327653884090e-02	6.995289797366351092e-02	4.710202633638216905e-05	1.081122508525557987e-13	4.613674043126294672e-05
2.500000000000000000e+00	8.046725600455263436e-12	3.159458559467593960e-17	1.093402250428364331e-18	1.999034707085906980e-03	9.652840208181607137e-07	1.278869502356948312e-24	3.176825513220539646e-16	2.952380174567251449e-15	3.444887119947623954e-15	8.369697825200150574e-13	2.219171458743312860e-22	6.474984300076087715e-23	1.795386326633320595e-02	6.995289797342874039e-02	4.710202657115832291e-05	1.126320853086698800e-13	4.613674160073833158e-05
2.600000000000000089e+00	3.792981632329504013e-12	1.489272640325220143e-17	5.154041588965004658e-19	1.999034711785834927e-03	9.652840207707793847e-07	1.278869502293699369e-24	1.497458893939278233e-16	1.391662189153724434e-15	1.623814599291986898e-15	3.943993796776270572e-13	1.045724609943170033e-22	1.438671131458682225e-23	1.795386326152386205e-02	6.995289797331576132e-02	4.710202668413578071e-05	1.171519197646668818e-13	4.613674215181373190e-05
2.700000000000000178e+00	1.789460723833622168e-12	7.026121281192220350e-18	2.431660388616965386e-19	1.999034713999637853e-03	9.652840206993332144e-07	1.278869502198809608e-24	7.064742557838043491e-17	6.565612667325431906e-16	7.660862427410413566e-16	1.858722671471896528e-13	4.928284732828103207e-23	3.202172145611892373e-24	1.795386325925612050e-02	6.995289797326015302e-02	4.710202673974709866e-05	1.216717542203786819e-13	4.613674241150376748e-05
2.800000000000000266e+00	8.457697617089639128e-13	3.320822213219791705e-18	1.149374527339384068e-19	1.999034715042449523e-03	9.652840206165503551e-07	1.278869502089019354e-24	3.339076152747043767e-17	3.103167660379602749e-16	3.620822282841568309e-16	8.762570435929197993e-14	2.323340873297028051e-23	7.153265710438979500e-25	1.795386325818550816e-02	6.995289797323156478e-02	4.710202676833847218e-05	1.261915886757261419e-13	4.613674253390465655e-05
2.900000000000000355e+00	4.012656193750921806e-13	1.575525447372698247e-18	5.453829667346691209e-20	1.999034715533701528e-03	9.652840205284282237e-07	1.278869501972213786e-24	1.584185816462276098e-17	1.472261770846109194e-16	1.717853367901763786e-16	4.133933689764093977e-14	1.096087924504415903e-23	1.610142184793453423e-25	1.795386325767876767e-02	6.995289797321570247e-02	4.710202678420289106e-05	1.307114231306719266e-13	4.613674259162371097e-05
3.000000000000000000e+00	1.918883889720471207e-13	7.534287147513551328e-19	2.608815007265252257e-20	1.999034715765150069e-03	9.652840204377897691e-07	1.278869501852102875e-24	7.575701716048019036e-18	7.040472017153600012e-17	8.214874608098617403e-17	1.953341641879065735e-14	5.179181334565526530e-24	3.682115781938899787e-26	1.795386325743762376e-02	6.995289797320582148e-02	4.710202679407250541e-05	1.352312575851983906e-13	4.613674261887007748e-05
3.100000000000000089e+00	9.326489080888094700e-14	3.661943653335035560e-19	1.268720396420614526e-20	1.999034715874221674e-03	9.652840203459987144e-07	1.278869501730457393e-24	3.682072672731808934e-18	3.421931070772228933e-17	3.992699118749190245e-17	9.260909398543043478e-15	2.455493009465468204e-24	8.702146808802772974e-27	1.795386325732159158e-02	6.995289797319879932e-02	4.710202680111832876e-05	1.397510920392973804e-13	4.613674263176034007e-05
3.200000000000000178e+00	4.758210234596738664e-14	1.868259065043782534e-19	6.479833533524500291e-21	1.999034715924794502e-03	9.652840202535804319e-07	1.278869501608031126e-24	1.878528535178296048e-18	1.745808811129436778e-17	2.036970993943962754e-17	4.502218794751020746e-15	1.193757213990298841e-24	2.274966185745713227e-27	1.795386325726536225e-02	6.995289797319313718e-02	4.710202680681426619e-05	1.442709264929498371e-13	4.613674263778754869e-05
3.300000000000000266e+00	2.583095989507069178e-14	1.014224311377173033e-19	3.524291566288381256e-21	1.999034715948921903e-03	9.652840201609347210e-07	1.278869501485285088e-24	1.019799311937506935e-18	9.477495143803914947e-18	1.105781756744790913e-17	2.236298316967727916e-15	5.929631764421157873e-25	6.775185732315925529e-28	1.795386325723615992e-02	6.995289797318801628e-02	4.710202681190004851e-05	1.487907609461623745e-13	4.613674264071206208e-05
3.400000000000000355e+00	1.530474836893484249e-14	6.009241599924348030e-20	2.093991526111607598e-21	1.999034715960648634e-03	9.652840200681706372e-07	1.278869501362384215e-24	6.042273267926775830e-19	5.615380320689829761e-18	6.551435942967423272e-18	1.139680543942975605e-15	3.022021281470693432e-25	2.348336893353726668e-28	1.795386325721964535e-02	6.995289797318321456e-02	4.710202681669963535e-05	1.533105953989408742e-13	4.613674264218117635e-05
3.500000000000000000e+00	1.021069209652608049e-14	4.009116271529630703e-20	1.401811925408582798e-21	1.999034715966366282e-03	9.652840199753453553e-07	1.278869501239402526e-24	4.031153624068538892e-19	3.746347935152647934e-18	4.370616994630028004e-18	6.089637537858617682e-16	1.614860345733158141e-25	1.048220734299214194e-28	1.795386325720926823e-02	6.995289797317853775e-02	4.710202682136070858e-05	1.578304298512847810e-13	4.613674264294596579e-05
3.600000000000000089e+00	7.745466672720253339e-15	3.041172545218377978e-20	1.066837465323850134e-21	1.999034715969185642e-03	9.652840198824959329e-07	1.278869501116389430e-24	3.057889291829799655e-19	2.841845529145482170e-18	3.315228121146404685e-18	3.521205932308929726e-16	9.338574702338762346e-26	6.002507372857782144e-29	1.795386325720186096e-02	6.995289797317395808e-02	4.710202682595474423e-05	1.623502643031940192e-13	4.613674264336986173e-05
3.700000000000000178e+00	6.552439030022837335e-15	2.572743325353274197e-20	9.047290485358746218e-22	1.999034715970595538e-03	9.652840197896302052e-07	1.278869500993354845e-24	2.586885204008977874e-19	2.404118267844952082e-18	2.804480468321663199e-18	2.278205287183637448e-16	6.042839639028104331e-26	4.296538350236094757e-29	1.795386325719588658e-02	6.995289797316937841e-02	4.710202683051634191e-05	1.668700987546684625e-13	4.613674264362880309e-05
3.800000000000000266e+00	5.975081116114875671e-15	2.346050072392592709e-20	8.262777419659196502e-22	1.999034715971331495e-03	9.652840196967610894e-07	1.278869500870315851e-24	2.358945860565314403e-19	2.192283026648385532e-18	2.557307487043037111e-18	1.676653127613964090e-16	4.447863364452529106e-26	3.570339450664565087e-29	1.795386325719060608e-02	6.995289797316479874e-02	4.710202683506226610e-05	1.713899332057080856e-13	4.613674264380789974e-05
3.900000000000000355e+00	5.695672163427845300e-15	2.236343211422466554e-20	7.883116954674573247e-22	1.999034715971736553e-03	9.652840196038873148e-07	1.278869500747270612e-24	2.248635961465083544e-19	2.089766612723485980e-18	2.437689582557091203e-18	1.385531724354708071e-16	3.675973973537498572e-26	3.244237770540038182e-29	1.795386325718566906e-02	6.995289797316021907e-02	4.710202683960057376e-05	1.759097676563128381e-13	4.613674264394835813e-05
4.000000000000000000e+00	5.560453711926765133e-15	2.183251169392887112e-20	7.699382325995163532e-22	1.999034715971978113e-03	9.652840195110103639e-07	1.278869500624221517e-24	2.195252082393903745e-19	2.040154348652783267e-18	2.379801144641287495e-18	1.244643680335141811e-16	3.302418525339035709e-26	3.091874422265935253e-29	1.795386325718088122e-02	6.995289797315563940e-02	4.710202684413521547e-05	1.804296021064826695e-13	4.613674264407013437e-05
4.100000000000000533e+00	5.495015421597619186e-15	2.157557542362197719e-20	7.610464875442403182e-22	1.999034715972142912e-03	9.652840194181327777e-07	1.278869500501171319e-24	2.169417222292984453e-19	2.016144742684535101e-18	2.351786325924009736e-18	1.176461090460445924e-16	3.121636841136441743e-26	3.019528752766930550e-29	1.795386325717618012e-02	6.995289797315105973e-02	4.710202684866808179e-05	1.849494365562176808e-13	4.613674264418283718e-05
4.200000000000000178e+00	5.463346870217813658e-15	2.145123232974214574e-20	7.567433695420879377e-22	1.999034715972273016e-03	9.652840193252558268e-07	1.278869500378121856e-24	2.156914563828050584e-19	2.004525407331997817e-18	2.338228686790836160e-18	1.143464250839966787e-16	3.034147875932438539e-26	2.984816444036464652e-29	1.795386325717152065e-02	6.995289797314648006e-02	4.710202685320008075e-05	1.894692710055177710e-13	4.613674264429117608e-05
4.299999999999999822e+00	5.448021017052642443e-15	2.139105704808369446e-20	7.546608949171659486e-22	1.999034715972381436e-03	9.652840192323771819e-07	1.278869500255070557e-24	2.150863958433480525e-19	1.998902282189249942e-18	2.331667528242583734e-18	1.127495504901896272e-16	2.991807789046751403e-26	2.968093810583769679e-29	1.795386325716687159e-02	6.995289797314190039e-02	4.710202685773166636e-05	1.939891054543829905e-13	4.613674264439738724e-05
4.400000000000000355e+00	5.440604136426315875e-15	2.136193547971488952e-20	7.536530902921682196e-22	1.999034715972485519e-03	9.652840191395002310e-07	1.278869500132021277e-24	2.147935794014230810e-19	1.996180994996607194e-18	2.328492283824119132e-18	1.119767471704262803e-16	2.971317413779431956e-26	2.960017366638797614e-29	1.795386325716223294e-02	6.995289797313732072e-02	4.710202686226306224e-05	1.985089399028133142e-13	4.613674264450259551e-05
4.500000000000000000e+00	5.437014767817178782e-15	2.134784221751492963e-20	7.531653674248231946e-22	1.999034715972589603e-03	9.652840190466253976e-07	1.278869500008974753e-24	2.146518720991154707e-19	1.994864039349109110e-18	2.326955637460644558e-18	1.116027512032628034e-16	2.961401154990575433e-26	2.956112986540620468e-29	1.795386325715761858e-02	6.995289797313274105e-02	4.710202686679435647e-05	2.030287743508087420e-13	4.613674264460730233e-05
4.600000000000000533e+00	5.435277707278321662e-15	2.134102183980861855e-20	7.529293358996805797e-22	1.999034715972693686e-03	9.652840189537518349e-07	1.278869499885930249e-24	2.145832934186249538e-19	1.994226703946492356e-18	2.326211983617406561e-18	1.114217569910058894e-16	2.956602211673247855e-26	2.954224377153529221e-29	1.795386325715300421e-02	6.995289797312816138e-02	4.710202687132558294e-05	2.075486087983693245e-13	4.613674264471177876e-05
4.700000000000000178e+00	5.434437063492649853e-15	2.133772114417285650e-20	7.528151093482365464e-22	1.999034715972797770e-03	9.652840188608784838e-07	1.278869499762885745e-24	2.145501050291913849e-19	1.993918267922489693e-18	2.325852095191848532e-18	1.113341654165448035e-16	2.954279778289543147e-26	2.953310621241933376e-29	1.795386325714838985e-02	6.995289797312358171e-02	4.710202687585680263e-05	2.120684432454949859e-13	4.613674264481613322e-05
4.800000000000000711e+00	5.434030236977753595e-15	2.133612378447366795e-20	7.527598298223463245e-22	1.999034715972901853e-03	9.652840187680051328e-07	1.278869499639841242e-24	2.145340436283194772e-19	1.993769001425700313e-18	2.325677928491707819e-18	1.112917757596493917e-16	2.953155844225234503e-26	2.952868461728318235e-29	1.795386325714377548e-02	6.995289797311900204e-02	4.710202688038802232e-05	2.165882776921858523e-13	4.613674264492041992e-05
4.900000000000000355e+00	5.433833354596841958e-15	2.133535074739180508e-20	7.527330774738289795e-22	1.999034715973005936e-03	9.652840186751317818e-07	1.278869499516796738e-24	2.145262707650958953e-19	1.993696764385315869e-18	2.325593641078126560e-18	1.112712614243520171e-16	2.952611920024464852e-26	2.952654492637183810e-29	1.795386325713916112e-02	6.995289797311442237e-02	4.710202688491924201e-05	2.211081121384417724e-13	4.613674264502469984e-05
5.000000000000000000e+00	5.433738073850248808e-15	2.133497663798434985e-20	7.527201307401129078e-22	1.999034715973110020e-03	9.652840185822584308e-07	1.278869499393752418e-24	2.145225091069257216e-19	1.993661805446076555e-18	2.325552850390269054e-18	1.112613335776800543e-16	2.952348689654592997e-26	2.952550945525904333e-29	1.795386325713454675e-02	6.995289797310984270e-02	4.710202688945046171e-05	2.256279465842628472e-13	4.613674264512891877e-05
5.100000000000000533e+00	5.433691962850135310e-15	2.133479558819395788e-20	7.527138651841585984e-22	1.999034715973214103e-03	9.652840184893850798e-07	1.278869499270707546e-24	2.145206886570528801e-19	1.993644887110169084e-18	2.325533109786763013e-18	1.112565290259804645e-16	2.952221300104411832e-26	2.952500834718846588e-29	1.795386325712993239e-02	6.995289797310526303e-02	4.710202689398168140e-05	2.301477810296490766e-13	4.613674264523313771e-05
5.200000000000000178e+00	5.433669647343451601e-15	2.133470796879884333e-20	7.527108329562752660e-22	1.999034715973318187e-03	9.652840183965117287e-07	1.278869499147663043e-24	2.145198076468272021e-19	1.993636699448889255e-18	2.325523556283678831e-18	1.112542038750658755e-16	2.952159650246499631e-26	2.952476583646424549e-29	1.795386325712531803e-02	6.995289797310068336e-02	4.710202689851290109e-05	2.346676154746003848e-13	4.613674264533735664e-05
5.300000000000000711e+00	5.433658847565367218e-15	2.133466556464912730e-20	7.527093654838630384e-22	1.999034715973422270e-03	9.652840183036383777e-07	1.278869499024618906e-24	2.145193812744531224e-19	1.993632736960740647e-18	2.325518932784850073e-18	1.112530786212622598e-16	2.952129814876703045e-26	2.952464847172795195e-29	1.795386325712070366e-02	6.995289797309610369e-02	4.710202690304412078e-05	2.391874499191169487e-13	4.613674264544157557e-05
5.400000000000000355e+00	5.433653620768813967e-15	2.133464504220020318e-20	7.527086552673438493e-22	1.999034715973526354e-03	9.652840182107650267e-07	1.278869498901574219e-24	2.145191749218831872e-19	1.993630819224830838e-18	2.325516695137880620e-18	1.112525340531913877e-16	2.952115376009794705e-26	2.952459167049418832e-29	1.795386325711608930e-02	6.995289797309152402e-02	4.710202690757534047e-05	2.437072843631985157e-13	4.613674264554579451e-05
5.500000000000000000e+00	5.433651091025251014e-15	2.133463510943406083e-20	7.527083115259798216e-22	1.999034715973630437e-03	9.652840181178914639e-07	1.278869498778529531e-24	2.145190750482361523e-19	1.993629891049914553e-18	2.325515612127582633e-18	1.112522705058687097e-16	2.952108388224472703e-26	2.952456417900004576e-29	1.795386325711147493e-02	6.995289797308694435e-02	4.710202691210656017e-05	2.482271188068451869e-13	4.613674264565001344e-05
5.600000000000000533e+00	5.433649866498324020e-15	2.133463030145789401e-20	7.527081451372561027e-22	1.999034715973734520e-03	9.652840180250183247e-07	1.278869498655485395e-24	2.145190267041890063e-19	1.993629441764910332e-18	2.325515087894236166e-18	1.112521429577187338e-16	2.952105006368378021e-26	2.952455087169726919e-29	1.795386325710686057e-02	6.995289797308236468e-02	4.710202691663777986e-05	2.527469532500571136e-13	4.613674264575423238e-05
5.700000000000000178e+00	5.433649273617310226e-15	2.133462797357013524e-20	7.527080645764841061e-22	1.999034715973838604e-03	9.652840179321449737e-07	1.278869498532440891e-24	2.145190032973517604e-19	1.993629224233660719e-18	2.325514834075102571e-18	1.112520812257220447e-16	2.952103369584590580e-26	2.952454442868193626e-29	1.795386325710224620e-02	6.995289797307778501e-02	4.710202692116899955e-05	2.572667876928341445e-13	4.613674264585845131e-05
5.800000000000000711e+00	5.433648986417226122e-15	2.133462684590501778e-20	7.527080255515908677e-22	1.999034715973942687e-03	9.652840178392716226e-07	1.278869498409396387e-24	2.145189919587150301e-19	1.993629118858134067e-18	2.325514711121211568e-18	1.112520513450269328e-16	2.952102577317256968e-26	2.952454130759295446e-29	1.795386325709763184e-02	6.995289797307320534e-02	4.710202692570021924e-05	2.617866221351762796e-13	4.613674264596267024e-05
5.900000000000000355e+00	5.433648847175371175e-15	2.133462629918166385e-20	7.527080066312394834e-22	1.999034715974046771e-03	9.652840177463982716e-07	1.278869498286351883e-24	2.145189864614290451e-19	1.993629067769152211e-18	2.325514651509780937e-18	1.112520368788448946e-16	2.952102193755679602e-26	2.952453979441024130e-29	1.795386325709301747e-02	6.995289797306862567e-02	4.710202693023143893e-05	2.663064565770835188e-13	4.613674264606688918e-05
6.000000000000000000e+00	5.433648779522710431e-15	2.133462603354542904e-20	7.527079974384172861e-22	1.999034715974150854e-03	9.652840176535249206e-07	1.278869498163307196e-24	2.145189837904651870e-19	1.993629042946571085e-18	2.325514622546440416e-18	1.112520298726489210e-16	2.952102007990756469e-26	2.952453905920864360e-29	1.795386325708840311e-02	6.995289797306404600e-02	4.710202693476265863e-05	2.708262910185559126e-13	4.613674264617110811e-05
6.100000000000000533e+00	5.433648746491674913e-15	2.133462590384720680e-20	7.527079929499759548e-22	1.999034715974254937e-03	9.652840175606515696e-07	1.278869498040262875e-24	2.145189824863536956e-19	1.993629030826822597e-18	2.325514608404983176e-18	1.112520264763773563e-16	2.952101917940608363e-26	2.952453870025056041e-29	1.795386325708378875e-02	6.995289797305946633e-02	4.710202693929387832e-05	2.753461254595934610e-13	4.613674264627532705e-05
6.200000000000000178e+00	5.433648730235925895e-15	2.133462584001530417e-20	7.527079907409581006e-22	1.999034715974359021e-03	9.652840174677782186e-07	1.278869497917218372e-24	2.145189818445259860e-19	1.993629024862001855e-18	2.325514601445206225e-18	1.112520248272186689e-16	2.952101874214021932e-26	2.952453852359449063e-29	1.795386325707917438e-02	6.995289797305488666e-02	4.710202694382509801e-05	2.798659599001961136e-13	4.613674264637954598e-05
6.300000000000000711e+00	5.433648722129456338e-15	2.133462580818066020e-20	7.527079896392636361e-22	1.999034715974463104e-03	9.652840173749046558e-07	1.278869497794173868e-24	2.145189815244296163e-19	1.993629021887188893e-18	2.325514597974200909e-18	1.112520240236664126e-16	2.952101852908154681e-26	2.952453843549908810e-29	1.795386325707456002e-02	6.995289797305030699e-02	4.710202694835631770e-05	2.843857943403639208e-13	4.613674264648376491e-05
6.400000000000000355e+00	5.433648717933053954e-15	2.133462579169846146e-20	7.527079890688677917e-22	1.999034715974567188e-03	9.652840172820315165e-07	1.278869497671129548e-24	2.145189813587015872e-19	1.993629020346996909e-18	2.325514596177148803e-18	1.112520236293737888e-16	2.952101842453529478e-26	2.952453838989551674e-29	1.795386325706994565e-02	6.995289797304572732e-02	4.710202695288753739e-05	2.889056287800967816e-13	4.613674264658798385e-05
6.500000000000000000e+00	5.433648715598134538e-15	2.133462578252517288e-20	7.527079887514104019e-22	1.999034715974671271e-03	9.652840171891581655e-07	1.278869497548085044e-24	2.145189812664645410e-19	1.993629019489792839e-18	2.325514595177034183e-18	1.112520234329234124e-16	2.952101837244543798e-26	2.952453836452125817e-29	1.795386325706533129e-02	6.995289797304114765e-02	4.710202695741875709e-05	2.934254632193948980e-13	4.613674264669220278e-05
6.600000000000000533e+00	5.433648714209529508e-15	2.133462577706748163e-20	7.527079885625378001e-22	1.999034715974775354e-03	9.652840170962848145e-07	1.278869497425040540e-24	2.145189812115876469e-19	1.993629018979795419e-18	2.325514594582026601e-18	1.112520233321049426e-16	2.952101834571190694e-26	2.952453834943087119e-29	1.795386325706071692e-02	6.995289797303656798e-02	4.710202696194997678e-05	2.979452976582580681e-13	4.613674264679642171e-05
6.700000000000000178e+00	5.433648713268439747e-15	2.133462577336691557e-20	7.527079884344737091e-22	1.999034715974879438e-03	9.652840170034114635e-07	1.278869497301995852e-24	2.145189811743785359e-19	1.993629018633992772e-18	2.325514594178595893e-18	1.112520232776923249e-16	2.952101833128258177e-26	2.952453833920376900e-29	1.795386325705610256e-02	6.995289797303198831e-02	4.710202696648119647e-05	3.024651320966863424e-13	4.613674264690064065e-05
6.800000000000000711e+00	5.433648712548918138e-15	2.133462577053631314e-20	7.527079883365163794e-22	1.999034715974983521e-03	9.652840169105381125e-07	1.278869497178951532e-24	2.145189811459169024e-19	1.993629018369484783e-18	2.325514593870025323e-18	1.112520232458739901e-16	2.952101832284401318e-26	2.952453833138451797e-29	1.795386325705148819e-02	6.995289797302740864e-02	4.710202697101241616e-05	3.069849665346798217e-13	4.613674264700485958e-05
6.900000000000000355e+00	5.433648711930274483e-15	2.133462576810179024e-20	7.527079882522660662e-22	1.999034715975087605e-03	9.652840168176647614e-07	1.278869497055906845e-24	2.145189811214378273e-19	1.993629018141989315e-18	2.325514593604655288e-18	1.112520232250255550e-16	2.952101831731401250e-26	2.952453832466153074e-29	1.795386325704687383e-02	6.995289797302282897e-02	4.710202697554363585e-05	3.115048009722383547e-13	4.613674264710907852e-05
7.000000000000000000e+00	5.433648711368644962e-15	2.133462576589113261e-20	7.527079881757629190e-22	1.999034715975191688e-03	9.652840167247914104e-07	1.278869496932862341e-24	2.145189810992097309e-19	1.993629017935412529e-18	2.325514593363679852e-18	1.112520232094210481e-16	2.952101831317445289e-26	2.952453831855813605e-29	1.795386325704225947e-02	6.995289797301824930e-02	4.710202698007485555e-05	3.160246354093620424e-13	4.613674264721329745e-05
7.100000000000000533e+00	5.433648710832998941e-15	2.133462576378248909e-20	7.527079881027903926e-22	1.999034715975295771e-03	9.652840166319180594e-07	1.278869496809818021e-24	2.145189810780074570e-19	1.993629017738369481e-18	2.325514593133854394e-18	1.112520231965122515e-16	2.952101830974964322e-26	2.952453831273710859e-29	1.795386325703764510e-02	6.995289797301366963e-02	4.710202698460607524e-05	3.205444698460509351e-13	4.613674264731751638e-05
7.200000000000000178e+00	5.433648710305893128e-15	2.133462576170738083e-20	7.527079880309782202e-22	1.999034715975399855e-03	9.652840165390447084e-07	1.278869496686773517e-24	2.145189810571422931e-19	1.993629017544459150e-18	2.325514592907655463e-18	1.112520231847447641e-16	2.952101830662743724e-26	2.952453830700889194e-29	1.795386325703303074e-02	6.995289797300908996e-02	4.710202698913729493e-05	3.250643042823048310e-13	4.613674264742173532e-05
7.300000000000000711e+00	5.433648709777090475e-15	2.133462575962561607e-20	7.527079879589358390e-22	1.999034715975503938e-03	9.652840164461713574e-07	1.278869496563729013e-24	2.145189810362102513e-19	1.993629017349927900e-18	2.325514592680731227e-18	1.112520231735433090e-16	2.952101830365526176e-26	2.952453830126224541e-29	1.795386325702841637e-02	6.995289797300451029e-02	4.710202699366851462e-05	3.295841387181239825e-13	4.613674264752595425e-05
7.400000000000000355e+00	5.433648709242272758e-15	2.133462575752023158e-20	7.527079878860758779e-22	1.999034715975608022e-03	9.652840163532980063e-07	1.278869496440684693e-24	2.145189810150405979e-19	1.993629017153187608e-18	2.325514592451258600e-18	1.112520231624664447e-16	2.952101830071608392e-26	2.952453829545021990e-29	1.795386325702380201e-02	6.995289797299993062e-02	4.710202699819973431e-05	3.341039731535081876e-13	4.613674264763017319e-05
7.500000000000000000e+00	5.433648708733745408e-15	2.133462575551807093e-20	7.527079878167881972e-22	1.999034715975712105e-03	9.652840162604246553e-07	1.278869496317640189e-24	2.145189809949089485e-19	1.993629016966094684e-18	2.325514592233012604e-18	1.112520231516380962e-16	2.952101829784292433e-26	2.952453828992389673e-29	1.795386325701918764e-02	6.995289797299535095e-02	4.710202700273095401e-05	3.386238075884574969e-13	4.613674264773439212e-05
7.600000000000000533e+00	5.433648708204909624e-15	2.133462575343617075e-20	7.527079877447412080e-22	1.999034715975816189e-03	9.652840161675513043e-07	1.278869496194595502e-24	2.145189809739755344e-19	1.993629016771550337e-18	2.325514592006075271e-18	1.112520231408489442e-16	2.952101829498005031e-26	2.952453828417688026e-29	1.795386325701457328e-02	6.995289797299077128e-02	4.710202700726217370e-05	3.431436420229720113e-13	4.613674264783861105e-05
7.700000000000000178e+00	5.433648707672434824e-15	2.133462575133998559e-20	7.527079876721994768e-22	1.999034715975920272e-03	9.652840160746777415e-07	1.278869496071550998e-24	2.145189809528984219e-19	1.993629016575670551e-18	2.325514591777608365e-18	1.112520231300606550e-16	2.952101829211738293e-26	2.952453827839031914e-29	1.795386325700995891e-02	6.995289797298619161e-02	4.710202701179339339e-05	3.476634764570516804e-13	4.613674264794282999e-05
7.800000000000000711e+00	5.433648707151347231e-15	2.133462574928850908e-20	7.527079876012051664e-22	1.999034715976024355e-03	9.652840159818043905e-07	1.278869495948506494e-24	2.145189809322708937e-19	1.993629016383969262e-18	2.325514591553980935e-18	1.112520231192090597e-16	2.952101828923799574e-26	2.952453827272750950e-29	1.795386325700534455e-02	6.995289797298161194e-02	4.710202701632461308e-05	3.521833108906964030e-13	4.613674264804704892e-05
7.900000000000000355e+00	5.433648706638251587e-15	2.133462574726840718e-20	7.527079875312966365e-22	1.999034715976128439e-03	9.652840158889312513e-07	1.278869495825462174e-24	2.145189809119588569e-19	1.993629016195199239e-18	2.325514591333788594e-18	1.112520231085017767e-16	2.952101828639690969e-26	2.952453826715154672e-29	1.795386325700073019e-02	6.995289797297703227e-02	4.710202702085583277e-05	3.567031453239062804e-13	4.613674264815126785e-05
8.000000000000000000e+00	5.433648706127303224e-15	2.133462574525674627e-20	7.527079874616801935e-22	1.999034715976232522e-03	9.652840157960579002e-07	1.278869495702417670e-24	2.145189808917316813e-19	1.993629016007218461e-18	2.325514591114524551e-18	1.112520230979737377e-16	2.952101828360335425e-26	2.952453826159891277e-29	1.795386325699611582e-02	6.995289797297245260e-02	4.710202702538705247e-05	3.612229797566813123e-13	4.613674264825548679e-05
8.099999999999999645e+00	5.433648705608016600e-15	2.133462574321233854e-20	7.527079873909304799e-22	1.999034715976336606e-03	9.652840157031843375e-07	1.278869495579372982e-24	2.145189808711751959e-19	1.993629015816176996e-18	2.325514590891674427e-18	1.112520230873860903e-16	2.952101828079394572e-26	2.952453825595567086e-29	1.795386325699150146e-02	6.995289797296787293e-02	4.710202702991827216e-05	3.657428141890213979e-13	4.613674264835970572e-05
8.200000000000001066e+00	5.433648705083961312e-15	2.133462574114921317e-20	7.527079873195332100e-22	1.999034715976440689e-03	9.652840156103111982e-07	1.278869495456328846e-24	2.145189808504304989e-19	1.993629015623386016e-18	2.325514590666807084e-18	1.112520230767324499e-16	2.952101827796700808e-26	2.952453825026060893e-29	1.795386325698688709e-02	6.995289797296329326e-02	4.710202703444949185e-05	3.702626486209267895e-13	4.613674264846392466e-05
8.300000000000000711e+00	5.433648704553935137e-15	2.133462573906263960e-20	7.527079872473243788e-22	1.999034715976544772e-03	9.652840155174376354e-07	1.278869495333284158e-24	2.145189808294500681e-19	1.993629015428405253e-18	2.325514590439363617e-18	1.112520230659645971e-16	2.952101827510978768e-26	2.952453824450066127e-29	1.795386325698227273e-02	6.995289797295871359e-02	4.710202703898071154e-05	3.747824830523971339e-13	4.613674264856814359e-05
8.400000000000000355e+00	5.433648704023075924e-15	2.133462573697279496e-20	7.527079871750022299e-22	1.999034715976648856e-03	9.652840154245642844e-07	1.278869495210239655e-24	2.145189808084367520e-19	1.993629015233118653e-18	2.325514590211578104e-18	1.112520230550513721e-16	2.952101827221401360e-26	2.952453823873165562e-29	1.795386325697765836e-02	6.995289797295413392e-02	4.710202704351193123e-05	3.793023174834326329e-13	4.613674264867236252e-05
8.500000000000000000e+00	5.433648703500213394e-15	2.133462573491435201e-20	7.527079871037668021e-22	1.999034715976752939e-03	9.652840153316911451e-07	1.278869495087195334e-24	2.145189807877391681e-19	1.993629015040765245e-18	2.325514589987199562e-18	1.112520230442172057e-16	2.952101826933922966e-26	2.952453823304955290e-29	1.795386325697304400e-02	6.995289797294955425e-02	4.710202704804315093e-05	3.838221519140333369e-13	4.613674264877658146e-05
8.599999999999999645e+00	5.433648703004031717e-15	2.133462573296066159e-20	7.527079870361565988e-22	1.999034715976857023e-03	9.652840152388175824e-07	1.278869494964150463e-24	2.145189807680949474e-19	1.993629014858201723e-18	2.325514589774241784e-18	1.112520230336491320e-16	2.952101826653514184e-26	2.952453822765740686e-29	1.795386325696842963e-02	6.995289797294497458e-02	4.710202705257437062e-05	3.883419863441990947e-13	4.613674264888080039e-05
8.700000000000001066e+00	5.433648702475684237e-15	2.133462573088068132e-20	7.527079869641757194e-22	1.999034715976961106e-03	9.652840151459442314e-07	1.278869494841106143e-24	2.145189807471807686e-19	1.993629014663836873e-18	2.325514589547535178e-18	1.112520230231183813e-16	2.952101826374077137e-26	2.952453822191568729e-29	1.795386325696381527e-02	6.995289797294039491e-02	4.710202705710559031e-05	3.928618207739301080e-13	4.613674264898501932e-05
8.800000000000000711e+00	5.433648701954284255e-15	2.133462572882797704e-20	7.527079868931389031e-22	1.999034715977065189e-03	9.652840150530710921e-07	1.278869494718061823e-24	2.145189807265408904e-19	1.993629014472020028e-18	2.325514589323783719e-18	1.112520230124230791e-16	2.952101826090280773e-26	2.952453821624947530e-29	1.795386325695920091e-02	6.995289797293581524e-02	4.710202706163681000e-05	3.973816552032261750e-13	4.613674264908923826e-05
8.900000000000000355e+00	5.433648701431219777e-15	2.133462572676873964e-20	7.527079868218760157e-22	1.999034715977169273e-03	9.652840149601975293e-07	1.278869494595016952e-24	2.145189807058353379e-19	1.993629014279593434e-18	2.325514589099313887e-18	1.112520230017138485e-16	2.952101825806115345e-26	2.952453821056516973e-29	1.795386325695458654e-02	6.995289797293123557e-02	4.710202706616802969e-05	4.019014896320873461e-13	4.613674264919345719e-05
9.000000000000000000e+00	5.433648700902211232e-15	2.133462572468615937e-20	7.527079867498055167e-22	1.999034715977273356e-03	9.652840148673243901e-07	1.278869494471972999e-24	2.145189806848950868e-19	1.993629014084985532e-18	2.325514588872328406e-18	1.112520229909521341e-16	2.952101825520555165e-26	2.952453820481629234e-29	1.795386325694997218e-02	6.995289797292665590e-02	4.710202707069924939e-05	4.064213240605136214e-13	4.613674264929767613e-05
9.099999999999999645e+00	5.433648700385264370e-15	2.133462572265093892e-20	7.527079866793737508e-22	1.999034715977377440e-03	9.652840147744510390e-07	1.278869494348928312e-24	2.145189806644309978e-19	1.993629013894802646e-18	2.325514588650478225e-18	1.112520229801663594e-16	2.952101825234363617e-26	2.952453819919846437e-29	1.795386325694535781e-02	6.995289797292207623e-02	4.710202707523046908e-05	4.109411584885051018e-13	4.613674264940189506e-05
9.200000000000001066e+00	5.433648699862354508e-15	2.133462572059230939e-20	7.527079866081320223e-22	1.999034715977481523e-03	9.652840146815774763e-07	1.278869494225883624e-24	2.145189806437315602e-19	1.993629013702432674e-18	2.325514588426081579e-18	1.112520229694635384e-16	2.952101824950366937e-26	2.952453819351585158e-29	1.795386325694074345e-02	6.995289797291749656e-02	4.710202707976168877e-05	4.154609929160616863e-13	4.613674264950611399e-05
9.300000000000000711e+00	5.433648699339002095e-15	2.133462571853194653e-20	7.527079865368300144e-22	1.999034715977585606e-03	9.652840145887043370e-07	1.278869494102839304e-24	2.145189806230146688e-19	1.993629013509900539e-18	2.325514588201511984e-18	1.112520229587080609e-16	2.952101824664976079e-26	2.952453818782842953e-29	1.795386325693612908e-02	6.995289797291291689e-02	4.710202708429290846e-05	4.199808273431834254e-13	4.613674264961033293e-05
9.400000000000000355e+00	5.433648698823886968e-15	2.133462571650392123e-20	7.527079864666473593e-22	1.999034715977689690e-03	9.652840144958307742e-07	1.278869493979794800e-24	2.145189806026228744e-19	1.993629013320390188e-18	2.325514587980442960e-18	1.112520229480331951e-16	2.952101824381724988e-26	2.952453818223053363e-29	1.795386325693151472e-02	6.995289797290833722e-02	4.710202708882412815e-05	4.245006617698702687e-13	4.613674264971455186e-05
9.500000000000000000e+00	5.433648698301814877e-15	2.133462571444857181e-20	7.527079863955190425e-22	1.999034715977793773e-03	9.652840144029574232e-07	1.278869493856749929e-24	2.145189805819564665e-19	1.993629013128326825e-18	2.325514587756406078e-18	1.112520229372991895e-16	2.952101824096902937e-26	2.952453817655700125e-29	1.795386325692690035e-02	6.995289797290375755e-02	4.710202709335534785e-05	4.290204961961221656e-13	4.613674264981877080e-05
9.600000000000001421e+00	5.433648697762277405e-15	2.133462571232465626e-20	7.527079863220176377e-22	1.999034715977897857e-03	9.652840143100842839e-07	1.278869493733705976e-24	2.145189805606005034e-19	1.993629012929855892e-18	2.325514587524913536e-18	1.112520229265630637e-16	2.952101823812015452e-26	2.952453817069369382e-29	1.795386325692228599e-02	6.995289797289917788e-02	4.710202709788656754e-05	4.335403306219393686e-13	4.613674264992298973e-05
9.700000000000001066e+00	5.433648697250347698e-15	2.133462571030914049e-20	7.527079862522679406e-22	1.999034715978001940e-03	9.652840142172109329e-07	1.278869493610661472e-24	2.145189805403345444e-19	1.993629012741514195e-18	2.325514587305210766e-18	1.112520229157340742e-16	2.952101823524681700e-26	2.952453816513039879e-29	1.795386325691767163e-02	6.995289797289459821e-02	4.710202710241778723e-05	4.380601650473216253e-13	4.613674265002720866e-05
9.800000000000000711e+00	5.433648696718403013e-15	2.133462570821503473e-20	7.527079861797983377e-22	1.999034715978106024e-03	9.652840141243373702e-07	1.278869493487616785e-24	2.145189805192784005e-19	1.993629012545829313e-18	2.325514587076963801e-18	1.112520229049881124e-16	2.952101823239537650e-26	2.952453815934959981e-29	1.795386325691305726e-02	6.995289797289001854e-02	4.710202710694900692e-05	4.425799994722689356e-13	4.613674265013142760e-05
9.900000000000000355e+00	5.433648696212417373e-15	2.133462570622285279e-20	7.527079861108561583e-22	1.999034715978210107e-03	9.652840140314640191e-07	1.278869493364572281e-24	2.145189804992471402e-19	1.993629012359668539e-18	2.325514586859804415e-18	1.112520228943075767e-16	2.952101822956141345e-26	2.952453815385091024e-29	1.795386325690844290e-02	6.995289797288543887e-02	4.710202711148022661e-05	4.470998338967814006e-13	4.613674265023564653e-05
1.000000000000000000e+01	5.433648695700206832e-15	2.133462570420622659e-20	7.527079860410679051e-22	1.999034715978314190e-03	9.652840139385906681e-07	1.278869493241527961e-24	2.145189804789700108e-19	1.993629012171223998e-18	2.325514586639985704e-18	1.112520228837066173e-16	2.952101822674850942e-26	2.952453814828455477e-29	1.795386325690382853e-02	6.995289797288085920e-02	4.710202711601144631e-05	4.516196683208590706e-13	4.613674265033986546e-05
1.010000000000000142e+01	5.433648695169023397e-15	2.133462570211510904e-20	7.527079859687016516e-22	1.999034715978418274e-03	9.652840138457175289e-07	1.278869493118483641e-24	2.145189804579439114e-19	1.993629011975817605e-18	2.325514586412074621e-18	1.112520228730534452e-16	2.952101822392167509e-26	2.952453814251202346e-29	1.795386325689921417e-02	6.995289797287627953e-02	4.710202712054266600e-05	4.561395027445017943e-13	4.613674265044408440e-05
1.020000000000000107e+01	5.433648694650196679e-15	2.133462570007250987e-20	7.527079858980146624e-22	1.999034715978522357e-03	9.652840137528439661e-07	1.278869492995438769e-24	2.145189804374056500e-19	1.993629011784946007e-18	2.325514586189415934e-18	1.112520228623753254e-16	2.952101822108828601e-26	2.952453813687377577e-29	1.795386325689459980e-02	6.995289797287169986e-02	4.710202712507388569e-05	4.606593371677097736e-13	4.613674265054830333e-05
1.030000000000000071e+01	5.433648694125678330e-15	2.133462569800756389e-20	7.527079858265541979e-22	1.999034715978626441e-03	9.652840136599706151e-07	1.278869492872394449e-24	2.145189804166426567e-19	1.993629011591985545e-18	2.325514585964326724e-18	1.112520228515776192e-16	2.952101821822316776e-26	2.952453813117369159e-29	1.795386325688998544e-02	6.995289797286712019e-02	4.710202712960510538e-05	4.651791715904828571e-13	4.613674265065252227e-05
1.040000000000000036e+01	5.433648693614263750e-15	2.133462569599407034e-20	7.527079857568744663e-22	1.999034715978730524e-03	9.652840135670972640e-07	1.278869492749349945e-24	2.145189803963970645e-19	1.993629011403833360e-18	2.325514585744872014e-18	1.112520228409352939e-16	2.952101821539931235e-26	2.952453812561600175e-29	1.795386325688537107e-02	6.995289797286254052e-02	4.710202713413632507e-05	4.696990060128209437e-13	4.613674265075674120e-05
1.050000000000000000e+01	5.433648693097368163e-15	2.133462569395905452e-20	7.527079856864496594e-22	1.999034715978834607e-03	9.652840134742239130e-07	1.278869492626305625e-24	2.145189803759350218e-19	1.993629011213669733e-18	2.325514585523040322e-18	1.112520228302821958e-16	2.952101821257255838e-26	2.952453811999873991e-29	1.795386325688075671e-02	6.995289797285796085e-02	4.710202713866754477e-05	4.742188404347242354e-13	4.613674265086096013e-05
1.060000000000000142e+01	5.433648692571872416e-15	2.133462569189026571e-20	7.527079856148562229e-22	1.999034715978938691e-03	9.652840133813503502e-07	1.278869492503260570e-24	2.145189803551334136e-19	1.993629011020350278e-18	2.325514585297543199e-18	1.112520228196034350e-16	2.952101820973896841e-26	2.952453811428802267e-29	1.795386325687614235e-02	6.995289797285338118e-02	4.710202714319876446e-05	4.787386748561927323e-13	4.613674265096517907e-05
1.070000000000000107e+01	5.433648692033053596e-15	2.133462568976916985e-20	7.527079855414526193e-22	1.999034715979042774e-03	9.652840132884772110e-07	1.278869492380216618e-24	2.145189803338058820e-19	1.993629010822143198e-18	2.325514585066346480e-18	1.112520228087044341e-16	2.952101820684691940e-26	2.952453810843251207e-29	1.795386325687152798e-02	6.995289797284880151e-02	4.710202714772998415e-05	4.832585092772261313e-13	4.613674265106939800e-05
1.080000000000000071e+01	5.433648691499449936e-15	2.133462568766855204e-20	7.527079854687577917e-22	1.999034715979146858e-03	9.652840131956038600e-07	1.278869492257171930e-24	2.145189803126842083e-19	1.993629010625849337e-18	2.325514584837374595e-18	1.112520227978384915e-16	2.952101820396365790e-26	2.952453810263368679e-29	1.795386325686691362e-02	6.995289797284422184e-02	4.710202715226120384e-05	4.877783436978248364e-13	4.613674265117361694e-05
1.090000000000000036e+01	5.433648690982968502e-15	2.133462568563515822e-20	7.527079853983892204e-22	1.999034715979250941e-03	9.652840131027305090e-07	1.278869492134127426e-24	2.145189802922385120e-19	1.993629010435837088e-18	2.325514584615744740e-18	1.112520227871119060e-16	2.952101820111744629e-26	2.952453809702092592e-29	1.795386325686229925e-02	6.995289797283964217e-02	4.710202715679242353e-05	4.922981781179886456e-13	4.613674265127783587e-05
1.100000000000000000e+01	5.433648690473349369e-15	2.133462568362871236e-20	7.527079853289534273e-22	1.999034715979355024e-03	9.652840130098571579e-07	1.278869492011083106e-24	2.145189802720637699e-19	1.993629010248343571e-18	2.325514584397033439e-18	1.112520227764041300e-16	2.952101819827625119e-26	2.952453809148274776e-29	1.795386325685768489e-02	6.995289797283506250e-02	4.710202716132364323e-05	4.968180125377175590e-13	4.613674265138205480e-05
1.110000000000000142e+01	5.433648689962153303e-15	2.133462568161607946e-20	7.527079852593031301e-22	1.999034715979459108e-03	9.652840129169838069e-07	1.278869491888038419e-24	2.145189802518267480e-19	1.993629010060271119e-18	2.325514584177642670e-18	1.112520227658494422e-16	2.952101819547561868e-26	2.952453808592742331e-29	1.795386325685307052e-02	6.995289797283048283e-02	4.710202716585486292e-05	5.013378469570116775e-13	4.613674265148627374e-05
1.120000000000000107e+01	5.433648689428197811e-15	2.133462567951407438e-20	7.527079851865603423e-22	1.999034715979563191e-03	9.652840128241104559e-07	1.278869491764994098e-24	2.145189802306911836e-19	1.993629009863848606e-18	2.325514583948540592e-18	1.112520227551578131e-16	2.952101819263856766e-26	2.952453808012476969e-29	1.795386325684845616e-02	6.995289797282590316e-02	4.710202717038608261e-05	5.058576813758710012e-13	4.613674265159049267e-05
1.130000000000000071e+01	5.433648688903430970e-15	2.133462567744815340e-20	7.527079851150662117e-22	1.999034715979667275e-03	9.652840127312371049e-07	1.278869491641949595e-24	2.145189802099184161e-19	1.993629009670796855e-18	2.325514583723351619e-18	1.112520227444719280e-16	2.952101818980308931e-26	2.952453807442197819e-29	1.795386325684384179e-02	6.995289797282132349e-02	4.710202717491730230e-05	5.103775157942952270e-13	4.613674265169471160e-05
1.140000000000000036e+01	5.433648688377450862e-15	2.133462567537746575e-20	7.527079850434069476e-22	1.999034715979771358e-03	9.652840126383637539e-07	1.278869491518905091e-24	2.145189801890977171e-19	1.993629009477299829e-18	2.325514583497631473e-18	1.112520227335835274e-16	2.952101818691392165e-26	2.952453806870599208e-29	1.795386325683922743e-02	6.995289797281674382e-02	4.710202717944852199e-05	5.148973502122846579e-13	4.613674265179893054e-05
1.150000000000000000e+01	5.433648687863195594e-15	2.133462567335281685e-20	7.527079849733409015e-22	1.999034715979875441e-03	9.652840125454904028e-07	1.278869491395860771e-24	2.145189801687399636e-19	1.993629009288105331e-18	2.325514583276961502e-18	1.112520227228947333e-16	2.952101818407773158e-26	2.952453806311742883e-29	1.795386325683461307e-02	6.995289797281216415e-02	4.710202718397974169e-05	5.194171846298392939e-13	4.613674265190314947e-05
1.160000000000000142e+01	5.433648687328828316e-15	2.133462567124919880e-20	7.527079849005423483e-22	1.999034715979979525e-03	9.652840124526170518e-07	1.278869491272816083e-24	2.145189801475881009e-19	1.993629009091531054e-18	2.325514583047652579e-18	1.112520227121051376e-16	2.952101818121470833e-26	2.952453805731029665e-29	1.795386325682999870e-02	6.995289797280758448e-02	4.710202718851096138e-05	5.239370190469589331e-13	4.613674265200736841e-05
1.170000000000000107e+01	5.433648686804585279e-15	2.133462566918533616e-20	7.527079848291192175e-22	1.999034715980083608e-03	9.652840123597439126e-07	1.278869491149771763e-24	2.145189801268360132e-19	1.993629008898671511e-18	2.325514582822706658e-18	1.112520227013077519e-16	2.952101817834967618e-26	2.952453805161318883e-29	1.795386325682538434e-02	6.995289797280300481e-02	4.710202719304218107e-05	5.284568534636437774e-13	4.613674265211158734e-05
1.180000000000000071e+01	5.433648686291213535e-15	2.133462566716414792e-20	7.527079847591733539e-22	1.999034715980187692e-03	9.652840122668703498e-07	1.278869491026727075e-24	2.145189801065130948e-19	1.993629008709800954e-18	2.325514582602389517e-18	1.112520226905545917e-16	2.952101817549642193e-26	2.952453804603423288e-29	1.795386325682076997e-02	6.995289797279842514e-02	4.710202719757340076e-05	5.329766878798938268e-13	4.613674265221580627e-05
1.190000000000000036e+01	5.433648685774975070e-15	2.133462566513171405e-20	7.527079846888379786e-22	1.999034715980291775e-03	9.652840121739967870e-07	1.278869490903682388e-24	2.145189800860769800e-19	1.993629008519878454e-18	2.325514582380839395e-18	1.112520226799237295e-16	2.952101817267557413e-26	2.952453804042411206e-29	1.795386325681615561e-02	6.995289797279384547e-02	4.710202720210462045e-05	5.374965222957088794e-13	4.613674265232002521e-05
1.200000000000000000e+01	5.433648685267750919e-15	2.133462566313467215e-20	7.527079846197274684e-22	1.999034715980395858e-03	9.652840120811238595e-07	1.278869490780638435e-24	2.145189800659968492e-19	1.993629008333263546e-18	2.325514582163181963e-18	1.112520226694157325e-16	2.952101816988735089e-26	2.952453803491196442e-29	1.795386325681154124e-02	6.995289797278926580e-02	4.710202720663584015e-05	5.420163567110891371e-13	4.613674265242424414e-05
1.210000000000000142e+01	5.433648684741854430e-15	2.133462566106431551e-20	7.527079845480798652e-22	1.999034715980499942e-03	9.652840119882502967e-07	1.278869490657593564e-24	2.145189800451794243e-19	1.993629008139797335e-18	2.325514581937500337e-18	1.112520226588152908e-16	2.952101816707451574e-26	2.952453802919689195e-29	1.795386325680692688e-02	6.995289797278468613e-02	4.710202721116705984e-05	5.465361911260347009e-13	4.613674265252846308e-05
1.220000000000000107e+01	5.433648684212210851e-15	2.133462565897924357e-20	7.527079844759228497e-22	1.999034715980604025e-03	9.652840118953767340e-07	1.278869490534549060e-24	2.145189800242141120e-19	1.993629007944956395e-18	2.325514581710237522e-18	1.112520226480459097e-16	2.952101816421687635e-26	2.952453802344109214e-29	1.795386325680231251e-02	6.995289797278010646e-02	4.710202721569827953e-05	5.510560255405450659e-13	4.613674265263268201e-05
1.230000000000000071e+01	5.433648683689185816e-15	2.133462565692015363e-20	7.527079844046650405e-22	1.999034715980708109e-03	9.652840118025035947e-07	1.278869490411504740e-24	2.145189800035100281e-19	1.993629007752544053e-18	2.325514581485792342e-18	1.112520226372543664e-16	2.952101816135340540e-26	2.952453801775721817e-29	1.795386325679769815e-02	6.995289797277552679e-02	4.710202722022949922e-05	5.555758599546207370e-13	4.613674265273690094e-05
1.240000000000000036e+01	5.433648683182168346e-15	2.133462565492392724e-20	7.527079843355828361e-22	1.999034715980812192e-03	9.652840117096302437e-07	1.278869490288460236e-24	2.145189799834380103e-19	1.993629007566004256e-18	2.325514581268190377e-18	1.112520226265644137e-16	2.952101815851694556e-26	2.952453801224731822e-29	1.795386325679308379e-02	6.995289797277094712e-02	4.710202722476071891e-05	5.600956943682616132e-13	4.613674265284111988e-05
1.250000000000000000e+01	5.433648682653397248e-15	2.133462565284227984e-20	7.527079842635442165e-22	1.999034715980916276e-03	9.652840116167568927e-07	1.278869490165415732e-24	2.145189799625071721e-19	1.993629007371484176e-18	2.325514581041306585e-18	1.112520226159485153e-16	2.952101815569998930e-26	2.952453800650100239e-29	1.795386325678846942e-02	6.995289797276636745e-02	4.710202722929193861e-05	5.646155287814672906e-13	4.613674265294533881e-05
1.260000000000000142e+01	5.433648682119616094e-15	2.133462565074096087e-20	7.527079841908253148e-22	1.999034715981020359e-03	9.652840115238837534e-07	1.278869490042371596e-24	2.145189799413784929e-19	1.993629007175124833e-18	2.325514580812249574e-18	1.112520226051370780e-16	2.952101815283118615e-26	2.952453800070023211e-29	1.795386325678385506e-02	6.995289797276178778e-02	4.710202723382315830e-05	5.691353631942383751e-13	4.613674265304955774e-05
1.270000000000000107e+01	5.433648681597681264e-15	2.133462564868616214e-20	7.527079841197158059e-22	1.999034715981124442e-03	9.652840114310099789e-07	1.278869489919326725e-24	2.145189799207175016e-19	1.993629006983111929e-18	2.325514580588268929e-18	1.112520225943201433e-16	2.952101814996098251e-26	2.952453799502821313e-29	1.795386325677924069e-02	6.995289797275720811e-02	4.710202723835437799e-05	5.736551976065747656e-13	4.613674265315377668e-05
1.280000000000000071e+01	5.433648681087696100e-15	2.133462564667827786e-20	7.527079840502301719e-22	1.999034715981228526e-03	9.652840113381368396e-07	1.278869489796282404e-24	2.145189799005283150e-19	1.993629006795484367e-18	2.325514580369424739e-18	1.112520225836632980e-16	2.952101814713328149e-26	2.952453798948605529e-29	1.795386325677462633e-02	6.995289797275262844e-02	4.710202724288559768e-05	5.781750320184758564e-13	4.613674265325799561e-05
1.290000000000000036e+01	5.433648680572568351e-15	2.133462564465019539e-20	7.527079839800455419e-22	1.999034715981332609e-03	9.652840112452634886e-07	1.278869489673238084e-24	2.145189798801360873e-19	1.993629006605969394e-18	2.325514580148350322e-18	1.112520225729989833e-16	2.952101814430357156e-26	2.952453798388800805e-29	1.795386325677001196e-02	6.995289797274804877e-02	4.710202724741681737e-05	5.826948664299422533e-13	4.613674265336221455e-05
1.300000000000000000e+01	5.433648680068257463e-15	2.133462564266459171e-20	7.527079839113307501e-22	1.999034715981436693e-03	9.652840111523899258e-07	1.278869489550193029e-24	2.145189798601708382e-19	1.993629006420422992e-18	2.325514579931912389e-18	1.112520225625108557e-16	2.952101814152062887e-26	2.952453797840751294e-29	1.795386325676539760e-02	6.995289797274346910e-02	4.710202725194803707e-05	5.872147008409739563e-13	4.613674265346643348e-05
1.310000000000000142e+01	5.433648679543924496e-15	2.133462564060037698e-20	7.527079838398956763e-22	1.999034715981540776e-03	9.652840110595167866e-07	1.278869489427148893e-24	2.145189798394152357e-19	1.993629006227531093e-18	2.325514579706927179e-18	1.112520225519557982e-16	2.952101813871983564e-26	2.952453797270944102e-29	1.795386325676078323e-02	6.995289797273888943e-02	4.710202725647925676e-05	5.917345352515705615e-13	4.613674265357065241e-05
1.320000000000000107e+01	5.433648679015474464e-15	2.133462563851999347e-20	7.527079837679010672e-22	1.999034715981644859e-03	9.652840109666434355e-07	1.278869489304104389e-24	2.145189798184970365e-19	1.993629006033128109e-18	2.325514579480150854e-18	1.112520225411570812e-16	2.952101813585443041e-26	2.952453796696661723e-29	1.795386325675616887e-02	6.995289797273430976e-02	4.710202726101047645e-05	5.962543696617323717e-13	4.613674265367487135e-05
1.330000000000000071e+01	5.433648678496263571e-15	2.133462563647588666e-20	7.527079836971617920e-22	1.999034715981748943e-03	9.652840108737698728e-07	1.278869489181059885e-24	2.145189797979435843e-19	1.993629005842114763e-18	2.325514579257338863e-18	1.112520225304191313e-16	2.952101813300517675e-26	2.952453796132418807e-29	1.795386325675155451e-02	6.995289797272973009e-02	4.710202726554169614e-05	6.007742040714594881e-13	4.613674265377909028e-05
1.340000000000000036e+01	5.433648677975269853e-15	2.133462563442477729e-20	7.527079836261801769e-22	1.999034715981853026e-03	9.652840107808969453e-07	1.278869489058015565e-24	2.145189797773197876e-19	1.993629005650447755e-18	2.325514579033781152e-18	1.112520225197463855e-16	2.952101813017320537e-26	2.952453795566240418e-29	1.795386325674694014e-02	6.995289797272515042e-02	4.710202727007291583e-05	6.052940384807514057e-13	4.613674265388330921e-05
1.350000000000000000e+01	5.433648677451274519e-15	2.133462563236188664e-20	7.527079835547908063e-22	1.999034715981957110e-03	9.652840106880233825e-07	1.278869488934970878e-24	2.145189797565774258e-19	1.993629005457679116e-18	2.325514578808933453e-18	1.112520225090561370e-16	2.952101812733656761e-26	2.952453794996799245e-29	1.795386325674232578e-02	6.995289797272057075e-02	4.710202727460413553e-05	6.098138728896086294e-13	4.613674265398752815e-05
1.360000000000000142e+01	5.433648676918057400e-15	2.133462563026278250e-20	7.527079834821481706e-22	1.999034715982061193e-03	9.652840105951500315e-07	1.278869488811926557e-24	2.145189797354710392e-19	1.993629005261527003e-18	2.325514578580128739e-18	1.112520224982159556e-16	2.952101812446014786e-26	2.952453794417334865e-29	1.795386325673771141e-02	6.995289797271599108e-02	4.710202727913535522e-05	6.143337072980311591e-13	4.613674265409174708e-05
1.370000000000000107e+01	5.433648676397396581e-15	2.133462562821297915e-20	7.527079834112117885e-22	1.999034715982165276e-03	9.652840105022766804e-07	1.278869488688882054e-24	2.145189797148602906e-19	1.993629005069981715e-18	2.325514578356692747e-18	1.112520224874765018e-16	2.952101812161049241e-26	2.952453793851517450e-29	1.795386325673309705e-02	6.995289797271141141e-02	4.710202728366657491e-05	6.188535417060184901e-13	4.613674265419596602e-05
1.380000000000000071e+01	5.433648675856723150e-15	2.133462562608460688e-20	7.527079833375565350e-22	1.999034715982269360e-03	9.652840104094031177e-07	1.278869488565837366e-24	2.145189796934595737e-19	1.993629004871094396e-18	2.325514578124685981e-18	1.112520224765064295e-16	2.952101811869959417e-26	2.952453793263951883e-29	1.795386325672848268e-02	6.995289797270683174e-02	4.710202728819779460e-05	6.233733761135710262e-13	4.613674265430018495e-05
1.390000000000000036e+01	5.433648675344264117e-15	2.133462562406700568e-20	7.527079832677345215e-22	1.999034715982373443e-03	9.652840103165299784e-07	1.278869488442792862e-24	2.145189796731726703e-19	1.993629004682558180e-18	2.325514577904780989e-18	1.112520224657812738e-16	2.952101811585377285e-26	2.952453792707047847e-29	1.795386325672386832e-02	6.995289797270225207e-02	4.710202729272901429e-05	6.278932105206888683e-13	4.613674265440440388e-05
1.400000000000000000e+01	5.433648674827453728e-15	2.133462562203232389e-20	7.527079831973215636e-22	1.999034715982477527e-03	9.652840102236566274e-07	1.278869488319748542e-24	2.145189796527140461e-19	1.993629004492426139e-18	2.325514577682988586e-18	1.112520224550254759e-16	2.952101811299979540e-26	2.952453792145415270e-29	1.795386325671925395e-02	6.995289797269767240e-02	4.710202729726023399e-05	6.324130449273716127e-13	4.613674265450862282e-05
1.410000000000000142e+01	5.433648674305208087e-15	2.133462561997630039e-20	7.527079831261695488e-22	1.999034715982581610e-03	9.652840101307830646e-07	1.278869488196703855e-24	2.145189796320407530e-19	1.993629004300299220e-18	2.325514577458871585e-18	1.112520224443036482e-16	2.952101811015480634e-26	2.952453791577874258e-29	1.795386325671463959e-02	6.995289797269309273e-02	4.710202730179145368e-05	6.369328793336196631e-13	4.613674265461284175e-05
1.420000000000000107e+01	5.433648673777978423e-15	2.133462561790070462e-20	7.527079830543408254e-22	1.999034715982685693e-03	9.652840100379099254e-07	1.278869488073659535e-24	2.145189796111707261e-19	1.993629004106343823e-18	2.325514577232648772e-18	1.112520224335802182e-16	2.952101810730936385e-26	2.952453791004918628e-29	1.795386325671002523e-02	6.995289797268851306e-02	4.710202730632267337e-05	6.414527137394329187e-13	4.613674265471706069e-05
1.430000000000000071e+01	5.433648673262333971e-15	2.133462561587059992e-20	7.527079829840860420e-22	1.999034715982789777e-03	9.652840099450365743e-07	1.278869487950615031e-24	2.145189795907581076e-19	1.993629003916639723e-18	2.325514577011355569e-18	1.112520224228417259e-16	2.952101810445999539e-26	2.952453790444551704e-29	1.795386325670541086e-02	6.995289797268393339e-02	4.710202731085389306e-05	6.459725481448111774e-13	4.613674265482127962e-05
1.440000000000000036e+01	5.433648672727112357e-15	2.133462561376363256e-20	7.527079829111713499e-22	1.999034715982893860e-03	9.652840098521632233e-07	1.278869487827570527e-24	2.145189795695726134e-19	1.993629003719753060e-18	2.325514576781709994e-18	1.112520224121597111e-16	2.952101810162548132e-26	2.952453789862910827e-29	1.795386325670079650e-02	6.995289797267935372e-02	4.710202731538511275e-05	6.504923825497544393e-13	4.613674265492549855e-05
1.450000000000000000e+01	5.433648672234888396e-15	2.133462561182548500e-20	7.527079828440988648e-22	1.999034715982997944e-03	9.652840097592898723e-07	1.278869487704526023e-24	2.145189795500845857e-19	1.993629003538640919e-18	2.325514576570442798e-18	1.112520224015649393e-16	2.952101809881433939e-26	2.952453789327996527e-29	1.795386325669618213e-02	6.995289797267477405e-02	4.710202731991633245e-05	6.550122169542630073e-13	4.613674265502971749e-05
1.460000000000000142e+01	5.433648671704131734e-15	2.133462560973604059e-20	7.527079827717909159e-22	1.999034715983102027e-03	9.652840096664165213e-07	1.278869487581481519e-24	2.145189795290752659e-19	1.993629003343390912e-18	2.325514576342683863e-18	1.112520223909697238e-16	2.952101809600286455e-26	2.952453788751206945e-29	1.795386325669156777e-02	6.995289797267019438e-02	4.710202732444755214e-05	6.595320513583366794e-13	4.613674265513393642e-05
1.470000000000000107e+01	5.433648671171742920e-15	2.133462560764019548e-20	7.527079826992611277e-22	1.999034715983206111e-03	9.652840095735431703e-07	1.278869487458437015e-24	2.145189795080016442e-19	1.993629003147543866e-18	2.325514576114251624e-18	1.112520223801877949e-16	2.952101809314188464e-26	2.952453788172645001e-29	1.795386325668695340e-02	6.995289797266561471e-02	4.710202732897877183e-05	6.640518857619753547e-13	4.613674265523815535e-05
1.480000000000000071e+01	5.433648670666423868e-15	2.133462560565062860e-20	7.527079826304092262e-22	1.999034715983310194e-03	9.652840094806698192e-07	1.278869487335392879e-24	2.145189794879966006e-19	1.993629002961626530e-18	2.325514575897373808e-18	1.112520223695192893e-16	2.952101809031111287e-26	2.952453787623499114e-29	1.795386325668233904e-02	6.995289797266103504e-02	4.710202733350999152e-05	6.685717201651793360e-13	4.613674265534237429e-05
1.490000000000000036e+01	5.433648670137259128e-15	2.133462560356743443e-20	7.527079825583173802e-22	1.999034715983414277e-03	9.652840093877962565e-07	1.278869487212348191e-24	2.145189794670501865e-19	1.993629002766962006e-18	2.325514575670302045e-18	1.112520223587698269e-16	2.952101808745876550e-26	2.952453787048440416e-29	1.795386325667772467e-02	6.995289797265645537e-02	4.710202733804121121e-05	6.730915545679483206e-13	4.613674265544659322e-05
1.500000000000000000e+01	5.433648669625155083e-15	2.133462560155123555e-20	7.527079824885438911e-22	1.999034715983518361e-03	9.652840092949229054e-07	1.278869487089303504e-24	2.145189794467773664e-19	1.993629002578556368e-18	2.325514575450543809e-18	1.112520223481356367e-16	2.952101808463705100e-26	2.952453786491922017e-29	1.795386325667311031e-02	6.995289797265187570e-02	4.710202734257243091e-05	6.776113889702825102e-13	4.613674265555081216e-05
1.510000000000000142e+01	5.433648669103718814e-15	2.133462559949839284e-20	7.527079824175021847e-22	1.999034715983622444e-03	9.652840092020495544e-07	1.278869486966259184e-24	2.145189794261360437e-19	1.993629002386726427e-18	2.325514575226778868e-18	1.112520223375022601e-16	2.952101808181550869e-26	2.952453785925262142e-29	1.795386325666849595e-02	6.995289797264729603e-02	4.710202734710365060e-05	6.821312233721820059e-13	4.613674265565503109e-05
1.520000000000000107e+01	5.433648668563246542e-15	2.133462559737079998e-20	7.527079823438738265e-22	1.999034715983726528e-03	9.652840091091764152e-07	1.278869486843214864e-24	2.145189794047431991e-19	1.993629002187912294e-18	2.325514574994884962e-18	1.112520223266505909e-16	2.952101807893599523e-26	2.952453785337913496e-29	1.795386325666388158e-02	6.995289797264271636e-02	4.710202735163487029e-05	6.866510577736464039e-13	4.613674265575925002e-05
1.530000000000000071e+01	5.433648668049818788e-15	2.133462559534939808e-20	7.527079822739202518e-22	1.999034715983830611e-03	9.652840090163030642e-07	1.278869486720170176e-24	2.145189793844180900e-19	1.993629001999021707e-18	2.325514574774540473e-18	1.112520223158460068e-16	2.952101807606912637e-26	2.952453784779957365e-29	1.795386325665926722e-02	6.995289797263813669e-02	4.710202735616608998e-05	6.911708921746759059e-13	4.613674265586346896e-05
1.540000000000000036e+01	5.433648667531724922e-15	2.133462559330967877e-20	7.527079822033328504e-22	1.999034715983934694e-03	9.652840089234295014e-07	1.278869486597125489e-24	2.145189793639087657e-19	1.993629001808418969e-18	2.325514574552203801e-18	1.112520223051919472e-16	2.952101807324210838e-26	2.952453784216929655e-29	1.795386325665465285e-02	6.995289797263355702e-02	4.710202736069730967e-05	6.956907265752706131e-13	4.613674265596768789e-05
1.550000000000000000e+01	5.433648667026177889e-15	2.133462559131922115e-20	7.527079821344502921e-22	1.999034715984038778e-03	9.652840088305563621e-07	1.278869486474081352e-24	2.145189793438947666e-19	1.993629001622418818e-18	2.325514574335257808e-18	1.112520222946689865e-16	2.952101807044993047e-26	2.952453783667536019e-29	1.795386325665003849e-02	6.995289797262897735e-02	4.710202736522852937e-05	7.002105609754304244e-13	4.613674265607190683e-05
1.560000000000000142e+01	5.433648666499674766e-15	2.133462558924647817e-20	7.527079820627201222e-22	1.999034715984142861e-03	9.652840087376830111e-07	1.278869486351036848e-24	2.145189793230533879e-19	1.993629001428729969e-18	2.325514574109315025e-18	1.112520222839760262e-16	2.952101806761256376e-26	2.952453783095369040e-29	1.795386325664542412e-02	6.995289797262439768e-02	4.710202736975974906e-05	7.047303953751553398e-13	4.613674265617612576e-05
1.570000000000000107e+01	5.433648665982741315e-15	2.133462558721131489e-20	7.527079819922901430e-22	1.999034715984246945e-03	9.652840086448094483e-07	1.278869486227992161e-24	2.145189793025898767e-19	1.993629001238552476e-18	2.325514573887475244e-18	1.112520222732789244e-16	2.952101806477415817e-26	2.952453782533602499e-29	1.795386325664080976e-02	6.995289797261981801e-02	4.710202737429096875e-05	7.092502297744454604e-13	4.613674265628034469e-05
1.580000000000000071e+01	5.433648665464523598e-15	2.133462558517110809e-20	7.527079819216858146e-22	1.999034715984351028e-03	9.652840085519363091e-07	1.278869486104947841e-24	2.145189792820756172e-19	1.993629001047903515e-18	2.325514573665103521e-18	1.112520222626865193e-16	2.952101806196349263e-26	2.952453781970440264e-29	1.795386325663619539e-02	6.995289797261523834e-02	4.710202737882218844e-05	7.137700641733006851e-13	4.613674265638456363e-05
1.590000000000000036e+01	5.433648664940160654e-15	2.133462558310676998e-20	7.527079818502465090e-22	1.999034715984455111e-03	9.652840084590629580e-07	1.278869485981903337e-24	2.145189792613187869e-19	1.993629000855000446e-18	2.325514573440079022e-18	1.112520222519308939e-16	2.952101805910952665e-26	2.952453781400598320e-29	1.795386325663158103e-02	6.995289797261065867e-02	4.710202738335340813e-05	7.182898985717210139e-13	4.613674265648878256e-05
1.600000000000000000e+01	5.433648664410083202e-15	2.133462558101999781e-20	7.527079817780307188e-22	1.999034715984559195e-03	9.652840083661896070e-07	1.278869485858859017e-24	2.145189792403363579e-19	1.993629000660000424e-18	2.325514573212640947e-18	1.112520222412273826e-16	2.952101805626935322e-26	2.952453780824548063e-29	1.795386325662696667e-02	6.995289797260607900e-02	4.710202738788462783e-05	7.228097329697065479e-13	4.613674265659300149e-05
1.610000000000000142e+01	5.433648663892838940e-15	2.133462557898361277e-20	7.527079817075586100e-22	1.999034715984663278e-03	9.652840082733162560e-07	1.278869485735814329e-24	2.145189792198605689e-19	1.993629000469708916e-18	2.325514572990660958e-18	1.112520222304524548e-16	2.952101805341030760e-26	2.952453780262444089e-29	1.795386325662235230e-02	6.995289797260149933e-02	4.710202739241584752e-05	7.273295673672564792e-13	4.613674265669722043e-05
1.619999999999999929e+01	5.433648663368015301e-15	2.133462557691745707e-20	7.527079816360564860e-22	1.999034715984767362e-03	9.652840081804426932e-07	1.278869485612769825e-24	2.145189791990855144e-19	1.993629000276636365e-18	2.325514572765446947e-18	1.112520222197485984e-16	2.952101805057007103e-26	2.952453779692101601e-29	1.795386325661773794e-02	6.995289797259691966e-02	4.710202739694706721e-05	7.318494017643712116e-13	4.613674265680143936e-05
1.630000000000000071e+01	5.433648662842745168e-15	2.133462557484956502e-20	7.527079815644940826e-22	1.999034715984871445e-03	9.652840080875695540e-07	1.278869485489725505e-24	2.145189791782928859e-19	1.993629000083400110e-18	2.325514572540057677e-18	1.112520222090010588e-16	2.952101804771824597e-26	2.952453779121275385e-29	1.795386325661312357e-02	6.995289797259233999e-02	4.710202740147828690e-05	7.363692361610513512e-13	4.613674265690565830e-05
1.640000000000000213e+01	5.433648662310085774e-15	2.133462557275265162e-20	7.527079814919273369e-22	1.999034715984975528e-03	9.652840079946962030e-07	1.278869485366681185e-24	2.145189791572085271e-19	1.993628999887452916e-18	2.325514572311484845e-18	1.112520221981123624e-16	2.952101804482896351e-26	2.952453778542418608e-29	1.795386325660850921e-02	6.995289797258776032e-02	4.710202740600950659e-05	7.408890705572966958e-13	4.613674265700987723e-05
1.650000000000000000e+01	5.433648661806973955e-15	2.133462557077175443e-20	7.527079814233754216e-22	1.999034715985079612e-03	9.652840079018226402e-07	1.278869485243636130e-24	2.145189791372906077e-19	1.993628999702346011e-18	2.325514572095555357e-18	1.112520221874691497e-16	2.952101804200490721e-26	2.952453777995671183e-29	1.795386325660389484e-02	6.995289797258318065e-02	4.710202741054072629e-05	7.454089049531068417e-13	4.613674265711409616e-05
1.660000000000000142e+01	5.433648661283624698e-15	2.133462556871139759e-20	7.527079813520738839e-22	1.999034715985183695e-03	9.652840078089495009e-07	1.278869485120591994e-24	2.145189791165738126e-19	1.993628999509814647e-18	2.325514571870988459e-18	1.112520221768531033e-16	2.952101803918795094e-26	2.952453777426932341e-29	1.795386325659928048e-02	6.995289797257860098e-02	4.710202741507194598e-05	7.499287393484823946e-13	4.613674265721831510e-05
1.669999999999999929e+01	5.433648660754025295e-15	2.133462556662650018e-20	7.527079812799229810e-22	1.999034715985287779e-03	9.652840077160759381e-07	1.278869484997547122e-24	2.145189790956101856e-19	1.993628999314989499e-18	2.325514571643723718e-18	1.112520221660283047e-16	2.952101803631562360e-26	2.952453776851400565e-29	1.795386325659466611e-02	6.995289797257402131e-02	4.710202741960316567e-05	7.544485737434229507e-13	4.613674265732253403e-05
1.680000000000000071e+01	5.433648660235656117e-15	2.133462556458570055e-20	7.527079812092981520e-22	1.999034715985391862e-03	9.652840076232027989e-07	1.278869484874502986e-24	2.145189790750900520e-19	1.993628999124285842e-18	2.325514571421267254e-18	1.112520221552668861e-16	2.952101803346016530e-26	2.952453776288074098e-29	1.795386325659005175e-02	6.995289797256944164e-02	4.710202742413438536e-05	7.589684081379286110e-13	4.613674265742675297e-05
1.690000000000000213e+01	5.433648659713269270e-15	2.133462556252911733e-20	7.527079811381272352e-22	1.999034715985495946e-03	9.652840075303294479e-07	1.278869484751458482e-24	2.145189790544111978e-19	1.993628998932107693e-18	2.325514571197117512e-18	1.112520221446604787e-16	2.952101803064576895e-26	2.952453775720380624e-29	1.795386325658543739e-02	6.995289797256486197e-02	4.710202742866560505e-05	7.634882425319995773e-13	4.613674265753097190e-05
1.700000000000000000e+01	5.433648659203254918e-15	2.133462556052111869e-20	7.527079810686374635e-22	1.999034715985600029e-03	9.652840074374558851e-07	1.278869484628413978e-24	2.145189790342207834e-19	1.993628998744467805e-18	2.325514570978229026e-18	1.112520221339465150e-16	2.952101802780292081e-26	2.952453775166132330e-29	1.795386325658082302e-02	6.995289797256028230e-02	4.710202743319682475e-05	7.680080769256356478e-13	4.613674265763519083e-05
1.710000000000000142e+01	5.433648658671808003e-15	2.133462555842897197e-20	7.527079809962355691e-22	1.999034715985704112e-03	9.652840073445827458e-07	1.278869484505369658e-24	2.145189790131843321e-19	1.993628998548966657e-18	2.325514570750201617e-18	1.112520221232637852e-16	2.952101802496824029e-26	2.952453774588593894e-29	1.795386325657620866e-02	6.995289797255570263e-02	4.710202743772804444e-05	7.725279113188367214e-13	4.613674265773940977e-05
1.719999999999999929e+01	5.433648658150967324e-15	2.133462555637846445e-20	7.527079809252748308e-22	1.999034715985808196e-03	9.652840072517093948e-07	1.278869484382324971e-24	2.145189789925665780e-19	1.993628998357355886e-18	2.325514570526687432e-18	1.112520221125560338e-16	2.952101802212698205e-26	2.952453774022580297e-29	1.795386325657159429e-02	6.995289797255112296e-02	4.710202744225926413e-05	7.770477457116028991e-13	4.613674265784362870e-05
1.730000000000000071e+01	5.433648657625656959e-15	2.133462555431040388e-20	7.527079808537065969e-22	1.999034715985912279e-03	9.652840071588358320e-07	1.278869484259280467e-24	2.145189789717723364e-19	1.993628998164104224e-18	2.325514570301258487e-18	1.112520221017416876e-16	2.952101801925745570e-26	2.952453773451710921e-29	1.795386325656697993e-02	6.995289797254654329e-02	4.710202744679048382e-05	7.815675801039344840e-13	4.613674265794784763e-05
1.740000000000000213e+01	5.433648657097778062e-15	2.133462555223226529e-20	7.527079807817896645e-22	1.999034715986016363e-03	9.652840070659624810e-07	1.278869484136235963e-24	2.145189789508766947e-19	1.993628997969911167e-18	2.325514570074756030e-18	1.112520220909867524e-16	2.952101801640365618e-26	2.952453772878048477e-29	1.795386325656236556e-02	6.995289797254196362e-02	4.710202745132170351e-05	7.860874144958308700e-13	4.613674265805206657e-05
1.750000000000000000e+01	5.433648656582907482e-15	2.133462555020519694e-20	7.527079807116402053e-22	1.999034715986120446e-03	9.652840069730893418e-07	1.278869484013191643e-24	2.145189789304945781e-19	1.993628997780490564e-18	2.325514569853812191e-18	1.112520220803598839e-16	2.952101801358388170e-26	2.952453772318523452e-29	1.795386325655775120e-02	6.995289797253738395e-02	4.710202745585292321e-05	7.906072488872923602e-13	4.613674265815628550e-05
1.760000000000000142e+01	5.433648656055890021e-15	2.133462554813044076e-20	7.527079806398401640e-22	1.999034715986224529e-03	9.652840068802157790e-07	1.278869483890146955e-24	2.145189789096329049e-19	1.993628997586612204e-18	2.325514569627637526e-18	1.112520220695122083e-16	2.952101801070549323e-26	2.952453771745798196e-29	1.795386325655313683e-02	6.995289797253280428e-02	4.710202746038414290e-05	7.951270832783193584e-13	4.613674265826050444e-05
1.769999999999999929e+01	5.433648655528590938e-15	2.133462554605457717e-20	7.527079805680017546e-22	1.999034715986328613e-03	9.652840067873424280e-07	1.278869483767102635e-24	2.145189788887601818e-19	1.993628997392632540e-18	2.325514569401383513e-18	1.112520220587288249e-16	2.952101800784415745e-26	2.952453771172766897e-29	1.795386325654852247e-02	6.995289797252822461e-02	4.710202746491536259e-05	7.996469176689110569e-13	4.613674265836472337e-05
1.780000000000000071e+01	5.433648655015039333e-15	2.133462554403268776e-20	7.527079804980315348e-22	1.999034715986432696e-03	9.652840066944690769e-07	1.278869483644058131e-24	2.145189788684301375e-19	1.993628997203694961e-18	2.325514569180982017e-18	1.112520220479660258e-16	2.952101800498836051e-26	2.952453770614674560e-29	1.795386325654390811e-02	6.995289797252364494e-02	4.710202746944658228e-05	8.041667520590681624e-13	4.613674265846894230e-05
1.790000000000000213e+01	5.433648654496006723e-15	2.133462554198927910e-20	7.527079804273163337e-22	1.999034715986536780e-03	9.652840066015957259e-07	1.278869483521013627e-24	2.145189788478837150e-19	1.993628997012747481e-18	2.325514568958262856e-18	1.112520220373736699e-16	2.952101800217769497e-26	2.952453770050626144e-29	1.795386325653929374e-02	6.995289797251906527e-02	4.710202747397780197e-05	8.086865864487905740e-13	4.613674265857316124e-05
1.800000000000000000e+01	5.433648653984384672e-15	2.133462553997496703e-20	7.527079803576082962e-22	1.999034715986640863e-03	9.652840065087223749e-07	1.278869483397968940e-24	2.145189788276299616e-19	1.993628996824519414e-18	2.325514568738701064e-18	1.112520220267539258e-16	2.952101799935983183e-26	2.952453769494632392e-29	1.795386325653467938e-02	6.995289797251448560e-02	4.710202747850902167e-05	8.132064208380775848e-13	4.613674265867738017e-05
1.810000000000000142e+01	5.433648653471882252e-15	2.133462553795720032e-20	7.527079802877805463e-22	1.999034715986744946e-03	9.652840064158490239e-07	1.278869483274924620e-24	2.145189788073413248e-19	1.993628996635967021e-18	2.325514568518751776e-18	1.112520220162248021e-16	2.952101799656597218e-26	2.952453768937680152e-29	1.795386325653006501e-02	6.995289797250990593e-02	4.710202748304024136e-05	8.177262552269301038e-13	4.613674265878159910e-05
1.819999999999999929e+01	5.433648652940856589e-15	2.133462553586669966e-20	7.527079802154356399e-22	1.999034715986849030e-03	9.652840063229758846e-07	1.278869483151880116e-24	2.145189787863213884e-19	1.993628996440618791e-18	2.325514568290895389e-18	1.112520220055427380e-16	2.952101799373147534e-26	2.952453768360598539e-29	1.795386325652545065e-02	6.995289797250532626e-02	4.710202748757146105e-05	8.222460896153478278e-13	4.613674265888581804e-05
1.830000000000000071e+01	5.433648652432112303e-15	2.133462553386369039e-20	7.527079801461188069e-22	1.999034715986953113e-03	9.652840062301023218e-07	1.278869483028835612e-24	2.145189787661812167e-19	1.993628996253446519e-18	2.325514568072561185e-18	1.112520219949094600e-16	2.952101799091002487e-26	2.952453767807731364e-29	1.795386325652083628e-02	6.995289797250074659e-02	4.710202749210268074e-05	8.267659240033304540e-13	4.613674265899003697e-05
1.840000000000000213e+01	5.433648651889725466e-15	2.133462553172858639e-20	7.527079800722303353e-22	1.999034715987057197e-03	9.652840061372291826e-07	1.278869482905791292e-24	2.145189787447128034e-19	1.993628996053930191e-18	2.325514567839849529e-18	1.112520219841481646e-16	2.952101798805445177e-26	2.952453767218303191e-29	1.795386325651622192e-02	6.995289797249616692e-02	4.710202749663390043e-05	8.312857583908782853e-13	4.613674265909425591e-05
1.850000000000000000e+01	5.433648651355011089e-15	2.133462552962360515e-20	7.527079799993843862e-22	1.999034715987161280e-03	9.652840060443556198e-07	1.278869482782746604e-24	2.145189787235473630e-19	1.993628995857229188e-18	2.325514567610402325e-18	1.112520219731714363e-16	2.952101798514183161e-26	2.952453766637213304e-29	1.795386325651160755e-02	6.995289797249158725e-02	4.710202750116512013e-05	8.358055927779912208e-13	4.613674265919847484e-05
1.860000000000000142e+01	5.433648650853499869e-15	2.133462552764898830e-20	7.527079799310499843e-22	1.999034715987265363e-03	9.652840059514822688e-07	1.278869482659702284e-24	2.145189787036926382e-19	1.993628995672709692e-18	2.325514567395151535e-18	1.112520219624105847e-16	2.952101798228660864e-26	2.952453766092206293e-29	1.795386325650699319e-02	6.995289797248700758e-02	4.710202750569633982e-05	8.403254271646692604e-13	4.613674265930269377e-05
1.869999999999999929e+01	5.433648650328281800e-15	2.133462552558129486e-20	7.527079798594944458e-22	1.999034715987369447e-03	9.652840058586091295e-07	1.278869482536657964e-24	2.145189786829020078e-19	1.993628995479492311e-18	2.325514567169790383e-18	1.112520219518232332e-16	2.952101797947725176e-26	2.952453765521435568e-29	1.795386325650237883e-02	6.995289797248242791e-02	4.710202751022755951e-05	8.448452615509124041e-13	4.613674265940691271e-05
1.880000000000000071e+01	5.433648649813368621e-15	2.133462552355405800e-20	7.527079797893390622e-22	1.999034715987473530e-03	9.652840057657355668e-07	1.278869482413613093e-24	2.145189786625182782e-19	1.993628995290056301e-18	2.325514566948816500e-18	1.112520219411486632e-16	2.952101797664482121e-26	2.952453764961864020e-29	1.795386325649776446e-02	6.995289797247784824e-02	4.710202751475877920e-05	8.493650959367209549e-13	4.613674265951113164e-05
1.890000000000000213e+01	5.433648649280739993e-15	2.133462552145727399e-20	7.527079797167767363e-22	1.999034715987577614e-03	9.652840056728622157e-07	1.278869482290568589e-24	2.145189786414350750e-19	1.993628995094119893e-18	2.325514566720247904e-18	1.112520219304167036e-16	2.952101797379708857e-26	2.952453764383040874e-29	1.795386325649315010e-02	6.995289797247326857e-02	4.710202751928999889e-05	8.538849303220944079e-13	4.613674265961535058e-05
1.900000000000000000e+01	5.433648648758854862e-15	2.133462551940266484e-20	7.527079796456739982e-22	1.999034715987681697e-03	9.652840055799890765e-07	1.278869482167524269e-24	2.145189786207761059e-19	1.993628994902126248e-18	2.325514566496313096e-18	1.112520219196140917e-16	2.952101797093068462e-26	2.952453763815893347e-29	1.795386325648853573e-02	6.995289797246868890e-02	4.710202752382121859e-05	8.584047647070328640e-13	4.613674265971956951e-05
1.910000000000000142e+01	5.433648648230523948e-15	2.133462551732274476e-20	7.527079795736953758e-22	1.999034715987785780e-03	9.652840054871155137e-07	1.278869482044479765e-24	2.145189785998626012e-19	1.993628994707766790e-18	2.325514566269597246e-18	1.112520219089232269e-16	2.952101796809386319e-26	2.952453763241739887e-29	1.795386325648392137e-02	6.995289797246410923e-02	4.710202752835243828e-05	8.629245990915368282e-13	4.613674265982378844e-05
1.920000000000000284e+01	5.433648647731143441e-15	2.133462551535650270e-20	7.527079795056508039e-22	1.999034715987889864e-03	9.652840053942421627e-07	1.278869481921435261e-24	2.145189785800920155e-19	1.993628994524029607e-18	2.325514566055261272e-18	1.112520218982668993e-16	2.952101796526635732e-26	2.952453762699047821e-29	1.795386325647930700e-02	6.995289797245952956e-02	4.710202753288365797e-05	8.674444334756056946e-13	4.613674265992800738e-05
1.930000000000000071e+01	5.433648647211826840e-15	2.133462551331198061e-20	7.527079794348970466e-22	1.999034715987993947e-03	9.652840053013690234e-07	1.278869481798390941e-24	2.145189785595344226e-19	1.993628994332977356e-18	2.325514565832423089e-18	1.112520218876997624e-16	2.952101796246239003e-26	2.952453762134691119e-29	1.795386325647469264e-02	6.995289797245494989e-02	4.710202753741487766e-05	8.719642678592394632e-13	4.613674266003222631e-05
1.940000000000000213e+01	5.433648646686049469e-15	2.133462551124208740e-20	7.527079793632655242e-22	1.999034715988098031e-03	9.652840052084954606e-07	1.278869481675346070e-24	2.145189785387217162e-19	1.993628994139555056e-18	2.325514565606793078e-18	1.112520218769435700e-16	2.952101795960827482e-26	2.952453761563313352e-29	1.795386325647007827e-02	6.995289797245037022e-02	4.710202754194609735e-05	8.764841022424387398e-13	4.613674266013644524e-05
1.950000000000000000e+01	5.433648646158030156e-15	2.133462550916339811e-20	7.527079792913293136e-22	1.999034715988202114e-03	9.652840051156223214e-07	1.278869481552302117e-24	2.145189785178206096e-19	1.993628993945310770e-18	2.325514565380228990e-18	1.112520218662473310e-16	2.952101795677002994e-26	2.952453760989499568e-29	1.795386325646546391e-02	6.995289797244579055e-02	4.710202754647731705e-05	8.810039366252029186e-13	4.613674266024066418e-05
1.960000000000000142e+01	5.433648645638435876e-15	2.133462550711778366e-20	7.527079792205379405e-22	1.999034715988306198e-03	9.652840050227489704e-07	1.278869481429257430e-24	2.145189784972520149e-19	1.993628993754156445e-18	2.325514565157251369e-18	1.112520218554675960e-16	2.952101795390969861e-26	2.952453760424840746e-29	1.795386325646084955e-02	6.995289797244121088e-02	4.710202755100853674e-05	8.855237710075323025e-13	4.613674266034488311e-05
1.970000000000000284e+01	5.433648645118265729e-15	2.133462550506990924e-20	7.527079791496685145e-22	1.999034715988410281e-03	9.652840049298754076e-07	1.278869481306212742e-24	2.145189784766606941e-19	1.993628993562791809e-18	2.325514564934040711e-18	1.112520218447860496e-16	2.952101795107540266e-26	2.952453759859556385e-29	1.795386325645623518e-02	6.995289797243663121e-02	4.710202755553975643e-05	8.900436053894269925e-13	4.613674266044910205e-05
1.980000000000000071e+01	5.433648644591675042e-15	2.133462550299682621e-20	7.527079790779264956e-22	1.999034715988514364e-03	9.652840048370022683e-07	1.278869481183168606e-24	2.145189784558159451e-19	1.993628993369071375e-18	2.325514564708064417e-18	1.112520218339977604e-16	2.952101794821275823e-26	2.952453759287295239e-29	1.795386325645162082e-02	6.995289797243205154e-02	4.710202756007097612e-05	8.945634397708864837e-13	4.613674266055332098e-05
1.990000000000000213e+01	5.433648644073170180e-15	2.133462550095548793e-20	7.527079790072827646e-22	1.999034715988618448e-03	9.652840047441287056e-07	1.278869481060123735e-24	2.145189784352902745e-19	1.993628993178316488e-18	2.325514564485550175e-18	1.112520218232968869e-16	2.952101794537334244e-26	2.952453758723819674e-29	1.795386325644700645e-02	6.995289797242747187e-02	4.710202756460219581e-05	8.990832741519112810e-13	4.613674266065753991e-05
2.000000000000000000e+01	5.433648643536323512e-15	2.133462549884213792e-20	7.527079789341471737e-22	1.999034715988722531e-03	9.652840046512551428e-07	1.278869480937079231e-24	2.145189784140406227e-19	1.993628992980832787e-18	2.325514564255186998e-18	1.112520218124256441e-16	2.952101794248866323e-26	2.952453758140412601e-29	1.795386325644239209e-02	6.995289797242289220e-02	4.710202756913341551e-05	9.036031085325012834e-13	4.613674266076175885e-05
2.010000000000000142e+01	5.433648643012351844e-15	2.133462549677933454e-20	7.527079788627611885e-22	1.999034715988826615e-03	9.652840045583822153e-07	1.278869480814035278e-24	2.145189783932991758e-19	1.993628992788072622e-18	2.325514564030353551e-18	1.112520218016228349e-16	2.952101793962219041e-26	2.952453757570997212e-29	1.795386325643777772e-02	6.995289797241831253e-02	4.710202757366463520e-05	9.081229429126563899e-13	4.613674266086597778e-05
2.020000000000000284e+01	5.433648642514456761e-15	2.133462549481892142e-20	7.527079787949180492e-22	1.999034715988930698e-03	9.652840044655086525e-07	1.278869480690990223e-24	2.145189783735873309e-19	1.993628992604880862e-18	2.325514563816656987e-18	1.112520217910485489e-16	2.952101793681644381e-26	2.952453757029919441e-29	1.795386325643316336e-02	6.995289797241373286e-02	4.710202757819585489e-05	9.126427772923761967e-13	4.613674266097019672e-05
2.030000000000000071e+01	5.433648641996051296e-15	2.133462549277797434e-20	7.527079787242883301e-22	1.999034715989034781e-03	9.652840043726355132e-07	1.278869480567946087e-24	2.145189783530656566e-19	1.993628992414162953e-18	2.325514563594189737e-18	1.112520217804558233e-16	2.952101793400569792e-26	2.952453756466553738e-29	1.795386325642854899e-02	6.995289797240915319e-02	4.710202758272707458e-05	9.171626116716601988e-13	4.613674266107441565e-05
2.040000000000000213e+01	5.433648641457831221e-15	2.133462549065923172e-20	7.527079786509660706e-22	1.999034715989138865e-03	9.652840042797621622e-07	1.278869480444901583e-24	2.145189783317617899e-19	1.993628992216175814e-18	2.325514563363255715e-18	1.112520217697559851e-16	2.952101793116644858e-26	2.952453755881654001e-29	1.795386325642393463e-02	6.995289797240457352e-02	4.710202758725829427e-05	9.216824460505098100e-13	4.613674266117863458e-05
2.050000000000000000e+01	5.433648640947944665e-15	2.133462548865173564e-20	7.527079785814936022e-22	1.999034715989242948e-03	9.652840041868885994e-07	1.278869480321856895e-24	2.145189783115764312e-19	1.993628992028583304e-18	2.325514563144425006e-18	1.112520217589565040e-16	2.952101792830094003e-26	2.952453755327544154e-29	1.795386325641932027e-02	6.995289797239999385e-02	4.710202759178951397e-05	9.262022804289244243e-13	4.613674266128285352e-05
2.060000000000000142e+01	5.433648640415105411e-15	2.133462548655411205e-20	7.527079785089025002e-22	1.999034715989347032e-03	9.652840040940154602e-07	1.278869480198812575e-24	2.145189782904849946e-19	1.993628991832570628e-18	2.325514562915805952e-18	1.112520217482319400e-16	2.952101792545515890e-26	2.952453754748492316e-29	1.795386325641470590e-02	6.995289797239541418e-02	4.710202759632073366e-05	9.307221148069040418e-13	4.613674266138707245e-05
2.070000000000000284e+01	5.433648639894826400e-15	2.133462548450581333e-20	7.527079784380182160e-22	1.999034715989451115e-03	9.652840040011421092e-07	1.278869480075768255e-24	2.145189782698893886e-19	1.993628991641165547e-18	2.325514562692528656e-18	1.112520217375064885e-16	2.952101792260921705e-26	2.952453754183089685e-29	1.795386325641009154e-02	6.995289797239083451e-02	4.710202760085195335e-05	9.352419491844490664e-13	4.613674266149129138e-05
2.080000000000000071e+01	5.433648639368171816e-15	2.133462548243247752e-20	7.527079783662672634e-22	1.999034715989555198e-03	9.652840039082685464e-07	1.278869479952723200e-24	2.145189782490420396e-19	1.993628991447420847e-18	2.325514562466527325e-18	1.112520217266827252e-16	2.952101791973717670e-26	2.952453753610758475e-29	1.795386325640547717e-02	6.995289797238625484e-02	4.710202760538317304e-05	9.397617835615590941e-13	4.613674266159551032e-05
2.090000000000000213e+01	5.433648638840240066e-15	2.133462548035412828e-20	7.527079782943430899e-22	1.999034715989659282e-03	9.652840038153954071e-07	1.278869479829679247e-24	2.145189782281443034e-19	1.993628991253208145e-18	2.325514562239998675e-18	1.112520217159189894e-16	2.952101791688104111e-26	2.952453753037038857e-29	1.795386325640086281e-02	6.995289797238167517e-02	4.710202760991439273e-05	9.442816179382341250e-13	4.613674266169972925e-05
2.100000000000000000e+01	5.433648638321087548e-15	2.133462547831025017e-20	7.527079782236117140e-22	1.999034715989763365e-03	9.652840037225218444e-07	1.278869479706634376e-24	2.145189782075931383e-19	1.993628991062216369e-18	2.325514562017206329e-18	1.112520217051735945e-16	2.952101791402982446e-26	2.952453752472860401e-29	1.795386325639624844e-02	6.995289797237709550e-02	4.710202761444561243e-05	9.488014523144741590e-13	4.613674266180394819e-05
2.110000000000000142e+01	5.433648637800806960e-15	2.133462547626194543e-20	7.527079781527270536e-22	1.999034715989867449e-03	9.652840036296484933e-07	1.278869479583590056e-24	2.145189781869975083e-19	1.993628990870811288e-18	2.325514561793952144e-18	1.112520216945475148e-16	2.952101791121023366e-26	2.952453751907456089e-29	1.795386325639163408e-02	6.995289797237251583e-02	4.710202761897683212e-05	9.533212866902796002e-13	4.613674266190816712e-05
2.120000000000000284e+01	5.433648637289229085e-15	2.133462547424780790e-20	7.527079780830250346e-22	1.999034715989971532e-03	9.652840035367751423e-07	1.278869479460545736e-24	2.145189781667454401e-19	1.993628990682598629e-18	2.325514561574401523e-18	1.112520216838474302e-16	2.952101790837105320e-26	2.952453751351509981e-29	1.795386325638701971e-02	6.995289797236793616e-02	4.710202762350805181e-05	9.578411210656500444e-13	4.613674266201238605e-05
2.130000000000000071e+01	5.433648636771660601e-15	2.133462547221014091e-20	7.527079780125086332e-22	1.999034715990075615e-03	9.652840034439017913e-07	1.278869479337501232e-24	2.145189781462568196e-19	1.993628990492188483e-18	2.325514561352285949e-18	1.112520216731475920e-16	2.952101790553191866e-26	2.952453750789051759e-29	1.795386325638240535e-02	6.995289797236335649e-02	4.710202762803927150e-05	9.623609554405854919e-13	4.613674266211660499e-05
2.140000000000000213e+01	5.433648636234697182e-15	2.133462547009633349e-20	7.527079779393574316e-22	1.999034715990179699e-03	9.652840033510286520e-07	1.278869479214456912e-24	2.145189781250025215e-19	1.993628990294662027e-18	2.325514561121900816e-18	1.112520216624123784e-16	2.952101790268330211e-26	2.952453750205519128e-29	1.795386325637779099e-02	6.995289797235877682e-02	4.710202763257049119e-05	9.668807898150863464e-13	4.613674266222082392e-05
2.150000000000000000e+01	5.433648635727535351e-15	2.133462546809953234e-20	7.527079778702551969e-22	1.999034715990283782e-03	9.652840032581550893e-07	1.278869479091412224e-24	2.145189781049247500e-19	1.993628990108069074e-18	2.325514560904231443e-18	1.112520216517066238e-16	2.952101789984264654e-26	2.952453749654370506e-29	1.795386325637317662e-02	6.995289797235419715e-02	4.710202763710171089e-05	9.714006241891520021e-13	4.613674266232504286e-05
2.160000000000000142e+01	5.433648635197757666e-15	2.133462546601393979e-20	7.527079777980801259e-22	1.999034715990387866e-03	9.652840031652817382e-07	1.278869478968367537e-24	2.145189780839541414e-19	1.993628989913179216e-18	2.325514560676916628e-18	1.112520216409792741e-16	2.952101789699615368e-26	2.952453749078645911e-29	1.795386325636856226e-02	6.995289797234961748e-02	4.710202764163293058e-05	9.759204585627830649e-13	4.613674266242926179e-05
2.170000000000000284e+01	5.433648634662868163e-15	2.133462546390826642e-20	7.527079777252102907e-22	1.999034715990491949e-03	9.652840030724083872e-07	1.278869478845323217e-24	2.145189780627817195e-19	1.993628989716413116e-18	2.325514560447393927e-18	1.112520216301706225e-16	2.952101789412807374e-26	2.952453748497365447e-29	1.795386325636394789e-02	6.995289797234503781e-02	4.710202764616415027e-05	9.804402929359793327e-13	4.613674266253348072e-05
2.180000000000000071e+01	5.433648634172972130e-15	2.133462546197926401e-20	7.527079776584545307e-22	1.999034715990596033e-03	9.652840029795350362e-07	1.278869478722278896e-24	2.145189780433856308e-19	1.993628989536156088e-18	2.325514560237118585e-18	1.112520216195634755e-16	2.952101789131364868e-26	2.952453747964980772e-29	1.795386325635933353e-02	6.995289797234045814e-02	4.710202765069536996e-05	9.849601273087404018e-13	4.613674266263769966e-05
2.190000000000000213e+01	5.433648633646943112e-15	2.133462545990838376e-20	7.527079775867885898e-22	1.999034715990700116e-03	9.652840028866616852e-07	1.278869478599234393e-24	2.145189780225629578e-19	1.993628989342640959e-18	2.325514560011409225e-18	1.112520216090692096e-16	2.952101788852896685e-26	2.952453747393328910e-29	1.795386325635471916e-02	6.995289797233587847e-02	4.710202765522658965e-05	9.894799616810668780e-13	4.613674266274191859e-05
2.200000000000000000e+01	5.433648633113027852e-15	2.133462545780654419e-20	7.527079775140513504e-22	1.999034715990804199e-03	9.652840027937883342e-07	1.278869478476189889e-24	2.145189780014290544e-19	1.993628989146233853e-18	2.325514559782296362e-18	1.112520215982801562e-16	2.952101788566608709e-26	2.952453746813107268e-29	1.795386325635010480e-02	6.995289797233129880e-02	4.710202765975780935e-05	9.939997960529585593e-13	4.613674266284613752e-05
2.210000000000000142e+01	5.433648632591868473e-15	2.133462545575478181e-20	7.527079774430473538e-22	1.999034715990908283e-03	9.652840027009149832e-07	1.278869478353145018e-24	2.145189779807986373e-19	1.993628988954504830e-18	2.325514559558648517e-18	1.112520215875181459e-16	2.952101788281044512e-26	2.952453746246747831e-29	1.795386325634549043e-02	6.995289797232671913e-02	4.710202766428902904e-05	9.985196304244152437e-13	4.613674266295035646e-05
2.220000000000000284e+01	5.433648632066902840e-15	2.133462545368808143e-20	7.527079773715262338e-22	1.999034715991012366e-03	9.652840026080418439e-07	1.278869478230101248e-24	2.145189779600180217e-19	1.993628988761380664e-18	2.325514559333390981e-18	1.112520215767769419e-16	2.952101787996030754e-26	2.952453745676252882e-29	1.795386325634087607e-02	6.995289797232213946e-02	4.710202766882024873e-05	1.003039464795437133e-12	4.613674266305457539e-05
2.230000000000000071e+01	5.433648631553049101e-15	2.133462545166500638e-20	7.527079773015145426e-22	1.999034715991116450e-03	9.652840025151684929e-07	1.278869478107056377e-24	2.145189779396761089e-19	1.993628988572333307e-18	2.325514559112868150e-18	1.112520215661154374e-16	2.952101787713135526e-26	2.952453745117832081e-29	1.795386325633626171e-02	6.995289797231755979e-02	4.710202767335146842e-05	1.007559299166024026e-12	4.613674266315879433e-05
2.240000000000000213e+01	5.433648631036521124e-15	2.133462544963143802e-20	7.527079772311400468e-22	1.999034715991220533e-03	9.652840024222949301e-07	1.278869477984011690e-24	2.145189779192285829e-19	1.993628988382304496e-18	2.325514558891192458e-18	1.112520215554335952e-16	2.952101787429699042e-26	2.952453744556505547e-29	1.795386325633164734e-02	6.995289797231298012e-02	4.710202767788268811e-05	1.012079133536176124e-12	4.613674266326301326e-05
2.250000000000000000e+01	5.433648630512147137e-15	2.133462544756705477e-20	7.527079771596991426e-22	1.999034715991324616e-03	9.652840023294217908e-07	1.278869477860967553e-24	2.145189778984713433e-19	1.993628988189397190e-18	2.325514558666192226e-18	1.112520215447190152e-16	2.952101787145391269e-26	2.952453743986653514e-29	1.795386325632703298e-02	6.995289797230840045e-02	4.710202768241390781e-05	1.016598967905893225e-12	4.613674266336723219e-05
2.260000000000000142e+01	5.433648630002587957e-15	2.133462544556084364e-20	7.527079770902715310e-22	1.999034715991428700e-03	9.652840022365482281e-07	1.278869477737922866e-24	2.145189778782989123e-19	1.993628988001925628e-18	2.325514558447503651e-18	1.112520215341143827e-16	2.952101786864005013e-26	2.952453743432900157e-29	1.795386325632241861e-02	6.995289797230382078e-02	4.710202768694512750e-05	1.021118802275175733e-12	4.613674266347145113e-05
2.270000000000000284e+01	5.433648629467640867e-15	2.133462544345494758e-20	7.527079770173937024e-22	1.999034715991532783e-03	9.652840021436748770e-07	1.278869477614878362e-24	2.145189778571242033e-19	1.993628987805138729e-18	2.325514558217954757e-18	1.112520215233255265e-16	2.952101786577722203e-26	2.952453742851557476e-29	1.795386325631780425e-02	6.995289797229924111e-02	4.710202769147634719e-05	1.025638636644023244e-12	4.613674266357567006e-05
2.280000000000000071e+01	5.433648628950543332e-15	2.133462544141914032e-20	7.527079769469416240e-22	1.999034715991636867e-03	9.652840020508017378e-07	1.278869477491834042e-24	2.145189778366542162e-19	1.993628987614900761e-18	2.325514557996061050e-18	1.112520215126199198e-16	2.952101786293654925e-26	2.952453742289611008e-29	1.795386325631318988e-02	6.995289797229466144e-02	4.710202769600756688e-05	1.030158471012435557e-12	4.613674266367988899e-05
2.290000000000000213e+01	5.433648628441417237e-15	2.133462543941462642e-20	7.527079768775726931e-22	1.999034715991740950e-03	9.652840019579281750e-07	1.278869477368789538e-24	2.145189778164989500e-19	1.993628987427588281e-18	2.325514557777558134e-18	1.112520215020009892e-16	2.952101786011890995e-26	2.952453741736329609e-29	1.795386325630857552e-02	6.995289797229008177e-02	4.710202770053878657e-05	1.034678305380413276e-12	4.613674266378410793e-05
2.300000000000000000e+01	5.433648627924604481e-15	2.133462543737993560e-20	7.527079768071592649e-22	1.999034715991845033e-03	9.652840018650548240e-07	1.278869477245745034e-24	2.145189777960401333e-19	1.993628987237454700e-18	2.325514557555772664e-18	1.112520214913724444e-16	2.952101785729868204e-26	2.952453741174694230e-29	1.795386325630396115e-02	6.995289797228550210e-02	4.710202770507000627e-05	1.039198139747955999e-12	4.613674266388832686e-05
2.310000000000000142e+01	5.433648627392117848e-15	2.133462543528370530e-20	7.527079767346162171e-22	1.999034715991949117e-03	9.652840017721814730e-07	1.278869477122700347e-24	2.145189777749626115e-19	1.993628987041570676e-18	2.325514557327293817e-18	1.112520214807182369e-16	2.952101785447156647e-26	2.952453740596025226e-29	1.795386325629934679e-02	6.995289797228092243e-02	4.710202770960122596e-05	1.043717974115063926e-12	4.613674266399254580e-05
2.320000000000000284e+01	5.433648626867899267e-15	2.133462543321992993e-20	7.527079766631961896e-22	1.999034715992053200e-03	9.652840016793079102e-07	1.278869476999655659e-24	2.145189777542114867e-19	1.993628986848720377e-18	2.325514557102335570e-18	1.112520214699282221e-16	2.952101785160848008e-26	2.952453740026340227e-29	1.795386325629473243e-02	6.995289797227634276e-02	4.710202771413244565e-05	1.048237808481737059e-12	4.613674266409676473e-05
2.330000000000000071e+01	5.433648626341236794e-15	2.133462543114656704e-20	7.527079765914444847e-22	1.999034715992157284e-03	9.652840015864347709e-07	1.278869476876611706e-24	2.145189777333638247e-19	1.993628986654973366e-18	2.325514556876353498e-18	1.112520214592182767e-16	2.952101784876661343e-26	2.952453739454001169e-29	1.795386325629011806e-02	6.995289797227176309e-02	4.710202771866366534e-05	1.052757642847975397e-12	4.613674266420098366e-05
2.340000000000000213e+01	5.433648625825289418e-15	2.133462542911527067e-20	7.527079765211486059e-22	1.999034715992261367e-03	9.652840014935614199e-07	1.278869476753566835e-24	2.145189777129392173e-19	1.993628986465157177e-18	2.325514556654928177e-18	1.112520214484568088e-16	2.952101784591113791e-26	2.952453738893305781e-29	1.795386325628550370e-02	6.995289797226718342e-02	4.710202772319488503e-05	1.057277477213778739e-12	4.613674266430520260e-05
2.350000000000000000e+01	5.433648625287871616e-15	2.133462542699967876e-20	7.527079764479353383e-22	1.999034715992365450e-03	9.652840014006878571e-07	1.278869476630522331e-24	2.145189776916669840e-19	1.993628986267464320e-18	2.325514556424320407e-18	1.112520214375710460e-16	2.952101784302261883e-26	2.952453738309278212e-29	1.795386325628088933e-02	6.995289797226260375e-02	4.710202772772610473e-05	1.061797311579147083e-12	4.613674266440942153e-05
2.360000000000000142e+01	5.433648624763150529e-15	2.133462542493393533e-20	7.527079763764473202e-22	1.999034715992469534e-03	9.652840013078149296e-07	1.278869476507478011e-24	2.145189776708960222e-19	1.993628986074429517e-18	2.325514556199169952e-18	1.112520214267410211e-16	2.952101784014892545e-26	2.952453737739048388e-29	1.795386325627627497e-02	6.995289797225802408e-02	4.710202773225732442e-05	1.066317145944080834e-12	4.613674266451364047e-05
2.370000000000000284e+01	5.433648624249045933e-15	2.133462542290987022e-20	7.527079763064015867e-22	1.999034715992573617e-03	9.652840012149413669e-07	1.278869476384433324e-24	2.145189776505441186e-19	1.993628985885289715e-18	2.325514555978531566e-18	1.112520214160153231e-16	2.952101783730294342e-26	2.952453737180354614e-29	1.795386325627166060e-02	6.995289797225344441e-02	4.710202773678854411e-05	1.070836980308579589e-12	4.613674266461785940e-05
2.380000000000000071e+01	5.433648623729528962e-15	2.133462542086455971e-20	7.527079762356207460e-22	1.999034715992677701e-03	9.652840011220680158e-07	1.278869476261389187e-24	2.145189776299786294e-19	1.993628985694164280e-18	2.325514555755588227e-18	1.112520214052951225e-16	2.952101783445840206e-26	2.952453736615779310e-29	1.795386325626704624e-02	6.995289797224886474e-02	4.710202774131976380e-05	1.075356814672643347e-12	4.613674266472207833e-05
2.390000000000000213e+01	5.433648623208801879e-15	2.133462541881450659e-20	7.527079761646757123e-22	1.999034715992781784e-03	9.652840010291948766e-07	1.278869476138344683e-24	2.145189776093653771e-19	1.993628985502595495e-18	2.325514555532141449e-18	1.112520213946217605e-16	2.952101783162626424e-26	2.952453736049891270e-29	1.795386325626243187e-02	6.995289797224428507e-02	4.710202774585098349e-05	1.079876649036272511e-12	4.613674266482629727e-05
2.400000000000000000e+01	5.433648622681049989e-15	2.133462541673686452e-20	7.527079760927758950e-22	1.999034715992885868e-03	9.652840009363211021e-07	1.278869476015299996e-24	2.145189775884746946e-19	1.993628985308447890e-18	2.325514555305670962e-18	1.112520213838939178e-16	2.952101782877965658e-26	2.952453735476367834e-29	1.795386325625781751e-02	6.995289797223970540e-02	4.710202775038220319e-05	1.084396483399466477e-12	4.613674266493051620e-05
2.410000000000000142e+01	5.433648622165703725e-15	2.133462541470792742e-20	7.527079760225616426e-22	1.999034715992989951e-03	9.652840008434479628e-07	1.278869475892255676e-24	2.145189775680738002e-19	1.993628985118852798e-18	2.325514555084528367e-18	1.112520213732211968e-16	2.952101782594771391e-26	2.952453734916324890e-29	1.795386325625320315e-02	6.995289797223512573e-02	4.710202775491342288e-05	1.088916317762225850e-12	4.613674266503473513e-05
2.420000000000000284e+01	5.433648621643518827e-15	2.133462541265214465e-20	7.527079759514182795e-22	1.999034715993094034e-03	9.652840007505746118e-07	1.278869475769211356e-24	2.145189775474030349e-19	1.993628984926749375e-18	2.325514554860440255e-18	1.112520213625461831e-16	2.952101782311512839e-26	2.952453734348851701e-29	1.795386325624858878e-02	6.995289797223054606e-02	4.710202775944464257e-05	1.093436152124550429e-12	4.613674266513895407e-05
2.430000000000000071e+01	5.433648621137012539e-15	2.133462541065792244e-20	7.527079758824052882e-22	1.999034715993198118e-03	9.652840006577010490e-07	1.278869475646166301e-24	2.145189775273511430e-19	1.993628984740397549e-18	2.325514554643077876e-18	1.112520213519467028e-16	2.952101782030266058e-26	2.952453733798416059e-29	1.795386325624397442e-02	6.995289797222596639e-02	4.710202776397586226e-05	1.097955986486440010e-12	4.613674266524317300e-05
2.440000000000000213e+01	5.433648620605859870e-15	2.133462540856692224e-20	7.527079758100433606e-22	1.999034715993302201e-03	9.652840005648279097e-07	1.278869475523122348e-24	2.145189775063262473e-19	1.993628984545003097e-18	2.325514554415153311e-18	1.112520213412553203e-16	2.952101781746569565e-26	2.952453733221196559e-29	1.795386325623936005e-02	6.995289797222138672e-02	4.710202776850708195e-05	1.102475820847894796e-12	4.613674266534739194e-05
2.450000000000000000e+01	5.433648620102516914e-15	2.133462540658511625e-20	7.527079757414601302e-22	1.999034715993406285e-03	9.652840004719545587e-07	1.278869475400077660e-24	2.145189774863992279e-19	1.993628984359811451e-18	2.325514554199127912e-18	1.112520213306725787e-16	2.952101781465767038e-26	2.952453732674198582e-29	1.795386325623474569e-02	6.995289797221680705e-02	4.710202777303830165e-05	1.106995655208914586e-12	4.613674266545161087e-05
2.460000000000000142e+01	5.433648619563281576e-15	2.133462540446238636e-20	7.527079756679998206e-22	1.999034715993510368e-03	9.652840003790812077e-07	1.278869475277033157e-24	2.145189774650552779e-19	1.993628984161451837e-18	2.325514553967765563e-18	1.112520213199774490e-16	2.952101781181966083e-26	2.952453732088196303e-29	1.795386325623013132e-02	6.995289797221222738e-02	4.710202777756952134e-05	1.111515489569499581e-12	4.613674266555582980e-05
2.470000000000000284e+01	5.433648619053410796e-15	2.133462540245495046e-20	7.527079755985297972e-22	1.999034715993614451e-03	9.652840002862080684e-07	1.278869475153989020e-24	2.145189774448705450e-19	1.993628983973865105e-18	2.325514553748939477e-18	1.112520213092403372e-16	2.952101780897068267e-26	2.952453731534103833e-29	1.795386325622551696e-02	6.995289797220764771e-02	4.710202778210074103e-05	1.116035323929649578e-12	4.613674266566004874e-05
2.480000000000000071e+01	5.433648618517614103e-15	2.133462540034572013e-20	7.527079755255367702e-22	1.999034715993718535e-03	9.652840001933345057e-07	1.278869475030944333e-24	2.145189774236622767e-19	1.993628983776766590e-18	2.325514553519034286e-18	1.112520212984722872e-16	2.952101780611337044e-26	2.952453730951836856e-29	1.795386325622090259e-02	6.995289797220306804e-02	4.710202778663196072e-05	1.120555158289364781e-12	4.613674266576426767e-05
2.490000000000000213e+01	5.433648617983224737e-15	2.133462539824201482e-20	7.527079754527349256e-22	1.999034715993822618e-03	9.652840001004611546e-07	1.278869474907900012e-24	2.145189774025095955e-19	1.993628983580184609e-18	2.325514553289737689e-18	1.112520212875575092e-16	2.952101780321716013e-26	2.952453730371100657e-29	1.795386325621628823e-02	6.995289797219848837e-02	4.710202779116318041e-05	1.125074992648644988e-12	4.613674266586848661e-05
2.500000000000000000e+01	5.433648617489751220e-15	2.133462539629896516e-20	7.527079753854929812e-22	1.999034715993926702e-03	9.652840000075880154e-07	1.278869474784855509e-24	2.145189773829723121e-19	1.993628983398614868e-18	2.325514553077933929e-18	1.112520212769306406e-16	2.952101780039749472e-26	2.952453729834829340e-29	1.795386325621167387e-02	6.995289797219390870e-02	4.710202779569440011e-05	1.129594827007490197e-12	4.613674266597270554e-05
2.510000000000000142e+01	5.433648616961533902e-15	2.133462539421949647e-20	7.527079753135298753e-22	1.999034715994030785e-03	9.652839999147144526e-07	1.278869474661810821e-24	2.145189773620633093e-19	1.993628983204297395e-18	2.325514552851261604e-18	1.112520212662548874e-16	2.952101779756468534e-26	2.952453729260799195e-29	1.795386325620705950e-02	6.995289797218932903e-02	4.710202780022561980e-05	1.134114661365901015e-12	4.613674266607692447e-05
2.520000000000000284e+01	5.433648616440582782e-15	2.133462539216855261e-20	7.527079752425539966e-22	1.999034715994134868e-03	9.652839998218411016e-07	1.278869474538766134e-24	2.145189773414411255e-19	1.993628983012645025e-18	2.325514552627727774e-18	1.112520212556496879e-16	2.952101779475061615e-26	2.952453728694666207e-29	1.795386325620244514e-02	6.995289797218474936e-02	4.710202780475683949e-05	1.138634495723876635e-12	4.613674266618114341e-05
2.530000000000000071e+01	5.433648615917740763e-15	2.133462539011018790e-20	7.527079751713213899e-22	1.999034715994238952e-03	9.652839997289677506e-07	1.278869474415721997e-24	2.145189773207443360e-19	1.993628982820300476e-18	2.325514552403356551e-18	1.112520212448973412e-16	2.952101779189753984e-26	2.952453728126478916e-29	1.795386325619783077e-02	6.995289797218016969e-02	4.710202780928805918e-05	1.143154330081417258e-12	4.613674266628536234e-05
2.540000000000000213e+01	5.433648615390399869e-15	2.133462538803415579e-20	7.527079750994772441e-22	1.999034715994343035e-03	9.652839996360946113e-07	1.278869474292677493e-24	2.145189772998699036e-19	1.993628982626303478e-18	2.325514552177055160e-18	1.112520212340860272e-16	2.952101778902878261e-26	2.952453727553399973e-29	1.795386325619321641e-02	6.995289797217559002e-02	4.710202781381927887e-05	1.147674164438523489e-12	4.613674266638958127e-05
2.550000000000000000e+01	5.433648614874375974e-15	2.133462538600256752e-20	7.527079750291713031e-22	1.999034715994447119e-03	9.652839995432210485e-07	1.278869474169632989e-24	2.145189772794423350e-19	1.993628982436460712e-18	2.325514551955628683e-18	1.112520212234177928e-16	2.952101778619803953e-26	2.952453726992622187e-29	1.795386325618860204e-02	6.995289797217101035e-02	4.710202781835049857e-05	1.152193998795194522e-12	4.613674266649380021e-05
2.560000000000000142e+01	5.433648614353730144e-15	2.133462538395281834e-20	7.527079749582367078e-22	1.999034715994551202e-03	9.652839994503476975e-07	1.278869474046588486e-24	2.145189772588322124e-19	1.993628982244920816e-18	2.325514551732191535e-18	1.112520212126674182e-16	2.952101778334547979e-26	2.952453726426821028e-29	1.795386325618398768e-02	6.995289797216643068e-02	4.710202782288171826e-05	1.156713833151430760e-12	4.613674266659801914e-05
2.570000000000000284e+01	5.433648613829324602e-15	2.133462538188831472e-20	7.527079748867916658e-22	1.999034715994655285e-03	9.652839993574745583e-07	1.278869473923544165e-24	2.145189772380736728e-19	1.993628982052001569e-18	2.325514551507179747e-18	1.112520212020267446e-16	2.952101778052199746e-26	2.952453725856933681e-29	1.795386325617937331e-02	6.995289797216185101e-02	4.710202782741293795e-05	1.161233667507232405e-12	4.613674266670223808e-05
2.580000000000000071e+01	5.433648613314932860e-15	2.133462537986313318e-20	7.527079748167072820e-22	1.999034715994759369e-03	9.652839992646009955e-07	1.278869473800499294e-24	2.145189772177105507e-19	1.993628981862757382e-18	2.325514551286422339e-18	1.112520211913320834e-16	2.952101777768425193e-26	2.952453725297929379e-29	1.795386325617475895e-02	6.995289797215727134e-02	4.710202783194415764e-05	1.165753501862598650e-12	4.613674266680645701e-05
2.590000000000000213e+01	5.433648612779333382e-15	2.133462537775467925e-20	7.527079747437410562e-22	1.999034715994863452e-03	9.652839991717276445e-07	1.278869473677454974e-24	2.145189771965100823e-19	1.993628981665730511e-18	2.325514551056592259e-18	1.112520211805110811e-16	2.952101777481290035e-26	2.952453724715878202e-29	1.795386325617014459e-02	6.995289797215269167e-02	4.710202783647537733e-05	1.170273336217530301e-12	4.613674266691067594e-05
2.600000000000000000e+01	5.433648612273907044e-15	2.133462537576468806e-20	7.527079746748746727e-22	1.999034715994967536e-03	9.652839990788542934e-07	1.278869473554410287e-24	2.145189771765008258e-19	1.993628981479775427e-18	2.325514550839697110e-18	1.112520211698953306e-16	2.952101777199611053e-26	2.952453724166616288e-29	1.795386325616553022e-02	6.995289797214811200e-02	4.710202784100659703e-05	1.174793170572027158e-12	4.613674266701489488e-05
2.610000000000000142e+01	5.433648611762650236e-15	2.133462537375181742e-20	7.527079746052163821e-22	1.999034715995071619e-03	9.652839989859809424e-07	1.278869473431366150e-24	2.145189771562614687e-19	1.993628981291680634e-18	2.325514550620280534e-18	1.112520211593621640e-16	2.952101776920119478e-26	2.952453723611018823e-29	1.795386325616091586e-02	6.995289797214353233e-02	4.710202784553781672e-05	1.179313004926089018e-12	4.613674266711911381e-05
2.620000000000000284e+01	5.433648611244758319e-15	2.133462537171288354e-20	7.527079745346562522e-22	1.999034715995175703e-03	9.652839988931078032e-07	1.278869473308321830e-24	2.145189771357600649e-19	1.993628981101151467e-18	2.325514550398029374e-18	1.112520211487119255e-16	2.952101776637519272e-26	2.952453723048208034e-29	1.795386325615630149e-02	6.995289797213895266e-02	4.710202785006903641e-05	1.183832839279716082e-12	4.613674266722333275e-05
2.630000000000000071e+01	5.433648610726015220e-15	2.133462536967061238e-20	7.527079744639804537e-22	1.999034715995279786e-03	9.652839988002342404e-07	1.278869473185276959e-24	2.145189771152250776e-19	1.993628980910309913e-18	2.325514550175433472e-18	1.112520211381331528e-16	2.952101776356814320e-26	2.952453722484475190e-29	1.795386325615168713e-02	6.995289797213437299e-02	4.710202785460025610e-05	1.188352673632908352e-12	4.613674266732755168e-05
2.640000000000000213e+01	5.433648610198014050e-15	2.133462536759199230e-20	7.527079743920467822e-22	1.999034715995383869e-03	9.652839987073608894e-07	1.278869473062232639e-24	2.145189770943245728e-19	1.993628980716071404e-18	2.325514549948857444e-18	1.112520211274466760e-16	2.952101776073249841e-26	2.952453721910680463e-29	1.795386325614707276e-02	6.995289797212979332e-02	4.710202785913147579e-05	1.192872507985665625e-12	4.613674266743177061e-05
2.650000000000000000e+01	5.433648609653014506e-15	2.133462536544662672e-20	7.527079743178032173e-22	1.999034715995487953e-03	9.652839986144875384e-07	1.278869472939188135e-24	2.145189770727530501e-19	1.993628980515596734e-18	2.325514549715027208e-18	1.112520211165144937e-16	2.952101775783161597e-26	2.952453721318413820e-29	1.795386325614245840e-02	6.995289797212521365e-02	4.710202786366269549e-05	1.197392342337988104e-12	4.613674266753598955e-05
2.660000000000000142e+01	5.433648609132744173e-15	2.133462536339835809e-20	7.527079742469199675e-22	1.999034715995592036e-03	9.652839985216141873e-07	1.278869472816143631e-24	2.145189770521577812e-19	1.993628980324194734e-18	2.325514549491755305e-18	1.112520211056784784e-16	2.952101775495636712e-26	2.952453720753020158e-29	1.795386325613784403e-02	6.995289797212063398e-02	4.710202786819391518e-05	1.201912176689875787e-12	4.613674266764020848e-05
2.670000000000000284e+01	5.433648608626484798e-15	2.133462536140510185e-20	7.527079741779402663e-22	1.999034715995696120e-03	9.652839984287408363e-07	1.278869472693098943e-24	2.145189770321156393e-19	1.993628980137933042e-18	2.325514549274475741e-18	1.112520210949198208e-16	2.952101775210169516e-26	2.952453720202853005e-29	1.795386325613322967e-02	6.995289797211605431e-02	4.710202787272513487e-05	1.206432011041328473e-12	4.613674266774442741e-05
2.680000000000000071e+01	5.433648608098554626e-15	2.133462535932675862e-20	7.527079741060164690e-22	1.999034715995800203e-03	9.652839983358674853e-07	1.278869472570054623e-24	2.145189770112179513e-19	1.993628979943721111e-18	2.325514549047956335e-18	1.112520210842687195e-16	2.952101774927541759e-26	2.952453719629136190e-29	1.795386325612861531e-02	6.995289797211147464e-02	4.710202787725635456e-05	1.210951845392345961e-12	4.613674266784864635e-05
2.690000000000000213e+01	5.433648607565984373e-15	2.133462535723019730e-20	7.527079740334618543e-22	1.999034715995904286e-03	9.652839982429939225e-07	1.278869472447009936e-24	2.145189769901370832e-19	1.993628979747806272e-18	2.325514548819419325e-18	1.112520210734208467e-16	2.952101774639696598e-26	2.952453719050375822e-29	1.795386325612400094e-02	6.995289797210689497e-02	4.710202788178757425e-05	1.215471679742929058e-12	4.613674266795286528e-05
2.700000000000000000e+01	5.433648607045692741e-15	2.133462535518184442e-20	7.527079739625757834e-22	1.999034715996008370e-03	9.652839981501209950e-07	1.278869472323965983e-24	2.145189769695409477e-19	1.993628979556396569e-18	2.325514548596136637e-18	1.112520210626663306e-16	2.952101774354331569e-26	2.952453718484959178e-29	1.795386325611938658e-02	6.995289797210231530e-02	4.710202788631879395e-05	1.219991514093076956e-12	4.613674266805708422e-05
2.710000000000000142e+01	5.433648606520789428e-15	2.133462535311539080e-20	7.527079738910630329e-22	1.999034715996112453e-03	9.652839980572474322e-07	1.278869472200921112e-24	2.145189769487628839e-19	1.993628979363295900e-18	2.325514548370909144e-18	1.112520210519194813e-16	2.952101774069168004e-26	2.952453717914531491e-29	1.795386325611477221e-02	6.995289797209773563e-02	4.710202789085001364e-05	1.224511348442790059e-12	4.613674266816130315e-05
2.720000000000000284e+01	5.433648606021550915e-15	2.133462535114970244e-20	7.527079738230375510e-22	1.999034715996216537e-03	9.652839979643740812e-07	1.278869472077876792e-24	2.145189769289979316e-19	1.993628979179610716e-18	2.325514548156638653e-18	1.112520210413582361e-16	2.952101773788936579e-26	2.952453717371995810e-29	1.795386325611015785e-02	6.995289797209315596e-02	4.710202789538123333e-05	1.229031182792068569e-12	4.613674266826552208e-05
2.730000000000000071e+01	5.433648605488198113e-15	2.133462534905006264e-20	7.527079737503764836e-22	1.999034715996320620e-03	9.652839978715009420e-07	1.278869471954832471e-24	2.145189769078861283e-19	1.993628978983408915e-18	2.325514547927793109e-18	1.112520210307524943e-16	2.952101773507509571e-26	2.952453716792384013e-29	1.795386325610554348e-02	6.995289797208857629e-02	4.710202789991245302e-05	1.233551017140911880e-12	4.613674266836974102e-05
2.740000000000000213e+01	5.433648604963376052e-15	2.133462534698392500e-20	7.527079736788749238e-22	1.999034715996424703e-03	9.652839977786273792e-07	1.278869471831787600e-24	2.145189768871111460e-19	1.993628978790336364e-18	2.325514547702572935e-18	1.112520210200039933e-16	2.952101773222300662e-26	2.952453716222045448e-29	1.795386325610092912e-02	6.995289797208399662e-02	4.710202790444367271e-05	1.238070851489320397e-12	4.613674266847395995e-05
2.750000000000000000e+01	5.433648604452751122e-15	2.133462534497353099e-20	7.527079736093023973e-22	1.999034715996528787e-03	9.652839976857540282e-07	1.278869471708743280e-24	2.145189768668967298e-19	1.993628978602474223e-18	2.325514547483427144e-18	1.112520210092222369e-16	2.952101772936220464e-26	2.952453715667132938e-29	1.795386325609631475e-02	6.995289797207941696e-02	4.710202790897489241e-05	1.242590685837294118e-12	4.613674266857817888e-05
2.760000000000000142e+01	5.433648603921457246e-15	2.133462534288198311e-20	7.527079735369211915e-22	1.999034715996632870e-03	9.652839975928808889e-07	1.278869471585698960e-24	2.145189768458662489e-19	1.993628978407027386e-18	2.325514547255464447e-18	1.112520209985010255e-16	2.952101772651733038e-26	2.952453715089760416e-29	1.795386325609170039e-02	6.995289797207483729e-02	4.710202791350611210e-05	1.247110520184833045e-12	4.613674266868239782e-05
2.770000000000000284e+01	5.433648603399269981e-15	2.133462534082618831e-20	7.527079734657775463e-22	1.999034715996736954e-03	9.652839975000073261e-07	1.278869471462654272e-24	2.145189768251953150e-19	1.993628978214922422e-18	2.325514547031373253e-18	1.112520209877699780e-16	2.952101772366988473e-26	2.952453714522284424e-29	1.795386325608708603e-02	6.995289797207025762e-02	4.710202791803733179e-05	1.251630354531936975e-12	4.613674266878661675e-05
2.780000000000000071e+01	5.433648602888847788e-15	2.133462533881658573e-20	7.527079733962322912e-22	1.999034715996841037e-03	9.652839974071339751e-07	1.278869471339609769e-24	2.145189768049888432e-19	1.993628978027134238e-18	2.325514546812319137e-18	1.112520209771201093e-16	2.952101772084403190e-26	2.952453713967593319e-29	1.795386325608247166e-02	6.995289797206567795e-02	4.710202792256855148e-05	1.256150188878606312e-12	4.613674266889083569e-05
2.790000000000000213e+01	5.433648602360654925e-15	2.133462533673721334e-20	7.527079733242725708e-22	1.999034715996945120e-03	9.652839973142606241e-07	1.278869471216565448e-24	2.145189767840808274e-19	1.993628977832825240e-18	2.325514546585678782e-18	1.112520209664363689e-16	2.952101771800911031e-26	2.952453713393590639e-29	1.795386325607785730e-02	6.995289797206109828e-02	4.710202792709977117e-05	1.260670023224840652e-12	4.613674266899505462e-05
2.800000000000000000e+01	5.433648601841172664e-15	2.133462533469204125e-20	7.527079732534965261e-22	1.999034715997049204e-03	9.652839972213872731e-07	1.278869471093520945e-24	2.145189767635166382e-19	1.993628977641712900e-18	2.325514546362743147e-18	1.112520209557099067e-16	2.952101771516290443e-26	2.952453712829052890e-29	1.795386325607324293e-02	6.995289797205651861e-02	4.710202793163099087e-05	1.265189857570639793e-12	4.613674266909927355e-05
2.810000000000000142e+01	5.433648601316778166e-15	2.133462533262757977e-20	7.527079731820528947e-22	1.999034715997153287e-03	9.652839971285141338e-07	1.278869470970476441e-24	2.145189767427585078e-19	1.993628977448797120e-18	2.325514546137710174e-18	1.112520209449237622e-16	2.952101771230084546e-26	2.952453712259178996e-29	1.795386325606862857e-02	6.995289797205193894e-02	4.710202793616221056e-05	1.269709691916004543e-12	4.613674266920349249e-05
2.820000000000000284e+01	5.433648600808328913e-15	2.133462533062572605e-20	7.527079731127757464e-22	1.999034715997257371e-03	9.652839970356405710e-07	1.278869470847431937e-24	2.145189767226299880e-19	1.993628977261733085e-18	2.325514545919517718e-18	1.112520209343204855e-16	2.952101770948735024e-26	2.952453711706631317e-29	1.795386325606401420e-02	6.995289797204735927e-02	4.710202794069343025e-05	1.274229526260934297e-12	4.613674266930771142e-05
2.830000000000000071e+01	5.433648600289889526e-15	2.133462532858464656e-20	7.527079730421413253e-22	1.999034715997361454e-03	9.652839969427672200e-07	1.278869470724387433e-24	2.145189767021069897e-19	1.993628977071002850e-18	2.325514545697031210e-18	1.112520209236664753e-16	2.952101770666036668e-26	2.952453711143228059e-29	1.795386325605939984e-02	6.995289797204277960e-02	4.710202794522464994e-05	1.278749360605428851e-12	4.613674266941193036e-05
2.840000000000000213e+01	5.433648599753298450e-15	2.133462532647229563e-20	7.527079729690403409e-22	1.999034715997465537e-03	9.652839968498938690e-07	1.278869470601343113e-24	2.145189766808673528e-19	1.993628976873613135e-18	2.325514545466801692e-18	1.112520209129256164e-16	2.952101770381024058e-26	2.952453710560097882e-29	1.795386325605478547e-02	6.995289797203819993e-02	4.710202794975586963e-05	1.283269194949489015e-12	4.613674266951614929e-05
2.850000000000000000e+01	5.433648599226109018e-15	2.133462532439685935e-20	7.527079728972168837e-22	1.999034715997569621e-03	9.652839967570205180e-07	1.278869470478298426e-24	2.145189766599989629e-19	1.993628976679672374e-18	2.325514545240567324e-18	1.112520209021460540e-16	2.952101770094992073e-26	2.952453709987184852e-29	1.795386325605017111e-02	6.995289797203362026e-02	4.710202795428708933e-05	1.287789029293113980e-12	4.613674266962036822e-05
2.860000000000000142e+01	5.433648598711045956e-15	2.133462532236903568e-20	7.527079728270411875e-22	1.999034715997673704e-03	9.652839966641471670e-07	1.278869470355254105e-24	2.145189766396092389e-19	1.993628976490181283e-18	2.325514545019527189e-18	1.112520208914012014e-16	2.952101769809886480e-26	2.952453709427451315e-29	1.795386325604555675e-02	6.995289797202904059e-02	4.710202795881830902e-05	1.292308863636303948e-12	4.613674266972458716e-05
2.870000000000000284e+01	5.433648598178169625e-15	2.133462532027127366e-20	7.527079727544450074e-22	1.999034715997777788e-03	9.652839965712738160e-07	1.278869470232209418e-24	2.145189766185162856e-19	1.993628976294153970e-18	2.325514544790883482e-18	1.112520208806187301e-16	2.952101769523774139e-26	2.952453708848358559e-29	1.795386325604094238e-02	6.995289797202446092e-02	4.710202796334952871e-05	1.296828697979059323e-12	4.613674266982880609e-05
2.880000000000000071e+01	5.433648597671038560e-15	2.133462531827459889e-20	7.527079726853471925e-22	1.999034715997881871e-03	9.652839964784004649e-07	1.278869470109165098e-24	2.145189765984397419e-19	1.993628976107572959e-18	2.325514544573233369e-18	1.112520208699386381e-16	2.952101769240389313e-26	2.952453708297244128e-29	1.795386325603632802e-02	6.995289797201988125e-02	4.710202796788074840e-05	1.301348532321379701e-12	4.613674266993302502e-05
2.890000000000000213e+01	5.433648597141835954e-15	2.133462531619126029e-20	7.527079726132501743e-22	1.999034715997985955e-03	9.652839963855273257e-07	1.278869469986120778e-24	2.145189765774918593e-19	1.993628975912894567e-18	2.325514544346141962e-18	1.112520208591745078e-16	2.952101768954765423e-26	2.952453707722143391e-29	1.795386325603171365e-02	6.995289797201530158e-02	4.710202797241196809e-05	1.305868366663265083e-12	4.613674267003724396e-05
2.900000000000000000e+01	5.433648596625857814e-15	2.133462531415984355e-20	7.527079725429501578e-22	1.999034715998090038e-03	9.652839962926537629e-07	1.278869469863076274e-24	2.145189765570660722e-19	1.993628975723067208e-18	2.325514544124730892e-18	1.112520208485145318e-16	2.952101768671908651e-26	2.952453707161415492e-29	1.795386325602709929e-02	6.995289797201072191e-02	4.710202797694318779e-05	1.310388201004715871e-12	4.613674267014146289e-05
2.910000000000000142e+01	5.433648596106733695e-15	2.133462531211607979e-20	7.527079724722227316e-22	1.999034715998194121e-03	9.652839961997802001e-07	1.278869469740031403e-24	2.145189765365160627e-19	1.993628975532085832e-18	2.325514543901949331e-18	1.112520208378587220e-16	2.952101768389160934e-26	2.952453706597267304e-29	1.795386325602248492e-02	6.995289797200614224e-02	4.710202798147440748e-05	1.314908035345731865e-12	4.613674267024568183e-05
2.920000000000000284e+01	5.433648595564602449e-15	2.133462530998197789e-20	7.527079723983690547e-22	1.999034715998298205e-03	9.652839961069070609e-07	1.278869469616987082e-24	2.145189765150577123e-19	1.993628975332663105e-18	2.325514543669347453e-18	1.112520208270616567e-16	2.952101768102657144e-26	2.952453706008118830e-29	1.795386325601787056e-02	6.995289797200156257e-02	4.710202798600562717e-05	1.319427869686312660e-12	4.613674267034990076e-05
2.930000000000000071e+01	5.433648595049813910e-15	2.133462530795522852e-20	7.527079723282305041e-22	1.999034715998402288e-03	9.652839960140337098e-07	1.278869469493942395e-24	2.145189764946788698e-19	1.993628975143272932e-18	2.325514543448419792e-18	1.112520208162666376e-16	2.952101767816221658e-26	2.952453705448682367e-29	1.795386325601325619e-02	6.995289797199698290e-02	4.710202799053684686e-05	1.323947704026458660e-12	4.613674267045411969e-05
2.940000000000000213e+01	5.433648594529023718e-15	2.133462530590491961e-20	7.527079722572765366e-22	1.999034715998506372e-03	9.652839959211603588e-07	1.278869469370898258e-24	2.145189764740630657e-19	1.993628974951679880e-18	2.325514543224929874e-18	1.112520208055174710e-16	2.952101767530997826e-26	2.952453704882723141e-29	1.795386325600864183e-02	6.995289797199240323e-02	4.710202799506806655e-05	1.328467538366170067e-12	4.613674267055833863e-05
2.950000000000000000e+01	5.433648594005751769e-15	2.133462530384486971e-20	7.527079721859856254e-22	1.999034715998610455e-03	9.652839958282870078e-07	1.278869469247853571e-24	2.145189764533493040e-19	1.993628974759177404e-18	2.325514543000401880e-18	1.112520207947961857e-16	2.952101767246512696e-26	2.952453704314068377e-29	1.795386325600402747e-02	6.995289797198782356e-02	4.710202799959928625e-05	1.332987372705446073e-12	4.613674267066255756e-05
2.960000000000000142e+01	5.433648593494452362e-15	2.133462530183182454e-20	7.527079721163211282e-22	1.999034715998714538e-03	9.652839957354136568e-07	1.278869469124809067e-24	2.145189764331081895e-19	1.993628974571066819e-18	2.325514542780966044e-18	1.112520207840993057e-16	2.952101766962680746e-26	2.952453703758423828e-29	1.795386325599941310e-02	6.995289797198324389e-02	4.710202800413050594e-05	1.337507207044287688e-12	4.613674267076677650e-05
2.970000000000000284e+01	5.433648592961762203e-15	2.133462529973479076e-20	7.527079720437502447e-22	1.999034715998818622e-03	9.652839956425405175e-07	1.278869469001764931e-24	2.145189764120226029e-19	1.993628974375108455e-18	2.325514542552378960e-18	1.112520207733353480e-16	2.952101766677059151e-26	2.952453703179533980e-29	1.795386325599479874e-02	6.995289797197866422e-02	4.710202800866172563e-05	1.342027041382694509e-12	4.613674267087099543e-05
2.980000000000000071e+01	5.433648592441042219e-15	2.133462529768475570e-20	7.527079719728060574e-22	1.999034715998922705e-03	9.652839955496669548e-07	1.278869468878720059e-24	2.145189763914095673e-19	1.993628974183541211e-18	2.325514542328940656e-18	1.112520207626199545e-16	2.952101766392731290e-26	2.952453702613650984e-29	1.795386325599018437e-02	6.995289797197408455e-02	4.710202801319294532e-05	1.346546875720665928e-12	4.613674267097521436e-05
2.990000000000000213e+01	5.433648591935016348e-15	2.133462529569242330e-20	7.527079719038584236e-22	1.999034715999026789e-03	9.652839954567933920e-07	1.278869468755675556e-24	2.145189763713766940e-19	1.993628973997366185e-18	2.325514542111782040e-18	1.112520207521058438e-16	2.952101766113747106e-26	2.952453702063738307e-29	1.795386325598557001e-02	6.995289797196950488e-02	4.710202801772416501e-05	1.351066710058202957e-12	4.613674267107943330e-05
3.000000000000000000e+01	5.433648591404917596e-15	2.133462529360556386e-20	7.527079718316397182e-22	1.999034715999130872e-03	9.652839953639204645e-07	1.278869468632631419e-24	2.145189763503933984e-19	1.993628973802358075e-18	2.325514541884302366e-18	1.112520207413801704e-16	2.952101765829141441e-26	2.952453701487663948e-29	1.795386325598095564e-02	6.995289797196492521e-02	4.710202802225538471e-05	1.355586544395305191e-12	4.613674267118365223e-05
3.010000000000000142e+01	5.433648590899725551e-15	2.133462529161649350e-20	7.527079717628052141e-22	1.999034715999234955e-03	9.652839952710469017e-07	1.278869468509586732e-24	2.145189763303934345e-19	1.993628973616488502e-18	2.325514541667490802e-18	1.112520207307389299e-16	2.952101765546787469e-26	2.952453700938657070e-29	1.795386325597634128e-02	6.995289797196034554e-02	4.710202802678660440e-05	1.360106378731972226e-12	4.613674267128787116e-05
3.020000000000000284e+01	5.433648590373671289e-15	2.133462528954551696e-20	7.527079716911359818e-22	1.999034715999339039e-03	9.652839951781733389e-07	1.278869468386542044e-24	2.145189763095698466e-19	1.993628973422964898e-18	2.325514541441747546e-18	1.112520207201137870e-16	2.952101765264849626e-26	2.952453700366978304e-29	1.795386325597172691e-02	6.995289797195576587e-02	4.710202803131782409e-05	1.364626213068204668e-12	4.613674267139209010e-05
3.030000000000000071e+01	5.433648589863703480e-15	2.133462528753770189e-20	7.527079716216526048e-22	1.999034715999443122e-03	9.652839950853001997e-07	1.278869468263497908e-24	2.145189762893812859e-19	1.993628973235342729e-18	2.325514541222909519e-18	1.112520207095365674e-16	2.952101764984190018e-26	2.952453699812781016e-29	1.795386325596711255e-02	6.995289797195118620e-02	4.710202803584904378e-05	1.369146047404002113e-12	4.613674267149630903e-05
3.040000000000000213e+01	5.433648589348118192e-15	2.133462528550783492e-20	7.527079715514060968e-22	1.999034715999547206e-03	9.652839949924268486e-07	1.278869468140453220e-24	2.145189762689710267e-19	1.993628973045660199e-18	2.325514541001639813e-18	1.112520206988290872e-16	2.952101764700074526e-26	2.952453699252479672e-29	1.795386325596249819e-02	6.995289797194660653e-02	4.710202804038026347e-05	1.373665881739364561e-12	4.613674267160052797e-05
3.050000000000000000e+01	5.433648588808170512e-15	2.133462528338230340e-20	7.527079714778490206e-22	1.999034715999651289e-03	9.652839948995537094e-07	1.278869468017409084e-24	2.145189762475988858e-19	1.993628972847038274e-18	2.325514540769949285e-18	1.112520206880538635e-16	2.952101764414151596e-26	2.952453698665702195e-29	1.795386325595788382e-02	6.995289797194202686e-02	4.710202804491148317e-05	1.378185716074292013e-12	4.613674267170474690e-05
3.060000000000000142e+01	5.433648588283641908e-15	2.133462528131731229e-20	7.527079714063869574e-22	1.999034715999755372e-03	9.652839948066803584e-07	1.278869467894364396e-24	2.145189762268354591e-19	1.993628972654074345e-18	2.325514540544878949e-18	1.112520206772837921e-16	2.952101764128371585e-26	2.952453698095680885e-29	1.795386325595326946e-02	6.995289797193744719e-02	4.710202804944270286e-05	1.382705550408784872e-12	4.613674267180896583e-05
3.070000000000000284e+01	5.433648587769397683e-15	2.133462527929270853e-20	7.527079713363226981e-22	1.999034715999859456e-03	9.652839947138067956e-07	1.278869467771319709e-24	2.145189762064780907e-19	1.993628972464882928e-18	2.325514540324186636e-18	1.112520206665192180e-16	2.952101763842743103e-26	2.952453697536836331e-29	1.795386325594865509e-02	6.995289797193286752e-02	4.710202805397392255e-05	1.387225384742842733e-12	4.613674267191318477e-05
3.080000000000000071e+01	5.433648587250241222e-15	2.133462527724881838e-20	7.527079712655909460e-22	1.999034715999963539e-03	9.652839946209336563e-07	1.278869467648275388e-24	2.145189761859268775e-19	1.993628972273890767e-18	2.325514540101393905e-18	1.112520206558322235e-16	2.952101763559168866e-26	2.952453696972653951e-29	1.795386325594404073e-02	6.995289797192828785e-02	4.710202805850514224e-05	1.391745219076465598e-12	4.613674267201740370e-05
3.090000000000000213e+01	5.433648586712563884e-15	2.133462527513220332e-20	7.527079711923424136e-22	1.999034716000067623e-03	9.652839945280603053e-07	1.278869467525230885e-24	2.145189761646443405e-19	1.993628972076101614e-18	2.325514539870688683e-18	1.112520206450900334e-16	2.952101763274121818e-26	2.952453696388344441e-29	1.795386325593942636e-02	6.995289797192370818e-02	4.710202806303636193e-05	1.396265053409653870e-12	4.613674267212162264e-05
3.100000000000000000e+01	5.433648586197866853e-15	2.133462527310581506e-20	7.527079711222163703e-22	1.999034716000171706e-03	9.652839944351867425e-07	1.278869467402186197e-24	2.145189761442691331e-19	1.993628971886745337e-18	2.325514539649811481e-18	1.112520206343482624e-16	2.952101762989097728e-26	2.952453695829008312e-29	1.795386325593481200e-02	6.995289797191912851e-02	4.710202806756758162e-05	1.400784887742406944e-12	4.613674267222584157e-05
3.110000000000000142e+01	5.433648585684009170e-15	2.133462527108272797e-20	7.527079710522044910e-22	1.999034716000275790e-03	9.652839943423136033e-07	1.278869467279142061e-24	2.145189761239270277e-19	1.993628971697696439e-18	2.325514539429308295e-18	1.112520206237197668e-16	2.952101762707077807e-26	2.952453695270583587e-29	1.795386325593019763e-02	6.995289797191454884e-02	4.710202807209880132e-05	1.405304722074725424e-12	4.613674267233006050e-05
3.120000000000000284e+01	5.433648585160573927e-15	2.133462526902203108e-20	7.527079709808910103e-22	1.999034716000379873e-03	9.652839942494400405e-07	1.278869467156097373e-24	2.145189761032068382e-19	1.993628971505133489e-18	2.325514539204683234e-18	1.112520206130422880e-16	2.952101762423752674e-26	2.952453694701751139e-29	1.795386325592558327e-02	6.995289797190996917e-02	4.710202807663002101e-05	1.409824556406609109e-12	4.613674267243427944e-05
3.130000000000000071e+01	5.433648584621243137e-15	2.133462526689892804e-20	7.527079709074180995e-22	1.999034716000483956e-03	9.652839941565666895e-07	1.278869467033052869e-24	2.145189760818590122e-19	1.993628971306737667e-18	2.325514538973270425e-18	1.112520206021397619e-16	2.952101762134454790e-26	2.952453694115644603e-29	1.795386325592096891e-02	6.995289797190538950e-02	4.710202808116124070e-05	1.414344390738057798e-12	4.613674267253849837e-05
3.140000000000000213e+01	5.433648584104752237e-15	2.133462526486549810e-20	7.527079708370483056e-22	1.999034716000588040e-03	9.652839940636933385e-07	1.278869466910008549e-24	2.145189760614129547e-19	1.993628971116722338e-18	2.325514538751621311e-18	1.112520205913270427e-16	2.952101761847549795e-26	2.952453693554358427e-29	1.795386325591635454e-02	6.995289797190080983e-02	4.710202808569246039e-05	1.418864225069071691e-12	4.613674267264271730e-05
3.150000000000000000e+01	5.433648583602322782e-15	2.133462526288727916e-20	7.527079707685892074e-22	1.999034716000692123e-03	9.652839939708199874e-07	1.278869466786964045e-24	2.145189760415220706e-19	1.993628970931866574e-18	2.325514538535983024e-18	1.112520205807815008e-16	2.952101761567732777e-26	2.952453693008352570e-29	1.795386325591174018e-02	6.995289797189623016e-02	4.710202809022368008e-05	1.423384059399650588e-12	4.613674267274693624e-05
3.160000000000000142e+01	5.433648583077183599e-15	2.133462526081989869e-20	7.527079706970443894e-22	1.999034716000796207e-03	9.652839938779466364e-07	1.278869466663919541e-24	2.145189760207345698e-19	1.993628970738678467e-18	2.325514538310633813e-18	1.112520205701287724e-16	2.952101761285064842e-26	2.952453692437668726e-29	1.795386325590712581e-02	6.995289797189165049e-02	4.710202809475489978e-05	1.427903893729794690e-12	4.613674267285115517e-05
3.170000000000000284e+01	5.433648582550481683e-15	2.133462525874637631e-20	7.527079706252870420e-22	1.999034716000900290e-03	9.652839937850732854e-07	1.278869466540875038e-24	2.145189759998853671e-19	1.993628970544916433e-18	2.325514538084629015e-18	1.112520205594145376e-16	2.952101761000763957e-26	2.952453691865285947e-29	1.795386325590251145e-02	6.995289797188707082e-02	4.710202809928611947e-05	1.432423728059503997e-12	4.613674267295537411e-05
3.180000000000000071e+01	5.433648582016452038e-15	2.133462525664408535e-20	7.527079705525343801e-22	1.999034716001004373e-03	9.652839936921999344e-07	1.278869466417830717e-24	2.145189759787469619e-19	1.993628970348467342e-18	2.325514537855477634e-18	1.112520205486128377e-16	2.952101760714141356e-26	2.952453691284940430e-29	1.795386325589789708e-02	6.995289797188249115e-02	4.710202810381733916e-05	1.436943562388778308e-12	4.613674267305959304e-05
3.190000000000000213e+01	5.433648581498183045e-15	2.133462525460367391e-20	7.527079704819231868e-22	1.999034716001108457e-03	9.652839935993267951e-07	1.278869466294786214e-24	2.145189759582306802e-19	1.993628970157799507e-18	2.325514537633078947e-18	1.112520205378473023e-16	2.952101760428485323e-26	2.952453690721722144e-29	1.795386325589328272e-02	6.995289797187791148e-02	4.710202810834855885e-05	1.441463396717617823e-12	4.613674267316381197e-05
3.200000000000000000e+01	5.433648580972621822e-15	2.133462525253463534e-20	7.527079704103209106e-22	1.999034716001212540e-03	9.652839935064532324e-07	1.278869466171741710e-24	2.145189759374264960e-19	1.993628969964456171e-18	2.325514537407539454e-18	1.112520205270664333e-16	2.952101760142419474e-26	2.952453690150578673e-29	1.795386325588866835e-02	6.995289797187333181e-02	4.710202811287977854e-05	1.445983231046022543e-12	4.613674267326803091e-05
3.210000000000000142e+01	5.433648580454317330e-15	2.133462525049407946e-20	7.527079703397045451e-22	1.999034716001316624e-03	9.652839934135798813e-07	1.278869466048697022e-24	2.145189759169088180e-19	1.993628969773775239e-18	2.325514537185118427e-18	1.112520205163278177e-16	2.952101759857477463e-26	2.952453689587321711e-29	1.795386325588405399e-02	6.995289797186875214e-02	4.710202811741099824e-05	1.450503065373994084e-12	4.613674267337224984e-05
3.220000000000000284e+01	5.433648579937313670e-15	2.133462524845864535e-20	7.527079702692654442e-22	1.999034716001420707e-03	9.652839933207067421e-07	1.278869465925652702e-24	2.145189758964425383e-19	1.993628969583572324e-18	2.325514536963267090e-18	1.112520205056493528e-16	2.952101759574130519e-26	2.952453689025478939e-29	1.795386325587943963e-02	6.995289797186417247e-02	4.710202812194221793e-05	1.455022899701530629e-12	4.613674267347646877e-05
3.230000000000000426e+01	5.433648579430388497e-15	2.133462524646276804e-20	7.527079702001953709e-22	1.999034716001524790e-03	9.652839932278331793e-07	1.278869465802608198e-24	2.145189758763741316e-19	1.993628969397066809e-18	2.325514536745706340e-18	1.112520204951005815e-16	2.952101759294226832e-26	2.952453688474587595e-29	1.795386325587482526e-02	6.995289797185959280e-02	4.710202812647343762e-05	1.459542734028632378e-12	4.613674267358068771e-05
3.239999999999999858e+01	5.433648578901452527e-15	2.133462524438047967e-20	7.527079701281346520e-22	1.999034716001628874e-03	9.652839931349598283e-07	1.278869465679563694e-24	2.145189758554367694e-19	1.993628969202485870e-18	2.325514536518726252e-18	1.112520204843895514e-16	2.952101759010011469e-26	2.952453687899776646e-29	1.795386325587021090e-02	6.995289797185501313e-02	4.710202813100465731e-05	1.464062568355298929e-12	4.613674267368490664e-05
3.250000000000000000e+01	5.433648578384205898e-15	2.133462524234408259e-20	7.527079700576621670e-22	1.999034716001732957e-03	9.652839930420864773e-07	1.278869465556519374e-24	2.145189758349608600e-19	1.993628969012193206e-18	2.325514536296773611e-18	1.112520204737441939e-16	2.952101758727540406e-26	2.952453687337669309e-29	1.795386325586559653e-02	6.995289797185043346e-02	4.710202813553587700e-05	1.468582402681530886e-12	4.613674267378912558e-05
3.260000000000000142e+01	5.433648577845214318e-15	2.133462524022230664e-20	7.527079699842351475e-22	1.999034716001837041e-03	9.652839929492131262e-07	1.278869465433474687e-24	2.145189758136265155e-19	1.993628968813922955e-18	2.325514536065497158e-18	1.112520204629524782e-16	2.952101758441180109e-26	2.952453686751932156e-29	1.795386325586098217e-02	6.995289797184585379e-02	4.710202814006709670e-05	1.473102237007327847e-12	4.613674267389334451e-05
3.270000000000000284e+01	5.433648577322857448e-15	2.133462523816584980e-20	7.527079699130683685e-22	1.999034716001941124e-03	9.652839928563397752e-07	1.278869465310430367e-24	2.145189757929488409e-19	1.993628968621754821e-18	2.325514535841345875e-18	1.112520204521342862e-16	2.952101758154125881e-26	2.952453686184270632e-29	1.795386325585636780e-02	6.995289797184127412e-02	4.710202814459831639e-05	1.477622071332690013e-12	4.613674267399756344e-05
3.280000000000000426e+01	5.433648576805409659e-15	2.133462523612866129e-20	7.527079698425685180e-22	1.999034716002045207e-03	9.652839927634664242e-07	1.278869465187385679e-24	2.145189757724649870e-19	1.993628968431388972e-18	2.325514535619290390e-18	1.112520204413524312e-16	2.952101757868037648e-26	2.952453685621944693e-29	1.795386325585175344e-02	6.995289797183669445e-02	4.710202814912953608e-05	1.482141905657617384e-12	4.613674267410178238e-05
3.289999999999999858e+01	5.433648576287866418e-15	2.133462523409110565e-20	7.527079697720559721e-22	1.999034716002149291e-03	9.652839926705930732e-07	1.278869465064341175e-24	2.145189757519774498e-19	1.993628968240988071e-18	2.325514535397181364e-18	1.112520204306863908e-16	2.952101757585020164e-26	2.952453685059516178e-29	1.795386325584713907e-02	6.995289797183211478e-02	4.710202815366075577e-05	1.486661739982109557e-12	4.613674267420600131e-05
3.300000000000000000e+01	5.433648575764506906e-15	2.133462523203070668e-20	7.527079697007530239e-22	1.999034716002253374e-03	9.652839925777197222e-07	1.278869464941296855e-24	2.145189757312601732e-19	1.993628968048452854e-18	2.325514535172612925e-18	1.112520204200455940e-16	2.952101757302669061e-26	2.952453684490765565e-29	1.795386325584252471e-02	6.995289797182753511e-02	4.710202815819197546e-05	1.491181574306166934e-12	4.613674267431022025e-05
3.310000000000000142e+01	5.433648575251288989e-15	2.133462523001012630e-20	7.527079696308278490e-22	1.999034716002357458e-03	9.652839924848463712e-07	1.278869464818252168e-24	2.145189757109433457e-19	1.993628967859638534e-18	2.325514534952360109e-18	1.112520204093825118e-16	2.952101757019731359e-26	2.952453683933035884e-29	1.795386325583791035e-02	6.995289797182295544e-02	4.710202816272319516e-05	1.495701408629789719e-12	4.613674267441443918e-05
3.320000000000000284e+01	5.433648574750440411e-15	2.133462522803812149e-20	7.527079695625837252e-22	1.999034716002461541e-03	9.652839923919730201e-07	1.278869464695207848e-24	2.145189756911148617e-19	1.993628967675362476e-18	2.325514534737402831e-18	1.112520203988716058e-16	2.952101756740835567e-26	2.952453683388749701e-29	1.795386325583329598e-02	6.995289797181837577e-02	4.710202816725441485e-05	1.500221242952977506e-12	4.613674267451865811e-05
3.330000000000000426e+01	5.433648574213586644e-15	2.133462522592473838e-20	7.527079694894470998e-22	1.999034716002565625e-03	9.652839922990998809e-07	1.278869464572163527e-24	2.145189756698649211e-19	1.993628967477876464e-18	2.325514534507056217e-18	1.112520203881935846e-16	2.952101756457489197e-26	2.952453682805334779e-29	1.795386325582868162e-02	6.995289797181379610e-02	4.710202817178563454e-05	1.504741077275730499e-12	4.613674267462287705e-05
3.339999999999999858e+01	5.433648573688598134e-15	2.133462522385794472e-20	7.527079694179226884e-22	1.999034716002669708e-03	9.652839922062263181e-07	1.278869464449119024e-24	2.145189756490833185e-19	1.993628967284743053e-18	2.325514534281763629e-18	1.112520203773387600e-16	2.952101756169463808e-26	2.952453682234812925e-29	1.795386325582406725e-02	6.995289797180921643e-02	4.710202817631685423e-05	1.509260911598048495e-12	4.613674267472709598e-05
3.350000000000000000e+01	5.433648573157586671e-15	2.133462522176750725e-20	7.527079693455800389e-22	1.999034716002773791e-03	9.652839921133529671e-07	1.278869464326074520e-24	2.145189756280640320e-19	1.993628967089400601e-18	2.325514534053922265e-18	1.112520203665821238e-16	2.952101755884036790e-26	2.952453681657748128e-29	1.795386325581945289e-02	6.995289797180463676e-02	4.710202818084807392e-05	1.513780745919931696e-12	4.613674267483131491e-05
3.360000000000000142e+01	5.433648572638752854e-15	2.133462521972487498e-20	7.527079692748918272e-22	1.999034716002877875e-03	9.652839920204798278e-07	1.278869464203029832e-24	2.145189756075254577e-19	1.993628966898525536e-18	2.325514533831264348e-18	1.112520203557668162e-16	2.952101755597060622e-26	2.952453681093914952e-29	1.795386325581483852e-02	6.995289797180005709e-02	4.710202818537929362e-05	1.518300580241380102e-12	4.613674267493553385e-05
3.370000000000000284e+01	5.433648572113288660e-15	2.133462521765621557e-20	7.527079692033029046e-22	1.999034716002981958e-03	9.652839919276062650e-07	1.278869464079985328e-24	2.145189755867251495e-19	1.993628966705218407e-18	2.325514533605775700e-18	1.112520203450321942e-16	2.952101755312220777e-26	2.952453680522877420e-29	1.795386325581022416e-02	6.995289797179547742e-02	4.710202818991051331e-05	1.522820414562393713e-12	4.613674267503975278e-05
3.380000000000000426e+01	5.433648571602378162e-15	2.133462521564469610e-20	7.527079691336916338e-22	1.999034716003086042e-03	9.652839918347331258e-07	1.278869463956941192e-24	2.145189755664994424e-19	1.993628966517250726e-18	2.325514533386529376e-18	1.112520203344000748e-16	2.952101755030105577e-26	2.952453679967656063e-29	1.795386325580560979e-02	6.995289797179089775e-02	4.710202819444173300e-05	1.527340248882972328e-12	4.613674267514397172e-05
3.389999999999999858e+01	5.433648571084499655e-15	2.133462521360582240e-20	7.527079690631331967e-22	1.999034716003190125e-03	9.652839917418595630e-07	1.278869463833896504e-24	2.145189755459985682e-19	1.993628966326726566e-18	2.325514533164284379e-18	1.112520203237883426e-16	2.952101754748527614e-26	2.952453679404862090e-29	1.795386325580099543e-02	6.995289797178631808e-02	4.710202819897295269e-05	1.531860083203115743e-12	4.613674267524819065e-05
3.400000000000000000e+01	5.433648570562309235e-15	2.133462521155001857e-20	7.527079689919892693e-22	1.999034716003294208e-03	9.652839916489862120e-07	1.278869463710852001e-24	2.145189755253274658e-19	1.993628966134619676e-18	2.325514532940192800e-18	1.112520203131174704e-16	2.952101754465379265e-26	2.952453678837382735e-29	1.795386325579638107e-02	6.995289797178173841e-02	4.710202820350417238e-05	1.536379917522824768e-12	4.613674267535240958e-05
3.410000000000000142e+01	5.433648570037481652e-15	2.133462520948385685e-20	7.527079689204866751e-22	1.999034716003398292e-03	9.652839915561130727e-07	1.278869463587807680e-24	2.145189755045523391e-19	1.993628965941546740e-18	2.325514532714991115e-18	1.112520203023908603e-16	2.952101754180751789e-26	2.952453678267037445e-29	1.795386325579176670e-02	6.995289797177715874e-02	4.710202820803539208e-05	1.540899751842098796e-12	4.613674267545662852e-05
3.420000000000000284e+01	5.433648569522743601e-15	2.133462520745730610e-20	7.527079688503549894e-22	1.999034716003502375e-03	9.652839914632395100e-07	1.278869463464762993e-24	2.145189754841754466e-19	1.993628965752174285e-18	2.325514532494084640e-18	1.112520202916551043e-16	2.952101753895887264e-26	2.952453677707654792e-29	1.795386325578715234e-02	6.995289797177257907e-02	4.710202821256661177e-05	1.545419586160938029e-12	4.613674267556084745e-05
3.430000000000000426e+01	5.433648569002605796e-15	2.133462520540956108e-20	7.527079687794897012e-22	1.999034716003606459e-03	9.652839913703663707e-07	1.278869463341718673e-24	2.145189754635854499e-19	1.993628965560821590e-18	2.325514532270877833e-18	1.112520202809634753e-16	2.952101753612189623e-26	2.952453677142405744e-29	1.795386325578253797e-02	6.995289797176799940e-02	4.710202821709783146e-05	1.549939420479342467e-12	4.613674267566506639e-05
3.439999999999999858e+01	5.433648568496114497e-15	2.133462520341539604e-20	7.527079687104787788e-22	1.999034716003710542e-03	9.652839912774930197e-07	1.278869463218674169e-24	2.145189754435341840e-19	1.993628965374475542e-18	2.325514532053525468e-18	1.112520202704463817e-16	2.952101753333125083e-26	2.952453676591988039e-29	1.795386325577792361e-02	6.995289797176341973e-02	4.710202822162905115e-05	1.554459254797311504e-12	4.613674267576928532e-05
3.450000000000000000e+01	5.433648567951265624e-15	2.133462520127062328e-20	7.527079686362559026e-22	1.999034716003814625e-03	9.652839911846194569e-07	1.278869463095629298e-24	2.145189754219685594e-19	1.993628965174055183e-18	2.325514531819734907e-18	1.112520202596284609e-16	2.952101753046067411e-26	2.952453675999883385e-29	1.795386325577330924e-02	6.995289797175884006e-02	4.710202822616027084e-05	1.558979089114845949e-12	4.613674267587350425e-05
3.460000000000000142e+01	5.433648567434385027e-15	2.133462519923566163e-20	7.527079685658331645e-22	1.999034716003918709e-03	9.652839910917463176e-07	1.278869462972585161e-24	2.145189754015071185e-19	1.993628964983897334e-18	2.325514531597940192e-18	1.112520202488960823e-16	2.952101752761291277e-26	2.952453675438175138e-29	1.795386325576869488e-02	6.995289797175426039e-02	4.710202823069149054e-05	1.563498923431945800e-12	4.613674267597772319e-05
3.470000000000000284e+01	5.433648566896317203e-15	2.133462519711751485e-20	7.527079684925315938e-22	1.999034716004022792e-03	9.652839909988729666e-07	1.278869462849540841e-24	2.145189753802091982e-19	1.993628964785965277e-18	2.325514531367047769e-18	1.112520202379853964e-16	2.952101752471777006e-26	2.952453674853440194e-29	1.795386325576408051e-02	6.995289797174968072e-02	4.710202823522271023e-05	1.568018757748610453e-12	4.613674267608194212e-05
3.480000000000000426e+01	5.433648566385026473e-15	2.133462519510450278e-20	7.527079684228684131e-22	1.999034716004126876e-03	9.652839909059994038e-07	1.278869462726495970e-24	2.145189753599684448e-19	1.993628964597858543e-18	2.325514531147626571e-18	1.112520202272563457e-16	2.952101752187092134e-26	2.952453674297805174e-29	1.795386325575946615e-02	6.995289797174510105e-02	4.710202823975392992e-05	1.572538592064840310e-12	4.613674267618616105e-05
3.489999999999999858e+01	5.433648565872602151e-15	2.133462519308704602e-20	7.527079683530513838e-22	1.999034716004230959e-03	9.652839908131260528e-07	1.278869462603451466e-24	2.145189753396829618e-19	1.993628964409335424e-18	2.325514530927730823e-18	1.112520202166305126e-16	2.952101751905142811e-26	2.952453673740938693e-29	1.795386325575485179e-02	6.995289797174052138e-02	4.710202824428514961e-05	1.577058426380635171e-12	4.613674267629037999e-05
3.500000000000000000e+01	5.433648565352379149e-15	2.133462519103896096e-20	7.527079682821747168e-22	1.999034716004335042e-03	9.652839907202527018e-07	1.278869462480407146e-24	2.145189753190895225e-19	1.993628964217950758e-18	2.325514530704483187e-18	1.112520202059591720e-16	2.952101751621982982e-26	2.952453673175597159e-29	1.795386325575023742e-02	6.995289797173594171e-02	4.710202824881636930e-05	1.581578260695995237e-12	4.613674267639459892e-05
3.510000000000000142e+01	5.433648564843148925e-15	2.133462518903404081e-20	7.527079682127913978e-22	1.999034716004439126e-03	9.652839906273795626e-07	1.278869462357362826e-24	2.145189752989301397e-19	1.993628964030599760e-18	2.325514530485937901e-18	1.112520201953678269e-16	2.952101751340949718e-26	2.952453672622201414e-29	1.795386325574562306e-02	6.995289797173136204e-02	4.710202825334758900e-05	1.586098095010920508e-12	4.613674267649881786e-05
3.520000000000000284e+01	5.433648564299751556e-15	2.133462518689496759e-20	7.527079681387656285e-22	1.999034716004543209e-03	9.652839905345062115e-07	1.278869462234318322e-24	2.145189752774218356e-19	1.993628963830712498e-18	2.325514530252792911e-18	1.112520201845627744e-16	2.952101751054233560e-26	2.952453672031675184e-29	1.795386325574100869e-02	6.995289797172678237e-02	4.710202825787880869e-05	1.590617929325411187e-12	4.613674267660303679e-05
3.530000000000000426e+01	5.433648563799891421e-15	2.133462518492683872e-20	7.527079680706556050e-22	1.999034716004647293e-03	9.652839904416326488e-07	1.278869462111273818e-24	2.145189752576323276e-19	1.993628963646799285e-18	2.325514530038249708e-18	1.112520201739011468e-16	2.952101750771342349e-26	2.952453671488461834e-29	1.795386325573639433e-02	6.995289797172220270e-02	4.710202826241002838e-05	1.595137763639466666e-12	4.613674267670725572e-05
3.539999999999999858e+01	5.433648563261213019e-15	2.133462518280629656e-20	7.527079679972712795e-22	1.999034716004751376e-03	9.652839903487595095e-07	1.278869461988229498e-24	2.145189752363103331e-19	1.993628963448643434e-18	2.325514529807130796e-18	1.112520201633175423e-16	2.952101750490497923e-26	2.952453670903064916e-29	1.795386325573177996e-02	6.995289797171762303e-02	4.710202826694124807e-05	1.599657597953087149e-12	4.613674267681147466e-05
3.550000000000000000e+01	5.433648562750314354e-15	2.133462518079482523e-20	7.527079679276613252e-22	1.999034716004855460e-03	9.652839902558861585e-07	1.278869461865184994e-24	2.145189752160850594e-19	1.993628963260679990e-18	2.325514529587872531e-18	1.112520201525612760e-16	2.952101750205092142e-26	2.952453670347855891e-29	1.795386325572716560e-02	6.995289797171304336e-02	4.710202827147246776e-05	1.604177432266273038e-12	4.613674267691569359e-05
3.560000000000000142e+01	5.433648562221772814e-15	2.133462517871408062e-20	7.527079678556542088e-22	1.999034716004959543e-03	9.652839901630125957e-07	1.278869461742140123e-24	2.145189751951632250e-19	1.993628963066243111e-18	2.325514529361057302e-18	1.112520201417795935e-16	2.952101749919003334e-26	2.952453669773473740e-29	1.795386325572255123e-02	6.995289797170846369e-02	4.710202827600368746e-05	1.608697266579023931e-12	4.613674267701991253e-05
3.570000000000000284e+01	5.433648561685266146e-15	2.133462517660206672e-20	7.527079677825648853e-22	1.999034716005063626e-03	9.652839900701392447e-07	1.278869461619095803e-24	2.145189751739269826e-19	1.993628962868884595e-18	2.325514529130864763e-18	1.112520201309833171e-16	2.952101749632521930e-26	2.952453669190435488e-29	1.795386325571793687e-02	6.995289797170388402e-02	4.710202828053490715e-05	1.613217100891340029e-12	4.613674267712413146e-05
3.580000000000000426e+01	5.433648561179692291e-15	2.133462517461150076e-20	7.527079677136784713e-22	1.999034716005167710e-03	9.652839899772661054e-07	1.278869461496051299e-24	2.145189751539119242e-19	1.993628962682874814e-18	2.325514528913876014e-18	1.112520201202657789e-16	2.952101749348145855e-26	2.952453668641013826e-29	1.795386325571332251e-02	6.995289797169930435e-02	4.710202828506612684e-05	1.617736935203221534e-12	4.613674267722835039e-05
3.589999999999999858e+01	5.433648560665350248e-15	2.133462517258650579e-20	7.527079676436006703e-22	1.999034716005271793e-03	9.652839898843927544e-07	1.278869461373006979e-24	2.145189751335506798e-19	1.993628962493647960e-18	2.325514528693145953e-18	1.112520201095988510e-16	2.952101749065105986e-26	2.952453668082063334e-29	1.795386325570870814e-02	6.995289797169472468e-02	4.710202828959734653e-05	1.622256769514667638e-12	4.613674267733256933e-05
3.600000000000000000e+01	5.433648560132689277e-15	2.133462517048958938e-20	7.527079675710339245e-22	1.999034716005375877e-03	9.652839897915191916e-07	1.278869461249962291e-24	2.145189751124662006e-19	1.993628962297699996e-18	2.325514528464594306e-18	1.112520200989157269e-16	2.952101748781627028e-26	2.952453667503204875e-29	1.795386325570409378e-02	6.995289797169014501e-02	4.710202829412856622e-05	1.626776603825679150e-12	4.613674267743678826e-05
3.610000000000000142e+01	5.433648559611496765e-15	2.133462516843770362e-20	7.527079675000253201e-22	1.999034716005479960e-03	9.652839896986460524e-07	1.278869461126918155e-24	2.145189750918345798e-19	1.993628962105960189e-18	2.325514528240927588e-18	1.112520200880966475e-16	2.952101748494549841e-26	2.952453666936810125e-29	1.795386325569947941e-02	6.995289797168556534e-02	4.710202829865978592e-05	1.631296438136256068e-12	4.613674267754100719e-05
3.620000000000000284e+01	5.433648559085820368e-15	2.133462516636821064e-20	7.527079674284076215e-22	1.999034716005584043e-03	9.652839896057724896e-07	1.278869461003873284e-24	2.145189750710259179e-19	1.993628961912574867e-18	2.325514528015368835e-18	1.112520200774235073e-16	2.952101748211340076e-26	2.952453666365541659e-29	1.795386325569486505e-02	6.995289797168098567e-02	4.710202830319100561e-05	1.635816272446397788e-12	4.613674267764522613e-05
3.630000000000000426e+01	5.433648558569520372e-15	2.133462516433553001e-20	7.527079673580635945e-22	1.999034716005688127e-03	9.652839895128993503e-07	1.278869460880829147e-24	2.145189750505873475e-19	1.993628961722629641e-18	2.325514527793799455e-18	1.112520200666939883e-16	2.952101747926640855e-26	2.952453665804462314e-29	1.795386325569025068e-02	6.995289797167640600e-02	4.710202830772222530e-05	1.640336106756104712e-12	4.613674267774944506e-05
3.639999999999999858e+01	5.433648558049418067e-15	2.133462516228792343e-20	7.527079672872034784e-22	1.999034716005792210e-03	9.652839894200257876e-07	1.278869460757784460e-24	2.145189750299987712e-19	1.993628961531289656e-18	2.325514527570600737e-18	1.112520200560301173e-16	2.952101747643677898e-26	2.952453665239253063e-29	1.795386325568563632e-02	6.995289797167182633e-02	4.710202831225344499e-05	1.644855941065376438e-12	4.613674267785366400e-05
3.650000000000000000e+01	5.433648557526229737e-15	2.133462516022819853e-20	7.527079672159234758e-22	1.999034716005896294e-03	9.652839893271524365e-07	1.278869460634739956e-24	2.145189750092882594e-19	1.993628961338816840e-18	2.325514527346102402e-18	1.112520200453131954e-16	2.952101747359309858e-26	2.952453664670687421e-29	1.795386325568102195e-02	6.995289797166724666e-02	4.710202831678466468e-05	1.649375775374213571e-12	4.613674267795788293e-05
3.660000000000000142e+01	5.433648557013115950e-15	2.133462515820802741e-20	7.527079671460125950e-22	1.999034716006000377e-03	9.652839892342790855e-07	1.278869460511695452e-24	2.145189749889755004e-19	1.993628961150041038e-18	2.325514527125895424e-18	1.112520200346872390e-16	2.952101747077354796e-26	2.952453664113070965e-29	1.795386325567640759e-02	6.995289797166266699e-02	4.710202832131588438e-05	1.653895609682615707e-12	4.613674267806210186e-05
3.670000000000000284e+01	5.433648556479024774e-15	2.133462515610549571e-20	7.527079670732515636e-22	1.999034716006104460e-03	9.652839891414059463e-07	1.278869460388651132e-24	2.145189749678346396e-19	1.993628960953568451e-18	2.325514526896710531e-18	1.112520200238855885e-16	2.952101746790734490e-26	2.952453663532659307e-29	1.795386325567179323e-02	6.995289797165808732e-02	4.710202832584710407e-05	1.658415443990583250e-12	4.613674267816632080e-05
3.680000000000000426e+01	5.433648555959527524e-15	2.133462515406026343e-20	7.527079670024732620e-22	1.999034716006208544e-03	9.652839890485323835e-07	1.278869460265606628e-24	2.145189749472698726e-19	1.993628960762450333e-18	2.325514526673788377e-18	1.112520200131467510e-16	2.952101746505785591e-26	2.952453662968105863e-29	1.795386325566717886e-02	6.995289797165350765e-02	4.710202833037832376e-05	1.662935278298115797e-12	4.613674267827053973e-05
3.689999999999999858e+01	5.433648555432764077e-15	2.133462515198650031e-20	7.527079669307077332e-22	1.999034716006312627e-03	9.652839889556592442e-07	1.278869460142562124e-24	2.145189749264183106e-19	1.993628960568666344e-18	2.325514526447742365e-18	1.112520200024508572e-16	2.952101746221971434e-26	2.952453662395656383e-29	1.795386325566256450e-02	6.995289797164892798e-02	4.710202833490954345e-05	1.667455112605212942e-12	4.613674267837475866e-05
3.700000000000000000e+01	5.433648554902091035e-15	2.133462514989738692e-20	7.527079668584109750e-22	1.999034716006416711e-03	9.652839888627858932e-07	1.278869460019517988e-24	2.145189749054123131e-19	1.993628960373447537e-18	2.325514526220043519e-18	1.112520199916104292e-16	2.952101745934323145e-26	2.952453661818957605e-29	1.795386325565795013e-02	6.995289797164434831e-02	4.710202833944076314e-05	1.671974946911875899e-12	4.613674267847897760e-05
3.710000000000000142e+01	5.433648554399570862e-15	2.133462514791881891e-20	7.527079667899398396e-22	1.999034716006520794e-03	9.652839887699123304e-07	1.278869459896472933e-24	2.145189748855178419e-19	1.993628960188558647e-18	2.325514526004365173e-18	1.112520199809188248e-16	2.952101745650636410e-26	2.952453661272855339e-29	1.795386325565333577e-02	6.995289797163976864e-02	4.710202834397198284e-05	1.676494781218103859e-12	4.613674267858319653e-05
3.720000000000000284e+01	5.433648553874776411e-15	2.133462514585278659e-20	7.527079667184416653e-22	1.999034716006624877e-03	9.652839886770389794e-07	1.278869459773428613e-24	2.145189748647439671e-19	1.993628959995496881e-18	2.325514525779159251e-18	1.112520199702652090e-16	2.952101745367943794e-26	2.952453660702544240e-29	1.795386325564872140e-02	6.995289797163518897e-02	4.710202834850320253e-05	1.681014615523896822e-12	4.613674267868741547e-05
3.730000000000000426e+01	5.433648553347163361e-15	2.133462514377568619e-20	7.527079666465606559e-22	1.999034716006728961e-03	9.652839885841658402e-07	1.278869459650384109e-24	2.145189748438587735e-19	1.993628959801400506e-18	2.325514525552768882e-18	1.112520199595702519e-16	2.952101745084154317e-26	2.952453660129172145e-29	1.795386325564410704e-02	6.995289797163060930e-02	4.710202835303442222e-05	1.685534449829255192e-12	4.613674267879163440e-05
3.739999999999999858e+01	5.433648552844391540e-15	2.133462514179612210e-20	7.527079665780550081e-22	1.999034716006833044e-03	9.652839884912922774e-07	1.278869459527339605e-24	2.145189748239543839e-19	1.993628959616419172e-18	2.325514525336985765e-18	1.112520199488997249e-16	2.952101744801024335e-26	2.952453659582794663e-29	1.795386325563949267e-02	6.995289797162602963e-02	4.710202835756564191e-05	1.690054284134178161e-12	4.613674267889585333e-05
3.750000000000000000e+01	5.433648552322448033e-15	2.133462513974128425e-20	7.527079665069444647e-22	1.999034716006937128e-03	9.652839883984191381e-07	1.278869459404295285e-24	2.145189748032930315e-19	1.993628959424403571e-18	2.325514525113002809e-18	1.112520199382653129e-16	2.952101744518843702e-26	2.952453659015583797e-29	1.795386325563487831e-02	6.995289797162144996e-02	4.710202836209686160e-05	1.694574118438666537e-12	4.613674267900007227e-05
3.760000000000000142e+01	5.433648551796023008e-15	2.133462513766885423e-20	7.527079664352249213e-22	1.999034716007041211e-03	9.652839883055457871e-07	1.278869459281250781e-24	2.145189747824547825e-19	1.993628959230743226e-18	2.325514524887119731e-18	1.112520199276104151e-16	2.952101744236116073e-26	2.952453658443502578e-29	1.795386325563026395e-02	6.995289797161687029e-02	4.710202836662808130e-05	1.699093952742720321e-12	4.613674267910429120e-05
3.770000000000000284e+01	5.433648551265839059e-15	2.133462513558166076e-20	7.527079663629945550e-22	1.999034716007145294e-03	9.652839882126724361e-07	1.278869459158206461e-24	2.145189747614681405e-19	1.993628959035704686e-18	2.325514524659600767e-18	1.112520199167493042e-16	2.952101743947920789e-26	2.952453657867334612e-29	1.795386325562564958e-02	6.995289797161229062e-02	4.710202837115930099e-05	1.703613787046339107e-12	4.613674267920851014e-05
3.780000000000000426e+01	5.433648550745307613e-15	2.133462513353236597e-20	7.527079662920758523e-22	1.999034716007249378e-03	9.652839881197990851e-07	1.278869459035161957e-24	2.145189747408625438e-19	1.993628958844206390e-18	2.325514524436223708e-18	1.112520199059806380e-16	2.952101743662179809e-26	2.952453657301658448e-29	1.795386325562103522e-02	6.995289797160771095e-02	4.710202837569052068e-05	1.708133621349522897e-12	4.613674267931272907e-05
3.789999999999999858e+01	5.433648550222961787e-15	2.133462513147595428e-20	7.527079662209106720e-22	1.999034716007353461e-03	9.652839880269257340e-07	1.278869458912117453e-24	2.145189747201853266e-19	1.993628958652043263e-18	2.325514524212084367e-18	1.112520198952513655e-16	2.952101743377483457e-26	2.952453656734009816e-29	1.795386325561642085e-02	6.995289797160313128e-02	4.710202838022174037e-05	1.712653455652271690e-12	4.613674267941694800e-05
3.800000000000000000e+01	5.433648549710968183e-15	2.133462512946018271e-20	7.527079661511520412e-22	1.999034716007457545e-03	9.652839879340521713e-07	1.278869458789072582e-24	2.145189746999168639e-19	1.993628958463678841e-18	2.325514523992355019e-18	1.112520198846244970e-16	2.952101743095507158e-26	2.952453656177610808e-29	1.795386325561180649e-02	6.995289797159855161e-02	4.710202838475296006e-05	1.717173289954585890e-12	4.613674267952116694e-05
3.810000000000000142e+01	5.433648549177615381e-15	2.133462512736054893e-20	7.527079660784910679e-22	1.999034716007561628e-03	9.652839878411790320e-07	1.278869458666028262e-24	2.145189746788051088e-19	1.993628958267476654e-18	2.325514523763510245e-18	1.112520198738691920e-16	2.952101742810115152e-26	2.952453655597999572e-29	1.795386325560719212e-02	6.995289797159397194e-02	4.710202838928417976e-05	1.721693124256465093e-12	4.613674267962538587e-05
3.820000000000000284e+01	5.433648548671457769e-15	2.133462512536768690e-20	7.527079660095252845e-22	1.999034716007665712e-03	9.652839877483056810e-07	1.278869458542983942e-24	2.145189746587670355e-19	1.993628958081253095e-18	2.325514523546279600e-18	1.112520198631913434e-16	2.952101742526790019e-26	2.952453655047943401e-29	1.795386325560257776e-02	6.995289797158939227e-02	4.710202839381539945e-05	1.726212958557909703e-12	4.613674267972960480e-05
3.830000000000000426e+01	5.433648548125294654e-15	2.133462512321775927e-20	7.527079659351240153e-22	1.999034716007769795e-03	9.652839876554323300e-07	1.278869458419939622e-24	2.145189746371495070e-19	1.993628957880350868e-18	2.325514523311932444e-18	1.112520198523698974e-16	2.952101742239637068e-26	2.952453654454413347e-29	1.795386325559796339e-02	6.995289797158481260e-02	4.710202839834661914e-05	1.730732792858919316e-12	4.613674267983382374e-05
3.840000000000000568e+01	5.433648547597269819e-15	2.133462512113903988e-20	7.527079658631868643e-22	1.999034716007873878e-03	9.652839875625589790e-07	1.278869458296894934e-24	2.145189746162480394e-19	1.993628957686103500e-18	2.325514523085360267e-18	1.112520198415241693e-16	2.952101741951850451e-26	2.952453653880591155e-29	1.795386325559334903e-02	6.995289797158023293e-02	4.710202840287783883e-05	1.735252627159493731e-12	4.613674267993804267e-05
3.850000000000000000e+01	5.433648547093871643e-15	2.133462511915702024e-20	7.527079657945962987e-22	1.999034716007977962e-03	9.652839874696854162e-07	1.278869458173850247e-24	2.145189745963189015e-19	1.993628957500892980e-18	2.325514522869311372e-18	1.112520198308533711e-16	2.952101741668713007e-26	2.952453653333534324e-29	1.795386325558873467e-02	6.995289797157565326e-02	4.710202840740905852e-05	1.739772461459633350e-12	4.613674268004226161e-05
3.860000000000000142e+01	5.433648546554245030e-15	2.133462511703275562e-20	7.527079657210829509e-22	1.999034716008082045e-03	9.652839873768122769e-07	1.278869458050805926e-24	2.145189745749594236e-19	1.993628957302388151e-18	2.325514522637777615e-18	1.112520198201114275e-16	2.952101741383671698e-26	2.952453652747106611e-29	1.795386325558412030e-02	6.995289797157107359e-02	4.710202841194027822e-05	1.744292295759338377e-12	4.613674268014648054e-05
3.870000000000000284e+01	5.433648546040157788e-15	2.133462511500876274e-20	7.527079656510397564e-22	1.999034716008186129e-03	9.652839872839389259e-07	1.278869457927761606e-24	2.145189745546082904e-19	1.993628957113255282e-18	2.325514522417155021e-18	1.112520198093351684e-16	2.952101741097734419e-26	2.952453652188431895e-29	1.795386325557950594e-02	6.995289797156649392e-02	4.710202841647149791e-05	1.748812130058608205e-12	4.613674268025069947e-05
3.880000000000000426e+01	5.433648545523043688e-15	2.133462511297288928e-20	7.527079655805854211e-22	1.999034716008290212e-03	9.652839871910653631e-07	1.278869457804716919e-24	2.145189745341376051e-19	1.993628956923011537e-18	2.325514522195232425e-18	1.112520197985913759e-16	2.952101740812655802e-26	2.952453651626468611e-29	1.795386325557489157e-02	6.995289797156191425e-02	4.710202842100271760e-05	1.753331964357443238e-12	4.613674268035491841e-05
3.890000000000000568e+01	5.433648545001657905e-15	2.133462511092023916e-20	7.527079655095504855e-22	1.999034716008394295e-03	9.652839870981922239e-07	1.278869457681672415e-24	2.145189745134983528e-19	1.993628956731200856e-18	2.325514521971510625e-18	1.112520197879888635e-16	2.952101740531318908e-26	2.952453651059863106e-29	1.795386325557027721e-02	6.995289797155733458e-02	4.710202842553393729e-05	1.757851798655843678e-12	4.613674268045913734e-05
3.900000000000000000e+01	5.433648544474495294e-15	2.133462510884491423e-20	7.527079654377308840e-22	1.999034716008498379e-03	9.652839870053188728e-07	1.278869457558628278e-24	2.145189744926309981e-19	1.993628956537270495e-18	2.325514521745287812e-18	1.112520197772696243e-16	2.952101740246887157e-26	2.952453650486980905e-29	1.795386325556566284e-02	6.995289797155275491e-02	4.710202843006515698e-05	1.762371632953808717e-12	4.613674268056335628e-05
3.910000000000000142e+01	5.433648543977499514e-15	2.133462510688802797e-20	7.527079653700101842e-22	1.999034716008602462e-03	9.652839869124453101e-07	1.278869457435583407e-24	2.145189744729545904e-19	1.993628956354407684e-18	2.325514521531975663e-18	1.112520197666947960e-16	2.952101739966297000e-26	2.952453649946880680e-29	1.795386325556104848e-02	6.995289797154817524e-02	4.710202843459637668e-05	1.766891467251339366e-12	4.613674268066757521e-05
3.920000000000000284e+01	5.433648543456731409e-15	2.133462510483780633e-20	7.527079652990591320e-22	1.999034716008706546e-03	9.652839868195721708e-07	1.278869457312539087e-24	2.145189744523396770e-19	1.993628956162823492e-18	2.325514521308519642e-18	1.112520197561271660e-16	2.952101739685887644e-26	2.952453649380946116e-29	1.795386325555643411e-02	6.995289797154359557e-02	4.710202843912759637e-05	1.771411301548435219e-12	4.613674268077179414e-05
3.930000000000000426e+01	5.433648542931970880e-15	2.133462510277190943e-20	7.527079652275657536e-22	1.999034716008810629e-03	9.652839867266988198e-07	1.278869457189494583e-24	2.145189744315671262e-19	1.993628955969774052e-18	2.325514521083324890e-18	1.112520197454228412e-16	2.952101739401850212e-26	2.952453648810673132e-29	1.795386325555181975e-02	6.995289797153901590e-02	4.710202844365881606e-05	1.775931135845095874e-12	4.613674268087601308e-05
3.940000000000000568e+01	5.433648542419387996e-15	2.133462510075382675e-20	7.527079651577270952e-22	1.999034716008914712e-03	9.652839866338254688e-07	1.278869457066450263e-24	2.145189744112753839e-19	1.993628955781193540e-18	2.325514520863345942e-18	1.112520197347589455e-16	2.952101739118891847e-26	2.952453648253634012e-29	1.795386325554720539e-02	6.995289797153443623e-02	4.710202844819003575e-05	1.780450970141321936e-12	4.613674268098023201e-05
3.950000000000000000e+01	5.433648541902586285e-15	2.133462509871917806e-20	7.527079650873152657e-22	1.999034716009018796e-03	9.652839865409521178e-07	1.278869456943405759e-24	2.145189743908170246e-19	1.993628955591063810e-18	2.325514520641582043e-18	1.112520197242067476e-16	2.952101738838892307e-26	2.952453647692009842e-29	1.795386325554259102e-02	6.995289797152985656e-02	4.710202845272125544e-05	1.784970804437112799e-12	4.613674268108445094e-05
3.960000000000000142e+01	5.433648541363075634e-15	2.133462509659536483e-20	7.527079650138176225e-22	1.999034716009122879e-03	9.652839864480787667e-07	1.278869456820361439e-24	2.145189743694621930e-19	1.993628955392602892e-18	2.325514520410075634e-18	1.112520197133125539e-16	2.952101738549813680e-26	2.952453647105707686e-29	1.795386325553797666e-02	6.995289797152527689e-02	4.710202845725247514e-05	1.789490638732468867e-12	4.613674268118866988e-05
3.970000000000000284e+01	5.433648540837999560e-15	2.133462509452822510e-20	7.527079649422812680e-22	1.999034716009226963e-03	9.652839863552054157e-07	1.278869456697316752e-24	2.145189743486771959e-19	1.993628955199437897e-18	2.325514520184773415e-18	1.112520197025794356e-16	2.952101738265014013e-26	2.952453646535092785e-29	1.795386325553336229e-02	6.995289797152069722e-02	4.710202846178369483e-05	1.794010473027390342e-12	4.613674268129288881e-05
3.980000000000000426e+01	5.433648540322542068e-15	2.133462509249885767e-20	7.527079648720519693e-22	1.999034716009331046e-03	9.652839862623320647e-07	1.278869456574272248e-24	2.145189743282719441e-19	1.993628955009801975e-18	2.325514519963561872e-18	1.112520196918255112e-16	2.952101737979667925e-26	2.952453645974929329e-29	1.795386325552874793e-02	6.995289797151611755e-02	4.710202846631491452e-05	1.798530307321877022e-12	4.613674268139710775e-05
3.990000000000000568e+01	5.433648539803382451e-15	2.133462509045494947e-20	7.527079648013195590e-22	1.999034716009435129e-03	9.652839861694587137e-07	1.278869456451227560e-24	2.145189743077204901e-19	1.993628954818807502e-18	2.325514519740766059e-18	1.112520196811640561e-16	2.952101737696771549e-26	2.952453645410742465e-29	1.795386325552413356e-02	6.995289797151153788e-02	4.710202847084613421e-05	1.803050141615928504e-12	4.613674268150132668e-05
4.000000000000000000e+01	5.433648539261860205e-15	2.133462508832323391e-20	7.527079647275485428e-22	1.999034716009539213e-03	9.652839860765853627e-07	1.278869456328183240e-24	2.145189742862862379e-19	1.993628954619608183e-18	2.325514519508423412e-18	1.112520196703632930e-16	2.952101737410169037e-26	2.952453644822254844e-29	1.795386325551951920e-02	6.995289797150695821e-02	4.710202847537735390e-05	1.807569975909544988e-12	4.613674268160554561e-05
4.010000000000000142e+01	5.433648538748923912e-15	2.133462508630376697e-20	7.527079646576620182e-22	1.999034716009643296e-03	9.652839859837120116e-07	1.278869456205138736e-24	2.145189742659804845e-19	1.993628954430897478e-18	2.325514519288293471e-18	1.112520196595885624e-16	2.952101737124272510e-26	2.952453644264831207e-29	1.795386325551490483e-02	6.995289797150237854e-02	4.710202847990857360e-05	1.812089810202727082e-12	4.613674268170976455e-05
4.020000000000000284e+01	5.433648538247261230e-15	2.133462508432856030e-20	7.527079645893071158e-22	1.999034716009747380e-03	9.652839858908388724e-07	1.278869456082094600e-24	2.145189742461198856e-19	1.993628954246322900e-18	2.325514519072986444e-18	1.112520196490170621e-16	2.952101736843768448e-26	2.952453643719659402e-29	1.795386325551029047e-02	6.995289797149779887e-02	4.710202848443979329e-05	1.816609644495473977e-12	4.613674268181398348e-05
4.030000000000000426e+01	5.433648537726151549e-15	2.133462508227699954e-20	7.527079645183099841e-22	1.999034716009851463e-03	9.652839857979653096e-07	1.278869455959049912e-24	2.145189742254914185e-19	1.993628954054613138e-18	2.325514518849381740e-18	1.112520196384644697e-16	2.952101736563756281e-26	2.952453643153354335e-29	1.795386325550567611e-02	6.995289797149321920e-02	4.710202848897101298e-05	1.821129478787786077e-12	4.613674268191820242e-05
4.040000000000000568e+01	5.433648537200022346e-15	2.133462508020572809e-20	7.527079644466306896e-22	1.999034716009955547e-03	9.652839857050917468e-07	1.278869455836005225e-24	2.145189742046649176e-19	1.993628953861061800e-18	2.325514518623594573e-18	1.112520196276929932e-16	2.952101736277938962e-26	2.952453642581594854e-29	1.795386325550106174e-02	6.995289797148863953e-02	4.710202849350223267e-05	1.825649313079663382e-12	4.613674268202242135e-05
4.050000000000000000e+01	5.433648536683708939e-15	2.133462507817299329e-20	7.527079643762850639e-22	1.999034716010059630e-03	9.652839856122186076e-07	1.278869455712961088e-24	2.145189741842258657e-19	1.993628953671111952e-18	2.325514518402023266e-18	1.112520196169892107e-16	2.952101735993921619e-26	2.952453642020501497e-29	1.795386325549644738e-02	6.995289797148405986e-02	4.710202849803345236e-05	1.830169147371105286e-12	4.613674268212664028e-05
4.060000000000000142e+01	5.433648536132639109e-15	2.133462507600379432e-20	7.527079643012164901e-22	1.999034716010163713e-03	9.652839855193452566e-07	1.278869455589916401e-24	2.145189741624145647e-19	1.993628953468408981e-18	2.325514518165591099e-18	1.112520196060874735e-16	2.952101735704638084e-26	2.952453641421636419e-29	1.795386325549183301e-02	6.995289797147948019e-02	4.710202850256467206e-05	1.834688981662113002e-12	4.613674268223085922e-05
4.070000000000000284e+01	5.433648535624234033e-15	2.133462507400211815e-20	7.527079642319456424e-22	1.999034716010267797e-03	9.652839854264716938e-07	1.278869455466871713e-24	2.145189741422878023e-19	1.993628953281361124e-18	2.325514517947400184e-18	1.112520195953289884e-16	2.952101735419173758e-26	2.952453640869139187e-29	1.795386325548721865e-02	6.995289797147490052e-02	4.710202850709589175e-05	1.839208815952685720e-12	4.613674268233507815e-05
4.080000000000000426e+01	5.433648535095692494e-15	2.133462507192137052e-20	7.527079641599384320e-22	1.999034716010371880e-03	9.652839853335985545e-07	1.278869455343827393e-24	2.145189741213659438e-19	1.993628953086924244e-18	2.325514517720612304e-18	1.112520195845749901e-16	2.952101735133819061e-26	2.952453640294755915e-29	1.795386325548260428e-02	6.995289797147032085e-02	4.710202851162711144e-05	1.843728650242823442e-12	4.613674268243929708e-05
4.090000000000000568e+01	5.433648534576398770e-15	2.133462506987693871e-20	7.527079640891879661e-22	1.999034716010475964e-03	9.652839852407252035e-07	1.278869455220782889e-24	2.145189741008092176e-19	1.993628952895880468e-18	2.325514517497759868e-18	1.112520195738689889e-16	2.952101734849741450e-26	2.952453639730424437e-29	1.795386325547798992e-02	6.995289797146574118e-02	4.710202851615833113e-05	1.848248484532526570e-12	4.613674268254351602e-05
4.100000000000000000e+01	5.433648534072901987e-15	2.133462506789453689e-20	7.527079640205839529e-22	1.999034716010580047e-03	9.652839851478520642e-07	1.278869455097738569e-24	2.145189740808762038e-19	1.993628952710632970e-18	2.325514517281665521e-18	1.112520195632789750e-16	2.952101734568745495e-26	2.952453639183259986e-29	1.795386325547337555e-02	6.995289797146116151e-02	4.710202852068955082e-05	1.852768318821794298e-12	4.613674268264773495e-05
4.110000000000000142e+01	5.433648533546808282e-15	2.133462506582340086e-20	7.527079639489094543e-22	1.999034716010684130e-03	9.652839850549787132e-07	1.278869454974694249e-24	2.145189740600510752e-19	1.993628952517095500e-18	2.325514517055924576e-18	1.112520195526585407e-16	2.952101734286931630e-26	2.952453638611538620e-29	1.795386325546876119e-02	6.995289797145658184e-02	4.710202852522077052e-05	1.857288153110627433e-12	4.613674268275195389e-05
4.120000000000000284e+01	5.433648533013411304e-15	2.133462506372359254e-20	7.527079638762423684e-22	1.999034716010788214e-03	9.652839849621051504e-07	1.278869454851649378e-24	2.145189740389375626e-19	1.993628952320877135e-18	2.325514516827037046e-18	1.112520195418028532e-16	2.952101733998878691e-26	2.952453638031879740e-29	1.795386325546414683e-02	6.995289797145200217e-02	4.710202852975199021e-05	1.861807987399025976e-12	4.613674268285617282e-05
4.130000000000000426e+01	5.433648532497258825e-15	2.133462506169149270e-20	7.527079638059187480e-22	1.999034716010892297e-03	9.652839848692320112e-07	1.278869454728605241e-24	2.145189740185047940e-19	1.993628952130985835e-18	2.325514516605551251e-18	1.112520195311065649e-16	2.952101733715060516e-26	2.952453637470961264e-29	1.795386325545953246e-02	6.995289797144742250e-02	4.710202853428320990e-05	1.866327821686989521e-12	4.613674268296039175e-05
4.140000000000000568e+01	5.433648531970967116e-15	2.133462505961958027e-20	7.527079637342173542e-22	1.999034716010996381e-03	9.652839847763584484e-07	1.278869454605560554e-24	2.145189739976718894e-19	1.993628951937375564e-18	2.325514516379703609e-18	1.112520195204043602e-16	2.952101733431078185e-26	2.952453636899024659e-29	1.795386325545491810e-02	6.995289797144284283e-02	4.710202853881442959e-05	1.870847655974518069e-12	4.613674268306461069e-05
4.150000000000000000e+01	5.433648531441953838e-15	2.133462505753698495e-20	7.527079636621460088e-22	1.999034716011100464e-03	9.652839846834848856e-07	1.278869454482515866e-24	2.145189739767313735e-19	1.993628951742764966e-18	2.325514516152691165e-18	1.112520195095732753e-16	2.952101733143679000e-26	2.952453636324130193e-29	1.795386325545030373e-02	6.995289797143826316e-02	4.710202854334564928e-05	1.875367490261611217e-12	4.613674268316882962e-05
4.160000000000000142e+01	5.433648530937573530e-15	2.133462505555110743e-20	7.527079635934220011e-22	1.999034716011204547e-03	9.652839845906117464e-07	1.278869454359471730e-24	2.145189739567635004e-19	1.993628951557193912e-18	2.325514515936225884e-18	1.112520194988667072e-16	2.952101732859593928e-26	2.952453635776005573e-29	1.795386325544568937e-02	6.995289797143368349e-02	4.710202854787686898e-05	1.879887324548270176e-12	4.613674268327304855e-05
4.170000000000000284e+01	5.433648530417068905e-15	2.133462505350192098e-20	7.527079635225068719e-22	1.999034716011308631e-03	9.652839844977383954e-07	1.278869454236427042e-24	2.145189739361589870e-19	1.993628951365706401e-18	2.325514515712874633e-18	1.112520194882048823e-16	2.952101732576686073e-26	2.952453635210357434e-29	1.795386325544107500e-02	6.995289797142910382e-02	4.710202855240808867e-05	1.884407158834494137e-12	4.613674268337726749e-05
4.180000000000000426e+01	5.433648529890303091e-15	2.133462505142814883e-20	7.527079634507410610e-22	1.999034716011412714e-03	9.652839844048650443e-07	1.278869454113382722e-24	2.145189739153072806e-19	1.993628951171921256e-18	2.325514515486821687e-18	1.112520194775057344e-16	2.952101732292785820e-26	2.952453634637905152e-29	1.795386325543646064e-02	6.995289797142452415e-02	4.710202855693930836e-05	1.888926993120283102e-12	4.613674268348148642e-05
4.190000000000000568e+01	5.433648529359659237e-15	2.133462504933915280e-20	7.527079633784480644e-22	1.999034716011516798e-03	9.652839843119919051e-07	1.278869453990338402e-24	2.145189738943024386e-19	1.993628950976713234e-18	2.325514515259135168e-18	1.112520194667716054e-16	2.952101732007955159e-26	2.952453634061238884e-29	1.795386325543184627e-02	6.995289797141994448e-02	4.710202856147052805e-05	1.893446827405637474e-12	4.613674268358570536e-05
4.200000000000000000e+01	5.433648528839950573e-15	2.133462504729308997e-20	7.527079633076411748e-22	1.999034716011620881e-03	9.652839842191183423e-07	1.278869453867293531e-24	2.145189738737293660e-19	1.993628950785517309e-18	2.325514515036104391e-18	1.112520194559545228e-16	2.952101731720932499e-26	2.952453633496456188e-29	1.795386325542723191e-02	6.995289797141536481e-02	4.710202856600174774e-05	1.897966661690556446e-12	4.613674268368992429e-05
4.210000000000000142e+01	5.433648528315445635e-15	2.133462504522818913e-20	7.527079632361824970e-22	1.999034716011724964e-03	9.652839841262452030e-07	1.278869453744249394e-24	2.145189738529669023e-19	1.993628950592561855e-18	2.325514514811045610e-18	1.112520194452707084e-16	2.952101731437439766e-26	2.952453632926460101e-29	1.795386325542261755e-02	6.995289797141078514e-02	4.710202857053296744e-05	1.902486495975040824e-12	4.613674268379414322e-05
4.220000000000000284e+01	5.433648527803108876e-15	2.133462504321107844e-20	7.527079631663774107e-22	1.999034716011829048e-03	9.652839840333718520e-07	1.278869453621204891e-24	2.145189738326848378e-19	1.993628950404070321e-18	2.325514514591169122e-18	1.112520194345996390e-16	2.952101731154291991e-26	2.952453632369688908e-29	1.795386325541800318e-02	6.995289797140620547e-02	4.710202857506418713e-05	1.907006330259090610e-12	4.613674268389836216e-05
4.230000000000000426e+01	5.433648527284843827e-15	2.133462504117068206e-20	7.527079630957664995e-22	1.999034716011933131e-03	9.652839839404982892e-07	1.278869453498160203e-24	2.145189738121687968e-19	1.993628950213405182e-18	2.325514514368757725e-18	1.112520194239789582e-16	2.952101730872475256e-26	2.952453631806475106e-29	1.795386325541338882e-02	6.995289797140162580e-02	4.710202857959540682e-05	1.911526164542705398e-12	4.613674268400258109e-05
4.240000000000000568e+01	5.433648526747179900e-15	2.133462503905411815e-20	7.527079630225198478e-22	1.999034716012037215e-03	9.652839838476251500e-07	1.278869453375115883e-24	2.145189737908868376e-19	1.993628950015621806e-18	2.325514514138066369e-18	1.112520194131669785e-16	2.952101730585578296e-26	2.952453631222180169e-29	1.795386325540877445e-02	6.995289797139704613e-02	4.710202858412662651e-05	1.916045998825885190e-12	4.613674268410680003e-05
4.250000000000000000e+01	5.433648526234505509e-15	2.133462503703567435e-20	7.527079629526685881e-22	1.999034716012141298e-03	9.652839837547515872e-07	1.278869453252071379e-24	2.145189737705914119e-19	1.993628949827005857e-18	2.325514513918047362e-18	1.112520194024804524e-16	2.952101730302020130e-26	2.952453630665040155e-29	1.795386325540416009e-02	6.995289797139246646e-02	4.710202858865784620e-05	1.920565833108630389e-12	4.613674268421101896e-05
4.260000000000000142e+01	5.433648525706775707e-15	2.133462503495812257e-20	7.527079628807717801e-22	1.999034716012245382e-03	9.652839836618782362e-07	1.278869453129026692e-24	2.145189737497016202e-19	1.993628949632867497e-18	2.325514513691599215e-18	1.112520193917305462e-16	2.952101730016773913e-26	2.952453630091541382e-29	1.795386325539954572e-02	6.995289797138788679e-02	4.710202859318906590e-05	1.925085667390940591e-12	4.613674268431523789e-05
4.270000000000000284e+01	5.433648525186287648e-15	2.133462503290899931e-20	7.527079628098589079e-22	1.999034716012349465e-03	9.652839835690050969e-07	1.278869453005982371e-24	2.145189737290977809e-19	1.993628949441385379e-18	2.325514513468237179e-18	1.112520193809978964e-16	2.952101729731988596e-26	2.952453629525911741e-29	1.795386325539493136e-02	6.995289797138330712e-02	4.710202859772028559e-05	1.929605501672815796e-12	4.613674268441945683e-05
4.280000000000000426e+01	5.433648524677800531e-15	2.133462503090699814e-20	7.527079627405769635e-22	1.999034716012453548e-03	9.652839834761315342e-07	1.278869452882937868e-24	2.145189737089677204e-19	1.993628949254307092e-18	2.325514513250004664e-18	1.112520193703454638e-16	2.952101729449336158e-26	2.952453628973324265e-29	1.795386325539031699e-02	6.995289797137872745e-02	4.710202860225150528e-05	1.934125335954256408e-12	4.613674268452367576e-05
4.290000000000000568e+01	5.433648524162145034e-15	2.133462502887685131e-20	7.527079626703206755e-22	1.999034716012557632e-03	9.652839833832581831e-07	1.278869452759893547e-24	2.145189736885546445e-19	1.993628949064598755e-18	2.325514513028716469e-18	1.112520193596977152e-16	2.952101729166804828e-26	2.952453628412945570e-29	1.795386325538570263e-02	6.995289797137414778e-02	4.710202860678272497e-05	1.938645170235261619e-12	4.613674268462789469e-05
4.300000000000000000e+01	5.433648523644412466e-15	2.133462502683854336e-20	7.527079625997823628e-22	1.999034716012661715e-03	9.652839832903848321e-07	1.278869452636848860e-24	2.145189736680595961e-19	1.993628948874128136e-18	2.325514512806558524e-18	1.112520193491518035e-16	2.952101728886971740e-26	2.952453627850310784e-29	1.795386325538108827e-02	6.995289797136956811e-02	4.710202861131394466e-05	1.943165004515832238e-12	4.613674268473211363e-05
4.310000000000000142e+01	5.433648523123700371e-15	2.133462502478854440e-20	7.527079625288390217e-22	1.999034716012765799e-03	9.652839831975114811e-07	1.278869452513804540e-24	2.145189736474468494e-19	1.993628948682563973e-18	2.325514512583092873e-18	1.112520193383968191e-16	2.952101728601593509e-26	2.952453627284437317e-29	1.795386325537647390e-02	6.995289797136498844e-02	4.710202861584516436e-05	1.947684838795968264e-12	4.613674268483633256e-05
4.320000000000000284e+01	5.433648522595318970e-15	2.133462502270842872e-20	7.527079624568535345e-22	1.999034716012869882e-03	9.652839831046381301e-07	1.278869452390759852e-24	2.145189736265313465e-19	1.993628948488186412e-18	2.325514512356352755e-18	1.112520193276281528e-16	2.952101728315849085e-26	2.952453626710229488e-29	1.795386325537185954e-02	6.995289797136040877e-02	4.710202862037638405e-05	1.952204673075669292e-12	4.613674268494055150e-05
4.330000000000000426e+01	5.433648522066541561e-15	2.133462502062675725e-20	7.527079623848144446e-22	1.999034716012973965e-03	9.652839830117647791e-07	1.278869452267715532e-24	2.145189736056002436e-19	1.993628948293663636e-18	2.325514512129460875e-18	1.112520193168018011e-16	2.952101728028575599e-26	2.952453626135591179e-29	1.795386325536724517e-02	6.995289797135582910e-02	4.710202862490760374e-05	1.956724507354935324e-12	4.613674268504477043e-05
4.340000000000000568e+01	5.433648521562515452e-15	2.133462501864227000e-20	7.527079623161383031e-22	1.999034716013078049e-03	9.652839829188914280e-07	1.278869452144670845e-24	2.145189735856462612e-19	1.993628948108221234e-18	2.325514511913141194e-18	1.112520193061599442e-16	2.952101727746206130e-26	2.952453625587850514e-29	1.795386325536263081e-02	6.995289797135124943e-02	4.710202862943882343e-05	1.961244341633766359e-12	4.613674268514898936e-05
4.350000000000000000e+01	5.433648521021819143e-15	2.133462501651380144e-20	7.527079622424796641e-22	1.999034716013182132e-03	9.652839828260182888e-07	1.278869452021626524e-24	2.145189735642446295e-19	1.993628947909325441e-18	2.325514511681156769e-18	1.112520192954981439e-16	2.952101727463288517e-26	2.952453625000259724e-29	1.795386325535801644e-02	6.995289797134666976e-02	4.710202863397004312e-05	1.965764175912162398e-12	4.613674268525320830e-05
4.360000000000000142e+01	5.433648520508265961e-15	2.133462501449191204e-20	7.527079621725092563e-22	1.999034716013286216e-03	9.652839827331447260e-07	1.278869451898582021e-24	2.145189735439146093e-19	1.993628947720388632e-18	2.325514511460760665e-18	1.112520192847895297e-16	2.952101727179143752e-26	2.952453624442166266e-29	1.795386325535340208e-02	6.995289797134209009e-02	4.710202863850126282e-05	1.970284010190123843e-12	4.613674268535742723e-05
4.370000000000000284e+01	5.433648519975015710e-15	2.133462501239267849e-20	7.527079620998622948e-22	1.999034716013390299e-03	9.652839826402715867e-07	1.278869451775537700e-24	2.145189735228068746e-19	1.993628947524224578e-18	2.325514511231956720e-18	1.112520192740985663e-16	2.952101726895457016e-26	2.952453623862668254e-29	1.795386325534878771e-02	6.995289797133751042e-02	4.710202864303248251e-05	1.974803844467650291e-12	4.613674268546164617e-05
4.380000000000000426e+01	5.433648519452178424e-15	2.133462501033433184e-20	7.527079620286301583e-22	1.999034716013494382e-03	9.652839825473982357e-07	1.278869451652493197e-24	2.145189735021102054e-19	1.993628947331880029e-18	2.325514511007589734e-18	1.112520192632430267e-16	2.952101726607413261e-26	2.952453623294484887e-29	1.795386325534417335e-02	6.995289797133293075e-02	4.710202864756370220e-05	1.979323678744742147e-12	4.613674268556586510e-05
4.390000000000000568e+01	5.433648518956964680e-15	2.133462500838444814e-20	7.527079619611516104e-22	1.999034716013598466e-03	9.652839824545246730e-07	1.278869451529448693e-24	2.145189734825041905e-19	1.993628947149671649e-18	2.325514510795037942e-18	1.112520192526825704e-16	2.952101726327205943e-26	2.952453622756321256e-29	1.795386325533955899e-02	6.995289797132835108e-02	4.710202865209492189e-05	1.983843513021399006e-12	4.613674268567008403e-05
4.400000000000000000e+01	5.433648518426096789e-15	2.133462500629456739e-20	7.527079618888283331e-22	1.999034716013702549e-03	9.652839823616515337e-07	1.278869451406404373e-24	2.145189734614905133e-19	1.993628946954381582e-18	2.325514510567258978e-18	1.112520192420993111e-16	2.952101726046375292e-26	2.952453622179411723e-29	1.795386325533494462e-02	6.995289797132377141e-02	4.710202865662614158e-05	1.988363347297620464e-12	4.613674268577430297e-05
4.410000000000000142e+01	5.433648517888588268e-15	2.133462500417861737e-20	7.527079618156027462e-22	1.999034716013806633e-03	9.652839822687779709e-07	1.278869451283359685e-24	2.145189734402147411e-19	1.993628946756655599e-18	2.325514510336608837e-18	1.112520192312658103e-16	2.952101725758907804e-26	2.952453621595285503e-29	1.795386325533033026e-02	6.995289797131919174e-02	4.710202866115736128e-05	1.992883181573407733e-12	4.613674268587852190e-05
4.420000000000000284e+01	5.433648517364855624e-15	2.133462500211675890e-20	7.527079617442492047e-22	1.999034716013910716e-03	9.652839821759046199e-07	1.278869451160314998e-24	2.145189734194828034e-19	1.993628946563983256e-18	2.325514510111851272e-18	1.112520192202557773e-16	2.952101725466767037e-26	2.952453621026130195e-29	1.795386325532571589e-02	6.995289797131461207e-02	4.710202866568858097e-05	1.997403015848760005e-12	4.613674268598274083e-05
4.430000000000000426e+01	5.433648516853524663e-15	2.133462500010358734e-20	7.527079616745803817e-22	1.999034716014014799e-03	9.652839820830316924e-07	1.278869451037271045e-24	2.145189733992404371e-19	1.993628946375861501e-18	2.325514509892432770e-18	1.112520192096378081e-16	2.952101725185027788e-26	2.952453620470450894e-29	1.795386325532110153e-02	6.995289797131003240e-02	4.710202867021980066e-05	2.001922850123677280e-12	4.613674268608695977e-05
4.440000000000000568e+01	5.433648516335044255e-15	2.133462499806234836e-20	7.527079616039406003e-22	1.999034716014118883e-03	9.652839819901579179e-07	1.278869450914226174e-24	2.145189733787158017e-19	1.993628946185116244e-18	2.325514509669926232e-18	1.112520191990197157e-16	2.952101724903279930e-26	2.952453619907003355e-29	1.795386325531648716e-02	6.995289797130545273e-02	4.710202867475102035e-05	2.006442684398159962e-12	4.613674268619117870e-05
4.450000000000000000e+01	5.433648515794855973e-15	2.133462499593587193e-20	7.527079615303507043e-22	1.999034716014222966e-03	9.652839818972847786e-07	1.278869450791181853e-24	2.145189733573342237e-19	1.993628945986406496e-18	2.325514509438133244e-18	1.112520191881443806e-16	2.952101724614701806e-26	2.952453619319965237e-29	1.795386325531187280e-02	6.995289797130087306e-02	4.710202867928224004e-05	2.010962518672207244e-12	4.613674268629539764e-05
4.460000000000000142e+01	5.433648515270002358e-15	2.133462499386961091e-20	7.527079614588446306e-22	1.999034716014327050e-03	9.652839818044114276e-07	1.278869450668137350e-24	2.145189733365579656e-19	1.993628945793322774e-18	2.325514509212921545e-18	1.112520191773199271e-16	2.952101724327479978e-26	2.952453618749590239e-29	1.795386325530725843e-02	6.995289797129629339e-02	4.710202868381345974e-05	2.015482352945819932e-12	4.613674268639961657e-05
4.470000000000000284e+01	5.433648514769696517e-15	2.133462499189973064e-20	7.527079613906741397e-22	1.999034716014431133e-03	9.652839817115378648e-07	1.278869450545092662e-24	2.145189733167509076e-19	1.993628945609246627e-18	2.325514508998194993e-18	1.112520191667129527e-16	2.952101724046038621e-26	2.952453618205892600e-29	1.795386325530264407e-02	6.995289797129171372e-02	4.710202868834467943e-05	2.020002187218998028e-12	4.613674268650383550e-05
4.480000000000000426e+01	5.433648514246817421e-15	2.133462498984121547e-20	7.527079613194364549e-22	1.999034716014535216e-03	9.652839816186647255e-07	1.278869450422048342e-24	2.145189732960526496e-19	1.993628945416887056e-18	2.325514508773814140e-18	1.112520191560758043e-16	2.952101723763783372e-26	2.952453617637664392e-29	1.795386325529802971e-02	6.995289797128713405e-02	4.710202869287589912e-05	2.024522021491741127e-12	4.613674268660805444e-05
4.490000000000000568e+01	5.433648513725145282e-15	2.133462498778745192e-20	7.527079612483628691e-22	1.999034716014639300e-03	9.652839815257913745e-07	1.278869450299003838e-24	2.145189732754020343e-19	1.993628945224971218e-18	2.325514508549965613e-18	1.112520191453755718e-16	2.952101723479857864e-26	2.952453617070748359e-29	1.795386325529341534e-02	6.995289797128255438e-02	4.710202869740711881e-05	2.029041855764049229e-12	4.613674268671227337e-05
4.500000000000000000e+01	5.433648513194828016e-15	2.133462498569973183e-20	7.527079611761141651e-22	1.999034716014743383e-03	9.652839814329178118e-07	1.278869450175959151e-24	2.145189732544101201e-19	1.993628945029882989e-18	2.325514508322395420e-18	1.112520191346555190e-16	2.952101723195400284e-26	2.952453616494436339e-29	1.795386325528880098e-02	6.995289797127797471e-02	4.710202870193833850e-05	2.033561690035922334e-12	4.613674268681649231e-05
4.510000000000000142e+01	5.433648512676504592e-15	2.133462498365910974e-20	7.527079611054955427e-22	1.999034716014847467e-03	9.652839813400446725e-07	1.278869450052915014e-24	2.145189732338916958e-19	1.993628944839195510e-18	2.325514508099956289e-18	1.112520191238240151e-16	2.952101722907995933e-26	2.952453615931159198e-29	1.795386325528418661e-02	6.995289797127339504e-02	4.710202870646955820e-05	2.038081524307360847e-12	4.613674268692071124e-05
4.520000000000000284e+01	5.433648512156381776e-15	2.133462498161141890e-20	7.527079610346322293e-22	1.999034716014951550e-03	9.652839812471713215e-07	1.278869449929870510e-24	2.145189732133022529e-19	1.993628944647847821e-18	2.325514507876767201e-18	1.112520191132226859e-16	2.952101722626691755e-26	2.952453615365925844e-29	1.795386325527957225e-02	6.995289797126881537e-02	4.710202871100077789e-05	2.042601358578364362e-12	4.613674268702493017e-05
4.530000000000000426e+01	5.433648511644779447e-15	2.133462497959718506e-20	7.527079609649268249e-22	1.999034716015055634e-03	9.652839811542979705e-07	1.278869449806826006e-24	2.145189731930492699e-19	1.993628944459627073e-18	2.325514507657207336e-18	1.112520191025871153e-16	2.952101722344485867e-26	2.952453614809952831e-29	1.795386325527495788e-02	6.995289797126423570e-02	4.710202871553199758e-05	2.047121192848932881e-12	4.613674268712914911e-05
4.540000000000000568e+01	5.433648511112277825e-15	2.133462497750089157e-20	7.527079608923816142e-22	1.999034716015159717e-03	9.652839810614246194e-07	1.278869449683781686e-24	2.145189731719710499e-19	1.993628944263736887e-18	2.325514507428727718e-18	1.112520190918939825e-16	2.952101722060740587e-26	2.952453614231267012e-29	1.795386325527034352e-02	6.995289797125965603e-02	4.710202872006321727e-05	2.051641027119066806e-12	4.613674268723336804e-05
4.550000000000000000e+01	5.433648510592176308e-15	2.133462497545329100e-20	7.527079608215213101e-22	1.999034716015263800e-03	9.652839809685510567e-07	1.278869449560736999e-24	2.145189731513824737e-19	1.993628944072397287e-18	2.325514507205528230e-18	1.112520190810860950e-16	2.952101721773961291e-26	2.952453613666057200e-29	1.795386325526572915e-02	6.995289797125507636e-02	4.710202872459443696e-05	2.056160861388765331e-12	4.613674268733758697e-05
4.560000000000000142e+01	5.433648510083699446e-15	2.133462497345132895e-20	7.527079607522405883e-22	1.999034716015367884e-03	9.652839808756779174e-07	1.278869449437692495e-24	2.145189731312528224e-19	1.993628943885322467e-18	2.325514506987303034e-18	1.112520190704305810e-16	2.952101721491227923e-26	2.952453613113480374e-29	1.795386325526111479e-02	6.995289797125049669e-02	4.710202872912565666e-05	2.060680695658029263e-12	4.613674268744180591e-05
4.570000000000000284e+01	5.433648509573132102e-15	2.133462497144115763e-20	7.527079606826758671e-22	1.999034716015471967e-03	9.652839807828045664e-07	1.278869449314648358e-24	2.145189731110406450e-19	1.993628943697480742e-18	2.325514506768207703e-18	1.112520190599427492e-16	2.952101721212937671e-26	2.952453612558631763e-29	1.795386325525650043e-02	6.995289797124591702e-02	4.710202873365687635e-05	2.065200529926858602e-12	4.613674268754602484e-05
4.580000000000000426e+01	5.433648509052696897e-15	2.133462496939224502e-20	7.527079606117702359e-22	1.999034716015576051e-03	9.652839806899310036e-07	1.278869449191603487e-24	2.145189730904388521e-19	1.993628943506018654e-18	2.325514506544865311e-18	1.112520190492961592e-16	2.952101720930433892e-26	2.952453611993059856e-29	1.795386325525188606e-02	6.995289797124133735e-02	4.710202873818809604e-05	2.069720364195252944e-12	4.613674268765024378e-05
4.590000000000000568e+01	5.433648508516765308e-15	2.133462496728248807e-20	7.527079605387590592e-22	1.999034716015680134e-03	9.652839805970578643e-07	1.278869449068559167e-24	2.145189730692252874e-19	1.993628943308870450e-18	2.325514506314914668e-18	1.112520190385584064e-16	2.952101720645505656e-26	2.952453611410647143e-29	1.795386325524727170e-02	6.995289797123675768e-02	4.710202874271931573e-05	2.074240198463212290e-12	4.613674268775446271e-05
4.600000000000000000e+01	5.433648508003528459e-15	2.133462496526183247e-20	7.527079604688313453e-22	1.999034716015784217e-03	9.652839805041845133e-07	1.278869448945514663e-24	2.145189730489076895e-19	1.993628943120049197e-18	2.325514506094656461e-18	1.112520190278197415e-16	2.952101720360564792e-26	2.952453610852897284e-29	1.795386325524265733e-02	6.995289797123217801e-02	4.710202874725053542e-05	2.078760032730736638e-12	4.613674268785868164e-05
4.610000000000000142e+01	5.433648507458562046e-15	2.133462496311659929e-20	7.527079603945923884e-22	1.999034716015888301e-03	9.652839804113111623e-07	1.278869448822470343e-24	2.145189730273373945e-19	1.993628942919586082e-18	2.325514505860834699e-18	1.112520190170775761e-16	2.952101720075513725e-26	2.952453610260665953e-29	1.795386325523804297e-02	6.995289797122759834e-02	4.710202875178175512e-05	2.083279866997826394e-12	4.613674268796290058e-05
4.620000000000000284e+01	5.433648506934152560e-15	2.133462496105207762e-20	7.527079603231465000e-22	1.999034716015992384e-03	9.652839803184375995e-07	1.278869448699425656e-24	2.145189730065787586e-19	1.993628942726665679e-18	2.325514505635800570e-18	1.112520190061190655e-16	2.952101719784739012e-26	2.952453609690774684e-29	1.795386325523342860e-02	6.995289797122301867e-02	4.710202875631297481e-05	2.087799701264481153e-12	4.613674268806711951e-05
4.630000000000000426e+01	5.433648506409153795e-15	2.133462495898524484e-20	7.527079602516209601e-22	1.999034716016096468e-03	9.652839802255644603e-07	1.278869448576381152e-24	2.145189729857968189e-19	1.993628942533529188e-18	2.325514505410505670e-18	1.112520189952484883e-16	2.952101719496296346e-26	2.952453609120242740e-29	1.795386325522881424e-02	6.995289797121843900e-02	4.710202876084419450e-05	2.092319535530701318e-12	4.613674268817133844e-05
4.640000000000000568e+01	5.433648505900162595e-15	2.133462495698126357e-20	7.527079601822702729e-22	1.999034716016200551e-03	9.652839801326911093e-07	1.278869448453336832e-24	2.145189729656468491e-19	1.993628942346265627e-18	2.325514505192079407e-18	1.112520189846683598e-16	2.952101719215560400e-26	2.952453608567106516e-29	1.795386325522419987e-02	6.995289797121385933e-02	4.710202876537541419e-05	2.096839369796486487e-12	4.613674268827555738e-05
4.650000000000000000e+01	5.433648505380296947e-15	2.133462495493458384e-20	7.527079601114419422e-22	1.999034716016304634e-03	9.652839800398177582e-07	1.278869448330292144e-24	2.145189729450675654e-19	1.993628942155012694e-18	2.325514504968982379e-18	1.112520189739926312e-16	2.952101718932283480e-26	2.952453608002153982e-29	1.795386325521958551e-02	6.995289797120927966e-02	4.710202876990663388e-05	2.101359204061836256e-12	4.613674268837977631e-05
4.660000000000000142e+01	5.433648504857430473e-15	2.133462495287612283e-20	7.527079600402058561e-22	1.999034716016408718e-03	9.652839799469444072e-07	1.278869448207247824e-24	2.145189729243697407e-19	1.993628941962658130e-18	2.325514504744603066e-18	1.112520189633115531e-16	2.952101718648864216e-26	2.952453607433938105e-29	1.795386325521497115e-02	6.995289797120469999e-02	4.710202877443785358e-05	2.105879038326751835e-12	4.613674268848399525e-05
4.670000000000000284e+01	5.433648504332158762e-15	2.133462495080821875e-20	7.527079599686430766e-22	1.999034716016512801e-03	9.652839798540710562e-07	1.278869448084203320e-24	2.145189729035770640e-19	1.993628941769420719e-18	2.325514504519211870e-18	1.112520189525858551e-16	2.952101718364260848e-26	2.952453606863110207e-29	1.795386325521035678e-02	6.995289797120012032e-02	4.710202877896907327e-05	2.110398872591232417e-12	4.613674268858821418e-05
4.680000000000000426e+01	5.433648503815766469e-15	2.133462494877517700e-20	7.527079598982869185e-22	1.999034716016616885e-03	9.652839797611977052e-07	1.278869447961158816e-24	2.145189728831349065e-19	1.993628941579441982e-18	2.325514504297601274e-18	1.112520189419034705e-16	2.952101718080810015e-26	2.952453606301931650e-29	1.795386325520574242e-02	6.995289797119554065e-02	4.710202878350029296e-05	2.114918706855278003e-12	4.613674268869243311e-05
4.690000000000000568e+01	5.433648503294045421e-15	2.133462494672120883e-20	7.527079598272063738e-22	1.999034716016720968e-03	9.652839796683243542e-07	1.278869447838114313e-24	2.145189728624823412e-19	1.993628941387507656e-18	2.325514504073711148e-18	1.112520189311768358e-16	2.952101717796184262e-26	2.952453605734960687e-29	1.795386325520112805e-02	6.995289797119096098e-02	4.710202878803151265e-05	2.119438541118888995e-12	4.613674268879665205e-05
4.700000000000000000e+01	5.433648502768697190e-15	2.133462494465300984e-20	7.527079597556332499e-22	1.999034716016825051e-03	9.652839795754507914e-07	1.278869447715069809e-24	2.145189728416866553e-19	1.993628941194243667e-18	2.325514503848292603e-18	1.112520189204245630e-16	2.952101717510876630e-26	2.952453605164050953e-29	1.795386325519651369e-02	6.995289797118638131e-02	4.710202879256273234e-05	2.123958375382064587e-12	4.613674268890087098e-05
4.710000000000000142e+01	5.433648502255962845e-15	2.133462494263433433e-20	7.527079596857739028e-22	1.999034716016929135e-03	9.652839794825776521e-07	1.278869447592025305e-24	2.145189728213888944e-19	1.993628941005606533e-18	2.325514503628244707e-18	1.112520189097785153e-16	2.952101717228390644e-26	2.952453604606847039e-29	1.795386325519189932e-02	6.995289797118180164e-02	4.710202879709395204e-05	2.128478209644805586e-12	4.613674268900508992e-05
4.720000000000000284e+01	5.433648501723749947e-15	2.133462494053917232e-20	7.527079596132680006e-22	1.999034716017033218e-03	9.652839793897045129e-07	1.278869447468981168e-24	2.145189728003221097e-19	1.993628940809823043e-18	2.325514503399882957e-18	1.112520188990508452e-16	2.952101716943731600e-26	2.952453604028475111e-29	1.795386325518728496e-02	6.995289797117722197e-02	4.710202880162517173e-05	2.132998043907111992e-12	4.613674268910930885e-05
4.730000000000000426e+01	5.433648501199891086e-15	2.133462493847681431e-20	7.527079595418970618e-22	1.999034716017137302e-03	9.652839792968309501e-07	1.278869447345936481e-24	2.145189727795851886e-19	1.993628940617104478e-18	2.325514503175078013e-18	1.112520188882386930e-16	2.952101716656837510e-26	2.952453603459181916e-29	1.795386325518267059e-02	6.995289797117264230e-02	4.710202880615639142e-05	2.137517878168982997e-12	4.613674268921352778e-05
4.740000000000000568e+01	5.433648500690449446e-15	2.133462493647106661e-20	7.527079594724851548e-22	1.999034716017241385e-03	9.652839792039575991e-07	1.278869447222891977e-24	2.145189727594174521e-19	1.993628940429676057e-18	2.325514502956436817e-18	1.112520188775570233e-16	2.952101716373409062e-26	2.952453602905557479e-29	1.795386325517805623e-02	6.995289797116806263e-02	4.710202881068761111e-05	2.142037712430419410e-12	4.613674268931774672e-05
4.750000000000000000e+01	5.433648500158513438e-15	2.133462493437699094e-20	7.527079594000169625e-22	1.999034716017345469e-03	9.652839791110842481e-07	1.278869447099847657e-24	2.145189727383615971e-19	1.993628940233993486e-18	2.325514502728200637e-18	1.112520188668566181e-16	2.952101716089472075e-26	2.952453602327487110e-29	1.795386325517344187e-02	6.995289797116348296e-02	4.710202881521883080e-05	2.146557546691421229e-12	4.613674268942196565e-05
4.760000000000000142e+01	5.433648499653729233e-15	2.133462493238952754e-20	7.527079593312378476e-22	1.999034716017449552e-03	9.652839790182108970e-07	1.278869446976802969e-24	2.145189727183777387e-19	1.993628940048274135e-18	2.325514502511556629e-18	1.112520188562073903e-16	2.952101715806906881e-26	2.952453601778921921e-29	1.795386325516882750e-02	6.995289797115890329e-02	4.710202881975005050e-05	2.151077380951987648e-12	4.613674268952618458e-05
4.770000000000000284e+01	5.433648499128328938e-15	2.133462493032112091e-20	7.527079592596575767e-22	1.999034716017553635e-03	9.652839789253375460e-07	1.278869446853758282e-24	2.145189726975799342e-19	1.993628939854989732e-18	2.325514502286091477e-18	1.112520188455629943e-16	2.952101715524458203e-26	2.952453601207954454e-29	1.795386325516421314e-02	6.995289797115432362e-02	4.710202882428127019e-05	2.155597215212119069e-12	4.613674268963040352e-05
4.780000000000000426e+01	5.433648498615820996e-15	2.133462492830333012e-20	7.527079591898290746e-22	1.999034716017657719e-03	9.652839788324641950e-07	1.278869446730713962e-24	2.145189726772911048e-19	1.993628939666435798e-18	2.325514502066166455e-18	1.112520188349636620e-16	2.952101715243212570e-26	2.952453600650996609e-29	1.795386325515959877e-02	6.995289797114974395e-02	4.710202882881248988e-05	2.160117049471816302e-12	4.613674268973462245e-05
4.790000000000000568e+01	5.433648498096762353e-15	2.133462492625981915e-20	7.527079591191103940e-22	1.999034716017761802e-03	9.652839787395908440e-07	1.278869446607669458e-24	2.145189726567437194e-19	1.993628939475479074e-18	2.325514501843415709e-18	1.112520188243448053e-16	2.952101714961444048e-26	2.952453600086919606e-29	1.795386325515498441e-02	6.995289797114516428e-02	4.710202883334370957e-05	2.164636883731078134e-12	4.613674268983884139e-05
4.800000000000000000e+01	5.433648497590110126e-15	2.133462492426501915e-20	7.527079590500775605e-22	1.999034716017865886e-03	9.652839786467177047e-07	1.278869446484625138e-24	2.145189726366860738e-19	1.993628939289073707e-18	2.325514501625975522e-18	1.112520188137791968e-16	2.952101714681094385e-26	2.952453599536325898e-29	1.795386325515037004e-02	6.995289797114058461e-02	4.710202883787492926e-05	2.169156717989905373e-12	4.613674268994306032e-05
4.810000000000000142e+01	5.433648497046360137e-15	2.133462492212456468e-20	7.527079589760037369e-22	1.999034716017969969e-03	9.652839785538441419e-07	1.278869446361580634e-24	2.145189726151638067e-19	1.993628939089057023e-18	2.325514501392672991e-18	1.112520188030018284e-16	2.952101714395111189e-26	2.952453598945416272e-29	1.795386325514575568e-02	6.995289797113600494e-02	4.710202884240614896e-05	2.173676552248298020e-12	4.613674269004727925e-05
4.820000000000000284e+01	5.433648496532748579e-15	2.133462492010244357e-20	7.527079589060254297e-22	1.999034716018074052e-03	9.652839784609707909e-07	1.278869446238536130e-24	2.145189725948314513e-19	1.993628938900098643e-18	2.325514501172249923e-18	1.112520187921765860e-16	2.952101714107875585e-26	2.952453598387260597e-29	1.795386325514114131e-02	6.995289797113142527e-02	4.710202884693736865e-05	2.178196386506255265e-12	4.613674269015149819e-05
4.830000000000000426e+01	5.433648495993325492e-15	2.133462491797897340e-20	7.527079588325397295e-22	1.999034716018178136e-03	9.652839783680976517e-07	1.278869446115491810e-24	2.145189725734800623e-19	1.993628938701669696e-18	2.325514500940788581e-18	1.112520187812753665e-16	2.952101713818611566e-26	2.952453597801052608e-29	1.795386325513652695e-02	6.995289797112684560e-02	4.710202885146858834e-05	2.182716220763777917e-12	4.613674269025571712e-05
4.840000000000000568e+01	5.433648495484869929e-15	2.133462491597709260e-20	7.527079587632618289e-22	1.999034716018282219e-03	9.652839782752240889e-07	1.278869445992447122e-24	2.145189725533512296e-19	1.993628938514602580e-18	2.325514500722594585e-18	1.112520187706264099e-16	2.952101713536050963e-26	2.952453597248498763e-29	1.795386325513191259e-02	6.995289797112226593e-02	4.710202885599980803e-05	2.187236055020865977e-12	4.613674269035993606e-05
4.850000000000000000e+01	5.433648494957758594e-15	2.133462491390196327e-20	7.527079586914489042e-22	1.999034716018386303e-03	9.652839781823507379e-07	1.278869445869402619e-24	2.145189725324858249e-19	1.993628938320690323e-18	2.325514500496416454e-18	1.112520187599608872e-16	2.952101713253042663e-26	2.952453596675670932e-29	1.795386325512729822e-02	6.995289797111768626e-02	4.710202886053102772e-05	2.191755889277518232e-12	4.613674269046415499e-05
4.860000000000000142e+01	5.433648494437795916e-15	2.133462491185490738e-20	7.527079586206076901e-22	1.999034716018490386e-03	9.652839780894773869e-07	1.278869445746358115e-24	2.145189725119027616e-19	1.993628938129402339e-18	2.325514500273283603e-18	1.112520187492628733e-16	2.952101712969175126e-26	2.952453596110612460e-29	1.795386325512268386e-02	6.995289797111310659e-02	4.710202886506224742e-05	2.196275723533736298e-12	4.613674269056837392e-05
4.870000000000000284e+01	5.433648493915013061e-15	2.133462490979677438e-20	7.527079585493828887e-22	1.999034716018594469e-03	9.652839779966040358e-07	1.278869445623313611e-24	2.145189724912083314e-19	1.993628937937078590e-18	2.325514500048937417e-18	1.112520187385637993e-16	2.952101712685279465e-26	2.952453595542489068e-29	1.795386325511806949e-02	6.995289797110852692e-02	4.710202886959346711e-05	2.200795557789519771e-12	4.613674269067259286e-05
4.880000000000000426e+01	5.433648493387205951e-15	2.133462490771891565e-20	7.527079584774756423e-22	1.999034716018698553e-03	9.652839779037308966e-07	1.278869445500269474e-24	2.145189724703154582e-19	1.993628937742911340e-18	2.325514499822438040e-18	1.112520187277039210e-16	2.952101712397116897e-26	2.952453594968905097e-29	1.795386325511345513e-02	6.995289797110394725e-02	4.710202887412468680e-05	2.205315392044867843e-12	4.613674269077681179e-05
4.890000000000000568e+01	5.433648492856642561e-15	2.133462490563023258e-20	7.527079584051938364e-22	1.999034716018802636e-03	9.652839778108575456e-07	1.278869445377224971e-24	2.145189724493138421e-19	1.993628937547732592e-18	2.325514499594782336e-18	1.112520187169018021e-16	2.952101712110483964e-26	2.952453594392326831e-29	1.795386325510884076e-02	6.995289797109936758e-02	4.710202887865590649e-05	2.209835226299781322e-12	4.613674269088103072e-05
4.900000000000000000e+01	5.433648492352886242e-15	2.133462490364680460e-20	7.527079583365542763e-22	1.999034716018906720e-03	9.652839777179839828e-07	1.278869445254180099e-24	2.145189724293705487e-19	1.993628937362389568e-18	2.325514499378580136e-18	1.112520187062444392e-16	2.952101711827704679e-26	2.952453593844878757e-29	1.795386325510422640e-02	6.995289797109478791e-02	4.710202888318712618e-05	2.214355060554259805e-12	4.613674269098524966e-05
4.910000000000000142e+01	5.433648491826465950e-15	2.133462490157439264e-20	7.527079582648354851e-22	1.999034716019010803e-03	9.652839776251108435e-07	1.278869445131135963e-24	2.145189724085325163e-19	1.993628937168731920e-18	2.325514499152678569e-18	1.112520186955276899e-16	2.952101711543337787e-26	2.952453593272802583e-29	1.795386325509961203e-02	6.995289797109020824e-02	4.710202888771834588e-05	2.218874894808303290e-12	4.613674269108946859e-05
4.920000000000000284e+01	5.433648491314762646e-15	2.133462489955975858e-20	7.527079581951162569e-22	1.999034716019114886e-03	9.652839775322374925e-07	1.278869445008091459e-24	2.145189723882754166e-19	1.993628936980472653e-18	2.325514498933095977e-18	1.112520186849262868e-16	2.952101711262037052e-26	2.952453592716719708e-29	1.795386325509499767e-02	6.995289797108562857e-02	4.710202889224956557e-05	2.223394729061911779e-12	4.613674269119368753e-05
4.930000000000000426e+01	5.433648490794854400e-15	2.133462489751291634e-20	7.527079581242822839e-22	1.999034716019218970e-03	9.652839774393639297e-07	1.278869444885046772e-24	2.145189723676944718e-19	1.993628936789204313e-18	2.325514498709978919e-18	1.112520186742391936e-16	2.952101710978459372e-26	2.952453592151720651e-29	1.795386325509038331e-02	6.995289797108104890e-02	4.710202889678078526e-05	2.227914563315086079e-12	4.613674269129790646e-05
4.940000000000000568e+01	5.433648490255555953e-15	2.133462489538993066e-20	7.527079580508133227e-22	1.999034716019323053e-03	9.652839773464907905e-07	1.278869444762002451e-24	2.145189723463479699e-19	1.993628936590820818e-18	2.325514498478592303e-18	1.112520186634803388e-16	2.952101710692969217e-26	2.952453591565647747e-29	1.795386325508576894e-02	6.995289797107646923e-02	4.710202890131200495e-05	2.232434397567824978e-12	4.613674269140212539e-05
4.950000000000000000e+01	5.433648489747112223e-15	2.133462489338810403e-20	7.527079579815372088e-22	1.999034716019427137e-03	9.652839772536174395e-07	1.278869444638957948e-24	2.145189723262196427e-19	1.993628936403758324e-18	2.325514498260377892e-18	1.112520186527347961e-16	2.952101710407848126e-26	2.952453591013107915e-29	1.795386325508115458e-02	6.995289797107188956e-02	4.710202890584322464e-05	2.236954231820128476e-12	4.613674269150634433e-05
4.960000000000000142e+01	5.433648489215038953e-15	2.133462489129349272e-20	7.527079579090502086e-22	1.999034716019531220e-03	9.652839771607440884e-07	1.278869444515913627e-24	2.145189723051583710e-19	1.993628936208026063e-18	2.325514498032076231e-18	1.112520186419614213e-16	2.952101710121978002e-26	2.952453590434887328e-29	1.795386325507654021e-02	6.995289797106730989e-02	4.710202891037444434e-05	2.241474066071998189e-12	4.613674269161056326e-05
4.970000000000000284e+01	5.433648488693187742e-15	2.133462488923901899e-20	7.527079578379519845e-22	1.999034716019635304e-03	9.652839770678707374e-07	1.278869444392869124e-24	2.145189722845006538e-19	1.993628936016043974e-18	2.325514497808134104e-18	1.112520186312799735e-16	2.952101709838548980e-26	2.952453589867776234e-29	1.795386325507192585e-02	6.995289797106273022e-02	4.710202891490566403e-05	2.245993900323432501e-12	4.613674269171478220e-05
4.980000000000000426e+01	5.433648488184444245e-15	2.133462488723600971e-20	7.527079577686351515e-22	1.999034716019739387e-03	9.652839769749971746e-07	1.278869444269824436e-24	2.145189722643604821e-19	1.993628935828871702e-18	2.325514497589793352e-18	1.112520186206605252e-16	2.952101709556771275e-26	2.952453589314909619e-29	1.795386325506731148e-02	6.995289797105815055e-02	4.710202891943688372e-05	2.250513734574431817e-12	4.613674269181900113e-05
4.990000000000000568e+01	5.433648487653579510e-15	2.133462488514614401e-20	7.527079576963123443e-22	1.999034716019843470e-03	9.652839768821240354e-07	1.278869444146780116e-24	2.145189722433469253e-19	1.993628935633582020e-18	2.325514497361991277e-18	1.112520186098831814e-16	2.952101709270795540e-26	2.952453588738002889e-29	1.795386325506269712e-02	6.995289797105357088e-02	4.710202892396810341e-05	2.255033568824996943e-12	4.613674269192322006e-05
5.000000000000000000e+01	5.433648487134587131e-15	2.133462488310289183e-20	7.527079576256026916e-22	1.999034716019947554e-03	9.652839767892504726e-07	1.278869444023735428e-24	2.145189722228021399e-19	1.993628935442649563e-18	2.325514497139293686e-18	1.112520185991921933e-16	2.952101708987116266e-26	2.952453588173998754e-29	1.795386325505808275e-02	6.995289797104899121e-02	4.710202892849932310e-05	2.259553403075126265e-12	4.613674269202743900e-05
5.010000000000000142e+01	5.433648486629176571e-15	2.133462488111296985e-20	7.527079575567385650e-22	1.999034716020051637e-03	9.652839766963773333e-07	1.278869443900691108e-24	2.145189722027935574e-19	1.993628935256699486e-18	2.325514496922378508e-18	1.112520185885613065e-16	2.952101708705036652e-26	2.952453587624753655e-29	1.795386325505346839e-02	6.995289797104441154e-02	4.710202893303054280e-05	2.264073237324820994e-12	4.613674269213165793e-05
5.020000000000000284e+01	5.433648486103609826e-15	2.133462487904390720e-20	7.527079574851357246e-22	1.999034716020155721e-03	9.652839766035037706e-07	1.278869443777646604e-24	2.145189721819891806e-19	1.993628935063354994e-18	2.325514496696864052e-18	1.112520185779929617e-16	2.952101708424603763e-26	2.952453587053605701e-29	1.795386325504885403e-02	6.995289797103983187e-02	4.710202893756176249e-05	2.268593071574081534e-12	4.613674269223587686e-05
5.030000000000000426e+01	5.433648485585743152e-15	2.133462487700507864e-20	7.527079574145789802e-22	1.999034716020259804e-03	9.652839765106304195e-07	1.278869443654602101e-24	2.145189721614888360e-19	1.993628934872835455e-18	2.325514496474622907e-18	1.112520185672896229e-16	2.952101708140597326e-26	2.952453586490824619e-29	1.795386325504423966e-02	6.995289797103525220e-02	4.710202894209298218e-05	2.273112905822906673e-12	4.613674269234009580e-05
5.040000000000000568e+01	5.433648485064808598e-15	2.133462487495420400e-20	7.527079573436053584e-22	1.999034716020363887e-03	9.652839764177572803e-07	1.278869443531557780e-24	2.145189721408673504e-19	1.993628934681189633e-18	2.325514496251069433e-18	1.112520185566400747e-16	2.952101707858014912e-26	2.952453585924709008e-29	1.795386325503962530e-02	6.995289797103067253e-02	4.710202894662420187e-05	2.277632740071296815e-12	4.613674269244431473e-05
5.050000000000000000e+01	5.433648484526205138e-15	2.133462487283395374e-20	7.527079572702311891e-22	1.999034716020467971e-03	9.652839763248839293e-07	1.278869443408513277e-24	2.145189721195482930e-19	1.993628934483061516e-18	2.325514496019972092e-18	1.112520185458210199e-16	2.952101707570929690e-26	2.952453585339392805e-29	1.795386325503501093e-02	6.995289797102609286e-02	4.710202895115542156e-05	2.282152574319252365e-12	4.613674269254853367e-05
5.060000000000000142e+01	5.433648484011797619e-15	2.133462487080870298e-20	7.527079572001445484e-22	1.999034716020572054e-03	9.652839762320103665e-07	1.278869443285468589e-24	2.145189720991844727e-19	1.993628934293810781e-18	2.325514495799211987e-18	1.112520185350633484e-16	2.952101707285484304e-26	2.952453584780370567e-29	1.795386325503039657e-02	6.995289797102151319e-02	4.710202895568664126e-05	2.286672408566772917e-12	4.613674269265275260e-05
5.070000000000000284e+01	5.433648483494946998e-15	2.133462486877386471e-20	7.527079571297260421e-22	1.999034716020676138e-03	9.652839761391374390e-07	1.278869443162424453e-24	2.145189720787242355e-19	1.993628934103663332e-18	2.325514495577427287e-18	1.112520185244483868e-16	2.952101707003820246e-26	2.952453584218693148e-29	1.795386325502578220e-02	6.995289797101693352e-02	4.710202896021786095e-05	2.291192242813858473e-12	4.613674269275697153e-05
5.080000000000000426e+01	5.433648482970777325e-15	2.133462486671028193e-20	7.527079570583126914e-22	1.999034716020780221e-03	9.652839760462638762e-07	1.278869443039379949e-24	2.145189720579750367e-19	1.993628933910831137e-18	2.325514495352488684e-18	1.112520185136380588e-16	2.952101706716974370e-26	2.952453583649062520e-29	1.795386325502116784e-02	6.995289797101235385e-02	4.710202896474908064e-05	2.295712077060509840e-12	4.613674269286119047e-05
5.090000000000000568e+01	5.433648482441764836e-15	2.133462486462768962e-20	7.527079569862416281e-22	1.999034716020884304e-03	9.652839759533903134e-07	1.278869442916335261e-24	2.145189720370345689e-19	1.993628933716221309e-18	2.325514495125475085e-18	1.112520185028201627e-16	2.952101706429924733e-26	2.952453583074169735e-29	1.795386325501655347e-02	6.995289797100777418e-02	4.710202896928030033e-05	2.300231911306725806e-12	4.613674269296540940e-05
5.100000000000000000e+01	5.433648481910306088e-15	2.133462486253549475e-20	7.527079569138380410e-22	1.999034716020988388e-03	9.652839758605171742e-07	1.278869442793290941e-24	2.145189720159975880e-19	1.993628933520714382e-18	2.325514494897441512e-18	1.112520184920509787e-16	2.952101706144165386e-26	2.952453582496616726e-29	1.795386325501193911e-02	6.995289797100319451e-02	4.710202897381152002e-05	2.304751745552506371e-12	4.613674269306962834e-05
5.110000000000000142e+01	5.433648481406515060e-15	2.133462486055193135e-20	7.527079568451939669e-22	1.999034716021092471e-03	9.652839757676436114e-07	1.278869442670246254e-24	2.145189719960529464e-19	1.993628933335359418e-18	2.325514494681217743e-18	1.112520184813653894e-16	2.952101705860636493e-26	2.952453581949132779e-29	1.795386325500732475e-02	6.995289797099861484e-02	4.710202897834273972e-05	2.309271579797852747e-12	4.613674269317384727e-05
5.120000000000000284e+01	5.433648480880956203e-15	2.133462485848289579e-20	7.527079567735921610e-22	1.999034716021196555e-03	9.652839756747704721e-07	1.278869442547201750e-24	2.145189719752488826e-19	1.993628933142016851e-18	2.325514494455684413e-18	1.112520184707057831e-16	2.952101705577784886e-26	2.952453581377992672e-29	1.795386325500271038e-02	6.995289797099403517e-02	4.710202898287395941e-05	2.313791414042764126e-12	4.613674269327806620e-05
5.130000000000000426e+01	5.433648480349958939e-15	2.133462485639251249e-20	7.527079567012514863e-22	1.999034716021300638e-03	9.652839755818969094e-07	1.278869442424157246e-24	2.145189719542301258e-19	1.993628932946679407e-18	2.325514494227849982e-18	1.112520184599207973e-16	2.952101705291606539e-26	2.952453580800941328e-29	1.795386325499809602e-02	6.995289797098945550e-02	4.710202898740517910e-05	2.318311248287240509e-12	4.613674269338228514e-05
5.140000000000000568e+01	5.433648479833139873e-15	2.133462485435779759e-20	7.527079566308373058e-22	1.999034716021404721e-03	9.652839754890235583e-07	1.278869442301112742e-24	2.145189719337711405e-19	1.993628932756544284e-18	2.325514494006052571e-18	1.112520184492201703e-16	2.952101705007672422e-26	2.952453580239298661e-29	1.795386325499348165e-02	6.995289797098487583e-02	4.710202899193639879e-05	2.322831082531282298e-12	4.613674269348650407e-05
5.150000000000000000e+01	5.433648479309403285e-15	2.133462485229592107e-20	7.527079565594829179e-22	1.999034716021508805e-03	9.652839753961504191e-07	1.278869442178068422e-24	2.145189719130390584e-19	1.993628932563870786e-18	2.325514493781298473e-18	1.112520184384775118e-16	2.952101704722620782e-26	2.952453579670139990e-29	1.795386325498886729e-02	6.995289797098029616e-02	4.710202899646761848e-05	2.327350916774888687e-12	4.613674269359072300e-05
5.160000000000000142e+01	5.433648478782034781e-15	2.133462485021978364e-20	7.527079564876351986e-22	1.999034716021612888e-03	9.652839753032770681e-07	1.278869442055023918e-24	2.145189718921635426e-19	1.993628932369864159e-18	2.325514493555015571e-18	1.112520184277062817e-16	2.952101704436808629e-26	2.952453579097031899e-29	1.795386325498425292e-02	6.995289797097571649e-02	4.710202900099883818e-05	2.331870751018060483e-12	4.613674269369494194e-05
5.170000000000000284e+01	5.433648478282756037e-15	2.133462484825393278e-20	7.527079564196043564e-22	1.999034716021716972e-03	9.652839752104035053e-07	1.278869441931979414e-24	2.145189718723970495e-19	1.993628932186165109e-18	2.325514493340725820e-18	1.112520184170550571e-16	2.952101704154194073e-26	2.952453578554451937e-29	1.795386325497963856e-02	6.995289797097113682e-02	4.710202900553005787e-05	2.336390585260797686e-12	4.613674269379916087e-05
5.180000000000000426e+01	5.433648477747201524e-15	2.133462484614565639e-20	7.527079563466441492e-22	1.999034716021821055e-03	9.652839751175303660e-07	1.278869441808935278e-24	2.145189718511983145e-19	1.993628931989154802e-18	2.325514493110936955e-18	1.112520184064283858e-16	2.952101703872210312e-26	2.952453577972447843e-29	1.795386325497502419e-02	6.995289797096655715e-02	4.710202901006127756e-05	2.340910419503099892e-12	4.613674269390337981e-05
5.190000000000000568e+01	5.433648477219866152e-15	2.133462484406964233e-20	7.527079562748008497e-22	1.999034716021925139e-03	9.652839750246570150e-07	1.278869441685890407e-24	2.145189718303241228e-19	1.993628931795161271e-18	2.325514492884644809e-18	1.112520183955908175e-16	2.952101703584640083e-26	2.952453577399377868e-29	1.795386325497040983e-02	6.995289797096197748e-02	4.710202901459249725e-05	2.345430253744967101e-12	4.613674269400759874e-05
5.200000000000000000e+01	5.433648476705997426e-15	2.133462484204651612e-20	7.527079562047873717e-22	1.999034716022029222e-03	9.652839749317834522e-07	1.278869441562845903e-24	2.145189718099816081e-19	1.993628931606107750e-18	2.325514492664111193e-18	1.112520183848227429e-16	2.952101703298918618e-26	2.952453576840940251e-29	1.795386325496579547e-02	6.995289797095739781e-02	4.710202901912371694e-05	2.349950087986399314e-12	4.613674269411181767e-05
5.210000000000000142e+01	5.433648476188205694e-15	2.133462484000797645e-20	7.527079561342408776e-22	1.999034716022133305e-03	9.652839748389103130e-07	1.278869441439801583e-24	2.145189717894841765e-19	1.993628931415615175e-18	2.325514492441928982e-18	1.112520183742517849e-16	2.952101703018421444e-26	2.952453576278241005e-29	1.795386325496118110e-02	6.995289797095281814e-02	4.710202902365493664e-05	2.354469922227396933e-12	4.613674269421603661e-05
5.220000000000000284e+01	5.433648475663562704e-15	2.133462483794253996e-20	7.527079560627636741e-22	1.999034716022237389e-03	9.652839747460369620e-07	1.278869441316757079e-24	2.145189717687162961e-19	1.993628931222609261e-18	2.325514492216786230e-18	1.112520183635887767e-16	2.952101702735480298e-26	2.952453575708096941e-29	1.795386325495656674e-02	6.995289797094823847e-02	4.710202902818615633e-05	2.358989756467959556e-12	4.613674269432025554e-05
5.230000000000000426e+01	5.433648475136764547e-15	2.133462483586864443e-20	7.527079559909933492e-22	1.999034716022341472e-03	9.652839746531636109e-07	1.278869441193712759e-24	2.145189717478633137e-19	1.993628931028812561e-18	2.325514491990721344e-18	1.112520183528220086e-16	2.952101702449786957e-26	2.952453575135609345e-29	1.795386325495195237e-02	6.995289797094365880e-02	4.710202903271737602e-05	2.363509590708087586e-12	4.613674269442447447e-05
5.240000000000000568e+01	5.433648474605151183e-15	2.133462483377583868e-20	7.527079559185687913e-22	1.999034716022445556e-03	9.652839745602904717e-07	1.278869441070668439e-24	2.145189717268202180e-19	1.993628930833249012e-18	2.325514491762616127e-18	1.112520183419820244e-16	2.952101702162150148e-26	2.952453574557888741e-29	1.795386325494733801e-02	6.995289797093907913e-02	4.710202903724859571e-05	2.368029424947780618e-12	4.613674269452869341e-05
5.250000000000000000e+01	5.433648474101299412e-15	2.133462483179203454e-20	7.527079558499165358e-22	1.999034716022549639e-03	9.652839744674166971e-07	1.278869440947623384e-24	2.145189717068731208e-19	1.993628930647870551e-18	2.325514491546369632e-18	1.112520183313099443e-16	2.952101701878979987e-26	2.952453574010336971e-29	1.795386325494272364e-02	6.995289797093449946e-02	4.710202904177981540e-05	2.372549259187038251e-12	4.613674269463291234e-05
5.260000000000000142e+01	5.433648473574269330e-15	2.133462482971722419e-20	7.527079557781147077e-22	1.999034716022653722e-03	9.652839743745435579e-07	1.278869440824579247e-24	2.145189716860110143e-19	1.993628930453989110e-18	2.325514491320210375e-18	1.112520183205803513e-16	2.952101701594272156e-26	2.952453573437598823e-29	1.795386325493810928e-02	6.995289797092991979e-02	4.710202904631103510e-05	2.377069093425861694e-12	4.613674269473713128e-05
5.270000000000000284e+01	5.433648473060053505e-15	2.133462482769273177e-20	7.527079557080541160e-22	1.999034716022757806e-03	9.652839742816702069e-07	1.278869440701534743e-24	2.145189716656547774e-19	1.993628930264808478e-18	2.325514491099557351e-18	1.112520183099703447e-16	2.952101701312741833e-26	2.952453572878785098e-29	1.795386325493349491e-02	6.995289797092534012e-02	4.710202905084225479e-05	2.381588927664250140e-12	4.613674269484135021e-05
5.280000000000000426e+01	5.433648472543720376e-15	2.133462482565992475e-20	7.527079556377057632e-22	1.999034716022861889e-03	9.652839741887968559e-07	1.278869440578490056e-24	2.145189716452149551e-19	1.993628930074851311e-18	2.325514490877963704e-18	1.112520182992817971e-16	2.952101701029127992e-26	2.952453572317670441e-29	1.795386325492888055e-02	6.995289797092076045e-02	4.710202905537347448e-05	2.386108761902203589e-12	4.613674269494556914e-05
5.290000000000000568e+01	5.433648472020999052e-15	2.133462482360203250e-20	7.527079555664895194e-22	1.999034716022965973e-03	9.652839740959237166e-07	1.278869440455445919e-24	2.145189716245228842e-19	1.993628929882550288e-18	2.325514490653672599e-18	1.112520182886905013e-16	2.952101700748088415e-26	2.952453571749613190e-29	1.795386325492426619e-02	6.995289797091618078e-02	4.710202905990469417e-05	2.390628596139722446e-12	4.613674269504978808e-05
5.300000000000000000e+01	5.433648471508123501e-15	2.133462482158279727e-20	7.527079554966109881e-22	1.999034716023070056e-03	9.652839740030501538e-07	1.278869440332401416e-24	2.145189716042196103e-19	1.993628929693861924e-18	2.325514490433568080e-18	1.112520182781094360e-16	2.952101700467325492e-26	2.952453571192256815e-29	1.795386325491965182e-02	6.995289797091160111e-02	4.710202906443591386e-05	2.395148430376806305e-12	4.613674269515400701e-05
5.310000000000000142e+01	5.433648470992893201e-15	2.133462481955432058e-20	7.527079554264126284e-22	1.999034716023174139e-03	9.652839739101768028e-07	1.278869440209356728e-24	2.145189715838233140e-19	1.993628929504308817e-18	2.325514490212453604e-18	1.112520182674864379e-16	2.952101700185450212e-26	2.952453570632340549e-29	1.795386325491503746e-02	6.995289797090702144e-02	4.710202906896713356e-05	2.399668264613454764e-12	4.613674269525822595e-05
5.320000000000000284e+01	5.433648470457719707e-15	2.133462481744753979e-20	7.527079553535046132e-22	1.999034716023278223e-03	9.652839738173036635e-07	1.278869440086312592e-24	2.145189715626396495e-19	1.993628929307438717e-18	2.325514489982820740e-18	1.112520182567262026e-16	2.952101699899926193e-26	2.952453570050752360e-29	1.795386325491042309e-02	6.995289797090244177e-02	4.710202907349835325e-05	2.404188098849669034e-12	4.613674269536244488e-05
5.330000000000000426e+01	5.433648469929727215e-15	2.133462481536894680e-20	7.527079552815717880e-22	1.999034716023382306e-03	9.652839737244301008e-07	1.278869439963267904e-24	2.145189715417395059e-19	1.993628929113203675e-18	2.325514489756248948e-18	1.112520182458859718e-16	2.952101699612285365e-26	2.952453569476966602e-29	1.795386325490580873e-02	6.995289797089786210e-02	4.710202907802957294e-05	2.408707933085448307e-12	4.613674269546666381e-05
5.340000000000000568e+01	5.433648469400404703e-15	2.133462481328513875e-20	7.527079552094585010e-22	1.999034716023486390e-03	9.652839736315567497e-07	1.278869439840223400e-24	2.145189715207869047e-19	1.993628928918481372e-18	2.325514489529099763e-18	1.112520182349707007e-16	2.952101699322654004e-26	2.952453568901735824e-29	1.795386325490119436e-02	6.995289797089328243e-02	4.710202908256079263e-05	2.413227767320792180e-12	4.613674269557088275e-05
5.350000000000000000e+01	5.433648468882318726e-15	2.133462481124544653e-20	7.527079551388722281e-22	1.999034716023590473e-03	9.652839735386833987e-07	1.278869439717178896e-24	2.145189715002778453e-19	1.993628928727880945e-18	2.325514489306790055e-18	1.112520182242321591e-16	2.952101699037713140e-26	2.952453568338715401e-29	1.795386325489658000e-02	6.995289797088870276e-02	4.710202908709201232e-05	2.417747601555701459e-12	4.613674269567510168e-05
5.360000000000000142e+01	5.433648468358836151e-15	2.133462480918456908e-20	7.527079550675523528e-22	1.999034716023694556e-03	9.652839734458100477e-07	1.278869439594134393e-24	2.145189714795558020e-19	1.993628928535300277e-18	2.325514489082145734e-18	1.112520182134344529e-16	2.952101698751203037e-26	2.952453567769832505e-29	1.795386325489196563e-02	6.995289797088412309e-02	4.710202909162323202e-05	2.422267435790176145e-12	4.613674269577932061e-05
5.370000000000000284e+01	5.433648467846543568e-15	2.133462480716762089e-20	7.527079549977532850e-22	1.999034716023798640e-03	9.652839733529369084e-07	1.278869439471090072e-24	2.145189714592754949e-19	1.993628928346825691e-18	2.325514488862290431e-18	1.112520182027585024e-16	2.952101698467924970e-26	2.952453567213108957e-29	1.795386325488735127e-02	6.995289797087954342e-02	4.710202909615445171e-05	2.426787270024215431e-12	4.613674269588353955e-05
5.380000000000000426e+01	5.433648467315092710e-15	2.133462480507545009e-20	7.527079549253505442e-22	1.999034716023902723e-03	9.652839732600633457e-07	1.278869439348045569e-24	2.145189714382387547e-19	1.993628928151321075e-18	2.325514488634253778e-18	1.112520181919882584e-16	2.952101698182136923e-26	2.952453566635564916e-29	1.795386325488273691e-02	6.995289797087496375e-02	4.710202910068567140e-05	2.431307104257820528e-12	4.613674269598775848e-05
5.390000000000000568e+01	5.433648466794659871e-15	2.133462480302655253e-20	7.527079548544453832e-22	1.999034716024006807e-03	9.652839731671897829e-07	1.278869439225000697e-24	2.145189714176371303e-19	1.993628927959860528e-18	2.325514488410915623e-18	1.112520181813287015e-16	2.952101697899289909e-26	2.952453566069996371e-29	1.795386325487812254e-02	6.995289797087038408e-02	4.710202910521689109e-05	2.435826938490990628e-12	4.613674269609197742e-05
5.400000000000000000e+01	5.433648466285899808e-15	2.133462480102348006e-20	7.527079547851261052e-22	1.999034716024110890e-03	9.652839730743166436e-07	1.278869439101956377e-24	2.145189713974963086e-19	1.993628927772681708e-18	2.325514488192594901e-18	1.112520181707429277e-16	2.952101697618404156e-26	2.952453565517111260e-29	1.795386325487350818e-02	6.995289797086580441e-02	4.710202910974811078e-05	2.440346772723724923e-12	4.613674269619619635e-05
5.410000000000000142e+01	5.433648465771879619e-15	2.133462479899975200e-20	7.527079547150923147e-22	1.999034716024214973e-03	9.652839729814432926e-07	1.278869438978912057e-24	2.145189713771477754e-19	1.993628927583573491e-18	2.325514487971998500e-18	1.112520181601861199e-16	2.952101697338284656e-26	2.952453564958511092e-29	1.795386325486889381e-02	6.995289797086122474e-02	4.710202911427933048e-05	2.444866606956025433e-12	4.613674269630041528e-05
5.420000000000000284e+01	5.433648465236418981e-15	2.133462479689183973e-20	7.527079546421448969e-22	1.999034716024319057e-03	9.652839728885699416e-07	1.278869438855867553e-24	2.145189713559527719e-19	1.993628927386597465e-18	2.325514487742224272e-18	1.112520181493906323e-16	2.952101697051825063e-26	2.952453564376609013e-29	1.795386325486427945e-02	6.995289797085664507e-02	4.710202911881055017e-05	2.449386441187890946e-12	4.613674269640463422e-05
5.430000000000000426e+01	5.433648464713661369e-15	2.133462479483380604e-20	7.527079545709235749e-22	1.999034716024423140e-03	9.652839727956968023e-07	1.278869438732823233e-24	2.145189713352593047e-19	1.993628927194282960e-18	2.325514487517910441e-18	1.112520181386359930e-16	2.952101696766456016e-26	2.952453563808512526e-29	1.795386325485966508e-02	6.995289797085206540e-02	4.710202912334176986e-05	2.453906275419321059e-12	4.613674269650885315e-05
5.440000000000000568e+01	5.433648464167580296e-15	2.133462479268419438e-20	7.527079544965331202e-22	1.999034716024527224e-03	9.652839727028232396e-07	1.278869438609778729e-24	2.145189713136450503e-19	1.993628926993411163e-18	2.325514487283602189e-18	1.112520181277175664e-16	2.952101696476731671e-26	2.952453563215070474e-29	1.795386325485505072e-02	6.995289797084748573e-02	4.710202912787298955e-05	2.458426109650316982e-12	4.613674269661307209e-05
5.450000000000000000e+01	5.433648463670045723e-15	2.133462479072519862e-20	7.527079544287393518e-22	1.999034716024631307e-03	9.652839726099498885e-07	1.278869438486734225e-24	2.145189712939473611e-19	1.993628926810351137e-18	2.325514487070054692e-18	1.112520181169825007e-16	2.952101696191895270e-26	2.952453562674383946e-29	1.795386325485043635e-02	6.995289797084290606e-02	4.710202913240420924e-05	2.462945943880877505e-12	4.613674269671729102e-05
5.460000000000000142e+01	5.433648463165749824e-15	2.133462478873965513e-20	7.527079543600267229e-22	1.999034716024735391e-03	9.652839725170765375e-07	1.278869438363689722e-24	2.145189712739828342e-19	1.993628926624811283e-18	2.325514486853645648e-18	1.112520181064955811e-16	2.952101695913632568e-26	2.952453562126352371e-29	1.795386325484582199e-02	6.995289797083832639e-02	4.710202913693542894e-05	2.467465778111003031e-12	4.613674269682150995e-05
5.470000000000000284e+01	5.433648462638234592e-15	2.133462478666293991e-20	7.527079542881589731e-22	1.999034716024839474e-03	9.652839724242031865e-07	1.278869438240645034e-24	2.145189712531014444e-19	1.993628926430750345e-18	2.325514486627274153e-18	1.112520180958626235e-16	2.952101695631486948e-26	2.952453561553085093e-29	1.795386325484120763e-02	6.995289797083374672e-02	4.710202914146664863e-05	2.471985612340694367e-12	4.613674269692572889e-05
5.480000000000000426e+01	5.433648462109708041e-15	2.133462478458224946e-20	7.527079542161538315e-22	1.999034716024943557e-03	9.652839723313298355e-07	1.278869438117600714e-24	2.145189712321802600e-19	1.993628926236319628e-18	2.325514486400490124e-18	1.112520180851308858e-16	2.952101695346721145e-26	2.952453560978719758e-29	1.795386325483659326e-02	6.995289797082916705e-02	4.710202914599786832e-05	2.476505446569950707e-12	4.613674269702994782e-05
5.490000000000000568e+01	5.433648461590676219e-15	2.133462478253884983e-20	7.527079541454389126e-22	1.999034716025047641e-03	9.652839722384564845e-07	1.278869437994556210e-24	2.145189712116338856e-19	1.993628926045372148e-18	2.325514486177752860e-18	1.112520180744326994e-16	2.952101695062850165e-26	2.952453560414671902e-29	1.795386325483197890e-02	6.995289797082458738e-02	4.710202915052908801e-05	2.481025280798771647e-12	4.613674269713416675e-05
5.500000000000000000e+01	5.433648461066898611e-15	2.133462478047680478e-20	7.527079540740788823e-22	1.999034716025151724e-03	9.652839721455833452e-07	1.278869437871511890e-24	2.145189711909001664e-19	1.993628925852683627e-18	2.325514485952976805e-18	1.112520180636410575e-16	2.952101694776499626e-26	2.952453559845467269e-29	1.795386325482736453e-02	6.995289797082000771e-02	4.710202915506030770e-05	2.485545115027157993e-12	4.613674269723838569e-05
5.510000000000000142e+01	5.433648460540146996e-15	2.133462477840309583e-20	7.527079540023151403e-22	1.999034716025255808e-03	9.652839720527099942e-07	1.278869437748467386e-24	2.145189711700490377e-19	1.993628925658903875e-18	2.325514485726958912e-18	1.112520180529149651e-16	2.952101694491884205e-26	2.952453559273031241e-29	1.795386325482275017e-02	6.995289797081542804e-02	4.710202915959152740e-05	2.490064949255109746e-12	4.613674269734260462e-05
5.520000000000000284e+01	5.433648460006118929e-15	2.133462477630080788e-20	7.527079539295624783e-22	1.999034716025359891e-03	9.652839719598364314e-07	1.278869437625422882e-24	2.145189711489105844e-19	1.993628925462454398e-18	2.325514485497797900e-18	1.112520180420002610e-16	2.952101694202266618e-26	2.952453558692686285e-29	1.795386325481813580e-02	6.995289797081084837e-02	4.710202916412274709e-05	2.494584783482626099e-12	4.613674269744682356e-05
5.530000000000000426e+01	5.433648459500075702e-15	2.133462477430840025e-20	7.527079538606123055e-22	1.999034716025463974e-03	9.652839718669632922e-07	1.278869437502378562e-24	2.145189711288770370e-19	1.993628925276272440e-18	2.325514485280620025e-18	1.112520180313527588e-16	2.952101693919745620e-26	2.952453558142754549e-29	1.795386325481352144e-02	6.995289797080626870e-02	4.710202916865396678e-05	2.499104617709707859e-12	4.613674269755104249e-05
5.540000000000000568e+01	5.433648458976099301e-15	2.133462477224557881e-20	7.527079537892254740e-22	1.999034716025568058e-03	9.652839717740899411e-07	1.278869437379333875e-24	2.145189711081354456e-19	1.993628925083510734e-18	2.325514485055785037e-18	1.112520180206902190e-16	2.952101693636817675e-26	2.952453557573333555e-29	1.795386325480890707e-02	6.995289797080168903e-02	4.710202917318518647e-05	2.503624451936355025e-12	4.613674269765526142e-05
5.550000000000000000e+01	5.433648458461998649e-15	2.133462477022153478e-20	7.527079537191805868e-22	1.999034716025672141e-03	9.652839716812163784e-07	1.278869437256289371e-24	2.145189710877837346e-19	1.993628924894372858e-18	2.325514484835150888e-18	1.112520180099873733e-16	2.952101693352826161e-26	2.952453557014644826e-29	1.795386325480429271e-02	6.995289797079710936e-02	4.710202917771640616e-05	2.508144286162566388e-12	4.613674269775948036e-05
5.560000000000000142e+01	5.433648457927119401e-15	2.133462476811591256e-20	7.527079536463123503e-22	1.999034716025776225e-03	9.652839715883432391e-07	1.278869437133244867e-24	2.145189710666117941e-19	1.993628924697611765e-18	2.325514484605655535e-18	1.112520179992712403e-16	2.952101693068470748e-26	2.952453556433377255e-29	1.795386325479967835e-02	6.995289797079252969e-02	4.710202918224762586e-05	2.512664120388343561e-12	4.613674269786369929e-05
5.570000000000000284e+01	5.433648457405195615e-15	2.133462476606114994e-20	7.527079535752042520e-22	1.999034716025880308e-03	9.652839714954698881e-07	1.278869437010200547e-24	2.145189710459511881e-19	1.993628924505602328e-18	2.325514484381671423e-18	1.112520179885158614e-16	2.952101692783083334e-26	2.952453555866186567e-29	1.795386325479506398e-02	6.995289797078795002e-02	4.710202918677884555e-05	2.517183954613686141e-12	4.613674269796791823e-05
5.580000000000000426e+01	5.433648456891976910e-15	2.133462476404056956e-20	7.527079535052793593e-22	1.999034716025984391e-03	9.652839714025965371e-07	1.278869436887155859e-24	2.145189710256343364e-19	1.993628924316788008e-18	2.325514484161421690e-18	1.112520179778261305e-16	2.952101692499438499e-26	2.952453555308456326e-29	1.795386325479044962e-02	6.995289797078337035e-02	4.710202919131006524e-05	2.521703788838593320e-12	4.613674269807213716e-05
5.590000000000000568e+01	5.433648456376966701e-15	2.133462476201295654e-20	7.527079534351108101e-22	1.999034716026088475e-03	9.652839713097231860e-07	1.278869436764111723e-24	2.145189710052467550e-19	1.993628924127316561e-18	2.325514483940428547e-18	1.112520179671995332e-16	2.952101692217467940e-26	2.952453554748779401e-29	1.795386325478583525e-02	6.995289797077879068e-02	4.710202919584128493e-05	2.526223623063065907e-12	4.613674269817635609e-05
5.600000000000000000e+01	5.433648455856919616e-15	2.133462475996556662e-20	7.527079533642579351e-22	1.999034716026192558e-03	9.652839712168496233e-07	1.278869436641066852e-24	2.145189709846602731e-19	1.993628923935996606e-18	2.325514483717244852e-18	1.112520179565232376e-16	2.952101691934177245e-26	2.952453554183628443e-29	1.795386325478122089e-02	6.995289797077421101e-02	4.710202920037250462e-05	2.530743457287103496e-12	4.613674269828057503e-05
5.610000000000000142e+01	5.433648455331195098e-15	2.133462475789588707e-20	7.527079532926336537e-22	1.999034716026296642e-03	9.652839711239764840e-07	1.278869436518022715e-24	2.145189709638497094e-19	1.993628923742593565e-18	2.325514483491666455e-18	1.112520179458600568e-16	2.952101691651230359e-26	2.952453553612308970e-29	1.795386325477660652e-02	6.995289797076963134e-02	4.710202920490372432e-05	2.535263291510706089e-12	4.613674269838479396e-05
5.620000000000000284e+01	5.433648454817324005e-15	2.133462475587273979e-20	7.527079532226198936e-22	1.999034716026400725e-03	9.652839710311031330e-07	1.278869436394978028e-24	2.145189709435070743e-19	1.993628923553539275e-18	2.325514483271133225e-18	1.112520179351879521e-16	2.952101691368053885e-26	2.952453553053869111e-29	1.795386325477199216e-02	6.995289797076505167e-02	4.710202920943494401e-05	2.539783125733874089e-12	4.613674269848901289e-05
5.630000000000000426e+01	5.433648454297947451e-15	2.133462475382798599e-20	7.527079531518579549e-22	1.999034716026504808e-03	9.652839709382295702e-07	1.278869436271933524e-24	2.145189709229470740e-19	1.993628923362465839e-18	2.325514483048241885e-18	1.112520179244636592e-16	2.952101691083490695e-26	2.952453552489447390e-29	1.795386325476737779e-02	6.995289797076047200e-02	4.710202921396616370e-05	2.544302959956607496e-12	4.613674269859323183e-05
5.640000000000000568e+01	5.433648453771912123e-15	2.133462475175707264e-20	7.527079530801911676e-22	1.999034716026608892e-03	9.652839708453564310e-07	1.278869436148889020e-24	2.145189709021241843e-19	1.993628923168948398e-18	2.325514482822511340e-18	1.112520179137057165e-16	2.952101690798032682e-26	2.952453551917788242e-29	1.795386325476276343e-02	6.995289797075589233e-02	4.710202921849738339e-05	2.548822794178905502e-12	4.613674269869745076e-05
5.650000000000000000e+01	5.433648453230578415e-15	2.133462474962610639e-20	7.527079530064460123e-22	1.999034716026712975e-03	9.652839707524830799e-07	1.278869436025844884e-24	2.145189708806973951e-19	1.993628922969818797e-18	2.325514482590243804e-18	1.112520179028555511e-16	2.952101690510120940e-26	2.952453551329505210e-29	1.795386325475814907e-02	6.995289797075131266e-02	4.710202922302860308e-05	2.553342628400768512e-12	4.613674269880166970e-05
5.660000000000000142e+01	5.433648452712165060e-15	2.133462474758513222e-20	7.527079529358150707e-22	1.999034716026817059e-03	9.652839706596097289e-07	1.278869435902800380e-24	2.145189708601753838e-19	1.993628922779098192e-18	2.325514482367773088e-18	1.112520178920711569e-16	2.952101690223965552e-26	2.952453550766129978e-29	1.795386325475353470e-02	6.995289797074673299e-02	4.710202922755982278e-05	2.557862462622197332e-12	4.613674269890588863e-05
5.670000000000000284e+01	5.433648452193164793e-15	2.133462474554185296e-20	7.527079528651044775e-22	1.999034716026921142e-03	9.652839705667363779e-07	1.278869435779755692e-24	2.145189708396302854e-19	1.993628922588162268e-18	2.325514482145065097e-18	1.112520178813424267e-16	2.952101689939283549e-26	2.952453550202117435e-29	1.795386325474892034e-02	6.995289797074215332e-02	4.710202923209104247e-05	2.562382296843190751e-12	4.613674269901010756e-05
5.680000000000000426e+01	5.433648451683308213e-15	2.133462474353446821e-20	7.527079527956359587e-22	1.999034716027025226e-03	9.652839704738630269e-07	1.278869435656711372e-24	2.145189708194461303e-19	1.993628922400581313e-18	2.325514481926250952e-18	1.112520178707720604e-16	2.952101689658806465e-26	2.952453549648041220e-29	1.795386325474430597e-02	6.995289797073757365e-02	4.710202923662226216e-05	2.566902131063749578e-12	4.613674269911432650e-05
5.690000000000000568e+01	5.433648451169655634e-15	2.133462474151219061e-20	7.527079527256521032e-22	1.999034716027129309e-03	9.652839703809896759e-07	1.278869435533666685e-24	2.145189707991121379e-19	1.993628922211607527e-18	2.325514481705838284e-18	1.112520178602841300e-16	2.952101689380513343e-26	2.952453549089840703e-29	1.795386325473969161e-02	6.995289797073299398e-02	4.710202924115348185e-05	2.571421965283873812e-12	4.613674269921854543e-05
5.700000000000000000e+01	5.433648450650763441e-15	2.133462473946932964e-20	7.527079526549561803e-22	1.999034716027233392e-03	9.652839702881165366e-07	1.278869435410622548e-24	2.145189707785712765e-19	1.993628922020711276e-18	2.325514481483156872e-18	1.112520178496278271e-16	2.952101689097752424e-26	2.952453548525944748e-29	1.795386325473507724e-02	6.995289797072841431e-02	4.710202924568470154e-05	2.575941799503562241e-12	4.613674269932276436e-05
5.710000000000000142e+01	5.433648450127340031e-15	2.133462473740868691e-20	7.527079525836445804e-22	1.999034716027337476e-03	9.652839701952429738e-07	1.278869435287577493e-24	2.145189707578515444e-19	1.993628921828152564e-18	2.325514481258536433e-18	1.112520178389472421e-16	2.952101688814345787e-26	2.952453547957124631e-29	1.795386325473046288e-02	6.995289797072383464e-02	4.710202925021592124e-05	2.580461633722816481e-12	4.613674269942698330e-05
5.720000000000000284e+01	5.433648449598863178e-15	2.133462473532819206e-20	7.527079525116460216e-22	1.999034716027441559e-03	9.652839701023696228e-07	1.278869435164533357e-24	2.145189707369323100e-19	1.993628921633740336e-18	2.325514481031778211e-18	1.112520178281994560e-16	2.952101688529155820e-26	2.952453547382813105e-29	1.795386325472584851e-02	6.995289797071925497e-02	4.710202925474714093e-05	2.584981467941635724e-12	4.613674269953120223e-05
5.730000000000000426e+01	5.433648449083152461e-15	2.133462473329782556e-20	7.527079524413823984e-22	1.999034716027545643e-03	9.652839700094962718e-07	1.278869435041488853e-24	2.145189707165170192e-19	1.993628921444010814e-18	2.325514480810450727e-18	1.112520178174215699e-16	2.952101688243173197e-26	2.952453546822374434e-29	1.795386325472123415e-02	6.995289797071467530e-02	4.710202925927836062e-05	2.589501302160019971e-12	4.613674269963542117e-05
5.740000000000000568e+01	5.433648448545967372e-15	2.133462473118315147e-20	7.527079523682007281e-22	1.999034716027649726e-03	9.652839699166227090e-07	1.278869434918444349e-24	2.145189706952539582e-19	1.993628921246402698e-18	2.325514480579945032e-18	1.112520178065546165e-16	2.952101687954819497e-26	2.952453546238599660e-29	1.795386325471661979e-02	6.995289797071009563e-02	4.710202926380958031e-05	2.594021136377969624e-12	4.613674269973964010e-05
5.750000000000000000e+01	5.433648448021453756e-15	2.133462472911822054e-20	7.527079522967409218e-22	1.999034716027753809e-03	9.652839698237495698e-07	1.278869434795399845e-24	2.145189706744911815e-19	1.993628921053444162e-18	2.325514480354880088e-18	1.112520177957931240e-16	2.952101687669267353e-26	2.952453545668595165e-29	1.795386325471200542e-02	6.995289797070551596e-02	4.710202926834080000e-05	2.598540970595483877e-12	4.613674269984385903e-05
5.760000000000000142e+01	5.433648447505625499e-15	2.133462472708739061e-20	7.527079522264612179e-22	1.999034716027857893e-03	9.652839697308762187e-07	1.278869434672355341e-24	2.145189706540713408e-19	1.993628920863673040e-18	2.325514480133510619e-18	1.112520177850559382e-16	2.952101687384364371e-26	2.952453545108030377e-29	1.795386325470739106e-02	6.995289797070093629e-02	4.710202927287201970e-05	2.603060804812563536e-12	4.613674269994807797e-05
5.770000000000000284e+01	5.433648446986113261e-15	2.133462472504210417e-20	7.527079521556812236e-22	1.999034716027961976e-03	9.652839696380028677e-07	1.278869434549310838e-24	2.145189706335059479e-19	1.993628920672549145e-18	2.325514479910567279e-18	1.112520177743686232e-16	2.952101687100780951e-26	2.952453544543460118e-29	1.795386325470277669e-02	6.995289797069635662e-02	4.710202927740323939e-05	2.607580639029208603e-12	4.613674270005229690e-05
5.780000000000000426e+01	5.433648446463366694e-15	2.133462472298411260e-20	7.527079520844612182e-22	1.999034716028066060e-03	9.652839695451295167e-07	1.278869434426266517e-24	2.145189706128129140e-19	1.993628920480238492e-18	2.325514479686258456e-18	1.112520177636733703e-16	2.952101686816985735e-26	2.952453543975375402e-29	1.795386325469816233e-02	6.995289797069177695e-02	4.710202928193445908e-05	2.612100473245418673e-12	4.613674270015651584e-05
5.790000000000000568e+01	5.433648445951568727e-15	2.133462472096910539e-20	7.527079520147291066e-22	1.999034716028170143e-03	9.652839694522561657e-07	1.278869434303222014e-24	2.145189705925521309e-19	1.993628920291944943e-18	2.325514479466611153e-18	1.112520177530294673e-16	2.952101686534558294e-26	2.952453543419188831e-29	1.795386325469354796e-02	6.995289797068719728e-02	4.710202928646567877e-05	2.616620307461193746e-12	4.613674270026073477e-05
5.800000000000000000e+01	5.433648445418495970e-15	2.133462471887057300e-20	7.527079519421064073e-22	1.999034716028274226e-03	9.652839693593828147e-07	1.278869434180177510e-24	2.145189705714514740e-19	1.993628920095846371e-18	2.325514479237887328e-18	1.112520177423263012e-16	2.952101686250548412e-26	2.952453542839883638e-29	1.795386325468893360e-02	6.995289797068261761e-02	4.710202929099689846e-05	2.621140141676534227e-12	4.613674270036495370e-05
5.810000000000000142e+01	5.433648444897944013e-15	2.133462471682119998e-20	7.527079518711849775e-22	1.999034716028378310e-03	9.652839692665094636e-07	1.278869434057132822e-24	2.145189705508450347e-19	1.993628919904341142e-18	2.325514479014494476e-18	1.112520177315135573e-16	2.952101685963638825e-26	2.952453542274183932e-29	1.795386325468431923e-02	6.995289797067803794e-02	4.710202929552811816e-05	2.625659975891439710e-12	4.613674270046917264e-05
5.820000000000000284e+01	5.433648444369547624e-15	2.133462471474102411e-20	7.527079517991974213e-22	1.999034716028482393e-03	9.652839691736361126e-07	1.278869433934088686e-24	2.145189705299290021e-19	1.993628919709957803e-18	2.325514478787752433e-18	1.112520177207531741e-16	2.952101685678115380e-26	2.952453541699960408e-29	1.795386325467970487e-02	6.995289797067345827e-02	4.710202930005933785e-05	2.630179810105910196e-12	4.613674270057339157e-05
5.830000000000000426e+01	5.433648443841835177e-15	2.133462471266353852e-20	7.527079517273029643e-22	1.999034716028586477e-03	9.652839690807627616e-07	1.278869433811044182e-24	2.145189705090399085e-19	1.993628919515825606e-18	2.325514478561311990e-18	1.112520177099930127e-16	2.952101685392596526e-26	2.952453541126479012e-29	1.795386325467509051e-02	6.995289797066887860e-02	4.710202930459055754e-05	2.634699644319945686e-12	4.613674270067761050e-05
5.840000000000000568e+01	5.433648443338171155e-15	2.133462471068046864e-20	7.527079516586760055e-22	1.999034716028690560e-03	9.652839689878896224e-07	1.278869433687999678e-24	2.145189704891002021e-19	1.993628919330516093e-18	2.325514478345150235e-18	1.112520176992781862e-16	2.952101685108292771e-26	2.952453540579132952e-29	1.795386325467047614e-02	6.995289797066429893e-02	4.710202930912177723e-05	2.639219478533546583e-12	4.613674270078182944e-05
5.850000000000000000e+01	5.433648442799118044e-15	2.133462470855845797e-20	7.527079515852407104e-22	1.999034716028794643e-03	9.652839688950162713e-07	1.278869433564955358e-24	2.145189704677634743e-19	1.993628919132223116e-18	2.325514478113837575e-18	1.112520176884800116e-16	2.952101684821760284e-26	2.952453539993327416e-29	1.795386325466586178e-02	6.995289797065971926e-02	4.710202931365299692e-05	2.643739312746712483e-12	4.613674270088604837e-05
5.860000000000000142e+01	5.433648442288270654e-15	2.133462470654719127e-20	7.527079515156379972e-22	1.999034716028898727e-03	9.652839688021427086e-07	1.278869433441910670e-24	2.145189704475401987e-19	1.993628918944278932e-18	2.325514477894624762e-18	1.112520176777616106e-16	2.952101684537357805e-26	2.952453539438175004e-29	1.795386325466124741e-02	6.995289797065513959e-02	4.710202931818421662e-05	2.648259146959443790e-12	4.613674270099026731e-05
5.870000000000000284e+01	5.433648441771464998e-15	2.133462470451252753e-20	7.527079514452256035e-22	1.999034716029002810e-03	9.652839687092693575e-07	1.278869433318866167e-24	2.145189704270817431e-19	1.993628918754148431e-18	2.325514477672835440e-18	1.112520176671054803e-16	2.952101684254603774e-26	2.952453538876546910e-29	1.795386325465663305e-02	6.995289797065055992e-02	4.710202932271543631e-05	2.652778981171740100e-12	4.613674270109448624e-05
5.880000000000000426e+01	5.433648441250748170e-15	2.133462470246250451e-20	7.527079513742814161e-22	1.999034716029106894e-03	9.652839686163962183e-07	1.278869433195821846e-24	2.145189704064687797e-19	1.993628918562582342e-18	2.325514477449398292e-18	1.112520176565139872e-16	2.952101683973560753e-26	2.952453538310668959e-29	1.795386325465201868e-02	6.995289797064598025e-02	4.710202932724665600e-05	2.657298815383601413e-12	4.613674270119870517e-05
5.890000000000000568e+01	5.433648440740804026e-15	2.133462470045478273e-20	7.527079513048013305e-22	1.999034716029210977e-03	9.652839685235226555e-07	1.278869433072777159e-24	2.145189703862812061e-19	1.993628918374969033e-18	2.325514477230544087e-18	1.112520176459154191e-16	2.952101683692335209e-26	2.952453537756497456e-29	1.795386325464740432e-02	6.995289797064140058e-02	4.710202933177787569e-05	2.661818649595028134e-12	4.613674270130292411e-05
5.900000000000000000e+01	5.433648440208520131e-15	2.133462469835934085e-20	7.527079512322856482e-22	1.999034716029315061e-03	9.652839684306493045e-07	1.278869432949732839e-24	2.145189703652116529e-19	1.993628918179159735e-18	2.325514477002135729e-18	1.112520176352269948e-16	2.952101683408715629e-26	2.952453537178048736e-29	1.795386325464278995e-02	6.995289797063682091e-02	4.710202933630909538e-05	2.666338483806019453e-12	4.613674270140714304e-05
5.910000000000000142e+01	5.433648439673944594e-15	2.133462469625490730e-20	7.527079511594586010e-22	1.999034716029419144e-03	9.652839683377761652e-07	1.278869432826688335e-24	2.145189703440516532e-19	1.993628917982509577e-18	2.325514476772766332e-18	1.112520176244351804e-16	2.952101683122354759e-26	2.952453536597108508e-29	1.795386325463817559e-02	6.995289797063224124e-02	4.710202934084031508e-05	2.670858318016576180e-12	4.613674270151136198e-05
5.920000000000000284e+01	5.433648439168280809e-15	2.133462469426398925e-20	7.527079510905600559e-22	1.999034716029523227e-03	9.652839682449026024e-07	1.278869432703643647e-24	2.145189703240330077e-19	1.993628917796466670e-18	2.325514476555744842e-18	1.112520176137596737e-16	2.952101682839092189e-26	2.952453536047588755e-29	1.795386325463356123e-02	6.995289797062766157e-02	4.710202934537153477e-05	2.675378152226697910e-12	4.613674270161558091e-05
5.930000000000000426e+01	5.433648438654447581e-15	2.133462469224099545e-20	7.527079510205515620e-22	1.999034716029627311e-03	9.652839681520294632e-07	1.278869432580599511e-24	2.145189703036918893e-19	1.993628917607426631e-18	2.325514476335230101e-18	1.112520176031177922e-16	2.952101682556716979e-26	2.952453535489190935e-29	1.795386325462894686e-02	6.995289797062308190e-02	4.710202934990275446e-05	2.679897986436385047e-12	4.613674270171979984e-05
5.940000000000000568e+01	5.433648438122289114e-15	2.133462469014605311e-20	7.527079509480528069e-22	1.999034716029731394e-03	9.652839680591561122e-07	1.278869432457555007e-24	2.145189702826273195e-19	1.993628917411663556e-18	2.325514476106894543e-18	1.112520175924000321e-16	2.952101682272319667e-26	2.952453534910879543e-29	1.795386325462433250e-02	6.995289797061850223e-02	4.710202935443397415e-05	2.684417820645637187e-12	4.613674270182401878e-05
5.950000000000000000e+01	5.433648437617504121e-15	2.133462468815858670e-20	7.527079508792738801e-22	1.999034716029835478e-03	9.652839679662827612e-07	1.278869432334510503e-24	2.145189702626434130e-19	1.993628917225943435e-18	2.325514475890250535e-18	1.112520175817686769e-16	2.952101681990228573e-26	2.952453534362314354e-29	1.795386325461971813e-02	6.995289797061392256e-02	4.710202935896519384e-05	2.688937654854453926e-12	4.613674270192823771e-05
5.960000000000000142e+01	5.433648437091583177e-15	2.133462468608813377e-20	7.527079508076227034e-22	1.999034716029939561e-03	9.652839678734094101e-07	1.278869432211466183e-24	2.145189702418250732e-19	1.993628917032468365e-18	2.325514475664585472e-18	1.112520175711441750e-16	2.952101681708307375e-26	2.952453533790780763e-29	1.795386325461510377e-02	6.995289797060934289e-02	4.710202936349641354e-05	2.693457489062836477e-12	4.613674270203245664e-05
5.970000000000000284e+01	5.433648436560245914e-15	2.133462468399641135e-20	7.527079507352356672e-22	1.999034716030043644e-03	9.652839677805360591e-07	1.278869432088421496e-24	2.145189702207928349e-19	1.993628916837005349e-18	2.325514475436574626e-18	1.112520175603181438e-16	2.952101681421040777e-26	2.952453533213361157e-29	1.795386325461048940e-02	6.995289797060476322e-02	4.710202936802763323e-05	2.697977323270784030e-12	4.613674270213667558e-05
5.980000000000000426e+01	5.433648436041711075e-15	2.133462468195496172e-20	7.527079506645884567e-22	1.999034716030147728e-03	9.652839676876627081e-07	1.278869431965376992e-24	2.145189702002661050e-19	1.993628916646240448e-18	2.325514475214044976e-18	1.112520175494921372e-16	2.952101681133782215e-26	2.952453532649853642e-29	1.795386325460587504e-02	6.995289797060018355e-02	4.710202937255885292e-05	2.702497157478296587e-12	4.613674270224089451e-05
5.990000000000000568e+01	5.433648435519564042e-15	2.133462467989932039e-20	7.527079505934500777e-22	1.999034716030251811e-03	9.652839675947893571e-07	1.278869431842332672e-24	2.145189701795967360e-19	1.993628916454150506e-18	2.325514474989996153e-18	1.112520175388341579e-16	2.952101680850975379e-26	2.952453532082420250e-29	1.795386325460126067e-02	6.995289797059560388e-02	4.710202937709007261e-05	2.707016991685374550e-12	4.613674270234511345e-05
6.000000000000000000e+01	5.433648435006093690e-15	2.133462467787775599e-20	7.527079505234908606e-22	1.999034716030355895e-03	9.652839675019160061e-07	1.278869431719288168e-24	2.145189701592699417e-19	1.993628916265243356e-18	2.325514474769635871e-18	1.112520175282255318e-16	2.952101680569482364e-26	2.952453531524417596e-29	1.795386325459664631e-02	6.995289797059102421e-02	4.710202938162129230e-05	2.711536825892017113e-12	4.613674270244933238e-05
6.010000000000000142e+01	5.433648434473543948e-15	2.133462467578127291e-20	7.527079504509389731e-22	1.999034716030459978e-03	9.652839674090426550e-07	1.278869431596243480e-24	2.145189701381898681e-19	1.993628916069336222e-18	2.325514474541104639e-18	1.112520175173273445e-16	2.952101680280302144e-26	2.952453530945679089e-29	1.795386325459203194e-02	6.995289797058644454e-02	4.710202938615251200e-05	2.716056660098225084e-12	4.613674270255355131e-05
6.020000000000000284e+01	5.433648433969960390e-15	2.133462467379852502e-20	7.527079503823232049e-22	1.999034716030564061e-03	9.652839673161693040e-07	1.278869431473199344e-24	2.145189701182534598e-19	1.993628915884057139e-18	2.325514474325000662e-18	1.112520175067768969e-16	2.952101680000355983e-26	2.952453530398421031e-29	1.795386325458741758e-02	6.995289797058186487e-02	4.710202939068373169e-05	2.720576494303998461e-12	4.613674270265777025e-05
6.030000000000000426e+01	5.433648433457356207e-15	2.133462467178035507e-20	7.527079503124815372e-22	1.999034716030668145e-03	9.652839672232957412e-07	1.278869431350154289e-24	2.145189700979608027e-19	1.993628915695467768e-18	2.325514474105014010e-18	1.112520174962729920e-16	2.952101679721638696e-26	2.952453529841357808e-29	1.795386325458280322e-02	6.995289797057728520e-02	4.710202939521495138e-05	2.725096328509336841e-12	4.613674270276198918e-05
6.040000000000000568e+01	5.433648432913673271e-15	2.133462466964016542e-20	7.527079502384172116e-22	1.999034716030772228e-03	9.652839671304226020e-07	1.278869431227110153e-24	2.145189700764412078e-19	1.993628915495475736e-18	2.325514473871745376e-18	1.112520174855288051e-16	2.952101679436535972e-26	2.952453529250522731e-29	1.795386325457818885e-02	6.995289797057270553e-02	4.710202939974617107e-05	2.729616162714240224e-12	4.613674270286620812e-05
6.050000000000000000e+01	5.433648432376780061e-15	2.133462466752662884e-20	7.527079501652752260e-22	1.999034716030876312e-03	9.652839670375492510e-07	1.278869431104065465e-24	2.145189700551896782e-19	1.993628915297975086e-18	2.325514473641359088e-18	1.112520174745133733e-16	2.952101679144244825e-26	2.952453528667064089e-29	1.795386325457357449e-02	6.995289797056812586e-02	4.710202940427739076e-05	2.734135996918708611e-12	4.613674270297042705e-05
6.060000000000000142e+01	5.433648431871629825e-15	2.133462466553773001e-20	7.527079500964464582e-22	1.999034716030980395e-03	9.652839669446759000e-07	1.278869430981021145e-24	2.145189700351913754e-19	1.993628915112120921e-18	2.325514473424580650e-18	1.112520174638692731e-16	2.952101678861816236e-26	2.952453528118102613e-29	1.795386325456896012e-02	6.995289797056354619e-02	4.710202940880861046e-05	2.738655831122742405e-12	4.613674270307464598e-05
6.070000000000000284e+01	5.433648431342569215e-15	2.133462466345494210e-20	7.527079500243685301e-22	1.999034716031084478e-03	9.652839668518025489e-07	1.278869430857976825e-24	2.145189700142490780e-19	1.993628914917494144e-18	2.325514473197552799e-18	1.112520174531181590e-16	2.952101678576535581e-26	2.952453527543155459e-29	1.795386325456434576e-02	6.995289797055896652e-02	4.710202941333983015e-05	2.743175665326341201e-12	4.613674270317886492e-05
6.080000000000000426e+01	5.433648430823813495e-15	2.133462466141262279e-20	7.527079499536911329e-22	1.999034716031188562e-03	9.652839667589291979e-07	1.278869430734932321e-24	2.145189699937136333e-19	1.993628914726648354e-18	2.325514472974931860e-18	1.112520174423320639e-16	2.952101678290334849e-26	2.952453526979409163e-29	1.795386325455973139e-02	6.995289797055438685e-02	4.710202941787104984e-05	2.747695499529505405e-12	4.613674270328308385e-05
6.090000000000000568e+01	5.433648430301543399e-15	2.133462465935649998e-20	7.527079498825361088e-22	1.999034716031292645e-03	9.652839666660558469e-07	1.278869430611887817e-24	2.145189699730393531e-19	1.993628914534512190e-18	2.325514472750806385e-18	1.112520174316373040e-16	2.952101678006553408e-26	2.952453526411841806e-29	1.795386325455511703e-02	6.995289797054980718e-02	4.710202942240226953e-05	2.752215333732234612e-12	4.613674270338730278e-05
6.100000000000000000e+01	5.433648429777492056e-15	2.133462465729339267e-20	7.527079498111391210e-22	1.999034716031396729e-03	9.652839665731824959e-07	1.278869430488843313e-24	2.145189699522948728e-19	1.993628914341723521e-18	2.325514472525934805e-18	1.112520174209539333e-16	2.952101677723073303e-26	2.952453525842340658e-29	1.795386325455050266e-02	6.995289797054522751e-02	4.710202942693348922e-05	2.756735167934528419e-12	4.613674270349152172e-05
6.110000000000000142e+01	5.433648429261404263e-15	2.133462465526154561e-20	7.527079497408243404e-22	1.999034716031500812e-03	9.652839664803091449e-07	1.278869430365798809e-24	2.145189699318647524e-19	1.993628914151856873e-18	2.325514472304454402e-18	1.112520174102465024e-16	2.952101677438957811e-26	2.952453525281493368e-29	1.795386325454588830e-02	6.995289797054064784e-02	4.710202943146470892e-05	2.761255002136387632e-12	4.613674270359574065e-05
6.120000000000000284e+01	5.433648428728036472e-15	2.133462465316185164e-20	7.527079496681613922e-22	1.999034716031604896e-03	9.652839663874357938e-07	1.278869430242754306e-24	2.145189699107523713e-19	1.993628913955649293e-18	2.325514472075602309e-18	1.112520173994774417e-16	2.952101677153201333e-26	2.952453524701866437e-29	1.795386325454127394e-02	6.995289797053606817e-02	4.710202943599592861e-05	2.765774836337812252e-12	4.613674270369995959e-05
6.130000000000000426e+01	5.433648428202606989e-15	2.133462465109332464e-20	7.527079495965769835e-22	1.999034716031708979e-03	9.652839662945624428e-07	1.278869430119709802e-24	2.145189698899533872e-19	1.993628913762354105e-18	2.325514471850125987e-18	1.112520173886395282e-16	2.952101676865623642e-26	2.952453524130865339e-29	1.795386325453665957e-02	6.995289797053148850e-02	4.710202944052714830e-05	2.770294670538801876e-12	4.613674270380417852e-05
6.140000000000000568e+01	5.433648427691606561e-15	2.133462464908145910e-20	7.527079495269533935e-22	1.999034716031813062e-03	9.652839662016890918e-07	1.278869429996665298e-24	2.145189698697240450e-19	1.993628913574353297e-18	2.325514471630816493e-18	1.112520173778770250e-16	2.952101676580050836e-26	2.952453523575546452e-29	1.795386325453204521e-02	6.995289797052690883e-02	4.710202944505836799e-05	2.774814504739356503e-12	4.613674270390839745e-05
6.150000000000000000e+01	5.433648427173944202e-15	2.133462464704343100e-20	7.527079494564244848e-22	1.999034716031917146e-03	9.652839661088159525e-07	1.278869429873621161e-24	2.145189698492317652e-19	1.993628913383908100e-18	2.325514471408665866e-18	1.112520173672144358e-16	2.952101676297125187e-26	2.952453523012987897e-29	1.795386325452743084e-02	6.995289797052232916e-02	4.710202944958958768e-05	2.779334338939476133e-12	4.613674270401261639e-05
6.160000000000000142e+01	5.433648426652645194e-15	2.133462464499112094e-20	7.527079493854013983e-22	1.999034716032021229e-03	9.652839660159423898e-07	1.278869429750576474e-24	2.145189698285959073e-19	1.993628913192129004e-18	2.325514471184976807e-18	1.112520173566574308e-16	2.952101676016995929e-26	2.952453522446476559e-29	1.795386325452281648e-02	6.995289797051774949e-02	4.710202945412080738e-05	2.783854173139161170e-12	4.613674270411683532e-05
6.170000000000000284e+01	5.433648426125685320e-15	2.133462464291658744e-20	7.527079493136092563e-22	1.999034716032125313e-03	9.652839659230690388e-07	1.278869429627532154e-24	2.145189698077365453e-19	1.993628912998273370e-18	2.325514470958846439e-18	1.112520173459134165e-16	2.952101675731906407e-26	2.952453521873813521e-29	1.795386325451820211e-02	6.995289797051316982e-02	4.710202945865202707e-05	2.788374007338411210e-12	4.613674270422105425e-05
6.180000000000000426e+01	5.433648425595609446e-15	2.133462464082981827e-20	7.527079492413933721e-22	1.999034716032229396e-03	9.652839658301958995e-07	1.278869429504487650e-24	2.145189697867541645e-19	1.993628912803273348e-18	2.325514470731401431e-18	1.112520173351548821e-16	2.952101675446428879e-26	2.952453521297764385e-29	1.795386325451358775e-02	6.995289797050859015e-02	4.710202946318324676e-05	2.792893841537226657e-12	4.613674270432527319e-05
6.190000000000000568e+01	5.433648425092462128e-15	2.133462463884878567e-20	7.527079491728370369e-22	1.999034716032333479e-03	9.652839657373223367e-07	1.278869429381442962e-24	2.145189697668348729e-19	1.993628912618154117e-18	2.325514470515458076e-18	1.112520173244434822e-16	2.952101675162216386e-26	2.952453520750979966e-29	1.795386325450897338e-02	6.995289797050401048e-02	4.710202946771446645e-05	2.797413675735607107e-12	4.613674270442949212e-05
6.200000000000000000e+01	5.433648424554455046e-15	2.133462463673087361e-20	7.527079490995436476e-22	1.999034716032437563e-03	9.652839656444491975e-07	1.278869429258398826e-24	2.145189697455394081e-19	1.993628912420245171e-18	2.325514470284616884e-18	1.112520173137281873e-16	2.952101674877882210e-26	2.952453520166311163e-29	1.795386325450435902e-02	6.995289797049943081e-02	4.710202947224568614e-05	2.801933509933552157e-12	4.613674270453371106e-05
6.210000000000000142e+01	5.433648424026171464e-15	2.133462463465114612e-20	7.527079490275716079e-22	1.999034716032541646e-03	9.652839655515756347e-07	1.278869429135354138e-24	2.145189697246277811e-19	1.993628912225903432e-18	2.325514470057914900e-18	1.112520173028567719e-16	2.952101674589414289e-26	2.952453519592209832e-29	1.795386325449974466e-02	6.995289797049485114e-02	4.710202947677690584e-05	2.806453344131063018e-12	4.613674270463792999e-05
6.220000000000000284e+01	5.433648423524581357e-15	2.133462463267622533e-20	7.527079489592267677e-22	1.999034716032645730e-03	9.652839654587022837e-07	1.278869429012309635e-24	2.145189697047700230e-19	1.993628912041355047e-18	2.325514469842640228e-18	1.112520172922176021e-16	2.952101674307117714e-26	2.952453519047117061e-29	1.795386325449513029e-02	6.995289797049027147e-02	4.710202948130812553e-05	2.810973178328138881e-12	4.613674270474214892e-05
6.230000000000000426e+01	5.433648423001498735e-15	2.133462463061690969e-20	7.527079488879610591e-22	1.999034716032749813e-03	9.652839653658291444e-07	1.278869428889265498e-24	2.145189696840637002e-19	1.993628911848921134e-18	2.325514469618167315e-18	1.112520172815510441e-16	2.952101674024082437e-26	2.952453518478667447e-29	1.795386325449051593e-02	6.995289797048569180e-02	4.710202948583934522e-05	2.815493012524779748e-12	4.613674270484636786e-05
6.240000000000000568e+01	5.433648422492467303e-15	2.133462462861276894e-20	7.527079488186049176e-22	1.999034716032853896e-03	9.652839652729555816e-07	1.278869428766220627e-24	2.145189696639121415e-19	1.993628911661642936e-18	2.325514469399731423e-18	1.112520172710100628e-16	2.952101673744384232e-26	2.952453517925487502e-29	1.795386325448590156e-02	6.995289797048111213e-02	4.710202949037056491e-05	2.820012846720986022e-12	4.613674270495058679e-05
6.250000000000000000e+01	5.433648421961252314e-15	2.133462462652153101e-20	7.527079487462346205e-22	1.999034716032957980e-03	9.652839651800822306e-07	1.278869428643175939e-24	2.145189696428848143e-19	1.993628911466225758e-18	2.325514469171776043e-18	1.112520172603418777e-16	2.952101673461301889e-26	2.952453517348200740e-29	1.795386325448128720e-02	6.995289797047653246e-02	4.710202949490178460e-05	2.824532680916756896e-12	4.613674270505480573e-05
6.260000000000000142e+01	5.433648421426841649e-15	2.133462462441774745e-20	7.527079486734301428e-22	1.999034716033062063e-03	9.652839650872090913e-07	1.278869428520131987e-24	2.145189696217313146e-19	1.993628911269636074e-18	2.325514468942475209e-18	1.112520172495574588e-16	2.952101673175137317e-26	2.952453516767440999e-29	1.795386325447667283e-02	6.995289797047195279e-02	4.710202949943300430e-05	2.829052515112093176e-12	4.613674270515902466e-05
6.270000000000000284e+01	5.433648420918557269e-15	2.133462462241653772e-20	7.527079486041753759e-22	1.999034716033166147e-03	9.652839649943355286e-07	1.278869428397087299e-24	2.145189696016091744e-19	1.993628911082630973e-18	2.325514468724337065e-18	1.112520172387750122e-16	2.952101672889039326e-26	2.952453516215072126e-29	1.795386325447205847e-02	6.995289797046737312e-02	4.710202950396422399e-05	2.833572349306994863e-12	4.613674270526324359e-05
6.280000000000000426e+01	5.433648420388708587e-15	2.133462462033065930e-20	7.527079485319905247e-22	1.999034716033270230e-03	9.652839649014623893e-07	1.278869428274042979e-24	2.145189695806357733e-19	1.993628910887715307e-18	2.325514468496964472e-18	1.112520172280664966e-16	2.952101672604888247e-26	2.952453515639270179e-29	1.795386325446744410e-02	6.995289797046279345e-02	4.710202950849544368e-05	2.838092183501461554e-12	4.613674270536746253e-05
6.290000000000000568e+01	5.433648419874693132e-15	2.133462461830695230e-20	7.527079484619572044e-22	1.999034716033374313e-03	9.652839648085890383e-07	1.278869428150998475e-24	2.145189695602874086e-19	1.993628910698608245e-18	2.325514468276389256e-18	1.112520172173475039e-16	2.952101672320468550e-26	2.952453515080674496e-29	1.795386325446282974e-02	6.995289797045821378e-02	4.710202951302666337e-05	2.842612017695493248e-12	4.613674270547168146e-05
6.300000000000000000e+01	5.433648419369337003e-15	2.133462461631724699e-20	7.527079483931006950e-22	1.999034716033478397e-03	9.652839647157156873e-07	1.278869428027953788e-24	2.145189695402810169e-19	1.993628910512678969e-18	2.325514468059503352e-18	1.112520172068349709e-16	2.952101672041526840e-26	2.952453514531489933e-29	1.795386325445821538e-02	6.995289797045363411e-02	4.710202951755788306e-05	2.847131851889089944e-12	4.613674270557590039e-05
6.310000000000000142e+01	5.433648418826914667e-15	2.133462461418200156e-20	7.527079483192073334e-22	1.999034716033582480e-03	9.652839646228423363e-07	1.278869427904909651e-24	2.145189695188111832e-19	1.993628910313149545e-18	2.325514467826776289e-18	1.112520171961079910e-16	2.952101671756879850e-26	2.952453513942023645e-29	1.795386325445360101e-02	6.995289797044905444e-02	4.710202952208910276e-05	2.851651686082251644e-12	4.613674270568011933e-05
6.320000000000000284e+01	5.433648418310498708e-15	2.133462461214886954e-20	7.527079482488479779e-22	1.999034716033686564e-03	9.652839645299689852e-07	1.278869427781864964e-24	2.145189694983680627e-19	1.993628910123161563e-18	2.325514467605156834e-18	1.112520171853160287e-16	2.952101671470525293e-26	2.952453513380818183e-29	1.795386325444898665e-02	6.995289797044447477e-02	4.710202952662032245e-05	2.856171520274978752e-12	4.613674270578433826e-05
6.330000000000000426e+01	5.433648417774937884e-15	2.133462461004056306e-20	7.527079481758869244e-22	1.999034716033790647e-03	9.652839644370954225e-07	1.278869427658820276e-24	2.145189694771691592e-19	1.993628909926149715e-18	2.325514467375342162e-18	1.112520171744872118e-16	2.952101671183182357e-26	2.952453512798808484e-29	1.795386325444437228e-02	6.995289797043989510e-02	4.710202953115154214e-05	2.860691354467270862e-12	4.613674270588855720e-05
6.340000000000000568e+01	5.433648417253726440e-15	2.133462460798859905e-20	7.527079481048757808e-22	1.999034716033894730e-03	9.652839643442222832e-07	1.278869427535776140e-24	2.145189694565367440e-19	1.993628909734402589e-18	2.325514467151689310e-18	1.112520171636851915e-16	2.952101670896557460e-26	2.952453512232392434e-29	1.795386325443975792e-02	6.995289797043531543e-02	4.710202953568276183e-05	2.865211188659128379e-12	4.613674270599277613e-05
6.350000000000000000e+01	5.433648416754265469e-15	2.133462460602203801e-20	7.527079480368201122e-22	1.999034716033998814e-03	9.652839642513487204e-07	1.278869427412731452e-24	2.145189694367630286e-19	1.993628909550636132e-18	2.325514466937327144e-18	1.112520171530850703e-16	2.952101670615296904e-26	2.952453511689614048e-29	1.795386325443514355e-02	6.995289797043073576e-02	4.710202954021398152e-05	2.869731022850550900e-12	4.613674270609699506e-05
6.360000000000000142e+01	5.433648416221079116e-15	2.133462460392305724e-20	7.527079479641818964e-22	1.999034716034102897e-03	9.652839641584753694e-07	1.278869427289686765e-24	2.145189694156578457e-19	1.993628909354495574e-18	2.325514466708527437e-18	1.112520171423757412e-16	2.952101670331123441e-26	2.952453511110183859e-29	1.795386325443052919e-02	6.995289797042615609e-02	4.710202954474520122e-05	2.874250857041538423e-12	4.613674270620121400e-05
6.370000000000000284e+01	5.433648415683392312e-15	2.133462460180640606e-20	7.527079478909319534e-22	1.999034716034206981e-03	9.652839640656022301e-07	1.278869427166642628e-24	2.145189693943749717e-19	1.993628909156703339e-18	2.325514466477826837e-18	1.112520171315564152e-16	2.952101670044031904e-26	2.952453510525864820e-29	1.795386325442591482e-02	6.995289797042157642e-02	4.710202954927642091e-05	2.878770691232091354e-12	4.613674270630543293e-05
6.380000000000000426e+01	5.433648415174980925e-15	2.133462459980469980e-20	7.527079478216600713e-22	1.999034716034311064e-03	9.652839639727286674e-07	1.278869427043597757e-24	2.145189693742478964e-19	1.993628908969652786e-18	2.325514466259625137e-18	1.112520171207832130e-16	2.952101669758177277e-26	2.952453509973358620e-29	1.795386325442130046e-02	6.995289797041699675e-02	4.710202955380764060e-05	2.883290525422209288e-12	4.613674270640965187e-05
6.390000000000000568e+01	5.433648414658638330e-15	2.133462459777185065e-20	7.527079477513104959e-22	1.999034716034415148e-03	9.652839638798555281e-07	1.278869426920553620e-24	2.145189693538076648e-19	1.993628908779691767e-18	2.325514466038040734e-18	1.112520171101091115e-16	2.952101669474946276e-26	2.952453509412232752e-29	1.795386325441668610e-02	6.995289797041241708e-02	4.710202955833886029e-05	2.887810359611892225e-12	4.613674270651387080e-05
6.400000000000000000e+01	5.433648414141467432e-15	2.133462459573575752e-20	7.527079476808486374e-22	1.999034716034519231e-03	9.652839637869821771e-07	1.278869426797509117e-24	2.145189693333347888e-19	1.993628908589427608e-18	2.325514465816118138e-18	1.112520170995333217e-16	2.952101669194321106e-26	2.952453508850207811e-29	1.795386325441207173e-02	6.995289797040783741e-02	4.710202956287007998e-05	2.892330193801139761e-12	4.613674270661808973e-05
6.410000000000000853e+01	5.433648413616041104e-15	2.133462459366724556e-20	7.527079476092645109e-22	1.999034716034623314e-03	9.652839636941086143e-07	1.278869426674464429e-24	2.145189693125359731e-19	1.993628908396133575e-18	2.325514465590637964e-18	1.112520170887846235e-16	2.952101668909107606e-26	2.952453508279211757e-29	1.795386325440745737e-02	6.995289797040325774e-02	4.710202956740129968e-05	2.896850027989950281e-12	4.613674270672230867e-05
6.420000000000000284e+01	5.433648413089006288e-15	2.133462459159241114e-20	7.527079475374620246e-22	1.999034716034727398e-03	9.652839636012356868e-07	1.278869426551420293e-24	2.145189692916736018e-19	1.993628908202249822e-18	2.325514465364497196e-18	1.112520170780991327e-16	2.952101668625569529e-26	2.952453507706466883e-29	1.795386325440284300e-02	6.995289797039867807e-02	4.710202957193251937e-05	2.901369862178324997e-12	4.613674270682652760e-05
6.429999999999999716e+01	5.433648412571076506e-15	2.133462458955333582e-20	7.527079474668969106e-22	1.999034716034831481e-03	9.652839635083621240e-07	1.278869426428375972e-24	2.145189692711707294e-19	1.993628908011707172e-18	2.325514465142228317e-18	1.112520170673418557e-16	2.952101668340133328e-26	2.952453507143617419e-29	1.795386325439822864e-02	6.995289797039409840e-02	4.710202957646373906e-05	2.905889696366265119e-12	4.613674270693074653e-05
6.440000000000000568e+01	5.433648412048542142e-15	2.133462458749617782e-20	7.527079473957060575e-22	1.999034716034935565e-03	9.652839634154885613e-07	1.278869426305330918e-24	2.145189692504861215e-19	1.993628907819474327e-18	2.325514464917988827e-18	1.112520170566470218e-16	2.952101668056349591e-26	2.952453506575763076e-29	1.795386325439361427e-02	6.995289797038951873e-02	4.710202958099495875e-05	2.910409530553771052e-12	4.613674270703496547e-05
6.450000000000000000e+01	5.433648411524773210e-15	2.133462458543418093e-20	7.527079473243475319e-22	1.999034716035039648e-03	9.652839633226154220e-07	1.278869426182286781e-24	2.145189692297527634e-19	1.993628907626789273e-18	2.325514464693242432e-18	1.112520170459713179e-16	2.952101667773072098e-26	2.952453506006569092e-29	1.795386325438899991e-02	6.995289797038493906e-02	4.710202958552617844e-05	2.914929364740841181e-12	4.613674270713918440e-05
6.460000000000000853e+01	5.433648411007465050e-15	2.133462458339753710e-20	7.527079472538664893e-22	1.999034716035143731e-03	9.652839632297420710e-07	1.278869426059242461e-24	2.145189692092744225e-19	1.993628907436473883e-18	2.325514464471239717e-18	1.112520170352582417e-16	2.952101667488807373e-26	2.952453505444395054e-29	1.795386325438438554e-02	6.995289797038035939e-02	4.710202959005739814e-05	2.919449198927477525e-12	4.613674270724340334e-05
6.470000000000000284e+01	5.433648410489044596e-15	2.133462458135653585e-20	7.527079471832347953e-22	1.999034716035247815e-03	9.652839631368687200e-07	1.278869425936197773e-24	2.145189691887521945e-19	1.993628907245751352e-18	2.325514464248760142e-18	1.112520170245136357e-16	2.952101667203706945e-26	2.952453504881011974e-29	1.795386325437977118e-02	6.995289797037577972e-02	4.710202959458861783e-05	2.923969033113678064e-12	4.613674270734762227e-05
6.479999999999999716e+01	5.433648409964841791e-15	2.133462457929282668e-20	7.527079471118173069e-22	1.999034716035351898e-03	9.652839630439953689e-07	1.278869425813153453e-24	2.145189691680016716e-19	1.993628907052906446e-18	2.325514464023832709e-18	1.112520170137920299e-16	2.952101666919212057e-26	2.952453504311344912e-29	1.795386325437515682e-02	6.995289797037120005e-02	4.710202959911983752e-05	2.928488867299444010e-12	4.613674270745184120e-05
6.490000000000000568e+01	5.433648409436547165e-15	2.133462457721305405e-20	7.527079470398436686e-22	1.999034716035455982e-03	9.652839629511220179e-07	1.278869425690108766e-24	2.145189691470896113e-19	1.993628906858560470e-18	2.325514463797128799e-18	1.112520170030729140e-16	2.952101666634781454e-26	2.952453503737231250e-29	1.795386325437054245e-02	6.995289797036662038e-02	4.710202960365105721e-05	2.933008701484774959e-12	4.613674270755606014e-05
6.500000000000000000e+01	5.433648408934989401e-15	2.133462457523825965e-20	7.527079469715029661e-22	1.999034716035560065e-03	9.652839628582486669e-07	1.278869425567064446e-24	2.145189691272330569e-19	1.993628906674023641e-18	2.325514463581862602e-18	1.112520169923996999e-16	2.952101666351581447e-26	2.952453503192173791e-29	1.795386325436592809e-02	6.995289797036204071e-02	4.710202960818227690e-05	2.937528535669671315e-12	4.613674270766027907e-05
6.510000000000000853e+01	5.433648408414965193e-15	2.133462457319096001e-20	7.527079469006532885e-22	1.999034716035664148e-03	9.652839627653753159e-07	1.278869425444019942e-24	2.145189691066475621e-19	1.993628906482712545e-18	2.325514463358721662e-18	1.112520169818394162e-16	2.952101666071366668e-26	2.952453502627049178e-29	1.795386325436131372e-02	6.995289797035746104e-02	4.710202961271349660e-05	2.942048369854132675e-12	4.613674270776449801e-05
6.520000000000000284e+01	5.433648407887018454e-15	2.133462457111254757e-20	7.527079468287268580e-22	1.999034716035768232e-03	9.652839626725019649e-07	1.278869425320975438e-24	2.145189690857492481e-19	1.993628906288494836e-18	2.325514463132165664e-18	1.112520169711682235e-16	2.952101665788205691e-26	2.952453502053313306e-29	1.795386325435669936e-02	6.995289797035288137e-02	4.710202961724471629e-05	2.946568204038159037e-12	4.613674270786871694e-05
6.529999999999999716e+01	5.433648407358700951e-15	2.133462456903268467e-20	7.527079467567501164e-22	1.999034716035872315e-03	9.652839625796288256e-07	1.278869425197931118e-24	2.145189690648362971e-19	1.993628906094140771e-18	2.325514462905469072e-18	1.112520169603646748e-16	2.952101665501536598e-26	2.952453501479174981e-29	1.795386325435208499e-02	6.995289797034830170e-02	4.710202962177593598e-05	2.951088038221750403e-12	4.613674270797293587e-05
6.540000000000000568e+01	5.433648406837682778e-15	2.133462456698148201e-20	7.527079466857654920e-22	1.999034716035976399e-03	9.652839624867552628e-07	1.278869425074886430e-24	2.145189690442114651e-19	1.993628905902463749e-18	2.325514462681879006e-18	1.112520169496235201e-16	2.952101665216526283e-26	2.952453500912969126e-29	1.795386325434747063e-02	6.995289797034372203e-02	4.710202962630715567e-05	2.955607872404907580e-12	4.613674270807715481e-05
6.550000000000000000e+01	5.433648406297604936e-15	2.133462456485544494e-20	7.527079466121907364e-22	1.999034716036080482e-03	9.652839623938821236e-07	1.278869424951841927e-24	2.145189690228341965e-19	1.993628905703794446e-18	2.325514462450131855e-18	1.112520169386885767e-16	2.952101664926368589e-26	2.952453500326050398e-29	1.795386325434285626e-02	6.995289797033914236e-02	4.710202963083837536e-05	2.960127706587628952e-12	4.613674270818137374e-05
6.560000000000000853e+01	5.433648405802044882e-15	2.133462456290419503e-20	7.527079465446650746e-22	1.999034716036184565e-03	9.652839623010087726e-07	1.278869424828797790e-24	2.145189690032145074e-19	1.993628905521459340e-18	2.325514462237461041e-18	1.112520169280760310e-16	2.952101664644780295e-26	2.952453499787510659e-29	1.795386325433824190e-02	6.995289797033456269e-02	4.710202963536959506e-05	2.964647540769916539e-12	4.613674270828559267e-05
6.570000000000000284e+01	5.433648405283437468e-15	2.133462456086245651e-20	7.527079464740077079e-22	1.999034716036288649e-03	9.652839622081352098e-07	1.278869424705753103e-24	2.145189689826848645e-19	1.993628905330667090e-18	2.325514462014897881e-18	1.112520169174638057e-16	2.952101664363189131e-26	2.952453499223925232e-29	1.795386325433362754e-02	6.995289797032998302e-02	4.710202963990081475e-05	2.969167374951768321e-12	4.613674270838981161e-05
6.579999999999999716e+01	5.433648404747889266e-15	2.133462455875420420e-20	7.527079464010485351e-22	1.999034716036392732e-03	9.652839621152620705e-07	1.278869424582708782e-24	2.145189689614864666e-19	1.993628905133660249e-18	2.325514461785116335e-18	1.112520169067845026e-16	2.952101664079809471e-26	2.952453498641928986e-29	1.795386325432901317e-02	6.995289797032540335e-02	4.710202964443203444e-05	2.973687209133185106e-12	4.613674270849403054e-05
6.590000000000000568e+01	5.433648404236651390e-15	2.133462455674139976e-20	7.527079463313924074e-22	1.999034716036496816e-03	9.652839620223887195e-07	1.278869424459664095e-24	2.145189689412477836e-19	1.993628904945572005e-18	2.325514461565708618e-18	1.112520168960657811e-16	2.952101663795398957e-26	2.952453498086350018e-29	1.795386325432439881e-02	6.995289797032082368e-02	4.710202964896325413e-05	2.978207043314168107e-12	4.613674270859824948e-05
6.600000000000000000e+01	5.433648403703633065e-15	2.133462455464308103e-20	7.527079462587772313e-22	1.999034716036600899e-03	9.652839619295151567e-07	1.278869424336619591e-24	2.145189689201492692e-19	1.993628904749493847e-18	2.325514461336987488e-18	1.112520168853198192e-16	2.952101663510253759e-26	2.952453497507104240e-29	1.795386325431978444e-02	6.995289797031624401e-02	4.710202965349447382e-05	2.982726877494715302e-12	4.613674270870246841e-05
6.610000000000000853e+01	5.433648403183904679e-15	2.133462455259693695e-20	7.527079461879674264e-22	1.999034716036704983e-03	9.652839618366422292e-07	1.278869424213575455e-24	2.145189688995753541e-19	1.993628904558290219e-18	2.325514461113972890e-18	1.112520168745975232e-16	2.952101663225742800e-26	2.952453496942299123e-29	1.795386325431517008e-02	6.995289797031166434e-02	4.710202965802569352e-05	2.987246711674828309e-12	4.613674270880668734e-05
6.620000000000000284e+01	5.433648402676190645e-15	2.133462455059797213e-20	7.527079461187904303e-22	1.999034716036809066e-03	9.652839617437686665e-07	1.278869424090530583e-24	2.145189688794758196e-19	1.993628904371495429e-18	2.325514460896072791e-18	1.112520168639311377e-16	2.952101662942721298e-26	2.952453496390551866e-29	1.795386325431055571e-02	6.995289797030708467e-02	4.710202966255691321e-05	2.991766545854505915e-12	4.613674270891090628e-05
6.629999999999999716e+01	5.433648402147202610e-15	2.133462454851547913e-20	7.527079460467225643e-22	1.999034716036913149e-03	9.652839616508951037e-07	1.278869423967486080e-24	2.145189688585363629e-19	1.993628904176894845e-18	2.325514460669070747e-18	1.112520168532089402e-16	2.952101662658208617e-26	2.952453495815684865e-29	1.795386325430594135e-02	6.995289797030250500e-02	4.710202966708813290e-05	2.996286380033748928e-12	4.613674270901512521e-05
6.640000000000000568e+01	5.433648401631556580e-15	2.133462454648536841e-20	7.527079459764675928e-22	1.999034716037017233e-03	9.652839615580219644e-07	1.278869423844441943e-24	2.145189688381236962e-19	1.993628903987189975e-18	2.325514460447802581e-18	1.112520168425375257e-16	2.952101662375049362e-26	2.952453495255316820e-29	1.795386325430132698e-02	6.995289797029792533e-02	4.710202967161935259e-05	3.000806214212556944e-12	4.613674270911934414e-05
6.650000000000000000e+01	5.433648401124038183e-15	2.133462454448716193e-20	7.527079459073169277e-22	1.999034716037121316e-03	9.652839614651486134e-07	1.278869423721397439e-24	2.145189688180318414e-19	1.993628903800466830e-18	2.325514460229987994e-18	1.112520168320154525e-16	2.952101662095853957e-26	2.952453494703780878e-29	1.795386325429671262e-02	6.995289797029334566e-02	4.710202967615057228e-05	3.005326048390930367e-12	4.613674270922356308e-05
6.660000000000000853e+01	5.433648400583943776e-15	2.133462454236106166e-20	7.527079458337401031e-22	1.999034716037225400e-03	9.652839613722752624e-07	1.278869423598352935e-24	2.145189687966539227e-19	1.993628903601791364e-18	2.325514459998257406e-18	1.112520168213150720e-16	2.952101661811913526e-26	2.952453494116845335e-29	1.795386325429209826e-02	6.995289797028876599e-02	4.710202968068179198e-05	3.009845882568868794e-12	4.613674270932778201e-05
6.670000000000000284e+01	5.433648400069245956e-15	2.133462454033467340e-20	7.527079457636141539e-22	1.999034716037329483e-03	9.652839612794019114e-07	1.278869423475308432e-24	2.145189687762786431e-19	1.993628903412434317e-18	2.325514459777365568e-18	1.112520168105279168e-16	2.952101661525686965e-26	2.952453493557506963e-29	1.795386325428748389e-02	6.995289797028418632e-02	4.710202968521301167e-05	3.014365716746372223e-12	4.613674270943200095e-05
6.679999999999999716e+01	5.433648399549591723e-15	2.133462453828882724e-20	7.527079456928145993e-22	1.999034716037433566e-03	9.652839611865283486e-07	1.278869423352263744e-24	2.145189687557076891e-19	1.993628903221258807e-18	2.325514459554360213e-18	1.112520167998523854e-16	2.952101661242416933e-26	2.952453492992783682e-29	1.795386325428286953e-02	6.995289797027960665e-02	4.710202968974423136e-05	3.018885550923440656e-12	4.613674270953621988e-05
6.690000000000000568e+01	5.433648399021473013e-15	2.133462453620973771e-20	7.527079456208647530e-22	1.999034716037537650e-03	9.652839610936552093e-07	1.278869423229219608e-24	2.145189687348025862e-19	1.993628903026977157e-18	2.325514459327734881e-18	1.112520167890720588e-16	2.952101660956362564e-26	2.952453492418860597e-29	1.795386325427825516e-02	6.995289797027502698e-02	4.710202969427545105e-05	3.023405385100074496e-12	4.613674270964043881e-05
6.700000000000000000e+01	5.433648398496149237e-15	2.133462453414163201e-20	7.527079455492950146e-22	1.999034716037641733e-03	9.652839610007818583e-07	1.278869423106174920e-24	2.145189687140077910e-19	1.993628902833721257e-18	2.325514459102319033e-18	1.112520167782037496e-16	2.952101660667978443e-26	2.952453491847976647e-29	1.795386325427364080e-02	6.995289797027044731e-02	4.710202969880667074e-05	3.027925219276272935e-12	4.613674270974465775e-05
6.710000000000000853e+01	5.433648397977623864e-15	2.133462453210021247e-20	7.527079454786487445e-22	1.999034716037745817e-03	9.652839609079082955e-07	1.278869422983130233e-24	2.145189686934814704e-19	1.993628902642959822e-18	2.325514458879797858e-18	1.112520167675209705e-16	2.952101660384516705e-26	2.952453491284479222e-29	1.795386325426902643e-02	6.995289797026586764e-02	4.710202970333789044e-05	3.032445053452037589e-12	4.613674270984887668e-05
6.720000000000000284e+01	5.433648397457723507e-15	2.133462453005340033e-20	7.527079454078158059e-22	1.999034716037849900e-03	9.652839608150351563e-07	1.278869422860085912e-24	2.145189686729007904e-19	1.993628902451693794e-18	2.325514458656705837e-18	1.112520167568300810e-16	2.952101660100838005e-26	2.952453490719488012e-29	1.795386325426441207e-02	6.995289797026128797e-02	4.710202970786911013e-05	3.036964887627366034e-12	4.613674270995309562e-05
6.729999999999999716e+01	5.433648396929633196e-15	2.133462452797443118e-20	7.527079453358700033e-22	1.999034716037953983e-03	9.652839607221618053e-07	1.278869422737041409e-24	2.145189686519967709e-19	1.993628902257422544e-18	2.325514458430088594e-18	1.112520167461009811e-16	2.952101659816142801e-26	2.952453490145597437e-29	1.795386325425979770e-02	6.995289797025670830e-02	4.710202971240032982e-05	3.041484721802259886e-12	4.613674271005731455e-05
6.740000000000000568e+01	5.433648396414787859e-15	2.133462452594746213e-20	7.527079452657239296e-22	1.999034716038058067e-03	9.652839606292886660e-07	1.278869422613997272e-24	2.145189686316157135e-19	1.993628902068011571e-18	2.325514458209142444e-18	1.112520167353418797e-16	2.952101659530660682e-26	2.952453489586098757e-29	1.795386325425518334e-02	6.995289797025212863e-02	4.710202971693154951e-05	3.046004555976719954e-12	4.613674271016153348e-05
6.750000000000000000e+01	5.433648395895104439e-15	2.133462452390149861e-20	7.527079451949203313e-22	1.999034716038162150e-03	9.652839605364153150e-07	1.278869422490952585e-24	2.145189686110436280e-19	1.993628901876824891e-18	2.325514457986149030e-18	1.112520167246735960e-16	2.952101659247581783e-26	2.952453489021344647e-29	1.795386325425056898e-02	6.995289797024754896e-02	4.710202972146276920e-05	3.050524390150743812e-12	4.613674271026575242e-05
6.760000000000000853e+01	5.433648395371348918e-15	2.133462452183954685e-20	7.527079451235635924e-22	1.999034716038266234e-03	9.652839604435417522e-07	1.278869422367907897e-24	2.145189685903107514e-19	1.993628901684144459e-18	2.325514457761377983e-18	1.112520167139390727e-16	2.952101658962744808e-26	2.952453488452162995e-29	1.795386325424595461e-02	6.995289797024296929e-02	4.710202972599398890e-05	3.055044224324333886e-12	4.613674271036997135e-05
6.770000000000000284e+01	5.433648394857495968e-15	2.133462451981647781e-20	7.527079450535522774e-22	1.999034716038370317e-03	9.652839603506686129e-07	1.278869422244863761e-24	2.145189685699688386e-19	1.993628901495097101e-18	2.325514457540859005e-18	1.112520167032808962e-16	2.952101658679937398e-26	2.952453487893743314e-29	1.795386325424134025e-02	6.995289797023838962e-02	4.710202973052520859e-05	3.059564058497488559e-12	4.613674271047419028e-05
6.779999999999999716e+01	5.433648394325212073e-15	2.133462451772103895e-20	7.527079449810366891e-22	1.999034716038474400e-03	9.652839602577952619e-07	1.278869422121819440e-24	2.145189685488992854e-19	1.993628901299287419e-18	2.325514457312467210e-18	1.112520166926238784e-16	2.952101658397151798e-26	2.952453487315295716e-29	1.795386325423672588e-02	6.995289797023380995e-02	4.710202973505642828e-05	3.064083892670208235e-12	4.613674271057840922e-05
6.790000000000000568e+01	5.433648393802094741e-15	2.133462451566159391e-20	7.527079449097664666e-22	1.999034716038578484e-03	9.652839601649214874e-07	1.278869421998774386e-24	2.145189685281916385e-19	1.993628901106841180e-18	2.325514457087981201e-18	1.112520166818493204e-16	2.952101658111252402e-26	2.952453486746807987e-29	1.795386325423211152e-02	6.995289797022923028e-02	4.710202973958764797e-05	3.068603726842493318e-12	4.613674271068262815e-05
6.800000000000000000e+01	5.433648393277655278e-15	2.133462451359696090e-20	7.527079448383169107e-22	1.999034716038682567e-03	9.652839600720483481e-07	1.278869421875730249e-24	2.145189685074317507e-19	1.993628900913909607e-18	2.325514456862947842e-18	1.112520166710616968e-16	2.952101657825009196e-26	2.952453486176884767e-29	1.795386325422749715e-02	6.995289797022465061e-02	4.710202974411886766e-05	3.073123561014343808e-12	4.613674271078684709e-05
6.810000000000000853e+01	5.433648392776775934e-15	2.133462451162482368e-20	7.527079447700682730e-22	1.999034716038786651e-03	9.652839599791749971e-07	1.278869421752685745e-24	2.145189684876020630e-19	1.993628900729622764e-18	2.325514456647977853e-18	1.112520166604651501e-16	2.952101657543842197e-26	2.952453485632563831e-29	1.795386325422288279e-02	6.995289797022007094e-02	4.710202974865008736e-05	3.077643395185758898e-12	4.613674271089106602e-05
6.820000000000000284e+01	5.433648392241714459e-15	2.133462450951847924e-20	7.527079446971752100e-22	1.999034716038890734e-03	9.652839598863016461e-07	1.278869421629641241e-24	2.145189684664228040e-19	1.993628900532793494e-18	2.325514456418372722e-18	1.112520166497449495e-16	2.952101657259379452e-26	2.952453485051096715e-29	1.795386325421826842e-02	6.995289797021549127e-02	4.710202975318130705e-05	3.082163229356739394e-12	4.613674271099528495e-05
6.829999999999999716e+01	5.433648391719008913e-15	2.133462450746065018e-20	7.527079446259612232e-22	1.999034716038994818e-03	9.652839597934282951e-07	1.278869421506596554e-24	2.145189684457314071e-19	1.993628900340498248e-18	2.325514456194081617e-18	1.112520166390134830e-16	2.952101656974623981e-26	2.952453484483056280e-29	1.795386325421365406e-02	6.995289797021091160e-02	4.710202975771252674e-05	3.086683063527284894e-12	4.613674271109950389e-05
6.840000000000000568e+01	5.433648391220616848e-15	2.133462450549828405e-20	7.527079445580505635e-22	1.999034716039098901e-03	9.652839597005551558e-07	1.278869421383552417e-24	2.145189684259998938e-19	1.993628900157123525e-18	2.325514455980175126e-18	1.112520166284790837e-16	2.952101656695106003e-26	2.952453483941439290e-29	1.795386325420903970e-02	6.995289797020633193e-02	4.710202976224374643e-05	3.091202897697395800e-12	4.613674271120372282e-05
6.850000000000000000e+01	5.433648390688196479e-15	2.133462450340231556e-20	7.527079444855165435e-22	1.999034716039202984e-03	9.652839596076818048e-07	1.278869421260507914e-24	2.145189684049249239e-19	1.993628899961263768e-18	2.325514455751730176e-18	1.112520166178969091e-16	2.952101656414304050e-26	2.952453483362842593e-29	1.795386325420442533e-02	6.995289797020175226e-02	4.710202976677496612e-05	3.095722731867071306e-12	4.613674271130794176e-05
6.860000000000000853e+01	5.433648390164972651e-15	2.133462450134245223e-20	7.527079444142321211e-22	1.999034716039307068e-03	9.652839595148084538e-07	1.278869421137463593e-24	2.145189683842131121e-19	1.993628899768778625e-18	2.325514455527196018e-18	1.112520166070940014e-16	2.952101656127655046e-26	2.952453482794239958e-29	1.795386325419981097e-02	6.995289797019717259e-02	4.710202977130618582e-05	3.100242566036313027e-12	4.613674271141216069e-05
6.870000000000000284e+01	5.433648389620546608e-15	2.133462449919933757e-20	7.527079443400664209e-22	1.999034716039411151e-03	9.652839594219351028e-07	1.278869421014419090e-24	2.145189683626641949e-19	1.993628899568514267e-18	2.325514455293592271e-18	1.112520165962102600e-16	2.952101655838851926e-26	2.952453482202596612e-29	1.795386325419519660e-02	6.995289797019259292e-02	4.710202977583740551e-05	3.104762400205118539e-12	4.613674271151637962e-05
6.879999999999999716e+01	5.433648389107005259e-15	2.133462449717749030e-20	7.527079442700974236e-22	1.999034716039515235e-03	9.652839593290615400e-07	1.278869420891374402e-24	2.145189683423345840e-19	1.993628899379581310e-18	2.325514455073219664e-18	1.112520165854073523e-16	2.952101655552208087e-26	2.952453481644514925e-29	1.795386325419058224e-02	6.995289797018801325e-02	4.710202978036862520e-05	3.109282234373489055e-12	4.613674271162059856e-05
6.890000000000000568e+01	5.433648388588587171e-15	2.133462449513649507e-20	7.527079441994658237e-22	1.999034716039619318e-03	9.652839592361884007e-07	1.278869420768330082e-24	2.145189683218123801e-19	1.993628899188858393e-18	2.325514454850734310e-18	1.112520165746937090e-16	2.952101655267926717e-26	2.952453481081133527e-29	1.795386325418596787e-02	6.995289797018343358e-02	4.710202978489984489e-05	3.113802068541426189e-12	4.613674271172481749e-05
6.900000000000000000e+01	5.433648388079213373e-15	2.133462449313101218e-20	7.527079441300633207e-22	1.999034716039723401e-03	9.652839591433150497e-07	1.278869420645285578e-24	2.145189683016473398e-19	1.993628899001455010e-18	2.325514454632133173e-18	1.112520165640634879e-16	2.952101654985863748e-26	2.952453480527583079e-29	1.795386325418135351e-02	6.995289797017885391e-02	4.710202978943106458e-05	3.118321902708927115e-12	4.613674271182903642e-05
6.910000000000000853e+01	5.433648387551709975e-15	2.133462449105434512e-20	7.527079440581972636e-22	1.999034716039827485e-03	9.652839590504416987e-07	1.278869420522241258e-24	2.145189682807665518e-19	1.993628898807399849e-18	2.325514454405787486e-18	1.112520165534242688e-16	2.952101654703551676e-26	2.952453479954330375e-29	1.795386325417673914e-02	6.995289797017427424e-02	4.710202979396228428e-05	3.122841736875993851e-12	4.613674271193325536e-05
6.920000000000000284e+01	5.433648387050817221e-15	2.133462448908216276e-20	7.527079439899470272e-22	1.999034716039931568e-03	9.652839589575683477e-07	1.278869420399196570e-24	2.145189682609363345e-19	1.993628898623107998e-18	2.325514454190808252e-18	1.112520165428487748e-16	2.952101654422942577e-26	2.952453479409994865e-29	1.795386325417212478e-02	6.995289797016969457e-02	4.710202979849350397e-05	3.127361571042625591e-12	4.613674271203747429e-05
6.929999999999999716e+01	5.433648386511194552e-15	2.133462448695791018e-20	7.527079439164342436e-22	1.999034716040035652e-03	9.652839588646949966e-07	1.278869420276152434e-24	2.145189682395770252e-19	1.993628898424605480e-18	2.325514453959285280e-18	1.112520165321689540e-16	2.952101654139547994e-26	2.952453478823571636e-29	1.795386325416751042e-02	6.995289797016511490e-02	4.710202980302472366e-05	3.131881405208822334e-12	4.613674271214169323e-05
6.940000000000000568e+01	5.433648386000134959e-15	2.133462448494580691e-20	7.527079438468025662e-22	1.999034716040139735e-03	9.652839587718216456e-07	1.278869420153107563e-24	2.145189682193454200e-19	1.993628898236583873e-18	2.325514453739956141e-18	1.112520165214476687e-16	2.952101653855068603e-26	2.952453478268187729e-29	1.795386325416289605e-02	6.995289797016053523e-02	4.710202980755594335e-05	3.136401239374584080e-12	4.613674271224591216e-05
6.950000000000000000e+01	5.433648385469274168e-15	2.133462448285595324e-20	7.527079437744801352e-22	1.999034716040243818e-03	9.652839586789482946e-07	1.278869420030063243e-24	2.145189681983319354e-19	1.993628898041295347e-18	2.325514453512148673e-18	1.112520165107017315e-16	2.952101653569926276e-26	2.952453477691284922e-29	1.795386325415828169e-02	6.995289797015595556e-02	4.710202981208716304e-05	3.140921073539911638e-12	4.613674271235013109e-05
6.960000000000000853e+01	5.433648384931066716e-15	2.133462448073725877e-20	7.527079437011594744e-22	1.999034716040347902e-03	9.652839585860749436e-07	1.278869419907018739e-24	2.145189681770285743e-19	1.993628897843312445e-18	2.325514453281202710e-18	1.112520164997295884e-16	2.952101653278783072e-26	2.952453477106398638e-29	1.795386325415366732e-02	6.995289797015137589e-02	4.710202981661838274e-05	3.145440907704803794e-12	4.613674271245435003e-05
6.970000000000000284e+01	5.433648384426073463e-15	2.133462447874897685e-20	7.527079436323522417e-22	1.999034716040451985e-03	9.652839584932015926e-07	1.278869419783974235e-24	2.145189681570364826e-19	1.993628897657516443e-18	2.325514453064489754e-18	1.112520164890104725e-16	2.952101652994364523e-26	2.952453476557608120e-29	1.795386325414905296e-02	6.995289797014679622e-02	4.710202982114960243e-05	3.149960741869260953e-12	4.613674271255856896e-05
6.979999999999999716e+01	5.433648383896510349e-15	2.133462447666421787e-20	7.527079435602062289e-22	1.999034716040556069e-03	9.652839584003282416e-07	1.278869419660929731e-24	2.145189681360742999e-19	1.993628897462704392e-18	2.325514452837266228e-18	1.112520164784159473e-16	2.952101652713235980e-26	2.952453475982115580e-29	1.795386325414443859e-02	6.995289797014221655e-02	4.710202982568082212e-05	3.154480576033283520e-12	4.613674271266278790e-05
6.990000000000000568e+01	5.433648383362580100e-15	2.133462447456231811e-20	7.527079434874669206e-22	1.999034716040660152e-03	9.652839583074548905e-07	1.278869419537885227e-24	2.145189681149396984e-19	1.993628897266290352e-18	2.325514452608149898e-18	1.112520164675392317e-16	2.952101652424623992e-26	2.952453475401877683e-29	1.795386325413982423e-02	6.995289797013763688e-02	4.710202983021204181e-05	3.159000410196871494e-12	4.613674271276700683e-05
7.000000000000000000e+01	5.433648382839930563e-15	2.133462447250470873e-20	7.527079434162602688e-22	1.999034716040764235e-03	9.652839582145815395e-07	1.278869419414840907e-24	2.145189680942505645e-19	1.993628897074015907e-18	2.325514452383859563e-18	1.112520164566971028e-16	2.952101652136935525e-26	2.952453474833898905e-29	1.795386325413520986e-02	6.995289797013305721e-02	4.710202983474326150e-05	3.163520244360023663e-12	4.613674271287122576e-05
7.010000000000000853e+01	5.433648382329131294e-15	2.133462447049362560e-20	7.527079433466640443e-22	1.999034716040868319e-03	9.652839581217084003e-07	1.278869419291796587e-24	2.145189680740291668e-19	1.993628896886089440e-18	2.325514452164642128e-18	1.112520164459401708e-16	2.952101651851512525e-26	2.952453474278798621e-29	1.795386325413059550e-02	6.995289797012847754e-02	4.710202983927448120e-05	3.168040078522742450e-12	4.613674271297544470e-05
7.020000000000000284e+01	5.433648381816656484e-15	2.133462446847597324e-20	7.527079432768400561e-22	1.999034716040972402e-03	9.652839580288348375e-07	1.278869419168751900e-24	2.145189680537416615e-19	1.993628896697547062e-18	2.325514451944728662e-18	1.112520164353873320e-16	2.952101651571497487e-26	2.952453473721877209e-29	1.795386325412598114e-02	6.995289797012389788e-02	4.710202984380570089e-05	3.172559912685025030e-12	4.613674271307966363e-05
7.029999999999999716e+01	5.433648381312648518e-15	2.133462446649155220e-20	7.527079432081664536e-22	1.999034716041076486e-03	9.652839579359614865e-07	1.278869419045707396e-24	2.145189680337884254e-19	1.993628896512111979e-18	2.325514451728418611e-18	1.112520164249787561e-16	2.952101651295311990e-26	2.952453473174156163e-29	1.795386325412136677e-02	6.995289797011931821e-02	4.710202984833692058e-05	3.177079746846872612e-12	4.613674271318388256e-05
7.040000000000000568e+01	5.433648380770511750e-15	2.133462446435743224e-20	7.527079431343120243e-22	1.999034716041180569e-03	9.652839578430883472e-07	1.278869418922663076e-24	2.145189680123298825e-19	1.993628896312687711e-18	2.325514451495815577e-18	1.112520164142263601e-16	2.952101651009992305e-26	2.952453472585000963e-29	1.795386325411675241e-02	6.995289797011473854e-02	4.710202985286814027e-05	3.181599581008286813e-12	4.613674271328810150e-05
7.050000000000000000e+01	5.433648380240285992e-15	2.133462446227007024e-20	7.527079430620759216e-22	1.999034716041284652e-03	9.652839577502147844e-07	1.278869418799618388e-24	2.145189679913416517e-19	1.993628896117633378e-18	2.325514451268283132e-18	1.112520164033801636e-16	2.952101650722191340e-26	2.952453472008787595e-29	1.795386325411213804e-02	6.995289797011015887e-02	4.710202985739935996e-05	3.186119415169264806e-12	4.613674271339232043e-05
7.060000000000000853e+01	5.433648379724239220e-15	2.133462446023838869e-20	7.527079429917665952e-22	1.999034716041388736e-03	9.652839576573414334e-07	1.278869418676573884e-24	2.145189679709130479e-19	1.993628895927780596e-18	2.325514451046818522e-18	1.112520163925907651e-16	2.952101650435905086e-26	2.952453471447984586e-29	1.795386325410752368e-02	6.995289797010557920e-02	4.710202986193057966e-05	3.190639249329808610e-12	4.613674271349653937e-05
7.070000000000000284e+01	5.433648379202085876e-15	2.133462445818273232e-20	7.527079429206275579e-22	1.999034716041492819e-03	9.652839575644682942e-07	1.278869418553529564e-24	2.145189679502434622e-19	1.993628895735688729e-18	2.325514450822766232e-18	1.112520163819155788e-16	2.952101650152641942e-26	2.952453470880545028e-29	1.795386325410290931e-02	6.995289797010099953e-02	4.710202986646179935e-05	3.195159083489917416e-12	4.613674271360075830e-05
7.079999999999999716e+01	5.433648378691693660e-15	2.133462445617325011e-20	7.527079428510866287e-22	1.999034716041596903e-03	9.652839574715947314e-07	1.278869418430484877e-24	2.145189679300381941e-19	1.993628895547911715e-18	2.325514450603721745e-18	1.112520163712606071e-16	2.952101649869921775e-26	2.952453470325886993e-29	1.795386325409829495e-02	6.995289797009641986e-02	4.710202987099301904e-05	3.199678917649591226e-12	4.613674271370497723e-05
7.090000000000000568e+01	5.433648378158463920e-15	2.133462445407409481e-20	7.527079427784423003e-22	1.999034716041700986e-03	9.652839573787215921e-07	1.278869418307440740e-24	2.145189679089312778e-19	1.993628895351753824e-18	2.325514450374908557e-18	1.112520163604604111e-16	2.952101649583338778e-26	2.952453469746410282e-29	1.795386325409368058e-02	6.995289797009184019e-02	4.710202987552423873e-05	3.204198751808830039e-12	4.613674271380919617e-05
7.100000000000000000e+01	5.433648377639761842e-15	2.133462445203198615e-20	7.527079427077721442e-22	1.999034716041805070e-03	9.652839572858482411e-07	1.278869418184396053e-24	2.145189678883979757e-19	1.993628895160928448e-18	2.325514450152332300e-18	1.112520163497519694e-16	2.952101649299196883e-26	2.952453469182722280e-29	1.795386325408906622e-02	6.995289797008726052e-02	4.710202988005545842e-05	3.208718585967634259e-12	4.613674271391341510e-05
7.110000000000000853e+01	5.433648377115520383e-15	2.133462444996812351e-20	7.527079426363492955e-22	1.999034716041909153e-03	9.652839571929746783e-07	1.278869418061351365e-24	2.145189678676458880e-19	1.993628894968069290e-18	2.325514449927359416e-18	1.112520163390328288e-16	2.952101649014767428e-26	2.952453468613013179e-29	1.795386325408445186e-02	6.995289797008268085e-02	4.710202988458667812e-05	3.213238420126003483e-12	4.613674271401763403e-05
7.120000000000000284e+01	5.433648376600911705e-15	2.133462444794208734e-20	7.527079425662353833e-22	1.999034716042013236e-03	9.652839571001015391e-07	1.278869417938307045e-24	2.145189678472741474e-19	1.993628894778744599e-18	2.325514449706511488e-18	1.112520163282863000e-16	2.952101648729617638e-26	2.952453468053772338e-29	1.795386325407983749e-02	6.995289797007810118e-02	4.710202988911789781e-05	3.217758254283937709e-12	4.613674271412185297e-05
7.129999999999999716e+01	5.433648376084312730e-15	2.133462444590823610e-20	7.527079424958510133e-22	1.999034716042117320e-03	9.652839570072281880e-07	1.278869417815262908e-24	2.145189678268238769e-19	1.993628894588690750e-18	2.325514449484835411e-18	1.112520163177453680e-16	2.952101648449916564e-26	2.952453467492369573e-29	1.795386325407522313e-02	6.995289797007352151e-02	4.710202989364911750e-05	3.222278088441436939e-12	4.613674271422607190e-05
7.140000000000000568e+01	5.433648375559786493e-15	2.133462444384325402e-20	7.527079424243894204e-22	1.999034716042221403e-03	9.652839569143546253e-07	1.278869417692218221e-24	2.145189678060605465e-19	1.993628894395726822e-18	2.325514449259745045e-18	1.112520163070542813e-16	2.952101648166231550e-26	2.952453466922351066e-29	1.795386325407060876e-02	6.995289797006894184e-02	4.710202989818033719e-05	3.226797922598501979e-12	4.613674271433029084e-05
7.150000000000000000e+01	5.433648375049917291e-15	2.133462444183582413e-20	7.527079423549194910e-22	1.999034716042325487e-03	9.652839568214814860e-07	1.278869417569173901e-24	2.145189677858759100e-19	1.993628894208140860e-18	2.325514449040927047e-18	1.112520162963973374e-16	2.952101647883458004e-26	2.952453466368260277e-29	1.795386325406599440e-02	6.995289797006436217e-02	4.710202990271155688e-05	3.231317756755131215e-12	4.613674271443450977e-05
7.160000000000000853e+01	5.433648374520658676e-15	2.133462443975227187e-20	7.527079422828149496e-22	1.999034716042429570e-03	9.652839567286081350e-07	1.278869417446129213e-24	2.145189677649257885e-19	1.993628894013440898e-18	2.325514448813827166e-18	1.112520162856903996e-16	2.952101647599349400e-26	2.952453465793100125e-29	1.795386325406138003e-02	6.995289797005978250e-02	4.710202990724277658e-05	3.235837590911326666e-12	4.613674271453872870e-05
7.170000000000000284e+01	5.433648373984904581e-15	2.133462443764320705e-20	7.527079422098277531e-22	1.999034716042533653e-03	9.652839566357347840e-07	1.278869417323084893e-24	2.145189677437192294e-19	1.993628893816358561e-18	2.325514448583953175e-18	1.112520162748803920e-16	2.952101647312505819e-26	2.952453465210879670e-29	1.795386325405676567e-02	6.995289797005520283e-02	4.710202991177399627e-05	3.240357425067086312e-12	4.613674271464294764e-05
7.179999999999999716e+01	5.433648373459509808e-15	2.133462443557481547e-20	7.527079421382481405e-22	1.999034716042637737e-03	9.652839565428614330e-07	1.278869417200040206e-24	2.145189677229216657e-19	1.993628893623076469e-18	2.325514448358490335e-18	1.112520162640313359e-16	2.952101647024631959e-26	2.952453464639917809e-29	1.795386325405215130e-02	6.995289797005062316e-02	4.710202991630521596e-05	3.244877259222410962e-12	4.613674271474716657e-05
7.190000000000000568e+01	5.433648372963157738e-15	2.133462443362046301e-20	7.527079420706148975e-22	1.999034716042741820e-03	9.652839564499880819e-07	1.278869417076996069e-24	2.145189677032706561e-19	1.993628893440450547e-18	2.325514448145452824e-18	1.112520162534294891e-16	2.952101646743327207e-26	2.952453464100517112e-29	1.795386325404753694e-02	6.995289797004604349e-02	4.710202992083643565e-05	3.249397093377301826e-12	4.613674271485138551e-05
7.200000000000000000e+01	5.433648372429048418e-15	2.133462443151785909e-20	7.527079419978513270e-22	1.999034716042845904e-03	9.652839563571147309e-07	1.278869416953951382e-24	2.145189676821290731e-19	1.993628893243971411e-18	2.325514447916285649e-18	1.112520162427977642e-16	2.952101646461210285e-26	2.952453463520084714e-29	1.795386325404292258e-02	6.995289797004146382e-02	4.710202992536765534e-05	3.253916927531756886e-12	4.613674271495560444e-05
7.210000000000000853e+01	5.433648371905828534e-15	2.133462442945800780e-20	7.527079419265670926e-22	1.999034716042949987e-03	9.652839562642413799e-07	1.278869416830907061e-24	2.145189676614173336e-19	1.993628893051487039e-18	2.325514447691751107e-18	1.112520162319935006e-16	2.952101646174525694e-26	2.952453462951486563e-29	1.795386325403830821e-02	6.995289797003688415e-02	4.710202992989887504e-05	3.258436761685777756e-12	4.613674271505982337e-05
7.220000000000000284e+01	5.433648371379701697e-15	2.133462442738674237e-20	7.527079418548879861e-22	1.999034716043054070e-03	9.652839561713680289e-07	1.278869416707862558e-24	2.145189676405908328e-19	1.993628892857936473e-18	2.325514447465975109e-18	1.112520162212251301e-16	2.952101645888789880e-26	2.952453462379728203e-29	1.795386325403369385e-02	6.995289797003230448e-02	4.710202993443009473e-05	3.262956595839363226e-12	4.613674271516404231e-05
7.229999999999999716e+01	5.433648370864158219e-15	2.133462442535704091e-20	7.527079417846473086e-22	1.999034716043158154e-03	9.652839560784946779e-07	1.278869416584818054e-24	2.145189676201822346e-19	1.993628892668269351e-18	2.325514447244754322e-18	1.112520162105478238e-16	2.952101645605475078e-26	2.952453461819472261e-29	1.795386325402907948e-02	6.995289797002772481e-02	4.710202993896131442e-05	3.267476429992514103e-12	4.613674271526826124e-05
7.240000000000000568e+01	5.433648370360969880e-15	2.133462442337584279e-20	7.527079417160850490e-22	1.999034716043262237e-03	9.652839559856213268e-07	1.278869416461773550e-24	2.145189676002613542e-19	1.993628892483134713e-18	2.325514447028787471e-18	1.112520161999557884e-16	2.952101645324426891e-26	2.952453461272641880e-29	1.795386325402446512e-02	6.995289797002314514e-02	4.710202994349253411e-05	3.271996264145229983e-12	4.613674271537248017e-05
7.250000000000000000e+01	5.433648369818793668e-15	2.133462442124155732e-20	7.527079416422250714e-22	1.999034716043366321e-03	9.652839558927481876e-07	1.278869416338729230e-24	2.145189675788012224e-19	1.993628892283695037e-18	2.325514446796142453e-18	1.112520161891859635e-16	2.952101645038643437e-26	2.952453460683442959e-29	1.795386325401985075e-02	6.995289797001856547e-02	4.710202994802375380e-05	3.276516098297511270e-12	4.613674271547669911e-05
7.260000000000000853e+01	5.433648369323443451e-15	2.133462441929113797e-20	7.527079415747279977e-22	1.999034716043470404e-03	9.652839557998746248e-07	1.278869416215684542e-24	2.145189675591897907e-19	1.993628892101436968e-18	2.325514446583560616e-18	1.112520161786393123e-16	2.952101644758803461e-26	2.952453460145131912e-29	1.795386325401523639e-02	6.995289797001398580e-02	4.710202995255497350e-05	3.281035932449357560e-12	4.613674271558091804e-05
7.270000000000000284e+01	5.433648368787992279e-15	2.133462441718326182e-20	7.527079415017818964e-22	1.999034716043574487e-03	9.652839557070012738e-07	1.278869416092640038e-24	2.145189675379951965e-19	1.993628891904465565e-18	2.325514446353792552e-18	1.112520161679103603e-16	2.952101644474108257e-26	2.952453459563239922e-29	1.795386325401062202e-02	6.995289797000940613e-02	4.710202995708619319e-05	3.285555766600768854e-12	4.613674271568513698e-05
7.279999999999999716e+01	5.433648368266627796e-15	2.133462441513070198e-20	7.527079414307501582e-22	1.999034716043678571e-03	9.652839556141279228e-07	1.278869415969595902e-24	2.145189675173567386e-19	1.993628891712662202e-18	2.325514446130079226e-18	1.112520161572951768e-16	2.952101644192436163e-26	2.952453458996658519e-29	1.795386325400600766e-02	6.995289797000482646e-02	4.710202996161741288e-05	3.290075600751745150e-12	4.613674271578935591e-05
7.290000000000000568e+01	5.433648367739279014e-15	2.133462441305464279e-20	7.527079413589049779e-22	1.999034716043782654e-03	9.652839555212545718e-07	1.278869415846551214e-24	2.145189674964820173e-19	1.993628891518663278e-18	2.325514445903776294e-18	1.112520161464507305e-16	2.952101643904683985e-26	2.952453458423572849e-29	1.795386325400139330e-02	6.995289797000024679e-02	4.710202996614863257e-05	3.294595434902287258e-12	4.613674271589357484e-05
7.300000000000000000e+01	5.433648367207124491e-15	2.133462441095971249e-20	7.527079412864068810e-22	1.999034716043886738e-03	9.652839554283812207e-07	1.278869415723506711e-24	2.145189674754175918e-19	1.993628891322901359e-18	2.325514445675421477e-18	1.112520161356055201e-16	2.952101643616908274e-26	2.952453457845264820e-29	1.795386325399677893e-02	6.995289796999566712e-02	4.710202997067985226e-05	3.299115269052393157e-12	4.613674271599779378e-05
7.310000000000000853e+01	5.433648366702528824e-15	2.133462440897298936e-20	7.527079412176535330e-22	1.999034716043990821e-03	9.652839553355078697e-07	1.278869415600462023e-24	2.145189674554411242e-19	1.993628891137250186e-18	2.325514445458859514e-18	1.112520161248662389e-16	2.952101643331955931e-26	2.952453457296905342e-29	1.795386325399216457e-02	6.995289796999108745e-02	4.710202997521107196e-05	3.303635103202065675e-12	4.613674271610201271e-05
7.320000000000000284e+01	5.433648366179317618e-15	2.133462440691317418e-20	7.527079411463706152e-22	1.999034716044094905e-03	9.652839552426345187e-07	1.278869415477417519e-24	2.145189674347297940e-19	1.993628890944769281e-18	2.325514445234351550e-18	1.112520161141668445e-16	2.952101643048051087e-26	2.952453456728316719e-29	1.795386325398755020e-02	6.995289796998650778e-02	4.710202997974229165e-05	3.308154937351302388e-12	4.613674271620623165e-05
7.329999999999999716e+01	5.433648365649747403e-15	2.133462440482838812e-20	7.527079410742237560e-22	1.999034716044198988e-03	9.652839551497611677e-07	1.278869415354373199e-24	2.145189674137672743e-19	1.993628890749955304e-18	2.325514445007101446e-18	1.112520161034855199e-16	2.952101642764622065e-26	2.952453456152816332e-29	1.795386325398293584e-02	6.995289796998192811e-02	4.710202998427351134e-05	3.312674771500103700e-12	4.613674271631045058e-05
7.340000000000000568e+01	5.433648365131226764e-15	2.133462440278699266e-20	7.527079410035782382e-22	1.999034716044303071e-03	9.652839550568878167e-07	1.278869415231328695e-24	2.145189673932411704e-19	1.993628890559195410e-18	2.325514444784605307e-18	1.112520160927560749e-16	2.952101642479922269e-26	2.952453455589326194e-29	1.795386325397832147e-02	6.995289796997734844e-02	4.710202998880473103e-05	3.317194605648471631e-12	4.613674271641466951e-05
7.350000000000000000e+01	5.433648364610094206e-15	2.133462440073534162e-20	7.527079409325779093e-22	1.999034716044407155e-03	9.652839549640144656e-07	1.278869415108284191e-24	2.145189673726118607e-19	1.993628890367477558e-18	2.325514444560957848e-18	1.112520160820084613e-16	2.952101642194740337e-26	2.952453455022995903e-29	1.795386325397370711e-02	6.995289796997276877e-02	4.710202999333595072e-05	3.321714439796403758e-12	4.613674271651888845e-05
7.360000000000000853e+01	5.433648364082600273e-15	2.133462439865871367e-20	7.527079408607130747e-22	1.999034716044511238e-03	9.652839548711413264e-07	1.278869414985240239e-24	2.145189673517313856e-19	1.993628890173425094e-18	2.325514444334595983e-18	1.112520160712303534e-16	2.952101641908746809e-26	2.952453454449751607e-29	1.795386325396909274e-02	6.995289796996818910e-02	4.710202999786717042e-05	3.326234273943901291e-12	4.613674271662310738e-05
7.370000000000000284e+01	5.433648363567818045e-15	2.133462439663199440e-20	7.527079407905754645e-22	1.999034716044615322e-03	9.652839547782677636e-07	1.278869414862195184e-24	2.145189673313528079e-19	1.993628889984037617e-18	2.325514444113698367e-18	1.112520160605734095e-16	2.952101641625970967e-26	2.952453453890322431e-29	1.795386325396447838e-02	6.995289796996360943e-02	4.710203000239839011e-05	3.330754108090963828e-12	4.613674271672732631e-05
7.379999999999999716e+01	5.433648363047558756e-15	2.133462439458376790e-20	7.527079407196939075e-22	1.999034716044719405e-03	9.652839546853944126e-07	1.278869414739150864e-24	2.145189673107579483e-19	1.993628889792639469e-18	2.325514443890430701e-18	1.112520160498623301e-16	2.952101641341757899e-26	2.952453453324941661e-29	1.795386325395986402e-02	6.995289796995902976e-02	4.710203000692960980e-05	3.335273942237591772e-12	4.613674271683154525e-05
7.390000000000000568e+01	5.433648362522740640e-15	2.133462439251764230e-20	7.527079406481925358e-22	1.999034716044823488e-03	9.652839545925212733e-07	1.278869414616106727e-24	2.145189672899831105e-19	1.993628889599568459e-18	2.325514443665243653e-18	1.112520160392267595e-16	2.952101641059543976e-26	2.952453452754605899e-29	1.795386325395524965e-02	6.995289796995445009e-02	4.710203001146082949e-05	3.339793776383784315e-12	4.613674271693576418e-05
7.400000000000000000e+01	5.433648362009483281e-15	2.133462439049691146e-20	7.527079405782622828e-22	1.999034716044927572e-03	9.652839544996477106e-07	1.278869414493061672e-24	2.145189672696647422e-19	1.993628889410739887e-18	2.325514443444970423e-18	1.112520160285289675e-16	2.952101640775686197e-26	2.952453452196833619e-29	1.795386325395063529e-02	6.995289796994987042e-02	4.710203001599204918e-05	3.344313610529542669e-12	4.613674271703998312e-05
7.410000000000000853e+01	5.433648361473384454e-15	2.133462438838649247e-20	7.527079405052281605e-22	1.999034716045031655e-03	9.652839544067743595e-07	1.278869414370017352e-24	2.145189672484445571e-19	1.993628889213530439e-18	2.325514443214928106e-18	1.112520160177267007e-16	2.952101640489048098e-26	2.952453451614238738e-29	1.795386325394602092e-02	6.995289796994529075e-02	4.710203002052326888e-05	3.348833444674866430e-12	4.613674271714420205e-05
7.420000000000000284e+01	5.433648360954229570e-15	2.133462438634260534e-20	7.527079404344964085e-22	1.999034716045135739e-03	9.652839543139012203e-07	1.278869414246973032e-24	2.145189672278933920e-19	1.993628889022538277e-18	2.325514442992153093e-18	1.112520160070341348e-16	2.952101640205325203e-26	2.952453451050058600e-29	1.795386325394140656e-02	6.995289796994071108e-02	4.710203002505448857e-05	3.353353278819753983e-12	4.613674271724842098e-05
7.429999999999999716e+01	5.433648360441064507e-15	2.133462438432223862e-20	7.527079403645787568e-22	1.999034716045239822e-03	9.652839542210276575e-07	1.278869414123928528e-24	2.145189672075786348e-19	1.993628888833743602e-18	2.325514442771927241e-18	1.112520159963664921e-16	2.952101639922268115e-26	2.952453450492387213e-29	1.795386325393679219e-02	6.995289796993613141e-02	4.710203002958570826e-05	3.357873112964207346e-12	4.613674271735263992e-05
7.440000000000000568e+01	5.433648359907990961e-15	2.133462438222370022e-20	7.527079402919557754e-22	1.999034716045343905e-03	9.652839541281545182e-07	1.278869414000884208e-24	2.145189671864778816e-19	1.993628888637643874e-18	2.325514442543178379e-18	1.112520159855619326e-16	2.952101639635570323e-26	2.952453449913079217e-29	1.795386325393217783e-02	6.995289796993155174e-02	4.710203003411692795e-05	3.362392947108226521e-12	4.613674271745685885e-05
7.450000000000000000e+01	5.433648359390150320e-15	2.133462438018497397e-20	7.527079402214027926e-22	1.999034716045447989e-03	9.652839540352811672e-07	1.278869413877839888e-24	2.145189671659785240e-19	1.993628888447133966e-18	2.325514442320966893e-18	1.112520159748435809e-16	2.952101639351163827e-26	2.952453449350327283e-29	1.795386325392756346e-02	6.995289796992697207e-02	4.710203003864814764e-05	3.366912781251809487e-12	4.613674271756107779e-05
7.460000000000000853e+01	5.433648358882108908e-15	2.133462437818472420e-20	7.527079401521811276e-22	1.999034716045552072e-03	9.652839539424078162e-07	1.278869413754795017e-24	2.145189671458660857e-19	1.993628888260218998e-18	2.325514442102923890e-18	1.112520159641655104e-16	2.952101639067832380e-26	2.952453448798224656e-29	1.795386325392294910e-02	6.995289796992239240e-02	4.710203004317936734e-05	3.371432615394959072e-12	4.613674271766529672e-05
7.470000000000000284e+01	5.433648358352007791e-15	2.133462437609785271e-20	7.527079400799619520e-22	1.999034716045656156e-03	9.652839538495344652e-07	1.278869413631750697e-24	2.145189671248826456e-19	1.993628888065209732e-18	2.325514441875475415e-18	1.112520159535759895e-16	2.952101638786836425e-26	2.952453448222146934e-29	1.795386325391833474e-02	6.995289796991781273e-02	4.710203004771058703e-05	3.375952449537672852e-12	4.613674271776951565e-05
7.479999999999999716e+01	5.433648357832371702e-15	2.133462437405207275e-20	7.527079400091647485e-22	1.999034716045760239e-03	9.652839537566611142e-07	1.278869413508706193e-24	2.145189671043124379e-19	1.993628887874040770e-18	2.325514441652475454e-18	1.112520159428219911e-16	2.952101638501486893e-26	2.952453447657442150e-29	1.795386325391372037e-02	6.995289796991323306e-02	4.710203005224180672e-05	3.380472283679951231e-12	4.613674271787373459e-05
7.490000000000000568e+01	5.433648357312158167e-15	2.133462437200402982e-20	7.527079399382893980e-22	1.999034716045864322e-03	9.652839536637875514e-07	1.278869413385661505e-24	2.145189670837194079e-19	1.993628887682659956e-18	2.325514441429225121e-18	1.112520159321304853e-16	2.952101638217791549e-26	2.952453447092110705e-29	1.795386325390910601e-02	6.995289796990865339e-02	4.710203005677302641e-05	3.384992117821795825e-12	4.613674271797795352e-05
7.500000000000000000e+01	5.433648356786072351e-15	2.133462436993292990e-20	7.527079398666159340e-22	1.999034716045968406e-03	9.652839535709144121e-07	1.278869413262617369e-24	2.145189670628945441e-19	1.993628887489124411e-18	2.325514441203492650e-18	1.112520159213698802e-16	2.952101637932262938e-26	2.952453446520397748e-29	1.795386325390449164e-02	6.995289796990407372e-02	4.710203006130424610e-05	3.389511951963205019e-12	4.613674271808217245e-05
7.510000000000000853e+01	5.433648356268676627e-15	2.133462436789594602e-20	7.527079397961233245e-22	1.999034716046072489e-03	9.652839534780410611e-07	1.278869413139572865e-24	2.145189670424128087e-19	1.993628887298777436e-18	2.325514440981451031e-18	1.112520159106836746e-16	2.952101637648710512e-26	2.952453445958129541e-29	1.795386325389987728e-02	6.995289796989949405e-02	4.710203006583546580e-05	3.394031786104179619e-12	4.613674271818639139e-05
7.520000000000000284e+01	5.433648355748861467e-15	2.133462436584946790e-20	7.527079397253018587e-22	1.999034716046176573e-03	9.652839533851677101e-07	1.278869413016528177e-24	2.145189670218355232e-19	1.993628887107542993e-18	2.325514440758375573e-18	1.112520158999400793e-16	2.952101637363635339e-26	2.952453445393230818e-29	1.795386325389526291e-02	6.995289796989491438e-02	4.710203007036668549e-05	3.398551620244718819e-12	4.613674271829061032e-05
7.529999999999999716e+01	5.433648355223957365e-15	2.133462436378300827e-20	7.527079396537890142e-22	1.999034716046280656e-03	9.652839532922943591e-07	1.278869412893483857e-24	2.145189670010572910e-19	1.993628886914440397e-18	2.325514440533143074e-18	1.112520158892625758e-16	2.952101637080309058e-26	2.952453444822802570e-29	1.795386325389064855e-02	6.995289796989033471e-02	4.710203007489790518e-05	3.403071454384823830e-12	4.613674271839482926e-05
7.540000000000000568e+01	5.433648354708355511e-15	2.133462436175306607e-20	7.527079395835399672e-22	1.999034716046384740e-03	9.652839531994210081e-07	1.278869412770439353e-24	2.145189669806462854e-19	1.993628886724751320e-18	2.325514440311872212e-18	1.112520158786049663e-16	2.952101636797516570e-26	2.952453444262481048e-29	1.795386325388603418e-02	6.995289796988575504e-02	4.710203007942912487e-05	3.407591288524493440e-12	4.613674271849904819e-05
7.550000000000000000e+01	5.433648354177314071e-15	2.133462435966250823e-20	7.527079395111932740e-22	1.999034716046488823e-03	9.652839531065478688e-07	1.278869412647395033e-24	2.145189669596258193e-19	1.993628886529398083e-18	2.325514440084011203e-18	1.112520158678873049e-16	2.952101636513122702e-26	2.952453443685383180e-29	1.795386325388141982e-02	6.995289796988117537e-02	4.710203008396034456e-05	3.412111122663728457e-12	4.613674271860326712e-05
7.560000000000000853e+01	5.433648353652995304e-15	2.133462435759834467e-20	7.527079394397598929e-22	1.999034716046592906e-03	9.652839530136745178e-07	1.278869412524350713e-24	2.145189669388707223e-19	1.993628886336510421e-18	2.325514439859009815e-18	1.112520158571211285e-16	2.952101636227447728e-26	2.952453443115590562e-29	1.795386325387680546e-02	6.995289796987659570e-02	4.710203008849156426e-05	3.416630956802529285e-12	4.613674271870748606e-05
7.570000000000000284e+01	5.433648353142183413e-15	2.133462435558721640e-20	7.527079393701617876e-22	1.999034716046696990e-03	9.652839529208009550e-07	1.278869412401305842e-24	2.145189669186488672e-19	1.993628886148579333e-18	2.325514439639785447e-18	1.112520158463414674e-16	2.952101635941420335e-26	2.952453442560476264e-29	1.795386325387219109e-02	6.995289796987201603e-02	4.710203009302278395e-05	3.421150790940893904e-12	4.613674271881170499e-05
7.579999999999999716e+01	5.433648352612353663e-15	2.133462435350141621e-20	7.527079392979796636e-22	1.999034716046801073e-03	9.652839528279278157e-07	1.278869412278261705e-24	2.145189668976762123e-19	1.993628885953670600e-18	2.325514439412445595e-18	1.112520158356272819e-16	2.952101635657120024e-26	2.952453441984694496e-29	1.795386325386757673e-02	6.995289796986743636e-02	4.710203009755400364e-05	3.425670625078823931e-12	4.613674271891592392e-05
7.590000000000000568e+01	5.433648352090765144e-15	2.133462435144797466e-20	7.527079392269172685e-22	1.999034716046905157e-03	9.652839527350544647e-07	1.278869412155217018e-24	2.145189668770289674e-19	1.993628885761785578e-18	2.325514439188612091e-18	1.112520158249090534e-16	2.952101635372716398e-26	2.952453441417870389e-29	1.795386325386296236e-02	6.995289796986285669e-02	4.710203010208522333e-05	3.430190459216320173e-12	4.613674271902014286e-05
7.600000000000000000e+01	5.433648351551986556e-15	2.133462434932703528e-20	7.527079391535193072e-22	1.999034716047009240e-03	9.652839526421809019e-07	1.278869412032172330e-24	2.145189668557029284e-19	1.993628885563591979e-18	2.325514438957440408e-18	1.112520158140607369e-16	2.952101635084855166e-26	2.952453440832362488e-29	1.795386325385834800e-02	6.995289796985827702e-02	4.710203010661644302e-05	3.434710293353380205e-12	4.613674271912436179e-05
7.610000000000000853e+01	5.433648351036699457e-15	2.133462434729833290e-20	7.527079390833130482e-22	1.999034716047113323e-03	9.652839525493077627e-07	1.278869411909128010e-24	2.145189668353044174e-19	1.993628885374018843e-18	2.325514438736307058e-18	1.112520158032898519e-16	2.952101634799058510e-26	2.952453440272384564e-29	1.795386325385373363e-02	6.995289796985369735e-02	4.710203011114766272e-05	3.439230127490006453e-12	4.613674271922858073e-05
7.620000000000000284e+01	5.433648350534544526e-15	2.133462434532118827e-20	7.527079390148910955e-22	1.999034716047217407e-03	9.652839524564341999e-07	1.278869411786083506e-24	2.145189668154243425e-19	1.993628885189263613e-18	2.325514438520785482e-18	1.112520157927215070e-16	2.952101634518639970e-26	2.952453439726678024e-29	1.795386325384911927e-02	6.995289796984911768e-02	4.710203011567888241e-05	3.443749961626197300e-12	4.613674271933279966e-05
7.629999999999999716e+01	5.433648349995437772e-15	2.133462434319896393e-20	7.527079389414484654e-22	1.999034716047321490e-03	9.652839523635608489e-07	1.278869411663039003e-24	2.145189667940853999e-19	1.993628884990950606e-18	2.325514438289477829e-18	1.112520157820207075e-16	2.952101634234688634e-26	2.952453439140814754e-29	1.795386325384450490e-02	6.995289796984453801e-02	4.710203012021010210e-05	3.448269795761952747e-12	4.613674271943701859e-05
7.640000000000000568e+01	5.433648349482817812e-15	2.133462434118073078e-20	7.527079388716046348e-22	1.999034716047425574e-03	9.652839522706877096e-07	1.278869411539994866e-24	2.145189667737921409e-19	1.993628884802355072e-18	2.325514438069483474e-18	1.112520157712777285e-16	2.952101633949633550e-26	2.952453438583734716e-29	1.795386325383989054e-02	6.995289796983995834e-02	4.710203012474132179e-05	3.452789629897274408e-12	4.613674271954123753e-05
7.650000000000000000e+01	5.433648348984802823e-15	2.133462433921985123e-20	7.527079388037456969e-22	1.999034716047529657e-03	9.652839521778143586e-07	1.278869411416950362e-24	2.145189667540755293e-19	1.993628884619119401e-18	2.325514437855732598e-18	1.112520157607150042e-16	2.952101633669365965e-26	2.952453438042528586e-29	1.795386325383527618e-02	6.995289796983537867e-02	4.710203012927254148e-05	3.457309464032160668e-12	4.613674271964545646e-05
7.660000000000000853e+01	5.433648348465933507e-15	2.133462433717708655e-20	7.527079387330527832e-22	1.999034716047633740e-03	9.652839520849407958e-07	1.278869411293905491e-24	2.145189667335356069e-19	1.993628884428231625e-18	2.325514437633085852e-18	1.112520157502600581e-16	2.952101633391942984e-26	2.952453437478656734e-29	1.795386325383066181e-02	6.995289796983079900e-02	4.710203013380376118e-05	3.461829298166612336e-12	4.613674271974967540e-05
7.670000000000000284e+01	5.433648347923701286e-15	2.133462433504258441e-20	7.527079386591851884e-22	1.999034716047737824e-03	9.652839519920676566e-07	1.278869411170861355e-24	2.145189667120732843e-19	1.993628884228771920e-18	2.325514437400420034e-18	1.112520157394984916e-16	2.952101633106378787e-26	2.952453436889396716e-29	1.795386325382604745e-02	6.995289796982621933e-02	4.710203013833498087e-05	3.466349132300628602e-12	4.613674271985389433e-05
7.680000000000001137e+01	5.433648347393369032e-15	2.133462433295481316e-20	7.527079385869348857e-22	1.999034716047841907e-03	9.652839518991940938e-07	1.278869411047816483e-24	2.145189666910807442e-19	1.993628884033678298e-18	2.325514437172840981e-18	1.112520157285913063e-16	2.952101632816962091e-26	2.952453436313069003e-29	1.795386325382143308e-02	6.995289796982163966e-02	4.710203014286620056e-05	3.470868966434210680e-12	4.613674271995811326e-05
7.690000000000000568e+01	5.433648346875230201e-15	2.133462433091491330e-20	7.527079385163412778e-22	1.999034716047945991e-03	9.652839518063209545e-07	1.278869410924772347e-24	2.145189666705696625e-19	1.993628883843058996e-18	2.325514436950508932e-18	1.112520157177675676e-16	2.952101632529763796e-26	2.952453435749992527e-29	1.795386325381681872e-02	6.995289796981705999e-02	4.710203014739742025e-05	3.475388800567356953e-12	4.613674272006233220e-05
7.700000000000000000e+01	5.433648346366935566e-15	2.133462432891366144e-20	7.527079384470851003e-22	1.999034716048050074e-03	9.652839517134473918e-07	1.278869410801727843e-24	2.145189666504471854e-19	1.993628883656050814e-18	2.325514436732363469e-18	1.112520157071727713e-16	2.952101632248638697e-26	2.952453435197613565e-29	1.795386325381220435e-02	6.995289796981248032e-02	4.710203015192863994e-05	3.479908634700069037e-12	4.613674272016655113e-05
7.710000000000000853e+01	5.433648345839911006e-15	2.133462432683887817e-20	7.527079383752841186e-22	1.999034716048154157e-03	9.652839516205742525e-07	1.278869410678683523e-24	2.145189666295852715e-19	1.993628883462171298e-18	2.325514436506201131e-18	1.112520156964552577e-16	2.952101631964252864e-26	2.952453434624879901e-29	1.795386325380758999e-02	6.995289796980790065e-02	4.710203015645985964e-05	3.484428468832346528e-12	4.613674272027077006e-05
7.720000000000000284e+01	5.433648345309869841e-15	2.133462432475224743e-20	7.527079383030733125e-22	1.999034716048258241e-03	9.652839515277009015e-07	1.278869410555638835e-24	2.145189666086042388e-19	1.993628883267184373e-18	2.325514436278768064e-18	1.112520156857500454e-16	2.952101631680189029e-26	2.952453434048868880e-29	1.795386325380297562e-02	6.995289796980332098e-02	4.710203016099107933e-05	3.488948302964188215e-12	4.613674272037498900e-05
7.730000000000001137e+01	5.433648344805116402e-15	2.133462432276490139e-20	7.527079382342982414e-22	1.999034716048362324e-03	9.652839514348273387e-07	1.278869410432594332e-24	2.145189665886215841e-19	1.993628883081475422e-18	2.325514436062139078e-18	1.112520156750081758e-16	2.952101631395167809e-26	2.952453433500337883e-29	1.795386325379836126e-02	6.995289796979874131e-02	4.710203016552229902e-05	3.493468137095596116e-12	4.613674272047920793e-05
7.740000000000000568e+01	5.433648344264981763e-15	2.133462432063864163e-20	7.527079381607159626e-22	1.999034716048466408e-03	9.652839513419541994e-07	1.278869410309550011e-24	2.145189665672421247e-19	1.993628882882786089e-18	2.325514435830390002e-18	1.112520156642581710e-16	2.952101631109911835e-26	2.952453432913357498e-29	1.795386325379374690e-02	6.995289796979416164e-02	4.710203017005351871e-05	3.497987971226568213e-12	4.613674272058342687e-05
7.750000000000000000e+01	5.433648343750081206e-15	2.133462431861145591e-20	7.527079380905623657e-22	1.999034716048570491e-03	9.652839512490808484e-07	1.278869410186505508e-24	2.145189665468588044e-19	1.993628882693353931e-18	2.325514435609418815e-18	1.112520156535651368e-16	2.952101630826180330e-26	2.952453432353799403e-29	1.795386325378913253e-02	6.995289796978958197e-02	4.710203017458473840e-05	3.502507805357105313e-12	4.613674272068764580e-05
7.760000000000000853e+01	5.433648343232633417e-15	2.133462431657427342e-20	7.527079380200627032e-22	1.999034716048674575e-03	9.652839511562072857e-07	1.278869410063460820e-24	2.145189665263749746e-19	1.993628882502988082e-18	2.325514435387353700e-18	1.112520156428685774e-16	2.952101630542352971e-26	2.952453431791474024e-29	1.795386325378451817e-02	6.995289796978500230e-02	4.710203017911595810e-05	3.507027639487208627e-12	4.613674272079186473e-05
7.770000000000000284e+01	5.433648342710927357e-15	2.133462431452036844e-20	7.527079379489844155e-22	1.999034716048778658e-03	9.652839510633343582e-07	1.278869409940416684e-24	2.145189665057230112e-19	1.993628882311058763e-18	2.325514435163490151e-18	1.112520156321549095e-16	2.952101630258070453e-26	2.952453431224520997e-29	1.795386325377990380e-02	6.995289796978042263e-02	4.710203018364717779e-05	3.511547473616876137e-12	4.613674272089608367e-05
7.780000000000001137e+01	5.433648342198135425e-15	2.133462431250146423e-20	7.527079378791172630e-22	1.999034716048882741e-03	9.652839509704607954e-07	1.278869409817371996e-24	2.145189664854230114e-19	1.993628882122400828e-18	2.325514434943421455e-18	1.112520156215457657e-16	2.952101629976563089e-26	2.952453430667254866e-29	1.795386325377528944e-02	6.995289796977584296e-02	4.710203018817839748e-05	3.516067307746109458e-12	4.613674272100030260e-05
7.790000000000000568e+01	5.433648341664831532e-15	2.133462431040201703e-20	7.527079378064629665e-22	1.999034716048986825e-03	9.652839508775874444e-07	1.278869409694327492e-24	2.145189664643131581e-19	1.993628881926217130e-18	2.325514434714573985e-18	1.112520156107603854e-16	2.952101629690373262e-26	2.952453430087696879e-29	1.795386325377067507e-02	6.995289796977126329e-02	4.710203019270961717e-05	3.520587141874907379e-12	4.613674272110452154e-05
7.800000000000000000e+01	5.433648341148654599e-15	2.133462430836982691e-20	7.527079377361360547e-22	1.999034716049090908e-03	9.652839507847143051e-07	1.278869409571283540e-24	2.145189664438795229e-19	1.993628881736317356e-18	2.325514434493071627e-18	1.112520156000513028e-16	2.952101629406215296e-26	2.952453429526752619e-29	1.795386325376606071e-02	6.995289796976668362e-02	4.710203019724083686e-05	3.525106976003270302e-12	4.613674272120874047e-05
7.810000000000000853e+01	5.433648340638092777e-15	2.133462430635967966e-20	7.527079376665718977e-22	1.999034716049194992e-03	9.652839506918407423e-07	1.278869409448238485e-24	2.145189664236675381e-19	1.993628881548477557e-18	2.325514434273957036e-18	1.112520155894343197e-16	2.952101629124502450e-26	2.952453428971910174e-29	1.795386325376144634e-02	6.995289796976210395e-02	4.710203020177205656e-05	3.529626810131199037e-12	4.613674272131295940e-05
7.820000000000000284e+01	5.433648340108394767e-15	2.133462430427439406e-20	7.527079375944077352e-22	1.999034716049299075e-03	9.652839505989676031e-07	1.278869409325194348e-24	2.145189664027000832e-19	1.993628881353616972e-18	2.325514434046679199e-18	1.112520155787872367e-16	2.952101628841979730e-26	2.952453428396271899e-29	1.795386325375683198e-02	6.995289796975752428e-02	4.710203020630327625e-05	3.534146644258692370e-12	4.613674272141717834e-05
7.830000000000001137e+01	5.433648339590674821e-15	2.133462430223614328e-20	7.527079375238711153e-22	1.999034716049403158e-03	9.652839505060942520e-07	1.278869409202149844e-24	2.145189663822055405e-19	1.993628881163151360e-18	2.325514433824497758e-18	1.112520155681076377e-16	2.952101628558602939e-26	2.952453427833650005e-29	1.795386325375221762e-02	6.995289796975294461e-02	4.710203021083449594e-05	3.538666478385751515e-12	4.613674272152139727e-05
7.840000000000000568e+01	5.433648339066172249e-15	2.133462430017125749e-20	7.527079374524127196e-22	1.999034716049507242e-03	9.652839504132206893e-07	1.278869409079105157e-24	2.145189663614431249e-19	1.993628880970195906e-18	2.325514433599418947e-18	1.112520155573583972e-16	2.952101628273375090e-26	2.952453427263657281e-29	1.795386325374760325e-02	6.995289796974836494e-02	4.710203021536571563e-05	3.543186312512375259e-12	4.613674272162561620e-05
7.850000000000000000e+01	5.433648338540532140e-15	2.133462429810190595e-20	7.527079373807997230e-22	1.999034716049611325e-03	9.652839503203475500e-07	1.278869408956060837e-24	2.145189663406358593e-19	1.993628880776824065e-18	2.325514433373872521e-18	1.112520155465639204e-16	2.952101627986948213e-26	2.952453426692429172e-29	1.795386325374298889e-02	6.995289796974378527e-02	4.710203021989693532e-05	3.547706146638564006e-12	4.613674272172983514e-05
7.860000000000000853e+01	5.433648338024419104e-15	2.133462429606995657e-20	7.527079373104812748e-22	1.999034716049715409e-03	9.652839502274741990e-07	1.278869408833016517e-24	2.145189663202047519e-19	1.993628880586947402e-18	2.325514433152375555e-18	1.112520155358673363e-16	2.952101627703122002e-26	2.952453426131553296e-29	1.795386325373837452e-02	6.995289796973920560e-02	4.710203022442815502e-05	3.552225980764318564e-12	4.613674272183405407e-05
7.870000000000000284e+01	5.433648337487297913e-15	2.133462429395552623e-20	7.527079372373083501e-22	1.999034716049819492e-03	9.652839501346008480e-07	1.278869408709972196e-24	2.145189662989442186e-19	1.993628880389363168e-18	2.325514432921916852e-18	1.112520155250149028e-16	2.952101627415152863e-26	2.952453425547847466e-29	1.795386325373376016e-02	6.995289796973462593e-02	4.710203022895937471e-05	3.556745814889637318e-12	4.613674272193827301e-05
7.880000000000001137e+01	5.433648336977311960e-15	2.133462429194763894e-20	7.527079371678225280e-22	1.999034716049923575e-03	9.652839500417274970e-07	1.278869408586927509e-24	2.145189662787549598e-19	1.993628880201734451e-18	2.325514432703057255e-18	1.112520155142953678e-16	2.952101627130721686e-26	2.952453424993631120e-29	1.795386325372914579e-02	6.995289796973004626e-02	4.710203023349059440e-05	3.561265649014521882e-12	4.613674272204249194e-05
7.890000000000000568e+01	5.433648336464845039e-15	2.133462428993001366e-20	7.527079370979997623e-22	1.999034716050027659e-03	9.652839499488539342e-07	1.278869408463883005e-24	2.145189662584677675e-19	1.993628880013195539e-18	2.325514432483115285e-18	1.112520155036545463e-16	2.952101626848374027e-26	2.952453424436718116e-29	1.795386325372453143e-02	6.995289796972546659e-02	4.710203023802181409e-05	3.565785483138971046e-12	4.613674272214671087e-05
7.900000000000000000e+01	5.433648335944155820e-15	2.133462428788009897e-20	7.527079370270594305e-22	1.999034716050131742e-03	9.652839498559807949e-07	1.278869408340838501e-24	2.145189662378559837e-19	1.993628879821640235e-18	2.325514432259670048e-18	1.112520154930209725e-16	2.952101626566215205e-26	2.952453423870868752e-29	1.795386325371991706e-02	6.995289796972088692e-02	4.710203024255303378e-05	3.570305317262985212e-12	4.613674272225092981e-05
7.910000000000000853e+01	5.433648335424262563e-15	2.133462428583331391e-20	7.527079369562274323e-22	1.999034716050235826e-03	9.652839497631074439e-07	1.278869408217794365e-24	2.145189662172755926e-19	1.993628879630376903e-18	2.325514432036582264e-18	1.112520154823863633e-16	2.952101626284029406e-26	2.952453423305887071e-29	1.795386325371530270e-02	6.995289796971630725e-02	4.710203024708425347e-05	3.574825151386565190e-12	4.613674272235514874e-05
7.920000000000000284e+01	5.433648334895680791e-15	2.133462428375241281e-20	7.527079368842149557e-22	1.999034716050339909e-03	9.652839496702338811e-07	1.278869408094749494e-24	2.145189661963522175e-19	1.993628879435926156e-18	2.325514431809755480e-18	1.112520154716939947e-16	2.952101626000307084e-26	2.952453422731460639e-29	1.795386325371068834e-02	6.995289796971172758e-02	4.710203025161547317e-05	3.579344985509709767e-12	4.613674272245936768e-05
7.930000000000001137e+01	5.433648334363654853e-15	2.133462428165798506e-20	7.527079368117341621e-22	1.999034716050443992e-03	9.652839495773607419e-07	1.278869407971705173e-24	2.145189661752928717e-19	1.993628879240211230e-18	2.325514431581479626e-18	1.112520154608526053e-16	2.952101625712634115e-26	2.952453422153292740e-29	1.795386325370607397e-02	6.995289796970714791e-02	4.710203025614669286e-05	3.583864819632420155e-12	4.613674272256358661e-05
7.940000000000000568e+01	5.433648333842916725e-15	2.133462427960788379e-20	7.527079367407873416e-22	1.999034716050548076e-03	9.652839494844873908e-07	1.278869407848660670e-24	2.145189661546790657e-19	1.993628879048636667e-18	2.325514431358007426e-18	1.112520154501008995e-16	2.952101625427342554e-26	2.952453421587390687e-29	1.795386325370145961e-02	6.995289796970256824e-02	4.710203026067791255e-05	3.588384653754694739e-12	4.613674272266780554e-05
7.950000000000000000e+01	5.433648333335075685e-15	2.133462427760841342e-20	7.527079366715930421e-22	1.999034716050652159e-03	9.652839493916138281e-07	1.278869407725615982e-24	2.145189661345744756e-19	1.993628878861795655e-18	2.325514431140051860e-18	1.112520154394241602e-16	2.952101625144046120e-26	2.952453421035503860e-29	1.795386325369684524e-02	6.995289796969798857e-02	4.710203026520913224e-05	3.592904487876534729e-12	4.613674272277202448e-05
7.960000000000000853e+01	5.433648332804948535e-15	2.133462427552144865e-20	7.527079365993704811e-22	1.999034716050756243e-03	9.652839492987406888e-07	1.278869407602571662e-24	2.145189661135901689e-19	1.993628878666778300e-18	2.325514430912587593e-18	1.112520154287332707e-16	2.952101624860363402e-26	2.952453420459400354e-29	1.795386325369223088e-02	6.995289796969340890e-02	4.710203026974035193e-05	3.597424321997940530e-12	4.613674272287624341e-05
7.970000000000000284e+01	5.433648332286623533e-15	2.133462427348081453e-20	7.527079365287513885e-22	1.999034716050860326e-03	9.652839492058673378e-07	1.278869407479527342e-24	2.145189660930716483e-19	1.993628878476089280e-18	2.325514430690145381e-18	1.112520154179503803e-16	2.952101624574247618e-26	2.952453419896120410e-29	1.795386325368761651e-02	6.995289796968882923e-02	4.710203027427157163e-05	3.601944156118910527e-12	4.613674272298046234e-05
7.980000000000001137e+01	5.433648331762147782e-15	2.133462427141603707e-20	7.527079364572968485e-22	1.999034716050964409e-03	9.652839491129939868e-07	1.278869407356482838e-24	2.145189660723104124e-19	1.993628878283144996e-18	2.325514430465080437e-18	1.112520154072213543e-16	2.952101624289555858e-26	2.952453419326156833e-29	1.795386325368300215e-02	6.995289796968424956e-02	4.710203027880279132e-05	3.606463990239446739e-12	4.613674272308468128e-05
7.990000000000000568e+01	5.433648331252131852e-15	2.133462426940803242e-20	7.527079363878070767e-22	1.999034716051068493e-03	9.652839490201206358e-07	1.278869407233438334e-24	2.145189660521199740e-19	1.993628878095505493e-18	2.325514430246216603e-18	1.112520153966241667e-16	2.952101624008367622e-26	2.952453418771908538e-29	1.795386325367838778e-02	6.995289796967966989e-02	4.710203028333401101e-05	3.610983824359547550e-12	4.613674272318890021e-05
8.000000000000000000e+01	5.433648330719114316e-15	2.133462426730971670e-20	7.527079363151917126e-22	1.999034716051172576e-03	9.652839489272472847e-07	1.278869407110393830e-24	2.145189660310214355e-19	1.993628877899426950e-18	2.325514430017497014e-18	1.112520153859166125e-16	2.952101623724241224e-26	2.952453418192662200e-29	1.795386325367377342e-02	6.995289796967509022e-02	4.710203028786523070e-05	3.615503658479212960e-12	4.613674272329311915e-05
8.010000000000000853e+01	5.433648330182770942e-15	2.133462426519833776e-20	7.527079362421243003e-22	1.999034716051276660e-03	9.652839488343739337e-07	1.278869406987349326e-24	2.145189660097915968e-19	1.993628877702127368e-18	2.325514429787367260e-18	1.112520153750205452e-16	2.952101623435115532e-26	2.952453417609801072e-29	1.795386325366915906e-02	6.995289796967051055e-02	4.710203029239645039e-05	3.620023492598444585e-12	4.613674272339733808e-05
8.020000000000000284e+01	5.433648329657227073e-15	2.133462426312936237e-20	7.527079361705245632e-22	1.999034716051380743e-03	9.652839487415007945e-07	1.278869406864304823e-24	2.145189659889881348e-19	1.993628877508790965e-18	2.325514429561838938e-18	1.112520153641753348e-16	2.952101623147343839e-26	2.952453417038677780e-29	1.795386325366454469e-02	6.995289796966593088e-02	4.710203029692767009e-05	3.624543326717240405e-12	4.613674272350155701e-05
8.030000000000001137e+01	5.433648329142916584e-15	2.133462426110449681e-20	7.527079361004509940e-22	1.999034716051484827e-03	9.652839486486272317e-07	1.278869406741260319e-24	2.145189659686281424e-19	1.993628877319576052e-18	2.325514429341120433e-18	1.112520153534264886e-16	2.952101622862132634e-26	2.952453416479761480e-29	1.795386325365993033e-02	6.995289796966135121e-02	4.710203030145888978e-05	3.629063160835602036e-12	4.613674272360577595e-05
8.040000000000000568e+01	5.433648328625840349e-15	2.133462425906877080e-20	7.527079360300019248e-22	1.999034716051588910e-03	9.652839485557538807e-07	1.278869406618215999e-24	2.145189659481590219e-19	1.993628877129345788e-18	2.325514429119238666e-18	1.112520153427448682e-16	2.952101622578701891e-26	2.952453415917839675e-29	1.795386325365531596e-02	6.995289796965677154e-02	4.710203030599010947e-05	3.633582994953528267e-12	4.613674272370999488e-05
8.050000000000000000e+01	5.433648328117744506e-15	2.133462425706830436e-20	7.527079359607730188e-22	1.999034716051692993e-03	9.652839484628807414e-07	1.278869406495171495e-24	2.145189659280443447e-19	1.993628876942410791e-18	2.325514428901178330e-18	1.112520153322070671e-16	2.952101622299088633e-26	2.952453415365676512e-29	1.795386325365070160e-02	6.995289796965219187e-02	4.710203031052132916e-05	3.638102829071020309e-12	4.613674272381421381e-05
8.060000000000000853e+01	5.433648327589932663e-15	2.133462425499042155e-20	7.527079358888647380e-22	1.999034716051797077e-03	9.652839483700073904e-07	1.278869406372127175e-24	2.145189659071513511e-19	1.993628876748242000e-18	2.325514428674678953e-18	1.112520153214992663e-16	2.952101622014958218e-26	2.952453414792086375e-29	1.795386325364608723e-02	6.995289796964761220e-02	4.710203031505254885e-05	3.642622663188081392e-12	4.613674272391843275e-05
8.070000000000000284e+01	5.433648327075350806e-15	2.133462425296449371e-20	7.527079358187544933e-22	1.999034716051901160e-03	9.652839482771338276e-07	1.278869406249082487e-24	2.145189658867806697e-19	1.993628876558927324e-18	2.325514428453866463e-18	1.112520153108779938e-16	2.952101621733128856e-26	2.952453414232875802e-29	1.795386325364147287e-02	6.995289796964303253e-02	4.710203031958376855e-05	3.647142497304706267e-12	4.613674272402265168e-05
8.080000000000001137e+01	5.433648326554846181e-15	2.133462425091530425e-20	7.527079357478393641e-22	1.999034716052005244e-03	9.652839481842606883e-07	1.278869406126038167e-24	2.145189658661761323e-19	1.993628876367439428e-18	2.325514428230491330e-18	1.112520153001524684e-16	2.952101621448531801e-26	2.952453413667227103e-29	1.795386325363685850e-02	6.995289796963845286e-02	4.710203032411498824e-05	3.651662331420897357e-12	4.613674272412687062e-05
8.090000000000000568e+01	5.433648326044085566e-15	2.133462424890438061e-20	7.527079356782484999e-22	1.999034716052109327e-03	9.652839480913873373e-07	1.278869406002993663e-24	2.145189658459563716e-19	1.993628876179527214e-18	2.325514428011295851e-18	1.112520152895410320e-16	2.952101621166965892e-26	2.952453413112169979e-29	1.795386325363224414e-02	6.995289796963387319e-02	4.710203032864620793e-05	3.656182165536653047e-12	4.613674272423108955e-05
8.100000000000000000e+01	5.433648325532917110e-15	2.133462424689184701e-20	7.527079356086018702e-22	1.999034716052213410e-03	9.652839479985137746e-07	1.278869405879948976e-24	2.145189658257204090e-19	1.993628875991464777e-18	2.325514427791938978e-18	1.112520152790207090e-16	2.952101620887814108e-26	2.952453412556667802e-29	1.795386325362762978e-02	6.995289796962929352e-02	4.710203033317742762e-05	3.660701999651974143e-12	4.613674272433530848e-05
8.110000000000000853e+01	5.433648324996867981e-15	2.133462424478162664e-20	7.527079355355746128e-22	1.999034716052317494e-03	9.652839479056404235e-07	1.278869405756904472e-24	2.145189658045021981e-19	1.993628875794273817e-18	2.325514427561916306e-18	1.112520152683514885e-16	2.952101620604702492e-26	2.952453411974127291e-29	1.795386325362301541e-02	6.995289796962471385e-02	4.710203033770864731e-05	3.665221833766861454e-12	4.613674272443952742e-05
8.120000000000000284e+01	5.433648324459021827e-15	2.133462424266434953e-20	7.527079354623031347e-22	1.999034716052421577e-03	9.652839478127672843e-07	1.278869405633860335e-24	2.145189657832130407e-19	1.993628875596423419e-18	2.325514427331143676e-18	1.112520152574657503e-16	2.952101620315849436e-26	2.952453411389633931e-29	1.795386325361840105e-02	6.995289796962013418e-02	4.710203034223986701e-05	3.669741667881312557e-12	4.613674272454374635e-05
8.130000000000001137e+01	5.433648323945436302e-15	2.133462424064232772e-20	7.527079353923283070e-22	1.999034716052525661e-03	9.652839477198939333e-07	1.278869405510815648e-24	2.145189657628816964e-19	1.993628875407473899e-18	2.325514427110737557e-18	1.112520152467014968e-16	2.952101620030230138e-26	2.952453410831505161e-29	1.795386325361378668e-02	6.995289796961555451e-02	4.710203034677108670e-05	3.674261501995329067e-12	4.613674272464796529e-05
8.140000000000000568e+01	5.433648323428483129e-15	2.133462423860708320e-20	7.527079353218956007e-22	1.999034716052629744e-03	9.652839476270207940e-07	1.278869405387771511e-24	2.145189657424173667e-19	1.993628875217289473e-18	2.325514426888891227e-18	1.112520152359554116e-16	2.952101619745090680e-26	2.952453410269715638e-29	1.795386325360917232e-02	6.995289796961097484e-02	4.710203035130230639e-05	3.678781336108910176e-12	4.613674272475218422e-05
8.150000000000000000e+01	5.433648322910966709e-15	2.133462423656962987e-20	7.527079352513867224e-22	1.999034716052733827e-03	9.652839475341472312e-07	1.278869405264726640e-24	2.145189657219308887e-19	1.993628875026898201e-18	2.325514426666814942e-18	1.112520152253323642e-16	2.952101619463212530e-26	2.952453409707316270e-29	1.795386325360455795e-02	6.995289796960639517e-02	4.710203035583352608e-05	3.683301170222056692e-12	4.613674272485640315e-05
8.160000000000000853e+01	5.433648322382952917e-15	2.133462423449095563e-20	7.527079351794510760e-22	1.999034716052837911e-03	9.652839474412738802e-07	1.278869405141682320e-24	2.145189657010298303e-19	1.993628874832654685e-18	2.325514426440231595e-18	1.112520152145510268e-16	2.952101619177132906e-26	2.952453409133507530e-29	1.795386325359994359e-02	6.995289796960181550e-02	4.710203036036474577e-05	3.687821004334769423e-12	4.613674272496062209e-05
8.170000000000000284e+01	5.433648321855613602e-15	2.133462423241493556e-20	7.527079351076074944e-22	1.999034716052941994e-03	9.652839473484005292e-07	1.278869405018638000e-24	2.145189656801555664e-19	1.993628874638659999e-18	2.325514426213957937e-18	1.112520152038329709e-16	2.952101618892730428e-26	2.952453408560431950e-29	1.795386325359532922e-02	6.995289796959723583e-02	4.710203036489596547e-05	3.692340838447046753e-12	4.613674272506484102e-05
8.180000000000001137e+01	5.433648321352845726e-15	2.133462423043538953e-20	7.527079350391025049e-22	1.999034716053046078e-03	9.652839472555271782e-07	1.278869404895593129e-24	2.145189656602512489e-19	1.993628874453679820e-18	2.325514425998176361e-18	1.112520151931994957e-16	2.952101618610583659e-26	2.952453408014060073e-29	1.795386325359071486e-02	6.995289796959265616e-02	4.710203036942718516e-05	3.696860672558889490e-12	4.613674272516905995e-05
8.190000000000000568e+01	5.433648320827789373e-15	2.133462422836832804e-20	7.527079349675687836e-22	1.999034716053150161e-03	9.652839471626538271e-07	1.278869404772548808e-24	2.145189656394670222e-19	1.993628874260521373e-18	2.325514425772862202e-18	1.112520151825845341e-16	2.952101618328915583e-26	2.952453407443465352e-29	1.795386325358610050e-02	6.995289796958807649e-02	4.710203037395840485e-05	3.701380506670296019e-12	4.613674272527327889e-05
8.200000000000000000e+01	5.433648320284590009e-15	2.133462422623003122e-20	7.527079348935698155e-22	1.999034716053254244e-03	9.652839470697806879e-07	1.278869404649504488e-24	2.145189656179665422e-19	1.993628874060707682e-18	2.325514425539799257e-18	1.112520151717417888e-16	2.952101618041200713e-26	2.952453406853153800e-29	1.795386325358148613e-02	6.995289796958349682e-02	4.710203037848962454e-05	3.705900340781268762e-12	4.613674272537749782e-05
8.210000000000000853e+01	5.433648319768644212e-15	2.133462422419874689e-20	7.527079348232744070e-22	1.999034716053358328e-03	9.652839469769069134e-07	1.278869404526459801e-24	2.145189655975420311e-19	1.993628873870892263e-18	2.325514425318376247e-18	1.112520151609260621e-16	2.952101617754214787e-26	2.952453406292461214e-29	1.795386325357687177e-02	6.995289796957891715e-02	4.710203038302084423e-05	3.710420174891806105e-12	4.613674272548171676e-05
8.220000000000000284e+01	5.433648319232857773e-15	2.133462422208955568e-20	7.527079347502826965e-22	1.999034716053462411e-03	9.652839468840337741e-07	1.278869404403415481e-24	2.145189655763341961e-19	1.993628873673797600e-18	2.325514425088486463e-18	1.112520151500222294e-16	2.952101617464884187e-26	2.952453405710205447e-29	1.795386325357225740e-02	6.995289796957433748e-02	4.710203038755206393e-05	3.714940009001909663e-12	4.613674272558593569e-05
8.230000000000001137e+01	5.433648318722552331e-15	2.133462422008041352e-20	7.527079346807534282e-22	1.999034716053566495e-03	9.652839467911606348e-07	1.278869404280371160e-24	2.145189655561322502e-19	1.993628873486051401e-18	2.325514424869485117e-18	1.112520151393406091e-16	2.952101617181456887e-26	2.952453405155641580e-29	1.795386325356764304e-02	6.995289796956975781e-02	4.710203039208328362e-05	3.719459843111577820e-12	4.613674272569015462e-05
8.240000000000000568e+01	5.433648318208902908e-15	2.133462421805814495e-20	7.527079346107699488e-22	1.999034716053670578e-03	9.652839466982870721e-07	1.278869404157326289e-24	2.145189655357984263e-19	1.993628873297079155e-18	2.325514424649044332e-18	1.112520151287032881e-16	2.952101616899202785e-26	2.952453404597443305e-29	1.795386325356302867e-02	6.995289796956517814e-02	4.710203039661450331e-05	3.723979677220811384e-12	4.613674272579437356e-05
8.250000000000000000e+01	5.433648317689004917e-15	2.133462421601133582e-20	7.527079345399372923e-22	1.999034716053774662e-03	9.652839466054139328e-07	1.278869404034282337e-24	2.145189655152178908e-19	1.993628873105814282e-18	2.325514424425936903e-18	1.112520151180177234e-16	2.952101616615665283e-26	2.952453404032454898e-29	1.795386325355841431e-02	6.995289796956059847e-02	4.710203040114572300e-05	3.728499511329608739e-12	4.613674272589859249e-05
8.260000000000000853e+01	5.433648317183498116e-15	2.133462421402103769e-20	7.527079344710600942e-22	1.999034716053878745e-03	9.652839465125403700e-07	1.278869403911237649e-24	2.145189654952054805e-19	1.993628872919829153e-18	2.325514424209007087e-18	1.112520151075086171e-16	2.952101616336814834e-26	2.952453403483106103e-29	1.795386325355379994e-02	6.995289796955601880e-02	4.710203040567694269e-05	3.733019345437972310e-12	4.613674272600281143e-05
8.270000000000000284e+01	5.433648316639043674e-15	2.133462421187781470e-20	7.527079343968907265e-22	1.999034716053982828e-03	9.652839464196670190e-07	1.278869403788193145e-24	2.145189654736554318e-19	1.993628872719554395e-18	2.325514423975384467e-18	1.112520150967014692e-16	2.952101616050042426e-26	2.952453402891431929e-29	1.795386325354918558e-02	6.995289796955143913e-02	4.710203041020816239e-05	3.737539179545900479e-12	4.613674272610703036e-05
8.280000000000001137e+01	5.433648316105915697e-15	2.133462420977905962e-20	7.527079343242603160e-22	1.999034716054086912e-03	9.652839463267938797e-07	1.278869403665148641e-24	2.145189654525525119e-19	1.993628872523434252e-18	2.325514423746637145e-18	1.112520150858798999e-16	2.952101615762892345e-26	2.952453402312065079e-29	1.795386325354457122e-02	6.995289796954685946e-02	4.710203041473938208e-05	3.742059013653394056e-12	4.613674272621124929e-05
8.290000000000000568e+01	5.433648315602294273e-15	2.133462420779616127e-20	7.527079342556393757e-22	1.999034716054190995e-03	9.652839462339205287e-07	1.278869403542104138e-24	2.145189654326145629e-19	1.993628872338141688e-18	2.325514423530488101e-18	1.112520150751196646e-16	2.952101615477384971e-26	2.952453401764764422e-29	1.795386325353995685e-02	6.995289796954227979e-02	4.710203041927060177e-05	3.746578847760453040e-12	4.613674272631546823e-05
8.300000000000000000e+01	5.433648315074599970e-15	2.133462420571874490e-20	7.527079341837472696e-22	1.999034716054295079e-03	9.652839461410469659e-07	1.278869403419059450e-24	2.145189654117262156e-19	1.993628872144016038e-18	2.325514423304044577e-18	1.112520150643998831e-16	2.952101615192937149e-26	2.952453401191304325e-29	1.795386325353534249e-02	6.995289796953770012e-02	4.710203042380182146e-05	3.751098681867076623e-12	4.613674272641968716e-05
8.310000000000000853e+01	5.433648314564590351e-15	2.133462420371076733e-20	7.527079341142583443e-22	1.999034716054399162e-03	9.652839460481738267e-07	1.278869403296015314e-24	2.145189653915359938e-19	1.993628871956378461e-18	2.325514423085180357e-18	1.112520150537688731e-16	2.952101614910851795e-26	2.952453400637060514e-29	1.795386325353072812e-02	6.995289796953312045e-02	4.710203042833304115e-05	3.755618515973265613e-12	4.613674272652390609e-05
8.320000000000000284e+01	5.433648314044241132e-15	2.133462420166218875e-20	7.527079340433642800e-22	1.999034716054503245e-03	9.652839459553002639e-07	1.278869403172970626e-24	2.145189653709376434e-19	1.993628871764947958e-18	2.325514422861877254e-18	1.112520150431687519e-16	2.952101614629579759e-26	2.952453400071583334e-29	1.795386325352611376e-02	6.995289796952854078e-02	4.710203043286426085e-05	3.760138350079019202e-12	4.613674272662812503e-05
8.330000000000001137e+01	5.433648313505780455e-15	2.133462419954250123e-20	7.527079339700093888e-22	1.999034716054607329e-03	9.652839458624271247e-07	1.278869403049926490e-24	2.145189653496242434e-19	1.993628871566872226e-18	2.325514422630848476e-18	1.112520150324205220e-16	2.952101614344372573e-26	2.952453399486421274e-29	1.795386325352149939e-02	6.995289796952396111e-02	4.710203043739548054e-05	3.764658184184339006e-12	4.613674272673234396e-05
8.340000000000000568e+01	5.433648312994223091e-15	2.133462419752844494e-20	7.527079339003100029e-22	1.999034716054711412e-03	9.652839457695537736e-07	1.278869402926881986e-24	2.145189653293729215e-19	1.993628871378667271e-18	2.325514422411302092e-18	1.112520150216418964e-16	2.952101614058373879e-26	2.952453398930496466e-29	1.795386325351688503e-02	6.995289796951938144e-02	4.710203044192670023e-05	3.769178018289222602e-12	4.613674272683656290e-05
8.350000000000000000e+01	5.433648312475893356e-15	2.133462419548779277e-20	7.527079338296905341e-22	1.999034716054815496e-03	9.652839456766804226e-07	1.278869402803837482e-24	2.145189653088543046e-19	1.993628871187977095e-18	2.325514422188864502e-18	1.112520150109066335e-16	2.952101613773519685e-26	2.952453398367212599e-29	1.795386325351227066e-02	6.995289796951480177e-02	4.710203044645791992e-05	3.773697852393672412e-12	4.613674272694078183e-05
8.360000000000000853e+01	5.433648311938861306e-15	2.133462419337371451e-20	7.527079337565296465e-22	1.999034716054919579e-03	9.652839455838070716e-07	1.278869402680792978e-24	2.145189652875972862e-19	1.993628870990425602e-18	2.325514421958444703e-18	1.112520150001462502e-16	2.952101613487990500e-26	2.952453397783603738e-29	1.795386325350765630e-02	6.995289796951022210e-02	4.710203045098913961e-05	3.778217686497687630e-12	4.613674272704500076e-05
8.370000000000000284e+01	5.433648311414745276e-15	2.133462419131034840e-20	7.527079336851237249e-22	1.999034716055023662e-03	9.652839454909337206e-07	1.278869402557748291e-24	2.145189652668502059e-19	1.993628870797613051e-18	2.325514421733524974e-18	1.112520149893693749e-16	2.952101613202031984e-26	2.952453397214031404e-29	1.795386325350304194e-02	6.995289796950564243e-02	4.710203045552035931e-05	3.782737520601266639e-12	4.613674272714921970e-05
8.380000000000001137e+01	5.433648310899619894e-15	2.133462418928228098e-20	7.527079336149397532e-22	1.999034716055127746e-03	9.652839453980603696e-07	1.278869402434703970e-24	2.145189652464580744e-19	1.993628870608098848e-18	2.325514421512459031e-18	1.112520149786262727e-16	2.952101612916971734e-26	2.952453396654228922e-29	1.795386325349842757e-02	6.995289796950106276e-02	4.710203046005157900e-05	3.787257354704411863e-12	4.613674272725343863e-05
8.390000000000000568e+01	5.433648310380870484e-15	2.133462418723997972e-20	7.527079335442629203e-22	1.999034716055231829e-03	9.652839453051870185e-07	1.278869402311659467e-24	2.145189652259228464e-19	1.993628870417254983e-18	2.325514421289862745e-18	1.112520149679420885e-16	2.952101612633472687e-26	2.952453396090489353e-29	1.795386325349381321e-02	6.995289796949648309e-02	4.710203046458279869e-05	3.791777188807121686e-12	4.613674272735765757e-05
8.400000000000000000e+01	5.433648309858292733e-15	2.133462418518265321e-20	7.527079334730661427e-22	1.999034716055335913e-03	9.652839452123136675e-07	1.278869402188615146e-24	2.145189652052364810e-19	1.993628870225006345e-18	2.325514421065600914e-18	1.112520149572022403e-16	2.952101612348495663e-26	2.952453395522587927e-29	1.795386325348919884e-02	6.995289796949190342e-02	4.710203046911401838e-05	3.796297022909396108e-12	4.613674272746187650e-05
8.410000000000000853e+01	5.433648309332262138e-15	2.133462418311177296e-20	7.527079334014003899e-22	1.999034716055439996e-03	9.652839451194405283e-07	1.278869402065570826e-24	2.145189651844137357e-19	1.993628870031490830e-18	2.325514420839885776e-18	1.112520149465776644e-16	2.952101612066572170e-26	2.952453394950934944e-29	1.795386325348458448e-02	6.995289796948732375e-02	4.710203047364523807e-05	3.800816857011237554e-12	4.613674272756609543e-05
8.420000000000000284e+01	5.433648308814172216e-15	2.133462418107205968e-20	7.527079333308133647e-22	1.999034716055544079e-03	9.652839450265669655e-07	1.278869401942526139e-24	2.145189651639046040e-19	1.993628869840889247e-18	2.325514420617551031e-18	1.112520149358134355e-16	2.952101611780951149e-26	2.952453394387911718e-29	1.795386325347997011e-02	6.995289796948274408e-02	4.710203047817645777e-05	3.805336691112642790e-12	4.613674272767031437e-05
8.430000000000001137e+01	5.433648308308589684e-15	2.133462417908146664e-20	7.527079332619258222e-22	1.999034716055648163e-03	9.652839449336936145e-07	1.278869401819481635e-24	2.145189651438892327e-19	1.993628869654876770e-18	2.325514420400565363e-18	1.112520149251679794e-16	2.952101611498485826e-26	2.952453393838479967e-29	1.795386325347535575e-02	6.995289796947816441e-02	4.710203048270767746e-05	3.809856525213613434e-12	4.613674272777453330e-05
8.440000000000000568e+01	5.433648307768304372e-15	2.133462417695461405e-20	7.527079331883230428e-22	1.999034716055752246e-03	9.652839448408204752e-07	1.278869401696437315e-24	2.145189651225037547e-19	1.993628869456131200e-18	2.325514420168753887e-18	1.112520149144493565e-16	2.952101611214061537e-26	2.952453393251335910e-29	1.795386325347074138e-02	6.995289796947358474e-02	4.710203048723889715e-05	3.814376359314148677e-12	4.613674272787875223e-05
8.450000000000000000e+01	5.433648307253231055e-15	2.133462417492674825e-20	7.527079331181458420e-22	1.999034716055856330e-03	9.652839447479469124e-07	1.278869401573392444e-24	2.145189651021136455e-19	1.993628869266636257e-18	2.325514419947708744e-18	1.112520149036833034e-16	2.952101610928394025e-26	2.952453392691590041e-29	1.795386325346612702e-02	6.995289796946900507e-02	4.710203049177011684e-05	3.818896193414249327e-12	4.613674272798297117e-05
8.460000000000000853e+01	5.433648306735289439e-15	2.133462417288762478e-20	7.527079330475790353e-22	1.999034716055960413e-03	9.652839446550735614e-07	1.278869401450348123e-24	2.145189650816103157e-19	1.993628869076088600e-18	2.325514419725431392e-18	1.112520148930325225e-16	2.952101610645779469e-26	2.952453392128727124e-29	1.795386325346151266e-02	6.995289796946442540e-02	4.710203049630133653e-05	3.823416027513915384e-12	4.613674272808719010e-05
8.470000000000000284e+01	5.433648306211002227e-15	2.133462417082358760e-20	7.527079329761499800e-22	1.999034716056064497e-03	9.652839445622004222e-07	1.278869401327303987e-24	2.145189650608564946e-19	1.993628868883213264e-18	2.325514419500468907e-18	1.112520148823239576e-16	2.952101610361631260e-26	2.952453391558969258e-29	1.795386325345689829e-02	6.995289796945984573e-02	4.710203050083255623e-05	3.827935861613146040e-12	4.613674272819140904e-05
8.480000000000001137e+01	5.433648305700821424e-15	2.133462416881493295e-20	7.527079329066376388e-22	1.999034716056168580e-03	9.652839444693268594e-07	1.278869401204259299e-24	2.145189650406595321e-19	1.993628868695513287e-18	2.325514419281508391e-18	1.112520148717173283e-16	2.952101610080192199e-26	2.952453391004540476e-29	1.795386325345228393e-02	6.995289796945526606e-02	4.710203050536377592e-05	3.832455695711942911e-12	4.613674272829562797e-05
8.490000000000000568e+01	5.433648305164186172e-15	2.133462416670241048e-20	7.527079328335305418e-22	1.999034716056272663e-03	9.652839443764535084e-07	1.278869401081214796e-24	2.145189650194181859e-19	1.993628868498107009e-18	2.325514419051239970e-18	1.112520148609375440e-16	2.952101609794148735e-26	2.952453390421363215e-29	1.795386325344766956e-02	6.995289796945068639e-02	4.710203050989499561e-05	3.836975529810303574e-12	4.613674272839984690e-05
8.500000000000000000e+01	5.433648304646712351e-15	2.133462416466512267e-20	7.527079327630274940e-22	1.999034716056376747e-03	9.652839442835801573e-07	1.278869400958170292e-24	2.145189649989333932e-19	1.993628868307731915e-18	2.325514418829186411e-18	1.112520148502064966e-16	2.952101609509408187e-26	2.952453389859009810e-29	1.795386325344305520e-02	6.995289796944610672e-02	4.710203051442621530e-05	3.841495363908230451e-12	4.613674272850406584e-05
8.510000000000000853e+01	5.433648304121872935e-15	2.133462416259891581e-20	7.527079326915233951e-22	1.999034716056480830e-03	9.652839441907068063e-07	1.278869400835125788e-24	2.145189649781576646e-19	1.993628868114653201e-18	2.325514418603955067e-18	1.112520148393805146e-16	2.952101609222146181e-26	2.952453389288649945e-29	1.795386325343844083e-02	6.995289796944152705e-02	4.710203051895743499e-05	3.846015198005721928e-12	4.613674272860828477e-05
8.520000000000000284e+01	5.433648303605247140e-15	2.133462416056495925e-20	7.527079326211353576e-22	1.999034716056584914e-03	9.652839440978336671e-07	1.278869400712081651e-24	2.145189649577063108e-19	1.993628867924588568e-18	2.325514418382248560e-18	1.112520148286609550e-16	2.952101608937709839e-26	2.952453388727218034e-29	1.795386325343382647e-02	6.995289796943694738e-02	4.710203052348865469e-05	3.850535032102778812e-12	4.613674272871250370e-05
8.530000000000001137e+01	5.433648303087149330e-15	2.133462415852522189e-20	7.527079325505473920e-22	1.999034716056688997e-03	9.652839440049603160e-07	1.278869400589037148e-24	2.145189649371968421e-19	1.993628867733983903e-18	2.325514418159935770e-18	1.112520148181240412e-16	2.952101608658114949e-26	2.952453388164185840e-29	1.795386325342921210e-02	6.995289796943236771e-02	4.710203052801987438e-05	3.855054866199401102e-12	4.613674272881672264e-05
8.540000000000000568e+01	5.433648302563161095e-15	2.133462415646235532e-20	7.527079324791587738e-22	1.999034716056793080e-03	9.652839439120867533e-07	1.278869400465992460e-24	2.145189649164547692e-19	1.993628867541217575e-18	2.325514417935069582e-18	1.112520148074199876e-16	2.952101608374085552e-26	2.952453387594751954e-29	1.795386325342459774e-02	6.995289796942778804e-02	4.710203053255109407e-05	3.859574700295587993e-12	4.613674272892094157e-05
8.550000000000000000e+01	5.433648302035137837e-15	2.133462415438364497e-20	7.527079324072221870e-22	1.999034716056897164e-03	9.652839438192136140e-07	1.278869400342948324e-24	2.145189648955534701e-19	1.993628867346972133e-18	2.325514417708506265e-18	1.112520147966397843e-16	2.952101608088036923e-26	2.952453387020934806e-29	1.795386325341998338e-02	6.995289796942320837e-02	4.710203053708231376e-05	3.864094534391339482e-12	4.613674272902516051e-05
8.560000000000000853e+01	5.433648301519512317e-15	2.133462415235360948e-20	7.527079323369699427e-22	1.999034716057001247e-03	9.652839437263400512e-07	1.278869400219903452e-24	2.145189648751415256e-19	1.993628867157273811e-18	2.325514417487221151e-18	1.112520147859399954e-16	2.952101607804125191e-26	2.952453386460588061e-29	1.795386325341536901e-02	6.995289796941862870e-02	4.710203054161353345e-05	3.868614368486657186e-12	4.613674272912937944e-05
8.570000000000000284e+01	5.433648301014833820e-15	2.133462415036656737e-20	7.527079322682053099e-22	1.999034716057105331e-03	9.652839436334667002e-07	1.278869400096859132e-24	2.145189648551617839e-19	1.993628866971592594e-18	2.325514417270622981e-18	1.112520147753611735e-16	2.952101607523426553e-26	2.952453385912137778e-29	1.795386325341075465e-02	6.995289796941404903e-02	4.710203054614475315e-05	3.873134202581539490e-12	4.613674272923359837e-05
8.580000000000001137e+01	5.433648300490562384e-15	2.133462414830259038e-20	7.527079321967786056e-22	1.999034716057209414e-03	9.652839435405937727e-07	1.278869399973815179e-24	2.145189648344086128e-19	1.993628866778723036e-18	2.325514417045663193e-18	1.112520147647623588e-16	2.952101607242187234e-26	2.952453385342397849e-29	1.795386325340614028e-02	6.995289796940946936e-02	4.710203055067597284e-05	3.877654036675987200e-12	4.613674272933781731e-05
8.590000000000000568e+01	5.433648299974682062e-15	2.133462414627155883e-20	7.527079321264917546e-22	1.999034716057313497e-03	9.652839434477202099e-07	1.278869399850770125e-24	2.145189648139866295e-19	1.993628866588932270e-18	2.325514416824270227e-18	1.112520147540659719e-16	2.952101606958365041e-26	2.952453384781775327e-29	1.795386325340152592e-02	6.995289796940488969e-02	4.710203055520719253e-05	3.882173870769999510e-12	4.613674272944203624e-05
8.600000000000000000e+01	5.433648299440925363e-15	2.133462414417033616e-20	7.527079320537757681e-22	1.999034716057417581e-03	9.652839433548470707e-07	1.278869399727726172e-24	2.145189647928589613e-19	1.993628866392582171e-18	2.325514416595249809e-18	1.112520147433768574e-16	2.952101606674727093e-26	2.952453384201725765e-29	1.795386325339691155e-02	6.995289796940031002e-02	4.710203055973841222e-05	3.886693704863577227e-12	4.613674272954625518e-05
8.610000000000000853e+01	5.433648298934016756e-15	2.133462414217453708e-20	7.527079319847083280e-22	1.999034716057521664e-03	9.652839432619735079e-07	1.278869399604681484e-24	2.145189647727912047e-19	1.993628866206082434e-18	2.325514416377695992e-18	1.112520147326932895e-16	2.952101606391249858e-26	2.952453383650852918e-29	1.795386325339229719e-02	6.995289796939573035e-02	4.710203056426963191e-05	3.891213538956720351e-12	4.613674272965047411e-05
8.620000000000000284e+01	5.433648298419898749e-15	2.133462414015042383e-20	7.527079319146609958e-22	1.999034716057625748e-03	9.652839431691001569e-07	1.278869399481636980e-24	2.145189647524387955e-19	1.993628866016938009e-18	2.325514416157059146e-18	1.112520147220493865e-16	2.952101606108820695e-26	2.952453383092145691e-29	1.795386325338768282e-02	6.995289796939115068e-02	4.710203056880085161e-05	3.895733373049428074e-12	4.613674272975469304e-05
8.630000000000001137e+01	5.433648297872344873e-15	2.133462413799503137e-20	7.527079318400705190e-22	1.999034716057729831e-03	9.652839430762270176e-07	1.278869399358592660e-24	2.145189647307664022e-19	1.993628865815525797e-18	2.325514415922133826e-18	1.112520147112800546e-16	2.952101605823048146e-26	2.952453382497102235e-29	1.795386325338306846e-02	6.995289796938657101e-02	4.710203057333207130e-05	3.900253207141702012e-12	4.613674272985891198e-05
8.640000000000000568e+01	5.433648297351937278e-15	2.133462413594622710e-20	7.527079317691686494e-22	1.999034716057833914e-03	9.652839429833536666e-07	1.278869399235548156e-24	2.145189647101656925e-19	1.993628865624073338e-18	2.325514415698803375e-18	1.112520147004385913e-16	2.952101605535379194e-26	2.952453381931561156e-29	1.795386325337845410e-02	6.995289796938199134e-02	4.710203057786329099e-05	3.904773041233539742e-12	4.613674272996313091e-05
8.650000000000000000e+01	5.433648296824209054e-15	2.133462413386867230e-20	7.527079316972718414e-22	1.999034716057937998e-03	9.652839428904801038e-07	1.278869399112503285e-24	2.145189646892760452e-19	1.993628865429935362e-18	2.325514415472344444e-18	1.112520146895496731e-16	2.952101605246447504e-26	2.952453381358062944e-29	1.795386325337383973e-02	6.995289796937741167e-02	4.710203058239451068e-05	3.909292875324942878e-12	4.613674273006734984e-05
8.660000000000000853e+01	5.433648296294473967e-15	2.133462413178324526e-20	7.527079316251026949e-22	1.999034716058042081e-03	9.652839427976069646e-07	1.278869398989459149e-24	2.145189646683070255e-19	1.993628865235060526e-18	2.325514415245042725e-18	1.112520146787528543e-16	2.952101604959957490e-26	2.952453380782384311e-29	1.795386325336922537e-02	6.995289796937283200e-02	4.710203058692573037e-05	3.913812709415911422e-12	4.613674273017156878e-05
8.670000000000000284e+01	5.433648295792030313e-15	2.133462412980497215e-20	7.527079315566416218e-22	1.999034716058146165e-03	9.652839427047334018e-07	1.278869398866414461e-24	2.145189646484156359e-19	1.993628865050199755e-18	2.325514415029401356e-18	1.112520146681197489e-16	2.952101604677819905e-26	2.952453380236363880e-29	1.795386325336461100e-02	6.995289796936825233e-02	4.710203059145695007e-05	3.918332543506444565e-12	4.613674273027578771e-05
8.680000000000001137e+01	5.433648295253755807e-15	2.133462412768601287e-20	7.527079314833121213e-22	1.999034716058250248e-03	9.652839426118600508e-07	1.278869398743369957e-24	2.145189646271095544e-19	1.993628864852192587e-18	2.325514414798448845e-18	1.112520146574039363e-16	2.952101604393471380e-26	2.952453379651404728e-29	1.795386325335999664e-02	6.995289796936367266e-02	4.710203059598816976e-05	3.922852377596543923e-12	4.613674273038000665e-05
8.690000000000000568e+01	5.433648294741091671e-15	2.133462412566761121e-20	7.527079314134621781e-22	1.999034716058354332e-03	9.652839425189869115e-07	1.278869398620325821e-24	2.145189646068145861e-19	1.993628864663581260e-18	2.325514414578436001e-18	1.112520146466527975e-16	2.952101604108201056e-26	2.952453379094277046e-29	1.795386325335538227e-02	6.995289796935909299e-02	4.710203060051938945e-05	3.927372211686207880e-12	4.613674273048422558e-05
8.700000000000000000e+01	5.433648294225020445e-15	2.133462412363583035e-20	7.527079313431497484e-22	1.999034716058458415e-03	9.652839424261133487e-07	1.278869398497281134e-24	2.145189645863850676e-19	1.993628864473720390e-18	2.325514414356956368e-18	1.112520146359254479e-16	2.952101603823558084e-26	2.952453378533448253e-29	1.795386325335076791e-02	6.995289796935451332e-02	4.710203060505060914e-05	3.931892045775436436e-12	4.613674273058844451e-05
8.710000000000000853e+01	5.433648293702400884e-15	2.133462412157833531e-20	7.527079312719469522e-22	1.999034716058562498e-03	9.652839423332402095e-07	1.278869398374236997e-24	2.145189645656970651e-19	1.993628864281456344e-18	2.325514414132708789e-18	1.112520146253328208e-16	2.952101603542483494e-26	2.952453377965500864e-29	1.795386325334615354e-02	6.995289796934993365e-02	4.710203060958182883e-05	3.936411879864231207e-12	4.613674273069266345e-05
8.720000000000000284e+01	5.433648293177438406e-15	2.133462411951164697e-20	7.527079312004263965e-22	1.999034716058666582e-03	9.652839422403668585e-07	1.278869398251192310e-24	2.145189645449165699e-19	1.993628864088333334e-18	2.325514413907425830e-18	1.112520146146271648e-16	2.952101603258411050e-26	2.952453377395009839e-29	1.795386325334153918e-02	6.995289796934535398e-02	4.710203061411304853e-05	3.940931713952589770e-12	4.613674273079688238e-05
8.730000000000001137e+01	5.433648292664180258e-15	2.133462411749091313e-20	7.527079311304957674e-22	1.999034716058770665e-03	9.652839421474932957e-07	1.278869398128147622e-24	2.145189645245981294e-19	1.993628863899503991e-18	2.325514413687179178e-18	1.112520146039537289e-16	2.952101602975199563e-26	2.952453376837235877e-29	1.795386325333692482e-02	6.995289796934077431e-02	4.710203061864426822e-05	3.945451548040514548e-12	4.613674273090110132e-05
8.740000000000000568e+01	5.433648292128455351e-15	2.133462411538196266e-20	7.527079310575126145e-22	1.999034716058874749e-03	9.652839420546201564e-07	1.278869398005103486e-24	2.145189645033927018e-19	1.993628863702432054e-18	2.325514413457297484e-18	1.112520145931705673e-16	2.952101602689068282e-26	2.952453376255047372e-29	1.795386325333231045e-02	6.995289796933619464e-02	4.710203062317548791e-05	3.949971382128003924e-12	4.613674273100532025e-05
8.750000000000000000e+01	5.433648291621787346e-15	2.133462411338710549e-20	7.527079309884776180e-22	1.999034716058978832e-03	9.652839419617468054e-07	1.278869397882058798e-24	2.145189644833344785e-19	1.993628863516020910e-18	2.325514413239844585e-18	1.112520145824875911e-16	2.952101602405606544e-26	2.952453375704436288e-29	1.795386325332769609e-02	6.995289796933161497e-02	4.710203062770670760e-05	3.954491216215058708e-12	4.613674273110953918e-05
8.760000000000000853e+01	5.433648291076305019e-15	2.133462411123984407e-20	7.527079309141686016e-22	1.999034716059082915e-03	9.652839418688734544e-07	1.278869397759014478e-24	2.145189644617438890e-19	1.993628863315368669e-18	2.325514413005810201e-18	1.112520145716891699e-16	2.952101602119064872e-26	2.952453375111645559e-29	1.795386325332308172e-02	6.995289796932703530e-02	4.710203063223792729e-05	3.959011050301678899e-12	4.613674273121375812e-05
8.770000000000000284e+01	5.433648290575984189e-15	2.133462410926990662e-20	7.527079308459962299e-22	1.999034716059186999e-03	9.652839417760001034e-07	1.278869397635970158e-24	2.145189644419362291e-19	1.993628863131286744e-18	2.325514412791078256e-18	1.112520145610210835e-16	2.952101601836002044e-26	2.952453374567931666e-29	1.795386325331846736e-02	6.995289796932245563e-02	4.710203063676914699e-05	3.963530884387863689e-12	4.613674273131797705e-05
8.780000000000001137e+01	5.433648290052938643e-15	2.133462410721073844e-20	7.527079307747355994e-22	1.999034716059291082e-03	9.652839416831267524e-07	1.278869397512925470e-24	2.145189644212313267e-19	1.993628862938865928e-18	2.325514412566616129e-18	1.112520145502947199e-16	2.952101601551382031e-26	2.952453373999521848e-29	1.795386325331385299e-02	6.995289796931787596e-02	4.710203064130036668e-05	3.968050718473613887e-12	4.613674273142219598e-05
8.790000000000000568e+01	5.433648289512138205e-15	2.133462410508186363e-20	7.527079307010628546e-22	1.999034716059395166e-03	9.652839415902536131e-07	1.278869397389881334e-24	2.145189643998254820e-19	1.993628862739931616e-18	2.325514412334584326e-18	1.112520145394815816e-16	2.952101601264451781e-26	2.952453373411818394e-29	1.795386325330923863e-02	6.995289796931329629e-02	4.710203064583158637e-05	3.972570552558928683e-12	4.613674273152641492e-05
8.800000000000000000e+01	5.433648289013828971e-15	2.133462410311982249e-20	7.527079306331634797e-22	1.999034716059499249e-03	9.652839414973800503e-07	1.278869397266836463e-24	2.145189643800973149e-19	1.993628862556587708e-18	2.325514412120712887e-18	1.112520145288305542e-16	2.952101600981842964e-26	2.952453372870291086e-29	1.795386325330462426e-02	6.995289796930871662e-02	4.710203065036280606e-05	3.977090386643809694e-12	4.613674273163063385e-05
8.810000000000000853e+01	5.433648288494998309e-15	2.133462410107721129e-20	7.527079305624759262e-22	1.999034716059603332e-03	9.652839414045066993e-07	1.278869397143791959e-24	2.145189643595589091e-19	1.993628862365714569e-18	2.325514411898056897e-18	1.112520145182575008e-16	2.952101600701288394e-26	2.952453372306462954e-29	1.795386325330000990e-02	6.995289796930413695e-02	4.710203065489402575e-05	3.981610220728256113e-12	4.613674273173485279e-05
8.820000000000000284e+01	5.433648287988583529e-15	2.133462409908334717e-20	7.527079304934755363e-22	1.999034716059707416e-03	9.652839413116333483e-07	1.278869397020747455e-24	2.145189643395106284e-19	1.993628862179396254e-18	2.325514411680739199e-18	1.112520145077547299e-16	2.952101600422605545e-26	2.952453371756126524e-29	1.795386325329539554e-02	6.995289796929955728e-02	4.710203065942524545e-05	3.986130054812266323e-12	4.613674273183907172e-05
8.830000000000001137e+01	5.433648287459474798e-15	2.133462409700037269e-20	7.527079304213911194e-22	1.999034716059811499e-03	9.652839412187599973e-07	1.278869396897703135e-24	2.145189643185664291e-19	1.993628861984751374e-18	2.325514411453683999e-18	1.112520144970506024e-16	2.952101600138571557e-26	2.952453371181128362e-29	1.795386325329078117e-02	6.995289796929497761e-02	4.710203066395646514e-05	3.990649888895842747e-12	4.613674273194329065e-05
8.840000000000000568e+01	5.433648286926796472e-15	2.133462409490338706e-20	7.527079303488220227e-22	1.999034716059915583e-03	9.652839411258866462e-07	1.278869396774658631e-24	2.145189642974812518e-19	1.993628861788796476e-18	2.325514411225104234e-18	1.112520144862214896e-16	2.952101599851221733e-26	2.952453370602250285e-29	1.795386325328616681e-02	6.995289796929039794e-02	4.710203066848768483e-05	3.995169722978982964e-12	4.613674273204750959e-05
8.850000000000000000e+01	5.433648286406250037e-15	2.133462409285403510e-20	7.527079302779011571e-22	1.999034716060019666e-03	9.652839410330132952e-07	1.278869396651614311e-24	2.145189642768751014e-19	1.993628861597293943e-18	2.325514411001736034e-18	1.112520144754753799e-16	2.952101599566080553e-26	2.952453370036557866e-29	1.795386325328155244e-02	6.995289796928581827e-02	4.710203067301890452e-05	3.999689557061688587e-12	4.613674273215172852e-05
8.860000000000000853e+01	5.433648285894732116e-15	2.133462409084013530e-20	7.527079302082073196e-22	1.999034716060123749e-03	9.652839409401399442e-07	1.278869396528569807e-24	2.145189642566254166e-19	1.993628861409103625e-18	2.325514410782212376e-18	1.112520144648375906e-16	2.952101599283814972e-26	2.952453369480676778e-29	1.795386325327693808e-02	6.995289796928123860e-02	4.710203067755012421e-05	4.004209391143959617e-12	4.613674273225594746e-05
8.870000000000000284e+01	5.433648285365988628e-15	2.133462408875859924e-20	7.527079301361727436e-22	1.999034716060227833e-03	9.652839408472668049e-07	1.278869396405525303e-24	2.145189642356956618e-19	1.993628861214593175e-18	2.325514410555338599e-18	1.112520144541704901e-16	2.952101599000763050e-26	2.952453368906075464e-29	1.795386325327232371e-02	6.995289796927665893e-02	4.710203068208134391e-05	4.008729225225796055e-12	4.613674273236016639e-05
8.880000000000001137e+01	5.433648284845033564e-15	2.133462408670764334e-20	7.527079300651963007e-22	1.999034716060331916e-03	9.652839407543932422e-07	1.278869396282480799e-24	2.145189642150733576e-19	1.993628861022940034e-18	2.325514410331778577e-18	1.112520144434674965e-16	2.952101598716764074e-26	2.952453368339937993e-29	1.795386325326770935e-02	6.995289796927207926e-02	4.710203068661256360e-05	4.013249059307197899e-12	4.613674273246438532e-05
8.890000000000000568e+01	5.433648284322024306e-15	2.133462408464861960e-20	7.527079299939409364e-22	1.999034716060436000e-03	9.652839406615198912e-07	1.278869396159436112e-24	2.145189641943699237e-19	1.993628860830533084e-18	2.325514410107332627e-18	1.112520144327001615e-16	2.952101598431058679e-26	2.952453367771568533e-29	1.795386325326309498e-02	6.995289796926749959e-02	4.710203069114378329e-05	4.017768893388164343e-12	4.613674273256860426e-05
8.900000000000000000e+01	5.433648283795241137e-15	2.133462408257478125e-20	7.527079299221727745e-22	1.999034716060540083e-03	9.652839405686467519e-07	1.278869396036391792e-24	2.145189641735175432e-19	1.993628860636741776e-18	2.325514409881297785e-18	1.112520144218905977e-16	2.952101598144230596e-26	2.952453367199096632e-29	1.795386325325848062e-02	6.995289796926291992e-02	4.710203069567500298e-05	4.022288727468695386e-12	4.613674273267282319e-05
8.910000000000000853e+01	5.433648283276845926e-15	2.133462408053387329e-20	7.527079298515440898e-22	1.999034716060644166e-03	9.652839404757734009e-07	1.278869395913347471e-24	2.145189641529962781e-19	1.993628860446027719e-18	2.325514409658830151e-18	1.112520144111752535e-16	2.952101597859905030e-26	2.952453366635741578e-29	1.795386325325386626e-02	6.995289796925834025e-02	4.710203070020622267e-05	4.026808561548792644e-12	4.613674273277704212e-05
8.920000000000000284e+01	5.433648282739871463e-15	2.133462407842002073e-20	7.527079297783912896e-22	1.999034716060748250e-03	9.652839403828998381e-07	1.278869395790302968e-24	2.145189641317415708e-19	1.993628860248497025e-18	2.325514409428409966e-18	1.112520144003043805e-16	2.952101597571446867e-26	2.952453366052195496e-29	1.795386325324925189e-02	6.995289796925376058e-02	4.710203070473744237e-05	4.031328395628453693e-12	4.613674273288126106e-05
8.930000000000001137e+01	5.433648282213260266e-15	2.133462407634685344e-20	7.527079297066463555e-22	1.999034716060852333e-03	9.652839402900266988e-07	1.278869395667258647e-24	2.145189641108959551e-19	1.993628860054768888e-18	2.325514409202449850e-18	1.112520143894626953e-16	2.952101597283768157e-26	2.952453365479910808e-29	1.795386325324463753e-02	6.995289796924918091e-02	4.710203070926866206e-05	4.035848229707681765e-12	4.613674273298547999e-05
8.940000000000000568e+01	5.433648281715986018e-15	2.133462407438888083e-20	7.527079296388879459e-22	1.999034716060956417e-03	9.652839401971533478e-07	1.278869395544213960e-24	2.145189640912085696e-19	1.993628859871804388e-18	2.325514408989017909e-18	1.112520143788691561e-16	2.952101597002682662e-26	2.952453364939509584e-29	1.795386325324002316e-02	6.995289796924460124e-02	4.710203071379988175e-05	4.040368063786473628e-12	4.613674273308969893e-05
8.950000000000000000e+01	5.433648281194899213e-15	2.133462407233740132e-20	7.527079295678936354e-22	1.999034716061060500e-03	9.652839401042799968e-07	1.278869395421169640e-24	2.145189640705810895e-19	1.993628859680103484e-18	2.325514408765401264e-18	1.112520143682408578e-16	2.952101596720663889e-26	2.952453364373228059e-29	1.795386325323540880e-02	6.995289796924002157e-02	4.710203071833110144e-05	4.044887897864830899e-12	4.613674273319391786e-05
8.960000000000000853e+01	5.433648280689050047e-15	2.133462407034575805e-20	7.527079294989698878e-22	1.999034716061164584e-03	9.652839400114068575e-07	1.278869395298125320e-24	2.145189640505551496e-19	1.993628859493992399e-18	2.325514408548321226e-18	1.112520143577566006e-16	2.952101596442471787e-26	2.952453363823506519e-29	1.795386325323079443e-02	6.995289796923544190e-02	4.710203072286232113e-05	4.049407731942753577e-12	4.613674273329813679e-05
8.970000000000000284e+01	5.433648280160304981e-15	2.133462406826421898e-20	7.527079294269351237e-22	1.999034716061268667e-03	9.652839399185330830e-07	1.278869395175080448e-24	2.145189640296252985e-19	1.993628859299481179e-18	2.325514408321425493e-18	1.112520143471392230e-16	2.952101596160737703e-26	2.952453363248903523e-29	1.795386325322618007e-02	6.995289796923086223e-02	4.710203072739354083e-05	4.053927566020240853e-12	4.613674273340235573e-05
8.980000000000001137e+01	5.433648279626960856e-15	2.133462406616461529e-20	7.527079293542754669e-22	1.999034716061372750e-03	9.652839398256599437e-07	1.278869395052036128e-24	2.145189640085138563e-19	1.993628859103282843e-18	2.325514408092585342e-18	1.112520143363301523e-16	2.952101595873919952e-26	2.952453362669303497e-29	1.795386325322156570e-02	6.995289796922628256e-02	4.710203073192476052e-05	4.058447400097293537e-12	4.613674273350657466e-05
8.990000000000000568e+01	5.433648279106163564e-15	2.133462406411427629e-20	7.527079292833204650e-22	1.999034716061476834e-03	9.652839397327865927e-07	1.278869394928991808e-24	2.145189639878978596e-19	1.993628858911687866e-18	2.325514407869089261e-18	1.112520143255890222e-16	2.952101595588909637e-26	2.952453362103337544e-29	1.795386325321695134e-02	6.995289796922170289e-02	4.710203073645598021e-05	4.062967234173911628e-12	4.613674273361079359e-05
9.000000000000000000e+01	5.433648278580766424e-15	2.133462406204588471e-20	7.527079292117407584e-22	1.999034716061580917e-03	9.652839396399132417e-07	1.278869394805947121e-24	2.145189639671001754e-19	1.993628858718405003e-18	2.325514407643644524e-18	1.112520143148778935e-16	2.952101595304691978e-26	2.952453361532373440e-29	1.795386325321233698e-02	6.995289796921712322e-02	4.710203074098719990e-05	4.067487068250094318e-12	4.613674273371501253e-05
9.010000000000000853e+01	5.433648278049553801e-15	2.133462405995464979e-20	7.527079291393704612e-22	1.999034716061685001e-03	9.652839395470398907e-07	1.278869394682902800e-24	2.145189639460728482e-19	1.993628858522987825e-18	2.325514407415687989e-18	1.112520143039876440e-16	2.952101595015722980e-26	2.952453360955087238e-29	1.795386325320772261e-02	6.995289796921254355e-02	4.710203074551841959e-05	4.072006902325843224e-12	4.613674273381923146e-05
9.020000000000000284e+01	5.433648277545810893e-15	2.133462405797127598e-20	7.527079290707330640e-22	1.999034716061789084e-03	9.652839394541665397e-07	1.278869394559858297e-24	2.145189639261300844e-19	1.993628858337650194e-18	2.325514407199491953e-18	1.112520142933130248e-16	2.952101594732485091e-26	2.952453360407655980e-29	1.795386325320310825e-02	6.995289796920796388e-02	4.710203075004963929e-05	4.076526736401155920e-12	4.613674273392345040e-05
9.030000000000001137e+01	5.433648277020664610e-15	2.133462405590386541e-20	7.527079289991872116e-22	1.999034716061893167e-03	9.652839393612931887e-07	1.278869394436813793e-24	2.145189639053423429e-19	1.993628858144459776e-18	2.325514406974135808e-18	1.112520142825998746e-16	2.952101594448214626e-26	2.952453359836963728e-29	1.795386325319849388e-02	6.995289796920338421e-02	4.710203075458085898e-05	4.081046570476034831e-12	4.613674273402766933e-05
9.040000000000000568e+01	5.433648276508196112e-15	2.133462405388623111e-20	7.527079289293639756e-22	1.999034716061997251e-03	9.652839392684200494e-07	1.278869394313769473e-24	2.145189638850551024e-19	1.993628857955920094e-18	2.325514406754227349e-18	1.112520142720139776e-16	2.952101594167323707e-26	2.952453359280049043e-29	1.795386325319387952e-02	6.995289796919880454e-02	4.710203075911207867e-05	4.085566404550477534e-12	4.613674273413188826e-05
9.050000000000000000e+01	5.433648275976474674e-15	2.133462405179299804e-20	7.527079288569246535e-22	1.999034716062101334e-03	9.652839391755466984e-07	1.278869394190725152e-24	2.145189638640077455e-19	1.993628857760317256e-18	2.325514406526056266e-18	1.112520142613017149e-16	2.952101593883072184e-26	2.952453358702211850e-29	1.795386325318926515e-02	6.995289796919422487e-02	4.710203076364329836e-05	4.090086238624485644e-12	4.613674273423610720e-05
9.060000000000000853e+01	5.433648275457524105e-15	2.133462404974991438e-20	7.527079287862209252e-22	1.999034716062205418e-03	9.652839390826733474e-07	1.278869394067680465e-24	2.145189638434645971e-19	1.993628857569399436e-18	2.325514406303367535e-18	1.112520142505718014e-16	2.952101593598361483e-26	2.952453358138251996e-29	1.795386325318465079e-02	6.995289796918964520e-02	4.710203076817451805e-05	4.094606072698059969e-12	4.613674273434032613e-05
9.070000000000000284e+01	5.433648274929765904e-15	2.133462404767224523e-20	7.527079287143202616e-22	1.999034716062309501e-03	9.652839389897999963e-07	1.278869393944635961e-24	2.145189638225736739e-19	1.993628857375250290e-18	2.325514406076893966e-18	1.112520142397992155e-16	2.952101593312513170e-26	2.952453357564720713e-29	1.795386325318003642e-02	6.995289796918506553e-02	4.710203077270573775e-05	4.099125906771198893e-12	4.613674273444454507e-05
9.080000000000001137e+01	5.433648274414821171e-15	2.133462404564488799e-20	7.527079286441605521e-22	1.999034716062413584e-03	9.652839388969266453e-07	1.278869393821591457e-24	2.145189638021886924e-19	1.993628857185802339e-18	2.325514405855904290e-18	1.112520142290732710e-16	2.952101593027909801e-26	2.952453357005115535e-29	1.795386325317542206e-02	6.995289796918048586e-02	4.710203077723695744e-05	4.103645740843903224e-12	4.613674273454876400e-05
9.090000000000000568e+01	5.433648273879555381e-15	2.133462404353774308e-20	7.527079285712396534e-22	1.999034716062517668e-03	9.652839388040532943e-07	1.278869393698546953e-24	2.145189637810013927e-19	1.993628856988898728e-18	2.325514405626240226e-18	1.112520142182904545e-16	2.952101592741785981e-26	2.952453356423427574e-29	1.795386325317080770e-02	6.995289796917590619e-02	4.710203078176817713e-05	4.108165574916172155e-12	4.613674273465298293e-05
9.100000000000000000e+01	5.433648273371891045e-15	2.133462404153897086e-20	7.527079285020693341e-22	1.999034716062621751e-03	9.652839387111799433e-07	1.278869393575502450e-24	2.145189637609037841e-19	1.993628856802121657e-18	2.325514405408359386e-18	1.112520142075971491e-16	2.952101592458051606e-26	2.952453355871733566e-29	1.795386325316619333e-02	6.995289796917132652e-02	4.710203078629939682e-05	4.112685408988006492e-12	4.613674273475720187e-05
9.110000000000000853e+01	5.433648272858079116e-15	2.133462403951606131e-20	7.527079284320638494e-22	1.999034716062725835e-03	9.652839386183063805e-07	1.278869393452457946e-24	2.145189637405635565e-19	1.993628856613090477e-18	2.325514405187858126e-18	1.112520141969475762e-16	2.952101592175471489e-26	2.952453355313358727e-29	1.795386325316157897e-02	6.995289796916674685e-02	4.710203079083061651e-05	4.117205243059406237e-12	4.613674273486142080e-05
9.120000000000000284e+01	5.433648272327370576e-15	2.133462403742680950e-20	7.527079283597621072e-22	1.999034716062829918e-03	9.652839385254332412e-07	1.278869393329413626e-24	2.145189637195562108e-19	1.993628856417858574e-18	2.325514404960142717e-18	1.112520141862567606e-16	2.952101591891789345e-26	2.952453354736622395e-29	1.795386325315696460e-02	6.995289796916216718e-02	4.710203079536183621e-05	4.121725077130370580e-12	4.613674273496563973e-05
9.130000000000001137e+01	5.433648271821324983e-15	2.133462403543439284e-20	7.527079282908117463e-22	1.999034716062934001e-03	9.652839384325598902e-07	1.278869393206369306e-24	2.145189636995224708e-19	1.993628856231675074e-18	2.325514404742955597e-18	1.112520141755871457e-16	2.952101591608683470e-26	2.952453354186686176e-29	1.795386325315235024e-02	6.995289796915758751e-02	4.710203079989305590e-05	4.126244911200901139e-12	4.613674273506985867e-05
9.140000000000000568e+01	5.433648271279955776e-15	2.133462403330328215e-20	7.527079282170615128e-22	1.999034716063038085e-03	9.652839383396865392e-07	1.278869393083324802e-24	2.145189636780942613e-19	1.993628856032532762e-18	2.325514404510678431e-18	1.112520141648504037e-16	2.952101591323778766e-26	2.952453353598365028e-29	1.795386325314773587e-02	6.995289796915300784e-02	4.710203080442427559e-05	4.130764745270995489e-12	4.613674273517407760e-05
9.150000000000000000e+01	5.433648270764194572e-15	2.133462403127272305e-20	7.527079281467911188e-22	1.999034716063142168e-03	9.652839382468131882e-07	1.278869392960280114e-24	2.145189636576769724e-19	1.993628855842785137e-18	2.325514404289339392e-18	1.112520141540709645e-16	2.952101591037755391e-26	2.952453353037872548e-29	1.795386325314312151e-02	6.995289796914842817e-02	4.710203080895549528e-05	4.135284579340655246e-12	4.613674273527829654e-05
9.160000000000000853e+01	5.433648270245366276e-15	2.133462402923011485e-20	7.527079280761036594e-22	1.999034716063246252e-03	9.652839381539398372e-07	1.278869392837235794e-24	2.145189636371386870e-19	1.993628855651912768e-18	2.325514404066684942e-18	1.112520141434045790e-16	2.952101590754728150e-26	2.952453352474046097e-29	1.795386325313850714e-02	6.995289796914384850e-02	4.710203081348671497e-05	4.139804413409880411e-12	4.613674273538251547e-05
9.170000000000000284e+01	5.433648269720231827e-15	2.133462402716274642e-20	7.527079280045594057e-22	1.999034716063350335e-03	9.652839380610664862e-07	1.278869392714191107e-24	2.145189636163513306e-19	1.993628855458725817e-18	2.325514403841359227e-18	1.112520141326861533e-16	2.952101590470317062e-26	2.952453351903366737e-29	1.795386325313389278e-02	6.995289796913926883e-02	4.710203081801793467e-05	4.144324247478670174e-12	4.613674273548673440e-05
9.180000000000001137e+01	5.433648269192793115e-15	2.133462402508633514e-20	7.527079279327021883e-22	1.999034716063454419e-03	9.652839379681931351e-07	1.278869392591146786e-24	2.145189635954730704e-19	1.993628855264693767e-18	2.325514403615015081e-18	1.112520141218664330e-16	2.952101590183219786e-26	2.952453351330184098e-29	1.795386325312927842e-02	6.995289796913468916e-02	4.710203082254915436e-05	4.148844081547026152e-12	4.613674273559095334e-05
9.190000000000000568e+01	5.433648268674561987e-15	2.133462402304607417e-20	7.527079278620960731e-22	1.999034716063558502e-03	9.652839378753197841e-07	1.278869392468102283e-24	2.145189635749583054e-19	1.993628855074040570e-18	2.325514403392623713e-18	1.112520141111073563e-16	2.952101589897735371e-26	2.952453350767006729e-29	1.795386325312466405e-02	6.995289796913010949e-02	4.710203082708037405e-05	4.153363915614946730e-12	4.613674273569517227e-05
9.200000000000000000e+01	5.433648268154576433e-15	2.133462402099892499e-20	7.527079277912514736e-22	1.999034716063662585e-03	9.652839377824464331e-07	1.278869392345057779e-24	2.145189635543742791e-19	1.993628854882742956e-18	2.325514403169491633e-18	1.112520141004657706e-16	2.952101589615364753e-26	2.952453350201922473e-29	1.795386325312004969e-02	6.995289796912552982e-02	4.710203083161159374e-05	4.157883749682431907e-12	4.613674273579939121e-05
9.210000000000000853e+01	5.433648267627933681e-15	2.133462401892563733e-20	7.527079277195023077e-22	1.999034716063766669e-03	9.652839376895730821e-07	1.278869392222013459e-24	2.145189635335274356e-19	1.993628854689002877e-18	2.325514402943492613e-18	1.112520140896673002e-16	2.952101589328831691e-26	2.952453349629603594e-29	1.795386325311543532e-02	6.995289796912095015e-02	4.710203083614281343e-05	4.162403583749483299e-12	4.613674273590361014e-05
9.220000000000000284e+01	5.433648267097875951e-15	2.133462401683894339e-20	7.527079276472893387e-22	1.999034716063870752e-03	9.652839375966999428e-07	1.278869392098968955e-24	2.145189635125457529e-19	1.993628854494010559e-18	2.325514402716057235e-18	1.112520140789253813e-16	2.952101589043795548e-26	2.952453349053574637e-29	1.795386325311082096e-02	6.995289796911637048e-02	4.710203084067403313e-05	4.166923417816098482e-12	4.613674273600782907e-05
9.230000000000001137e+01	5.433648266594166964e-15	2.133462401485569597e-20	7.527079275786563613e-22	1.999034716063974836e-03	9.652839375038263800e-07	1.278869391975924267e-24	2.145189634926043372e-19	1.993628854308684869e-18	2.325514402499873139e-18	1.112520140682717654e-16	2.952101588761114411e-26	2.952453348506178692e-29	1.795386325310620659e-02	6.995289796911179081e-02	4.710203084520525282e-05	4.171443251882279880e-12	4.613674273611204801e-05
9.240000000000000568e+01	5.433648266070726988e-15	2.133462401279498403e-20	7.527079275073423164e-22	1.999034716064078919e-03	9.652839374109530290e-07	1.278869391852879947e-24	2.145189634718839551e-19	1.993628854116120378e-18	2.325514402275246537e-18	1.112520140576417908e-16	2.952101588479049147e-26	2.952453347937341198e-29	1.795386325310159223e-02	6.995289796910721114e-02	4.710203084973647251e-05	4.175963085948025877e-12	4.613674273621626694e-05
9.250000000000000000e+01	5.433648265542424473e-15	2.133462401071518432e-20	7.527079274353677377e-22	1.999034716064183002e-03	9.652839373180798898e-07	1.278869391729835627e-24	2.145189634509716059e-19	1.993628853921771321e-18	2.325514402048561116e-18	1.112520140469559549e-16	2.952101588195501313e-26	2.952453347363219688e-29	1.795386325309697786e-02	6.995289796910263147e-02	4.710203085426769220e-05	4.180482920013337282e-12	4.613674273632048587e-05
9.260000000000000853e+01	5.433648265023283789e-15	2.133462400867134834e-20	7.527079273646379605e-22	1.999034716064287086e-03	9.652839372252063270e-07	1.278869391606791123e-24	2.145189634304208982e-19	1.993628853730784167e-18	2.325514401825775318e-18	1.112520140362145537e-16	2.952101587910484684e-26	2.952453346799054124e-29	1.795386325309236350e-02	6.995289796909805180e-02	4.710203085879891189e-05	4.185002754078214093e-12	4.613674273642470481e-05
9.270000000000000284e+01	5.433648264501085479e-15	2.133462400661550841e-20	7.527079272934926225e-22	1.999034716064391169e-03	9.652839371323329760e-07	1.278869391483746619e-24	2.145189634097495070e-19	1.993628853538674966e-18	2.325514401601680273e-18	1.112520140254254756e-16	2.952101587624202448e-26	2.952453346231565801e-29	1.795386325308774914e-02	6.995289796909347213e-02	4.710203086333013159e-05	4.189522588142655504e-12	4.613674273652892374e-05
9.280000000000001137e+01	5.433648263975771170e-15	2.133462400454743881e-20	7.527079272219240126e-22	1.999034716064495253e-03	9.652839370394598367e-07	1.278869391360702115e-24	2.145189633889551210e-19	1.993628853345422918e-18	2.325514401376275210e-18	1.112520140147181186e-16	2.952101587340084660e-26	2.952453345660690820e-29	1.795386325308313477e-02	6.995289796908889246e-02	4.710203086786135128e-05	4.194042422206662322e-12	4.613674273663314268e-05
9.290000000000000568e+01	5.433648263460169315e-15	2.133462400251749962e-20	7.527079271516751536e-22	1.999034716064599336e-03	9.652839369465864857e-07	1.278869391237657795e-24	2.145189633685441876e-19	1.993628853155733456e-18	2.325514401155002807e-18	1.112520140039723540e-16	2.952101587054956108e-26	2.952453345100370418e-29	1.795386325307852041e-02	6.995289796908431279e-02	4.710203087239257097e-05	4.198562256270233739e-12	4.613674273673736161e-05
9.300000000000000000e+01	5.433648262927696882e-15	2.133462400042132349e-20	7.527079270791339866e-22	1.999034716064703419e-03	9.652839368537131347e-07	1.278869391114613291e-24	2.145189633474671474e-19	1.993628852959854825e-18	2.325514400926530508e-18	1.112520139932644547e-16	2.952101586770819379e-26	2.952453344521717109e-29	1.795386325307390604e-02	6.995289796907973312e-02	4.710203087692379066e-05	4.203082090333369755e-12	4.613674273684158054e-05
9.310000000000000853e+01	5.433648262401470649e-15	2.133462399834966685e-20	7.527079270074413385e-22	1.999034716064807503e-03	9.652839367608397837e-07	1.278869390991568788e-24	2.145189633266368187e-19	1.993628852766267666e-18	2.325514400700713297e-18	1.112520139824061541e-16	2.952101586482700433e-26	2.952453343949851690e-29	1.795386325306929168e-02	6.995289796907515345e-02	4.710203088145501035e-05	4.207601924396072794e-12	4.613674273694579948e-05
9.320000000000000284e+01	5.433648261888466514e-15	2.133462399632993208e-20	7.527079269375454099e-22	1.999034716064911586e-03	9.652839366679664326e-07	1.278869390868524284e-24	2.145189633063283449e-19	1.993628852577531538e-18	2.325514400480551385e-18	1.112520139717286013e-16	2.952101586199380465e-26	2.952453343392355185e-29	1.795386325306467731e-02	6.995289796907057378e-02	4.710203088598623005e-05	4.212121758458339625e-12	4.613674273705001841e-05
9.330000000000001137e+01	5.433648261373041364e-15	2.133462399430069104e-20	7.527079268673206251e-22	1.999034716065015670e-03	9.652839365750932934e-07	1.278869390745479964e-24	2.145189632859243930e-19	1.993628852387907943e-18	2.325514400259374894e-18	1.112520139611221445e-16	2.952101585917942552e-26	2.952453342832227603e-29	1.795386325306006295e-02	6.995289796906599411e-02	4.710203089051744974e-05	4.216641592520172670e-12	4.613674273715423735e-05
9.340000000000000568e+01	5.433648260849698418e-15	2.133462399224035827e-20	7.527079267960196517e-22	1.999034716065119753e-03	9.652839364822197306e-07	1.278869390622435276e-24	2.145189632652078146e-19	1.993628852195378504e-18	2.325514400034791433e-18	1.112520139504616508e-16	2.952101585635068561e-26	2.952453342263494366e-29	1.795386325305544858e-02	6.995289796906141444e-02	4.710203089504866943e-05	4.221161426581569507e-12	4.613674273725845628e-05
9.350000000000000000e+01	5.433648260340945454e-15	2.133462399023730988e-20	7.527079267267014081e-22	1.999034716065223836e-03	9.652839363893463796e-07	1.278869390499390772e-24	2.145189632450672337e-19	1.993628852008202765e-18	2.325514399816448370e-18	1.112520139398322678e-16	2.952101585353027977e-26	2.952453341710617662e-29	1.795386325305083422e-02	6.995289796905683477e-02	4.710203089957988912e-05	4.225681260642531750e-12	4.613674273736267521e-05
9.360000000000000853e+01	5.433648259810660532e-15	2.133462398814972219e-20	7.527079266544574061e-22	1.999034716065327920e-03	9.652839362964732403e-07	1.278869390376346636e-24	2.145189632240766195e-19	1.993628851813126862e-18	2.325514399588910917e-18	1.112520139291673121e-16	2.952101585070031729e-26	2.952453341134341516e-29	1.795386325304621986e-02	6.995289796905225510e-02	4.710203090411110881e-05	4.230201094703059401e-12	4.613674273746689415e-05
9.370000000000000284e+01	5.433648259289084634e-15	2.133462398609632879e-20	7.527079265833967037e-22	1.999034716065432003e-03	9.652839362035998893e-07	1.278869390253301948e-24	2.145189632034298320e-19	1.993628851621246077e-18	2.325514399365084732e-18	1.112520139184173320e-16	2.952101584784786661e-26	2.952453340567529740e-29	1.795386325304160549e-02	6.995289796904767543e-02	4.710203090864232851e-05	4.234720928763152459e-12	4.613674273757111308e-05
9.380000000000001137e+01	5.433648258765286515e-15	2.133462398403420851e-20	7.527079265120343225e-22	1.999034716065536087e-03	9.652839361107263265e-07	1.278869390130257444e-24	2.145189631826952221e-19	1.993628851428549467e-18	2.325514399140302900e-18	1.112520139076124521e-16	2.952101584498084851e-26	2.952453339998303246e-29	1.795386325303699113e-02	6.995289796904309576e-02	4.710203091317354820e-05	4.239240762822810924e-12	4.613674273767533201e-05
9.390000000000000568e+01	5.433648258236697644e-15	2.133462398195328033e-20	7.527079264400205293e-22	1.999034716065640170e-03	9.652839360178531873e-07	1.278869390007213124e-24	2.145189631617715821e-19	1.993628851234095639e-18	2.325514398913496916e-18	1.112520138969085464e-16	2.952101584214056029e-26	2.952453339423870087e-29	1.795386325303237676e-02	6.995289796903851609e-02	4.710203091770476789e-05	4.243760596882034796e-12	4.613674273777955095e-05
9.400000000000000000e+01	5.433648257720863076e-15	2.133462397992243234e-20	7.527079263697400730e-22	1.999034716065744254e-03	9.652839359249798363e-07	1.278869389884168804e-24	2.145189631413514525e-19	1.993628851044321436e-18	2.325514398692121669e-18	1.112520138860775108e-16	2.952101583926666027e-26	2.952453338863297452e-29	1.795386325302776240e-02	6.995289796903393642e-02	4.710203092223598758e-05	4.248280430940822460e-12	4.613674273788376988e-05
9.410000000000000853e+01	5.433648257183743462e-15	2.133462397780800501e-20	7.527079262965674305e-22	1.999034716065848337e-03	9.652839358321064852e-07	1.278869389761124300e-24	2.145189631200909433e-19	1.993628850846737586e-18	2.325514398461662195e-18	1.112520138752692536e-16	2.952101583639868364e-26	2.952453338279593303e-29	1.795386325302314803e-02	6.995289796902935675e-02	4.710203092676720727e-05	4.252800264999176338e-12	4.613674273798798882e-05
9.420000000000000284e+01	5.433648256670429305e-15	2.133462397578705149e-20	7.527079262266294663e-22	1.999034716065952420e-03	9.652839357392331342e-07	1.278869389638079796e-24	2.145189630997703120e-19	1.993628850657888215e-18	2.325514398241374328e-18	1.112520138645875592e-16	2.952101583356436472e-26	2.952453337721759926e-29	1.795386325301853367e-02	6.995289796902477708e-02	4.710203093129842697e-05	4.257320099057094008e-12	4.613674273809220775e-05
9.430000000000001137e+01	5.433648256157437791e-15	2.133462397376736186e-20	7.527079261567351364e-22	1.999034716066056504e-03	9.652839356463595714e-07	1.278869389515034925e-24	2.145189630794624160e-19	1.993628850469156710e-18	2.325514398021214728e-18	1.112520138539439767e-16	2.952101583074018215e-26	2.952453337164276313e-29	1.795386325301391930e-02	6.995289796902019741e-02	4.710203093582964666e-05	4.261839933114578701e-12	4.613674273819642668e-05
9.440000000000000568e+01	5.433648255621565367e-15	2.133462397165783362e-20	7.527079260837317650e-22	1.999034716066160587e-03	9.652839355534864322e-07	1.278869389391990789e-24	2.145189630582512106e-19	1.993628850272030461e-18	2.325514397791291819e-18	1.112520138431863792e-16	2.952101582788563072e-26	2.952453336581928061e-29	1.795386325300930494e-02	6.995289796901561774e-02	4.710203094036086635e-05	4.266359767171627185e-12	4.613674273830064562e-05
9.450000000000000000e+01	5.433648255113101915e-15	2.133462396965592273e-20	7.527079260144529240e-22	1.999034716066264671e-03	9.652839354606130812e-07	1.278869389268946101e-24	2.145189630381220408e-19	1.993628850084960649e-18	2.325514397573071630e-18	1.112520138325070268e-16	2.952101582505196613e-26	2.952453336029365248e-29	1.795386325300469058e-02	6.995289796901103807e-02	4.710203094489208604e-05	4.270879601228241076e-12	4.613674273840486455e-05
9.460000000000000853e+01	5.433648254600281585e-15	2.133462396763690717e-20	7.527079259445819160e-22	1.999034716066368754e-03	9.652839353677395184e-07	1.278869389145901597e-24	2.145189630178209096e-19	1.993628849896292314e-18	2.325514397352991378e-18	1.112520138218530658e-16	2.952101582222501127e-26	2.952453335472068848e-29	1.795386325300007621e-02	6.995289796900645840e-02	4.710203094942330573e-05	4.275399435284420374e-12	4.613674273850908348e-05
9.470000000000000284e+01	5.433648254083819872e-15	2.133462396560359760e-20	7.527079258742162599e-22	1.999034716066472837e-03	9.652839352748663791e-07	1.278869389022857094e-24	2.145189629973760558e-19	1.993628849706288155e-18	2.325514397131371923e-18	1.112520138113113943e-16	2.952101581942781112e-26	2.952453334910814622e-29	1.795386325299546185e-02	6.995289796900187873e-02	4.710203095395452543e-05	4.279919269340164271e-12	4.613674273861330242e-05
9.480000000000001137e+01	5.433648253562184021e-15	2.133462396354996647e-20	7.527079258031474701e-22	1.999034716066576921e-03	9.652839351819930281e-07	1.278869388899812773e-24	2.145189629767268609e-19	1.993628849514385029e-18	2.325514396907516463e-18	1.112520138006877305e-16	2.952101581660884021e-26	2.952453334343937265e-29	1.795386325299084748e-02	6.995289796899729906e-02	4.710203095848574512e-05	4.284439103395473576e-12	4.613674273871752135e-05
9.490000000000000568e+01	5.433648253035643821e-15	2.133462396147707904e-20	7.527079257314121280e-22	1.999034716066681004e-03	9.652839350891196771e-07	1.278869388776768453e-24	2.145189629558840377e-19	1.993628849320682313e-18	2.325514396681586777e-18	1.112520137899916148e-16	2.952101581377065272e-26	2.952453333771729929e-29	1.795386325298623312e-02	6.995289796899271939e-02	4.710203096301696481e-05	4.288958937450347480e-12	4.613674273882174029e-05
9.500000000000000000e+01	5.433648252520683311e-15	2.133462395944965861e-20	7.527079256612502556e-22	1.999034716066785088e-03	9.652839349962463261e-07	1.278869388653723949e-24	2.145189629354984063e-19	1.993628849131228970e-18	2.325514396460585931e-18	1.112520137792535169e-16	2.952101581092138183e-26	2.952453333212107374e-29	1.795386325298161875e-02	6.995289796898813972e-02	4.710203096754818450e-05	4.293478771504786790e-12	4.613674273892595922e-05
9.510000000000000853e+01	5.433648251985743320e-15	2.133462395734379565e-20	7.527079255883737436e-22	1.999034716066889171e-03	9.652839349033729751e-07	1.278869388530679446e-24	2.145189629143239862e-19	1.993628848934445152e-18	2.325514396231037037e-18	1.112520137684845301e-16	2.952101580806382279e-26	2.952453332630772540e-29	1.795386325297700439e-02	6.995289796898356005e-02	4.710203097207940419e-05	4.297998605558792316e-12	4.613674273903017815e-05
9.520000000000000284e+01	5.433648251459187344e-15	2.133462395527084503e-20	7.527079255166366148e-22	1.999034716066993254e-03	9.652839348104996240e-07	1.278869388407634942e-24	2.145189628934806094e-19	1.993628848740737429e-18	2.325514396005103114e-18	1.112520137577043268e-16	2.952101580520333076e-26	2.952453332058548949e-29	1.795386325297239002e-02	6.995289796897898038e-02	4.710203097661062389e-05	4.302518439612361633e-12	4.613674273913439709e-05
9.530000000000001137e+01	5.433648250931291092e-15	2.133462395319263722e-20	7.527079254447170492e-22	1.999034716067097338e-03	9.652839347176262730e-07	1.278869388284590438e-24	2.145189628725842213e-19	1.993628848546537439e-18	2.325514395778564834e-18	1.112520137467933697e-16	2.952101580230817083e-26	2.952453331484868568e-29	1.795386325296777566e-02	6.995289796897440071e-02	4.710203098114184358e-05	4.307038273665497165e-12	4.613674273923861602e-05
9.540000000000000568e+01	5.433648250413784139e-15	2.133462395115522000e-20	7.527079253742093934e-22	1.999034716067201421e-03	9.652839346247529220e-07	1.278869388161546118e-24	2.145189628520980804e-19	1.993628848356149249e-18	2.325514395556478148e-18	1.112520137360031084e-16	2.952101579944506148e-26	2.952453330922477609e-29	1.795386325296316130e-02	6.995289796896982104e-02	4.710203098567306327e-05	4.311558107718196488e-12	4.613674273934283496e-05
9.550000000000000000e+01	5.433648249892201930e-15	2.133462394910180252e-20	7.527079253031478447e-22	1.999034716067305505e-03	9.652839345318795710e-07	1.278869388038501614e-24	2.145189628314510040e-19	1.993628848164266152e-18	2.325514395332669296e-18	1.112520137253288343e-16	2.952101579661267685e-26	2.952453330355659106e-29	1.795386325295854693e-02	6.995289796896524137e-02	4.710203099020428296e-05	4.316077941770461219e-12	4.613674273944705389e-05
9.560000000000000853e+01	5.433648249382416347e-15	2.133462394709470065e-20	7.527079252336892000e-22	1.999034716067409588e-03	9.652839344390062200e-07	1.278869387915456927e-24	2.145189628112696656e-19	1.993628847976711391e-18	2.325514395113882499e-18	1.112520137147112842e-16	2.952101579379539341e-26	2.952453329801659121e-29	1.795386325295393257e-02	6.995289796896066170e-02	4.710203099473550265e-05	4.320597775822292164e-12	4.613674273955127282e-05
9.570000000000000284e+01	5.433648248852487201e-15	2.133462394500850926e-20	7.527079251614935344e-22	1.999034716067513671e-03	9.652839343461328689e-07	1.278869387792412790e-24	2.145189627902930867e-19	1.993628847781765680e-18	2.325514394886504513e-18	1.112520137040487444e-16	2.952101579096607953e-26	2.952453329225769733e-29	1.795386325294931820e-02	6.995289796895608203e-02	4.710203099926672235e-05	4.325117609873687709e-12	4.613674273965549176e-05
9.580000000000001137e+01	5.433648248331475339e-15	2.133462394295733068e-20	7.527079250905095683e-22	1.999034716067617755e-03	9.652839342532597297e-07	1.278869387669368103e-24	2.145189627696685436e-19	1.993628847590091740e-18	2.325514394662915988e-18	1.112520136933466629e-16	2.952101578812633084e-26	2.952453328659571165e-29	1.795386325294470384e-02	6.995289796895150236e-02	4.710203100379794204e-05	4.329637443924648661e-12	4.613674273975971069e-05
9.590000000000000568e+01	5.433648247823330587e-15	2.133462394095666863e-20	7.527079250212737973e-22	1.999034716067721838e-03	9.652839341603861669e-07	1.278869387546323415e-24	2.145189627495519887e-19	1.993628847403138638e-18	2.325514394444829458e-18	1.112520136826168481e-16	2.952101578527929270e-26	2.952453328107355314e-29	1.795386325294008947e-02	6.995289796894692269e-02	4.710203100832916173e-05	4.334157277975174212e-12	4.613674273986392962e-05
9.600000000000000000e+01	5.433648247295376749e-15	2.133462393887823212e-20	7.527079249493465205e-22	1.999034716067825922e-03	9.652839340675130277e-07	1.278869387423279279e-24	2.145189627286533858e-19	1.993628847208917848e-18	2.325514394218298497e-18	1.112520136719652044e-16	2.952101578245287738e-26	2.952453327533612155e-29	1.795386325293547511e-02	6.995289796894234302e-02	4.710203101286038142e-05	4.338677112025264362e-12	4.613674273996814856e-05
9.610000000000000853e+01	5.433648246777297082e-15	2.133462393683857300e-20	7.527079248787611881e-22	1.999034716067930005e-03	9.652839339746394649e-07	1.278869387300234775e-24	2.145189627081445912e-19	1.993628847018319732e-18	2.325514393995963751e-18	1.112520136612053881e-16	2.952101577959783808e-26	2.952453326970600139e-29	1.795386325293086074e-02	6.995289796893776335e-02	4.710203101739160111e-05	4.343196946074920727e-12	4.613674274007236749e-05
9.620000000000000284e+01	5.433648246270266202e-15	2.133462393484228041e-20	7.527079248096766328e-22	1.999034716068034088e-03	9.652839338817663256e-07	1.278869387177190271e-24	2.145189626880719956e-19	1.993628846831775313e-18	2.325514393778362942e-18	1.112520136506890341e-16	2.952101577680738783e-26	2.952453326419593328e-29	1.795386325292624638e-02	6.995289796893318368e-02	4.710203102192282081e-05	4.347716780124141691e-12	4.613674274017658643e-05
9.630000000000001137e+01	5.433648245745174351e-15	2.133462393277508651e-20	7.527079247381383035e-22	1.999034716068138172e-03	9.652839337888929746e-07	1.278869387054146134e-24	2.145189626672863967e-19	1.993628846638604925e-18	2.325514393553051864e-18	1.112520136401073772e-16	2.952101577399954049e-26	2.952453325848960491e-29	1.795386325292163202e-02	6.995289796892860401e-02	4.710203102645404050e-05	4.352236614172928870e-12	4.613674274028080536e-05
9.640000000000000568e+01	5.433648245231518616e-15	2.133462393075279086e-20	7.527079246681539778e-22	1.999034716068242255e-03	9.652839336960194118e-07	1.278869386931101080e-24	2.145189626469522839e-19	1.993628846449629982e-18	2.325514393332604530e-18	1.112520136294065776e-16	2.952101577116017062e-26	2.952453325290756611e-29	1.795386325291701765e-02	6.995289796892402434e-02	4.710203103098526019e-05	4.356756448221279841e-12	4.613674274038502429e-05
9.650000000000000000e+01	5.433648244695254129e-15	2.133462392864172488e-20	7.527079245950973801e-22	1.999034716068346339e-03	9.652839336031462726e-07	1.278869386808056943e-24	2.145189626257255748e-19	1.993628846252360059e-18	2.325514393102517532e-18	1.112520136187107331e-16	2.952101576832199461e-26	2.952453324707981803e-29	1.795386325291240329e-02	6.995289796891944467e-02	4.710203103551647988e-05	4.361276282269196219e-12	4.613674274048924323e-05
9.660000000000000853e+01	5.433648244186693647e-15	2.133462392663943181e-20	7.527079245258051854e-22	1.999034716068450422e-03	9.652839335102729215e-07	1.278869386685012623e-24	2.145189626055926013e-19	1.993628846065254810e-18	2.325514392884254973e-18	1.112520136080099089e-16	2.952101576548264196e-26	2.952453324155313612e-29	1.795386325290778892e-02	6.995289796891486500e-02	4.710203104004769957e-05	4.365796116316678004e-12	4.613674274059346216e-05
9.670000000000000284e+01	5.433648243655511001e-15	2.133462392454831727e-20	7.527079244534391201e-22	1.999034716068554506e-03	9.652839334173995705e-07	1.278869386561967935e-24	2.145189625845665019e-19	1.993628845869849187e-18	2.325514392656317697e-18	1.112520135972967587e-16	2.952101576263990288e-26	2.952453323578061602e-29	1.795386325290317456e-02	6.995289796891028533e-02	4.710203104457891927e-05	4.370315950363724388e-12	4.613674274069768110e-05
9.680000000000001137e+01	5.433648243124101163e-15	2.133462392245631498e-20	7.527079243810423038e-22	1.999034716068658589e-03	9.652839333245264313e-07	1.278869386438923615e-24	2.145189625635314709e-19	1.993628845674359979e-18	2.325514392428301844e-18	1.112520135864452620e-16	2.952101575976048699e-26	2.952453323000562402e-29	1.795386325289856019e-02	6.995289796890570566e-02	4.710203104911013896e-05	4.374835784410336987e-12	4.613674274080190003e-05
9.690000000000000568e+01	5.433648242602137934e-15	2.133462392040139588e-20	7.527079243099289393e-22	1.999034716068762672e-03	9.652839332316530802e-07	1.278869386315879295e-24	2.145189625428694204e-19	1.993628845482337445e-18	2.325514392204303480e-18	1.112520135756531272e-16	2.952101575689686107e-26	2.952453322433330797e-29	1.795386325289394583e-02	6.995289796890112599e-02	4.710203105364135865e-05	4.379355618456514185e-12	4.613674274090611896e-05
9.700000000000000000e+01	5.433648242089112500e-15	2.133462391838157685e-20	7.527079242400300955e-22	1.999034716068866756e-03	9.652839331387793057e-07	1.278869386192834424e-24	2.145189625225601281e-19	1.993628845293593615e-18	2.325514391984137717e-18	1.112520135649589836e-16	2.952101575405925903e-26	2.952453321875809629e-29	1.795386325288933146e-02	6.995289796889654632e-02	4.710203105817257834e-05	4.383875452502255982e-12	4.613674274101033790e-05
9.710000000000000853e+01	5.433648241560141820e-15	2.133462391629915005e-20	7.527079241679646746e-22	1.999034716068970839e-03	9.652839330459063782e-07	1.278869386069790287e-24	2.145189625016214177e-19	1.993628845098999579e-18	2.325514391757164562e-18	1.112520135542457841e-16	2.952101575121651421e-26	2.952453321300962808e-29	1.795386325288471710e-02	6.995289796889196665e-02	4.710203106270379803e-05	4.388395286547563995e-12	4.613674274111455683e-05
9.720000000000000284e+01	5.433648241040080535e-15	2.133462391425170296e-20	7.527079240971098248e-22	1.999034716069074923e-03	9.652839329530330272e-07	1.278869385946745784e-24	2.145189624810343821e-19	1.993628844907674232e-18	2.325514391533978940e-18	1.112520135434358752e-16	2.952101574834817598e-26	2.952453320735796716e-29	1.795386325288010274e-02	6.995289796888738698e-02	4.710203106723501773e-05	4.392915120592435798e-12	4.613674274121877576e-05
9.730000000000001137e+01	5.433648240516974247e-15	2.133462391219230005e-20	7.527079240258412950e-22	1.999034716069179006e-03	9.652839328601594644e-07	1.278869385823700912e-24	2.145189624603271686e-19	1.993628844715231845e-18	2.325514391309520280e-18	1.112520135327598262e-16	2.952101574551532643e-26	2.952453320167320758e-29	1.795386325287548837e-02	6.995289796888280731e-02	4.710203107176623742e-05	4.397434954636873817e-12	4.613674274132299470e-05
9.740000000000000568e+01	5.433648240002121022e-15	2.133462391016530091e-20	7.527079239556940928e-22	1.999034716069283089e-03	9.652839327672863252e-07	1.278869385700656776e-24	2.145189624399457501e-19	1.993628844525817405e-18	2.325514391088571819e-18	1.112520135220901619e-16	2.952101574268419879e-26	2.952453319607814231e-29	1.795386325287087401e-02	6.995289796887822764e-02	4.710203107629745711e-05	4.401954788680876435e-12	4.613674274142721363e-05
9.750000000000000000e+01	5.433648239486150769e-15	2.133462390813392029e-20	7.527079238853951108e-22	1.999034716069387173e-03	9.652839326744127624e-07	1.278869385577612088e-24	2.145189624195202279e-19	1.993628844335993513e-18	2.325514390867133401e-18	1.112520135114067666e-16	2.952101573984942070e-26	2.952453319047094179e-29	1.795386325286625964e-02	6.995289796887364797e-02	4.710203108082867680e-05	4.406474622724443652e-12	4.613674274153143257e-05
9.760000000000000853e+01	5.433648238962160957e-15	2.133462390607104468e-20	7.527079238140063985e-22	1.999034716069491256e-03	9.652839325815396231e-07	1.278869385454568136e-24	2.145189623987781550e-19	1.993628844143227185e-18	2.325514390642276073e-18	1.112520135006569344e-16	2.952101573699699297e-26	2.952453318477659732e-29	1.795386325286164528e-02	6.995289796886906830e-02	4.710203108535989649e-05	4.410994456767577084e-12	4.613674274163565150e-05
9.770000000000000284e+01	5.433648238436116162e-15	2.133462390400010425e-20	7.527079237423385768e-22	1.999034716069595340e-03	9.652839324886662721e-07	1.278869385331523448e-24	2.145189623779549041e-19	1.993628843949707048e-18	2.325514390416556313e-18	1.112520134900214131e-16	2.952101573417486521e-26	2.952453317905990495e-29	1.795386325285703091e-02	6.995289796886448863e-02	4.710203108989111619e-05	4.415514290810275115e-12	4.613674274173987043e-05
9.780000000000001137e+01	5.433648237923307664e-15	2.133462390198113685e-20	7.527079236724692614e-22	1.999034716069699423e-03	9.652839323957927093e-07	1.278869385208478761e-24	2.145189623576542062e-19	1.993628843761042565e-18	2.325514390196475676e-18	1.112520134793465966e-16	2.952101573134238874e-26	2.952453317348706427e-29	1.795386325285241655e-02	6.995289796885990896e-02	4.710203109442233588e-05	4.420034124852538554e-12	4.613674274184408937e-05
9.790000000000000568e+01	5.433648237385697380e-15	2.133462389986478359e-20	7.527079235992297567e-22	1.999034716069803506e-03	9.652839323029195701e-07	1.278869385085434624e-24	2.145189623363743896e-19	1.993628843563279219e-18	2.325514389965812439e-18	1.112520134685746763e-16	2.952101572848403189e-26	2.952453316764469224e-29	1.795386325284780218e-02	6.995289796885532929e-02	4.710203109895355557e-05	4.424553958894366591e-12	4.613674274194830830e-05
9.800000000000000000e+01	5.433648236862951601e-15	2.133462389780680105e-20	7.527079235280104097e-22	1.999034716069907590e-03	9.652839322100462190e-07	1.278869384962389937e-24	2.145189623156814038e-19	1.993628843370968951e-18	2.325514389741475497e-18	1.112520134576844762e-16	2.952101572559439930e-26	2.952453316196386750e-29	1.795386325284318782e-02	6.995289796885074962e-02	4.710203110348477526e-05	4.429073792935760036e-12	4.613674274205252724e-05
9.810000000000000853e+01	5.433648236332368489e-15	2.133462389571803975e-20	7.527079234557255945e-22	1.999034716070011673e-03	9.652839321171726563e-07	1.278869384839345433e-24	2.145189622946789452e-19	1.993628843175782885e-18	2.325514389513794370e-18	1.112520134468230201e-16	2.952101572271234888e-26	2.952453315619786063e-29	1.795386325283857346e-02	6.995289796884616995e-02	4.710203110801599495e-05	4.433593626976718888e-12	4.613674274215674617e-05
9.820000000000000284e+01	5.433648235815185758e-15	2.133462389368189245e-20	7.527079233852618552e-22	1.999034716070115757e-03	9.652839320242995170e-07	1.278869384716301113e-24	2.145189622742056117e-19	1.993628842985514488e-18	2.325514389291868307e-18	1.112520134361296654e-16	2.952101571987493626e-26	2.952453315057748231e-29	1.795386325283395909e-02	6.995289796884159028e-02	4.710203111254721465e-05	4.438113461017242339e-12	4.613674274226096510e-05
9.830000000000001137e+01	5.433648235309043135e-15	2.133462389168909963e-20	7.527079233162984228e-22	1.999034716070219840e-03	9.652839319314261660e-07	1.278869384593256609e-24	2.145189622541681403e-19	1.993628842799296321e-18	2.325514389074646520e-18	1.112520134256300254e-16	2.952101571708892855e-26	2.952453314507708315e-29	1.795386325282934473e-02	6.995289796883701061e-02	4.710203111707843434e-05	4.442633295057332005e-12	4.613674274236518404e-05
9.840000000000000568e+01	5.433648234782937598e-15	2.133462388961791846e-20	7.527079232446222316e-22	1.999034716070323923e-03	9.652839318385526032e-07	1.278869384470211738e-24	2.145189622333424579e-19	1.993628842605753458e-18	2.325514388848899027e-18	1.112520134149782338e-16	2.952101571426248453e-26	2.952453313935973497e-29	1.795386325282473036e-02	6.995289796883243094e-02	4.710203112160965403e-05	4.447153129096985462e-12	4.613674274246940297e-05
9.850000000000000000e+01	5.433648234266194262e-15	2.133462388758349546e-20	7.527079231742181133e-22	1.999034716070428007e-03	9.652839317456794640e-07	1.278869384347167785e-24	2.145189622128864578e-19	1.993628842415646069e-18	2.325514388627138209e-18	1.112520134042455840e-16	2.952101571141464857e-26	2.952453313374413787e-29	1.795386325282011600e-02	6.995289796882785127e-02	4.710203112614087372e-05	4.451672963136204326e-12	4.613674274257362190e-05
9.860000000000000853e+01	5.433648233746608660e-15	2.133462388553792013e-20	7.527079231034278687e-22	1.999034716070532090e-03	9.652839316528061129e-07	1.278869384224122914e-24	2.145189621923182242e-19	1.993628842224495211e-18	2.325514388404159432e-18	1.112520133935944826e-16	2.952101570858841692e-26	2.952453312809763934e-29	1.795386325281550163e-02	6.995289796882327160e-02	4.710203113067209341e-05	4.456192797174989406e-12	4.613674274267784084e-05
9.870000000000000284e+01	5.433648233223192350e-15	2.133462388347730449e-20	7.527079230321174913e-22	1.999034716070636174e-03	9.652839315599327619e-07	1.278869384101078777e-24	2.145189621715987087e-19	1.993628842031938809e-18	2.325514388179563645e-18	1.112520133828791138e-16	2.952101570574514404e-26	2.952453312240952225e-29	1.795386325281088727e-02	6.995289796881869193e-02	4.710203113520331311e-05	4.460712631213338276e-12	4.613674274278205977e-05
9.880000000000001137e+01	5.433648232712097258e-15	2.133462388146505677e-20	7.527079229624806417e-22	1.999034716070740257e-03	9.652839314670594109e-07	1.278869383978034090e-24	2.145189621513656832e-19	1.993628841843902950e-18	2.325514387960215632e-18	1.112520133722521960e-16	2.952101570292536383e-26	2.952453311685529081e-29	1.795386325280627290e-02	6.995289796881411226e-02	4.710203113973453280e-05	4.465232465251252554e-12	4.613674274288627871e-05
9.890000000000000568e+01	5.433648232177431002e-15	2.133462387936026511e-20	7.527079228896413694e-22	1.999034716070844341e-03	9.652839313741860599e-07	1.278869383854989769e-24	2.145189621302021205e-19	1.993628841647220436e-18	2.325514387730811953e-18	1.112520133615299492e-16	2.952101570008018536e-26	2.952453311104492444e-29	1.795386325280165854e-02	6.995289796880953259e-02	4.710203114426575249e-05	4.469752299288732239e-12	4.613674274299049764e-05
9.900000000000000000e+01	5.433648231654354691e-15	2.133462387730097956e-20	7.527079228183767892e-22	1.999034716070948424e-03	9.652839312813127089e-07	1.278869383731945266e-24	2.145189621094960866e-19	1.993628841454788835e-18	2.325514387506339811e-18	1.112520133507504608e-16	2.952101569721990570e-26	2.952453310536048996e-29	1.795386325279704418e-02	6.995289796880495292e-02	4.710203114879697218e-05	4.474272133325776523e-12	4.613674274309471657e-05
9.910000000000000853e+01	5.433648231127607809e-15	2.133462387522728565e-20	7.527079227466136114e-22	1.999034716071052507e-03	9.652839311884393578e-07	1.278869383608900762e-24	2.145189620886450542e-19	1.993628841261009852e-18	2.325514387280294184e-18	1.112520133398644761e-16	2.952101569433137514e-26	2.952453309963618013e-29	1.795386325279242981e-02	6.995289796880037325e-02	4.710203115332819187e-05	4.478791967362387022e-12	4.613674274319893551e-05
9.920000000000000284e+01	5.433648230609503688e-15	2.133462387318751820e-20	7.527079226760244234e-22	1.999034716071156591e-03	9.652839310955660068e-07	1.278869383485856258e-24	2.145189620681353447e-19	1.993628841070403647e-18	2.325514387057956742e-18	1.112520133291135592e-16	2.952101569147869486e-26	2.952453309400579092e-29	1.795386325278781545e-02	6.995289796879579358e-02	4.710203115785941157e-05	4.483311801398562120e-12	4.613674274330315444e-05
9.930000000000001137e+01	5.433648230093845036e-15	2.133462387115735934e-20	7.527079226057680412e-22	1.999034716071260674e-03	9.652839310026928676e-07	1.278869383362811938e-24	2.145189620477221484e-19	1.993628840880693770e-18	2.325514386836675480e-18	1.112520133184217083e-16	2.952101568864167827e-26	2.952453308840197034e-29	1.795386325278320108e-02	6.995289796879121391e-02	4.710203116239063126e-05	4.487831635434302626e-12	4.613674274340737337e-05
9.940000000000000568e+01	5.433648229584101263e-15	2.133462386915042297e-20	7.527079225363151330e-22	1.999034716071364758e-03	9.652839309098193048e-07	1.278869383239767434e-24	2.145189620275424230e-19	1.993628840693153645e-18	2.325514386617910639e-18	1.112520133078218090e-16	2.952101568582908419e-26	2.952453308286243572e-29	1.795386325277858672e-02	6.995289796878663424e-02	4.710203116692185095e-05	4.492351469469606922e-12	4.613674274351159231e-05
9.950000000000000000e+01	5.433648229054236804e-15	2.133462386706448436e-20	7.527079224641283070e-22	1.999034716071468841e-03	9.652839308169461655e-07	1.278869383116723114e-24	2.145189620065683959e-19	1.993628840498231816e-18	2.325514386390563853e-18	1.112520132972135526e-16	2.952101568301415404e-26	2.952453307710424249e-29	1.795386325277397235e-02	6.995289796878205457e-02	4.710203117145307064e-05	4.496871303504477434e-12	4.613674274361581124e-05
9.960000000000000853e+01	5.433648228521312353e-15	2.133462386496653276e-20	7.527079223915253561e-22	1.999034716071572924e-03	9.652839307240728145e-07	1.278869382993678610e-24	2.145189619854735408e-19	1.993628840302187170e-18	2.325514386161870457e-18	1.112520132863749982e-16	2.952101568013817051e-26	2.952453307131279365e-29	1.795386325276935799e-02	6.995289796877747490e-02	4.710203117598429033e-05	4.501391137538913353e-12	4.613674274372003018e-05
9.970000000000000284e+01	5.433648228000063832e-15	2.133462386291443033e-20	7.527079223205094165e-22	1.999034716071677008e-03	9.652839306311992517e-07	1.278869382870633923e-24	2.145189619648396810e-19	1.993628840110426563e-18	2.325514385938181013e-18	1.112520132756039407e-16	2.952101567728011785e-26	2.952453306564824079e-29	1.795386325276474362e-02	6.995289796877289523e-02	4.710203118051551003e-05	4.505910971572914678e-12	4.613674274382424911e-05
9.980000000000001137e+01	5.433648227472778159e-15	2.133462386083861489e-20	7.527079222486729819e-22	1.999034716071781091e-03	9.652839305383261125e-07	1.278869382747589786e-24	2.145189619439674875e-19	1.993628839916451136e-18	2.325514385711934319e-18	1.112520132648273119e-16	2.952101567442057861e-26	2.952453305991806232e-29	1.795386325276012926e-02	6.995289796876831556e-02	4.710203118504672972e-05	4.510430805606480603e-12	4.613674274392846804e-05
9.990000000000000568e+01	5.433648226957065076e-15	2.133462385880824237e-20	7.527079221784088886e-22	1.999034716071885175e-03	9.652839304454527615e-07	1.278869382624545099e-24	2.145189619235521245e-19	1.993628839726721229e-18	2.325514385490611072e-18	1.112520132540622941e-16	2.952101567156417326e-26	2.952453305431365319e-29	1.795386325275551490e-02	6.995289796876373589e-02	4.710203118957794941e-05	4.514950639639611935e-12	4.613674274403268698e-05
