structure,qh-G(T)_SPC
e00-lpdoh2,-1552.1274215
e01-ecrxt,-2347.481159
e03-ec1,-2347.48521
e05-ec2,-2347.534142
e09-ec3,-1937.406385
e11-ec4,-1937.384452
e12-etrxt,-2347.483594
e14-et1,-2347.485946
e16-et2,-2347.486127
e20-et3,-1937.381451
e22-et4,-1937.389433
e100-l2pd2oh4,-3104.254843
naphbpin,-795.362629
h2o,-76.368394
bpinoh,-486.48039
naph-c,-385.286152
naph-t,-385.286152
