structure,qh-G(T)_SPC
00-lpdoh2,-1207.257446
01-rxt,-1768.406449
03-c1,-1768.399687
05-c2,-1768.450946
09-c3,-1592.535996
11-c4,-1592.511081
13-t1,-1768.405632
15-t2,-1768.408564
19-t3,-1592.505409
21-t4,-1592.522321
42-p1,-2444.081885
99-l2pd2oh4,-2414.514892
naphboh2,-561.150376
h2o,-76.368394
boh3,-252.272407
naphh-c,-385.286152
naphh-t,-385.286152
pre-catalyst-dimer,-558.7169220000001
pre-catalyst-monomer,-279.35846100000003
ligand,-927.898985
