structure,qh-G(T)_SPC
00-lpdoh2,-1905.241864
01-rxt,-2466.388026
03-c1,-2466.376952
05-c2,-2466.429754
09-c3,-2290.512684
11-c4,-2290.487048
13-t1,-2466.389866
15-t2,-2466.402541
19-t3,-2290.498756
21-t4,-2290.502222
34-ya,-2466.388831
37-yb,-2542.755412
100-l2pd2oh4,-3810.483728
naphboh2,-561.150376
h2o,-76.368394
boh3,-252.272407
naph-c,-385.286152
naph-t,-385.286152
