structure,qh-G(T)_SPC
00-lpdoh2,-1432.053996
01-rxt,-1993.198101
03-c1,-1993.197707
05-c2,-1993.250694
09-c3,-1817.335535
11-c4,-1817.308647
13-t1,-1993.20029
15-t2,-1993.206535
19-t3,-1817.307285
21-t4,-1817.317105
99-l2pd2oh4,-2864.107992
naphboh2,-561.150376
h2o,-76.368394
boh3,-252.272407
naphh-c,-385.286152
naphh-t,-385.286152
