structure,qh-G(T)_SPC
e00-lpdoh2,-1093.057442
e01-ecrxt,-2002.793474
e03-ec1,-2002.786329
e05-ec2,-2002.840831
e09-ec3,-1592.716643
e11-ec4,-1592.686383
e12-etrxt,-2002.798161
e14-et1,-2002.799709
e16-et2,-2002.801093
e20-et3,-1592.692748
e22-et4,-1592.700725
e100-l2pd2oh4,-2186.114884
6omenaphbpin,-909.749633
h2o,-76.368394
bpinoh,-486.48039
6omenaph-c,-499.674855
6omenaph-t,-499.674855
