structure,qh-G(T)_SPC
e00-lpdoh2,-1093.057442
e01-ecrxt,-1980.567564
e03-ec1,-1980.556011
e05-ec2,-1980.61463
e09-ec3,-1570.491314
e11-ec4,-1570.455018
e12-etrxt,-1980.57344
e14-et1,-1980.570849
e16-et2,-1980.576103
e20-et3,-1570.467219
e22-et4,-1570.470494
e100-l2pd2oh4,-2186.114884
6cnnaphbpin,-887.519126
h2o,-76.368394
bpinoh,-486.48039
6cnnaph-c,-477.444811
6cnnaph-t,-477.444811
