structure,qh-G(T)_SPC
00-lpdoh2,-1531.2564295
01-rxt,-2092.398817
03-c1,-2092.384293
05-c2,-2092.442343
09-c3,-1916.52657
11-c4,-1916.494576
13-t1,-2092.401012
15-t2,-2092.410505
19-t3,-1916.508018
21-t4,-1916.514615
100-l2pd2oh4,-3062.512859
naphboh2,-561.150376
h2o,-76.368394
boh3,-252.272407
naph-c,-385.286152
naph-t,-385.286152
