structure,qh-G(T)_SPC
00-lpdoh2,-1093.057442
01-rxt,-1746.362334
03-c1,-1746.342563
05-c2,-1746.405855
09-c3,-1570.491314
11-c4,-1570.455018
13-t1,-1746.359953
15-t2,-1746.369332
19-t3,-1570.467219
21-t4,-1570.470494
100-l2pd2oh4,-2186.114884
6cnnaphboh2,-653.30718
h2o,-76.368394
boh3,-252.272407
6cnnaph-c,-477.444811
6cnnaph-t,-477.444811
