structure,qh-G(T)_SPC
00-lpdoh2,-739.9913085
01-rxt,-1301.134149
03-c1,-1301.13792
05-c2,-1301.184881
09-c3,-1125.26871
11-c4,-1125.248421
13-t1,-1301.136912
15-t2,-1301.142343
19-t3,-1125.23778
21-t4,-1125.254607
99-l2pd2oh4,-1479.982617
naphboh2,-561.150376
h2o,-76.368394
boh3,-252.272407
naphh-c,-385.286152
naphh-t,-385.286152
