structure,qh-G(T)_SPC
00-lpdoh2,-1907.545159
01-rxt,-2468.692154
03-c1,-2468.674972
05-c2,-2468.72743
09-c3,-2292.80661
11-c4,-2292.778183
13-t1,-2468.689347
15-t2,-2468.708874
19-t3,-2292.806136
21-t4,-2292.807141
60-t3ob,-2083.431141
60-t3rh,-2468.711161
62-t3ob-rh,-2468.710581
64-t3ob-1h2o,-2159.806778
66-t4ob,-2159.806057
67-t3ob-2h2o,-2236.165547
69-t4ob-1h2o,-2236.172271
99-l2pd2oh4,-3815.090318
naphboh2,-561.150376
h2o,-76.368394
boh3,-252.272407
naphh-c,-385.286152
naphh-t,-385.286152
