structure,qh-G(T)_SPC
00-lpdoh2,-2134.002995
01-rxt,-2695.151316
03-c1,-2695.139914
05-c2,-2695.197539
09-c3,-2519.272519
11-c4,-2519.251671
13-t1,-2695.151758
15-t2,-2695.153152
19-t3,-2519.262176
21-t4,-2519.262695
37-yb,-2771.51863
99-l2pd2oh4,-4268.00599
naphboh2,-561.150376
h2o,-76.368394
boh3,-252.272407
naphh-c,-385.286152
naphh-t,-385.286152
