structure,qh-G(T)_SPC
e00-lpdoh2,-1319.066221
e01-ecrxt,-2114.420911
e03-ec1,-2114.414896
e05-ec2,-2114.471903
e09-ec3,-1704.344594
e11-ec4,-1704.316688
e12-etrxt,-2114.424492
e14-et1,-2114.425159
e16-et2,-2114.430605
e20-et3,-1704.321785
e22-et4,-1704.327574
e100-l2pd2oh4,-2638.132442
naphbpin,-795.362629
h2o,-76.368394
bpinoh,-486.48039
naph-c,-385.286152
naph-t,-385.286152
