0.000000000000000000e+00	0.000000000000000000e+00	0.000000000000000000e+00	0.000000000000000000e+00	0.000000000000000000e+00	0.000000000000000000e+00	0.000000000000000000e+00	0.000000000000000000e+00	0.000000000000000000e+00	0.000000000000000000e+00	0.000000000000000000e+00	1.000000000000000021e-03	2.000000000000000042e-02	7.000000000000000666e-02	0.000000000000000000e+00	0.000000000000000000e+00	0.000000000000000000e+00
1.000000000000000021e-02	9.882383184220799432e-04	5.686609464910674058e-07	7.497322433960291604e-13	3.431107919081123408e-05	1.033661417063898853e-07	1.132501646372473854e-27	4.430996717863192815e-07	5.216260667796234667e-04	4.527561771037429258e-04	1.045822431173968521e-12	9.766149741047506575e-07	1.879411638935370860e-02	6.935106529669200770e-02	6.489347033078560634e-04	6.818686897229314360e-19	1.960751590165833844e-04
2.000000000000000042e-02	8.955095731728452942e-04	5.006314418028811858e-07	6.600409897887543775e-13	5.982086845594818705e-05	9.401800033503091396e-08	1.030081401550400467e-27	3.892209397911131609e-07	4.468184121678082151e-04	5.952633989943933611e-04	1.375000368455129002e-12	8.019373960204880562e-07	1.825905131781373203e-02	6.876658045147907017e-02	1.233419548520870140e-03	1.059344749895076041e-18	6.380621301511406286e-04
2.999999999999999889e-02	8.743169322232972364e-04	4.748440712779688762e-07	6.260424828145688558e-13	8.328403965492228766e-05	9.119826341632248539e-08	9.991877582759176751e-28	3.689569640191721025e-07	4.207340002709443190e-04	6.192011666464866454e-04	1.430294539681240289e-12	7.644299246511103741e-07	1.773832087543360247e-02	6.824318271702076166e-02	1.756817282979189054e-03	1.417218498186391136e-18	1.137524916638989973e-03
4.000000000000000083e-02	8.721676340946246534e-04	4.601726458400084335e-07	6.066994265077452801e-13	1.058267078798990387e-04	8.969640656487224520e-08	9.827330920765710225e-28	3.575431752144782055e-07	4.075356231974937120e-04	6.120412678168410956e-04	1.413756163983617124e-12	7.606763815343579947e-07	1.723261512307132717e-02	6.774679517057645428e-02	2.253204829423516384e-03	1.767220164520508205e-18	1.641073863786352179e-03
5.000000000000000278e-02	8.750960537919157036e-04	4.485680132873362780e-07	5.913996819918474227e-13	1.277498066853185598e-04	8.867675850691212436e-08	9.715616089819645195e-28	3.485649219820211497e-07	3.978046246778523887e-04	5.969321169828379096e-04	1.378855796836425576e-12	7.657930990232963662e-07	1.674183020551774440e-02	6.726818177040755353e-02	2.731818229592408460e-03	2.112465485879929459e-18	2.134797434472204651e-03
5.999999999999999778e-02	8.793221229693155925e-04	4.379129258780082054e-07	5.773518339090129792e-13	1.491394959943777136e-04	8.789490001206969188e-08	9.629953994075279222e-28	3.403352722426791122e-07	3.890688928786333978e-04	5.800569283503604701e-04	1.339876052270575323e-12	7.732073959724620095e-07	1.626560064803008257e-02	6.680458728567857662e-02	3.195412714321417026e-03	2.454268607827306807e-18	2.615267889731164724e-03
7.000000000000000666e-02	8.838125193496806529e-04	4.276449310075859510e-07	5.638143351993756258e-13	1.700252230077082735e-04	8.725231979658963235e-08	9.559551525737593011e-28	3.324063112016137553e-07	3.806748876598718841e-04	5.630778154175771454e-04	1.300656247915645301e-12	7.811245693362870089e-07	1.580350839943455571e-02	6.635496856190813142e-02	3.645031438091814961e-03	2.793335107233623661e-18	3.081866369053783139e-03
8.000000000000000167e-02	8.882826650638473136e-04	4.176133989039289807e-07	5.505885930147831263e-13	1.904213090888734450e-04	8.670067636451945679e-08	9.499112286682009881e-28	3.246582506395856861e-07	3.724499733385396071e-04	5.464389861840230093e-04	1.262222460168039574e-12	7.890460929905128108e-07	1.535513224729413533e-02	6.591874580192165489e-02	4.081254198078294523e-03	3.130100962562523332e-18	3.534728509955682284e-03
8.999999999999999667e-02	8.926543828314640076e-04	4.077777958757462106e-07	5.376211670486823947e-13	2.103380072872471855e-04	8.621290865839957307e-08	9.445671409336409574e-28	3.170590090236719371e-07	3.643498752320424713e-04	5.302530194789783873e-04	1.224834734921205119e-12	7.968318471202410372e-07	1.492005925839227400e-02	6.549547197825401901e-02	4.504528021745893111e-03	3.464860516117730969e-18	3.974188788133418797e-03
1.000000000000000056e-01	8.969070191453405424e-04	3.981271853729290040e-07	5.248976383677897728e-13	2.297844706618392492e-04	8.577198245678915491e-08	9.397362587816605658e-28	3.096000766366394168e-07	3.563647350801467275e-04	5.145413897528164793e-04	1.188542676011133617e-12	8.044422009693446724e-07	1.449788727137394165e-02	6.508474420490277523e-02	4.915255795097139488e-03	3.797826064965318224e-18	4.400628632173322549e-03
1.100000000000000006e-01	9.010361675479779033e-04	3.886585376831625396e-07	5.124140125479682245e-13	2.487695494682081051e-04	8.536770324212943210e-08	9.353068888888054870e-28	3.022792372636471203e-07	3.484938364340482838e-04	4.993004070553947555e-04	1.153337760021126438e-12	8.118661752071961421e-07	1.408822530766428577e-02	6.468617963185384345e-02	5.313820368146068666e-03	4.129158417081990345e-18	4.814434592234091009e-03
1.199999999999999956e-01	9.050420921864029333e-04	3.793708200443025743e-07	5.001689279780778654e-13	2.673020141585324429e-04	8.499249870540061207e-08	9.311960674114040795e-28	2.950958615092335704e-07	3.407387336188458910e-04	4.845194968610624258e-04	1.119195560859053783e-12	8.191011877568418191e-07	1.369069309479766482e-02	6.429940830975670873e-02	5.700591690243202517e-03	4.458983791940802833e-18	5.215987199764232987e-03
1.300000000000000044e-01	9.089264582334205056e-04	3.702633910367196728e-07	4.881615389995932192e-13	2.853905955566619869e-04	8.464131139623730100e-08	9.273483838372167157e-28	2.880496270629875525e-07	3.331013705027754675e-04	4.701863251928704488e-04	1.086087588282992174e-12	8.261473052511853844e-07	1.330492129316877478e-02	6.392407157273441443e-02	6.075928427265489019e-03	4.787404718629148859e-18	5.605657459675126957e-03
1.400000000000000133e-01	9.126913388445793279e-04	3.613355938210885197e-07	4.763909796243995718e-13	3.030439539850198513e-04	8.431060301131847334e-08	9.237250717533876959e-28	2.811401951993858987e-07	3.255836138815871141e-04	4.562882944071728003e-04	1.053984743012582651e-12	8.330054796064141579e-07	1.293055280706774911e-02	6.355982285119972375e-02	6.440177148800198779e-03	5.114506162921421470e-18	5.983804542736021609e-03
1.499999999999999944e-01	9.163389869300340562e-04	3.525866033412001923e-07	4.648561620843875910e-13	3.202707324228053426e-04	8.399717673842755821e-08	9.202911062012872312e-28	2.743670902302637030e-07	3.181870924497470169e-04	4.428128815609288040e-04	1.022858098324585917e-12	8.396771392249521084e-07	1.256724017496774724e-02	6.320632495399866602e-02	6.793675046001244368e-03	5.440360892744059027e-18	6.350778166240711800e-03
1.600000000000000033e-01	9.198717772833530813e-04	3.440153956116486361e-07	4.535557363398189105e-13	3.370795580041090677e-04	8.369902584447415199e-08	9.170245009809526267e-28	2.677296733983066630e-07	3.109131372146588072e-04	4.297477537835526292e-04	9.926791665504337457e-13	8.461640866243278685e-07	1.221464500035296212e-02	6.286324944109422663e-02	7.136750558905698497e-03	5.765032177525482599e-18	6.706919105103614602e-03
1.700000000000000122e-01	9.232921155277498378e-04	3.356207784791485919e-07	4.424881306355683299e-13	3.534789840750990298e-04	8.341443660103259791e-08	9.139064801160144654e-28	2.612271685810825097e-07	3.037628346231180778e-04	4.170808653233097087e-04	9.634201232420202869e-13	8.524683305764882812e-07	1.187243968792940987e-02	6.253027835501707987e-02	7.469721644982801889e-03	6.088575705381460972e-18	7.052557364259466437e-03
1.799999999999999933e-01	9.266024459785394745e-04	3.274013979909995031e-07	4.316515598974154225e-13	3.694775023850135269e-04	8.314205029059508758e-08	9.109221572056065614e-28	2.548586664565781006e-07	2.967370210704970606e-04	4.048004428987597952e-04	9.350537733349374259e-13	8.585920928763372491e-07	1.154030639596988206e-02	6.220710317992140387e-02	7.792896820078490036e-03	6.411041270719818694e-18	7.388013234194378866e-03
1.900000000000000022e-01	9.298052419107409160e-04	3.193557452150543522e-07	4.210440347236077039e-13	3.850835352489405329e-04	8.288075861329038894e-08	9.080593894783326547e-28	2.486231303407922555e-07	2.898362965802297434e-04	3.928949897216042829e-04	9.075535604405834558e-13	8.645377878681186715e-07	1.121793681556158481e-02	6.189342462668723926e-02	8.106575373312637292e-03	6.732473908001192128e-18	7.713597501924860170e-03
2.000000000000000111e-01	9.329029982207783823e-04	3.114821688070364321e-07	4.106633779538233130e-13	4.003054285019301160e-04	8.262964460104843681e-08	9.053081304350993085e-28	2.425194061405580168e-07	2.830610386303101926e-04	3.813532861277370832e-04	8.808935683034553876e-13	8.703080040732371965e-07	1.090503192959661229e-02	6.158895239871435556e-02	8.411047601285515790e-03	7.052914748713670394e-18	8.029611684632278687e-03
2.099999999999999922e-01	9.358982246461978061e-04	3.037788868086226170e-07	4.005072402239648751e-13	4.151514449378272470e-04	8.238793851146429800e-08	9.026599466128164917e-28	2.365462317543961271e-07	2.764114159408106097e-04	3.701643891888008447e-04	8.550485199035393412e-13	8.759054868803091098e-07	1.060130178271862650e-02	6.129340496911621361e-02	8.706595030883673356e-03	7.372401670714836447e-18	8.336348252901302699e-03
2.200000000000000011e-01	9.387934395467178658e-04	2.962439979793218694e-07	3.905731149063008149e-13	4.296297583138532824e-04	8.215498552331224969e-08	9.001076636495136212e-28	2.307022461173287696e-07	2.698874019367938654e-04	3.593176315082432701e-04	8.299937746749905578e-13	8.813331221208370987e-07	1.030646524943864065e-02	6.100650935632383198e-02	8.993490643676058452e-03	7.690969802687056006e-18	8.634090856352286472e-03
2.300000000000000100e-01	9.415911641003188145e-04	2.888754927161775625e-07	3.808583525061847532e-13	4.437484478833647757e-04	8.193022173009757469e-08	8.976451032645367807e-28	2.249859979235060359e-07	2.634887878185768499e-04	3.488026194582576371e-04	8.057053244333250724e-13	8.865939202971414663e-07	1.002024980404752665e-02	6.072800090162083081e-02	9.271999098379061360e-03	8.008651920415574915e-18	8.923114547893351567e-03
2.399999999999999911e-01	9.442939168800654898e-04	2.816712635296972773e-07	3.713601744737011805e-13	4.575154934388481849e-04	8.171315604714195813e-08	8.952668850286918862e-28	2.193959540021068157e-07	2.572151952114954429e-04	3.386092309396685081e-04	7.821597882006768582e-13	8.916910014425028668e-07	9.742391292548524886e-03	6.045762304878762872e-02	9.542376951212280800e-03	8.325478762190773018e-18	9.203686006334385258e-03
2.500000000000000000e-01	9.469042087979879455e-04	2.746291150661834857e-07	3.620756864172748948e-13	4.709387708453029631e-04	8.150335639561612781e-08	8.929682749935358626e-28	2.139305073380565899e-07	2.510660883747782915e-04	3.287276127205168599e-04	7.593344060579047468e-13	8.966275806256041473e-07	9.472633706962413358e-03	6.019512712616685579e-02	9.804872873833050256e-03	8.641479282864980238e-18	9.476063756996786283e-03
2.600000000000000089e-01	9.494245384068101656e-04	2.677467736721732051e-07	3.530018907135905097e-13	4.840260480433266721e-04	8.130043902819513052e-08	8.907450687409696153e-28	2.085879847335422415e-07	2.450407859559146340e-04	3.191481773981132359e-04	7.372070321269647774e-13	9.014069541156811804e-07	9.210728962323227673e-03	5.994027213143376248e-02	1.005972786856614183e-02	8.956680860798910742e-18	9.740498389991773462e-03
2.700000000000000178e-01	9.518573875519733326e-04	2.610218964995105619e-07	3.441356985118759029e-13	4.967849814999238762e-04	8.110406019057775655e-08	8.885935000250477157e-28	2.033666541085814309e-07	2.391384722807203230e-04	3.098616000242915714e-04	7.157561267753211994e-13	9.060324862243942602e-07	8.956436676631901461e-03	5.969282451930716521e-02	1.030717548069273910e-02	9.271109468224720388e-18	9.997232775892482201e-03
2.800000000000000266e-01	9.542052173625899117e-04	2.544520801539345600e-07	3.354739411363459357e-13	5.092231130865591598e-04	8.091390954218099180e-08	8.865101686877004239e-28	1.982647314423730541e-07	2.333582081743696671e-04	3.008588144313077521e-04	6.949607481288905227e-13	9.105075968295212092e-07	8.709523954063142989e-03	5.945255799247099737e-02	1.054744200752890000e-02	9.584789812861840342e-18	1.024650227849306129e-02
2.899999999999999800e-01	9.564704645748784134e-04	2.480348688916234167e-07	3.270133808926228566e-13	5.213478673616187475e-04	8.072970491627452296e-08	8.844919832497841396e-28	1.932803873582194666e-07	2.276989413092493251e-04	2.921310092921592717e-04	6.748005429714311151e-13	9.148357495909567717e-07	8.469765171568678294e-03	5.921925329582267139e-02	1.078074670417723986e-02	9.897745456793067718e-18	1.048853496450533919e-02
2.999999999999999889e-01	9.586555381665937429e-04	2.417677624682662913e-07	3.187507214144902086e-13	5.331665492285373896e-04	8.055118824548024451e-08	8.825361162755320906e-28	1.884117534230170259e-07	2.221595160809007369e-04	2.836696239643001611e-04	6.552557371395686093e-13	9.190204408021501946e-07	8.236941769620729353e-03	5.899269801476465791e-02	1.100730198523524987e-02	1.020999891703201891e-17	1.072355180942742223e-02
3.099999999999999978e-01	9.607628162864860922e-04	2.356482266683738392e-07	3.106826214902070738e-13	5.446863419573869493e-04	8.037813323085810140e-08	8.806400885902930350e-28	1.836569301849600191e-07	2.167386830421841304e-04	2.754663441018195564e-04	6.363071252424647909e-13	9.230651875638470995e-07	8.010842046007864842e-03	5.877268637647482113e-02	1.122731362352508665e-02	1.052157175173176755e-17	1.095176690065370086e-02
3.200000000000000067e-01	9.627946470955151903e-04	2.296736743233666640e-07	3.028056704020975583e-13	5.559143131437034764e-04	8.021026493533897059e-08	8.788008870582766753e-28	1.790139750137862613e-07	2.114351048578795383e-04	2.675130890005065478e-04	6.179360423799266035e-13	9.269735337218852053e-07	7.791260739343748923e-03	5.855901884529733648e-02	1.144098115470256610e-02	1.083248464409648281e-17	1.117338785481916327e-02
3.300000000000000155e-01	9.647533453369851880e-04	2.238415182257057977e-07	2.951164569410719734e-13	5.668574054819305137e-04	8.004737999540085337e-08	8.770162842486309127e-28	1.744809384063883020e-07	2.062473631202339200e-04	2.598020172857102477e-04	6.001243753366766181e-13	9.307490216663483146e-07	7.577999060626114565e-03	5.835150215197985879e-02	1.164849784802000909e-02	1.114275749089387859e-17	1.138861578275415613e-02
3.400000000000000244e-01	9.666411710258976170e-04	2.181491771547000696e-07	2.876115776749215326e-13	5.775224128705938511e-04	7.988949455405239045e-08	8.752864580920577338e-28	1.700558711098681467e-07	2.011739887277478342e-04	2.523255416555040534e-04	5.828545974777878921e-13	9.343951535089007789e-07	7.370865130127665470e-03	5.814994973706173048e-02	1.185005026293813914e-02	1.145240932248052430e-17	1.159764483120520086e-02
3.500000000000000333e-01	9.684603421182707596e-04	2.125940167650172181e-07	2.802875599327833915e-13	5.879159971215271088e-04	7.973617519482388393e-08	8.736066582681605369e-28	1.657367842852030155e-07	1.962134548139343303e-04	2.450763072552013667e-04	5.661097211808599981e-13	9.379154342357679456e-07	7.169673298383548443e-03	5.795418108140020647e-02	1.204581891859967703e-02	1.176145843159992742e-17	1.180066287460313987e-02
3.599999999999999867e-01	9.702130600416011830e-04	2.071734014103236150e-07	2.731409286483267056e-13	5.980447388584080991e-04	7.958734372174151126e-08	8.719760286886272033e-28	1.615216806183430108e-07	1.913641558553051626e-04	2.380471352322174254e-04	5.498731636049370647e-13	9.413133818658490815e-07	6.974242542827737909e-03	5.776402013289648474e-02	1.223597986710337968e-02	1.206992260192478693e-17	1.199785314397753579e-02
3.699999999999999956e-01	9.719014701226060503e-04	2.018847003593526769e-07	2.661682154207997279e-13	6.079150674676934291e-04	7.944284141572199472e-08	8.703928303931005446e-28	1.574085643114330343e-07	1.866244499833615608e-04	2.312310905847592395e-04	5.341289056611700287e-13	9.445924676179932453e-07	6.784398222094558534e-03	5.757929703307631403e-02	1.242070296692356426e-02	1.237781889978251942e-17	1.218939243296322458e-02
3.800000000000000044e-01	9.735276727070700260e-04	1.967252846641148398e-07	2.593659542005532751e-13	6.175332859064420468e-04	7.930251819548012043e-08	8.688554190587889433e-28	1.533954380749070994e-07	1.819926558407503482e-04	2.246214492676017617e-04	5.188614155490711223e-13	9.477561295176526959e-07	6.599971210829259048e-03	5.739984727355840199e-02	1.260015272644148150e-02	1.268516379533442152e-17	1.237545197413678598e-02
3.900000000000000133e-01	9.750937226352665230e-04	1.916925320517938853e-07	2.527306877386004270e-13	6.269055703924392023e-04	7.916623171145136105e-08	8.673622350732951290e-28	1.494803069654307733e-07	1.774670574635183189e-04	2.182116941455079480e-04	5.040556394091974580e-13	9.508077679142231756e-07	6.420797742738941320e-03	5.722551154368647752e-02	1.277448845631340771e-02	1.299197319276237996e-17	1.255619759543209236e-02
4.000000000000000222e-01	9.766016283676908979e-04	1.867838307557552001e-07	2.462589726374821690e-13	6.360379708340148461e-04	7.903384666862065260e-08	8.659117961153796221e-28	1.456611815105915843e-07	1.730459097830523956e-04	2.119955099393734210e-04	4.896969896491472060e-13	9.537507405222490806e-07	6.246719242242179844e-03	5.705613556811761633e-02	1.294386443188227931e-02	1.329826245896469154e-17	1.273178988760649381e-02
4.100000000000000311e-01	9.780533512803632999e-04	1.819965830697827907e-07	2.399473840372340518e-13	6.449364114130266184e-04	7.890523422078557577e-08	8.645026905183796391e-28	1.419360806146191571e-07	1.687274438303530569e-04	2.059667781468032047e-04	4.757713332105002067e-13	9.565883579428669833e-07	6.077582161547317834e-03	5.689156994969420122e-02	1.310843005030570482e-02	1.360404644961894744e-17	1.290238436644886716e-02
4.199999999999999845e-01	9.794508051633684688e-04	1.773282086077477261e-07	2.337925199129882707e-13	6.536066913437706865e-04	7.878027144273780688e-08	8.631335714873157017e-28	1.383030342281662000e-07	1.645098715788682886e-04	2.001195719442555598e-04	4.622649797931946266e-13	9.593238797275718466e-07	5.913237821581189373e-03	5.673167001598033304e-02	1.326832998401957647e-02	1.390933953310810892e-17	1.306813163134156776e-02
4.299999999999999933e-01	9.807958558819139701e-04	1.727761472792832950e-07	2.277910049981545919e-13	6.620544857822290323e-04	7.865884086885229602e-08	8.618031520435742931e-28	1.347600857915729234e-07	1.603913904521724011e-04	1.944481511110342275e-04	4.491646701303759192e-13	9.619605109078130302e-07	5.753542257235360995e-03	5.657629566993049169e-02	1.342370433006941609e-02	1.421415561253475097e-17	1.322917751966830313e-02
4.400000000000000022e-01	9.820903211846811979e-04	1.683378619967542068e-07	2.219394943533340702e-13	6.702853468723454734e-04	7.854083008776711255e-08	8.605102005841341022e-28	1.313052944635264765e-07	1.563701875105296139e-04	1.889469569896541103e-04	4.364575643472749978e-13	9.645013989575731058e-07	5.598356066890473708e-03	5.642531124465161724e-02	1.357468875534830442e-02	1.451850814606025069e-17	1.338566325709205154e-02
4.500000000000000111e-01	9.833359706471313591e-04	1.640108411274168412e-07	2.162346765992892183e-13	6.783047049166682392e-04	7.842613138454280923e-08	8.592535369609879791e-28	1.279367371460516295e-07	1.524444433306489989e-04	1.836106074932676981e-04	4.241312304287985594e-13	9.669496311617372862e-07	5.447544266172002318e-03	5.627858536221371638e-02	1.372141463778621395e-02	1.482241016576894447e-17	1.353772560373737999e-02
4.600000000000000200e-01	9.845345257386570528e-04	1.597926007045738227e-07	2.106732768321672140e-13	6.861178696594979294e-04	7.831464142320420123e-08	8.580320290029999718e-28	1.246525103167101657e-07	1.486123355930193089e-04	1.784338921688746976e-04	4.121736328159777801e-13	9.693082323648935164e-07	5.300976145884203801e-03	5.613599079645831269e-02	1.386400920354163499e-02	1.512587429522694223e-17	1.368549699631911240e-02
4.700000000000000289e-01	9.856876600031468181e-04	1.556806864112745732e-07	2.052520592388448405e-13	6.937300316710053776e-04	7.820626096373989541e-08	8.568445894152950374e-28	1.214507316786981162e-07	1.448720423911068378e-04	1.734117673237780004e-04	4.005731211485218248e-13	9.715801630761726979e-07	5.158525134063255899e-03	5.599740433974860487e-02	1.400259566025134281e-02	1.542891276588012356e-17	1.382910568626596892e-02
4.799999999999999822e-01	9.867969993430192148e-04	1.516726753498265362e-07	1.999678294298819738e-13	7.011462638220136451e-04	7.810089460870161100e-08	8.556901730029430289e-28	1.183295416393135926e-07	1.412217452765440057e-04	1.685393512218032078e-04	3.893184191685179956e-13	9.737683179063113304e-07	5.020068662086377836e-03	5.586270667360176273e-02	1.413729332639816587e-02	1.573153743241488970e-17	1.396867587389237497e-02
4.899999999999999911e-01	9.878641223977672418e-04	1.477661776096530305e-07	1.948174365066116271e-13	7.083715228391410795e-04	7.799845057518964668e-08	8.545677741727858543e-28	1.152871046267045356e-07	1.376596320538176410e-04	1.638119193546753766e-04	3.783986137977484260e-13	9.758755243148597126e-07	4.885488034759172433e-03	5.573178224312907297e-02	1.426821775687085563e-02	1.603375978718891313e-17	1.410432783868714908e-02
5.000000000000000000e-01	9.888905610069670914e-04	1.439588376467006190e-07	1.897977748797745557e-13	7.154106509309981045e-04	7.789884048898995345e-08	8.534764246779551792e-28	1.123216102553273018e-07	1.341838993386159880e-04	1.592248997941982352e-04	3.678031444016543963e-13	9.779045416430412052e-07	4.754668304334769280e-03	5.560451913524196849e-02	1.439548086475795838e-02	1.633559097382097074e-17	1.423617806575540844e-02
5.100000000000000089e-01	9.898778007508806515e-04	1.402483354852197241e-07	1.849057858539662768e-13	7.222683774766542946e-04	7.780197919765543012e-08	8.524151915699625659e-28	1.094312743487111529e-07	1.307927548920631837e-04	1.547738686281991576e-04	3.575217922468002771e-13	9.798580604139816795e-07	4.627498148347228453e-03	5.548080896051053867e-02	1.451919103948938125e-02	1.663704180002357839e-17	1.436433936852440051e-02
5.200000000000000178e-01	9.908272815593067995e-04	1.366323877545993947e-07	1.801384589946213659e-13	7.289493207678939121e-04	7.770778460036211079e-08	8.513831753345273294e-28	1.066143398295260367e-07	1.274844197441423312e-04	1.504545454851264491e-04	3.475446701631082949e-13	9.817387018769856746e-07	4.503869751223009768e-03	5.536054673864260200e-02	1.463945326135730925e-02	1.693812274974316578e-17	1.448892100773997889e-02
5.300000000000000266e-01	9.917403983816235492e-04	1.331087485716647497e-07	1.754928332912416968e-13	7.354579897980038829e-04	7.761617749228918808e-08	8.503795081866475014e-28	1.038690774852650596e-07	1.242571301186899517e-04	1.462627891493255880e-04	3.378622124155830995e-13	9.835490177771165419e-07	4.383678689562089947e-03	5.524363078748015937e-02	1.475636921251976055e-02	1.723884399467095299e-17	1.461002880685502436e-02
5.400000000000000355e-01	9.926185019111289937e-04	1.296752102792032309e-07	1.709659981310897282e-13	7.417987860893478051e-04	7.752708142179431601e-08	8.494033525057028870e-28	1.011937866180314530e-07	1.211091391713415335e-04	1.421945932698498601e-04	3.284651647920615350e-13	9.852914903314572889e-07	4.266823821015718401e-03	5.512996261544412385e-02	1.487003738455580301e-02	1.753921540517661192e-17	1.472776526387600989e-02
5.500000000000000444e-01	9.934628993565747506e-04	1.263296040510292218e-07	1.665550940969121417e-13	7.479760055536025225e-04	7.744042255889734537e-08	8.484538993945772953e-28	9.858679558664177656e-08	1.180387185523652023e-04	1.382460821646951229e-04	3.193445749114115978e-13	9.869685323933165973e-07	4.153207176677912657e-03	5.501944681734988185e-02	1.498055318265003807e-02	1.783924656071093500e-17	1.484222965974338337e-02
5.600000000000000533e-01	9.942748552548719837e-04	1.230698003731335696e-07	1.622573136012964443e-13	7.539938403776506089e-04	7.735612957369815420e-08	8.475303673475669104e-28	9.604646224862189842e-08	1.150441598051480421e-04	1.344135067219158128e-04	3.104917827555113170e-13	9.885824877876170245e-07	4.042733856903677966e-03	5.491199097351118219e-02	1.508800902648874467e-02	1.813894675971904034e-17	1.495351816332670530e-02
5.700000000000000622e-01	9.950555923190548130e-04	1.198937094101973351e-07	1.580699013698885616e-13	7.598563809305765217e-04	7.727413352373582410e-08	8.466320010162654775e-28	9.357117430947285142e-08	1.121237756109284936e-04	1.306932403987112767e-04	3.018984114275329702e-13	9.901356318011144750e-07	3.935311930469108377e-03	5.480750555205225055e-02	1.519249444794766937e-02	1.843832502910032082e-17	1.506172393311348313e-02
5.799999999999999600e-01	9.958062923160640543e-04	1.167992812662297869e-07	1.539901547850226925e-13	7.655676176852269522e-04	7.719436774920175765e-08	8.457580700614943278e-28	9.115934958617571571e-08	1.092759008898555535e-04	1.270817753191824163e-04	2.935563581381494870e-13	9.916301718121182801e-07	3.830852336987608433e-03	5.470590381434737443e-02	1.529409618565255764e-02	1.873739013324783174e-17	1.516693721567201683e-02
5.899999999999999689e-01	9.965280969692561896e-04	1.137845061476720325e-07	1.500154241007597184e-13	7.711314431500174279e-04	7.711676777524006596e-08	8.449078680828868476e-28	8.880943619157428015e-08	1.064988937680150515e-04	1.235757184711462468e-04	2.854577854205573148e-13	9.930682480451763784e-07	3.729268792497133014e-03	5.460710172350736330e-02	1.539289827649258265e-02	1.903615058269572859e-17	1.526924544096814815e-02
5.999999999999999778e-01	9.972221088810362139e-04	1.108474144367288967e-07	1.461431125395693899e-13	7.765516538067277234e-04	7.704127122061469270e-08	8.440807116182257741e-28	8.651991264582705508e-08	1.037911364195747023e-04	1.201717880018977679e-04	2.775951125740599828e-13	9.944519344373018178e-07	3.630477698128831664e-03	5.451101785582816717e-02	1.548898214417178398e-02	1.933461464240132048e-17	1.536873331462101921e-02
6.099999999999999867e-01	9.978893924711411574e-04	1.079860766825996549e-07	1.423706762807686801e-13	7.818319520494068425e-04	7.696781771209231633e-08	8.432759392054011787e-28	8.428928792102199327e-08	1.011510357927602295e-04	1.168668096130240852e-04	2.699610073364554057e-13	9.957832396027293063e-07	3.534398051780089124e-03	5.441757331512897533e-02	1.558242668487094980e-02	1.963279033968419093e-17	1.546548290717020269e-02
6.199999999999999956e-01	9.985309749265512420e-04	1.051986035174373302e-07	1.386956243497209568e-13	7.869759481212829609e-04	7.689634880402149522e-08	8.424929105013052024e-28	8.211610142443280579e-08	9.857702422815588727e-05	1.136577130534536709e-04	2.625483777833363396e-13	9.970641078842137544e-07	3.440951362700505299e-03	5.432669164989332999e-02	1.567330835010661422e-02	1.993068547184427697e-17	1.555957374044175841e-02
6.300000000000000044e-01	9.991478471596067137e-04	1.024831455036664387e-07	1.351155184165373346e-13	7.919871620458815605e-04	7.682680790259254316e-08	8.417310054520052568e-28	7.999892292568237392e-08	9.606755997683897382e-05	1.105415287101298329e-04	2.553503644528978720e-13	9.982964204802579098e-07	3.350061568907208766e-03	5.423829877313320752e-02	1.576170122686673669e-02	2.022830761347784522e-17	1.565108287109330185e-02
6.400000000000000133e-01	9.997409647706646633e-04	9.983789291898426918e-08	1.316279725126186811e-13	7.968690255491391559e-04	7.675914019438085060e-08	8.409896235098512623e-28	7.793635243287900366e-08	9.362112762610504113e-05	1.075153842954858175e-04	2.483603326943459577e-13	9.994819966372896311e-07	3.261654957350807685e-03	5.415232288490275103e-02	1.584767711509715848e-02	2.052566412350853529e-17	1.574008497141307292e-02
6.500000000000000222e-01	1.000311249012355913e-03	9.726107548482153597e-08	1.282306526726532208e-13	8.016248839699402365e-04	7.669329257881290802e-08	8.402681828935563383e-28	7.592702002233891437e-08	9.123623843969732672e-05	1.045765016305524680e-04	2.415718652372102327e-13	1.000622594897494097e-06	3.175660086747585098e-03	5.406869439738065664e-02	1.593130560261925982e-02	2.082276215194933361e-17	1.582665240745451118e-02
6.600000000000000311e-01	1.000859587752625209e-03	9.475096204375479088e-08	1.249212765093121116e-13	8.062579981559764948e-04	7.662921360418287971e-08	8.395661198871825605e-28	7.396958562628956693e-08	8.891143061921058077e-05	1.017221935224729484e-04	2.349787549787297883e-13	1.001719914393309272e-06	3.092007712998136575e-03	5.398734586244560707e-02	1.601265413755431979e-02	2.111960864641009356e-17	1.591085531458321864e-02
6.700000000000000400e-01	1.001386836433994492e-03	9.230586019100164270e-08	1.216976127274060176e-13	8.107715463432570461e-04	7.656685340699396716e-08	8.388828881755509723e-28	7.206273878266113393e-08	8.664526949294044987e-05	9.894986073504235397e-05	2.285749979861160741e-13	1.002775596180353586e-06	3.010630717113361565e-03	5.390821190166992377e-02	1.609178809833001003e-02	2.141621035836379658e-17	1.599276167051294148e-02
6.800000000000000488e-01	1.001893819026763522e-03	8.992411586480708531e-08	1.185574805838437572e-13	8.151686260166504227e-04	7.650616365431984191e-08	8.382179582127412527e-28	7.020519835081767650e-08	8.443634763808532690e-05	9.625698905078621177e-05	2.223547867102643994e-13	1.003791224601214414e-06	2.931464035570590255e-03	5.383122913865778097e-02	1.616877086134216324e-02	2.171257384918384642e-17	1.607243736590531838e-02
6.900000000000000577e-01	1.002381328974103706e-03	8.760411290012446031e-08	1.154987492991977802e-13	8.194522557496568315e-04	7.644709748895076544e-08	8.375708166211015754e-28	6.839571219676510512e-08	8.228328494184885481e-05	9.364114642288979748e-05	2.163125034070123414e-13	1.004768328673178574e-06	2.854444593021750447e-03	5.375633613365356916e-02	1.624366386634637852e-02	2.200870549596375798e-17	1.614994627260964502e-02
7.000000000000000666e-01	1.002850130127192884e-03	8.534427254989473609e-08	1.125193374265501637e-13	8.236253770221960450e-04	7.638960947718348413e-08	8.369409656192230602e-28	6.663305685127350172e-08	8.018472860659173012e-05	9.109998021543874117e-05	2.104427137623880913e-13	1.005708383493519069e-06	2.779511237282044842e-03	5.368347332035246916e-02	1.631652667964748893e-02	2.230461149712948048e-17	1.622535030961207159e-02
7.099999999999999645e-01	1.003300957668591719e-03	8.314305297771260353e-08	1.096172121826155072e-13	8.276908560140347872e-04	7.633365555898114893e-08	8.363279224758787386e-28	6.491603714398190189e-08	7.813935310416746550e-05	8.863121453011395495e-05	2.047401607175615770e-13	1.006612811656203854e-06	2.706604676525903915e-03	5.361258294484355647e-02	1.638741705515641203e-02	2.260029787785406785e-17	1.629870950676594321e-02
7.199999999999999734e-01	1.003734519022803735e-03	8.099894872540348234e-08	1.067903887457852483e-13	8.316514853736124875e-04	7.627919300040267447e-08	8.357312189888343334e-28	6.324348581629458979e-08	7.614586008356843602e-05	8.623264761740066211e-05	1.991997584890147793e-13	1.007482984675524013e-06	2.635667418613155382e-03	5.354360900661137013e-02	1.645639099338860531e-02	2.289577049528427663e-17	1.637008206637894508e-02
7.299999999999999822e-01	1.004151494752235710e-03	7.891049015905112252e-08	1.040369295257603648e-13	8.355099859604013350e-04	7.622618034814203077e-08	8.351504009867675037e-28	6.161426311593501364e-08	7.420297823668137562e-05	8.390214937066401476e-05	1.938165867801254734e-13	1.008320224410797464e-06	2.566643712484559161e-03	5.347649720153865166e-02	1.652350279846133765e-02	2.319103504358660722e-17	1.643952442271644915e-02
7.399999999999999911e-01	1.004552539437816600e-03	7.687624289643786181e-08	1.013549434086820185e-13	8.392690085600691208e-04	7.617457738601258740e-08	8.345850278524997419e-28	6.002725637552983468e-08	7.230946312576395029e-05	8.163765890108132456e-05	1.885858851795228908e-13	1.009125804488730821e-06	2.499479491553933171e-03	5.341119486684006018e-02	1.658880513315991873e-02	2.348609705882129022e-17	1.650709129949282095e-02
7.500000000000000000e-01	1.004938282543159584e-03	7.489480721875368140e-08	9.874258498151273460e-14	8.429311355716223933e-04	7.612434509330520023e-08	8.340346720667635468e-28	5.848137957753834848e-08	7.046409697659807914e-05	7.943718219135396843e-05	1.835030477414166027e-13	1.009900951718643736e-06	2.434122319029460770e-03	5.334765092786288021e-02	1.665234907213708829e-02	2.378096192365147173e-17	1.657283576541709533e-02
7.600000000000000089e-01	1.005309329261498946e-03	7.296481746923408744e-08	9.619805373919624206e-14	8.464988826659603947e-04	7.607544560484612138e-08	8.334989187705838647e-28	5.697557290766912692e-08	6.866568844066322185e-05	7.729878982641551059e-05	1.785636177437785746e-13	1.010646847498135323e-06	2.370521335102598014e-03	5.328581584669549176e-02	1.671418415330448021e-02	2.407563487189451857e-17	1.663680928785386121e-02
7.700000000000000178e-01	1.005666261344658049e-03	7.108494144119578697e-08	9.371959327783062093e-14	8.499747004150350841e-04	7.602784217271664219e-08	8.329773653458716556e-28	5.550880229877803499e-08	6.691307232967909900e-05	7.522061479908410725e-05	1.737632826196398519e-13	1.011364629204950297e-06	2.308627205941102441e-03	5.322564157252299144e-02	1.677435842747699093e-02	2.437012099292180686e-17	1.669906178466193034e-02
7.800000000000000266e-01	1.006009637913518650e-03	6.925387975765615197e-08	9.130549047674842465e-14	8.533609758911686041e-04	7.598149912948783990e-08	8.324696210126160087e-28	5.408005896702097814e-08	6.520510932547114431e-05	7.320085038867641845e-05	1.690978690569208255e-13	1.012055391572971924e-06	2.248392074424812332e-03	5.316708149367122688e-02	1.683291850632876591e-02	2.466442523591327065e-17	1.675964167427181073e-02
7.900000000000000355e-01	1.006339996249519921e-03	6.747036524460548153e-08	8.895407467222822501e-14	8.566600342364800525e-04	7.593638185293153069e-08	8.319753064422506052e-28	5.268835894193603076e-08	6.354068566797151573e-05	7.123774811060738029e-05	1.645633382622320565e-13	1.012720188049638485e-06	2.189769512565178933e-03	5.311009039128250508e-02	1.688990960871747382e-02	2.495855241397250723e-17	1.681859592406039980e-02
8.000000000000000444e-01	1.006657852566830063e-03	6.573316229980728760e-08	8.666371682531043789e-14	8.598741402018145142e-04	7.589245673209575314e-08	8.314940533859678429e-28	5.133274259197810944e-08	6.191871282394881943e-05	6.932961573500197978e-05	1.601557813840851839e-13	1.013360032132684932e-06	2.132714475551000018e-03	5.305462439456797713e-02	1.694537560543199137e-02	2.525250720810788385e-17	1.687597009708004941e-02
8.100000000000000533e-01	1.006963702764917699e-03	6.404106625884283831e-08	8.443282868597926435e-14	8.630054996549181567e-04	7.584969113466621969e-08	8.310255043171245078e-28	5.001227414690110214e-08	6.033812713887036532e-05	6.747481537235682967e-05	1.558714150909826227e-13	1.013975898684324245e-06	2.077183257364578674e-03	5.300064093758290185e-02	1.699935906241708400e-02	2.554629417108476737e-17	1.693180839719766670e-02
8.200000000000000622e-01	1.007258023161352201e-03	6.239290275996446865e-08	8.225986195577482387e-14	8.660562610587205700e-04	7.580805337563076955e-08	8.305693120879232021e-28	4.872604121826201273e-08	5.879788947411891800e-05	6.567176162430618633e-05	1.517065772998925750e-13	1.014568725221268874e-06	2.023133447914166137e-03	5.294809871747296892e-02	1.705190128252703427e-02	2.583991773115393359e-17	1.698615371269758881e-02
8.300000000000000711e-01	1.007541271204710851e-03	6.078752710918011784e-08	8.014330745070982565e-14	8.690285169180850386e-04	7.576751268704375997e-08	8.301251395981441315e-28	4.747315431920760255e-08	5.729698483161730678e-05	6.391891979756944271e-05	1.476577230506650005e-13	1.015139413179220271e-06	1.970523891630217208e-03	5.289695765414120787e-02	1.710304234585878144e-02	2.613338219566086473e-17	1.703904765840080077e-02
8.399999999999999689e-01	1.007813886167575066e-03	5.922382364685923723e-08	7.808169426619196619e-14	8.719243051964443384e-04	7.572803918895308974e-08	8.296926594766163775e-28	4.625274638459907081e-08	5.583442196775349173e-05	6.221480417917822951e-05	1.437214205219990952e-13	1.015688829150664184e-06	1.919314647474612860e-03	5.284717885128661918e-02	1.715282114871337360e-02	2.642669175454006122e-17	1.709053061635121273e-02
8.499999999999999778e-01	1.008076289819623056e-03	5.770070511702872253e-08	7.607358894549295707e-14	8.747456107017626123e-04	7.568960386138016401e-08	8.292715537742220574e-28	4.506397229243187493e-08	5.440923299835106846e-05	6.055797637111229981e-05	1.398943471846374804e-13	1.016217806095027474e-06	1.869466950313627019e-03	5.279872455876693377e-02	1.720127544123307289e-02	2.671985048369900844e-17	1.714064177511813794e-02
8.599999999999999867e-01	1.008328887080917795e-03	5.621711204040957522e-08	7.411759465314942282e-14	8.774943664423062251e-04	7.565217851732969230e-08	8.288615136681869235e-28	4.390600838741459148e-08	5.302047299628786571e-05	5.894704368250125692e-05	1.361732860875322998e-13	1.016727144520428202e-06	1.820943173606964088e-03	5.275155813623980811e-02	1.724844186376020896e-02	2.701286234829558871e-17	1.718941916776294682e-02
8.699999999999999956e-01	1.008572066655516724e-03	5.477201209214138176e-08	7.221235035454439141e-14	8.801724549520236742e-04	7.561573577674991051e-08	8.284622391767856817e-28	4.277805200748727263e-08	5.166721958323552445e-05	5.738065757758196832e-05	1.325551222728012528e-13	1.017217613636418439e-06	1.773706793366742205e-03	5.270564401803805310e-02	1.729435598196198479e-02	2.730573120591277498e-17	1.723689970851599931e-02
8.800000000000000044e-01	1.008806201645575567e-03	5.336439948504039948e-08	7.035653000278423350e-14	8.827817095862495848e-04	7.558024904143904458e-08	8.280734388844069636e-28	4.167932101397795469e-08	5.034857251686910412e-05	5.585751217763696254e-05	1.290368393153729769e-13	1.017689952477262396e-06	1.727722353341817072e-03	5.266094767923557018e-02	1.733905232076445382e-02	2.759846080963441799e-17	1.728311922820865640e-02
8.900000000000000133e-01	1.009031650146176556e-03	5.199329435914628638e-08	6.854884173386660558e-14	8.853239157878044566e-04	7.554569247083941168e-08	8.276948296763516059e-28	4.060905332602422901e-08	4.906365327478164257e-05	5.437634281517338656e-05	1.256155159833039404e-13	1.018144870995453416e-06	1.682955431384297509e-03	5.261743560286286786e-02	1.738256439713715615e-02	2.789105481102561823e-17	1.732811250850381860e-02
9.000000000000000222e-01	1.009248755821128257e-03	5.065774217822671693e-08	6.678802707102207545e-14	8.878008123233465049e-04	7.551204095864064972e-08	8.273261364824925169e-28	3.956650645981696482e-08	4.781160463623117908e-05	5.293592463864138330e-05	1.222883230148349847e-13	1.018583051125278829e-06	1.639372606956572944e-03	5.257507524823131634e-02	1.742492475176872155e-02	2.818351676302081043e-17	1.737191331496676025e-02
9.100000000000000311e-01	1.009457848460017801e-03	4.935681313383064298e-08	6.507286013900771402e-14	8.902140924913899385e-04	7.547927011024796593e-08	8.269670920304093833e-28	3.855095707316075865e-08	4.659159026274779970e-05	5.153507126602756451e-05	1.190525200083447431e-13	1.019005147816356209e-06	1.596941429738537666e-03	5.253383502032770574e-02	1.746616497967233908e-02	2.847585012272316280e-17	1.741455442901707062e-02
9.200000000000000400e-01	1.009659244516838191e-03	4.808960155740758473e-08	6.340214688903515051e-14	8.925654053014906147e-04	7.544735622100556834e-08	8.266174366068043561e-28	3.756170051578633297e-08	4.540279427853510444e-05	5.017263348570002692e-05	1.159054524214489450e-13	1.019411790037182763e-06	1.555630389296106539e-03	5.249368424024138113e-02	1.750631575975866716e-02	2.876805825411796277e-17	1.745606767880075738e-02
9.300000000000000488e-01	1.009853247630506604e-03	4.685522534095255312e-08	6.177472433493920142e-14	8.948563566252152246e-04	7.541627625516409652e-08	8.262769178270591685e-28	3.659805038580355979e-08	4.424442085152134857e-05	4.884749800293146312e-05	1.128445486756109264e-13	1.019803581748792511e-06	1.515408885773712180e-03	5.245459311658768470e-02	1.754540688341236707e-02	2.906014443070321536e-17	1.749648396902024269e-02
9.400000000000000577e-01	1.010040149127673344e-03	4.565282536651891759e-08	6.018945980103767049e-14	8.970885103193206424e-04	7.538600782555270434e-08	8.259452904125240127e-28	3.565933809259080309e-08	4.311569377579031260e-05	4.755858623049126222e-05	1.098673173625476357e-13	1.020181102848804352e-06	1.476247201572882060e-03	5.241653271789132457e-02	1.758346728210870985e-02	2.935211183804034489e-17	1.753583330976044366e-02
9.500000000000000666e-01	1.010220228508111129e-03	4.448156494503060361e-08	5.864525018225204141e-14	8.992633893217676132e-04	7.535652917396261074e-08	8.256223159755903729e-28	3.474491242648302406e-08	4.201585605615978025e-05	4.630485312195510160e-05	1.069713445493066134e-13	1.020544910085969267e-06	1.438116473985438055e-03	5.237947494589905578e-02	1.762052505410098210e-02	2.964396357622723066e-17	1.757414484434280388e-02
9.599999999999999645e-01	1.010393753913148328e-03	4.334062926457111328e-08	5.714102121672236413e-14	9.013824767208771264e-04	7.532781915218246876e-08	8.253077628119128561e-28	3.385413913542436337e-08	4.094416949546516178e-05	4.508528604609501309e-05	1.041542911782365523e-13	1.020895537945730549e-06	1.400988668743673865e-03	5.234339250978523039e-02	1.765660749021480402e-02	2.993570266229685574e-17	1.761144687624532565e-02
9.699999999999999734e-01	1.010560982577513251e-03	4.222922484843006764e-08	5.567572677128642404e-14	9.034472167980106810e-04	7.529985720366248453e-08	8.250014056995185064e-28	3.298640050882644593e-08	3.989991428512297799e-05	4.389890370103545058e-05	1.014138905588117991e-13	1.021233499507090813e-06	1.364836554456957257e-03	5.230825890122076799e-02	1.769174109877925949e-02	3.022733203254352829e-17	1.764776689511953281e-02
9.799999999999999822e-01	1.010722161265015153e-03	4.114657902304655476e-08	5.424834814000738372e-14	9.054590160443256501e-04	7.527262334577999582e-08	8.247030257045008317e-28	3.214109496876498865e-08	3.888238859944882119e-05	4.274475506670915177e-05	9.874794594792528430e-14	1.021559287271317045e-06	1.329633677901438746e-03	5.227404837027305878e-02	1.772595162972695482e-02	3.051885454477965239e-17	1.768313160193808048e-02
9.899999999999999911e-01	1.010877526688383748e-03	4.009193939612933387e-08	5.285789335611860448e-14	9.074192441520719530e-04	7.524609815270620570e-08	8.244124099933096638e-28	3.131763666875411056e-08	3.789090819428810291e-05	4.162191839444975670e-05	9.615432821596337289e-14	1.021873373962751185e-06	1.295354340137066596e-03	5.224073590211197188e-02	1.775926409788803825e-02	3.081027298052439181e-17	1.771756693329920584e-02
1.000000000000000000e+00	1.011027305913841847e-03	3.906457334487179277e-08	5.150339651727742853e-14	9.093292349812077307e-04	7.522026273884042838e-08	8.241293516512467304e-28	3.051545510005457086e-08	3.692480601016907675e-05	4.052950023216684395e-05	9.363097359507246156e-14	1.022176213302559890e-06	1.261973573416011506e-03	5.220829719448700362e-02	1.779170280551300998e-02	3.110159004712760403e-17	1.775109808492439725e-02
1.010000000000000009e+00	1.011171716750670262e-03	3.806376751450988573e-08	5.018391712445569042e-14	9.111902875012311371e-04	7.519509874277201000e-08	8.238536495067545764e-28	2.973399470573004891e-08	3.598343178050524813e-05	3.946663448406792377e-05	9.117588150722461152e-14	1.022468240755686523e-06	1.229467118860306726e-03	5.217670863595411102e-02	1.782329136404589218e-02	3.139280837983046823e-17	1.778374953437183298e-02
1.020000000000000018e+00	1.011310968126307277e-03	3.708882732715037883e-08	4.889853943437021811e-14	9.130036667091039537e-04	7.517058831175924397e-08	8.235851079613619772e-28	2.897271450241072930e-08	3.506615164500871050e-05	3.843248150354896755e-05	8.878711246889978868e-14	1.022749874251786303e-06	1.197811404877168482e-03	5.214594728482167818e-02	1.785405271517831807e-02	3.168393054376500107e-17	1.781554506299759533e-02
1.030000000000000027e+00	1.011445260447328990e-03	3.613907650096232516e-08	4.764637182557698555e-14	9.147706045240017918e-04	7.514671408673969361e-08	8.233235368254519384e-28	2.823108770985595259e-08	3.417234776866652285e-05	3.742622721816530050e-05	8.646278606986911542e-14	1.023021514880610919e-06	1.166983526288431581e-03	5.211599084879260657e-02	1.788400915120740356e-02	3.197495903589451905e-17	1.784650777718861311e-02
1.040000000000000036e+00	1.011574785946763077e-03	3.521385657969806036e-08	4.642654617818352877e-14	9.164923006586457458e-04	7.512345918778548502e-08	8.230687511589106079e-28	2.750860138830438779e-08	3.330141796647224917e-05	3.644708228549850895e-05	8.420107902334524523e-14	1.023283547562511130e-06	1.136961224147786621e-03	5.208681766527698681e-02	1.791318233472301291e-02	3.226589628689704998e-17	1.787666012889404382e-02
1.050000000000000044e+00	1.011699729018136892e-03	3.431252647251679234e-08	4.523821726714444244e-14	9.181699234688291134e-04	7.510080720007866492e-08	8.228205711174669403e-28	2.680475608360718028e-08	3.245277533411014737e-05	3.549428127881061650e-05	8.200022328493766509e-14	1.023536341694668482e-06	1.107722866221513358e-03	5.205840668235194729e-02	1.794159331764804202e-02	3.255674466299321006e-17	1.790602393547995400e-02
1.060000000000000053e+00	1.011820266536705547e-03	3.343446200405147291e-08	4.408056216906210566e-14	9.198046107803019636e-04	7.507874216027800682e-08	8.225788218033271052e-28	2.611906548011081261e-08	3.162584788473319101e-05	3.456708190140573818e-05	7.985850423791934258e-14	1.023780251773732288e-06	1.079247428108843923e-03	5.203073744034514281e-02	1.796926255965485345e-02	3.284750646772080188e-17	1.793462039893134463e-02
1.070000000000000062e+00	1.011936568168190619e-03	3.257905547471715138e-08	4.295277968248960147e-14	9.213974706945079075e-04	7.505724854335451766e-08	8.223433331209391273e-28	2.545105606130374358e-08	3.082007819204429008e-05	3.366476422873056613e-05	7.777425894256634709e-14	1.024015617995361191e-06	1.051514474981464888e-03	5.200379005402223226e-02	1.799620994597778828e-02	3.313818394365723064e-17	1.796247012442264701e-02
1.080000000000000071e+00	1.012048796665540812e-03	3.174571523107718262e-08	4.185408976149425571e-14	9.229495823734280759e-04	7.503631124984275809e-08	8.221139396373171959e-28	2.480026677809476786e-08	3.003492303967743115e-05	3.278662997709367872e-05	7.574587444698497552e-14	1.024242766831537955e-06	1.024504143916993423e-03	5.197754519535369155e-02	1.802245480464633245e-02	3.342877927409197551e-17	1.798959313828214432e-02
1.090000000000000080e+00	1.012157108154036365e-03	3.093386524622610937e-08	4.078373296242732582e-14	9.244619968038295934e-04	7.501591559348611257e-08	8.218904804466772192e-28	2.416624872470411064e-08	2.926985307702636120e-05	3.193200179810189485e-05	7.377178615734185855e-14	1.024462011586118046e-06	9.981971268072896419e-04	5.195198407684262221e-02	1.804801592315741221e-02	3.371929458465050914e-17	1.801600890536985203e-02
1.100000000000000089e+00	1.012261652405125559e-03	3.014294471012804035e-08	3.974096990381932547e-14	9.259357375413605762e-04	7.499604728927635331e-08	8.216727990394094542e-28	2.354856482213181439e-08	2.852435248161302306e-05	3.110022259794044343e-05	7.185047626547787916e-14	1.024673652929366709e-06	9.725746538228688138e-04	5.192708843539479979e-02	1.807291156460521381e-02	3.400973194487091010e-17	1.804173634588805003e-02
1.110000000000000098e+00	1.012362573099422243e-03	2.937240762968967688e-08	3.872508073910910625e-14	9.273718014353503434e-04	7.497669244185950619e-08	8.214607431750240977e-28	2.294678950903738594e-08	2.779791862796894913e-05	3.029065488046252759e-05	6.998047223152714061e-14	1.024877979411915276e-06	9.476184774108180244e-04	5.190284051670969456e-02	1.809715948329032945e-02	3.430009336973508505e-17	1.806679385164736140e-02
1.120000000000000107e+00	1.012460008079214130e-03	2.862172243851009221e-08	3.773536464213181165e-14	9.287711593344447287e-04	7.495783753432640202e-08	8.212541647593639994e-28	2.236050844000451541e-08	2.709006176309263611e-05	2.950268011331118529e-05	6.816034531972676791e-14	1.025075267959213251e-06	9.233108568095013810e-04	5.187922306017537372e-02	1.812077693982465723e-02	3.459038082115571610e-17	1.809119930180556890e-02
1.130000000000000115e+00	1.012554089590835329e-03	2.789037161614594974e-08	3.677113930515133498e-14	9.301347567736808260e-04	7.493946941733629709e-08	8.210529197254292722e-28	2.178931819106527771e-08	2.640030468849285835e-05	2.873569811620685683e-05	6.638870918543549511e-14	1.025265784346595639e-06	8.996345430615522833e-04	5.185621928425000055e-02	1.814378071575000612e-02	3.488059620942054185e-17	1.811497007809791809e-02
1.140000000000000124e+00	1.012644944517296017e-03	2.717785131674901856e-08	3.583174044924992370e-14	9.314635146431794136e-04	7.492157529856683953e-08	8.208568679177876121e-28	2.123282597238727821e-08	2.572818244880414372e-05	2.798912647058781283e-05	6.466421851147149547e-14	1.025449783655925606e-06	8.765727645076301037e-04	5.183381287231246526e-02	1.816618712768755181e-02	3.517074139459506916e-17	1.813812307957692743e-02
1.150000000000000133e+00	1.012732694601483231e-03	2.648367100692358953e-08	3.491652134687312674e-14	9.327583298395877203e-04	7.490414273252579824e-08	8.206658729809534545e-28	2.069064934801112662e-08	2.507324202695815235e-05	2.726239994982403324e-05	6.298556769197314905e-14	1.025627510714287664e-06	8.541092127442338278e-04	5.181198795896577169e-02	1.818801204103424884e-02	3.546081818788528110e-17	1.816067473687862227e-02
1.159999999999999920e+00	1.012817456660309668e-03	2.580735311264738888e-08	3.402485235632443223e-14	9.340200758997349887e-04	7.488715961063462314e-08	8.204798022507413803e-28	2.016241596252501818e-08	2.443504204588044817e-05	2.655496996925055963e-05	6.135148956204039998e-14	1.025799200515380423e-06	8.322280290294346329e-04	5.179072911677787966e-02	1.820927088322214435e-02	3.575082835296118527e-17	1.818264102603185661e-02
1.169999999999999929e+00	1.012899342790117953e-03	2.514843267509418258e-08	3.315612046799585191e-14	9.352496036179536653e-04	7.487061415165592738e-08	8.202985266493837019e-28	1.964776327455748339e-08	2.381315247667173450e-05	2.586630405529397633e-05	5.976075417147921899e-14	1.025965078624190815e-06	8.109137911209688852e-04	5.177002134344439732e-02	1.822997865655562669e-02	3.604077360724297142e-17	1.820403748182634202e-02
1.179999999999999938e+00	1.012978460563670200e-03	2.450645701519315847e-08	3.230972886211738307e-14	9.364477416465732300e-04	7.485449489238055853e-08	8.201219205834996120e-28	1.914633829696714410e-08	2.320715435322280633e-05	2.519588533299183257e-05	5.821216760103165322e-14	1.026125361565497404e-06	7.901515005317370473e-04	5.174985004935884342e-02	1.825014995064118406e-02	3.633065562315020965e-17	1.822487921075501352e-02
1.189999999999999947e+00	1.013054913219056143e-03	2.388098540675757844e-08	3.148509647780425243e-14	9.376152970808109477e-04	7.483879067862897206e-08	8.199498618455027840e-28	1.865779734360540232e-08	2.261663949320453010e-05	2.454321203123011348e-05	5.670457081953237725e-14	1.026280257196839109e-06	7.699265701882636705e-04	5.173020104557620596e-02	1.826979895442382498e-02	3.662047602931594433e-17	1.824518090354514122e-02
1.199999999999999956e+00	1.013128799840799137e-03	2.327158875801228843e-08	3.068165759317735632e-14	9.387530560278467117e-04	7.482349065650757492e-08	8.197822315178036759e-28	1.818180578252577110e-08	2.204121022536623345e-05	2.390779700504923810e-05	5.523683858049171072e-14	1.026429965066440410e-06	7.502248124782454541e-04	5.171106053215635684e-02	1.828893946784364982e-02	3.691023641176626920e-17	1.826495684729263769e-02
1.209999999999999964e+00	1.013200215533465549e-03	2.267784930134888301e-08	2.989886141633129567e-14	9.398617841607793391e-04	7.480858426393453145e-08	8.196189138799658168e-28	1.771803779551210747e-08	2.148047912306926376e-05	2.328916727439205112e-05	5.380787835665780155e-14	1.026574676756658643e-06	7.310324276737983429e-04	5.169241508687436037e-02	1.830758491312566363e-02	3.719993831506657919e-17	1.828422093721312688e-02
1.219999999999999973e+00	1.013269251588088489e-03	2.209936029113629215e-08	2.913617168692259285e-14	9.409422272579081887e-04	7.479406122243030685e-08	8.194597963187608305e-28	1.726617614379722699e-08	2.093406874397730729e-05	2.268686357869134767e-05	5.241662931116616524e-14	1.026714576213495915e-06	7.123359927175240995e-04	5.167425165428467249e-02	1.832574834571534111e-02	3.748958324343554686e-17	1.830298668802294443e-02
1.229999999999999982e+00	1.013335995641647660e-03	2.153572570941354565e-08	2.839306628815014443e-14	9.419951117273804358e-04	7.477991152913693598e-08	8.193047692407281290e-28	1.682591193984225399e-08	2.040161137581922985e-05	2.210043994671593770e-05	5.106206130393474693e-14	1.026849840062673042e-06	6.941224503589785502e-04	5.165655753512791298e-02	1.834344246487212837e-02	3.777917266182775382e-17	1.832126724496273978e-02
1.239999999999999991e+00	1.013400531829897417e-03	2.098655997929530857e-08	2.766903686890416040e-14	9.430211451180751589e-04	7.476612544909801949e-08	8.191537259875949584e-28	1.639694442504932851e-08	1.988274878813905462e-05	2.152946328112051116e-05	4.974317393202308679e-14	1.026980637912754481e-06	6.763790986296946452e-04	5.163932037606768638e-02	1.836067962393237232e-02	3.806870799698596955e-17	1.833907539447598642e-02
1.250000000000000000e+00	1.013462940933814501e-03	2.045148768590012139e-08	2.696358847583316755e-14	9.440210166167645710e-04	7.475269350776287927e-08	8.190065627541453319e-28	1.597898075326439880e-08	1.937713198992564972e-05	2.097351295713844617e-05	4.845899560265993203e-14	1.027107132645861050e-06	6.590935806446567317e-04	5.162252815974648079e-02	1.837747184025358485e-02	3.835819063846389729e-17	1.835642357455440771e-02
1.260000000000000009e+00	1.013523300519887519e-03	1.993014330466709676e-08	2.627623919515246051e-14	9.449953975319281803e-04	7.473960648370731616e-08	8.188631785084874475e-28	1.557173577997063928e-08	1.888442099306020055e-05	2.043218043495120082e-05	4.720858263786313156e-14	1.027229480696385690e-06	6.422538747204297339e-04	5.160616919515052803e-02	1.839383080484952374e-02	3.864762193962037292e-17	1.837332388476080325e-02
1.270000000000000018e+00	1.013581685074518976e-03	1.942217093685457892e-08	2.560651980392036679e-14	9.459449417646556210e-04	7.472685540159062360e-08	8.187234749148499902e-28	1.517493185701276528e-08	1.840428458145065455e-05	1.990506888517711026e-05	4.599101840936114210e-14	1.027347832318171590e-06	6.258482847978642490e-04	5.159023210827214795e-02	1.840976789172788994e-02	3.893700321858570108e-17	1.838978809594124519e-02
1.280000000000000027e+00	1.013638166132766914e-03	1.892722405205909487e-08	2.495397343057160512e-14	9.468702862670343211e-04	7.471443152530141025e-08	8.185873562585234738e-28	1.478829863273527308e-08	1.793640008576317341e-05	1.939179282702992982e-05	4.480541250278386136e-14	1.027462331840680149e-06	6.098654311596895649e-04	5.157470583305990425e-02	1.842529416694014752e-02	3.922633575920139192e-17	1.840582765963671638e-02
1.290000000000000036e+00	1.013692812401657080e-03	1.844496523760154901e-08	2.431815522450331818e-14	9.477720514880027093e-04	7.470232635130600913e-08	8.184547293729674307e-28	1.441157285741369948e-08	1.748045316365688697e-05	1.889197777868504064e-05	4.365089991004909810e-14	1.027573117914473194e-06	5.942942414331847363e-04	5.155957960264703072e-02	1.844042039735302105e-02	3.951562081193344016e-17	1.842145371720426555e-02
1.300000000000000044e+00	1.013745689878277475e-03	1.797506595460200362e-08	2.369863203448013782e-14	9.486508418076730403e-04	7.469053160221728725e-08	8.183255035693512411e-28	1.404449819384646103e-08	1.703613758541135361e-05	1.840525991940264534e-05	4.252664024890715024e-14	1.027680323746486121e-06	5.791239418681676243e-04	5.154484294084889229e-02	1.845515705915116642e-02	3.980485959476040985e-17	1.843667710865756759e-02
1.310000000000000053e+00	1.013796861962874309e-03	1.751720630058577477e-08	2.309498209564991020e-14	9.495072459598190686e-04	7.467903922053726917e-08	8.181995905679955280e-28	1.368682503298665344e-08	1.660315502484639431e-05	1.793128576298500654e-05	4.143181700866579577e-14	1.027784077325482655e-06	5.643440488812172598e-04	5.153048565392009950e-02	1.846951434607998349e-02	4.009405329403696597e-17	1.845150838123626319e-02
1.320000000000000062e+00	1.013846389567157717e-03	1.707107477844715913e-08	2.250679472494158857e-14	9.503418374429106448e-04	7.466784136257055677e-08	8.180769044316902590e-28	1.333831031448196520e-08	1.618121485541967303e-05	1.746971184214202982e-05	4.036563682111212574e-14	1.027884501638081498e-06	5.499443608568784685e-04	5.151649782256261662e-02	1.848350217743746637e-02	4.038320306533345041e-17	1.846595779771351836e-02
1.330000000000000071e+00	1.013894331218001370e-03	1.663636807163667238e-08	2.193367002466838072e-14	9.511551749206033617e-04	7.465693039255443058e-08	8.179573615013794076e-28	1.299871735202064626e-08	1.577003395141707290e-05	1.702020440340086860e-05	3.932732875578994030e-14	1.027981714875728195e-06	5.359149501980884711e-04	5.150286979417723066e-02	1.849713020582281764e-02	4.067231003425236533e-17	1.848003534444963084e-02
1.340000000000000080e+00	1.013940743156739339e-03	1.621279082538901897e-08	2.137521859409482917e-14	9.519478026109708200e-04	7.464629887691596644e-08	8.178408803332416203e-28	1.266781566334434529e-08	1.536933649411173719e-05	1.658243911214289217e-05	3.831614363867007003e-14	1.028075830632978979e-06	5.222461556167409293e-04	5.148959217534941624e-02	1.851040782465063900e-02	4.096137529722237403e-17	1.849375073920123819e-02
1.350000000000000089e+00	1.013985679434232850e-03	1.580005543384777108e-08	2.083106124877844049e-14	9.527202506656753901e-04	7.463593957872363884e-08	8.177273816379004990e-28	1.234538080481751444e-08	1.497885378278853189e-05	1.615610076741974392e-05	3.733135339340933184e-14	1.028166958097449186e-06	5.089285746567473890e-04	5.147665582456199818e-02	1.852334417543805359e-02	4.125039992227039851e-17	1.850711343869365297e-02
1.360000000000000098e+00	1.014029192001889273e-03	1.539788183294850500e-08	2.030082874750333412e-14	9.534730355389862879e-04	7.462584545230135597e-08	8.176167882214156318e-28	1.203119421044860903e-08	1.459832405054886237e-05	1.574088302620561765e-05	3.637225040440597043e-14	1.028255202231758680e-06	4.959530564423744693e-04	5.146405184512796438e-02	1.853594815487204575e-02	4.153938494977255964e-17	1.852013264596395412e-02
1.370000000000000107e+00	1.014071330798798146e-03	1.500599729888502635e-08	1.978416152657465129e-14	9.542066603468738395e-04	7.461600963799148008e-08	8.175090249279053169e-28	1.172504303522824544e-08	1.422749228476068822e-05	1.533648813671833623e-05	3.543814690080308639e-14	1.028340663947808035e-06	4.833106946435784227e-04	5.145177157833509540e-02	1.854822842166495636e-02	4.182833139318460684e-17	1.853281731748308500e-02
1.380000000000000115e+00	1.014112143835150777e-03	1.462413625203723042e-08	1.928070944131370839e-14	9.549216152164393843e-04	7.460642545706549617e-08	8.174040185837862741e-28	1.142672000269201837e-08	1.386611005207581934e-05	1.494262668051035693e-05	3.452837436074948238e-14	1.028423440273695699e-06	4.709928206520070087e-04	5.143980659679581180e-02	1.856019340320423303e-02	4.211724023975225653e-17	1.854517617006367497e-02
1.390000000000000124e+00	1.014151677272093904e-03	1.425204006620662833e-08	1.879013151455092084e-14	9.556183776260186551e-04	7.459708640678202468e-08	8.173016979436263951e-28	1.113602325658991589e-08	1.351393532790059787e-05	1.455901732300262677e-05	3.364228293516243822e-14	1.028503624513578306e-06	4.589909969604394368e-04	5.142814869799625793e-02	1.857185130200377995e-02	4.240611245120225894e-17	1.855721768756065509e-02
1.400000000000000133e+00	1.014189975498177871e-03	1.388945688302225645e-08	1.831209569193537506e-14	9.562974127364536796e-04	7.458798615560656466e-08	8.172019936377750147e-28	1.085275621655725710e-08	1.317073233022054464e-05	1.418538657216221078e-05	3.277924089030186510e-14	1.028581306400778234e-06	4.472970107391165562e-04	5.141678989803701721e-02	1.858321010196300332e-02	4.269494896441447680e-17	1.856895012737184644e-02
1.409999999999999920e+00	1.014227081202527048e-03	1.353614143137976985e-08	1.784627860388025101e-14	9.569591737132308222e-04	7.457911853854563919e-08	8.171048381212390580e-28	1.057672743768194494e-08	1.283627135767838487e-05	1.382146854503327597e-05	3.193863406848451826e-14	1.028656572244388494e-06	4.359028676025720355e-04	5.140572242556003257e-02	1.859427757443999490e-02	4.298375069207576470e-17	1.858038152674442584e-02
1.419999999999999929e+00	1.014263035444890135e-03	1.319185485178024404e-08	1.739236533396815721e-14	9.576041020401291964e-04	7.457047755262314976e-08	8.170101656241229029e-28	1.030775047386576317e-08	1.251032863180640976e-05	1.346700474184195258e-05	3.111986536629318816e-14	1.028729505069679238e-06	4.248007855608117384e-04	5.139493871585525120e-02	1.860506128414477281e-02	4.327251852331610535e-17	1.859151970889420455e-02
1.429999999999999938e+00	1.014297877722687658e-03	1.285636452543769626e-08	1.695004919364355795e-14	9.582326278244139269e-04	7.456205735247850491e-08	8.169179121034021892e-28	1.004564374487913412e-08	1.219268614331524151e-05	1.312174382740656982e-05	3.032235422966034587e-14	1.028800184752550902e-06	4.139831891489003561e-04	5.138443140514159513e-02	1.861556859485842194e-02	4.356125332432730451e-17	1.860237228894327105e-02
1.439999999999999947e+00	1.014331646035195001e-03	1.252944390802745047e-08	1.651903150302379798e-14	9.588451700941971355e-04	7.455385224611430300e-08	8.168280151963296806e-28	9.790230407011150752e-09	1.188313150234247566e-05	1.278544141959452821e-05	2.954553616522867103e-14	1.028868688148277279e-06	4.034427037292242038e-04	5.137419332501630409e-02	1.862580667498369563e-02	4.384995593896516308e-17	1.861294667968225666e-02
1.449999999999999956e+00	1.014364376944979157e-03	1.221087236795042062e-08	1.609902137766398248e-14	9.594421370875441364e-04	7.454585669073886958e-08	8.167404141748898805e-28	9.541338227219024396e-09	1.158145779256621123e-05	1.245785988457713134e-05	2.878886226741422218e-14	1.028935089214790536e-06	3.931721499609064949e-04	5.136421749706741868e-02	1.863578250293261226e-02	4.413862718933510768e-17	1.862325009716247690e-02
1.459999999999999964e+00	1.014396105636703035e-03	1.190043502899186359e-08	1.568973552111565210e-14	9.600239265340358621e-04	7.453806528873837746e-08	8.166550499016666955e-28	9.298799460683460316e-09	1.128746342909049630e-05	1.213876813864372723e-05	2.805179876062056750e-14	1.028999459130729648e-06	3.831645384310537771e-04	5.135449712764410257e-02	1.864550287235594919e-02	4.442726787636222275e-17	1.863328956612388815e-02
1.469999999999999973e+00	1.014426865973419621e-03	1.159792261725428200e-08	1.529089802312045566e-14	9.605909259288874808e-04	7.453047278376767055e-08	8.165718647870140143e-28	9.062450731677488796e-09	1.100095202000967674e-05	1.182794145634299785e-05	2.733382655606813827e-14	1.029061866408480127e-06	3.734130644426494699e-04	5.134502560277995342e-02	1.865497439722010181e-02	4.471587878034570276e-17	1.864307192526356433e-02
1.479999999999999982e+00	1.014456690550457696e-03	1.130313131224490436e-08	1.490224016328140155e-14	9.611435127996802380e-04	7.452307405694245372e-08	8.164908027473358465e-28	8.832132917656734597e-09	1.072173223155762371e-05	1.152516128472725651e-05	2.663444082272068779e-14	1.029122377002418266e-06	3.639111029540185939e-04	5.133579648326411227e-02	1.866420351673590827e-02	4.500446066149855622e-17	1.865260383235042840e-02
1.489999999999999991e+00	1.014485610746997547e-03	1.101586260202223331e-08	1.452350022008560264e-14	9.616820549659049278e-04	7.451586412313426481e-08	8.164118091644943156e-28	8.607691036497793552e-09	1.044961765677099603e-05	1.123021506350484241e-05	2.595315057185875034e-14	1.029181054412545193e-06	3.546522036656414860e-04	5.132680349985620921e-02	1.867319650014380786e-02	4.529301426047262350e-17	1.866189176919016979e-02
1.500000000000000000e+00	1.014513656775450304e-03	1.073592314226114019e-08	1.415442328509327763e-14	9.622069107919799854e-04	7.450883812739473828e-08	8.163348308466326726e-28	8.388974136776109130e-09	1.018442668755017012e-05	1.094289605086285017e-05	2.528947825475097122e-14	1.029237959783737965e-06	3.456300862487208213e-04	5.131804054863941394e-02	1.868195945136063088e-02	4.558154029886955529e-17	1.867094204644628025e-02
1.510000000000000009e+00	1.014540857728722656e-03	1.046312461915431087e-08	1.379476108218474707e-14	9.627184294331121110e-04	7.450199134144843882e-08	8.162598159897500324e-28	8.175835191020441895e-09	9.925982390057244380e-06	1.066300315479136046e-05	2.464295937303318764e-14	1.029293152000779032e-06	3.368386357118602716e-04	5.130950168650835752e-02	1.869049831349168383e-02	4.587003947973807232e-17	1.867976080832085134e-02
1.520000000000000018e+00	1.014567241625466236e-03	1.019728361603550299e-08	1.344427179171419782e-14	9.632169510749770489e-04	7.449531916030982499e-08	8.161867141406349896e-28	7.968130991855350741e-09	9.674112383358225451e-06	1.039034076970781487e-05	2.401314210133023638e-14	1.029346687779358074e-06	3.282718979012253652e-04	5.130118112678733189e-02	1.869881887321272335e-02	4.615851248805786370e-17	1.868835403709978929e-02
1.530000000000000027e+00	1.014592835453397143e-03	9.938221483614215978e-09	1.310271987942494098e-14	9.637028071668340056e-04	7.448881709897721344e-08	8.161154761606476359e-28	7.765722050946712939e-09	9.428648721219892135e-06	1.012471861819024975e-05	2.339958692167863785e-14	1.029398621753218774e-06	3.199240751297670131e-04	5.129307323497418747e-02	1.870692676502588164e-02	4.644695999121062321e-17	1.869672755756712074e-02
1.540000000000000036e+00	1.014617665210763853e-03	9.685764213749406848e-09	1.276987593003048226e-14	9.641763206486647034e-04	7.448248078923800891e-08	8.160460541907117609e-28	7.568472500694532683e-09	9.189427777006872741e-06	9.865951597673101224e-06	2.280186626941222740e-14	1.029449006557600880e-06	3.117895219323546280e-04	5.128517252460718795e-02	1.871482747539283606e-02	4.673538263943837129e-17	1.870488704129151872e-02
1.550000000000000044e+00	1.014641755946055039e-03	9.439742316627466263e-09	1.244551648528391910e-14	9.646378061719972823e-04	7.447630597653574104e-08	8.159784016169922331e-28	7.376249998568786917e-09	8.956290131564854088e-06	9.613859631894084112e-06	2.221956419002217028e-14	1.029497892909157550e-06	3.038627409417222688e-04	5.127747365324973605e-02	1.872252634675028796e-02	4.702378106628961750e-17	1.871283801079013862e-02
1.560000000000000053e+00	1.014665131796014088e-03	9.199990701279166996e-09	1.212942388644942608e-14	9.650875703152671237e-04	7.447028851695556684e-08	8.159124730378700935e-28	7.188925634038154801e-09	8.729080464040487605e-06	9.368267526961950638e-06	2.165227600669072851e-14	1.029545329682490287e-06	2.961383788824100815e-04	5.126997141858990331e-02	1.873002858141015886e-02	4.731215588905359769e-17	1.872058584357296288e-02
1.570000000000000062e+00	1.014687816022034244e-03	8.966348559331849777e-09	1.182138612103918392e-14	9.655259117931566659e-04	7.446442437426812563e-08	8.158482242315475853e-28	7.006373838011437350e-09	8.507647445551989906e-06	9.129004831874358675e-06	2.109960799810415669e-14	1.029591363983437192e-06	2.886112226786947434e-04	5.126266075465135685e-02	1.873733924534869838e-02	4.760050770918291848e-17	1.872813577607131824e-02
1.580000000000000071e+00	1.014709831045015062e-03	8.738659251910568283e-09	1.152119667370193662e-14	9.659531216606268575e-04	7.445870961707224549e-08	8.157856121247509029e-28	6.828472294725036151e-09	8.291843635639952831e-06	8.895905703338416627e-06	2.056117708620438381e-14	1.029636041219278022e-06	2.812761956731115115e-04	5.125553672811214434e-02	1.874446327188790049e-02	4.788883711270499142e-17	1.873549290745435414e-02
1.590000000000000080e+00	1.014731198478736537e-03	8.516770199594693710e-09	1.122865438113983690e-14	9.663694835112874486e-04	7.445314041599467879e-08	8.157245947620467339e-28	6.655101856004203876e-09	8.081525381420683252e-06	8.668808774740805460e-06	2.003661053352586933e-14	1.029679405165957265e-06	2.741283539519671843e-04	5.124859453472770110e-02	1.875140546527233332e-02	4.817714467062257093e-17	1.874266220333711472e-02
1.600000000000000089e+00	1.014751939161815742e-03	8.300532775359513097e-09	1.094356329096108115e-14	9.667752736711010932e-04	7.444771304101361043e-08	8.156651312765058393e-28	6.486146457843710058e-09	7.876552719385277398e-06	8.447557029144080407e-06	1.952554564983108784e-14	1.029721498032548425e-06	2.671628827750489573e-04	5.124182949585543573e-02	1.875817050414458134e-02	4.846543093930355022e-17	1.874964849938285869e-02
1.610000000000000098e+00	1.014772073188315591e-03	8.089802200405786478e-09	1.066573252433937258e-14	9.671707613861969810e-04	7.444242385879210547e-08	8.156071818605180207e-28	6.321493039232881956e-09	7.676789279762318317e-06	8.231997676155532781e-06	1.902762950769466879e-14	1.029762360522798597e-06	2.603750931058618602e-04	5.123523705507742471e-02	1.876476294492256461e-02	4.875369646086040948e-17	1.875645650480352311e-02
1.620000000000000107e+00	1.014791619937058850e-03	7.884437442802604848e-09	1.039497614238340345e-14	9.675562090063419144e-04	7.443726933013433687e-08	8.155507077378900924e-28	6.161031463167119534e-09	7.482102193382824717e-06	8.021982032547467526e-06	1.854251866674818760e-14	1.029802031894369310e-06	2.537604182395595859e-04	5.122881277491827395e-02	1.877118722508173618e-02	4.904194176351984661e-17	1.876309080576131494e-02
1.630000000000000115e+00	1.014810598099704416e-03	7.684301118868167994e-09	1.013111301611535082e-14	9.679318721633101055e-04	7.443224600748956464e-08	8.154956711365167505e-28	6.004654439787834656e-09	7.292362000984154090e-06	7.817365406504231916e-06	1.806987890630587194e-14	1.029840550015372376e-06	2.473144105256564894e-04	5.122255233365533011e-02	1.877744766634469389e-02	4.933016736198225120e-17	1.876955586867410167e-02
1.640000000000000124e+00	1.014829025707641606e-03	7.489259397209767655e-09	9.873966699955628538e-15	9.682979999446712435e-04	7.442735053253361856e-08	8.154420352618768836e-28	5.852257451589739628e-09	7.107442564886978755e-06	7.618006985373062092e-06	1.760938496608217801e-14	1.029877951418617063e-06	2.410327381825935213e-04	5.121645152221860481e-02	1.878354847778144002e-02	4.961837375777201428e-17	1.877585604342791800e-02
1.650000000000000133e+00	1.014846920157751230e-03	7.299181905350184972e-09	9.623365308617542638e-15	9.686548350630499581e-04	7.442257963381970528e-08	8.153897642712959588e-28	5.703738680639195449e-09	6.927220982983824979e-06	7.423769726802997877e-06	1.716072029473579161e-14	1.029914271353572169e-06	2.349111822014136256e-04	5.121050624117737260e-02	1.878949375882267223e-02	4.990656143957836551e-17	1.878199556649908300e-02
1.660000000000000142e+00	1.014864298237087023e-03	7.113941638868779029e-09	9.379141397317346099e-15	9.690026140205643774e-04	7.441793012446449952e-08	8.153388232485969123e-28	5.558998937748102699e-09	6.751577504978758008e-06	7.234520253159937215e-06	1.672357680598102669e-14	1.029949543836156956e-06	2.289456333358788967e-04	5.120471249781113204e-02	1.879528750218892319e-02	5.019473088358734190e-17	1.878797856398890104e-02
1.669999999999999929e+00	1.014881176146520360e-03	6.933414872987732872e-09	9.141131845208063602e-15	9.693415672695881568e-04	7.441339889994707611e-08	8.152891781799820327e-28	5.417941593549498036e-09	6.580395450819179898e-06	7.050128749109772560e-06	1.629765464201713630e-14	1.029983801696448793e-06	2.231320891764441332e-04	5.119906640326223057e-02	1.880093359673782119e-02	5.048288255380491876e-17	1.879380905457348969e-02
1.679999999999999938e+00	1.014897569523396173e-03	6.757481076535695184e-09	8.909177741947678403e-15	9.696719193687187077e-04	7.440898293592375020e-08	8.152407959300916975e-28	5.280472511422351001e-09	6.413561131262139358e-06	6.870468862265568155e-06	1.588266194403521094e-14	1.030017076624403243e-06	2.174666513055898993e-04	5.119356416976787033e-02	1.880643583023219184e-02	5.077101690237170978e-17	1.879949095237108334e-02
1.689999999999999947e+00	1.014913493463242156e-03	6.586022828224455536e-09	8.683124277316897687e-15	9.699938891349558145e-04	7.440467928612505328e-08	8.151936442189653230e-28	5.146499982215760720e-09	6.250963770520491187e-06	6.695417606799926064e-06	1.547831462957427032e-14	1.030049399213672352e-06	2.119455225321416109e-04	5.118820210796889980e-02	1.881179789203115196e-02	5.105913436986931618e-17	1.880502806972955687e-02
1.699999999999999956e+00	1.014928962540575900e-03	6.418925735166762100e-09	8.462820633791643779e-15	9.703076897917071574e-04	7.440048508029507413e-08	8.151476915994625666e-28	5.015934660716729402e-09	6.092495430926627204e-06	6.524855269917245454e-06	1.508433617648342136e-14	1.030080799003602229e-06	2.065650042019797727e-04	5.118297662429328182e-02	1.881702337570674566e-02	5.134723538561860861e-17	1.881042411993662580e-02
1.709999999999999964e+00	1.014943990828838386e-03	6.256078353592914475e-09	8.248119882014476651e-15	9.706135291132516382e-04	7.439639752221451033e-08	8.151029074356048581e-28	4.888689503828858009e-09	5.938050939579184151e-06	6.358665321114314384e-06	1.470045741332465855e-14	1.030111304519484694e-06	2.013214935835172038e-04	5.117788421841228813e-02	1.882211578158776363e-02	5.163532036797028681e-17	1.881568271985436733e-02
1.719999999999999973e+00	1.014958591919508900e-03	6.097372111679276006e-09	8.038878879050394079e-15	9.709116095649542597e-04	7.439241388773907231e-08	8.150592618810806922e-28	4.764679710394469490e-09	5.787527816895940804e-06	6.196734324110079446e-06	1.432641631594126850e-14	1.030140943311149365e-06	1.962114813248998408e-04	5.117292148076646452e-02	1.882707851923363235e-02	5.192338972458772322e-17	1.882080739248124385e-02
1.729999999999999982e+00	1.014972778940421982e-03	5.942701234450056397e-09	7.834958169376055347e-15	9.712021284401894765e-04	7.438853152292071137e-08	8.150167258586678402e-28	4.643822662630266075e-09	5.640826207041052450e-06	6.038951851380338174e-06	1.396195781004312918e-14	1.030169741989962272e-06	1.912315489814566337e-04	5.116808509016023548e-02	1.883191490983989261e-02	5.221144385272238633e-17	1.882580156944296465e-02
1.739999999999999991e+00	1.014986564573329766e-03	5.791962670687162951e-09	7.636221888516496303e-15	9.714852779933398413e-04	7.438474784215382187e-08	8.149752710399138502e-28	4.526037869125974949e-09	5.497848810169770745e-06	5.885210401204515186e-06	1.360683357959477203e-14	1.030197726264291971e-06	1.863783666110857377e-04	5.116337181142264351e-02	1.883662818857749152e-02	5.249948313948202881e-17	1.883066859341479826e-02
1.750000000000000000e+00	1.014999961070739204e-03	5.645056021794142752e-09	7.442537669258160003e-15	9.717612455699516571e-04	7.438106032641826990e-08	8.149348698258938199e-28	4.411246909364087254e-09	5.358500816443957941e-06	5.735405317145570960e-06	1.326080188082360954e-14	1.030224920973526177e-06	1.816486904356363365e-04	5.115877849313229392e-02	1.884122150686783764e-02	5.278750796209196063e-17	1.883541172047706325e-02
1.760000000000000009e+00	1.015012980272055184e-03	5.501883472560346486e-09	7.253776550367157101e-15	9.720302137326954171e-04	7.437746652151011355e-08	8.148954953278230623e-28	4.299373379718899599e-09	5.222689841771595222e-06	5.589434709885198371e-06	1.292362736166861457e-14	1.030251350120685073e-06	1.770393605663625307e-04	5.115430206540481223e-02	1.884569793459531586e-02	5.307551868814935816e-17	1.884003412240594158e-02
1.770000000000000018e+00	1.015025633619061861e-03	5.362349723772945919e-09	7.069812887743843482e-15	9.722923603844930074e-04	7.437396403635414115e-08	8.148571213485676791e-28	4.190342840894250963e-09	5.090325865224780849e-06	5.447199381339358136e-06	1.259508088649631076e-14	1.030277036903706049e-06	1.725472987915878799e-04	5.114993953774081559e-02	1.885006046225930557e-02	5.336351567587105272e-17	1.884453888890129034e-02
1.780000000000000027e+00	1.015037932170773181e-03	5.226361926626032695e-09	6.890524267946646158e-15	9.725478588884636441e-04	7.437055054136368470e-08	8.148197223646756542e-28	4.084082766760518314e-09	4.961321168091838661e-06	5.308602750981711509e-06	1.227493936591674704e-14	1.030302003745449630e-06	1.681695064247775426e-04	5.114568799693276768e-02	1.885431200306735000e-02	5.365149927433475566e-17	1.884892902975349172e-02
1.790000000000000036e+00	1.015049886617668028e-03	5.093829618878239629e-09	6.715791424021179766e-15	9.727968781845382738e-04	7.436722376682940430e-08	8.147832735087241698e-28	3.980522494553219352e-09	4.835590274521246287e-06	5.173550784306116952e-06	1.196298559154045047e-14	1.030326272322473402e-06	1.639030622113022372e-04	5.114154460502899624e-02	1.885845539497110410e-02	5.393946982371397249e-17	1.885320747695102064e-02
1.800000000000000044e+00	1.015061507295357242e-03	4.964664662705226131e-09	6.545498153563925954e-15	9.730395829031108492e-04	7.436398150135549336e-08	8.147477505521856503e-28	3.879593176391526673e-09	4.713049893709957667e-06	5.041951923354607327e-06	1.165900807550639235e-14	1.030349863592656292e-06	1.597451202920182451e-04	5.113750659735297882e-02	1.886249340264709029e-02	5.422742765550687731e-17	1.885737708673054097e-02
1.810000000000000053e+00	1.015072804197682515e-03	4.838781184214693254e-09	6.379531238977792779e-15	9.732761334758309978e-04	7.436082159034768501e-08	8.147131298888631138e-28	3.781227732091638883e-09	4.593618863608632004e-06	4.913717019261345315e-06	1.136280089466660983e-14	1.030372797821682326e-06	1.556929082224870441e-04	5.113357128057693934e-02	1.886642871942309854e-02	5.451537309275917219e-17	1.886144064157084174e-02
1.820000000000000062e+00	1.015083786989294870e-03	4.716095514559477786e-09	6.217780369834620603e-15	9.735066862433904141e-04	7.435774193452984599e-08	8.146793885186363656e-28	3.685360803224908402e-09	4.477218096086004007e-06	4.788759266728832086e-06	1.107416353923413461e-14	1.030395094608466230e-06	1.517437250456319048e-04	5.112973603084734059e-02	1.887026396915266607e-02	5.480330645028107936e-17	1.886540085213287213e-02
1.830000000000000071e+00	1.015094465017718581e-03	4.596526132618985728e-09	6.060138067305407591e-15	9.737313935606211907e-04	7.435474048851059836e-08	8.146465040317581280e-28	3.591928708397651339e-09	4.363770523526881125e-06	4.666994140391466315e-06	1.079290076579044787e-14	1.030416772909547977e-06	1.478949394167521829e-04	5.112599829196150247e-02	1.887400170803850766e-02	5.509122803485886075e-17	1.886926035914676322e-02
1.840000000000000080e+00	1.015104847324932837e-03	4.479993609200480005e-09	5.906499610594346052e-15	9.739504038987503937e-04	7.435181525937840951e-08	8.146144545934615507e-28	3.500869399714992380e-09	4.253201046820817255e-06	4.548339333001621637e-06	1.051882245450271821e-14	1.030437851062516849e-06	1.441439877792238182e-04	5.112235557359338239e-02	1.887764442640667284e-02	5.537913814546063053e-17	1.887302173524781079e-02
1.850000000000000089e+00	1.015114942658483293e-03	4.366420552720347301e-09	5.756762965324079391e-15	9.741638619449383878e-04	7.434896430533037812e-08	8.145832189289368559e-28	3.412122420397730800e-09	4.145436484706123874e-06	4.432714695383463227e-06	1.025174347042436198e-14	1.030458346808478773e-06	1.404883725894949835e-04	5.111880544956744904e-02	1.888119455043260272e-02	5.566703707343705243e-17	1.887668748676257779e-02
1.860000000000000098e+00	1.015124759482151275e-03	4.255731556320465372e-09	5.610828713813023810e-15	9.743719086993255559e-04	7.434618573434355712e-08	8.145527763087752332e-28	3.325628863517380942e-09	4.040405524429356365e-06	4.320042178095213746e-06	9.991483528741872322e-15	1.030478277313639992e-06	1.369256605898341438e-04	5.111534555617924802e-02	1.888465444382082803e-02	5.595492510271639790e-17	1.888026005544692076e-02
1.870000000000000107e+00	1.015134305986199054e-03	4.147853146391277829e-09	5.468599987207318561e-15	9.745746815699590782e-04	7.434347770291331139e-08	8.145231065351427540e-28	3.241331331827327942e-09	3.938038673695498145e-06	4.210245774758733330e-06	9.737867063872944507e-15	1.030497659190028243e-06	1.334534811278220831e-04	5.111197359056107031e-02	1.888802640943901615e-02	5.624280250999514237e-17	1.888374182017675193e-02
1.880000000000000115e+00	1.015143590097200956e-03	4.042713732449458253e-09	5.329982399398682340e-15	9.747723144644572383e-04	7.434083841476278359e-08	8.144941899276450598e-28	3.159173898649577980e-09	3.838268213861971168e-06	4.103251466990333217e-06	9.490723102263279761e-15	1.030516508515382574e-06	1.300695245208241990e-04	5.110868730909174512e-02	1.889131269090835522e-02	5.653066956492316258e-17	1.888713509859340361e-02
1.890000000000000124e+00	1.015152619487489586e-03	3.940243558342889816e-09	5.194883982692236124e-15	9.749649378797971928e-04	7.433826611962509905e-08	8.144660073099828746e-28	3.079102069795881774e-09	3.741028154352489064e-06	3.998987170894333810e-06	9.249885138793140831e-15	1.030534840852260925e-06	1.267715404644824634e-04	5.110548452584907919e-02	1.889451547415101768e-02	5.681852653028425021e-17	1.889044214870469127e-02
1.900000000000000133e+00	1.015161401584222791e-03	3.840374654743569254e-09	5.063215125172337269e-15	9.751526789897275787e-04	7.433575911205438299e-08	8.144385399969239209e-28	3.001062746492667373e-09	3.646254188255568873e-06	3.897382685067986175e-06	9.015191016674946827e-15	1.030552671266394484e-06	1.235573364838812003e-04	5.110236311110399193e-02	1.889763688889610840e-02	5.710637366217199086e-17	1.889366517044284779e-02
1.910000000000000142e+00	1.015169943578100214e-03	3.743040792894254438e-09	4.934888509721382492e-15	9.753356617300269196e-04	7.433331573027604558e-08	8.144117697817096178e-28	2.925004189283146238e-09	3.553883649077169631e-06	3.798369640072731658e-06	8.786482810737968559e-15	1.030570014344316346e-06	1.204247764262156496e-04	5.109932098985489612e-02	1.890067901014520421e-02	5.739421121016111944e-17	1.889680630718054699e-02
1.919999999999999929e+00	1.015178252431727692e-03	3.648177439571703126e-09	4.809819054642555193e-15	9.755140068811947495e-04	7.433093435504049497e-08	8.143856789234942459e-28	2.850875982877721092e-09	3.463855468614109707e-06	3.701881449324015958e-06	8.563606713989688614e-15	1.030586884210289685e-06	1.173717789936992159e-04	5.109635614040138052e-02	1.890364385959874063e-02	5.768203941747430259e-17	1.889986764720641768e-02
1.929999999999999938e+00	1.015186334887662259e-03	3.555721713240975704e-09	4.687923855852947921e-15	9.756878321492813786e-04	7.432861340852724867e-08	8.143602501353367378e-28	2.778629001932879183e-09	3.376110135925597140e-06	3.607853261364714997e-06	8.346412927373174574e-15	1.030603294542599580e-06	1.143963163158214028e-04	5.109346659295602860e-02	1.890653340704410990e-02	5.796985852114474269e-17	1.890285122516089863e-02
1.939999999999999947e+00	1.015194197476137952e-03	3.465612341359623610e-09	4.569122130592654625e-15	9.758572522445653008e-04	7.432635135327483978e-08	8.143354665724799945e-28	2.708215377726479690e-09	3.290589657365766991e-06	3.516221913470952516e-06	8.134755552602068432e-15	1.030619258589175480e-06	1.114964125595756857e-04	5.109065042829335351e-02	1.890934957170676764e-02	5.825766875217456628e-17	1.890575902343372139e-02
1.949999999999999956e+00	1.015201846522491291e-03	3.377789618806023659e-09	4.453335162615987387e-15	9.760223789582895540e-04	7.432414669114448540e-08	8.143113118209925199e-28	2.639588465709453443e-09	3.207237517654078852e-06	3.426925886556102383e-06	7.928492487994249287e-15	1.030634789182632605e-06	1.086701425767684268e-04	5.108790577643475966e-02	1.891209422356534067e-02	5.854547033568886152e-17	1.890859297352408264e-02
1.959999999999999964e+00	1.015209288154298806e-03	3.292195367400361294e-09	4.340486248823254153e-15	9.761833212371920539e-04	7.432199796229436947e-08	8.142877698865347157e-28	2.572702813909411006e-09	3.125998641955328499e-06	3.339905261332811437e-06	7.727485327211408766e-15	1.030649898754716608e-06	1.059156305873440923e-04	5.108523081536852500e-02	1.891476918463156839e-02	5.883326349108626431e-17	1.891135495736447070e-02
1.969999999999999973e+00	1.015216528308240680e-03	3.208772896488417262e-09	4.230500647293756157e-15	9.763401852563830625e-04	7.431990374420212701e-08	8.142648251836465936e-28	2.507514132162917399e-09	3.046819358942353709e-06	3.255101675695181763e-06	7.531599260816967710e-15	1.030664599350196189e-06	1.032310488977160779e-04	5.108262376980379077e-02	1.891737623019626446e-02	5.912104843218511946e-17	1.891404680860923546e-02
1.979999999999999982e+00	1.015223572736695737e-03	3.127466964560033572e-09	4.123305526682921499e-15	9.764930744901091121e-04	7.431786265069450172e-08	8.142424625251153056e-28	2.443979262154570663e-09	2.969647364816038939e-06	3.172458283285315940e-06	7.340702980569819280e-15	1.030678902640221438e-06	1.006146166531508878e-04	5.108008290995788570e-02	1.891991709004216607e-02	5.940882536736614122e-17	1.891667031388883508e-02
1.989999999999999991e+00	1.015230427014085111e-03	3.048223741872227941e-09	4.018829916943967725e-15	9.766420897807377537e-04	7.431587333100600121e-08	8.142206671116698381e-28	2.382056148239499876e-09	2.894431688255420185e-06	3.091919713206771998e-06	7.154668586367216858e-15	1.030692819935182219e-06	9.806459862319478473e-05	5.107760655037551362e-02	1.892239344962451386e-02	5.969659449971145004e-17	1.891922721403076907e-02
2.000000000000000000e+00	1.015237096542975217e-03	2.970990774054474795e-09	3.917004661344566374e-15	9.767873294061015822e-04	7.431393446887533782e-08	8.141994245220527336e-28	2.321703809031737293e-09	2.821122656277908544e-06	3.013432030856105686e-06	6.973371495770399665e-15	1.030706362196973205e-06	9.557930401938482244e-05	5.107519304877967264e-02	1.892480695122034096e-02	5.998435602713980055e-17	1.892171920524798531e-02
2.010000000000000231e+00	1.015243586559943503e-03	2.895716946665354397e-09	3.817762369737562053e-15	9.769288891450182005e-04	7.431204478165272211e-08	8.141787207032939586e-28	2.262882309734703841e-09	2.749671860980975645e-06	2.936942699833965118e-06	6.796690356023719334e-15	1.030719540051060926e-06	9.315708534419135211e-05	5.107284080495264750e-02	1.892715919504732100e-02	6.027211014253845697e-17	1.892414794029585040e-02
2.020000000000000018e+00	1.015249902141226492e-03	2.822352450676041722e-09	3.721037373053992060e-15	9.770668623411073346e-04	7.431020301943708032e-08	8.141585419612028804e-28	2.205552735194331591e-09	2.680032127144144186e-06	2.862400544906471549e-06	6.624506958499959485e-15	1.030732363797734268e-06	9.079633727040538652e-05	5.107054825964695705e-02	1.892945174035302186e-02	6.055985703389171576e-17	1.892651502959841539e-02
2.030000000000000249e+00	1.015256048208148165e-03	2.750848748857323895e-09	3.626765678987071390e-15	9.772013399648785386e-04	7.430840796422352904e-08	8.141388749510570087e-28	2.149677163657056611e-09	2.612157480669115877e-06	2.789755715986371490e-06	6.456706155501079571e-15	1.030744843423191500e-06	8.849549555014627259e-05	5.106831389352469580e-02	1.893168610647531086e-02	6.084759688440607570e-17	1.892882204234485471e-02
2.040000000000000036e+00	1.015262029532349721e-03	2.681158543044573885e-09	3.534884928833790106e-15	9.773324106745191579e-04	7.430665842909850853e-08	8.141197066687759231e-28	2.095218641212557721e-09	2.546003117835398988e-06	2.718959653103419124e-06	6.293175779344045795e-15	1.030756988610112306e-06	8.625303595265855017e-05	5.106613622612524162e-02	1.893386377387481015e-02	6.113532987263210452e-17	1.893107050755691786e-02
2.049999999999999822e+00	1.015267850740816588e-03	2.613235742257495844e-09	3.445334355463452944e-15	9.774601608747667241e-04	7.430495325742847081e-08	8.141010244420349328e-28	2.042141156903248309e-09	2.481525375350144063e-06	2.649965052335262313e-06	6.133806563665243403e-15	1.030768808747844835e-06	8.406747323011314315e-05	5.106401381486008750e-02	1.893598618514001283e-02	6.142305617258327346e-17	1.893326191512820916e-02
2.060000000000000053e+00	1.015273516320723719e-03	2.547035431651828436e-09	3.358054742383070442e-15	9.775846747743369754e-04	7.430329132207527564e-08	8.140828159216653644e-28	1.990409618482738500e-09	2.418681701171443524e-06	2.582725832670924595e-06	5.978492066879130838e-15	1.030780312942214982e-06	8.193736011065128489e-05	5.106194525403410372e-02	1.893805474596602090e-02	6.171077595385180884e-17	1.893539771683597911e-02
2.069999999999999840e+00	1.015279030624093113e-03	2.482513842280718604e-09	3.272988383870251645e-15	9.777060344422034907e-04	7.430167152465691607e-08	8.140650690735590474e-28	1.939989828805948558e-09	2.357430626084780800e-06	2.517197103779785719e-06	5.827128597728441834e-15	1.030791510024967414e-06	7.986128631792734772e-05	5.105992917389270969e-02	1.894007082610745657e-02	6.199848938172124036e-17	1.893747932732624609e-02
2.080000000000000071e+00	1.015284397872285443e-03	2.419628321644166028e-09	3.190079046145077491e-15	9.778243198619710787e-04	7.430009279479270621e-08	8.140477721703948691e-28	1.890848462833990784e-09	2.297731736012908749e-06	2.453335134659812462e-06	5.679615142865386436e-15	1.030802408562858891e-06	7.783787761642917537e-05	5.105796423969397035e-02	1.894203576030624100e-02	6.228619661727645950e-17	1.893950812507302559e-02
2.089999999999999858e+00	1.015289622160319956e-03	2.358337305005531600e-09	3.109271929553312820e-15	9.779396089851528223e-04	7.429855408939091326e-08	8.140309137838361647e-28	1.842953045237518656e-09	2.239545645039995405e-06	2.391097323139718926e-06	5.535853296405295367e-15	1.030813016866415747e-06	7.586579488187693320e-05	5.105604915080515227e-02	1.894395084919505215e-02	6.257389781751064716e-17	1.894148545331223246e-02
2.100000000000000089e+00	1.015294707461038238e-03	2.298600287454636373e-09	3.030513631733909713e-15	9.780519777830805946e-04	7.429705439195501108e-08	8.140144827769282815e-28	1.796271928582542637e-09	2.182833969131286259e-06	2.330442166210373785e-06	5.395747191395744890e-15	1.030823342998366304e-06	7.394373319601867578e-05	5.105418263982308691e-02	1.894581736017711057e-02	6.286159313542973610e-17	1.894341262095107503e-02
2.109999999999999876e+00	1.015299657629113598e-03	2.240377796697631324e-09	2.953752111744720843e-15	9.781615002971589135e-04	7.429559271188352804e-08	8.139984682964288795e-28	1.750774272083315522e-09	2.127559300530177750e-06	2.271329231161713003e-06	5.259203433146307940e-15	1.030833394781766891e-06	7.207042096516381622e-05	5.105236347171745320e-02	1.894763652828273040e-02	6.314928272015384119e-17	1.894529090345355854e-02
2.120000000000000107e+00	1.015304476404912774e-03	2.183631366554246332e-09	2.878936655120814845e-15	9.782682486881998270e-04	7.429416808381613759e-08	8.139828597656431489e-28	1.706430020907145978e-09	2.073685182814917245e-06	2.213719127501993768e-06	5.126131034365385211e-15	1.030843179807826944e-06	7.024461906181030514e-05	5.105059044299668780e-02	1.894940955700350621e-02	6.343696671701647100e-17	1.894712154370274682e-02
2.129999999999999893e+00	1.015309167418221694e-03	2.128323511143705069e-09	2.806017839840746912e-15	9.783722932844205432e-04	7.429277956699181905e-08	8.139676468773908606e-28	1.663209886016574877e-09	2.021176086597781737e-06	2.157573479637102962e-06	4.996441352052715615e-15	1.030852705443456067e-06	6.846511998874436618e-05	5.104886238089556549e-02	1.895113761910463199e-02	6.372464526766079350e-17	1.894890575284038578e-02
2.140000000000000124e+00	1.015313734191829404e-03	2.074417699740928737e-09	2.734947503176562271e-15	9.784737026280023245e-04	7.429142624460689924e-08	8.139528195869748531e-28	1.621085324534600882e-09	1.969997385849886947e-06	2.102854900288149703e-06	4.870048026097212318e-15	1.030861978838530943e-06	6.673074706500463197e-05	5.104717814258423469e-02	1.895282185741597319e-02	6.401231851013383093e-17	1.895064471108451679e-02
2.149999999999999911e+00	1.015318180144986681e-03	2.021878332285351819e-09	2.665678709404194061e-15	9.785725435207215210e-04	7.429010722321113129e-08	8.139383681055624187e-28	1.580028520619164950e-09	1.920115334835370977e-06	2.049526964626455835e-06	4.746866919531882369e-15	1.030871006932902833e-06	6.504035363312404600e-05	5.104553661439782675e-02	1.895446338560238461e-02	6.429998657897798005e-17	1.895233956852573898e-02
2.160000000000000142e+00	1.015322508596741037e-03	1.970670715524980267e-09	2.598165718351383018e-15	9.786688810681646363e-04	7.428882163209998816e-08	8.139242828935261547e-28	1.540012366833365414e-09	1.871497045638993368e-06	1.997554185105439380e-06	4.626816060398531377e-15	1.030879796463154576e-06	6.339282228707551281e-05	5.104393671108620190e-02	1.895606328891401987e-02	6.458764960532017804e-17	1.895399144590259946e-02
2.169999999999999929e+00	1.015326722769147256e-03	1.920761039778951257e-09	2.532363954761050159e-15	9.787627787230359158e-04	7.428756862273999047e-08	8.139105546541532313e-28	1.501010445998357148e-09	1.824110466271767229e-06	1.946901986969800792e-06	4.509815585176915854e-15	1.030888353969112785e-06	6.178706412036744577e-05	5.104237737508333234e-02	1.895762262491687902e-02	6.487530771695901002e-17	1.895560143535672190e-02
2.180000000000000160e+00	1.015330825790367346e-03	1.872116356302151794e-09	2.468229978448420921e-15	9.788542983271860103e-04	7.428634736819635054e-08	8.138971743273666780e-28	1.462997013516121789e-09	1.777924359339480970e-06	1.897536684422756180e-06	4.395787683733924007e-15	1.030896685800126266e-06	6.022201799374680601e-05	5.104085757579573945e-02	1.895914242420447191e-02	6.516296103844936365e-17	1.895717060116822519e-02
2.189999999999999947e+00	1.015334820697660987e-03	1.824704555236096000e-09	2.405721455231082313e-15	9.789435001526390536e-04	7.428515706258073327e-08	8.138841330836819978e-28	1.425946980149771195e-09	1.732908281259520766e-06	1.849425457432858766e-06	4.284656545750119474e-15	1.030904798121129299e-06	5.869664982198671539e-05	5.103937630890944405e-02	1.896062369109076384e-02	6.545060969118496376e-17	1.895869998047192487e-02
2.200000000000000178e+00	1.015338710440265822e-03	1.778494344130455277e-09	2.344797128611414576e-15	9.790304429415654618e-04	7.428399692051333737e-08	8.138714223183088892e-28	1.389835895249265961e-09	1.689032562011676991e-06	1.802536329162340711e-06	4.176348308581934584e-15	1.030912696918480226e-06	5.720995187924597826e-05	5.103793259571500623e-02	1.896206740428518778e-02	6.573825379347891007e-17	1.896019058395486540e-02
2.209999999999999964e+00	1.015342497882178651e-03	1.733455227020331422e-09	2.285416792191708972e-15	9.791151839452284268e-04	7.428286617659839662e-08	8.138590336454074024e-28	1.354639930410867110e-09	1.646268285409095589e-06	1.756838143999605856e-06	4.070791006519368038e-15	1.030920388005600582e-06	5.576094212250696293e-05	5.103652548245018322e-02	1.896347451755000732e-02	6.602589346064197163e-17	1.896164339653569689e-02
2.220000000000000195e+00	1.015346185804841001e-03	1.689557484044672536e-09	2.227541262802734122e-15	9.791977789619520263e-04	7.428176408491496751e-08	8.138469588925071386e-28	1.320335863558981784e-09	1.604587269875957154e-06	1.712300546179062522e-06	3.967914521400371083e-15	1.030927877028417064e-06	5.434866353261257136e-05	5.103515403965959429e-02	1.896484596034059278e-02	6.631352880505906942e-17	1.896305937802630556e-02
2.229999999999999982e+00	1.015349776909724080e-03	1.646772151590766291e-09	2.171132354325910280e-15	9.792782823739977580e-04	7.428068991851130351e-08	8.138351900949686020e-28	1.286901063438646819e-09	1.563962049717933537e-06	1.668893958971011805e-06	3.867650534542000322e-15	1.030935169470606361e-06	5.297218347240666744e-05	5.103381736157108772e-02	1.896618263842910282e-02	6.660115993626363872e-17	1.896443946377628434e-02
2.240000000000000213e+00	1.015353273820833284e-03	1.605071002952724624e-09	2.116152852193118673e-15	9.793567471837183458e-04	7.427964296892944458e-08	8.138237194907742249e-28	1.254313474509207537e-09	1.524365856874242385e-06	1.626589564427503526e-06	3.769932479955768227e-15	1.030942270658664011e-06	5.163059306157849650e-05	5.103251456548834469e-02	1.896748543451184238e-02	6.688878696101017973e-17	1.896578456530061477e-02
2.250000000000000000e+00	1.015356679087116645e-03	1.564426529488991180e-09	2.062566488544444885e-15	9.794332250485889620e-04	7.427862254572689503e-08	8.138125395152885435e-28	1.222551602227550422e-09	1.485772603137503162e-06	1.585359283667196520e-06	3.674695498808060711e-15	1.030949185766798134e-06	5.032300656772159899e-05	5.103124479119925533e-02	1.896875520880092481e-02	6.717640998334490989e-17	1.896709557089098358e-02
2.260000000000000231e+00	1.015359995184794565e-03	1.524811922265696194e-09	2.010337918026461140e-15	9.795077663155079151e-04	7.427762797602298443e-08	8.138016427962854489e-28	1.191594498710591486e-09	1.448156862829108636e-06	1.545175757684164483e-06	3.581876395090775403e-15	1.030955919821646981e-06	4.904856081317327329e-05	5.103000720039954641e-02	1.896999279960062679e-02	6.746402910467472761e-17	1.896837334621132715e-02
2.270000000000000018e+00	1.015363224519610181e-03	1.486201054174083673e-09	1.959432694215547130e-15	9.795804200540018589e-04	7.427665860404068897e-08	8.137910221489316732e-28	1.161421748767849385e-09	1.411493855919282108e-06	1.506012328667153958e-06	3.491413592471065975e-15	1.030962477706841901e-06	4.780641459724821170e-05	5.102880097613148036e-02	1.897119902386867202e-02	6.775164442383420380e-17	1.896961873487785707e-02
2.280000000000000249e+00	1.015366369428998862e-03	1.448568462509172626e-09	1.909817246649289680e-15	9.796512340887197651e-04	7.427571379067059476e-08	8.137806705710070390e-28	1.132013456294086109e-09	1.375759431579884188e-06	1.467843021814736263e-06	3.403247092286524736e-15	1.030968864167408315e-06	4.659574813344505664e-05	5.102762532223712594e-02	1.897237467776302644e-02	6.803925603715113125e-17	1.897083255902396598e-02
2.290000000000000036e+00	1.015369432184186349e-03	1.411889331996146138e-09	1.861458858448237518e-15	9.797202550312026498e-04	7.427479291305368120e-08	8.137705812383815614e-28	1.103350231011504692e-09	1.340930052157479843e-06	1.430642527631257563e-06	3.317318432650917295e-15	1.030975083814085366e-06	4.541576250118579922e-05	5.102647946282551361e-02	1.897352053717460754e-02	6.832686403851001567e-17	1.897201561985070034e-02
2.300000000000000266e+00	1.015372414992216001e-03	1.376139478256908895e-09	1.814325644517722426e-15	9.797875283106976824e-04	7.427389536416377339e-08	8.137607475002039488e-28	1.075413175555477104e-09	1.306982777559363865e-06	1.394386184694261035e-06	3.233570648649212651e-15	1.030981141127108352e-06	4.426567911182611770e-05	5.102536264175402958e-02	1.897463735824602912e-02	6.861446851941435867e-17	1.897316869816269985e-02
2.310000000000000053e+00	1.015375319997904912e-03	1.341295331699158629e-09	1.768386530307339184e-15	9.798530982040505079e-04	7.427302055239276073e-08	8.137511628748312468e-28	1.048183872890410459e-09	1.273895250037104192e-06	1.359049962875180915e-06	3.151948233578991515e-15	1.030987040460831192e-06	4.314473918839723123e-05	5.102427412212295205e-02	1.897572587787708931e-02	6.890206956904716590e-17	1.897429255489046368e-02
2.319999999999999840e+00	1.015378149285735190e-03	1.307333921822460209e-09	1.723611231119411958e-15	9.799170078652315406e-04	7.427216790117303197e-08	8.137418210452169733e-28	1.021644374050828185e-09	1.241645679360818354e-06	1.324610447004741989e-06	3.072397101219899354e-15	1.030992786046908728e-06	4.205220325883705159e-05	5.102321318578295628e-02	1.897678681421704344e-02	6.918966727432982807e-17	1.897538793159901996e-02
2.330000000000000071e+00	1.015380904881682794e-03	1.274232861927401112e-09	1.679970231949478152e-15	9.799792993538220757e-04	7.427133684859044733e-08	8.137327158549091006e-28	9.957771861974289506e-10	1.210212828372946724e-06	1.291044820969585869e-06	2.994864549098557486e-15	1.030998381998329665e-06	4.098735066231554256e-05	5.102217913285574113e-02	1.897782086714424124e-02	6.947726171997967087e-17	1.897645555098338710e-02
2.339999999999999858e+00	1.015383588754984997e-03	1.241970334217355770e-09	1.637434767844166597e-15	9.800400136626480005e-04	7.427052684699694000e-08	8.137238413037588978e-28	9.705652609795785780e-10	1.179575998910733286e-06	1.258330852227279043e-06	2.919299222720142353e-15	1.031003832312937472e-06	3.994947906827678834e-05	5.102117128126656964e-02	1.897882871873338498e-02	6.976485298856587778e-17	1.897749611735135428e-02
2.350000000000000089e+00	1.015386202819845620e-03	1.210525075285247069e-09	1.595976804766695704e-15	9.800991907451068932e-04	7.426973736266343123e-08	8.137151915441147802e-28	9.459919831984295871e-10	1.149715018090713028e-06	1.226446876731352199e-06	2.845651080747036492e-15	1.031009140876889875e-06	3.893790400795921246e-05	5.102018896628929268e-02	1.897981103371062031e-02	7.005244116056418033e-17	1.897851031709365394e-02
2.359999999999999876e+00	1.015388748937087792e-03	1.179876361971516728e-09	1.555569020951782899e-15	9.801568695414215448e-04	7.426896787541287971e-08	8.137067608768057618e-28	9.220411597598808938e-10	1.120610224942279624e-06	1.195371784251269732e-06	2.773871361089728510e-15	1.031014311468010360e-06	3.795195841794370524e-05	5.101923154010287037e-02	1.898076845989701833e-02	7.034002631440988433e-17	1.897949881914208839e-02
2.370000000000000107e+00	1.015391228915750541e-03	1.150003997586265458e-09	1.516184788740677284e-15	9.802130880045699553e-04	7.426821787828911820e-08	8.136985437475118011e-28	8.986970089118941831e-10	1.092242457383794292e-06	1.165085004079301019e-06	2.703912547891406479e-15	1.031019347759024891e-06	3.699099219549870435e-05	5.101829837135938434e-02	1.898170162864045579e-02	7.062760852654977448e-17	1.898046227541577355e-02
2.379999999999999893e+00	1.015393644514632271e-03	1.120888298485214253e-09	1.477798156882684007e-15	9.802678831250708456e-04	7.426748687719796299e-08	8.136905347428297617e-28	8.759441497580933625e-10	1.064593039531590034e-06	1.135566491112872937e-06	2.635728339379865634e-15	1.031024253320694032e-06	3.605437176538469599e-05	5.101738884476327007e-02	1.898261115523653883e-02	7.091518787149263842e-17	1.898140132125588145e-02
2.390000000000000124e+00	1.015395997443784568e-03	1.092510080990296834e-09	1.440383833291047478e-15	9.803212909556633520e-04	7.426677439059651165e-08	8.136827285868728087e-28	8.537675920404716160e-10	1.037643769333307762e-06	1.106796712302241971e-06	2.569273616563263742e-15	1.031029031624845320e-06	3.514147965781842944e-05	5.101650236066127692e-02	1.898349763933849035e-02	7.120276442185849659e-17	1.898231657584920767e-02
2.399999999999999911e+00	1.015398289365955714e-03	1.064850648645998497e-09	1.403917168241493023e-15	9.803733466351542691e-04	7.426607994917591596e-08	8.136751201377926775e-28	8.321527261842749027e-10	1.011376906517262104e-06	1.078756633453665627e-06	2.504504412747038858e-15	1.031033686047296803e-06	3.425171409730703759e-05	5.101563833464307224e-02	1.898436166535667421e-02	7.149033824842641459e-17	1.898320864264073024e-02
2.410000000000000142e+00	1.015400521897988221e-03	1.037891779802664784e-09	1.368374138001851251e-15	9.804240844114393491e-04	7.426540309553516830e-08	8.136677043842052639e-28	8.110853135982183271e-10	9.857751608496577394e-07	1.051427706378397704e-06	2.441377883849630400e-15	1.031038219870694599e-06	3.338448860206601036e-05	5.101479619715210134e-02	1.898520380284759654e-02	7.177790942018147741e-17	1.898407810973563523e-02
2.419999999999999929e+00	1.015402696612172128e-03	1.011615715518327819e-09	1.333731328881620099e-15	9.804735376643411524e-04	7.426474338389408992e-08	8.136604764420474108e-28	7.905514772234308596e-10	9.608216806917665701e-07	1.024791856378215685e-06	2.379852279495556377e-15	1.031042636287258551e-06	3.253923159374547775e-05	5.101397539310650181e-02	1.898602460689315791e-02	7.206547800436012422e-17	1.898492555029096529e-02
2.430000000000000160e+00	1.015404815037551905e-03	9.860051477707437976e-10	1.299965921690514765e-15	9.805217389273442660e-04	7.426410037977415823e-08	8.136534315510789085e-28	7.705376923246537545e-10	9.365000418492914462e-07	9.988314700583579131e-07	2.319886914864768808e-15	1.031046938401432599e-06	3.171538601719429414e-05	5.101317538152968373e-02	1.898682461846993436e-02	7.235304406649469444e-17	1.898575152289712353e-02
2.439999999999999947e+00	1.015406878661194532e-03	9.610432079716272535e-10	1.267055676595438752e-15	9.805687199094682144e-04	7.426347365973984420e-08	8.136465650720494055e-28	7.510307775174371125e-10	9.127942367064465712e-07	9.735293834590946581e-07	2.261442143278008083e-15	1.031051129232458693e-06	3.091240897000112570e-05	5.101239563519059661e-02	1.898760436480905270e-02	7.264060767045660548e-17	1.898655657194962820e-02
2.450000000000000178e+00	1.015408888929414215e-03	9.367134557752098367e-10	1.234978918365499532e-15	9.806145115158764088e-04	7.426286281109285988e-08	8.136398724833480273e-28	7.320178860251846030e-10	8.896886636373849758e-07	9.488688704973146191e-07	2.204479329498259617e-15	1.031055211716856280e-06	3.012977134155602212e-05	5.101163564025287117e-02	1.898836435974681977e-02	7.292816887849847055e-17	1.898734122801126051e-02
2.459999999999999964e+00	1.015410847248958285e-03	9.129998681735318447e-10	1.203714521995054438e-15	9.806591438685488462e-04	7.426226743161909412e-08	8.136333493782305541e-28	7.134864971601320048e-10	8.671681166878722772e-07	9.248336317098475371e-07	2.148960823729190013e-15	1.031059188710836761e-06	2.936695746138561340e-05	5.101089489593342574e-02	1.898910510406630683e-02	7.321572775129527965e-17	1.898810600816496288e-02
2.470000000000000195e+00	1.015412754988157104e-03	8.898868288710053332e-10	1.173241898694953249e-15	9.807026463258781968e-04	7.426168712930068750e-08	8.136269914616641902e-28	6.954244080224262875e-10	8.452177755202310889e-07	9.014077832903864270e-07	2.094849936291745654e-15	1.031063062992628606e-06	2.862346475651914829e-05	5.101017291416960753e-02	1.898982708583015974e-02	7.350328434798440963e-17	1.898885141635759180e-02
2.479999999999999982e+00	1.015414613478037974e-03	8.673591179310492344e-10	1.143540982242490420e-15	9.807450475023255215e-04	7.426112152207650730e-08	8.136207945477064850e-28	6.778197254116914692e-10	8.238231956148140179e-07	8.785758464121793503e-07	2.042110912960873642e-15	1.031066837264742525e-06	2.789880341765130865e-05	5.100946921929488259e-02	1.899053078070491590e-02	7.379083872620459882e-17	1.898957794373488939e-02
2.490000000000000213e+00	1.015416424013398716e-03	8.454019016878426863e-10	1.114592215680884217e-15	9.807863752870845959e-04	7.426057023757322781e-08	8.136147545565545806e-28	6.606608579456532908e-10	8.029702987215025771e-07	8.563227368289363592e-07	1.990708910944851205e-15	1.031070514156148981e-06	2.719249607387574710e-05	5.100878334772289413e-02	1.899121665227691477e-02	7.407839094213408355e-17	1.899028606896781268e-02
2.500000000000000000e+00	1.015418187853854787e-03	8.240007229156872203e-10	1.086376538358398350e-15	9.808266568626521249e-04	7.426003291287068893e-08	8.136088675119766868e-28	6.439365083799562397e-10	7.826453635541823680e-07	8.346337547458422245e-07	1.940609975488556347e-15	1.031074096224396831e-06	2.650407747574544298e-05	5.100811484763965314e-02	1.899188515236018698e-02	7.436594105052746507e-17	1.899097625857053620e-02
2.510000000000000231e+00	1.015419906224847811e-03	8.031414912509952838e-10	1.058875373300533883e-15	9.808659187226782643e-04	7.425950919425555519e-08	8.136031295386144141e-28	6.276356661252950985e-10	7.628350167235450658e-07	8.134945749551854321e-07	1.891781017087957400e-15	1.031077585957669499e-06	2.583309418649726671e-05	5.100746327870352148e-02	1.899253672129633946e-02	7.465348910475204641e-17	1.899164896721025619e-02
2.520000000000000018e+00	1.015421580318625911e-03	7.828104738579361870e-10	1.032070614903452017e-15	9.809041866894142522e-04	7.425899873698462295e-08	8.135975368593873443e-28	6.117475999548441504e-10	7.435262238998015102e-07	7.928912372270565405e-07	1.844189789293780690e-15	1.031080985776766818e-06	2.517910428115082672e-05	5.100682821175301501e-02	1.899317178824687022e-02	7.494103515682288747e-17	1.899230463800902213e-02
2.530000000000000249e+00	1.015423211295191520e-03	7.629942863337792412e-10	1.005944616943426574e-15	9.809414859308681744e-04	7.425850120506551832e-08	8.135920857930907790e-28	5.962618508989082734e-10	7.247062812015915564e-07	7.728101369507096343e-07	1.797804867094180030e-15	1.031084298037029494e-06	2.454167705335160644e-05	5.100620922852200367e-02	1.899379077147791278e-02	7.522857925743715737e-17	1.899294370283791458e-02
2.540000000000000036e+00	1.015424800283221867e-03	7.436798838462693316e-10	9.804801808922114226e-16	9.809778409771920289e-04	7.425801627101881323e-08	8.135867727517890109e-28	5.811682253207998971e-10	7.063628068039074240e-07	7.532380160183971221e-07	1.752595625857500599e-15	1.031087525030212102e-06	2.392039272971026160e-05	5.100560592136227367e-02	1.899439407863766013e-02	7.551612145600751317e-17	1.899356658260357641e-02
2.550000000000000266e+00	1.015426348380959326e-03	7.248545524974878501e-10	9.556605445310043760e-16	9.810132757371190990e-04	7.425754361568019026e-08	8.135815942386507320e-28	5.664567881696199068e-10	6.884837327598227725e-07	7.341619539457096864e-07	1.708532220821326645e-15	1.031090668986280708e-06	2.331484219145814763e-05	5.100501789297318123e-02	1.899498210702680462e-02	7.580366180069475129e-17	1.899417368752749288e-02
2.560000000000000053e+00	1.015427856657074007e-03	7.065059009085238060e-10	9.314693708555382319e-16	9.810478135136579958e-04	7.425708292798433020e-08	8.135765468455754811e-28	5.521178564055079814e-10	6.710572970307025260e-07	7.155693592223000899e-07	1.665585567113700063e-15	1.031093732075171092e-06	2.272462670323464090e-05	5.100444475613814810e-02	1.899555524386186897e-02	7.609120033843960849e-17	1.899476541741801708e-02
2.569999999999999840e+00	1.015429326151501841e-03	6.886218520190631063e-10	9.078907372645182280e-16	9.810814770192027509e-04	7.425663390473911153e-08	8.135716272507269991e-28	5.381419925927634450e-10	6.540720357193638037e-07	6.974479608866845712e-07	1.623727320291920688e-15	1.031096716408485146e-06	2.214935764881515969e-05	5.100388613346806127e-02	1.899611386653199743e-02	7.637873711499350278e-17	1.899534216193553976e-02
2.580000000000000071e+00	1.015430757876256435e-03	6.711906350964207953e-10	8.849091250241945375e-16	9.811142883909291373e-04	7.425619625045764647e-08	8.135668322166864754e-28	5.245199986565619715e-10	6.375167755010448779e-07	6.797858003192524210e-07	1.582929857385393788e-15	1.031099624041140471e-06	2.158865627360244177e-05	5.100334165715110502e-02	1.899665834284897450e-02	7.666627217494895387e-17	1.899590430085078968e-02
2.589999999999999858e+00	1.015432152816214033e-03	6.542007779486105224e-10	8.625094090019424468e-16	9.811462692050226548e-04	7.425576967713458485e-08	8.135621585880058129e-28	5.112429097990481766e-10	6.213806262471067387e-07	6.625712232477094113e-07	1.543166258429160873e-15	1.031102456972963642e-06	2.104215343370583748e-05	5.100281096870909470e-02	1.899718903129101258e-02	7.695380556176870939e-17	1.899645220429651074e-02
2.600000000000000089e+00	1.015433511929877443e-03	6.376410993361979205e-10	8.406768476619189871e-16	9.811774404911175005e-04	7.425535390407223416e-08	8.135576032893007860e-28	4.983019885707019009e-10	6.056529738365289562e-07	6.457928719593298223e-07	1.504410288475144168e-15	1.031105217150237109e-06	2.050948935143818191e-05	5.100229371875993761e-02	1.899770628124021477e-02	7.724133731781458762e-17	1.899698623301281086e-02
2.609999999999999876e+00	1.015434836150115464e-03	6.215007015778379093e-10	8.193970733160792661e-16	9.812078227461674181e-04	7.425494865769545632e-08	8.135531633232229473e-28	4.856887190929952075e-10	5.903234731504075412e-07	6.294396777145836724e-07	1.466636380068536201e-15	1.031107906467204793e-06	1.999031337706495598e-05	5.100178956678624170e-02	1.899821043321394537e-02	7.752886748437535881e-17	1.899750673858607158e-02
2.620000000000000107e+00	1.015436126384881496e-03	6.057689633445960194e-10	7.986560826240864993e-16	9.812374359477265238e-04	7.425455367135356794e-08	8.135488357682914485e-28	4.733948014285175871e-10	5.753820412448532964e-07	6.135008533569141192e-07	1.429819616177277970e-15	1.031110526767527499e-06	1.948428375664714492e-05	5.100129818090983619e-02	1.899870181909034741e-02	7.781639610169389922e-17	1.899801406368185550e-02
2.629999999999999893e+00	1.015437383517905478e-03	5.904355326375769718e-10	7.784402273349487452e-16	9.812662995674545623e-04	7.425416868516873456e-08	8.135446177771612598e-28	4.614121460942728931e-10	5.608188506971222761e-07	5.979658861128511053e-07	1.393935713561165739e-15	1.031113079845917906e-06	1.899106740580013060e-05	5.100081923767210007e-02	1.899918076232811476e-02	7.810392320899367961e-17	1.899850854227189481e-02
2.640000000000000124e+00	1.015438608409375632e-03	5.754903199457169171e-10	7.587362052658859350e-16	9.812944325836821594e-04	7.425379344584962348e-08	8.135405065749181150e-28	4.497328687158162870e-10	5.466243231220925123e-07	5.828245305791152565e-07	1.358961006573014790e-15	1.031115567448362277e-06	1.851033968926820358e-05	5.100035242181971684e-02	1.899964757818053615e-02	7.839144884450477298e-17	1.899899049985511595e-02
2.649999999999999911e+00	1.015439801896584867e-03	5.609234915771028647e-10	7.395310515107291952e-16	9.813218534939723882e-04	7.425342770651663699e-08	8.135364994564968935e-28	4.383492848166782273e-10	5.327891228526580266e-07	5.680668018895622266e-07	1.324872431374904219e-15	1.031117991275768625e-06	1.804178420609464607e-05	5.099989742609616072e-02	1.900010257390412002e-02	7.867897304548885164e-17	1.899946025367316507e-02
2.660000000000000142e+00	1.015440964794572841e-03	5.467254631607006234e-10	7.208121298719880731e-16	9.813485803274347042e-04	7.425307122656002114e-08	8.135325937857908877e-28	4.272539047412656302e-10	5.193041507814059635e-07	5.536829690589214537e-07	1.291647510563237269e-15	1.031120352982926775e-06	1.758509258029591283e-05	5.099945395103831075e-02	1.900054604896200122e-02	7.896649584826388836e-17	1.899991811292038243e-02
2.669999999999999929e+00	1.015442097896739624e-03	5.328868933137719830e-10	7.025671245121132161e-16	9.813746306564005012e-04	7.425272377145989771e-08	8.135287869933507143e-28	4.164394287069235099e-10	5.061605383588333521e-07	5.396635484980269005e-07	1.259264338189592900e-15	1.031122654180925156e-06	1.713996425687706974e-05	5.099902170477838698e-02	1.900097829522194928e-02	7.925401728822790854e-17	1.900036437894837837e-02
2.680000000000000160e+00	1.015443201975443736e-03	5.193986774706365747e-10	6.847840318171864749e-16	9.814000216082487214e-04	7.425238511265104333e-08	8.135250765749673209e-28	4.058987419821483304e-10	4.933496417441993113e-07	5.259992976961358435e-07	1.227701565167665804e-15	1.031124896438135055e-06	1.670610630305422844e-05	5.099860040285086188e-02	1.900139959714952295e-02	7.954153739988250806e-17	1.900079934546543628e-02
2.689999999999999947e+00	1.015444277782582422e-03	5.062519418687230567e-10	6.674511524680244288e-16	9.814247698764020506e-04	7.425205502735031975e-08	8.135214600897794934e-28	3.956249101876531892e-10	4.808630361051271459e-07	5.126812090659815378e-07	1.196938385056079505e-15	1.031127081281383758e-06	1.628323321455045093e-05	5.099818976800429143e-02	1.900181023199612115e-02	7.982905621685543450e-17	1.900122329873077387e-02
2.700000000000000178e+00	1.015445326050156728e-03	4.934380376878414457e-10	6.505570837132974545e-16	9.814488917315980672e-04	7.425173329843042623e-08	8.135179351588941713e-28	3.856111747171323416e-10	4.686925100621379626e-07	4.997005039472750409e-07	1.166954520207197802e-15	1.031129210197102703e-06	1.587106672683388464e-05	5.099778953001807280e-02	1.900221046998237795e-02	8.011657377192276144e-17	1.900163651774392296e-02
2.709999999999999964e+00	1.015446347490816864e-03	4.809485353387698213e-10	6.340907118395047944e-16	9.814724030324526241e-04	7.425141971426506458e-08	8.135144994636896430e-28	3.758509482746693074e-10	4.568300602744334879e-07	4.870486267645358052e-07	1.137730208272417901e-15	1.031131284632434551e-06	1.546933563117178467e-05	5.099739942552369842e-02	1.900260057447675233e-02	8.040409009703052059e-17	1.900203927442913401e-02
2.720000000000000195e+00	1.015447342798393455e-03	4.687752188973076677e-10	6.180412048327373889e-16	9.814953192358768629e-04	7.425111406858653173e-08	8.135111507442507553e-28	3.663378105257875991e-10	4.452678861633021526e-07	4.747172393351959728e-07	1.109246189054576163e-15	1.031133305996312096e-06	1.507777559537594664e-05	5.099701919783072163e-02	1.900298080216973953e-02	8.069160522331569281e-17	1.900243183381521844e-02
2.729999999999999982e+00	1.015448312648413193e-03	4.569100806800899826e-10	6.023980052273362540e-16	9.815176554073420066e-04	7.425081616035654719e-08	8.135078867979599921e-28	3.570655038592444431e-10	4.339983847696572381e-07	4.626982153240730760e-07	1.081483691698447604e-15	1.031135275660503712e-06	1.469612898911962711e-05	5.099664859675707984e-02	1.900335140324338826e-02	8.097911918112671857e-17	1.900281445421080767e-02
2.740000000000000213e+00	1.015449257698599304e-03	4.453453159585051335e-10	5.871508231366352401e-16	9.815394262307518877e-04	7.425052579362973520e-08	8.135047054779970756e-28	3.480279292567200259e-10	4.230141457422600821e-07	4.509836348403737126e-07	1.054424422210475107e-15	1.031137194960630646e-06	1.432414471370787357e-05	5.099628737846377546e-02	1.900371262153669957e-02	8.126663200004353987e-17	1.900318738737498750e-02
2.750000000000000000e+00	1.015450178589356618e-03	4.340733178072053401e-10	5.722896294611481905e-16	9.815606460182905394e-04	7.425024277743756795e-08	8.135016046920704888e-28	3.392191422676507549e-10	4.123079464533159178e-07	4.395657791735265569e-07	1.028050551299179867e-15	1.031139065197151051e-06	1.396157803618752613e-05	5.099593530529374780e-02	1.900406469470672377e-02	8.155414370889692739e-17	1.900355087868372747e-02
2.760000000000000231e+00	1.015451075944245147e-03	4.230866720837398113e-10	5.578046492696323054e-16	9.815813287195847888e-04	7.424996692564264947e-08	8.134985824008191435e-28	3.306333490865032017e-10	4.018727472381723208e-07	4.284371256642148521e-07	1.002344702527861359e-15	1.031140887636319680e-06	1.360819042768494864e-05	5.099559214561488057e-02	1.900440785438559099e-02	8.184165433578767196e-17	1.900390516729198037e-02
2.770000000000000018e+00	1.015451950370435241e-03	4.123781525359760671e-10	5.436863553486291203e-16	9.816014879309327684e-04	7.424969805681945598e-08	8.134956366165051589e-28	3.222649027298807850e-10	3.917016867559757623e-07	4.175903427070988615e-07	9.772899407714907418e-16	1.031142663511115806e-06	1.326374940586352819e-05	5.099525767366698548e-02	1.900474232633348609e-02	8.212916390810490097e-17	1.900425048629173289e-02
2.780000000000000249e+00	1.015452802459156870e-03	4.019407160340196994e-10	5.299254619161469288e-16	9.816211369044996853e-04	7.424943599415262586e-08	8.134927654019017913e-28	3.141082993108962939e-10	3.817880774681780248e-07	4.070182848817903321e-07	9.528697609698450068e-16	1.031144394022150188e-06	1.292802838139473522e-05	5.099493166941271305e-02	1.900506833058777587e-02	8.241667245254427140e-17	1.900458706286592761e-02
2.790000000000000036e+00	1.015453632786127679e-03	3.917674979234627080e-10	5.165129184953048701e-16	9.816402885565766231e-04	7.424918056528536713e-08	8.134899668686310685e-28	3.061581744083331584e-10	3.721254012319127810e-07	3.967139882087547878e-07	9.290680771692182758e-16	1.031146080338538992e-06	1.260080650834035310e-05	5.099461391839219676e-02	1.900538608160829215e-02	8.270417999512533718e-17	1.900491511843857215e-02
2.800000000000000266e+00	1.015454441911976466e-03	3.818518074968480975e-10	5.034399039438342372e-16	9.816589554766642044e-04	7.424893160224948463e-08	8.134872391763975369e-28	2.984092995281641230e-10	3.627073050052897352e-07	3.866706655268843356e-07	9.058692118451649942e-16	1.031147723598758661e-06	1.228186853834511775e-05	5.099430421158153426e-02	1.900569578841897547e-02	8.299168656120886705e-17	1.900523486882091731e-02
2.810000000000000053e+00	1.015455230382647598e-03	3.721871235803334352e-10	4.906978206354613449e-16	9.816771499353358753e-04	7.424868894132268143e-08	8.134845805314245471e-28	2.908565786550717725e-10	3.535275966617737966e-07	3.768817019895928805e-07	8.832578854990274579e-16	1.031149324911471563e-06	1.197100467854258523e-05	5.099400234525466175e-02	1.900599765474584105e-02	8.327919217551348470e-17	1.900554652435400629e-02
2.819999999999999840e+00	1.015455998729800427e-03	3.627670902326040075e-10	4.782782887892810980e-16	9.816948838924990928e-04	7.424845242293445878e-08	8.134819891854230777e-28	2.834950448916672112e-10	3.445802409108552945e-07	3.673406506763438254e-07	8.612192065210912265e-16	1.031150885356331726e-06	1.166801045307871947e-05	5.099370812084902393e-02	1.900629187915147539e-02	8.356669686213187730e-17	1.900585029004748724e-02
2.830000000000000071e+00	1.015456747471192014e-03	3.535855125531701695e-10	4.661731409433454755e-16	9.817121690051534410e-04	7.424822189155205780e-08	8.134794634343428083e-28	2.763198571831676665e-10	3.358593553223100992e-07	3.580412283166293889e-07	8.397386613134934996e-16	1.031152405984767924e-06	1.137268656816074987e-05	5.099342134483438038e-02	1.900657865516611200e-02	8.385420064454674535e-17	1.900614636571504659e-02
2.839999999999999858e+00	1.015457477111053131e-03	3.446363525972549297e-10	4.543744165687827536e-16	9.817290166351099346e-04	7.424799719558148899e-08	8.134770016172882098e-28	2.693262971253526208e-10	3.273592064514110879e-07	3.489773111234794889e-07	8.188021046661294411e-16	1.031153887820741346e-06	1.108483878054113696e-05	5.099314182858515065e-02	1.900685817141534173e-02	8.414170354564613613e-17	1.900643494610618559e-02
2.850000000000000089e+00	1.015458188140449516e-03	3.359137253945424870e-10	4.428743568208458235e-16	9.817454378565726274e-04	7.424777818727560270e-08	8.134746021155092501e-28	2.625097658536635173e-10	3.190742060625117413e-07	3.401429307336592430e-07	7.983957503789984525e-16	1.031155331861480610e-06	1.080427776934834672e-05	5.099286938825592364e-02	1.900713061174458610e-02	8.442920558773865394e-17	1.900671622103484310e-02
2.859999999999999876e+00	1.015458881037637926e-03	3.274118950691458614e-10	4.316653994234142292e-16	9.817614434633505083e-04	7.424756472263063195e-08	8.134722633512697737e-28	2.558657810113882398e-10	3.109989074485091580e-07	3.315322702518040822e-07	7.785061621246320789e-16	1.031156739078207670e-06	1.053081901117930805e-05	5.099260384466010321e-02	1.900739615534039958e-02	8.471670679256795541e-17	1.900699037550462531e-02
2.870000000000000107e+00	1.015459556268406794e-03	3.191252710581960120e-10	4.207401736835158162e-16	9.817770439758746748e-04	7.424735666128501177e-08	8.134699837867379414e-28	2.493899737948952443e-10	3.031280018437314146e-07	3.231396603957888546e-07	7.591202445443610928e-16	1.031158110416825605e-06	1.026428265836960083e-05	5.099234502315180828e-02	1.900765497684870839e-02	8.500420718132729411e-17	1.900725758983086780e-02
2.879999999999999893e+00	1.015460214286411896e-03	3.110484044265496003e-10	4.100914956325765167e-16	9.817922496482734025e-04	7.424715386643794485e-08	8.134677619230956777e-28	2.430780860739687611e-10	2.954563149278823443e-07	3.149595757407243330e-07	7.402252345723999876e-16	1.031159446798601753e-06	1.000449342036058611e-05	5.099209275351050674e-02	1.900790724649000299e-02	8.529170677467326402e-17	1.900751803975963411e-02
2.890000000000000124e+00	1.015460855533499443e-03	3.031759842751472992e-10	3.997123632911375671e-16	9.818070704749584567e-04	7.424695620474733412e-08	8.134655962994170940e-28	2.369259675853115873e-10	2.879788034187162461e-07	3.069866310590213942e-07	7.218086929818373525e-16	1.031160749120822468e-06	9.751280448083854080e-06	5.099184686982886905e-02	1.900815313017164068e-02	8.557920559273949364e-17	1.900777189658362995e-02
2.899999999999999911e+00	1.015461480440021805e-03	2.955028342406469849e-10	3.895959520539134061e-16	9.818215161973579876e-04	7.424676354625356297e-08	8.134634854918380226e-28	2.309295731973634362e-10	2.806905517511937048e-07	2.992155777540520742e-07	7.038584961468196928e-16	1.031162018257437286e-06	9.504477221286279000e-06	5.099160721040325861e-02	1.900839278959724071e-02	8.586670365514985941e-17	1.900801932725521004e-02
2.910000000000000142e+00	1.015462089425143901e-03	2.880239090839901153e-10	3.797356101920994487e-16	9.818355963103352242e-04	7.424657576429459351e-08	8.134614281126215189e-28	2.250849602446041122e-10	2.735867688409066016e-07	2.916413003849777322e-07	6.863628280153259089e-16	1.031163255059675356e-06	9.263921438720144436e-06	5.099137361762714343e-02	1.900862638237335936e-02	8.615420098103142796e-17	1.900826049449649488e-02
2.919999999999999929e+00	1.015462682897140707e-03	2.807342913656461925e-10	3.701248544699582448e-16	9.818493200681021466e-04	7.424639273539725510e-08	8.134594228089683053e-28	2.193882859295799533e-10	2.666627849296401209e-07	2.842588132804028600e-07	6.693101722871143397e-16	1.031164460356655302e-06	9.029454911125509245e-06	5.099114593788713068e-02	1.900885406211338599e-02	8.644169758902697930e-17	1.900849555690666687e-02
2.930000000000000160e+00	1.015463261253688474e-03	2.736291882053116428e-10	3.607573658727507898e-16	9.818626964908244454e-04	7.424621433923469423e-08	8.134574682625531087e-28	2.138358047909164098e-10	2.599140485109702127e-07	2.770632572385527245e-07	6.526893047915298866e-16	1.031165634955973487e-06	8.800923456933162063e-06	5.099092402146163799e-02	1.900907597853886480e-02	8.672919349730735737e-17	1.900872466906659147e-02
2.939999999999999947e+00	1.015463824882144230e-03	2.667039281239214395e-10	3.516269854431910860e-16	9.818757343701689511e-04	7.424604045851819253e-08	8.134555631883342078e-28	2.084238662356446908e-10	2.533361233338708300e-07	2.700498963117543469e-07	6.364892860600439160e-16	1.031166779644270892e-06	8.578176800618960010e-06	5.099070772242233346e-02	1.900929227757817974e-02	8.701668872358329069e-17	1.900894798164073918e-02
2.950000000000000178e+00	1.015464374159820524e-03	2.599539579658653467e-10	3.427277102236452890e-16	9.818884422753281112e-04	7.424587097893775532e-08	8.134537063339064585e-28	2.031489121341946059e-10	2.469246854823377681e-07	2.632141146730354726e-07	6.206994540884750775e-16	1.031167895187793427e-06	8.361068473641665327e-06	5.099049689853774048e-02	1.900950310146277966e-02	8.730418328511724988e-17	1.900916564147647064e-02
2.959999999999999964e+00	1.015464909454253436e-03	2.533748398993739716e-10	3.340536893013875443e-16	9.819008285584724435e-04	7.424570578907278936e-08	8.134518964785239281e-28	1.980074744764643552e-10	2.406755205291046460e-07	2.565514135627390918e-07	6.053094172840351032e-16	1.031168982332931913e-06	8.149455717898485804e-06	5.099029141117959046e-02	1.900970858882091927e-02	8.759167719873457802e-17	1.900937779170092448e-02
2.970000000000000195e+00	1.015465431123457364e-03	2.469622484930729522e-10	3.255992199542812684e-16	9.819129013602407186e-04	7.424554478031866245e-08	8.134501324322889802e-28	1.929961730874033286e-10	2.345845207615580966e-07	2.500574083130810837e-07	5.903090475924175158e-16	1.031170041806746397e-06	7.943199391633920772e-06	5.099009112523146536e-02	1.900990887476905131e-02	8.787917048083476888e-17	1.900958457181531683e-02
2.979999999999999982e+00	1.015465939516180900e-03	2.407119678667741228e-10	3.173587438943325778e-16	9.819246686153121090e-04	7.424538784683126247e-08	8.134484130355512189e-28	1.881117134006003755e-10	2.286476824780243755e-07	2.437278254486539474e-07	5.756884738003094774e-16	1.031171074317476915e-06	7.742163877739498203e-06	5.098989590899964675e-02	1.901010409100087339e-02	8.816666314740199329e-17	1.900978611778694760e-02
2.990000000000000213e+00	1.015466434972149903e-03	2.346198889146025913e-10	3.093268436066148824e-16	9.819361380574910970e-04	7.424523488544729688e-08	8.134467371580316433e-28	1.833508842883907160e-10	2.228611033526304594e-07	2.375584998609150222e-07	5.614380750088000977e-16	1.031172080555044295e-06	7.546216994383165815e-06	5.098970563412642126e-02	1.901029436587409888e-02	8.845415521401595832e-17	1.900998256213873999e-02
3.000000000000000000e+00	1.015466917822305162e-03	2.286820065986288388e-10	3.014982387811464866e-16	9.819473172246603269e-04	7.424508579560592890e-08	8.134451036979643806e-28	1.787105559470524601e-10	2.172209798670057856e-07	2.315453720547636704e-07	5.475484742733055460e-16	1.031173061191530006e-06	7.355229907909253942e-06	5.098952017550544002e-02	1.901047982449508705e-02	8.874164669586182962e-17	1.901017403403662889e-02
3.010000000000000231e+00	1.015467388389035492e-03	2.228944173111976273e-10	2.938677828353415518e-16	9.819582134639739338e-04	7.424494047930068198e-08	8.134435115815695285e-28	1.741876778356796267e-10	2.117236048071149215e-07	2.256844854653463588e-07	5.340105324057110814e-16	1.031174016881645623e-06	7.169077047950736844e-06	5.098933941119929841e-02	1.901066058880122867e-02	8.902913760774046203e-17	1.901036065937469419e-02
3.020000000000000018e+00	1.015467846986401954e-03	2.172533163042174104e-10	2.864304595247402144e-16	9.819688339366165405e-04	7.424479884100901692e-08	8.134419597622806251e-28	1.697792766673754474e-10	2.063653648235772075e-07	2.199719838432921823e-07	5.208153419345822707e-16	1.031174948263195944e-06	6.987636024697758681e-06	5.098916322235918369e-02	1.901083677764132951e-02	8.931662796407791515e-17	1.901054256085806665e-02
3.030000000000000249e+00	1.015468293920357076e-03	2.117549951836924512e-10	2.791813796397580203e-16	9.819791856224022262e-04	7.424466078762107521e-08	8.134404472199669170e-28	1.654824544514234422e-10	2.011427380538487357e-07	2.144041087066143267e-07	5.079542212193625452e-16	1.031175855957517965e-06	6.810787548267121384e-06	5.098899149314661122e-02	1.901100850685389504e-02	8.960411777893517855e-17	1.901071985808383200e-02
3.040000000000000036e+00	1.015468729488958879e-03	2.063958394678503444e-10	2.721157777862802782e-16	9.819892753244738922e-04	7.424452622838672628e-08	8.134389729603502399e-28	1.612943865851499481e-10	1.960522918047048954e-07	2.089771968575719979e-07	4.954187087146231459e-16	1.031176740569917734e-06	6.638415350119504313e-06	5.098882411065706194e-02	1.901117588934344432e-02	8.989160706601715741e-17	1.901089266761980118e-02
3.050000000000000266e+00	1.015469153982577304e-03	2.011723262072338952e-10	2.652290092479493695e-16	9.819991096738154950e-04	7.424439507485847213e-08	8.134375360143811827e-28	1.572123199942032870e-10	1.910906802934833414e-07	2.036876779628172526e-07	4.832005573804956989e-16	1.031177602690089001e-06	6.470406106471964896e-06	5.098866096484563903e-02	1.901133903515488111e-02	9.017909583868197854e-17	1.901106110308129968e-02
3.060000000000000053e+00	1.015469567684096743e-03	1.960810216651905223e-10	2.585165469280837703e-16	9.820086951333900117e-04	7.424426724081643201e-08	8.134361354374161556e-28	1.532335713200260431e-10	1.862546424466013980e-07	1.985320721952124445e-07	4.712917292355527585e-16	1.031178442892524241e-06	6.306649363655123573e-06	5.098850194845451489e-02	1.901149805154600178e-02	9.046658410994948305e-17	1.901122527520602429e-02
3.070000000000000284e+00	1.015469970869111631e-03	1.911185790572149152e-10	2.519739783691890867e-16	9.820180380027540221e-04	7.424414264223913302e-08	8.134347703088975801e-28	1.493555251533135679e-10	1.815409997538859720e-07	1.935069879357265011e-07	4.596843900484657458e-16	1.031179261736912542e-06	6.147037465365291039e-06	5.098834695694238334e-02	1.901165304305811599e-02	9.075407189251008863e-17	1.901138529192701251e-02
3.080000000000000071e+00	1.015470363806118131e-03	1.862817363476545465e-10	2.455970028480961497e-16	9.820271444218532826e-04	7.424402119722189052e-08	8.134334397314597484e-28	1.455756323122940933e-10	1.769466541773062223e-07	1.886091195338771638e-07	4.483709041648970165e-16	1.031180059768527765e-06	5.991465481763477992e-06	5.098819588841558420e-02	1.901180411158492900e-02	9.104155919873278917e-17	1.901154125844367604e-02
3.089999999999999858e+00	1.015470746756700401e-03	1.815673141023115272e-10	2.393814285447959259e-16	9.820360203752845091e-04	7.424390282593973723e-08	8.134321428305238144e-28	1.418914081646855845e-10	1.724685861127195855e-07	1.838352451252129036e-07	4.373438294661447658e-16	1.031180837518608858e-06	5.839831140374053417e-06	5.098804864356091399e-02	1.901195135643959921e-02	9.132904604067358563e-17	1.901169327729114109e-02
3.100000000000000089e+00	1.015471119975710134e-03	1.769722133955256787e-10	2.333231697831018402e-16	9.820446716961573046e-04	7.424378745058948087e-08	8.134308787536608646e-28	1.383004309922228737e-10	1.681038524032903328e-07	1.791822245043760797e-07	4.265959124561762289e-16	1.031181595504721114e-06	5.692034758737426854e-06	5.098790512558031701e-02	1.901209487442020313e-02	9.161653243008330076e-17	1.901184144840775692e-02
3.109999999999999876e+00	1.015471483711442207e-03	1.724934137703500890e-10	2.274182443413105375e-16	9.820531040698086359e-04	7.424367499532915453e-08	8.134296466699305949e-28	1.348003403966703058e-10	1.638495844032669610e-07	1.746469970523228972e-07	4.161200834737544004e-16	1.031182334231115741e-06	5.547979178771977075e-06	5.098776524012708922e-02	1.901223475987343092e-02	9.190401837841529511e-17	1.901198586920089736e-02
3.120000000000000107e+00	1.015471838205808577e-03	1.681279712504682897e-10	2.216627708310804016e-16	9.820613230377653758e-04	7.424356538624502210e-08	8.134284457695180937e-28	1.313888357462648269e-10	1.597029860908375731e-07	1.702265797163092286e-07	4.059094520264498287e-16	1.031183054189082226e-06	5.407569702801750677e-06	5.098762889524380976e-02	1.901237110475672426e-02	9.219150389683301051e-17	1.901212663461114213e-02
3.129999999999999893e+00	1.015472183694501786e-03	1.638730164025415075e-10	2.160529661427962077e-16	9.820693340012354340e-04	7.424345855129158454e-08	8.134272752630766444e-28	1.280636746615642257e-10	1.556613322288216560e-07	1.659180650412988529e-07	3.959573022434302101e-16	1.031183755857278038e-06	5.270714031207602657e-06	5.098749600130170201e-02	1.901250399869881466e-02	9.247898899621727938e-17	1.901226383717476154e-02
3.140000000000000124e+00	1.015472520407158892e-03	1.597257524476982757e-10	2.105851429557259292e-16	9.820771422247511102e-04	7.424335442025077665e-08	8.134261343812827178e-28	1.248226715396950625e-10	1.517219665719784755e-07	1.617186192514693795e-07	3.862570884439700110e-16	1.031184439702065967e-06	5.137322201660348041e-06	5.098736647094173624e-02	1.901263352905877696e-02	9.276647368717358473e-17	1.901239756708464693e-02
3.149999999999999911e+00	1.015472848567519322e-03	1.556834534209240334e-10	2.052557073113279551e-16	9.820847528395262177e-04	7.424325292467806143e-08	8.134250223742437048e-28	1.216636961160289969e-10	1.478823001197549243e-07	1.576254803805410968e-07	3.768024308187356451e-16	1.031185106177830696e-06	5.007306529895831122e-06	5.098724021901704373e-02	1.901275978098346947e-02	9.305395798003885169e-17	1.901252791224971456e-02
3.160000000000000142e+00	1.015473168393577971e-03	1.517434623771255281e-10	2.000611562480968283e-16	9.820921708469439616e-04	7.424315399786598116e-08	8.134239385110973920e-28	1.185846720623310332e-10	1.441398094133124407e-07	1.536359564496740547e-07	3.675871112209475849e-16	1.031185755727289664e-06	4.880581551992521874e-06	5.098711716253685744e-02	1.901288283746366270e-02	9.334144188488842407e-17	1.901265495835277597e-02
3.169999999999999929e+00	1.015473480097733730e-03	1.479031896426922202e-10	1.949980754963913309e-16	9.820994011218193032e-04	7.424305757479817940e-08	8.134228820795108120e-28	1.155835756204585927e-10	1.404920348757159471e-07	1.497474236917216445e-07	3.586050690646192490e-16	1.031186388781800331e-06	4.757063968113605226e-06	5.098699722061190986e-02	1.901300277938861027e-02	9.362892541154264640e-17	1.901277878890691997e-02
3.180000000000000160e+00	1.015473783886936942e-03	1.441601111113907415e-10	1.900631372317133889e-16	9.821064484154143435e-04	7.424296359209233214e-08	8.134218523850544351e-28	1.126584342707026257e-10	1.369365791941839298e-07	1.459573248206509401e-07	3.498503973271270812e-16	1.031187005761651549e-06	4.636672587676117568e-06	5.098688031440119783e-02	1.901311968559935006e-02	9.391640856957323643e-17	1.901289948531050683e-02
3.189999999999999947e+00	1.015474079962830345e-03	1.405117665834727957e-10	1.852530978849593020e-16	9.821133173588698223e-04	7.424287198798165867e-08	8.134208487509975125e-28	1.098073254338957101e-10	1.334711057433366078e-07	1.422631673449791867e-07	3.413173386534518842e-16	1.031187607076355162e-06	4.519328275911047726e-06	5.098676636706000326e-02	1.901323363294054464e-02	9.420389136830964532e-17	1.901301712690078860e-02
3.200000000000000178e+00	1.015474368521885901e-03	1.369557581468927544e-10	1.805647960081896963e-16	9.821200124661298627e-04	7.424278270226527749e-08	8.134198705177658518e-28	1.070283752064248896e-10	1.300933370483977459e-07	1.386625219240981606e-07	3.330002815594860445e-16	1.031188193124921287e-06	4.404953901778865142e-06	5.098665530368942655e-02	1.901334469631111787e-02	9.449137381684519599e-17	1.901313179100606876e-02
3.209999999999999964e+00	1.015474649755540538e-03	1.334897485995701629e-10	1.759951501945139307e-16	9.821265381366982294e-04	7.424269567625251391e-08	8.134189170423328693e-28	1.043197571273172004e-10	1.268010532873406861e-07	1.351530207663939407e-07	3.248937567318836258e-16	1.031188764296136139e-06	4.293474287206145013e-06	5.098654705128704417e-02	1.901345294871348637e-02	9.477885592404303653e-17	1.901324355299662677e-02
3.220000000000000195e+00	1.015474923850324734e-03	1.301114599116502797e-10	1.715411570507078079e-16	9.821328986589212932e-04	7.424261085275379445e-08	8.134179876981166337e-28	1.016796909765799972e-10	1.235920908309856117e-07	1.317323560680907541e-07	3.169924334219766524e-16	1.031189320968820806e-06	4.184816157609594574e-06	5.098644153869885676e-02	1.901355846130168073e-02	9.506633769854200737e-17	1.901335248633435199e-02
3.229999999999999982e+00	1.015475190987991756e-03	1.268186717267519906e-10	1.671998892212338819e-16	9.821390982124890683e-04	7.424252817601893254e-08	8.134170818743052692e-28	9.910644160400643157e-11	1.204643408200910015e-07	1.283982784917832912e-07	3.092911159313692580e-16	1.031189863512096787e-06	4.078908093674905322e-06	5.098633869657243078e-02	1.901366130342809282e-02	9.535381914876223724e-17	1.901345866262103487e-02
3.240000000000000213e+00	1.015475451345641258e-03	1.236092199012063967e-10	1.629684934623479980e-16	9.821451408712985904e-04	7.424244759170930876e-08	8.134161989755552626e-28	9.659831778766699500e-11	1.174157477784943956e-07	1.251485956836391976e-07	3.017847401868535674e-16	1.031190392285632272e-06	3.975680484358358296e-06	5.098623845731131005e-02	1.901376154268919969e-02	9.564130028291076384e-17	1.901356215164554803e-02
3.250000000000000000e+00	1.015475705095838545e-03	1.204809950803275800e-10	1.588441887650317630e-16	9.821510306061787335e-04	7.424236904686547189e-08	8.134153384216302186e-28	9.415367112133910991e-11	1.144443082613940709e-07	1.219811708282900339e-07	2.944683704023818531e-16	1.031190907639888624e-06	3.875065481080302114e-06	5.098614075503053039e-02	1.901385924496997587e-02	9.592878110898684628e-17	1.901366302142972614e-02
3.260000000000000231e+00	1.015475952406732097e-03	1.174319413107710109e-10	1.548242645255011916e-16	9.821567712874328809e-04	7.424229248986738122e-08	8.134144996469696646e-28	9.177089493013537207e-11	1.115480695378750399e-07	1.188939212404431899e-07	2.873371958258598259e-16	1.031191409916358187e-06	3.776996953080048707e-06	5.098604552551325164e-02	1.901395447448726850e-02	9.621626163478740086e-17	1.901376133827317044e-02
3.270000000000000018e+00	1.015476193442169366e-03	1.144600546880659235e-10	1.509060787620909813e-16	9.821623666874132550e-04	7.424221787040251053e-08	8.134136821003391062e-28	8.944842321361797103e-11	1.087251283068150173e-07	1.158848169922836685e-07	2.803865275686104283e-16	1.031191899447796796e-06	3.681410443902829020e-06	5.098595270616845115e-02	1.901404729383206552e-02	9.650374186791183282e-17	1.901385716679684229e-02
3.280000000000000249e+00	1.015476428361805194e-03	1.115633820384263792e-10	1.470870563773316927e-16	9.821678204829712138e-04	7.424214513943048445e-08	8.134128852444422382e-28	8.718472961569879549e-11	1.059736294453203961e-07	1.129518795757467063e-07	2.736117955153837786e-16	1.031192376558447182e-06	3.588243128989921019e-06	5.098586223598982475e-02	1.901413776401067804e-02	9.679122181576733654e-17	1.901395056998560207e-02
3.290000000000000036e+00	1.015476657321213267e-03	1.087400196339742747e-10	1.433646874640779817e-16	9.821731362578197278e-04	7.424207424914698689e-08	8.134121085555234687e-28	8.497832642064821513e-11	1.032917647888703317e-07	1.100931805987781085e-07	2.670085453128769667e-16	1.031192841564264067e-06	3.497433774344040725e-06	5.098577405551565911e-02	1.901422594448486450e-02	9.707870148557355468e-17	1.901404160922966213e-02
3.300000000000000266e+00	1.015476880471989987e-03	1.059881119405213288e-10	1.397365256545632656e-16	9.821783175051454397e-04	7.424200515297116145e-08	8.134113515232342916e-28	8.282776357454647774e-11	1.006777719423613436e-07	1.073068405147095607e-07	2.605724354347431355e-16	1.031193294773123389e-06	3.408922696242590071e-06	5.098568810678955066e-02	1.901431189321096948e-02	9.736618088436744700e-17	1.901413034436495383e-02
3.310000000000000053e+00	1.015477097961855948e-03	1.033058503970966206e-10	1.362001865113076756e-16	9.821833676295578432e-04	7.424193780548948226e-08	8.134106136500137552e-28	8.073162773154146433e-11	9.812993312127966074e-08	1.045910273839173181e-07	2.542992343211724709e-16	1.031193736485032146e-06	3.322651721972481134e-06	5.098560433332247066e-02	1.901439566667804254e-02	9.765366001900778929e-17	1.901421683371250573e-02
3.320000000000000284e+00	1.015477309934758286e-03	1.006914722263745958e-10	1.327533459587668781e-16	9.821882899495595291e-04	7.424187216244258523e-08	8.134098944509458668e-28	7.868854132425320355e-11	9.564657402220147401e-08	1.019439556669026941e-07	2.481848175910537692e-16	1.031194166992331691e-06	3.238564151559401608e-06	5.098552268005551724e-02	1.901447731994500290e-02	9.794113889617985724e-17	1.901430113411683304e-02
3.330000000000000071e+00	1.015477516530967177e-03	9.814325927527235403e-11	1.293937387547551160e-16	9.821930876997009285e-04	7.424180818069477488e-08	8.134091934534281233e-28	7.669716165775296886e-11	9.322606272192615816e-08	9.936388504804611286e-08	2.422251653249877435e-16	1.031194586579898896e-06	3.156604720467917681e-06	5.098544309332367352e-02	1.901455690667687437e-02	9.822861752239962961e-17	1.901438330098331395e-02
3.339999999999999858e+00	1.015477717887168204e-03	9.565953688495636021e-11	1.261191570006431536e-16	9.821977640325925928e-04	7.424174581819682109e-08	8.134085101967591487e-28	7.475618002652414152e-11	9.086680860452338509e-08	9.684911928925939975e-08	2.364163594173622434e-16	1.031194995525330388e-06	3.076719563248005358e-06	5.098536552082048867e-02	1.901463447918004881e-02	9.851609590401822554e-17	1.901446338831462232e-02
3.350000000000000089e+00	1.015477914136559724e-03	9.323867278941541201e-11	1.229274486892185370e-16	9.822023220210430224e-04	7.424168503396307594e-08	8.134078442318920653e-28	7.286432085374551173e-11	8.856726131549331173e-08	9.439800511267639989e-08	2.307545809955019014e-16	1.031195394099136938e-06	2.998856178100808204e-06	5.098528991156377893e-02	1.901471008843676549e-02	9.880357404722602145e-17	1.901454144874630339e-02
3.359999999999999876e+00	1.015478105408937001e-03	9.087907604198794341e-11	1.198165162894003763e-16	9.822067646601487928e-04	7.424162578805020526e-08	8.134071951211993449e-28	7.102034085241853269e-11	8.632590974246027360e-08	9.200893111175633731e-08	2.252361079044478998e-16	1.031195782564923881e-06	2.922963392343960584e-06	5.098521621586197400e-02	1.901478378413858430e-02	9.909105195805669393e-17	1.901461753358136067e-02
3.370000000000000107e+00	1.015478291830785012e-03	8.857919596907741079e-11	1.167843153668003613e-16	9.822110948691563457e-04	7.424156804152247352e-08	8.134065624380912966e-28	6.922302820774078637e-11	8.414128102167263407e-08	8.968032669001859313e-08	2.198573122555639077e-16	1.031196161179567934e-06	2.848991328751784565e-06	5.098514438528146953e-02	1.901485561471907143e-02	9.937852964239120102e-17	1.901469169282403102e-02
3.379999999999999893e+00	1.015478473525358678e-03	8.633752115037890820e-11	1.138288532392361824e-16	9.822153154935195883e-04	7.424151175643681484e-08	8.134059457668569691e-28	6.747120178019583862e-11	8.201193956966771777e-08	8.741066102671931234e-08	2.146146580373727637e-16	1.031196530193391685e-06	2.776891372748587899e-06	5.098507437261482617e-02	1.901492562738572173e-02	9.966600710596165258e-17	1.901476397521263337e-02
3.390000000000000124e+00	1.015478650612770904e-03	8.415257842494213570e-11	1.109481876663076947e-16	9.822194293064624455e-04	7.424145689579472421e-08	8.134053447021321507e-28	6.576371032883250516e-11	7.993648613946012141e-08	8.519844206877905704e-08	2.095046987870316892e-16	1.031196889850332789e-06	2.706616140433307062e-06	5.098500613184960700e-02	1.901499386815093395e-02	9.995348435435513133e-17	1.901483442825167500e-02
3.399999999999999911e+00	1.015478823210068902e-03	8.202293192241728692e-11	1.081404255721757442e-16	9.822234390112795366e-04	7.424140342355371888e-08	8.134047588490274365e-28	6.409943175422326133e-11	7.791355690063572943e-08	8.304221554829835890e-08	2.045240753209105137e-16	1.031197240388105324e-06	2.638119447414496969e-06	5.098493961813820724e-02	1.901506038186231984e-02	1.002409613930172304e-16	1.901490309824306266e-02
3.410000000000000142e+00	1.015478991431316381e-03	7.994718211884351467e-11	1.054037218006969742e-16	9.822273472426307130e-04	7.424135130456742402e-08	8.134041878224724656e-28	6.247727236060039483e-11	7.594182254274183575e-08	8.094056402500524967e-08	1.996695135227621940e-16	1.031197582038362638e-06	2.571356278435015862e-06	5.098487478776833615e-02	1.901512521223220828e-02	1.005284382272558126e-16	1.901497003031658514e-02
3.419999999999999929e+00	1.015479155387668132e-03	7.792396491635896872e-11	1.027362779020983272e-16	9.822311565686515662e-04	7.424130050459099901e-08	8.134036312472724217e-28	6.089616613668638871e-11	7.401998740138595405e-08	7.889210595300453752e-08	1.949378221880246329e-16	1.031197915026851080e-06	2.506282757766453924e-06	5.098481159813422064e-02	1.901518840186632031e-02	1.008159148622443265e-16	1.901503526845957706e-02
3.430000000000000160e+00	1.015479315187444624e-03	7.595195074622405312e-11	1.001363409503875878e-16	9.822348694923969340e-04	7.424125099024028138e-08	8.134030887576639222e-28	5.935507405474135460e-11	7.214678860646525646e-08	7.689549477120628649e-08	1.903258909228214469e-16	1.031198239573560989e-06	2.442856120353681154e-06	5.098475000770863463e-02	1.901524999229189591e-02	1.011033913030253312e-16	1.901509885554586096e-02
3.439999999999999947e+00	1.015479470936207253e-03	7.402984369456911867e-11	9.760220239072416101e-17	9.822384884535571934e-04	7.424120272897493873e-08	8.134025599971282977e-28	5.785298338736851511e-11	7.032099525196830024e-08	7.494941801683525551e-08	1.858306880962742747e-16	1.031198555892878733e-06	2.381034683690588371e-06	5.098468997601558750e-02	1.901531002398494305e-02	1.013908675545137629e-16	1.901516083336392618e-02
3.450000000000000178e+00	1.015479622736825986e-03	7.215638065028673675e-11	9.513219691598610996e-17	9.822420158301786719e-04	7.424115568908617357e-08	8.134020446182558124e-28	5.638890704162451781e-11	6.854140758679939751e-08	7.305259646142998864e-08	1.814492588447658412e-16	1.031198864193725836e-06	2.320777820408358276e-06	5.098463146360367876e-02	1.901536853639683791e-02	1.016783436215001274e-16	1.901522124264442767e-02
3.459999999999999964e+00	1.015479770689550277e-03	7.033033047451118992e-11	9.272470137179739731e-17	9.822454539399178529e-04	7.424110983965239966e-08	8.134015422822646036e-28	5.496188290999863100e-11	6.680685622609598107e-08	7.120378326876346203e-08	1.771787231268374886e-16	1.031199164679700855e-06	2.262045931558306910e-06	5.098457443202018130e-02	1.901542556798033537e-02	1.019658195086536923e-16	1.901528012308697710e-02
3.470000000000000195e+00	1.015479914892075414e-03	6.855049319113422537e-11	9.037813368929047721e-17	9.822488050420751220e-04	7.424106515055743995e-08	8.134010526591943969e-28	5.357097323783075808e-11	6.511620138251667771e-08	6.940176317412418138e-08	1.730162738274273679e-16	1.031199457549215539e-06	2.204800420571570088e-06	5.098451884378572829e-02	1.901548115621480226e-02	1.022532952205256182e-16	1.901533751338622957e-02
3.479999999999999982e+00	1.015480055439609312e-03	6.681569919782646064e-11	8.809095184490336033e-17	9.822520713384861983e-04	7.424102159242607273e-08	8.134005754272041090e-28	5.221526400675347863e-11	6.346833211699715002e-08	6.764535168441793145e-08	1.689591749102023991e-16	1.031199742995631206e-06	2.149003667878567084e-06	5.098446466236966623e-02	1.901553533763086432e-02	1.025407707615518178e-16	1.901539345125734248e-02
3.490000000000000213e+00	1.015480192424934088e-03	6.512480849704179271e-11	8.586165284652271009e-17	9.822552549753733007e-04	7.424097913663495036e-08	8.134001102726905870e-28	5.089386433374961791e-11	6.186216560847663078e-08	6.593339429855768535e-08	1.650047596167523409e-16	1.031200021207380287e-06	2.094619006171405527e-06	5.098441185216605331e-02	1.901558814783447030e-02	1.028282461360559391e-16	1.901544797346079591e-02
3.500000000000000000e+00	1.015480325938470686e-03	6.347670994650154866e-11	8.368877174530963705e-17	9.822583580446858729e-04	7.424093775528884266e-08	8.133996568900270935e-28	4.960590588543222079e-11	6.029664644211882612e-08	6.426476574762854334e-08	1.611504287114625545e-16	1.031200292368102066e-06	2.041610696293026296e-06	5.098436037847026148e-02	1.901563962153026907e-02	1.031157213482521880e-16	1.901550111582652955e-02
3.510000000000000231e+00	1.015480456068337204e-03	6.187032052866073824e-11	8.157088067255142740e-17	9.822613825853595583e-04	7.424089742119330689e-08	8.133992149812653787e-28	4.835054230715809730e-11	5.877074591555427847e-08	6.263836925432286991e-08	1.573936487708984917e-16	1.031200556656758088e-06	1.989943903737093907e-06	5.098431020745609887e-02	1.901568979254444208e-02	1.034031964022482248e-16	1.901555291327752806e-02
3.520000000000000018e+00	1.015480582900409826e-03	6.030458463867902172e-11	7.950658790091042213e-17	9.822643305847512506e-04	7.424085810784399390e-08	8.133987842560187339e-28	4.712694866660172580e-11	5.728346136269115237e-08	6.105313581115779075e-08	1.537319505165747704e-16	1.031200814247755401e-06	1.939584675743237555e-06	5.098426130615360541e-02	1.901573869384692861e-02	1.036906713020476173e-16	1.901560339985276793e-02
3.530000000000000249e+00	1.015480706518377685e-03	5.877847339042395664e-11	7.749453692944692042e-17	9.822672039799084775e-04	7.424081978940651792e-08	8.133983644312402948e-28	4.593432091142048833e-11	5.583381549464677291e-08	5.950802347699559607e-08	1.501629271900024137e-16	1.031201065311063236e-06	1.890499918972462289e-06	5.098421364242740339e-02	1.901578635757313757e-02	1.039781460515526385e-16	1.901565260872962321e-02
3.540000000000000036e+00	1.015480827003801189e-03	5.729098394005199411e-11	7.553340559181693071e-17	9.822700046588912597e-04	7.424078244070318194e-08	8.133979552310772167e-28	4.477187534065611227e-11	5.442085575736775818e-08	5.800201669140439820e-08	1.466842329689443568e-16	1.031201310012323122e-06	1.842657377748094442e-06	5.098416718495549227e-02	1.901583281504505216e-02	1.042656206545668428e-16	1.901570057224566748e-02
3.550000000000000266e+00	1.015480944436165153e-03	5.584113882671987512e-11	7.362190518705479975e-17	9.822727344619397970e-04	7.424074603719088866e-08	8.133975563866292480e-28	4.363884808952261503e-11	5.304365370551504360e-08	5.653412560640313451e-08	1.432935814238270815e-16	1.031201548512965561e-06	1.796025612847854133e-06	5.098412190320871645e-02	1.901587809679182450e-02	1.045530951147975315e-16	1.901574732191993466e-02
3.560000000000000053e+00	1.015481058892933434e-03	5.442798532999385004e-11	7.175877963237082968e-17	9.822753951827583804e-04	7.424071055495040705e-08	8.133971676358344731e-28	4.253449462724273209e-11	5.170130439220239861e-08	5.510338543515177558e-08	1.399887440132931614e-16	1.031201780970312525e-06	1.750573980833145918e-06	5.098407776743068415e-02	1.901592223256986028e-02	1.048405694358581311e-16	1.901579288847363158e-02
3.570000000000000284e+00	1.015481170449598382e-03	5.305059484353166693e-11	6.994280463740266980e-17	9.822779885695969923e-04	7.424067597066371415e-08	8.133967887232131785e-28	4.145808926760076712e-11	5.039292577418584988e-08	5.370885581715393099e-08	1.367675486178962428e-16	1.031202007537684812e-06	1.706272613901886742e-06	5.098403474861815110e-02	1.901596525138238639e-02	1.051280436212706592e-16	1.901583730185036486e-02
3.580000000000000071e+00	1.015481279179732436e-03	5.170806226462693722e-11	6.817278689938048339e-17	9.822805163265000902e-04	7.424064226160582920e-08	8.133964193997869576e-28	4.040892469189122169e-11	4.911765813211417757e-08	5.234962019955454367e-08	1.336278781109727480e-16	1.031202228364504963e-06	1.663092400251658964e-06	5.098399281850204273e-02	1.901600718149848782e-02	1.054155176744679548e-16	1.901588059123580227e-02
3.589999999999999858e+00	1.015481385155037357e-03	5.039950539921200117e-11	6.644756331867244700e-17	9.822829801143689085e-04	7.424060940562576860e-08	8.133960594228647277e-28	3.938631148394738334e-11	4.787466350545698378e-08	5.102478523412202710e-08	1.305676689657436661e-16	1.031202443596392553e-06	1.621004964940191144e-06	5.098395194952878851e-02	1.901604805047174551e-02	1.057029915987960332e-16	1.901592278507688305e-02
3.600000000000000089e+00	1.015481488445391708e-03	4.912406438192890294e-11	6.476600023419671312e-17	9.822853815520612725e-04	7.424057738113249047e-08	8.133957085558900889e-28	3.838957767694504933e-11	4.666312514174017315e-08	4.973348018951786496e-08	1.275849098977278300e-16	1.031202653375267529e-06	1.579982651230613162e-06	5.098391211484225305e-02	1.901608788515829485e-02	1.059904653975161562e-16	1.901596391110050785e-02
3.609999999999999876e+00	1.015481589118897698e-03	4.788090111088622708e-11	6.312699267819506406e-17	9.822877222175421547e-04	7.424054616708725813e-08	8.133953665683584568e-28	3.741806831168261242e-11	4.548224695972595825e-08	4.847485637846502394e-08	1.246776405415702850e-16	1.031202857839440630e-06	1.539998502409169792e-06	5.098387328826603504e-02	1.901612671173452326e-02	1.062779390738071498e-16	1.901600399633176369e-02
3.620000000000000107e+00	1.015481687241926497e-03	4.666919869672910002e-11	6.152946364987741286e-17	9.822900036487117875e-04	7.424051574297409979e-08	8.133950332354920516e-28	3.647114500604610835e-11	4.433125302618330343e-08	4.724808659943614582e-08	1.218439501614091035e-16	1.031203057123709315e-06	1.501026244063409967e-06	5.098383544428629344e-02	1.901616455571426140e-02	1.065654126307672775e-16	1.901604306711169798e-02
3.629999999999999893e+00	1.015481782879160740e-03	4.548816092566049730e-11	5.997236340746014933e-17	9.822922273446843718e-04	7.424048608880646572e-08	8.133947083383141547e-28	3.554818553537677526e-11	4.320938704590617574e-08	4.605236459249460794e-08	1.190819763939336315e-16	1.031203251359438653e-06	1.463040266809213312e-06	5.098379855803500393e-02	1.901620144196555784e-02	1.068528860714164838e-16	1.901608114911465183e-02
3.640000000000000124e+00	1.015481876093640929e-03	4.433701173605983626e-11	5.845466877813104193e-17	9.822943947664845681e-04	7.424045718509240729e-08	8.133943916632672390e-28	3.464858342346416161e-11	4.211591186464232496e-08	4.488690450892680201e-08	1.163899040232992795e-16	1.031203440674659791e-06	1.426015609455236971e-06	5.098376260527353460e-02	1.901623739472703759e-02	1.071403593986982182e-16	1.901611826736511468e-02
3.649999999999999911e+00	1.015481966946804029e-03	4.321499470835476623e-11	5.697538248548766764e-17	9.822965073382906431e-04	7.424042901284299429e-08	8.133940830023035482e-28	3.377174754389617525e-11	4.105010898460727919e-08	4.375094039431795080e-08	1.137659637870947392e-16	1.031203625194150000e-06	1.389927942593738920e-06	5.098372756237676273e-02	1.901627243762380945e-02	1.074278326154814569e-16	1.901615444625417636e-02
3.660000000000000142e+00	1.015482055498528359e-03	4.212137256780946813e-11	5.553353249400501910e-17	9.822985664482140108e-04	7.424040155354813484e-08	8.133937821526228639e-28	3.291710173150273917e-11	4.001127809226318556e-08	4.264372568472818933e-08	1.112084312125695095e-16	1.031203805039516106e-06	1.354753552606930022e-06	5.098369340631753177e-02	1.901630659368304388e-02	1.077153057245626010e-16	1.901618970955558374e-02
3.669999999999999929e+00	1.015482141807168281e-03	4.105542669990363163e-11	5.412817137010283445e-17	9.823005734491498976e-04	7.424037478915971412e-08	8.133934889164866818e-28	3.208408440363855391e-11	3.899873659805328280e-08	4.156453271563798536e-08	1.087156254823569319e-16	1.031203980329273478e-06	1.320469326078367285e-06	5.098366011465153141e-02	1.901633988534905811e-02	1.080027787286672510e-16	1.901622408044132545e-02
3.680000000000000160e+00	1.015482225929596706e-03	4.001645667798143541e-11	5.275837565939025189e-17	9.823025296598786749e-04	7.424034870209585601e-08	8.133932031012639501e-28	3.127214819105451177e-11	3.801181918778798035e-08	4.051265224333727460e-08	1.062859083289408149e-16	1.031204151178928397e-06	1.287052734599080561e-06	5.098362766550248310e-02	1.901637233449809949e-02	1.082902516304520441e-16	1.901625758149693216e-02
3.689999999999999947e+00	1.015482307921242383e-03	3.900377980286141032e-11	5.142324527967931907e-17	9.823044363656990331e-04	7.424032327521139606e-08	8.133929245191087489e-28	3.048075957811582541e-11	3.704987738538865009e-08	3.948739297844433269e-08	1.039176829571400812e-16	1.031204317701052813e-06	1.254481819958473924e-06	5.098359603754785280e-02	1.901640396245273326e-02	1.085777244325063298e-16	1.901629023473626334e-02
3.700000000000000178e+00	1.015482387836125254e-03	3.801673065410253764e-11	5.012190292936687510e-17	9.823062948195152196e-04	7.424029849180553121e-08	8.133926529870422600e-28	2.970939855212925678e-11	3.611227912670025925e-08	3.848808113124466114e-08	1.016093929938966909e-16	1.031204480005358669e-06	1.222735179710208735e-06	5.098356521000474428e-02	1.901643478999584178e-02	1.088651971373540193e-16	1.901632206161600266e-02
3.709999999999999964e+00	1.015482465726894176e-03	3.705466065263277162e-11	4.885349351079632780e-17	9.823081062423511672e-04	7.424027433558682682e-08	8.133923883265744838e-28	2.895755826154952895e-11	3.519840834409379367e-08	3.751405996855165212e-08	9.935952146467679926e-17	1.031204638198772440e-06	1.191791953103611291e-06	5.098353516261631274e-02	1.901646483738428373e-02	1.091526697474551014e-16	1.901635308304976818e-02
3.720000000000000195e+00	1.015482541644860100e-03	3.611693763445067343e-11	4.761718356821889836e-17	9.823098718244776314e-04	7.424025079068764262e-08	8.133921303638529341e-28	2.822474468283899379e-11	3.430766456158392002e-08	3.656468938179541614e-08	9.716658979580818089e-17	1.031204792385504588e-06	1.161631807371295513e-06	5.098350587563837272e-02	1.901649412436221681e-02	1.094401422652073435e-16	1.901638331942184443e-02
3.729999999999999982e+00	1.015482615640031635e-03	3.520294543512126742e-11	4.641216073998570714e-17	9.823115927259120066e-04	7.424022784163176023e-08	8.133918789293200482e-28	2.751047629576254841e-11	3.343946250019677904e-08	3.563934546605569891e-08	9.502915684209701043e-17	1.031204942667119658e-06	1.132234924364024257e-06	5.098347732982650565e-02	1.901652267017409081e-02	1.097276146929477213e-16	1.901641279060057449e-02
3.740000000000000213e+00	1.015482687761147139e-03	3.431208348479097878e-11	4.523763322460868124e-17	9.823132700773680882e-04	7.424020547333904181e-08	8.133916338577519304e-28	2.681428376690284296e-11	3.259323169332748026e-08	3.473742010976081581e-08	9.294581793908182909e-17	1.031205089142603192e-06	1.103581987523966423e-06	5.098344950642332007e-02	1.901655049357726945e-02	1.100150870329541817e-16	1.901644151595147797e-02
3.750000000000000000e+00	1.015482758055708543e-03	3.344376641345688371e-11	4.409282926034086795e-17	9.823149049810419014e-04	7.424018367111813763e-08	8.133913949881885782e-28	2.613570964118881367e-11	3.176841611183495505e-08	3.385832059478250613e-08	9.091520397930063440e-17	1.031205231908427794e-06	1.075654169187817707e-06	5.098342238714621139e-02	1.901657761285437467e-02	1.103025592874469859e-16	1.901646951434990407e-02
3.760000000000000231e+00	1.015482826570010847e-03	3.259742366622896690e-11	4.297699661793153869e-17	9.823164985111559715e-04	7.424016242064357651e-08	8.133911621636772098e-28	2.547430804123350191e-11	3.096447379862688086e-08	3.300146920666208240e-08	8.893598051196060109e-17	1.031205371058618357e-06	1.048433118211388143e-06	5.098339595417527431e-02	1.901660404582531869e-02	1.105900314585902260e-16	1.901649680419347996e-02
3.770000000000000018e+00	1.015482893349174643e-03	3.177249912833359408e-11	4.188940210622458336e-17	9.823180517147304079e-04	7.424014170795130563e-08	8.133909352312232964e-28	2.482964437428414517e-11	3.018087651249530371e-08	3.216630285471222931e-08	8.700684686541873805e-17	1.031205506684810505e-06	1.021900947907552875e-06	5.098337019014161781e-02	1.901662980985896825e-02	1.108775035484931928e-16	1.901652340341420180e-02
3.780000000000000249e+00	1.015482958437174954e-03	3.096845075961047820e-11	4.082933109027291014e-17	9.823195656121809505e-04	7.424012151942247780e-08	8.133907140416169363e-28	2.420129504659117643e-11	2.941710938096762274e-08	3.135227270174264555e-08	8.512653529189276893e-17	1.031205638876316875e-06	9.960402242895866773e-07	5.098334507811595750e-02	1.901665492188462508e-02	1.111649755592118180e-16	1.901654932949019966e-02
3.790000000000000036e+00	1.015483021876869641e-03	3.018475023826335395e-11	3.979608702165347903e-17	9.823210411984170491e-04	7.424010184180694339e-08	8.133904984496866578e-28	2.358884718500867578e-11	2.867267056194575670e-08	3.055884380316646298e-08	8.329381013384050567e-17	1.031205767720178995e-06	9.708339546121867248e-07	5.098332060159747881e-02	1.901667939840310378e-02	1.114524474927499193e-16	1.901657459945725603e-02
3.800000000000000266e+00	1.015483083710031062e-03	2.942088261362962220e-11	3.878899098067274950e-17	9.823224794427696561e-04	7.424008266215972286e-08	8.133902883136036578e-28	2.299189836564276578e-11	2.794707091391002782e-08	2.978549475524879491e-08	8.150746701145643678e-17	1.031205893301233780e-06	9.462655762026036188e-07	5.098329674450296362e-02	1.901670325549760857e-02	1.117399193510608149e-16	1.901659922991999832e-02
3.810000000000000053e+00	1.015483143977370358e-03	2.867634596774059790e-11	3.780738123016206019e-17	9.823238812903339022e-04	7.424006396788580686e-08	8.133900834953752382e-28	2.241005634936973224e-11	2.723983367447157443e-08	2.903171735226637882e-08	7.976633203075164425e-17	1.031206015702164139e-06	9.223189455745689717e-07	5.098327349115629875e-02	1.901672650884427343e-02	1.120273911360481986e-16	1.901662323706276511e-02
3.820000000000000284e+00	1.015483202718565209e-03	2.795065108544976588e-11	3.685061278056910862e-17	9.823252476621937429e-04	7.424004574670174858e-08	8.133898838604204254e-28	2.184293882404949673e-11	2.655049414706130260e-08	2.829701625235126214e-08	7.806926101169308495e-17	1.031206135003553822e-06	8.989783278178204086e-07	5.098325082627805371e-02	1.901674917372250459e-02	1.123148628495676439e-16	1.901664663666031638e-02
3.830000000000000071e+00	1.015483259972287155e-03	2.724332113291226501e-11	3.591805696605979665e-17	9.823265794561305934e-04	7.424002798663565053e-08	8.133896892775730197e-28	2.129017315326554401e-11	2.587859939555010018e-08	2.758090865179964601e-08	7.641513873589628118e-17	1.031206251283943536e-06	8.762283862562777858e-07	5.098322873497556501e-02	1.901677126502498288e-02	1.126023344934277378e-16	1.901666944408815507e-02
3.839999999999999858e+00	1.015483315776226532e-03	2.655389134420358722e-11	3.500910103135108026e-17	9.823278775471595749e-04	7.424001067601514722e-08	8.133894996189488640e-28	2.075139613142525142e-11	2.522370794659873602e-08	2.688292396762995648e-08	7.480287821337258873e-17	1.031206364619879648e-06	8.540541723680347511e-07	5.098320720273306211e-02	1.901679279726749272e-02	1.128898060693913870e-16	1.901669167433265445e-02
3.850000000000000089e+00	1.015483370167117629e-03	2.588190871587179173e-11	3.412314772900334464e-17	9.823291427882166818e-04	7.423999380346817283e-08	8.133893147599517632e-28	2.022625374505999167e-11	2.458538949954216367e-08	2.620260352818206410e-08	7.323141996785086076e-17	1.031206475085966491e-06	8.324411159605559321e-07	5.098318621540214729e-02	1.901681378459841101e-02	1.131772775791767553e-16	1.901671334200088700e-02
3.859999999999999876e+00	1.015483423180762535e-03	2.522693170922242325e-11	3.325961492690787577e-17	9.823303760105939805e-04	7.423997735790607346e-08	8.133891345790925037e-28	1.971440094016821346e-11	2.396322464361762383e-08	2.553950027155320274e-08	7.169973134020056037e-17	1.031206582754919513e-06	8.113750155946111726e-07	5.098316575919251137e-02	1.901683424080805734e-02	1.134647490244585205e-16	1.901673446133023485e-02
3.870000000000000107e+00	1.015483474852054780e-03	2.458852996013957229e-11	3.241793522570989961e-17	9.823315780246252588e-04	7.423996132852678353e-08	8.133889589580214976e-28	1.921550139544760853e-11	2.335680458234988732e-08	2.489317845167180954e-08	7.020680580949785836e-17	1.031206687697603610e-06	7.908420292506321864e-07	5.098314582066283684e-02	1.901685417933772493e-02	1.137522204068692056e-16	1.901675504619774679e-02
3.879999999999999893e+00	1.015483525215003183e-03	2.396628399625332038e-11	3.159755558591752657e-17	9.823327496200134554e-04	7.423994570479223377e-08	8.133887877812814373e-28	1.872922730126840979e-11	2.276573086491336622e-08	2.426321335181631786e-08	6.875166233128850421e-17	1.031206789983089659e-06	7.708286652313785927e-07	5.098312638671204100e-02	1.901687361328854853e-02	1.140396917279997950e-16	1.901677511012928729e-02
3.890000000000000124e+00	1.015483574302754408e-03	2.335978496126648841e-11	3.079793696444925654e-17	9.823338915666561706e-04	7.423993047644480228e-08	8.133886209364875581e-28	1.825525914424136428e-11	2.218961512429368602e-08	2.364919100538933005e-08	6.733334469260992376e-17	1.031206889678697085e-06	7.513217732948992915e-07	5.098310744457053983e-02	1.901689255543004969e-02	1.143271629894010907e-16	1.901679466630836965e-02
3.899999999999999911e+00	1.015483622147613776e-03	2.276863434626033682e-11	3.001855396038296699e-17	9.823350046148269458e-04	7.423991563347568303e-08	8.133884583139811031e-28	1.779328549723956646e-11	2.162807882207718798e-08	2.305070792376412834e-08	6.595092088334927043e-17	1.031206986850037485e-06	7.323085360119854177e-07	5.098308898179198384e-02	1.901691101820860916e-02	1.146146341925845749e-16	1.901681372758484700e-02
3.910000000000000142e+00	1.015483668781068036e-03	2.219244372780142246e-11	2.925889446967153796e-17	9.823360894958194957e-04	7.423990116612998139e-08	8.133882998068861818e-28	1.734300281473521117e-11	2.108075299969973607e-08	2.246737083102339665e-08	6.460348248352199601e-17	1.031207081561057399e-06	7.137764603423986689e-07	5.098307098624500766e-02	1.901692901375559575e-02	1.149021053390236178e-16	1.901683230648339509e-02
3.919999999999999929e+00	1.015483714233804012e-03	2.163083451267869566e-11	2.851845934859988778e-17	9.823371469224464417e-04	7.423988706490180394e-08	8.133881453110529113e-28	1.690411523331764451e-11	2.054727803599252557e-08	2.189879640541630689e-08	6.329014406606874524e-17	1.031207173874082358e-06	6.957133694243698256e-07	5.098305344610525036e-02	1.901694655389533917e-02	1.151895764301541682e-16	1.901685041521167588e-02
3.930000000000000160e+00	1.015483758535732891e-03	2.108343768910164376e-11	2.779676208576039387e-17	9.823381775894994474e-04	7.423987332052689986e-08	8.133879947249808269e-28	1.647633437726059619e-11	2.002730341086404991e-08	2.134461102736284214e-08	6.201004261477583568e-17	1.031207263849858389e-06	6.781073945719279205e-07	5.098303634984763938e-02	1.901696365015295362e-02	1.154770474673758872e-16	1.901686806566840401e-02
3.939999999999999947e+00	1.015483801716005399e-03	2.054989358419693033e-11	2.709332848233232881e-17	9.823391821741766106e-04	7.423985992397497151e-08	8.133878479497318897e-28	1.605937916901139826e-11	1.952048747496411514e-08	2.080445053384036439e-08	6.076233695693763729e-17	1.031207351547590343e-06	6.609469674748337614e-07	5.098301968623876468e-02	1.901698031376182138e-02	1.157645184520530850e-16	1.901688526945116350e-02
3.950000000000000178e+00	1.015483843803032839e-03	2.002985162764325408e-11	2.640769634045408164e-17	9.823401613364621515e-04	7.423984686643837176e-08	8.133877048888076202e-28	1.565297564447715348e-11	1.902649722517758529e-08	2.027795997898962086e-08	5.954620721038546506e-17	1.031207437024982126e-06	6.442208125959578911e-07	5.098300344432951658e-02	1.901699655567106254e-02	1.160519893855154115e-16	1.901690203786402661e-02
3.959999999999999964e+00	1.015483884824508118e-03	1.952297012128972542e-11	2.573941515948405923e-17	9.823411157197658745e-04	7.423983413934193758e-08	8.133875654482567186e-28	1.525685677298675208e-11	1.854500808580087492e-08	1.976479340078365333e-08	5.836085424452087264e-17	1.031207520338274186e-06	6.279179397611229634e-07	5.098298761344789015e-02	1.901701238655268897e-02	1.163394602690589650e-16	1.901691838192496459e-02
3.970000000000000195e+00	1.015483924807420064e-03	1.902891601460545596e-11	2.508804583994971497e-17	9.823420459512568863e-04	7.423982173433085363e-08	8.133874295365425128e-28	1.487076228180994619e-11	1.807570369525682300e-08	1.926461359360505348e-08	5.720549915499630136e-17	1.031207601542281624e-06	6.120276369365226227e-07	5.098297218319195606e-02	1.901702781680862306e-02	1.166269311039469830e-16	1.901693431237311271e-02
3.979999999999999982e+00	1.015483963778074676e-03	1.854736468581364947e-11	2.445316039499087019e-17	9.823429526419700641e-04	7.423980964324187957e-08	8.133872970642263771e-28	1.449443848511850998e-11	1.761827569820825685e-08	1.877709188658253605e-08	5.607938275169956022e-17	1.031207680690429773e-06	5.965394631889815516e-07	5.098295714342306051e-02	1.901704285657751861e-02	1.169144018914108281e-16	1.901694983967580285e-02
3.990000000000000213e+00	1.015484001762110081e-03	1.807799972856521484e-11	2.383434166910673495e-17	9.823438363877170024e-04	7.423979785813639762e-08	8.133871679443304111e-28	1.412763811727660967e-11	1.717242354293300066e-08	1.830190792754031621e-08	5.498176505970264325e-17	1.031207757834788924e-06	5.814432418244083810e-07	5.098294248425911529e-02	1.901705751574146036e-02	1.172018726326506042e-16	1.901696497403548847e-02
4.000000000000000000e+00	1.015484038784515188e-03	1.762051274401280532e-11	2.323118306402269449e-17	9.823446977691677618e-04	7.423978637127205021e-08	8.133870420920283909e-28	1.377012017035123082e-11	1.673785428382777755e-08	1.783874947241868786e-08	5.391192483284888737e-17	1.031207833026110540e-06	5.667290536999512337e-07	5.098292819606815851e-02	1.901707180393242755e-02	1.174893433288360442e-16	1.901697972539640250e-02
4.009999999999999787e+00	1.015484074869645080e-03	1.717460313814748748e-11	2.264328827149556475e-17	9.823455373522724070e-04	7.423977517510038410e-08	8.133869194246186857e-28	1.342164973573538961e-11	1.631428238891060534e-08	1.738731218002659158e-08	5.286915907965594386e-17	1.031207906313859014e-06	5.523872307054391567e-07	5.098291426946194305e-02	1.901708573053863607e-02	1.177768139811073233e-16	1.901699410345110419e-02
4.020000000000000462e+00	1.015484110041238366e-03	1.673997792426502856e-11	2.207027101288181110e-17	9.823463556886363572e-04	7.423976426226242998e-08	8.133867998614731377e-28	1.308199784977990187e-11	1.590142955219505117e-08	1.694729941199098118e-08	5.185278260122302492e-17	1.031207977746245557e-06	5.384083494098175238e-07	5.098290069528988583e-02	1.901709930471071064e-02	1.180642845905757984e-16	1.901700811764684904e-02
4.030000000000000249e+00	1.015484144322429750e-03	1.631635153043311423e-11	2.151175478529901712e-17	9.823471533159226256e-04	7.423975362558665107e-08	8.133866833240200229e-28	1.275094134333330086e-11	1.549902451081424323e-08	1.651842203777270795e-08	5.086212754084102503e-17	1.031208047370257626e-06	5.247832248684454770e-07	5.098288746463291998e-02	1.901711253536767648e-02	1.183517551583245758e-16	1.901702177719183026e-02
4.040000000000000036e+00	1.015484177735770637e-03	1.590344561183102530e-11	2.096737261421136523e-17	9.823479307582377949e-04	7.423974325808682548e-08	8.133865697357164281e-28	1.242826269508935317e-11	1.510680286677267021e-08	1.610039824461842643e-08	4.989654294500438177e-17	1.031208115231694082e-06	5.115029045871156400e-07	5.098287456879772861e-02	1.901712543120286092e-02	1.186392256854095456e-16	1.901703509106117407e-02
4.049999999999999822e+00	1.015484210303238891e-03	1.550098886783965757e-11	2.043676681227802566e-17	9.823486885264442678e-04	7.423973315295495238e-08	8.133864590219725590e-28	1.211374988864699183e-11	1.472450691320978766e-08	1.569295335232517607e-08	4.895539433553953986e-17	1.031208181375192926e-06	4.985586626388795264e-07	5.098286199931102020e-02	1.901713800068956239e-02	1.189266961728596538e-16	1.901704806800287931e-02
4.060000000000000497e+00	1.015484242046255743e-03	1.510871686376127158e-11	1.991958874430538455e-17	9.823494271183495687e-04	7.423972330354583331e-08	8.133863511099818799e-28	1.180719627318813547e-11	1.435188546506083222e-08	1.529581963269484197e-08	4.803806329256652770e-17	1.031208245844258617e-06	4.859419939297835654e-07	5.098284974791393587e-02	1.901715025208665366e-02	1.192141666216780354e-16	1.901706071654353861e-02
4.070000000000000284e+00	1.015484272985699024e-03	1.472637185705181311e-11	1.941549859814888553e-17	9.823501470192434575e-04	7.423971370338842770e-08	8.133862459288466704e-28	1.150840042768203535e-11	1.398869369400363741e-08	1.490873613356017820e-08	4.714394704802020752e-17	1.031208308681293624e-06	4.736446086097605804e-07	5.098283780655659542e-02	1.901716219344398717e-02	1.195016370328421879e-16	1.901707304499397275e-02
4.080000000000000071e+00	1.015484303141918777e-03	1.435370262795137560e-11	1.892416516141322704e-17	9.823508487021616071e-04	7.423970434617747525e-08	8.133861434094851134e-28	1.121716602852657719e-11	1.363469296758275448e-08	1.453144850726592332e-08	4.627245808946243785e-17	1.031208369927628285e-06	4.616584266249835518e-07	5.098282616739288620e-02	1.901717383260769986e-02	1.197891074073051044e-16	1.901708506145466729e-02
4.089999999999999858e+00	1.015484332534748527e-03	1.399046431440165855e-11	1.844526560380487135e-17	9.823515326281156718e-04	7.423969522576335794e-08	8.133860434845202675e-28	1.093330172053991167e-11	1.328965069240540801e-08	1.416370884349303596e-08	4.542302377392610627e-17	1.031208429623543674e-06	4.499755724081214261e-07	5.098281482277523813e-02	1.901718517722535487e-02	1.200765777459955208e-16	1.901709677382110164e-02
4.099999999999999645e+00	1.015484361183519816e-03	1.363641825114194017e-11	1.797848526499337557e-17	9.823521992464870692e-04	7.423968633615489261e-08	8.133859460883118151e-28	1.065662099121730449e-11	1.295334016130610511e-08	1.380527550631530760e-08	4.459508595153555836e-17	1.031208487808300617e-06	4.385883697029891429e-07	5.098280376524962076e-02	1.901719623475097570e-02	1.203640480498186550e-16	1.901710818978894629e-02
4.110000000000000320e+00	1.015484389107072175e-03	1.329133181287748628e-11	1.752351744784191973e-17	9.823528489952403509e-04	7.423967767150891512e-08	8.133858511568405502e-28	1.038694204817064457e-11	1.262554040437929841e-08	1.345591297538144093e-08	4.378810059865635556e-17	1.031208544520163402e-06	4.274893365201968657e-07	5.098279298755064443e-02	1.901720701244993122e-02	1.206515183196569711e-16	1.901711931685910045e-02
4.120000000000000107e+00	1.015484416323771339e-03	1.295497826141782845e-11	1.708006321687192375e-17	9.823534823013074443e-04	7.423966922613418464e-08	8.133857586277525027e-28	1.012408769967019466e-11	1.230603604378257656e-08	1.311539169111823364e-08	4.300153746033323538e-17	1.031208599796430703e-06	4.166711802204832887e-07	5.098278248259683482e-02	1.901721751740375471e-02	1.209389885563704508e-16	1.901713016234264295e-02
4.129999999999999893e+00	1.015484442851515750e-03	1.262713659668353799e-11	1.664783120182776112e-17	9.823540995807563542e-04	7.423966099447892959e-08	8.133856684402201088e-28	9.867885238209544815e-12	1.199461715221431164e-08	1.278348790385252363e-08	4.223487970178009022e-17	1.031208653673453150e-06	4.061267927224885653e-07	5.098277224348584519e-02	1.901722775651473393e-02	1.212264587607974067e-16	1.901714073336564087e-02
4.139999999999999680e+00	1.015484468707749570e-03	1.230759141148461891e-11	1.622653740621417133e-17	9.823547012391962204e-04	7.423965297113714747e-08	8.133855805350155720e-28	9.618166327017986571e-12	1.169107911497344544e-08	1.245998352675323961e-08	4.148762356869366976e-17	1.031208706186660225e-06	3.958492458318352722e-07	5.098276226349009871e-02	1.901723773651048735e-02	1.215139289337547783e-16	1.901715103687378824e-02
4.150000000000000355e+00	1.015484493909476127e-03	1.199613274997421449e-11	1.581590502067919496e-17	9.823552876719523087e-04	7.423964515083832135e-08	8.133854948543933780e-28	9.374766889445018143e-12	1.139522249551027895e-08	1.214466599249642295e-08	4.075927805616714297e-17	1.031208757370585039e-06	3.858317866884296557e-07	5.098275253605220880e-02	1.901724746394836685e-02	1.218013990760390932e-16	1.901716107963702385e-02
4.160000000000000142e+00	1.015484518473268750e-03	1.169255596968512395e-11	1.541566424112081090e-17	9.823558592642876210e-04	7.423963752844074948e-08	8.133854113420194452e-28	9.137527001144759025e-12	1.110685290438017534e-08	1.183732811355908579e-08	4.004936458598574475e-17	1.031208807258885715e-06	3.760678333290026110e-07	5.098274305478078111e-02	1.901725694521979454e-02	1.220888691884264919e-16	1.901717086825395822e-02
4.169999999999999929e+00	1.015484542415278583e-03	1.139666160705791307e-11	1.502555209139687591e-17	9.823564163918179284e-04	7.423963009894075678e-08	8.133853299430728252e-28	8.906290784988958813e-12	1.082578087151365177e-08	1.153776794604974618e-08	3.935741669209171826e-17	1.031208855884367840e-06	3.665509703619584417e-07	5.098273381344613914e-02	1.901726618655441570e-02	1.223763392716735659e-16	1.901718040915617927e-02
4.179999999999999716e+00	1.015484565751250193e-03	1.110825524637278742e-11	1.464531225052272125e-17	9.823569594204872683e-04	7.423962285744858087e-08	8.133852506039805999e-28	8.680906308639957134e-12	1.055182172171945028e-08	1.124578865698648975e-08	3.868297971401255535e-17	1.031208903279005001e-06	3.572749447517059106e-07	5.098272480597631356e-02	1.901727519402425862e-02	1.226638093265177524e-16	1.901718970861254396e-02
4.190000000000000391e+00	1.015484588496526775e-03	1.082714739199864889e-11	1.427469488424210794e-17	9.823574887072013349e-04	7.423961579921513299e-08	8.133851732727100685e-28	8.461225484715951695e-12	1.028479545333832651e-08	1.096119839493486050e-08	3.802561049805024166e-17	1.031208949473959965e-06	3.482336617096857950e-07	5.098271602645291362e-02	1.901728397354765163e-02	1.229512793536778268e-16	1.901719877273326184e-02
4.200000000000000178e+00	1.015484610666065116e-03	1.055315334387570463e-11	1.391345648086140206e-17	9.823580045996626806e-04	7.423960891959865938e-08	8.133850978984053519e-28	8.247103973483186774e-12	1.002452661996808712e-08	1.068381016392080098e-08	3.738487710603520328e-17	1.031208994499609875e-06	3.394211806894039243e-07	5.098270746910743556e-02	1.901729253089315050e-02	1.232387493538543470e-16	1.901720760747386760e-02
4.209999999999999964e+00	1.015484632274441879e-03	1.028609307614927215e-11	1.356135969123832445e-17	9.823585074368852785e-04	7.423960221408301857e-08	8.133850244315866688e-28	8.038401088010789259e-12	9.770844215181853175e-09	1.041344170053530879e-08	3.676035853145295350e-17	1.031209038385558107e-06	3.308317114828246266e-07	5.098269912831723122e-02	1.901730087168333402e-02	1.235262193277302446e-16	1.901721621863921435e-02
4.219999999999999751e+00	1.015484653335864667e-03	1.002579111887564126e-11	1.321817317282094039e-17	9.823589975491817290e-04	7.423959567825724680e-08	8.133849528239270240e-28	7.834979701726258923e-12	9.523581560164047522e-09	1.014991535415043684e-08	3.615164442275749669e-17	1.031209081160660533e-06	3.224596104155732154e-07	5.098269099860207321e-02	1.901730900139849550e-02	1.238136892759709730e-16	1.901722461188725538e-02
4.230000000000000426e+00	1.015484673864181127e-03	9.772076442721725506e-12	1.288367143763373180e-17	9.823594752585681003e-04	7.423958930782670173e-08	8.133848830283727435e-28	7.636706158310603521e-12	9.282576194190141500e-09	9.893057970167504500e-09	3.555833481368868916e-17	1.031209122853041612e-06	3.142993766384349522e-07	5.098268307462035936e-02	1.901731692538021976e-02	1.241011591992253459e-16	1.901723279273273212e-02
4.240000000000000213e+00	1.015484693872888491e-03	9.524782346583079534e-12	1.255763470411127984e-17	9.823599408789827209e-04	7.423958309861090518e-08	8.133848149991223084e-28	7.443450183874098074e-12	9.047669767878277234e-09	9.642700776220967434e-09	3.498003986041694464e-17	1.031209163490114084e-06	3.063456485127211423e-07	5.098267535116565718e-02	1.901732464883492540e-02	1.243886290981256597e-16	1.901724076655084139e-02
4.250000000000000000e+00	1.015484713375141602e-03	9.283746348045997658e-12	1.223984875268163928e-17	9.823603947163308484e-04	7.423957704652844215e-08	8.133847486914579306e-28	7.255084801354596065e-12	8.818707939142303005e-09	9.398679271262789960e-09	3.441637958534149461e-17	1.031209203098593578e-06	2.985932000871147875e-07	5.098266782316332457e-02	1.901733217683726149e-02	1.246760989732882121e-16	1.901724853858073605e-02
4.259999999999999787e+00	1.015484732383762885e-03	9.048810076622203907e-12	1.193010478500513546e-17	9.823608370687594068e-04	7.423957114759981948e-08	8.133846840617798114e-28	7.071486247082585323e-12	8.595540271778306835e-09	9.160833117454758158e-09	3.386698362737463218e-17	1.031209241704522122e-06	2.910369376636947806e-07	5.098266048566712366e-02	1.901733951433346587e-02	1.249635688253137207e-16	1.901725611392899445e-02
4.270000000000000462e+00	1.015484750911248854e-03	8.819819169685521078e-12	1.162819928677552160e-17	9.823612682269445163e-04	7.423956539795191287e-08	8.133846210676534943e-28	6.892533889457789630e-12	8.378020136617623515e-09	8.929006034797362856e-09	3.333149099854716622e-17	1.031209279333280848e-06	2.836718964508686437e-07	5.098265333385598730e-02	1.901734666614459529e-02	1.252510386547877421e-16	1.901726349757295459e-02
4.280000000000000249e+00	1.015484768969780738e-03	8.596623171042470270e-12	1.133393389399370798e-17	9.823616884741079736e-04	7.423955979380229668e-08	8.133845596676376738e-28	6.718110149684092962e-12	8.166004615181599759e-09	8.703045698426116752e-09	3.280954984677526122e-17	1.031209316009608835e-06	2.764932373010237030e-07	5.098264636303089653e-02	1.901735363696969300e-02	1.255385084622809186e-16	1.901727069436398576e-02
4.290000000000000036e+00	1.015484786571230766e-03	8.379075432069707174e-12	1.104711526262569665e-17	9.823620980864134194e-04	7.423955433147242593e-08	8.133844998214293019e-28	6.548100424510429217e-12	7.959354405774489105e-09	8.482803638507516565e-09	3.230081722463214805e-17	1.031209351757618146e-06	2.694962435307401523e-07	5.098263956861169566e-02	1.901736043138887652e-02	1.258259782483494957e-16	1.901727770903069437e-02
4.299999999999999822e+00	1.015484803727170196e-03	8.167033015353820277e-12	1.076755494155966499e-17	9.823624973330578446e-04	7.423954900737838511e-08	8.133844414897629643e-28	6.382393010927172966e-12	7.757933731953189092e-09	8.268135142669167297e-09	3.180495886397350921e-17	1.031209386600809499e-06	2.626763178214908814e-07	5.098263294613418484e-02	1.901736705386639428e-02	1.261134480135356428e-16	1.901728454618202904e-02
4.310000000000000497e+00	1.015484820448877548e-03	7.960356600769786755e-12	1.049506924877817358e-17	9.823628864762397155e-04	7.423954381801317989e-08	8.133843846342142949e-28	6.220879032768312320e-12	7.561610253313271102e-09	8.058899160899617994e-09	3.132164895626757340e-17	1.031209420562088994e-06	2.560289791987774031e-07	5.098262649124710860e-02	1.901737350875347399e-02	1.264009177583678473e-16	1.901729121031027481e-02
4.320000000000000284e+00	1.015484836747345548e-03	7.758910393936546727e-12	1.022947915066449229e-17	9.823632657717533325e-04	7.423953875997582740e-08	8.133843292175212203e-28	6.063452369171299819e-12	7.370254978533006470e-09	7.854958212855609064e-09	3.085056993848595219e-17	1.031209453663783148e-06	2.495498600877280258e-07	5.098262019970933867e-02	1.901737980029125086e-02	1.266883874833611615e-16	1.901729770579405066e-02
4.330000000000000071e+00	1.015484852633289151e-03	7.562562036989335933e-12	9.970610144363275583e-18	9.823636354687466203e-04	7.423953382993828225e-08	8.133842752032225376e-28	5.910009584847352885e-12	7.183742180617851022e-09	7.656178297515443709e-09	3.039141228441388338e-17	1.031209485927652662e-06	2.432347034432090386e-07	5.098261406738706369e-02	1.901738593261352583e-02	1.269758571890176953e-16	1.901730403690117532e-02
4.339999999999999858e+00	1.015484868117150956e-03	7.371182521610416953e-12	9.718292143118836458e-18	9.823639958101016822e-04	7.423952902465988903e-08	8.133842225558110925e-28	5.760449862116691934e-12	7.001949314290139809e-09	7.462428805119492234e-09	2.994387430124335251e-17	1.031209517374908087e-06	2.370793599525783415e-07	5.098260809025111084e-02	1.901739190974947868e-02	1.272633268758267644e-16	1.901731020779142550e-02
4.350000000000000533e+00	1.015484883209109889e-03	7.184646104260753876e-12	9.472359364515143542e-18	9.823643470326019842e-04	7.423952434098547648e-08	8.133841712407192509e-28	5.614674934663734165e-12	6.824756935469314579e-09	7.273582431339582493e-09	2.950766193131477059e-17	1.031209548026219146e-06	2.310797853092299870e-07	5.098260226437426740e-02	1.901739773562632213e-02	1.275507965442653583e-16	1.901731622251932527e-02
4.360000000000000320e+00	1.015484897919086832e-03	7.002830223557212520e-12	9.232650221544517780e-18	9.823646893670351377e-04	7.423951977583948121e-08	8.133841212242502015e-28	5.472589022969014770e-12	6.652048622790124102e-09	7.089515093621099335e-09	2.908248855887727396e-17	1.031209577901738022e-06	2.252320375551474219e-07	5.098259658592869947e-02	1.901740341407190393e-02	1.278382661947982889e-16	1.901732208503681062e-02
4.370000000000000107e+00	1.015484912256750917e-03	6.825615419740626060e-12	8.999007216432949626e-18	9.823650230382579510e-04	7.423951532621733176e-08	8.133840724734855826e-28	5.334098771375001488e-12	6.483710901106758578e-09	6.910105849642474502e-09	2.866807482173999874e-17	1.031209607021101269e-06	2.195322744907083660e-07	5.098259105118342627e-02	1.901740894881717367e-02	1.281257358278786333e-16	1.901732779919577607e-02
4.379999999999999893e+00	1.015484926231527332e-03	6.652885256182173438e-12	8.771276837152792624e-18	9.823653482655672273e-04	7.423951098920032465e-08	8.133840249564463731e-28	5.199113186744875653e-12	6.319633166933180606e-09	6.735236817838823040e-09	2.826414842769120589e-17	1.031209635403449926e-06	2.139767511500498825e-07	5.098258565650191226e-02	1.901741434349869461e-02	1.284132054439482031e-16	1.901733336875065586e-02
4.389999999999999680e+00	1.015484939852602086e-03	6.484526242876232003e-12	8.549309456554442846e-18	9.823656652625906930e-04	7.423950676193456766e-08	8.133839786418659945e-28	5.067543578673673564e-12	6.159707615770255124e-09	6.564793099937200229e-09	2.787044397556413608e-17	1.031209663067442857e-06	2.085618173403271804e-07	5.098258039833964556e-02	1.901741960166095785e-02	1.287006750434374203e-16	1.901733879736086652e-02
4.400000000000000355e+00	1.015484953128928738e-03	6.320427761869500844e-12	8.332959234050809191e-18	9.823659742376087897e-04	7.423950264164302356e-08	8.133839334993176609e-28	4.939303501212575457e-12	6.003829171272084008e-09	6.398662705452626471e-09	2.748670278083183508e-17	1.031209690031262895e-06	2.032839152432500401e-07	5.098257527324180638e-02	1.901742472675879703e-02	1.289881446267658606e-16	1.901734408859321115e-02
4.410000000000000142e+00	1.015484966069234466e-03	6.160481994577465117e-12	8.122084019790131396e-18	9.823662753936986559e-04	7.423949862562369696e-08	8.133838894991987741e-28	4.814308696068126980e-12	5.851895416205052818e-09	6.236736478095332833e-09	2.711267270561684544e-17	1.031209716312634417e-06	1.981395770773246586e-07	5.098257027784101197e-02	1.901742972215958449e-02	1.292756141943424988e-16	1.901734924592424561e-02
4.419999999999999929e+00	1.015484978682024836e-03	6.004583850940195020e-12	7.916545261253765717e-18	9.823665689286879398e-04	7.423949471123498326e-08	8.133838466125660860e-28	4.692477037238847732e-12	5.703806525153978122e-09	6.078908024040598953e-09	2.674810799300309282e-17	1.031209741928832025e-06	1.931254228192558246e-07	5.098256540885511001e-02	1.901743459114549339e-02	1.295630837465659070e-16	1.901735427274252321e-02
4.429999999999999716e+00	1.015484990975590090e-03	5.852630900371266354e-12	7.716207912218078888e-18	9.823668550353918064e-04	7.423949089590137290e-08	8.133838048112026023e-28	4.573728477053138686e-12	5.559465198931468510e-09	5.925073642014330143e-09	2.639276910554207490e-17	1.031209766896694521e-06	1.882381579830217658e-07	5.098256066308497897e-02	1.901743933691564178e-02	1.298505532838245992e-16	1.901735917235085685e-02
4.440000000000000391e+00	1.015485002958010788e-03	5.704523304454092846e-12	7.520940344020147184e-18	9.823671339019097917e-04	7.423948717712511132e-08	8.133837640677418834e-28	4.457984993572757377e-12	5.418776600647104560e-09	5.775132255148188897e-09	2.604642256784632355e-17	1.031209791232631263e-06	1.834745714551553238e-07	5.098255603741246034e-02	1.901744396258815695e-02	1.301380228064974504e-16	1.901736394796847696e-02
4.450000000000000178e+00	1.015485014637163442e-03	5.560163751341736787e-12	7.330614259069356346e-18	9.823674057113779539e-04	7.423948355245618217e-08	8.133837243553419561e-28	4.345170539327508606e-12	5.281648293394675913e-09	5.628985344559605591e-09	2.570884081316734484e-17	1.031209814952639951e-06	1.788315333848130464e-07	5.098255152879833246e-02	1.901744847120228135e-02	1.304254923149533765e-16	1.901736860273314095e-02
4.459999999999999964e+00	1.015485026020724203e-03	5.419457391816745948e-12	7.145104606547591322e-18	9.823676706423023746e-04	7.423948001950702458e-08	8.133836856478433360e-28	4.235210991347228994e-12	5.147990179516214009e-09	5.486536884612844357e-09	2.537980203385640025e-17	1.031209838072310437e-06	1.743059931272387750e-07	5.098254713428027746e-02	1.901745286572035371e-02	1.307129618095522705e-16	1.901737313970319407e-02
4.469999999999999751e+00	1.015485037116174716e-03	5.282311776969336245e-12	6.964289500243119104e-18	9.823679288689232333e-04	7.423947657596934141e-08	8.133836479199553883e-28	4.128034102458470117e-12	5.017714441403262241e-09	5.347693279818775789e-09	2.505909003561064002e-17	1.031209860606839340e-06	1.698949772392797100e-07	5.098254285097091054e-02	1.901745714902970674e-02	1.310004312906448058e-16	1.901737756185960943e-02
4.480000000000000426e+00	1.015485047930809060e-03	5.148636797452765493e-12	6.788050138463818018e-18	9.823681805607778744e-04	7.423947321957112560e-08	8.133836111467869269e-28	4.023569453813717906e-12	4.890735483796230582e-09	5.212363303331702972e-09	2.474649409540810104e-17	1.031209882571037455e-06	1.655955875256300078e-07	5.098253867605598982e-02	1.901746132394465175e-02	1.312879007585726824e-16	1.901738187210788925e-02
4.490000000000000213e+00	1.015485058471734398e-03	5.018344624276040911e-12	6.616270725977299586e-18	9.823684258832793368e-04	7.423946994811054147e-08	8.133835753042130181e-28	3.921748408622026451e-12	4.766969877544056521e-09	5.080458037002950526e-09	2.444180882303883815e-17	1.031209903979341187e-06	1.614049991345222569e-07	5.098253460679239013e-02	1.901746539320824103e-02	1.315753702136690461e-16	1.901738607328002512e-02
4.500000000000000000e+00	1.015485068745878780e-03	4.891349651094974635e-12	6.448838397926441334e-18	9.823686649976168250e-04	7.423946675943840175e-08	8.133835403686871841e-28	3.822504067050547784e-12	4.646336304787059190e-09	4.951890812951598014e-09	2.414483402614022183e-17	1.031209924845821872e-06	1.573204587016102568e-07	5.098253064050649319e-02	1.901746935949413797e-02	1.318628396562587104e-16	1.901739016813633679e-02
4.509999999999999787e+00	1.015485078759995703e-03	4.767568437963814828e-12	6.285643145670585305e-18	9.823688980609161705e-04	7.423946365146123802e-08	8.133835063172729717e-28	3.725771222267503042e-12	4.528755505527192104e-09	4.826577156614216431e-09	2.385537457864883244e-17	1.031209945184195090e-06	1.533392825408308393e-07	5.098252677459230026e-02	1.901747322540832397e-02	1.321503090866581811e-16	1.901739415936727975e-02
4.520000000000000462e+00	1.015485088520666490e-03	4.646919656510325369e-12	6.126577744503443596e-18	9.823691252262862356e-04	7.423946062213557008e-08	8.133834731275811739e-28	3.631486317597541117e-12	4.414150225550347428e-09	4.704434731235953662e-09	2.357324029258144312e-17	1.031209965007825962e-06	1.494588548810483494e-07	5.098252300650978758e-02	1.901747699349084705e-02	1.324377785051758782e-16	1.901739804959525285e-02
4.530000000000000249e+00	1.015485098034305932e-03	4.529324036498449713e-12	5.971537683200383891e-18	9.823693466429882660e-04	7.423945766947142635e-08	8.133834407778096494e-28	3.539587404761447879e-12	4.302445165666717950e-09	4.585383283766630065e-09	2.329824579306155196e-17	1.031209984329744396e-06	1.456766261473292130e-07	5.098251933378317169e-02	1.901748066621746294e-02	1.327252479121124562e-16	1.901740184137627049e-02
4.540000000000000036e+00	1.015485107307167057e-03	4.414704313743226839e-12	5.820421095348606123e-18	9.823695624564415287e-04	7.423945479152440301e-08	8.133834092466552534e-28	3.450014103172647304e-12	4.193566932235623315e-09	4.469344592126113258e-09	2.303021039650880901e-17	1.031210003162648688e-06	1.419901112857101905e-07	5.098251575399936897e-02	1.901748424600128995e-02	1.330127173077610509e-16	1.901740553720165580e-02
4.549999999999999822e+00	1.015485116345344815e-03	4.302985179343964903e-12	5.673128692415256746e-18	9.823697728084705098e-04	7.423945198640598716e-08	8.133833785134257627e-28	3.362707560263858298e-12	4.087443988942490833e-09	4.356242413804498554e-09	2.276895799191153338e-17	1.031210021518918010e-06	1.383968881303666647e-07	5.098251226480630949e-02	1.901748773519435290e-02	1.333001866924072547e-16	1.901740913949970246e-02
4.560000000000000497e+00	1.015485125154777816e-03	4.194093230202136245e-12	5.529563698509419193e-18	9.823699778373367903e-04	7.423944925227699234e-08	8.133833485579720748e-28	3.277610412817771491e-12	3.984006609796203968e-09	4.246002435763171526e-09	2.251431692510425745e-17	1.031210039410614325e-06	1.348945958121026100e-07	5.098250886391147985e-02	1.901749113608916866e-02	1.335876560663295601e-16	1.901741265063723249e-02
4.570000000000000284e+00	1.015485133741257000e-03	4.087956920791621419e-12	5.389631786795152461e-18	9.823701776777060864e-04	7.423944658733777793e-08	8.133833193605766424e-28	3.194666749276373171e-12	3.883186833315974602e-09	4.138552225603892129e-09	2.226611988597421906e-17	1.031210056849498262e-06	1.314809332071199701e-07	5.098250554908037580e-02	1.901749445092025537e-02	1.338751254297992860e-16	1.901741607292119565e-02
4.580000000000000071e+00	1.015485142110425206e-03	3.984506516149414596e-12	5.253241017513658031e-18	9.823703724608846052e-04	7.423944398983781801e-08	8.133832909020601959e-28	3.113822073004076735e-12	3.784918417877553591e-09	4.033821183973727188e-09	2.202420379852241170e-17	1.031210073847030387e-06	1.281536574250436712e-07	5.098250231813507283e-02	1.901749768186556180e-02	1.341625947830810211e-16	1.901741940860013705e-02
4.589999999999999858e+00	1.015485150267783025e-03	3.883674046056115189e-12	5.120301777574067423e-18	9.823705623148550406e-04	7.423944145807077793e-08	8.133832631637277549e-28	3.035023266480616454e-12	3.689136798189557811e-09	3.931740498174640757e-09	2.178840971370740615e-17	1.031210090414382219e-06	1.249105823352138365e-07	5.098249916895272044e-02	1.901750083104792460e-02	1.344500641264325506e-16	1.901742265986572020e-02
4.600000000000000533e+00	1.015485158218691402e-03	3.785393260375957055e-12	4.990726721672958219e-18	9.823707473643411917e-04	7.423943899037196002e-08	8.133832361273404668e-28	2.958218556400109517e-12	3.595779042871230790e-09	3.832243096947190428e-09	2.155858270500108804e-17	1.031210106562440460e-06	1.217495771302725977e-07	5.098249609946418903e-02	1.901750390053646989e-02	1.347375334601052004e-16	1.901742582885412522e-02
4.610000000000000320e+00	1.015485165968375326e-03	3.689599585527089536e-12	4.864430714904054520e-18	9.823709277309812180e-04	7.423943658512436515e-08	8.133832097751821525e-28	2.883357479653389456e-12	3.504783813103803946e-09	3.735263606398650348e-09	2.133457176658795451e-17	1.031210122301818856e-06	1.186685649261052682e-07	5.098249310765271686e-02	1.901750689234794206e-02	1.350250027843438134e-16	1.901742891764749560e-02
4.620000000000000107e+00	1.015485173521928595e-03	3.596230082053431241e-12	4.741330776820221111e-18	9.823711035332265921e-04	7.423943424074339321e-08	8.133831840898919570e-28	2.810390850171196286e-12	3.416091322328214838e-09	3.640738307046489690e-09	2.111622971414071043e-17	1.031210137642862009e-06	1.156655213972104173e-07	5.098249019155259854e-02	1.901750980844806038e-02	1.353124720993872418e-16	1.901743192827525311e-02
4.629999999999999893e+00	1.015485180884315121e-03	3.505223403270312094e-12	4.621346026911190228e-18	9.823712748865994892e-04	7.423943195569002502e-08	8.133831590546071255e-28	2.739270726606507043e-12	3.329643296962812313e-09	3.548605091949137022e-09	2.090341308810740057e-17	1.031210152595649824e-06	1.127384734466083738e-07	5.098248734924785280e-02	1.901751265075279917e-02	1.355999414054681010e-16	1.901743486271549946e-02
4.639999999999999680e+00	1.015485188060372829e-03	3.416519754956688700e-12	4.504397631461086946e-18	9.823714419036940881e-04	7.423942972846345056e-08	8.133831346528853374e-28	2.669950380834746816e-12	3.245382938115156562e-09	3.458803425896377936e-09	2.069598205944611825e-17	1.031210167170011481e-06	1.098854979094099992e-07	5.098248457887100127e-02	1.901751542112965071e-02	1.358874107028132378e-16	1.901743772289624101e-02
4.650000000000000355e+00	1.015485195054819084e-03	3.330060856067403857e-12	4.390408751750806020e-18	9.823716046941893647e-04	7.423942755759621171e-08	8.133831108686483858e-28	2.602384267251141364e-12	3.163254884262762826e-09	3.371274305632607186e-09	2.049380033774553754e-17	1.031210181375523536e-06	1.071047202891945665e-07	5.098248187860182634e-02	1.901751812139884298e-02	1.361748799916437551e-16	1.901744051069671759e-02
4.660000000000000142e+00	1.015485201872249168e-03	3.245789900439762403e-12	4.279304493571316089e-18	9.823717633651088670e-04	7.423942544166705336e-08	8.133830876863249523e-28	2.536527992845114241e-12	3.083205174878321585e-09	3.285960221086826239e-09	2.029673508167085028e-17	1.031210195221522409e-06	1.043943135263682819e-07	5.098247924666615000e-02	1.901752075333452280e-02	1.364623492721750119e-16	1.901744322794860984e-02
4.669999999999999929e+00	1.015485208517143871e-03	3.163651519469143901e-12	4.171011858014544133e-18	9.823719180206639395e-04	7.423942337928250044e-08	8.133830650906477445e-28	2.472338288031962524e-12	3.005181214975380925e-09	3.202805117583807707e-09	2.010465681167613743e-17	1.031210208717107140e-06	1.017524967976898729e-07	5.098247668133470967e-02	1.901752331866597354e-02	1.367498185446171165e-16	1.901744587643722229e-02
4.679999999999999716e+00	1.015485214993869494e-03	3.083591745729247505e-12	4.065459693509704147e-18	9.823720687625033064e-04	7.423942136909037072e-08	8.133830430668021901e-28	2.409772978222741550e-12	2.929131740551343685e-09	3.121754359011718398e-09	1.991743932492597309e-17	1.031210221871145105e-06	9.917753434617983117e-08	5.098247418092198557e-02	1.901752581907869069e-02	1.370372878091747535e-16	1.901744845790270810e-02
4.690000000000000391e+00	1.015485221306682614e-03	3.005557977512980367e-12	3.962578649073381516e-18	9.823722156896506214e-04	7.423941940976849872e-08	8.133830216003015984e-28	2.348790956113627965e-12	2.855006784904938023e-09	3.042754691921883914e-09	1.973495961237027684e-17	1.031210234692282393e-06	9.666773434063969000e-08	5.098247174378514601e-02	1.901752825621552678e-02	1.373247570660474555e-16	1.901745097404116888e-02
4.700000000000000178e+00	1.015485227459732038e-03	2.929498944297299916e-12	3.862301128777816626e-18	9.823723588986213451e-04	7.423941750002803116e-08	8.133830006770260824e-28	2.289352154697319757e-12	2.782757645831375006e-09	2.965754210564084608e-09	1.955709777798000081e-17	1.031210247188944016e-06	9.422144776489007496e-08	5.098246936832291631e-02	1.901753063167775301e-02	1.376122263154296521e-16	1.901745342650578915e-02
4.709999999999999964e+00	1.015485233457061841e-03	2.855364673258277047e-12	3.764561247603760300e-18	9.823724984835034094e-04	7.423941563861357256e-08	8.133829802832198687e-28	2.231417521095157788e-12	2.712336853815063270e-09	2.890702322985151264e-09	1.938373696043894760e-17	1.031210259369347890e-06	9.183706734078639038e-08	5.098246705297458659e-02	1.901753294702613131e-02	1.378996955575109902e-16	1.901745581690790846e-02
4.719999999999999751e+00	1.015485239302611796e-03	2.783106455655825439e-12	3.669294787121648770e-18	9.823726345361233174e-04	7.423941382431203941e-08	8.133829604055937153e-28	2.174948990287475433e-12	2.643698140098526586e-09	2.817549716995717289e-09	1.921476325453126966e-17	1.031210271241482804e-06	8.951302644704345290e-08	5.098246479621883903e-02	1.901753520378189968e-02	1.381871647924761621e-16	1.901745814681810032e-02
4.730000000000000426e+00	1.015485245000224317e-03	2.712676815678327086e-12	3.576439154415593995e-18	9.823727671457419160e-04	7.423941205592031403e-08	8.133829410309652823e-28	2.119909460766105131e-12	2.576796407087978862e-09	2.746248328627457047e-09	1.905006563828107737e-17	1.031210282813165603e-06	8.724779811717857425e-08	5.098246259657294305e-02	1.901753740342782689e-02	1.384746340205052991e-16	1.901746041776718882e-02
4.740000000000000213e+00	1.015485250553643587e-03	2.644029478899112205e-12	3.485933340496111237e-18	9.823728963995130136e-04	7.423941033227888774e-08	8.133829221466307791e-28	2.066262769883828245e-12	2.511587698390155671e-09	2.676751310197399342e-09	1.888953589918528851e-17	1.031210294091996713e-06	8.503989402497004005e-08	5.098246045259163112e-02	1.901753954740915964e-02	1.387621032417738488e-16	1.901746263124726166e-02
4.750000000000000000e+00	1.015485255966519246e-03	2.577119341965195516e-12	3.397717880337112382e-18	9.823730223823675875e-04	7.423940865225579364e-08	8.133829037401875708e-28	2.013973670166606624e-12	2.448029170019686586e-09	2.609012999619887755e-09	1.873306856332770898e-17	1.031210305085386826e-06	8.288786350954988815e-08	5.098245836286625920e-02	1.901754163713454196e-02	1.390495724564529694e-16	1.901746478871263468e-02
4.759999999999999787e+00	1.015485261242407913e-03	2.511902442961504851e-12	3.311734813803629932e-18	9.823731451770673431e-04	7.423940701474622285e-08	8.133828857995323847e-28	1.963007806153782374e-12	2.386079062248098694e-09	2.542988890402459704e-09	1.858056082607321115e-17	1.031210315800561132e-06	8.079029262222251299e-08	5.098245632602379368e-02	1.901754367397699014e-02	1.393370416647094064e-16	1.901746689158082676e-02
4.770000000000000462e+00	1.015485266384776432e-03	2.448335932692478104e-12	3.227927647789045792e-18	9.823732648643378543e-04	7.423940541867544936e-08	8.133828683129104566e-28	1.913331691955181907e-12	2.325696672324248270e-09	2.478635602570552549e-09	1.843191248490784499e-17	1.031210326244549157e-06	7.874580320279017878e-08	5.098245434072595783e-02	1.901754565927478435e-02	1.396245108667056158e-16	1.901746894123351045e-02
4.780000000000000249e+00	1.015485271397004478e-03	2.386378045912042172e-12	3.146241318283874827e-18	9.823733815228121845e-04	7.423940386300183442e-08	8.133828512688450402e-28	1.864912688767768100e-12	2.266842327145522377e-09	2.415910853539834280e-09	1.828702587215450333e-17	1.031210336424247445e-06	7.675305195421162481e-08	5.098245240566841308e-02	1.901754759433232564e-02	1.399119800626000848e-16	1.901747093901734811e-02
4.790000000000000036e+00	1.015485276282384990e-03	2.325988074317940276e-12	3.066622154771713121e-18	9.823734952290751228e-04	7.423940234669101844e-08	8.133828346560692472e-28	1.817718983771409753e-12	2.209477357605481214e-09	2.354773430775322906e-09	1.814580579182476660e-17	1.031210346346311345e-06	7.481072957402500726e-08	5.098245051957975282e-02	1.901754948042098936e-02	1.401994492525472081e-16	1.901747288624494603e-02
4.799999999999999822e+00	1.015485281044129591e-03	2.267126340015328773e-12	2.989017845242503404e-18	9.823736060578941182e-04	7.423940086875365370e-08	8.133828184637210191e-28	1.771719569390943201e-12	2.153564073386590225e-09	2.295183164924924947e-09	1.800815945755455933e-17	1.031210356017274656e-06	7.291755990084106586e-08	5.098244868122073920e-02	1.901755131878000646e-02	1.404869184366975103e-16	1.901747478419570092e-02
4.810000000000000497e+00	1.015485285685366204e-03	2.209754169230020960e-12	2.913377401535967278e-18	9.823737140820397364e-04	7.423939942821530822e-08	8.133828026811239414e-28	1.726884222753660208e-12	2.099065737990584646e-09	2.237100903206317424e-09	1.787399643113411157e-17	1.031210365443489915e-06	7.107229906888360656e-08	5.098244688938351893e-02	1.901755311061722672e-02	1.407743876151976949e-16	1.901747663411662223e-02
4.820000000000000284e+00	1.015485290209145993e-03	2.153833866896500630e-12	2.839651125837952257e-18	9.823738193725061862e-04	7.423939802413081233e-08	8.133827872979242794e-28	1.683183485830277466e-12	2.045946544599575686e-09	2.180488483679281618e-09	1.774322856307955402e-17	1.031210374631153168e-06	6.927373469065789687e-08	5.098244514289079765e-02	1.901755485710993759e-02	1.410618567881906936e-16	1.901747843722315437e-02
4.830000000000000071e+00	1.015485294618440103e-03	2.099328691762425903e-12	2.767790577857788024e-18	9.823739219985538201e-04	7.423939665558388815e-08	8.133827723040809337e-28	1.640588645979560736e-12	1.994171592427794745e-09	2.125308710041000672e-09	1.761576993441300801e-17	1.031210383586300159e-06	6.752068505623320224e-08	5.098244344059508354e-02	1.901755655940563089e-02	1.413493259558158882e-16	1.901748019469998857e-02
4.839999999999999858e+00	1.015485298916147259e-03	2.046202832234949284e-12	2.697748542983651099e-18	9.823740220274792840e-04	7.423939532166549726e-08	8.133827576896353132e-28	1.599071717072649125e-12	1.943706863777974333e-09	2.071525327172417349e-09	1.749153680017773184e-17	1.031210392314816921e-06	6.581199835638348772e-08	5.098244178137791710e-02	1.901755821862276957e-02	1.416367951182091108e-16	1.901748190770185046e-02
4.850000000000000533e+00	1.015485303105090505e-03	1.994421383100757740e-12	2.629479001589885981e-18	9.823741195250806392e-04	7.423939402150488981e-08	8.133827434450472884e-28	1.558605421300199990e-12	1.894519201927702999e-09	2.019102997569182854e-09	1.737044753499638613e-17	1.031210400822437654e-06	6.414655193383079341e-08	5.098244016414913565e-02	1.901755983585151286e-02	1.419242642755028654e-16	1.901748357735422515e-02
4.860000000000000320e+00	1.015485307188023715e-03	1.943950322467170740e-12	2.562937098635750312e-18	9.823742145553802409e-04	7.423939275424510666e-08	8.133827295609279353e-28	1.519163171152262728e-12	1.846576289225721996e-09	1.968007277996435785e-09	1.725242257914639128e-17	1.031210409114754682e-06	6.252325154159798245e-08	5.098243858784617943e-02	1.901756141215442050e-02	1.422117334278260813e-16	1.901748520475413096e-02
4.870000000000000107e+00	1.015485311167628555e-03	1.894756489237898276e-12	2.498079113969073120e-18	9.823743071808535045e-04	7.423939151905635995e-08	8.133827160281858985e-28	1.480719051815993278e-12	1.799846625696117467e-09	1.918204596684923636e-09	1.713738438588573422e-17	1.031210417197215063e-06	6.094103061855844163e-08	5.098243705143340465e-02	1.901756294856719529e-02	1.424992025753045820e-16	1.901748679097082367e-02
4.879999999999999893e+00	1.015485315046521205e-03	1.846807561947497968e-12	2.434862434421238998e-18	9.823743974623174498e-04	7.423939031512412161e-08	8.133827028378964538e-28	1.443247804635164801e-12	1.754299508933126972e-09	1.869662231902660725e-09	1.702525737195606969e-17	1.031210425075131598e-06	5.939884960868518442e-08	5.098243555390129245e-02	1.901756444609927627e-02	1.427866717180609859e-16	1.901748833704647312e-02
4.889999999999999680e+00	1.015485318827249756e-03	1.800072036620815443e-12	2.373245524616710720e-18	9.823744854591024388e-04	7.423938914165830842e-08	8.133826899814037471e-28	1.406724809807715967e-12	1.709905013069779382e-09	1.822348289539575608e-09	1.691596786580595177e-17	1.031210432753680929e-06	5.789569524894165620e-08	5.098243409426595624e-02	1.901756590573460207e-02	1.430741408562147562e-16	1.901748984399691950e-02
4.900000000000000355e+00	1.015485322512298984e-03	1.754519206885854935e-12	2.313187900753485617e-18	9.823745712290502235e-04	7.423938799788986740e-08	8.133826774502822302e-28	1.371126070844317497e-12	1.666633969887055484e-09	1.776231682973484154e-09	1.680944406108365942e-17	1.031210440237908409e-06	5.643057992964851653e-08	5.098243267156833680e-02	1.901756732843217293e-02	1.433616099898823978e-16	1.901749131281224581e-02
4.910000000000000142e+00	1.015485326104090345e-03	1.710119143107950222e-12	2.254650103093242446e-18	9.823746548285182834e-04	7.423938688306763916e-08	8.133826652363011468e-28	1.336428198262100563e-12	1.624457948993393119e-09	1.731282111945317386e-09	1.670561596784152110e-17	1.031210447532730851e-06	5.500254102337375061e-08	5.098243128487372350e-02	1.901756871512676195e-02	1.436490791191774328e-16	1.901749274445752383e-02
4.919999999999999929e+00	1.015485329604983713e-03	1.666842673116080931e-12	2.197593670550587034e-18	9.823747363123681159e-04	7.423938579645414917e-08	8.133826533313811257e-28	1.302608394522624176e-12	1.583349239516559298e-09	1.687470043046225097e-09	1.660441536746349334e-17	1.031210454642942674e-06	5.361064026503036943e-08	5.098242993327101180e-02	1.901757006672947364e-02	1.439365482442105234e-16	1.901749413987339349e-02
4.929999999999999716e+00	1.015485333017279550e-03	1.624661363256097651e-12	2.141981115713302176e-18	9.823748157341803417e-04	7.423938473733884265e-08	8.133826417277371355e-28	1.269644439225303239e-12	1.543280832106059996e-09	1.644766690535670416e-09	1.650577576835722575e-17	1.031210461573215265e-06	5.225396314248910401e-08	5.098242861587212044e-02	1.901757138412832338e-02	1.442240173650895218e-16	1.901749549997665961e-02
4.940000000000000391e+00	1.015485336343220418e-03	1.583547498942727289e-12	2.087775899201779762e-18	9.823748931461013991e-04	7.423938370502298360e-08	8.133826304177140060e-28	1.237514673909152253e-12	1.504226400459421670e-09	1.603143996652121447e-09	1.640963236047418058e-17	1.031210468328103755e-06	5.093161827107002460e-08	5.098242733181152647e-02	1.901757266818892428e-02	1.445114864819194697e-16	1.901749682566097888e-02
4.950000000000000178e+00	1.015485339584991853e-03	1.543474067411360863e-12	2.034942406928686930e-18	9.823749685990482410e-04	7.423938269883263820e-08	8.133826193939272306e-28	1.206197988573619749e-12	1.466160284938072668e-09	1.562574614150815034e-09	1.631592197497394825e-17	1.031210474912046385e-06	4.964273683878637853e-08	5.098242608024555755e-02	1.901757391975490361e-02	1.447989555948028944e-16	1.901749811779734900e-02
4.959999999999999964e+00	1.015485342744723660e-03	1.504414739439825331e-12	1.983445926000643224e-18	9.823750421425806161e-04	7.423938171810557227e-08	8.133826086491219846e-28	1.175673807394475013e-12	1.429057475204784739e-09	1.523031887798747284e-09	1.622458304147986847e-17	1.031210481329368740e-06	4.838647201845978495e-08	5.098242486035185067e-02	1.901757513964857232e-02	1.450864247038396855e-16	1.901749937723472630e-02
4.969999999999999751e+00	1.015485345824492089e-03	1.466343851729512271e-12	1.933252621489194731e-18	9.823751138250058027e-04	7.423938076219642611e-08	8.133825981762267553e-28	1.145922074954979054e-12	1.392893593487446818e-09	1.484489836537231311e-09	1.613555554687676971e-17	1.031210487584288410e-06	4.716199840104248104e-08	5.098242367132895664e-02	1.901757632867145248e-02	1.453738938091271686e-16	1.901750060480062246e-02
4.980000000000000426e+00	1.015485348826321342e-03	1.429236390832051136e-12	1.884329515239471024e-18	9.823751836934623092e-04	7.423937983048027469e-08	8.133825879683951347e-28	1.116923243684866095e-12	1.357644879310957622e-09	1.446923137209162853e-09	1.604878099772283793e-17	1.031210493680915409e-06	4.596851147864927164e-08	5.098242251239561845e-02	1.901757748760475250e-02	1.456613629107602782e-16	1.901750180130155551e-02
4.990000000000000213e+00	1.015485351752183369e-03	1.393067975944810989e-12	1.836644463187483222e-18	9.823752517937748077e-04	7.423937892233879720e-08	8.133825780188531788e-28	1.088658260415334346e-12	1.323288173154601955e-09	1.410307107141110994e-09	1.596420238001639765e-17	1.031210499623255145e-06	4.480522709120731605e-08	5.098242138279040353e-02	1.901757861720994314e-02	1.459488320088313849e-16	1.901750296752368827e-02
5.000000000000000000e+00	1.015485354604000459e-03	1.357814843589665716e-12	1.790166135160345582e-18	9.823753181707388458e-04	7.423937803717936174e-08	8.133825683211071136e-28	1.061108554405776675e-12	1.289800901898355631e-09	1.374617688632036623e-09	1.588176412336666013e-17	1.031210505415212228e-06	4.367138093367779018e-08	5.098242028177112778e-02	1.901757971822918072e-02	1.462363011034306902e-16	1.901750410423322726e-02
5.009999999999999787e+00	1.015485357383647414e-03	1.323453831370874564e-12	1.744863993462394312e-18	9.823753828679369655e-04	7.423937717441812439e-08	8.133825588687602022e-28	1.034256024650853652e-12	1.257161063394425802e-09	1.339831432509726027e-09	1.580141206301115233e-17	1.031210511060593013e-06	4.256622803365890426e-08	5.098241920861439763e-02	1.901758079138589005e-02	1.465237701946460534e-16	1.901750521217705422e-02
5.020000000000000462e+00	1.015485360092949381e-03	1.289962363151999510e-12	1.700708273332177077e-18	9.823754459279241021e-04	7.423937633349174205e-08	8.133825496556417090e-28	1.008083028296517711e-12	1.225347212386744140e-09	1.305925483123865351e-09	1.572309340515145547e-17	1.031210516563107079e-06	4.148904227462977543e-08	5.098241816261511739e-02	1.901758183738515989e-02	1.468112392825630905e-16	1.901750629208311463e-02
5.030000000000000249e+00	1.015485362733688137e-03	1.257318434220158841e-12	1.657669963382757979e-18	9.823755073921551593e-04	7.423937551384941833e-08	8.133825406757148852e-28	9.825723690461452772e-13	1.194338446418428670e-09	1.272877563326299770e-09	1.564675669225941669e-17	1.031210521926369777e-06	4.043911591878680486e-08	5.098241714308601735e-02	1.901758285691425646e-02	1.470987083672652976e-16	1.901750734466092080e-02
5.040000000000000036e+00	1.015485365307597755e-03	1.225500596556164101e-12	1.615720786181615289e-18	9.823755673009045616e-04	7.423937471494445962e-08	8.133825319229912312e-28	9.577072856494065473e-13	1.164114391839818570e-09	1.240665959558516555e-09	1.557235176863108162e-17	1.031210527153905608e-06	3.941575913328586830e-08	5.098241614935724447e-02	1.901758385064301893e-02	1.473861774488339766e-16	1.901750837060206881e-02
5.049999999999999822e+00	1.015485367816370242e-03	1.194487944888118448e-12	1.574833179863467218e-18	9.823756256936097293e-04	7.423937393625771414e-08	8.133825233917828655e-28	9.334714410034040135e-13	1.134655190560722541e-09	1.209269507732298611e-09	1.549982974777268230e-17	1.031210532249148870e-06	3.841829954168288324e-08	5.098241518077592516e-02	1.901758481922434865e-02	1.476736465273484326e-16	1.901750937058063404e-02
5.060000000000000497e+00	1.015485370261653584e-03	1.164260103228803985e-12	1.534980280380936405e-18	9.823756826086084849e-04	7.423937317727537700e-08	8.133825150764605590e-28	9.098489116318818067e-13	1.105941487262226382e-09	1.178667579600178941e-09	1.542914298091797818e-17	1.031210537215447459e-06	3.744608179093478163e-08	5.098241423670563099e-02	1.901758576329463934e-02	1.479611156028860728e-16	1.901751034525361872e-02
5.070000000000000284e+00	1.015485372645055003e-03	1.134797210897424580e-12	1.496135903075377318e-18	9.823757380833725902e-04	7.423937243750471325e-08	8.133825069716252098e-28	8.868241767614619682e-13	1.077954416118669451e-09	1.148840068603872399e-09	1.536024502433992163e-17	1.031210542056066052e-06	3.649846710181549137e-08	5.098241331652610814e-02	1.901758668347416567e-02	1.482485846755220607e-16	1.901751129526140296e-02
5.080000000000000071e+00	1.015485374968139653e-03	1.106079910136310819e-12	1.458274526350532189e-18	9.823757921542505735e-04	7.423937171645200857e-08	8.133824990718678505e-28	8.643821086443248737e-13	1.050675589034698770e-09	1.119767377337443606e-09	1.529309061039200864e-17	1.031210546774183564e-06	3.557483287063118455e-08	5.098241241963277076e-02	1.901758758036752039e-02	1.485360537453299329e-16	1.901751222122816803e-02
5.089999999999999858e+00	1.015485377232435175e-03	1.078089332817473456e-12	1.421371274146222048e-18	9.823758448567906053e-04	7.423937101364525383e-08	8.133824913720166360e-28	8.425079621696129833e-13	1.024087083017754790e-09	1.091430404089056048e-09	1.522763561642142144e-17	1.031210551372901405e-06	3.467457224166202069e-08	5.098241154543630554e-02	1.901758845456397867e-02	1.488235228123812046e-16	1.901751312376230574e-02
5.100000000000000533e+00	1.015485379439428877e-03	1.050807088268744399e-12	1.385401899888126502e-18	9.823758962256433531e-04	7.423937032862456310e-08	8.133824838670335285e-28	8.211873653497788263e-13	9.981714286140583028e-10	1.063810530516191880e-09	1.516383703630020628e-17	1.031210555855240944e-06	3.379709371561347072e-08	5.098241069336236636e-02	1.901758930663790398e-02	1.491109918767456901e-16	1.901751400345679313e-02
5.110000000000000320e+00	1.015485381590570989e-03	1.024215251509181876e-12	1.350342770977146118e-18	9.823759462945533087e-04	7.423936966093928836e-08	8.133824765519820113e-28	8.004063101267610767e-13	9.729115987333631403e-10	1.036889609735215602e-09	1.510165295291364151e-17	1.031210560224147523e-06	3.294182077123087061e-08	5.098240986285112325e-02	1.901759013714914362e-02	1.493984609384913052e-16	1.901751486088962620e-02
5.120000000000000107e+00	1.015485383687274442e-03	9.982963509253333981e-13	1.316170852541559068e-18	9.823759950964277426e-04	7.423936901015151360e-08	8.133824694220613479e-28	7.801511427412099419e-13	9.482909969425617315e-10	1.010649953844863291e-09	1.504104250934089618e-17	1.031210564482491105e-06	3.210819146892969185e-08	5.098240905335689466e-02	1.901759094664337221e-02	1.496859299976844377e-16	1.901751569662416333e-02
5.129999999999999893e+00	1.015485385730917041e-03	9.730333570766049220e-13	1.282863692677865964e-18	9.823760426632911682e-04	7.423936837583072108e-08	8.133824624725576151e-28	7.604085549840670817e-13	9.242934468318653567e-10	9.850743225928758017e-10	1.498196588267654837e-17	1.031210568633069437e-06	3.129565809074283283e-08	5.098240826434782130e-02	1.901759173565243516e-02	1.499733990543896014e-16	1.901751651120949654e-02
5.139999999999999680e+00	1.015485387722842112e-03	9.484096714969937144e-13	1.250399407686770757e-18	9.823760890264362621e-04	7.423936775756316167e-08	8.133824556989364354e-28	7.411655754453348078e-13	9.009031813774844990e-10	9.601459120389003459e-10	1.492438425784302238e-17	1.031210572678611236e-06	3.050368678014904748e-08	5.098240749530551924e-02	1.901759250469474416e-02	1.502608681086697328e-16	1.901751730518083661e-02
5.150000000000000355e+00	1.015485389664357854e-03	9.244091157641540443e-13	1.218756667661665169e-18	9.823761342163523074e-04	7.423936715494466831e-08	8.133824490967696159e-28	7.224095609717350461e-13	8.781048325582862140e-10	9.358483434880949920e-10	1.486825980202863583e-17	1.031210576621772799e-06	2.973175719050116723e-08	5.098240674572467740e-02	1.901759325427557559e-02	1.505483371605862890e-16	1.901751807905984262e-02
5.160000000000000142e+00	1.015485391556740589e-03	9.010159208070978136e-13	1.187914682391720332e-18	9.823761782626391076e-04	7.423936656757247683e-08	8.133824426616445686e-28	7.041281883108705672e-13	8.558834211991113941e-10	9.121656526663000964e-10	1.481355563968357165e-17	1.031210580465146893e-06	2.897936214112875239e-08	5.098240601511283554e-02	1.901759398488742092e-02	1.508358062101989769e-16	1.901751883335495857e-02
5.169999999999999929e+00	1.015485393401233680e-03	8.782147167975599687e-13	1.157853188034507430e-18	9.823762211942923487e-04	7.423936599506423127e-08	8.133824363893560530e-28	6.863094462114993815e-13	8.342243473685331042e-10	8.890822794861348456e-10	1.476023582888076429e-17	1.031210584211256616e-06	2.824600729221383256e-08	5.098240530298994710e-02	1.901759469701031977e-02	1.511232752575661969e-16	1.901751956856179843e-02
5.179999999999999716e+00	1.015485395199049049e-03	8.559905226711354590e-13	1.128552433300391620e-18	9.823762630394893610e-04	7.423936543704354460e-08	8.133824302758283306e-28	6.689416272345185691e-13	8.131133804248869666e-10	8.665830574382367423e-10	1.470826533681097733e-17	1.031210587862569165e-06	2.753121080775741346e-08	5.098240460888810166e-02	1.901759539111214092e-02	1.514107443027446977e-16	1.901752028516342022e-02
5.190000000000000391e+00	1.015485396951367391e-03	8.343287364803608722e-13	1.099993166734066818e-18	9.823763038257888290e-04	7.423936489314664263e-08	8.133824243170281732e-28	6.520133202140090764e-13	7.925366498526726212e-10	8.446532038248672919e-10	1.465761001722351392e-17	1.031210591421476349e-06	2.683450304530749007e-08	5.098240393235130979e-02	1.901759606764894667e-02	1.516982133457899214e-16	1.901752098363061749e-02
5.200000000000000178e+00	1.015485398659340781e-03	8.132151259737248217e-13	1.072156624293565192e-18	9.823763435799631738e-04	7.423936436301493926e-08	8.133824185090419895e-28	6.355134028949595073e-13	7.724806363134321594e-10	8.232783102221001590e-10	1.460823658839515286e-17	1.031210594890320425e-06	2.615542625294875926e-08	5.098240327293501045e-02	1.901759672706523213e-02	1.519856823867557324e-16	1.901752166442232522e-02
5.209999999999999964e+00	1.015485400324091150e-03	7.926358188861707236e-13	1.045024516549189572e-18	9.823763823280204539e-04	7.423936384629171450e-08	8.133824128479628248e-28	6.194310343454345620e-13	7.529321624226689226e-10	8.024443326500539626e-10	1.456011261042448230e-17	1.031210598271379913e-06	2.549353425701689152e-08	5.098240263020598073e-02	1.901759736979425838e-02	1.522731514256949350e-16	1.901752232798584186e-02
5.219999999999999751e+00	1.015485401946712458e-03	7.725772940663984812e-13	1.018579016985580796e-18	9.823764200955649711e-04	7.423936334264846516e-08	8.133824073301897233e-28	6.037556480227254748e-13	7.338783843216118038e-10	7.821375825902394952e-10	1.451320646448306754e-17	1.031210601566875943e-06	2.484839217672514712e-08	5.098240200374192649e-02	1.901759799625830569e-02	1.525606204626586574e-16	1.901752297475714157e-02
5.230000000000000426e+00	1.015485403528270693e-03	7.530263725311258810e-13	9.928027502075003007e-19	9.823764569074024035e-04	7.423936285175369696e-08	8.133824019520917749e-28	5.884769447824135792e-13	7.153067831795995683e-10	7.623447179289801570e-10	1.446748733189588908e-17	1.031210604778975228e-06	2.421957613644215990e-08	5.098240139313123254e-02	1.901759860686898229e-02	1.528480894976969922e-16	1.901752360516117263e-02
5.240000000000000213e+00	1.015485405069805605e-03	7.339702088065493777e-13	9.676787805242663290e-19	9.823764927876068101e-04	7.423936237327635235e-08	8.133823967100423743e-28	5.735848861118741653e-13	6.972051569692789560e-10	7.430527341915917516e-10	1.442292517389326763e-17	1.031210607909787089e-06	2.360667298720696283e-08	5.098240079797273366e-02	1.901759920202747423e-02	1.531355585308586022e-16	1.901752421961212455e-02
5.250000000000000000e+00	1.015485406572329188e-03	7.153962824884673289e-13	9.431906008224795162e-19	9.823765277598996669e-04	7.423936190691319354e-08	8.133823916007180452e-28	5.590696875346635136e-13	6.795616124495113517e-10	7.242489559979380438e-10	1.437949071187432540e-17	1.031210610961368972e-06	2.300928003527682884e-08	5.098240021787538157e-02	1.901759978212482285e-02	1.534230275621910903e-16	1.901752481851371607e-02
5.259999999999999787e+00	1.015485408036829584e-03	6.972923900160056589e-13	9.193221217203587187e-19	9.823765618471298842e-04	7.423936145234809196e-08	8.133823866206563024e-28	5.449218121818283910e-13	6.623645573511787937e-10	7.059210287342366626e-10	1.433715540816978712e-17	1.031210613935726225e-06	2.242700477754520070e-08	5.098239965245804362e-02	1.901760034754215734e-02	1.537104965917406296e-16	1.901752540225944144e-02
5.270000000000000462e+00	1.015485409464268480e-03	6.796466366535069765e-13	8.960576609965314903e-19	9.823765950717512890e-04	7.423936100928674335e-08	8.133823817666319621e-28	5.311319645258967902e-13	6.456026927607277157e-10	6.880569104356139771e-10	1.429589144729168686e-17	1.031210616834813165e-06	2.185946464365490674e-08	5.098239910134923225e-02	1.901760089865097217e-02	1.539979656195524068e-16	1.901752597123281679e-02
5.280000000000000249e+00	1.015485410855583711e-03	6.624474286753378414e-13	8.733819332863491319e-19	9.823766274555767279e-04	7.423936057743673607e-08	8.133823770354413646e-28	5.176910842734416768e-13	6.292650056964669673e-10	6.706448638740933788e-10	1.425567171765758715e-17	1.031210619660533924e-06	2.130628674463777546e-08	5.098239856418684823e-02	1.901760143581337006e-02	1.542854346456702778e-16	1.901752652580769587e-02
5.290000000000000036e+00	1.015485412211689694e-03	6.456834657484590415e-13	8.512800400389392403e-19	9.823766590198971128e-04	7.423936015651551846e-08	8.133823724239886493e-28	5.045903404121935182e-13	6.133407618727153462e-10	6.536734488467966351e-10	1.421646979377722459e-17	1.031210622414744985e-06	2.076710762791494469e-08	5.098239804061794472e-02	1.901760195938227357e-02	1.545729036701372355e-16	1.901752706634843304e-02
5.299999999999999822e+00	1.015485413533477209e-03	6.293437335077766132e-13	8.297374597284215952e-19	9.823766897854293786e-04	7.423935974624473430e-08	8.133823679292247700e-28	4.918211254088094424e-13	5.978194986470794739e-10	6.371315146593214029e-10	1.417825991889005412e-17	1.031210625099257728e-06	2.024157303849754132e-08	5.098239753029852606e-02	1.901760246970167489e-02	1.548603726929950403e-16	1.901752759321018865e-02
5.310000000000000497e+00	1.015485414821815351e-03	6.134174962976908337e-13	8.087400382842437402e-19	9.823767197724114601e-04	7.423935934635673443e-08	8.133823635482170893e-28	4.793750495365212649e-13	5.826910181256000211e-10	6.210081927773764810e-10	1.414101698799137525e-17	1.031210627715834193e-06	1.972933768553293960e-08	5.098239703289331876e-02	1.901760296710688913e-02	1.551478417142844169e-16	1.901752810673911984e-02
5.320000000000000284e+00	1.015485416077550234e-03	5.978942901852031972e-13	7.882739798795430885e-19	9.823767490005552369e-04	7.423935895658950773e-08	8.133823592780946717e-28	4.672439354150017901e-13	5.679453805258529676e-10	6.052928897533403625e-10	1.410471653149354349e-17	1.031210630266195340e-06	1.923006501758502439e-08	5.098239654807550786e-02	1.901760345192470350e-02	1.554353107340449812e-16	1.901752860727263378e-02
5.330000000000000071e+00	1.015485417301506500e-03	5.827639160357481567e-13	7.683258378022039344e-19	9.823767774890541232e-04	7.423935857668617822e-08	8.133823551160432616e-28	4.554198125992497434e-13	5.535728975996328868e-10	5.899752802163221319e-10	1.406933469903388237e-17	1.031210632752015753e-06	1.874342699993189486e-08	5.098239607552652874e-02	1.901760392447366527e-02	1.557227797523154858e-16	1.901752909513959242e-02
5.339999999999999858e+00	1.015485418494489062e-03	5.680164327755969078e-13	7.488825055718984751e-19	9.823768052566171118e-04	7.423935820639643443e-08	8.133823510593201703e-28	4.438949123142772005e-13	5.395641262328629871e-10	5.750453000511130880e-10	1.403484824371884775e-17	1.031210635174928511e-06	1.826910389786441624e-08	5.098239561493593530e-02	1.901760438506425871e-02	1.560102487691336235e-16	1.901752957066051714e-02
5.350000000000000533e+00	1.015485419657281580e-03	5.536421508831240338e-13	7.299312083588614461e-19	9.823768323215203817e-04	7.423935784547961313e-08	8.133823471052885353e-28	4.326616623686487237e-13	5.259098622629020717e-10	5.604931398088349655e-10	1.400123450690344965e-17	1.031210637536525613e-06	1.780678406734555398e-08	5.098239516600110849e-02	1.901760483399908899e-02	1.562977177845361750e-16	1.901753003414787674e-02
5.360000000000000320e+00	1.015485420790648201e-03	5.396316261197579120e-13	7.114594947186690314e-19	9.823768587015305372e-04	7.423935749369723484e-08	8.133823432513358877e-28	4.217126822553307599e-13	5.126011345235299650e-10	5.463092383602400369e-10	1.396847140353111366e-17	1.031210639838359458e-06	1.735616375337877319e-08	5.098239472842707593e-02	1.901760527157311462e-02	1.565851867985589348e-16	1.901753048590616030e-02
5.370000000000000107e+00	1.015485421895333121e-03	5.259756532403885262e-13	6.934552282999388139e-19	9.823768844139085105e-04	7.423935715081382440e-08	8.133823394948820449e-28	4.110407782364870519e-13	4.996291988704223322e-10	5.324842765282261323e-10	1.393653740742573597e-17	1.031210642081935648e-06	1.691694688771587804e-08	5.098239430192633148e-02	1.901760569807385906e-02	1.568726558112367853e-16	1.901753092623219635e-02
5.379999999999999893e+00	1.015485422972062322e-03	5.126652598756935409e-13	6.759065797786552494e-19	9.823769094756363771e-04	7.423935681660753859e-08	8.133823358334974914e-28	4.006389385626137035e-13	4.869855323698974074e-10	5.190091708943619200e-10	1.390541153698465553e-17	1.031210644268748560e-06	1.648884489209311764e-08	5.098239388621866874e-02	1.901760611378152527e-02	1.571601248226038202e-16	1.901753135541530207e-02
5.389999999999999680e+00	1.015485424021543570e-03	4.996917007495536059e-13	6.588020192343725156e-19	9.823769339031660375e-04	7.423935649086110021e-08	8.133823322648004236e-28	3.905003289535740966e-13	4.746618278060588079e-10	5.058750679447489735e-10	1.387507334165802957e-17	1.031210646400214645e-06	1.607157649224775818e-08	5.098239348103095203e-02	1.901760651896925239e-02	1.574475938326931716e-16	1.901753177373745329e-02
5.400000000000000355e+00	1.015485425044466202e-03	4.870464518952031607e-13	6.421303085246291343e-19	9.823769577125193980e-04	7.423935617335717915e-08	8.133823287864102932e-28	3.806182880785993774e-13	4.626499881866102589e-10	4.930733382144770092e-10	1.384550288842147448e-17	1.031210648477740402e-06	1.566486753188996404e-08	5.098239308609697762e-02	1.901760691390325803e-02	1.577350628415372568e-16	1.901753218147349614e-02
5.410000000000000142e+00	1.015485426041502423e-03	4.747212050545169272e-13	6.258804939009014611e-19	9.823769809193525545e-04	7.423935586388817292e-08	8.133823253960520192e-28	3.709863231794410207e-13	4.509421214227278333e-10	4.805955706175793414e-10	1.381668074867982546e-17	1.031210650502691670e-06	1.526845079256793397e-08	5.098239270115722394e-02	1.901760729884300824e-02	1.580225318491674823e-16	1.901753257889133436e-02
5.419999999999999929e+00	1.015485427013307525e-03	4.627078622192845990e-13	6.100418988117227056e-19	9.823770035389154612e-04	7.423935556225096567e-08	8.133823220915012814e-28	3.615981058044712137e-13	4.395305351437703349e-10	4.684335669207010404e-10	1.378858798550182321e-17	1.031210652476399139e-06	1.488206581809858936e-08	5.098239232595880299e-02	1.901760767404143612e-02	1.583100008556145889e-16	1.901753296625206466e-02
5.429999999999999716e+00	1.015485427960519452e-03	4.509985303105959665e-13	5.946041168878926587e-19	9.823770255860334987e-04	7.423935526824459884e-08	8.133823188705545659e-28	3.524474676507148621e-13	4.284077316431841460e-10	4.565793363565917909e-10	1.376120614117789618e-17	1.031210654400159617e-06	1.450545874344047396e-08	5.098239196025518977e-02	1.901760803974504935e-02	1.585974698609085535e-16	1.901753334381019872e-02
5.440000000000000391e+00	1.015485428883760753e-03	4.395855159928594305e-13	5.795570051051931595e-19	9.823770470752245677e-04	7.423935498167835765e-08	8.133823157311244089e-28	3.435283965110978685e-13	4.175664029523022424e-10	4.450250903739050332e-10	1.373451722509284478e-17	1.031210656275235605e-06	1.413838212789699701e-08	5.098239160380611118e-02	1.901760839619412793e-02	1.588849388650785885e-16	1.901753371181381588e-02
5.450000000000000178e+00	1.015485429783638148e-03	4.284613206190689968e-13	5.648906771201418197e-19	9.823770680206312181e-04	7.423935470236569634e-08	8.133823126711656769e-28	3.348350323242612633e-13	4.069994260388134937e-10	4.337632375198681105e-10	1.370850370190544477e-17	1.031210658102859961e-06	1.378059479254087996e-08	5.098239125637736568e-02	1.901760874362287690e-02	1.591724078681530190e-16	1.901753407050469150e-02
5.459999999999999964e+00	1.015485430660743177e-03	4.176186353039747804e-13	5.505954967743756488e-19	9.823770884359922431e-04	7.423935443012149851e-08	8.133823096886508144e-28	3.263616633243310049e-13	3.966998581267290777e-10	4.227863784524438692e-10	1.368314848002711677e-17	1.031210659884234835e-06	1.343186166175246850e-08	5.098239091774069837e-02	1.901760908225954769e-02	1.594598768701596769e-16	1.901753442011849815e-02
5.469999999999999751e+00	1.015485431515652202e-03	4.070503361219431612e-13	5.366620717634290733e-19	9.823771083346741206e-04	7.423935416476324179e-08	8.133823067815795294e-28	3.181027222881297465e-13	3.866609321347928362e-10	4.120873010787250874e-10	1.365843490039220012e-17	1.031210661620529981e-06	1.309195360876842631e-08	5.098239058767360665e-02	1.901760941232664981e-02	1.597473458711255068e-16	1.901753476088493752e-02
5.480000000000000426e+00	1.015485432348926407e-03	3.967494793986163125e-13	5.230812474291782292e-19	9.823771277298260548e-04	7.423935390612226074e-08	8.133823039481045295e-28	3.100527828556921844e-13	3.768760522039915963e-10	4.016589757882932188e-10	1.363434672544759779e-17	1.031210663312885080e-06	1.276064730424728391e-08	5.098239026595921541e-02	1.901760973404103064e-02	1.600348148710769355e-16	1.901753509302790343e-02
5.490000000000000213e+00	1.015485433161113097e-03	3.867092972603915689e-13	5.098441008921981187e-19	9.823771466342169113e-04	7.423935365403065755e-08	8.133823011863853379e-28	3.022065560522609831e-13	3.673387894699709242e-10	3.914945509475872582e-10	1.361086812874532523e-17	1.031210664962413135e-06	1.243772507312726630e-08	5.098238995238617982e-02	1.901761004761407317e-02	1.603222838700395764e-16	1.901753541676562756e-02
5.500000000000000000e+00	1.015485433952746566e-03	3.769231930190115961e-13	4.969419349667289812e-19	9.823771650601079326e-04	7.423935340831066119e-08	8.133822984944749347e-28	2.945588866814256938e-13	3.580428776788203529e-10	3.815873482273460077e-10	1.358798368414944639e-17	1.031210666570197501e-06	1.212297474618080105e-08	5.098238964674844942e-02	1.901761035325180357e-02	1.606097528680385005e-16	1.901753573231081476e-02
5.509999999999999787e+00	1.015485434724346580e-03	3.673847369507538444e-13	4.843662725958869925e-19	9.823771830197521211e-04	7.423935316881196300e-08	8.133822958707270967e-28	2.871047500266328267e-13	3.489822091776927632e-10	3.719308583295333946e-10	1.356567835596577063e-17	1.031210668137295063e-06	1.181618952426049822e-08	5.098238934884522650e-02	1.901761065115503690e-02	1.608972218650979898e-16	1.901753603987077837e-02
5.520000000000000462e+00	1.015485435476420548e-03	3.580876620432489861e-13	4.721088512441978029e-19	9.823772005248987589e-04	7.423935293537337527e-08	8.133822933133747082e-28	2.798392485273994142e-13	3.401508308746722412e-10	3.625187366814962702e-10	1.354393748899590672e-17	1.031210669664734753e-06	1.151716784150405231e-08	5.098238905848076485e-02	1.901761094151949508e-02	1.611846908612418828e-16	1.901753633964759979e-02
5.530000000000000249e+00	1.015485436209461996e-03	3.490258598779418279e-13	4.601616174689645130e-19	9.823772175870562184e-04	7.423935270784202179e-08	8.133822908207430268e-28	2.727576085615290824e-13	3.315429403274918072e-10	3.533447992674416342e-10	1.352274679890846669e-17	1.031210671153521154e-06	1.122571323290173120e-08	5.098238877546429348e-02	1.901761122453596298e-02	1.614721598564933276e-16	1.901753663183822912e-02
5.540000000000000036e+00	1.015485436923953613e-03	3.401933766143459257e-13	4.485167216258384943e-19	9.823772342174871917e-04	7.423935248607239817e-08	8.133822883912380252e-28	2.658551773068771095e-13	3.231528819289438022e-10	3.444030185629711036e-10	1.350209236284834544e-17	1.031210672604632800e-06	1.094163420513793692e-08	5.098238849960987085e-02	1.901761150039038215e-02	1.617596288508749546e-16	1.901753691663465862e-02
5.549999999999999822e+00	1.015485437620363557e-03	3.315844090667807681e-13	4.371665126963244925e-19	9.823772504270016082e-04	7.423935226990997384e-08	8.133822860231670244e-28	2.591274196753896319e-13	3.149751431801409398e-10	3.356875195632422996e-10	1.348196061026218678e-17	1.031210674019021333e-06	1.066474411040723842e-08	5.098238823073625303e-02	1.901761176926400690e-02	1.620470978444087287e-16	1.901753719422399208e-02
5.560000000000000497e+00	1.015485438299149794e-03	3.231933009612422306e-13	4.261035333527750423e-19	9.823772662263981215e-04	7.423935205922394839e-08	8.133822837150965298e-28	2.525699153879135019e-13	3.070043511348876808e-10	3.271925759934958503e-10	1.346233831414526290e-17	1.031210675397616582e-06	1.039486102602405843e-08	5.098238796866678274e-02	1.901761203133348413e-02	1.623345668371161957e-16	1.901753746478862875e-02
5.570000000000000284e+00	1.015485438960758800e-03	3.150145391018692156e-13	4.153205149041948545e-19	9.823772816258983728e-04	7.423935185386385435e-08	8.133822814653783454e-28	2.461783559783576809e-13	2.992352687581746475e-10	3.189126064280582177e-10	1.344321258207674506e-17	1.031210676741325086e-06	1.013180763112468809e-08	5.098238771322925744e-02	1.901761228677100249e-02	1.626220358290181124e-16	1.901753772850632573e-02
5.580000000000000071e+00	1.015485439605624688e-03	3.070427498312843310e-13	4.048103726294935347e-19	9.823772966357326771e-04	7.423935165370335147e-08	8.133822792726275846e-28	2.399485420275113031e-13	2.916627915638284516e-10	3.108421707068593682e-10	1.342457084794233863e-17	1.031210678051029028e-06	9.875411092821211580e-09	5.098238746425585999e-02	1.901761253574439300e-02	1.629095048201350139e-16	1.901753798555035416e-02
5.589999999999999858e+00	1.015485440234171382e-03	2.992726954785365020e-13	3.945662010943933677e-19	9.823773112657165334e-04	7.423935145860727182e-08	8.133822771353639382e-28	2.338763803871733660e-13	2.842819442403824186e-10	3.029759663393989080e-10	1.340640086362786741e-17	1.031210679327588995e-06	9.625502951956630405e-09	5.098238722158300595e-02	1.901761277841724357e-02	1.631969738104866957e-16	1.901753823608959976e-02
5.600000000000000533e+00	1.015485440846812179e-03	2.916992709178144466e-13	3.845812696143786838e-19	9.823773255254811265e-04	7.423935126844902367e-08	8.133822750522001880e-28	2.279578814908475483e-13	2.770878773821702178e-10	2.953088250208537655e-10	1.338869069097191251e-17	1.031210680571844607e-06	9.381919012422724061e-09	5.098238698505125344e-02	1.901761301494898221e-02	1.634844428000925341e-16	1.901753848028867044e-02
5.610000000000000320e+00	1.015485441443949319e-03	2.843175002142412074e-13	3.748490178324541472e-19	9.823773394243510287e-04	7.423935108310025506e-08	8.133822730217299236e-28	2.221891567324899761e-13	2.700758643031388466e-10	2.878357092363485419e-10	1.337142869392206051e-17	1.031210681784612405e-06	9.144499233278752551e-09	5.098238675450520591e-02	1.901761324549501933e-02	1.637719117889714373e-16	1.901753871830801773e-02
5.620000000000000107e+00	1.015485442025975283e-03	2.771225333545465305e-13	3.653630514088080469e-19	9.823773529715157209e-04	7.423935090244351959e-08	8.133822710426670893e-28	2.165664159115865590e-13	2.632412979312862358e-10	2.805517089511511601e-10	1.335460353088967030e-17	1.031210682966689658e-06	8.913087623600010407e-09	5.098238652979338731e-02	1.901761347020684487e-02	1.640593807771416228e-16	1.901753895030402347e-02
5.629999999999999893e+00	1.015485442593272360e-03	2.701096430416070405e-13	3.561171377946787390e-19	9.823773661758667449e-04	7.423935072635942531e-08	8.133822691137026705e-28	2.110859647281425028e-13	2.565796877637691935e-10	2.734520383655306185e-10	1.333820414725400123e-17	1.031210684118853943e-06	8.687532139380591135e-09	5.098238631076813798e-02	1.901761368923208032e-02	1.643468497646212839e-16	1.901753917642910741e-02
5.639999999999999680e+00	1.015485443146213517e-03	2.632742216461987948e-13	3.471052022134955420e-19	9.823773790460540827e-04	7.423935055473034052e-08	8.133822672335493560e-28	2.057442024005309632e-13	2.500866569713473312e-10	2.665320328287730834e-10	1.332221976823392111e-17	1.031210685241861448e-06	8.467684585492650490e-09	5.098238609728557302e-02	1.901761390271464180e-02	1.646343187514277015e-16	1.901753939683184513e-02
5.650000000000000355e+00	1.015485443685161526e-03	2.566117781384659901e-13	3.383213236152716442e-19	9.823773915905447025e-04	7.423935038744353043e-08	8.133822654009919399e-28	2.005376192674893312e-13	2.437579394835614362e-10	2.597871457326640494e-10	1.330663989171221484e-17	1.031210686336449091e-06	8.253400516993194643e-09	5.098238588920542269e-02	1.901761411079479561e-02	1.649217877375780827e-16	1.901753961165705831e-02
5.660000000000000142e+00	1.015485444210470489e-03	2.501179351032487385e-13	3.297597307415685968e-19	9.823774038175895999e-04	7.423935022439222918e-08	8.133822636147947682e-28	1.954627944556492360e-13	2.375893771535582736e-10	2.532129454898585149e-10	1.329145428125622224e-17	1.031210687403336004e-06	8.044539143127808031e-09	5.098238568639096996e-02	1.901761431360924487e-02	1.652092567230888456e-16	1.901753982104587709e-02
5.669999999999999929e+00	1.015485444722485833e-03	2.437884259189082113e-13	3.214147984059994275e-19	9.823774157351917048e-04	7.423935006546449608e-08	8.133822618737989560e-28	1.905163936748403555e-13	2.315769170782521267e-10	2.468051126778006031e-10	1.327665295952011209e-17	1.031210688443225013e-06	7.840963236593769230e-09	5.098238548870895337e-02	1.901761451129125799e-02	1.654967257079762604e-16	1.901754002513589281e-02
5.679999999999999716e+00	1.015485445221544309e-03	2.376190919355165539e-13	3.132810437739179997e-19	9.823774273512769686e-04	7.423934991056390172e-08	8.133822601769261536e-28	1.856951670128927886e-13	2.257166089178446777e-10	2.405594371819625697e-10	1.326222620164664149e-17	1.031210689456798190e-06	7.642539042781562543e-09	5.098238529602949765e-02	1.901761470397070677e-02	1.657841946922561291e-16	1.901754022406117184e-02
5.690000000000000391e+00	1.015485445707973349e-03	2.316058797424053794e-13	3.053531227599034484e-19	9.823774386733521904e-04	7.423934975957933919e-08	8.133822585229575677e-28	1.809959468002758326e-13	2.200046023002555474e-10	2.344718154295770579e-10	1.324816452887714372e-17	1.031210690444721516e-06	7.449136191891347611e-09	5.098238510822601655e-02	1.901761489177420175e-02	1.660716636759438098e-16	1.901754041795242905e-02
5.700000000000000178e+00	1.015485446182093224e-03	2.257448385049896041e-13	2.976258265165829979e-19	9.823774497089044367e-04	7.423934961241518643e-08	8.133822569108462378e-28	1.764156455288714499e-13	2.144371442913461343e-10	2.285382476934916523e-10	1.323445870232381036e-17	1.031210691407644664e-06	7.260627613277119067e-09	5.098238492517509490e-02	1.901761507482510952e-02	1.663591326590542415e-16	1.901754060693705214e-02
5.709999999999999964e+00	1.015485446644214234e-03	2.200321173689588421e-13	2.900940780122763105e-19	9.823774604651928748e-04	7.423934946897541106e-08	8.133822553395401811e-28	1.719512538233961852e-13	2.090105769291397546e-10	2.227548354642278339e-10	1.322109971689946827e-17	1.031210692346199733e-06	7.076889451957757614e-09	5.098238474675648862e-02	1.901761525324371579e-02	1.666466016416021168e-16	1.901754079113920914e-02
5.719999999999999751e+00	1.015485447094641039e-03	2.144639629301662730e-13	2.827529286952515999e-19	9.823774709493142583e-04	7.423934932916800414e-08	8.133822538080311801e-28	1.675998384641631860e-13	2.037213348204469001e-10	2.171177788885492382e-10	1.320807879540097947e-17	1.031210693261002939e-06	6.897800987241025474e-09	5.098238457285297204e-02	1.901761542714724279e-02	1.669340706236016352e-16	1.901754097067993865e-02
5.730000000000000426e+00	1.015485447533669410e-03	2.090367167685407282e-13	2.755975552423947739e-19	9.823774811681023136e-04	7.423934919289703918e-08	8.133822523152679695e-28	1.633585404598779207e-13	1.985659427983070613e-10	2.116233742728472936e-10	1.319538738274234132e-17	1.031210694152656523e-06	6.723244553406776689e-09	5.098238440335025462e-02	1.901761559664994633e-02	1.672215396050666263e-16	1.901754114567718798e-02
5.740000000000000213e+00	1.015485447961587311e-03	2.037468130444083021e-13	2.686232563901592144e-19	9.823774911282938394e-04	7.423934906007457035e-08	8.133822508602875323e-28	1.592245731692056967e-13	1.935410136387143548e-10	2.062680116497092168e-10	1.318301714033379526e-17	1.031210695021745361e-06	6.553105462397468407e-09	5.098238423813700182e-02	1.901761576186319566e-02	1.675090085860106487e-16	1.901754131624594155e-02
5.750000000000000000e+00	1.015485448378676417e-03	1.985907761556383707e-13	2.618254498457063210e-19	9.823775008364337303e-04	7.423934893061348559e-08	8.133822494421349227e-28	1.551952204698722753e-13	1.886432458351201117e-10	2.010481724060627797e-10	1.317095994060308459e-17	1.031210695868841412e-06	6.387271928464926206e-09	5.098238407710465464e-02	1.901761592289554978e-02	1.677964775664468913e-16	1.901754148249825901e-02
5.759999999999999787e+00	1.015485448785210815e-03	1.935652184540820618e-13	2.551996692762204191e-19	9.823775102989421980e-04	7.423934880443184770e-08	8.133822480599127715e-28	1.512678349741005105e-13	1.838694214292577817e-10	1.959604269713484883e-10	1.315920786165543620e-17	1.031210696694500542e-06	6.225634994724166034e-09	5.098238392014739495e-02	1.901761607985280253e-02	1.680839465463881976e-16	1.901754164454337592e-02
5.770000000000000462e+00	1.015485449181457002e-03	1.886668380197966163e-13	2.487415613744072914e-19	9.823775195219486712e-04	7.423934868144016237e-08	8.133822467126401252e-28	1.474398362892059803e-13	1.792164038968601624e-10	1.910014325641925850e-10	1.314775318206864095e-17	1.031210697499265275e-06	6.068088461565766093e-09	5.098238376716211773e-02	1.901761623283807282e-02	1.683714155258471401e-16	1.901754180248777307e-02
5.780000000000000249e+00	1.015485449567675620e-03	1.838924164915983315e-13	2.424468829982591220e-19	9.823775285115366081e-04	7.423934856155940405e-08	8.133822453994515416e-28	1.437087093222117887e-13	1.746811360868816437e-10	1.861679309961064767e-10	1.313658837581985525e-17	1.031210698283664582e-06	5.914528816879937970e-09	5.098238361804829921e-02	1.901761638195189133e-02	1.686588845048358475e-16	1.901754195643520079e-02
5.790000000000000036e+00	1.015485449944120806e-03	1.792388169525107566e-13	2.363114983831930940e-19	9.823775372736556766e-04	7.423934844471401478e-08	8.133822441195192458e-28	1.400720026273635927e-13	1.702606382128681406e-10	1.814567465307613270e-10	1.312570610734079599e-17	1.031210699048213461e-06	5.764855168046214774e-09	5.098238347270798304e-02	1.901761652729221444e-02	1.689463534833663007e-16	1.901754210648682122e-02
5.799999999999999822e+00	1.015485450311039758e-03	1.747029818687289849e-13	2.303313764247472012e-19	9.823775458140501966e-04	7.423934833082635867e-08	8.133822428719923245e-28	1.365273267954664242e-13	1.659520058951607647e-10	1.768647837974410386e-10	1.311509922669806230e-17	1.031210699793415261e-06	5.618969175644349947e-09	5.098238333104565534e-02	1.901761666895454214e-02	1.692338224614500368e-16	1.901754225274122218e-02
5.810000000000000497e+00	1.015485450668673168e-03	1.702819310807387846e-13	2.245025880300373926e-19	9.823775541382537193e-04	7.423934821981567644e-08	8.133822416559861436e-28	1.330723528839790906e-13	1.617524082526423150e-10	1.723890257572953907e-10	1.310476076489541806e-17	1.031210700519758083e-06	5.476774988842686227e-09	5.098238319296824472e-02	1.901761680703194929e-02	1.695212914390983709e-16	1.901754239529450038e-02
5.820000000000000284e+00	1.015485451017256527e-03	1.659727598452741160e-13	2.188213035362412673e-19	9.823775622518197449e-04	7.423934811161544953e-08	8.133822404707724763e-28	1.297048108868388660e-13	1.576590860427757880e-10	1.680265317210621880e-10	1.309468392929499973e-17	1.031210701227721138e-06	5.338179182421643139e-09	5.098238305838503209e-02	1.901761694161515151e-02	1.698087604163223226e-16	1.901754253424030663e-02
5.830000000000000071e+00	1.015485451357018383e-03	1.617726369268217282e-13	2.132837901944052929e-19	9.823775701600797293e-04	7.423934800615454041e-08	8.133822393155707209e-28	1.264224882430051934e-13	1.536693498487077585e-10	1.637744354169489453e-10	1.308486209915428650e-17	1.031210701917767539e-06	5.203090695390786968e-09	5.098238292720760206e-02	1.901761707279258154e-02	1.700962293931326399e-16	1.901754266966993595e-02
5.839999999999999858e+00	1.015485451688182082e-03	1.576788027374267619e-13	2.078864097169330904e-19	9.823775778682358913e-04	7.423934790336428646e-08	8.133822381896298711e-28	1.232232283827508214e-13	1.497805783122533751e-10	1.596299431074139730e-10	1.307528882127618565e-17	1.031210702590351510e-06	5.071420771159392235e-09	5.098238279934977357e-02	1.901761720065041697e-02	1.703836983695397507e-16	1.901754280167236924e-02
5.850000000000000533e+00	1.015485452010965548e-03	1.536885675235698971e-13	2.026256158871330316e-19	9.823775853813304215e-04	7.423934780317529717e-08	8.133822370921886967e-28	1.201049293107378168e-13	1.459902164115948623e-10	1.555903317536013651e-10	1.306595780576902538e-17	1.031210703245914989e-06	4.943082899220988544e-09	5.098238267472750967e-02	1.901761732527267740e-02	1.706711673455539595e-16	1.901754293033434268e-02
5.860000000000000320e+00	1.015485452325580419e-03	1.497993095989297250e-13	1.974979522292628350e-19	9.823775927042810441e-04	7.423934770552047163e-08	8.133822360225117964e-28	1.170655422249522900e-13	1.422957737825671934e-10	1.516529472262306044e-10	1.305686292191395752e-17	1.031210703884888692e-06	4.817992758313699384e-09	5.098238255325896612e-02	1.901761744674123830e-02	1.709586363211851024e-16	1.901754305574037546e-02
5.870000000000000107e+00	1.015485452632233125e-03	1.460084736218639406e-13	1.925000497375309218e-19	9.823775998418951116e-04	7.423934761033536918e-08	8.133822349798944402e-28	1.141030701705863403e-13	1.386948230824220988e-10	1.478152025617567030e-10	1.304799819413687962e-17	1.031210704507691266e-06	4.696068161018873485e-09	5.098238243486431093e-02	1.901761756513589696e-02	1.712461052964428922e-16	1.901754317797287736e-02
5.879999999999999893e+00	1.015485452931125764e-03	1.423135689164843525e-13	1.876286246625736364e-19	9.823776067989264168e-04	7.423934751756208716e-08	8.133822339637011337e-28	1.112155667279873443e-13	1.351849983950023124e-10	1.440745762626657282e-10	1.303935779808234824e-17	1.031210705114733733e-06	4.577228999761830314e-09	5.098238231946575910e-02	1.901761768053445226e-02	1.715335742713367706e-16	1.901754329711214872e-02
5.889999999999999680e+00	1.015485453222455007e-03	1.387121678362168858e-13	1.828804763539447206e-19	9.823776135798698451e-04	7.423934742713414673e-08	8.133822329732043676e-28	1.084011347338089864e-13	1.317639936762728484e-10	1.404286106407798161e-10	1.303093605678679310e-17	1.031210705706414622e-06	4.461397194179050058e-09	5.098238220698749629e-02	1.901761779301271160e-02	1.718210432458760313e-16	1.901754341323646375e-02
5.900000000000000355e+00	1.015485453506411676e-03	1.352019041687742335e-13	1.782524851572042033e-19	9.823776201892426164e-04	7.423934733899682162e-08	8.133822320078034446e-28	1.056579250345250868e-13	1.284295612391899900e-10	1.368749102024883004e-10	1.302272743694859936e-17	1.031210706283122510e-06	4.348496639817306358e-09	5.098238209735561632e-02	1.901761790264459157e-02	1.721085122200696231e-16	1.901754352642212598e-02
5.910000000000000142e+00	1.015485453783182036e-03	1.317804715814930690e-13	1.737416103642248042e-19	9.823776266313390387e-04	7.423934725308841077e-08	8.133822310668230507e-28	1.029841352714880460e-13	1.251795102769140283e-10	1.334111400748431921e-10	1.301472654529256822e-17	1.031210706845235385e-06	4.238453158131073908e-09	5.098238199049809349e-02	1.901761800950211093e-02	1.723959811939262234e-16	1.901754363674350995e-02
5.919999999999999929e+00	1.015485454052948450e-03	1.284456221060117642e-13	1.693448882153652664e-19	9.823776329103777426e-04	7.423934716935148799e-08	8.133822301496348663e-28	1.003780086967309156e-13	1.220117054233903246e-10	1.300350244714819059e-10	1.300692812502642611e-17	1.031210707393123401e-06	4.131194447745208894e-09	5.098238188634472701e-02	1.901761811365548435e-02	1.726834501674543617e-16	1.901754374427309241e-02
5.929999999999999716e+00	1.015485454315888511e-03	1.251951646612977286e-13	1.650594299522042142e-19	9.823776390306079333e-04	7.423934708774035321e-08	8.133822292557364865e-28	9.783783301873930397e-14	1.189240653503603380e-10	1.267443451973740708e-10	1.299932705238689585e-17	1.031210707927146545e-06	4.026650036951090554e-09	5.098238178482705774e-02	1.901761821517313975e-02	1.729709191406624196e-16	1.901754384908150783e-02
5.940000000000000391e+00	1.015485454572174605e-03	1.220269636140490851e-13	1.608824199195496503e-19	9.823776449959357743e-04	7.423934700819282892e-08	8.133822283844472167e-28	9.536193927743017017e-14	1.159145613998739648e-10	1.235369401914060896e-10	1.299191833327331592e-17	1.031210708447655915e-06	3.924751237404829044e-09	5.098238168587843760e-02	1.901761831412178069e-02	1.732583881135585078e-16	1.901754395123764207e-02
5.950000000000000178e+00	1.015485454821975220e-03	1.189389373755290468e-13	1.568111137154815068e-19	9.823776508102897639e-04	7.423934693065712700e-08	8.133822275352004391e-28	9.294870074760282814e-14	1.129812162514102619e-10	1.204107021058489318e-10	1.298469709996633810e-17	1.031210708954993498e-06	3.825431098997264811e-09	5.098238158943378673e-02	1.901761841056642116e-02	1.735458570861503914e-16	1.901754405080860119e-02
5.959999999999999964e+00	1.015485455065453851e-03	1.159290570339061542e-13	1.528428363882055852e-19	9.823776564774862937e-04	7.423934685508214753e-08	8.133822267074356341e-28	9.059653187013643645e-14	1.101221026227250253e-10	1.173635769217711894e-10	1.297765860792970817e-17	1.031210709449491968e-06	3.728624365865928026e-09	5.098238149542978076e-02	1.901761850457042366e-02	1.738333260584459099e-16	1.901754414785979813e-02
5.969999999999999751e+00	1.015485455302771395e-03	1.129953450212077335e-13	1.489749806785427424e-19	9.823776620012530676e-04	7.423934678141857731e-08	8.133822259006125508e-28	8.830388721023783105e-14	1.073353420035778927e-10	1.143935625994944119e-10	1.297079823269299113e-17	1.031210709931476373e-06	3.634267433520273510e-09	5.098238140380466354e-02	1.901761859619554781e-02	1.741207950304525328e-16	1.901754424245501521e-02
5.980000000000000426e+00	1.015485455534083543e-03	1.101358738140054014e-13	1.452050053068902318e-19	9.823776673852681329e-04	7.423934670962161625e-08	8.133822251142404433e-28	8.606926044204971954e-14	1.046191034215019808e-10	1.114987077631973774e-10	1.296411146681315944e-17	1.031210710401264774e-06	3.542298307051839973e-09	5.098238131449821242e-02	1.901761868550199894e-02	1.744082640021775569e-16	1.901754433465639715e-02
5.990000000000000213e+00	1.015485455759541650e-03	1.073487646669832079e-13	1.415304333035368100e-19	9.823776726330406186e-04	7.423934663964195114e-08	8.133822243477790607e-28	8.389118335895642966e-14	1.019716022388087151e-10	1.086771104188104933e-10	1.295759391691307508e-17	1.031210710859164009e-06	3.452656560402010942e-09	5.098238122745175210e-02	1.901761877254845579e-02	1.746957329736280081e-16	1.901754442452451704e-02
6.000000000000000000e+00	1.015485455979294252e-03	1.046321863785515810e-13	1.379488503812267524e-19	9.823776777479710162e-04	7.423934657143009673e-08	8.133822236006865374e-28	8.176822490893283604e-14	9.939109898003351425e-11	1.059269167043527117e-10	1.295124130079492430e-17	1.031210711305475410e-06	3.365283296660465488e-09	5.098238114260811998e-02	1.901761885739211219e-02	1.749832019448110355e-16	1.901754451211843180e-02
6.009999999999999787e+00	1.015485456193485764e-03	1.019843540877014754e-13	1.344579033489125283e-19	9.823776827335339770e-04	7.423934650494989530e-08	8.133822228725657569e-28	7.969899025430699213e-14	9.687589818905660385e-11	1.032463196718947782e-10	1.294504944462670357e-17	1.031210711740492474e-06	3.280121109368402338e-09	5.098238105991154123e-02	1.901761894008870482e-02	1.752706709157331965e-16	1.901754459749567527e-02
6.020000000000000462e+00	1.015485456402257349e-03	9.940352810130356762e-14	1.310552985656456144e-19	9.823776875929367876e-04	7.423934644015231158e-08	8.133822221628800554e-28	7.768211985531488273e-14	9.442434731514415926e-11	1.006335581003453751e-10	1.293901428019990179e-17	1.031210712164500226e-06	3.197114044800983304e-09	5.098238097930767043e-02	1.901761902069256521e-02	1.755581398864012702e-16	1.901754468071236229e-02
6.030000000000000249e+00	1.015485456605745400e-03	9.688801275108600023e-14	1.277388004335967149e-19	9.823776923293403313e-04	7.423934637699254548e-08	8.133822214711390458e-28	7.571628857684860858e-14	9.203483562718075823e-11	9.808691533828217114e-11	1.293313184225656224e-17	1.031210712577779036e-06	3.116207565204305903e-09	5.098238090074357770e-02	1.901761909925665794e-02	1.758456088568216170e-16	1.901754476182316092e-02
6.040000000000000036e+00	1.015485456804083707e-03	9.443615527953477149e-14	1.245062299292082634e-19	9.823776969458864090e-04	7.423934631543130261e-08	8.133822207969118903e-28	7.380020481780696307e-14	8.970579315537643103e-11	9.560471817606423767e-11	1.292739826588401703e-17	1.031210712980598472e-06	3.037348512962639431e-09	5.098238082416764461e-02	1.901761917583259451e-02	1.761330778270004491e-16	1.901754484088136188e-02
6.049999999999999822e+00	1.015485456997403026e-03	9.204634475399029814e-14	1.213554631715205025e-19	9.823777014455652504e-04	7.423934625542481518e-08	8.133822201397189638e-28	7.193260966248105239e-14	8.743568965975708202e-11	9.318533574648931705e-11	1.292180978397552999e-17	1.031210713373224077e-06	2.960485075672513204e-09	5.098238074952955029e-02	1.901761925047069576e-02	1.764205467969439788e-16	1.901754491793890972e-02
6.060000000000000497e+00	1.015485457185829991e-03	8.971701100822255302e-14	1.182844300267261595e-19	9.823777058313989605e-04	7.423934619693875189e-08	8.133822194991841354e-28	7.011227605341355512e-14	8.522303362475684110e-11	9.082717845326980885e-11	1.291636272475519472e-17	1.031210713755913986e-06	2.885566752100604684e-09	5.098238067678024371e-02	1.901761932321999193e-02	1.767080157666581472e-16	1.901754499304642715e-02
6.070000000000000284e+00	1.015485457369489069e-03	8.744662361079186759e-14	1.152911127480402003e-19	9.823777101062279322e-04	7.423934613993148901e-08	8.133822188748509180e-28	6.833800798519100558e-14	8.306637127925511110e-11	8.852869692662623067e-11	1.291105350936550860e-17	1.031210714128920403e-06	2.812544319003150686e-09	5.098238060587194365e-02	1.901761939412829200e-02	1.769954847361486982e-16	1.901754506625327051e-02
6.080000000000000071e+00	1.015485457548500172e-03	8.523369085951485823e-14	1.123735446499861697e-19	9.823777142729272528e-04	7.423934608437061429e-08	8.133822182663645253e-28	6.660863971863633561e-14	8.096428564141012480e-11	8.628838100530851810e-11	1.290587864951592479e-17	1.031210714492486849e-06	2.741369798784950215e-09	5.098238053675805542e-02	1.901761946324218022e-02	1.772829537054212770e-16	1.901754513760752288e-02
6.089999999999999858e+00	1.015485457722981261e-03	8.307675880137819764e-14	1.095298088162343244e-19	9.823777183341794554e-04	7.423934603021541723e-08	8.133822176732794117e-28	6.492303501488872610e-14	7.891539558766660969e-11	8.410475874438067903e-11	1.290083474519099716e-17	1.031210714846852188e-06	2.671996427976867901e-09	5.098238046939317092e-02	1.901761953060706473e-02	1.775704226744814551e-16	1.901754520715608424e-02
6.100000000000000533e+00	1.015485457893047045e-03	8.097441027725379439e-14	1.067580368401376036e-19	9.823777222926436542e-04	7.423934597742963421e-08	8.133822170951984603e-28	6.328008638886516502e-14	7.691835494532156959e-11	8.197639544811317128e-11	1.289591848241646790e-17	1.031210715192251472e-06	2.604378626511011685e-09	5.098238040373303387e-02	1.901761959626721218e-02	1.778578916433346311e-16	1.901754527494464025e-02
6.110000000000000320e+00	1.015485458058809198e-03	7.892526399078922712e-14	1.040564075971409931e-19	9.823777261509067556e-04	7.423934592597759721e-08	8.133822165317293974e-28	6.167871438161466885e-14	7.497185160805515911e-11	7.990189272735035262e-11	1.289112663108185740e-17	1.031210715528909587e-06	2.538471967773473510e-09	5.098238033973450517e-02	1.901761966026574782e-02	1.781453606119859080e-16	1.901754534101773170e-02
6.120000000000000107e+00	1.015485458220376138e-03	7.692797360085925777e-14	1.014231460482544312e-19	9.823777299115253082e-04	7.423934587582707927e-08	8.133822159825204857e-28	6.011786685108504759e-14	7.307460667384202819e-11	7.787988758073048502e-11	1.288645604281824198e-17	1.031210715857047398e-06	2.474233149414850591e-09	5.098238027735550043e-02	1.901761972264472828e-02	1.784328295804405367e-16	1.901754540541877175e-02
6.129999999999999893e+00	1.015485458377854552e-03	7.498122683698597033e-14	9.885652207380743488e-20	9.823777335769563312e-04	7.423934582694407997e-08	8.133822154471986436e-28	5.859651828083910796e-14	7.122537360468071855e-11	7.590905149915839342e-11	1.288190364892969415e-17	1.031210716176881533e-06	2.411619964899508455e-09	5.098238021655509405e-02	1.901761978344514853e-02	1.787202985487034968e-16	1.901754546819008074e-02
6.140000000000000568e+00	1.015485458531348089e-03	7.308374463714266747e-14	9.635484933671522117e-20	9.823777371496928389e-04	7.423934577930293684e-08	8.133822149254826248e-28	5.711366910626366404e-14	6.942293740758581526e-11	7.398808959293918972e-11	1.287746645837702509e-17	1.031210716488621845e-06	2.350591275774786827e-09	5.098238015729330413e-02	1.901761984270694192e-02	1.790077675167795462e-16	1.901754552937288609e-02
6.150000000000000355e+00	1.015485458680957147e-03	7.123428030737798794e-14	9.391648417451297273e-20	9.823777406319882371e-04	7.423934573286517607e-08	8.133822144169516363e-28	5.566834505783025616e-14	6.766611383630734463e-11	7.211573974100230744e-11	1.287314155581264114e-17	1.031210716792473951e-06	2.291106984641988033e-09	5.098238009953117572e-02	1.901761990046904952e-02	1.792952364846734674e-16	1.901754558900739869e-02
6.160000000000000142e+00	1.015485458826780171e-03	6.943161870270483619e-14	9.153982451942574587e-20	9.823777440261763794e-04	7.423934568760374554e-08	8.133822139213081096e-28	5.425959652097442368e-14	6.595374861324935391e-11	7.029077176165340285e-11	1.286892609966503244e-17	1.031210717088636480e-06	2.233128008811325069e-09	5.098238004323079470e-02	1.901761995676943054e-02	1.795827054523898455e-16	1.901754564713279208e-02
6.169999999999999929e+00	1.015485458968913221e-03	6.767457542871951637e-14	8.922330884576971963e-20	9.823777473344289229e-04	7.423934564348455218e-08	8.133822134381802184e-28	5.288649791217486130e-14	6.428471667108090837e-11	6.851198660431314673e-11	1.286481732027184727e-17	1.031210717377304673e-06	2.176616254623602466e-09	5.098237998835515594e-02	1.901762001164506236e-02	1.798701744199331920e-16	1.901754570378725445e-02
6.179999999999999716e+00	1.015485459107449539e-03	6.596199606342399800e-14	8.696541514398941715e-20	9.823777505589958037e-04	7.423934560048442169e-08	8.133822129673120072e-28	5.154814707082119730e-14	6.265792141353783385e-11	6.677821556170914227e-11	1.286081251806009781e-17	1.031210717658668054e-06	2.121534592421691793e-09	5.098237993486821190e-02	1.901762006513200640e-02	1.801576433873079194e-16	1.901754575900802338e-02
6.190000000000000391e+00	1.015485459242479330e-03	6.429275539874086354e-14	8.476465992065801546e-20	9.823777537019593407e-04	7.423934555857227854e-08	8.133822125083646532e-28	5.024366466647114787e-14	6.107229399493072213e-11	6.508831950200416249e-11	1.285690906177247268e-17	1.031210717932909370e-06	2.067846832155392992e-09	5.098237988273481014e-02	1.901762011726540816e-02	1.804451123545182186e-16	1.901754581283136500e-02
6.200000000000000178e+00	1.015485459374092366e-03	6.266575670122327387e-14	8.261959722378507287e-20	9.823777567653437393e-04	7.423934551771747075e-08	8.133822120610013068e-28	4.897219362110839813e-14	5.952679261788669844e-11	6.344118812035732879e-11	1.285310438673857747e-17	1.031210718200211581e-06	2.015517699603645838e-09	5.098237983192069334e-02	1.901762016807951108e-02	1.807325813215682065e-16	1.901754586529264685e-02
6.209999999999999964e+00	1.015485459502374734e-03	6.107993099147195600e-14	8.052881769278741437e-20	9.823777597512352213e-04	7.423934547789882247e-08	8.133822116249904061e-28	4.773289854601946399e-14	5.802040184886093483e-11	6.183573920942338286e-11	1.284939599318984624e-17	1.031210718460749175e-06	1.964512813198437125e-09	5.098237978239247847e-02	1.901762021760770513e-02	1.810200502884620985e-16	1.901754591642633788e-02
6.219999999999999751e+00	1.015485459627410566e-03	5.953423634178898891e-14	7.849094763250415691e-20	9.823777626615506561e-04	7.423934543908663463e-08	8.133822112000067602e-28	4.652496519292248751e-14	5.655213195097153574e-11	6.027091794831477203e-11	1.284578144461710844e-17	1.031210718714693464e-06	1.914798661435245911e-09	5.098237973411764989e-02	1.901762026588254065e-02	1.813075192552037404e-16	1.901754596626603969e-02
6.230000000000000426e+00	1.015485459749282480e-03	5.802765719160441097e-14	7.650464811064326052e-20	9.823777654982379214e-04	7.423934540125822261e-08	8.133822107858015883e-28	4.534759991898502033e-14	5.512101823371688252e-11	5.874569620955643803e-11	1.284225836616977600e-17	1.031210718962211738e-06	1.866342580855107372e-09	5.098237968706446216e-02	1.901762031293573185e-02	1.815949882217970271e-16	1.901754601484448651e-02
6.240000000000000213e+00	1.015485459868070922e-03	5.655920368022707739e-14	7.456861407806924740e-20	9.823777682631763732e-04	7.423934536438986951e-08	8.133822103821151679e-28	4.420002916538057237e-14	5.372612041914969759e-11	5.725907188357938096e-11	1.283882444309549182e-17	1.031210719203467473e-06	1.819112734583897361e-09	5.098237964120200250e-02	1.901762035879818805e-02	1.818824571882456811e-16	1.901754606219360072e-02
6.250000000000000000e+00	1.015485459983853089e-03	5.512791099648017038e-14	7.268157351135149338e-20	9.823777709581115770e-04	7.423934532845200856e-08	8.133822099886224877e-28	4.308149894904017817e-14	5.236652202408979806e-11	5.581006822030762622e-11	1.283547741921926453e-17	1.031210719438617584e-06	1.773078091414669113e-09	5.098237959650014917e-02	1.901762040350004485e-02	1.821699261545533263e-16	1.901754610834449979e-02
6.259999999999999787e+00	1.015485460096705091e-03	5.373283874479615942e-14	7.084228657701295916e-20	9.823777735848346349e-04	7.423934529342252427e-08	8.133822096050830174e-28	4.199127436726657376e-14	5.104132975797173912e-11	5.439773318740846054e-11	1.283221509546111102e-17	1.031210719667816652e-06	1.728208405419361338e-09	5.098237955292952983e-02	1.901762044707067112e-02	1.824573951207236356e-16	1.901754615332750323e-02
6.270000000000000462e+00	1.015485460206701088e-03	5.237307032735251615e-14	6.904954481692755821e-20	9.823777761451325287e-04	7.423934525928305986e-08	8.133822092312946114e-28	4.092863911488411806e-14	4.974967293592994504e-11	5.302113884478195541e-11	1.282903532839119297e-17	1.031210719891215451e-06	1.684474196076443269e-09	5.098237951046150074e-02	1.901762048953869674e-02	1.827448640867600605e-16	1.901754619717215336e-02
6.280000000000000249e+00	1.015485460313913504e-03	5.104771234184381340e-14	6.730217035433266677e-20	9.823777786406025052e-04	7.423934522600469708e-08	8.133822088669403296e-28	3.989289501360828958e-14	4.849070290673684388e-11	5.167938073488053012e-11	1.282593602882156301e-17	1.031210720108960729e-06	1.641846728901468354e-09	5.098237946906818141e-02	1.901762053093202301e-02	1.830323330526659289e-16	1.901754623990727089e-02
6.290000000000000036e+00	1.015485460418412813e-03	4.975589399449301416e-14	6.559901511993317579e-20	9.823777810729747342e-04	7.423934519357252021e-08	8.133822085118573075e-28	3.888336155332415546e-14	4.726359249521688262e-11	5.037157728845596327e-11	1.282291516043347741e-17	1.031210720321195633e-06	1.600297996567758318e-09	5.098237942872236445e-02	1.901762057127784691e-02	1.833198020184446428e-16	1.901754628156093058e-02
6.299999999999999822e+00	1.015485460520267752e-03	4.849676652791797677e-14	6.393896009759099854e-20	9.823777834437111538e-04	7.423934516195485817e-08	8.133822081656979334e-28	3.789937544497416577e-14	4.606753545877162316e-11	4.909686924534595650e-11	1.281997073843948494e-17	1.031210720528060137e-06	1.559800700504884521e-09	5.098237938939752939e-02	1.901762061060266809e-02	1.836072709840993330e-16	1.901754632216049595e-02
6.310000000000000497e+00	1.015485460619545326e-03	4.726950266347605065e-14	6.232091458910280695e-20	9.823777857544920607e-04	7.423934513114026277e-08	8.133822078283377272e-28	3.694029018476011898e-14	4.490174595765776940e-11	4.785441908991743398e-11	1.281710082827938887e-17	1.031210720729690189e-06	1.520328232962802379e-09	5.098237935106786356e-02	1.901762064893233739e-02	1.838947399496331056e-16	1.901754636173264359e-02
6.320000000000000284e+00	1.015485460716310587e-03	4.607329605772122951e-14	6.074381549758373170e-20	9.823777880067837299e-04	7.423934510110450093e-08	8.133822074995105093e-28	3.600547562937395829e-14	4.376545803867065774e-11	4.664341050079743538e-11	1.281430354434916718e-17	1.031210720926217715e-06	1.481854659529889769e-09	5.098237931370817877e-02	1.901762068629202912e-02	1.841822089150491160e-16	1.901754640030337701e-02
6.330000000000000071e+00	1.015485460810627068e-03	4.490736077261513222e-14	5.920662662898478826e-20	9.823777902020713014e-04	7.423934507182827618e-08	8.133822071790046277e-28	3.509431758197698711e-14	4.265792513189297499e-11	4.546304781452802410e-11	1.281157704876209885e-17	1.031210721117771251e-06	1.444354702093351281e-09	5.098237927729391827e-02	1.901762072270630002e-02	1.844696778803502239e-16	1.901754643789803356e-02
6.339999999999999858e+00	1.015485460902556354e-03	4.377093075914629052e-14	5.770833801128755906e-20	9.823777923418119430e-04	7.423934504329344349e-08	8.133822068666217034e-28	3.420621738865729049e-14	4.157841956017981514e-11	4.431255550279517111e-11	1.280891955014122421e-17	1.031210721304477430e-06	1.407803722230869783e-09	5.098237924180114983e-02	1.901762075819906500e-02	1.847571468455394862e-16	1.901754647454131919e-02
6.350000000000000533e+00	1.015485460992159375e-03	4.266325935401597716e-14	5.624796523092631921e-20	9.823777944273901809e-04	7.423934501547971377e-08	8.133822065621395016e-28	3.334059154509851906e-14	4.052623206105583984e-11	4.319117766288625377e-11	1.280632930244234454e-17	1.031210721486458012e-06	1.372177705022519293e-09	5.098237920720658650e-02	1.901762079279364220e-02	1.850446158106196144e-16	1.901754651025730145e-02
6.360000000000000320e+00	1.015485461079495113e-03	4.158361878906182790e-14	5.482454878600384988e-20	9.823777964602065874e-04	7.423934498837103309e-08	8.133822062653818847e-28	3.249687131320310069e-14	3.950067132071241098e-11	4.209817752104274456e-11	1.280380460380685798e-17	1.031210721663834970e-06	1.337453243272364065e-09	5.098237917348746179e-02	1.901762082651276692e-02	1.853320847755934190e-16	1.901754654506945114e-02
6.370000000000000107e+00	1.015485461164621029e-03	4.053129971309489675e-14	5.343715345587325074e-20	9.823777984415754325e-04	7.423934496194801236e-08	8.133822059761363038e-28	3.167450234741615654e-14	3.850106351979599547e-11	4.103283694838000285e-11	1.280134379544356623e-17	1.031210721836723076e-06	1.303607522129310677e-09	5.098237914062162673e-02	1.901762085937858809e-02	1.856195537404635870e-16	1.901754657900064233e-02
6.379999999999999893e+00	1.015485461247592420e-03	3.950561072583829811e-14	5.208486768667477592e-20	9.823778003728263816e-04	7.423934493619532556e-08	8.133822056942352308e-28	3.087294433050681189e-14	3.752675189069229970e-11	3.999445598905858732e-11	1.279894526053881692e-17	1.031210722005235622e-06	1.270618304097182716e-09	5.098237910858750138e-02	1.901762089141270651e-02	1.859070227052327068e-16	1.901754661207316621e-02
6.390000000000000568e+00	1.015485461328463710e-03	3.850587792365936996e-14	5.076680299242131634e-20	9.823778022552164587e-04	7.423934491109529087e-08	8.133822054194842327e-28	3.009167061856569312e-14	3.657709628601291747e-11	3.898235240039468629e-11	1.279660742319419919e-17	1.031210722169482722e-06	1.238463914424108429e-09	5.098237907736402619e-02	1.901762092263616089e-02	1.861944916699034656e-16	1.901754664430875888e-02
6.400000000000000355e+00	1.015485461407288677e-03	3.753144445679813420e-14	4.948209337124104092e-20	9.823778040899595367e-04	7.423934488662952505e-08	8.133822051516834957e-28	2.933016789498689413e-14	3.565147275800262964e-11	3.799586120460947680e-11	1.279432874739117921e-17	1.031210722329574067e-06	1.207123226861667016e-09	5.098237904693072448e-02	1.901762095306948341e-02	1.864819606344782298e-16	1.901754667572859089e-02
6.410000000000000142e+00	1.015485461484118930e-03	3.658167009779969601e-14	4.822989473639123443e-20	9.823778058783143741e-04	7.423934486278607698e-08	8.133822048907001094e-28	2.858793583320524482e-14	3.474927314858934527e-11	3.703433425192099107e-11	1.279210773598184654e-17	1.031210722485614265e-06	1.176575649784386836e-09	5.098237901726755672e-02	1.901762098273265811e-02	1.867694295989594647e-16	1.901754670635330893e-02
6.419999999999999929e+00	1.015485461559005207e-03	3.565593082086888315e-14	4.700938436167227733e-20	9.823778076213803521e-04	7.423934483954354585e-08	8.133822046363008976e-28	2.786448676796943958e-14	3.386990468980911707e-11	3.609713979469319703e-11	1.278994292970528480e-17	1.031210722637705807e-06	1.146801112660531513e-09	5.098237898835504545e-02	1.901762101164516591e-02	1.870568985633495123e-16	1.901754673620303579e-02
6.429999999999999716e+00	1.015485461631996300e-03	3.475361839186921891e-14	4.581976034087550407e-20	9.823778093203234217e-04	7.423934481688824678e-08	8.133822043883357310e-28	2.715934537493340741e-14	3.301278961434232844e-11	3.518366207236143918e-11	1.278783290622878205e-17	1.031210722785948219e-06	1.117780052865245339e-09	5.098237896017420584e-02	1.901762103982601593e-02	1.873443675276507143e-16	1.901754676529738772e-02
6.440000000000000391e+00	1.015485461703139912e-03	3.387413996869762481e-14	4.466024106091023753e-20	9.823778109762306039e-04	7.423934479480310676e-08	8.133822041466169923e-28	2.647204835835605509e-14	3.217736477590598295e-11	3.429330090686170977e-11	1.278577627921330949e-17	1.031210722930439123e-06	1.089493402827408568e-09	5.098237893270649024e-02	1.901762106729371071e-02	1.876318364918653636e-16	1.901754679365547096e-02
6.450000000000000178e+00	1.015485461772483748e-03	3.301691771177226330e-14	4.353006468826445179e-20	9.823778125902613446e-04	7.423934477327896724e-08	8.133822039110445954e-28	2.580214414670440268e-14	3.136308127925246890e-11	3.342547130829849006e-11	1.278377169740270919e-17	1.031210723071274020e-06	1.061922577501763284e-09	5.098237890593389221e-02	1.901762109406630527e-02	1.879193054559955061e-16	1.901754682129592339e-02
6.459999999999999964e+00	1.015485461840072478e-03	3.218138840437678725e-14	4.242848866846022588e-20	9.823778141634777281e-04	7.423934475230177279e-08	8.133822036814650027e-28	2.514919259595920424e-14	3.056940411953100666e-11	3.257960309059082620e-11	1.278181784373582645e-17	1.031210723208545027e-06	1.035049462158052316e-09	5.098237887983880084e-02	1.901762112016139664e-02	1.882067744200434098e-16	1.901754684823690408e-02
6.469999999999999751e+00	1.015485461905950770e-03	3.136700308261291531e-14	4.135478923817675500e-20	9.823778156968752690e-04	7.423934473185495331e-08	8.133822034576961575e-28	2.451276470042937887e-14	2.979581183077621341e-11	3.175514049684561602e-11	1.277991343448119876e-17	1.031210723342341928e-06	1.008856400479186617e-09	5.098237885440407013e-02	1.901762114559612041e-02	1.884942433840110717e-16	1.901754687449610723e-02
6.480000000000000426e+00	1.015485461970162210e-03	3.057322667471702595e-14	4.030826094971951758e-20	9.823778171914323513e-04	7.423934471192282546e-08	8.133822032395658683e-28	2.389244231088422487e-14	2.904179614329146053e-11	3.095154183421095445e-11	1.277805721839361095e-17	1.031210723472753661e-06	9.833261829605928366e-10	5.098237882961299816e-02	1.901762117038719238e-02	1.887817123479006362e-16	1.901754690009079679e-02
6.490000000000000213e+00	1.015485462032748431e-03	2.979953764950469897e-14	3.928821620752324847e-20	9.823778186481622703e-04	7.423934469249468221e-08	8.133822030269580851e-28	2.328781785981898109e-14	2.830686164970320347e-11	3.016827911797007497e-11	1.277624797589197424e-17	1.031210723599864296e-06	9.584420356031374185e-10	5.098237880544929934e-02	1.901762119455089814e-02	1.890691813117139278e-16	1.901754692503778918e-02
6.500000000000000000e+00	1.015485462093751066e-03	2.904542767371091958e-14	3.829398481638380140e-20	9.823778200680405911e-04	7.423934467355911509e-08	8.133822028197465341e-28	2.269849409367219664e-14	2.759052547946520393e-11	2.940483772464156911e-11	1.277448451825805618e-17	1.031210723723758534e-06	9.341876088921650295e-10	5.098237878189709055e-02	1.901762121810311040e-02	1.893566502754529433e-16	1.901754694935346365e-02
6.509999999999999787e+00	1.015485462153209581e-03	2.831040127800256795e-14	3.732491354112305384e-20	9.823778214520084012e-04	7.423934465510433181e-08	8.133822026178029686e-28	2.212408381182032777e-14	2.689231698160067928e-11	2.866071605385860936e-11	1.277276568685544520e-17	1.031210723844517904e-06	9.105469670554649798e-10	5.098237875894089111e-02	1.901762124105930984e-02	1.896441192391196546e-16	1.901754697305380742e-02
6.520000000000000462e+00	1.015485462211163656e-03	2.759397553144232289e-14	3.638036567739674902e-20	9.823778228009907420e-04	7.423934463711944006e-08	8.133822024210072130e-28	2.156420961217694635e-14	2.621177741547248861e-11	2.793542519880455428e-11	1.277109035236830136e-17	1.031210723962220755e-06	8.875045775930551897e-10	5.098237873656563668e-02	1.901762126343458162e-02	1.899315882027157876e-16	1.901754699615438790e-02
6.530000000000000249e+00	1.015485462267651240e-03	2.689567972419093646e-14	3.545972063336372811e-20	9.823778241158356763e-04	7.423934461958959029e-08	8.133822022291972999e-28	2.101850364323014835e-14	2.554845964937917446e-11	2.722848862498883472e-11	1.276945741405936490e-17	1.031210724076945227e-06	8.650453010719433320e-10	5.098237871475658212e-02	1.901762128524361883e-02	1.902190571662431418e-16	1.901754701867037350e-02
6.540000000000000036e+00	1.015485462322709411e-03	2.621505505823861060e-14	3.456237352194101240e-20	9.823778253973567895e-04	7.423934460249960208e-08	8.133822020422069566e-28	2.048660736235450830e-14	2.490192786677769050e-11	2.653944185715115301e-11	1.276786579904676179e-17	1.031210724188766705e-06	8.431543811791208370e-10	5.098237869349944718e-02	1.901762130650076071e-02	1.905065261297034674e-16	1.901754704061658224e-02
6.549999999999999822e+00	1.015485462376374166e-03	2.555165434596319303e-14	3.368773476337768094e-20	9.823778266464489820e-04	7.423934458584219625e-08	8.133822018599554684e-28	1.996817130023960247e-14	2.427175727994110968e-11	2.586783217408953597e-11	1.276631446159904255e-17	1.031210724297758458e-06	8.218174350262984607e-10	5.098237867278024305e-02	1.901762132721996137e-02	1.907939950930984409e-16	1.901754706200740885e-02
6.560000000000000497e+00	1.015485462428681283e-03	2.490504171631649702e-14	3.283522969788602671e-20	9.823778278639642200e-04	7.423934456960877011e-08	8.133822016823492062e-28	1.946285483127973614e-14	2.365753385086222782e-11	2.521321831121078137e-11	1.276480238244817839e-17	1.031210724403992695e-06	8.010204436999777285e-10	5.098237865258536949e-02	1.901762134741484186e-02	1.910814640564297631e-16	1.901754708285691847e-02
6.570000000000000284e+00	1.015485462479664156e-03	2.427479232844608654e-14	3.200429820807566601e-20	9.823778290506276177e-04	7.423934455378304475e-08	8.133822015092100592e-28	1.897032594977436674e-14	2.305885401922025555e-11	2.457517017060849034e-11	1.276332856811981979e-17	1.031210724507538026e-06	7.807497430506753903e-10	5.098237863290154548e-02	1.901762136709867282e-02	1.913689330196990119e-16	1.901754710317881195e-02
6.580000000000000071e+00	1.015485462529357261e-03	2.366049209256380272e-14	3.119439435094176506e-20	9.823778302072618679e-04	7.423934453835783363e-08	8.133822013404591064e-28	1.849026105179177826e-14	2.247532443723120077e-11	2.395326853847738068e-11	1.276189205028058192e-17	1.031210724608463060e-06	7.609920147152188343e-10	5.098237861371583690e-02	1.901762138628437793e-02	1.916564019829077155e-16	1.901754712298642930e-02
6.589999999999999858e+00	1.015485462577793126e-03	2.306173739787837238e-14	3.040498599916685314e-20	9.823778313346207079e-04	7.423934452332258853e-08	8.133822011759804773e-28	1.802234472255313179e-14	2.190656171120849529e-11	2.334710480967922939e-11	1.276049188510183606e-17	1.031210724706834290e-06	7.417342773662500240e-10	5.098237859501563579e-02	1.901762140498456516e-02	1.919438709460575011e-16	1.901754714229279483e-02
6.600000000000000533e+00	1.015485462625002758e-03	2.247813484741281922e-14	2.963555449149963989e-20	9.823778324334576581e-04	7.423934450866837592e-08	8.133822010156769552e-28	1.756626952919693236e-14	2.135219214966366035e-11	2.275628071927882959e-11	1.275912715263956472e-17	1.031210724802715667e-06	7.229638781831589645e-10	5.098237857678868112e-02	1.901762142321153023e-02	1.922313399091498478e-16	1.901754716111059632e-02
6.610000000000000320e+00	1.015485462671017816e-03	2.190930099953285341e-14	2.888559429198151860e-20	9.823778335044993509e-04	7.423934449438591812e-08	8.133822008594457634e-28	1.712173581878795346e-14	2.081185151778159757e-11	2.218040808087378862e-11	1.275779695622994938e-17	1.031210724896171353e-06	7.046684845388661237e-10	5.098237855902297555e-02	1.901762144097723928e-02	1.925188088721861361e-16	1.901754717945219539e-02
6.620000000000000107e+00	1.015485462715868658e-03	2.135486211601563443e-14	2.815461265779628244e-20	9.823778345484136549e-04	7.423934448046306551e-08	8.133822007071556058e-28	1.668845152143741872e-14	2.028518479810883666e-11	2.161910853154588117e-11	1.275650042190024088e-17	1.031210724987261700e-06	6.868360758969624666e-10	5.098237854170684785e-02	1.901762145829337045e-02	1.928062778351677957e-16	1.901754719732964144e-02
6.629999999999999893e+00	1.015485462759584340e-03	2.081445391649451485e-14	2.744212931552580873e-20	9.823778355659514884e-04	7.423934446689568881e-08	8.133822005587591298e-28	1.626613195840584025e-14	1.977184595729828007e-11	2.107201328326709615e-11	1.275523669779451177e-17	1.031210725076046423e-06	6.694549359139183173e-10	5.098237852482892518e-02	1.901762147517129312e-02	1.930937467980962319e-16	1.901754721475467161e-02
6.640000000000000568e+00	1.015485462802193269e-03	2.028772133911746778e-14	2.674767614559814957e-20	9.823778365576647104e-04	7.423934445366601355e-08	8.133822004140624405e-28	1.585449965506177257e-14	1.927149771875639502e-11	2.053876288059639228e-11	1.275400495361402578e-17	1.031210725162585238e-06	6.525136447411444333e-10	5.098237850837812613e-02	1.901762149162210605e-02	1.933812157609728251e-16	1.901754723173874201e-02
6.650000000000000355e+00	1.015485462843724283e-03	1.977431830726260940e-14	2.607079687472128340e-20	9.823778375243430536e-04	7.423934444077570734e-08	8.133822002730845507e-28	1.545328415857405992e-14	1.878381134104412528e-11	2.001900696450839190e-11	1.275280438007162646e-17	1.031210725246933414e-06	6.360010715218668320e-10	5.098237849234360519e-02	1.901762150765660964e-02	1.936686847237988080e-16	1.901754724829300691e-02
6.660000000000000142e+00	1.015485462884204489e-03	1.927390750215684324e-14	2.541104677609963371e-20	9.823778384665468339e-04	7.423934442821076766e-08	8.133822001356710260e-28	1.506222186021728236e-14	1.830846640188518600e-11	1.951240404219833847e-11	1.275163418836009583e-17	1.031210725329147703e-06	6.199063670778628322e-10	5.098237847671486384e-02	1.901762152328534405e-02	1.939561536865755117e-16	1.901754726442835691e-02
6.669999999999999929e+00	1.015485462923660341e-03	1.878616014124896712e-14	2.476799237723745778e-20	9.823778393849055390e-04	7.423934441596366386e-08	8.133822000017400756e-28	1.468105582217424219e-14	1.784515058764064583e-11	1.901862126271269318e-11	1.275049360963383572e-17	1.031210725409280619e-06	6.042189567812807224e-10	5.098237846148162555e-02	1.901762153851857193e-02	1.942436226493041935e-16	1.901754728015539117e-02
6.679999999999999716e+00	1.015485462962117860e-03	1.831075576219123090e-14	2.414121117513648526e-20	9.823778402799853392e-04	7.423934440402356980e-08	8.133821998711727795e-28	1.430953560872128586e-14	1.739355948811095625e-11	1.853733419825756074e-11	1.274938189450372568e-17	1.031210725487386374e-06	5.889285336068394999e-10	5.098237844663389834e-02	1.901762155336630955e-02	1.945310916119860614e-16	1.901754729548442435e-02
6.690000000000000391e+00	1.015485462999601981e-03	1.784738201228737847e-14	2.353029135870058531e-20	9.823778411524293833e-04	7.423934439238675324e-08	8.133821997439280631e-28	1.394741712168565797e-14	1.695339639653068130e-11	1.806822663104125394e-11	1.274829831254477050e-17	1.031210725563516213e-06	5.740250513598500881e-10	5.098237843216188447e-02	1.901762156783831301e-02	1.948185605746222739e-16	1.901754731042554908e-02
6.700000000000000178e+00	1.015485463036137426e-03	1.739573444326907268e-14	2.293483153816557609e-20	9.823778420028307298e-04	7.423934438104707319e-08	8.133821996199392019e-28	1.359446244006686383e-14	1.652437211462474568e-11	1.761099034551129720e-11	1.274724215181616465e-17	1.031210725637717994e-06	5.594987180756149354e-10	5.098237841805611237e-02	1.901762158194408164e-02	1.951060295372139651e-16	1.901754732498856654e-02
6.709999999999999964e+00	1.015485463071748046e-03	1.695551631126557796e-14	2.235444048137582359e-20	9.823778428316874613e-04	7.423934436999259178e-08	8.133821994990745413e-28	1.325043966371645474e-14	1.610620476259768092e-11	1.716532492584870571e-11	1.274621271839358713e-17	1.031210725710042749e-06	5.453399895858510962e-10	5.098237840430731166e-02	1.901762159569289276e-02	1.953934984997623429e-16	1.901754733918305240e-02
6.719999999999999751e+00	1.015485463106457695e-03	1.652643838183553801e-14	2.178873685673484073e-20	9.823778436395690008e-04	7.423934435921781653e-08	8.133821993812747110e-28	1.291512276097378510e-14	1.569861959393157622e-11	1.673093755858724305e-11	1.274520933591319056e-17	1.031210725780536431e-06	5.315395632479352333e-10	5.098237839090642709e-02	1.901762160909377733e-02	1.956809674622684919e-16	1.901754735301832908e-02
6.730000000000000426e+00	1.015485463140289139e-03	1.610821873993259884e-14	2.123734898266073886e-20	9.823778444269857905e-04	7.423934434871417123e-08	8.133821992664455437e-28	1.258829142015747382e-14	1.530134881487057296e-11	1.630754284022746997e-11	1.274423134512729375e-17	1.031210725849247955e-06	5.180883718328271940e-10	5.098237837784466708e-02	1.901762162215553040e-02	1.959684364247334477e-16	1.901754736650349345e-02
6.740000000000000213e+00	1.015485463173264281e-03	1.570058260468017719e-14	2.069991458338213865e-20	9.823778451944797149e-04	7.423934433847661339e-08	8.133821991545308979e-28	1.226973090481510178e-14	1.491413140847371290e-11	1.589486258971944258e-11	1.274327810347117537e-17	1.031210725916219039e-06	5.049775775676767751e-10	5.098237836511346210e-02	1.901762163488674579e-02	1.962559053871581962e-16	1.901754737964739261e-02
6.750000000000000000e+00	1.015485463205404804e-03	1.530326214883329021e-14	2.017608055091359863e-20	9.823778459425915738e-04	7.423934432850114608e-08	8.133821990454891606e-28	1.195923191263581910e-14	1.453671296312006502e-11	1.549262566569049975e-11	1.274234898464094398e-17	1.031210725981495633e-06	4.921985663291746409e-10	5.098237835270442997e-02	1.901762164729578139e-02	1.965433743495438467e-16	1.901754739245867937e-02
6.759999999999999787e+00	1.015485463236732175e-03	1.491599632280937278e-14	1.966550271305480801e-20	9.823778466717585176e-04	7.423934431877714167e-08	8.133821989392014120e-28	1.165659043793347263e-14	1.416884550535390267e-11	1.510056778829857996e-11	1.274144337818199763e-17	1.031210726045120089e-06	4.797429419838594261e-10	5.098237834060942442e-02	1.901762165939079041e-02	1.968308433118913855e-16	1.901754740494576018e-02
6.770000000000000462e+00	1.015485463267266344e-03	1.453853068317200958e-14	1.916784560726070905e-20	9.823778473824797131e-04	7.423934430929971649e-08	8.133821988356152771e-28	1.136160763760966870e-14	1.381028733695981894e-11	1.471843136559355280e-11	1.274056068908797128e-17	1.031210726107134336e-06	4.676025208716434060e-10	5.098237832882047960e-02	1.901762167117972482e-02	1.971183122742017984e-16	1.901754741711684377e-02
6.780000000000000249e+00	1.015485463297028344e-03	1.417061722545532382e-14	1.868278226023421336e-20	9.823778480751962135e-04	7.423934430006070462e-08	8.133821987346417904e-28	1.107408970050892820e-14	1.346080287616103543e-11	1.434596532427289758e-11	1.273970033740979458e-17	1.031210726167580513e-06	4.557693264289434557e-10	5.098237831732987946e-02	1.901762168267032496e-02	1.974057812364758498e-16	1.901754742897991679e-02
6.790000000000000036e+00	1.015485463326036824e-03	1.381201422121848896e-14	1.820999397309627585e-20	9.823778487503746597e-04	7.423934429105482533e-08	8.133821986362224783e-28	1.079384772007967858e-14	1.312016250283599109e-11	1.398292494471990419e-11	1.273886175787463360e-17	1.031210726226496101e-06	4.442355839478711222e-10	5.098237830613004673e-02	1.901762169387015075e-02	1.976932501987146490e-16	1.901754744054278898e-02
6.799999999999999822e+00	1.015485463354311949e-03	1.346248605922420647e-14	1.774917011199273353e-20	9.823778494084721511e-04	7.423934428227726113e-08	8.133821985403038899e-28	1.052069757025794923e-14	1.278814240765223234e-11	1.362907170021681460e-11	1.273804439951450979e-17	1.031210726283921335e-06	4.329937154680556789e-10	5.098237829521364700e-02	1.901762170478654701e-02	1.979807191609190095e-16	1.901754745181304454e-02
6.810000000000000497e+00	1.015485463381871067e-03	1.312180309063606859e-14	1.730000790399996744e-20	9.823778500499273560e-04	7.423934427372274452e-08	8.133821984468298835e-28	1.025445978449186612e-14	1.246452444501797763e-11	1.328417310022660559e-11	1.273724772530428845e-17	1.031210726339893696e-06	4.220363347977306959e-10	5.098237828457352627e-02	1.901762171542669549e-02	1.982681881230897694e-16	1.901754746279809768e-02
6.820000000000000284e+00	1.015485463408732610e-03	1.278974138207373939e-14	1.686221211154865728e-20	9.823778506751277683e-04	7.423934426538295077e-08	8.133821983557080855e-28	9.994959362758575909e-15	1.214909589850690149e-11	1.294800244039243124e-11	1.273647121158422782e-17	1.031210726394448547e-06	4.113562395712514694e-10	5.098237827420264157e-02	1.901762172579758367e-02	1.985556570852278903e-16	1.901754747350516833e-02
6.830000000000000071e+00	1.015485463434914358e-03	1.246608225772446249e-14	1.643549442873572908e-20	9.823778512845669168e-04	7.423934425725811809e-08	8.133821982669399307e-28	9.742025413732395481e-15	1.184164904590556905e-11	1.262033833898314067e-11	1.273571434698918675e-17	1.031210726447618075e-06	4.009463965220351930e-10	5.098237826409417195e-02	1.901762173590604982e-02	1.988431260473340869e-16	1.901754748394130640e-02
6.839999999999999858e+00	1.015485463460433441e-03	1.215061369469665909e-14	1.601957532098268593e-20	9.823778518785312476e-04	7.423934424933605716e-08	8.133821981803966344e-28	9.495492245229248097e-15	1.154198248467290253e-11	1.230096614951303542e-11	1.273497663571168000e-17	1.031210726499451198e-06	3.907999863612936882e-10	5.098237825424151853e-02	1.901762174575870323e-02	1.991305950094092221e-16	1.901754749411333628e-02
6.850000000000000533e+00	1.015485463485306990e-03	1.184312876300193430e-14	1.561418196828042034e-20	9.823778524574887025e-04	7.423934424161576213e-08	8.133821980960625916e-28	9.255198145079888470e-15	1.124989965006450571e-11	1.198967638142013020e-11	1.273425759385371860e-17	1.031210726549968666e-06	3.809103536032034412e-10	5.098237824463820733e-02	1.901762175536202137e-02	1.994180639714540847e-16	1.901754750402794708e-02
6.860000000000000320e+00	1.015485463509550835e-03	1.154342508322911455e-14	1.521904755017847785e-20	9.823778530217667105e-04	7.423934423408868325e-08	8.133821980138450700e-28	9.020984957311629878e-15	1.096520829997204723e-11	1.168626415102929450e-11	1.273355674815871594e-17	1.031210726599207750e-06	3.712709891220824719e-10	5.098237823527792395e-02	1.901762176472231863e-02	1.997055329334693897e-16	1.901754751369166482e-02
6.870000000000000107e+00	1.015485463533181455e-03	1.125130574164585827e-14	1.483391245227004014e-20	9.823778535717328161e-04	7.423934422674969863e-08	8.133821979336882867e-28	8.792698797284251367e-15	1.068772138418690983e-11	1.139053010797738919e-11	1.273287363815133919e-17	1.031210726647200849e-06	3.618755595847879199e-10	5.098237822615450665e-02	1.901762177384574634e-02	1.999930018954559507e-16	1.901754752311082819e-02
6.879999999999999893e+00	1.015485463556214463e-03	1.096657879282177304e-14	1.445852361044191769e-20	9.823778541078569126e-04	7.423934421960213022e-08	8.133821978556290118e-28	8.570189662998681768e-15	1.041725657193725556e-11	1.110227993168185450e-11	1.273220781497446491e-17	1.031210726693979726e-06	3.527178914535929694e-10	5.098237821726196023e-02	1.901762178273828929e-02	2.002804708574144577e-16	1.901754753229162320e-02
6.890000000000000568e+00	1.015485463578663953e-03	1.068905719487115209e-14	1.409263442549743135e-20	9.823778546303788255e-04	7.423934421263275637e-08	8.133821977795214206e-28	8.353311384490302566e-15	1.015363619037445360e-11	1.082132426578200974e-11	1.273155884123771773e-17	1.031210726739574239e-06	3.437919689033990066e-10	5.098237820859444908e-02	1.901762179140579698e-02	2.005679398193456997e-16	1.901754754124009711e-02
6.900000000000000355e+00	1.015485463600545755e-03	1.041855831269702919e-14	1.373600410822500044e-20	9.823778551397010107e-04	7.423934420584144472e-08	8.133821977053656924e-28	8.141921235622880776e-15	9.896686752699954326e-12	1.054747821523624681e-11	1.273092628985582027e-17	1.031210726784015304e-06	3.350919178445820803e-10	5.098237820014626248e-02	1.901762179985397316e-02	2.008554087812502438e-16	1.901754754996212368e-02
6.910000000000000142e+00	1.015485463621873963e-03	1.015490470115295033e-14	1.338839871193185134e-20	9.823778556361630401e-04	7.423934419922421158e-08	8.133821976331169856e-28	7.935880546115791475e-15	9.646239702098016932e-12	1.028056213917464895e-11	1.273030974588001390e-17	1.031210726827332358e-06	3.266120311118122909e-10	5.098237819191187709e-02	1.901762180808836203e-02	2.011428777431288293e-16	1.901754755846343445e-02
6.919999999999999929e+00	1.015485463642662022e-03	9.897923147814542054e-15	1.304958987041787799e-20	9.823778561200390003e-04	7.423934419277269249e-08	8.133821975626834649e-28	7.735053953486733068e-15	9.402130502455443573e-12	1.002040068182575949e-11	1.272970880425959344e-17	1.031210726869552715e-06	3.183467376767319314e-10	5.098237818388585973e-02	1.901762181611437938e-02	2.014303467049820974e-16	1.901754756674961869e-02
6.929999999999999716e+00	1.015485463662924026e-03	9.647444920100727614e-15	1.271935512378437852e-20	9.823778565916621748e-04	7.423934418648397578e-08	8.133821974940333823e-28	7.539309596172642433e-15	9.164198873104310674e-12	9.766823022695631029e-12	1.272912307041979557e-17	1.031210726910704117e-06	3.102906105961098268e-10	5.098237817606295769e-02	1.901762182393725714e-02	2.017178156668106889e-16	1.901754757482611302e-02
6.940000000000000391e+00	1.015485463682673636e-03	9.403305487608861004e-15	1.239747755235603587e-20	9.823778570513439466e-04	7.423934418035389246e-08	8.133821974271218963e-28	7.348518896539456480e-15	8.932288525065548062e-12	9.519662595467120255e-12	1.272855215961248467e-17	1.031210726950814515e-06	3.024383580813118932e-10	5.098237816843802228e-02	1.901762183156216826e-02	2.020052846286152941e-16	1.901754758269818754e-02
6.950000000000000178e+00	1.015485463701922995e-03	9.165344277755008329e-15	1.208374545451289445e-20	9.823778574993464758e-04	7.423934417437540157e-08	8.133821973618713413e-28	7.162556369919260123e-15	8.706246928929295951e-12	9.278756840616431360e-12	1.272799569634475708e-17	1.031210726989909744e-06	2.947848156389627820e-10	5.098237816100606445e-02	1.901762183899412956e-02	2.022927535903964307e-16	1.901754759037105336e-02
6.959999999999999964e+00	1.015485463720685114e-03	8.933404840578423076e-15	1.177795256397137053e-20	9.823778579360368732e-04	7.423934416855011777e-08	8.133821972982989366e-28	6.981299753402093712e-15	8.485925471404262623e-12	9.043947372256859213e-12	1.272745331476430586e-17	1.031210727028015003e-06	2.873249513715499030e-10	5.098237815376216453e-02	1.901762184623801213e-02	2.025802225521546904e-16	1.901754759784975157e-02
6.969999999999999751e+00	1.015485463738972569e-03	8.707334994651652550e-15	1.147989824215462875e-20	9.823778583616835872e-04	7.423934416287280003e-08	8.133821972363480023e-28	6.804630119862173647e-15	8.271179593919107817e-12	8.815080125854386402e-12	1.272692465900061392e-17	1.031210727065156763e-06	2.800538706703272673e-10	5.098237814670159712e-02	1.901762185329858648e-02	2.028676915138907140e-16	1.901754760513918799e-02
6.980000000000000426e+00	1.015485463756798153e-03	8.486986096310161682e-15	1.118938651473250450e-20	9.823778587765782683e-04	7.423934415734065580e-08	8.133821971759875081e-28	6.632431306873588962e-15	8.061868098456763677e-12	8.592004618414683460e-12	1.272640938145610407e-17	1.031210727101359798e-06	2.729667927115597863e-10	5.098237813981969929e-02	1.901762186018047043e-02	2.031551604756050686e-16	1.901754761224415738e-02
6.990000000000000213e+00	1.015485463774171843e-03	8.272213147108638409e-15	1.090622621329372914e-20	9.823778591809429611e-04	7.423934415194608824e-08	8.133821971171379949e-28	6.464590000685555226e-15	7.857853249628247689e-12	8.374574057269124125e-12	1.272590714305736047e-17	1.031210727136648461e-06	2.660590539126407253e-10	5.098237813311192607e-02	1.901762186688821243e-02	2.034426294372981732e-16	1.901754761916932615e-02
7.000000000000000000e+00	1.015485463791106647e-03	8.062875270848784991e-15	1.063023160426745938e-20	9.823778595750962041e-04	7.423934414668977235e-08	8.133821970597953371e-28	6.300996109011253124e-15	7.659001227805701601e-12	8.162645823005147902e-12	1.272541761437080281e-17	1.031210727171038634e-06	2.593261232747220252e-10	5.098237812657389206e-02	1.901762187342620480e-02	2.037300983989706689e-16	1.901754762591924969e-02
7.009999999999999787e+00	1.015485463807611890e-03	7.858834930915202349e-15	1.036122135704562775e-20	9.823778599592914839e-04	7.423934414156761853e-08	8.133821970039268902e-28	6.141542149389569579e-15	7.465181385662660907e-12	7.956080677117735190e-12	1.272494047377218243e-17	1.031210727204560810e-06	2.527635772099124398e-10	5.098237812020130905e-02	1.901762187979874619e-02	2.040175673606231965e-16	1.901754763249835847e-02
7.020000000000000462e+00	1.015485463823700583e-03	7.659958066702028426e-15	1.009901872385013220e-20	9.823778603337426051e-04	7.423934413657347257e-08	8.133821969494609076e-28	5.986123355800058509e-15	7.276266377766714354e-12	7.754742900123825254e-12	1.272447540776589685e-17	1.031210727237235953e-06	2.463671039291543394e-10	5.098237811398998592e-02	1.901762188601002421e-02	2.043050363222560766e-16	1.901754763891097891e-02
7.030000000000000249e+00	1.015485463839381399e-03	7.466114010510341941e-15	9.843451430168985215e-21	9.823778606987243044e-04	7.423934413170616979e-08	8.133821968963848337e-28	5.834637613719761699e-15	7.092132081639742001e-12	7.558500207431625962e-12	1.272402211079043536e-17	1.031210727269083333e-06	2.401325007694019411e-10	5.098237810793585650e-02	1.901762189206411546e-02	2.045925052838698268e-16	1.901754764516131249e-02
7.040000000000000036e+00	1.015485463854665180e-03	7.277175597159976549e-15	9.594351819270341930e-21	9.823778610544829128e-04	7.423934412696315587e-08	8.133821968446696112e-28	5.686985545782909496e-15	6.912657701879134265e-12	7.367223860308644262e-12	1.272358028547487447e-17	1.031210727300123702e-06	2.340556777190630623e-10	5.098237810203496562e-02	1.901762189796500635e-02	2.048799742454649894e-16	1.901754765125348440e-02
7.049999999999999822e+00	1.015485463869562335e-03	7.093018493015426833e-15	9.351555967578918833e-21	9.823778614012543525e-04	7.423934412234126765e-08	8.133821967942822367e-28	5.543069987426381098e-15	6.737725132793229050e-12	7.180787986604954418e-12	1.272314964106969480e-17	1.031210727330380143e-06	2.281326358374695704e-10	5.098237809628341360e-02	1.901762190371657224e-02	2.051674432070420329e-16	1.901754765719148796e-02
7.060000000000000497e+00	1.015485463884082404e-03	6.913521691328543592e-15	9.114904337744182784e-21	9.823778617391971339e-04	7.423934411783237892e-08	8.133821967451328477e-28	5.402796373991399536e-15	6.567219428931962281e-12	6.999070082225276871e-12	1.272272989460520028e-17	1.031210727359870442e-06	2.223594831865776833e-10	5.098237809067739795e-02	1.901762190932258095e-02	2.054549121686013763e-16	1.901754766297921936e-02
7.070000000000000284e+00	1.015485463898235146e-03	6.738567257908750903e-15	8.884241443327646641e-21	9.823778620686085452e-04	7.423934411343908372e-08	8.133821966972499635e-28	5.266072541969211718e-15	6.401028563496653095e-12	6.821950753652078797e-12	1.272232077029676013e-17	1.031210727388613870e-06	2.167324266509622446e-10	5.098237808521326880e-02	1.901762191478673092e-02	2.057423811301434881e-16	1.901754766862049154e-02
7.080000000000000071e+00	1.015485463912029884e-03	6.568040142355100948e-15	8.659415599928028333e-21	9.823778623896778882e-04	7.423934410915660426e-08	8.133821966505808504e-28	5.132808581482268986e-15	6.239043249027525898e-12	6.649313526841801324e-12	1.272192199910335185e-17	1.031210727416630543e-06	2.112477658664767741e-10	5.098237807988738324e-02	1.901762192011260608e-02	2.060298500916688119e-16	1.901754767411900637e-02
7.089999999999999858e+00	1.015485463925475075e-03	6.401828434117349472e-15	8.440279262776487667e-21	9.823778627026272074e-04	7.423934410498284941e-08	8.133821966051030876e-28	5.002917036391456162e-15	6.081157180638558934e-12	6.481045106454452893e-12	1.272153331932638981e-17	1.031210727443937191e-06	2.059019014559416304e-10	5.098237807469633426e-02	1.901762192530369669e-02	2.063173190531777668e-16	1.901754767947837210e-02
7.100000000000000533e+00	1.015485463938580260e-03	6.239822796783798294e-15	8.226688280892145810e-21	9.823778630076434194e-04	7.423934410091367666e-08	8.133821965607712955e-28	4.876312462201955433e-15	5.927266498642164087e-12	6.317034803141269002e-12	1.272115447528682712e-17	1.031210727470553508e-06	2.006913168341529608e-10	5.098237806963662466e-02	1.901762193036343404e-02	2.066047880146707966e-16	1.901754768470211715e-02
7.110000000000000320e+00	1.015485463951353896e-03	6.081916898615513412e-15	8.018502464705685151e-21	9.823778633049520381e-04	7.423934409694833162e-08	8.133821965175768645e-28	4.752911762518190575e-15	5.777270197517706302e-12	6.157174969406383918e-12	1.272078521833191622e-17	1.031210727496496433e-06	1.956125920551478024e-10	5.098237806470496541e-02	1.901762193529511757e-02	2.068922569761482464e-16	1.901754768979366933e-02
7.120000000000000107e+00	1.015485463963804440e-03	5.928006990996683560e-15	7.815585030281162002e-21	9.823778635947430157e-04	7.423934409308382321e-08	8.133821964754875087e-28	4.632633859610157363e-15	5.631069725477523531e-12	6.001360572840895140e-12	1.272042530584944400e-17	1.031210727521783119e-06	1.906623902539099009e-10	5.098237805989810217e-02	1.901762194010200857e-02	2.071797259376104860e-16	1.901754769475636972e-02
7.129999999999999893e+00	1.015485463975939699e-03	5.777991950785387831e-15	7.617802655151959675e-21	9.823778638771974141e-04	7.423934408931684270e-08	8.133821964344666373e-28	4.515399727509816997e-15	5.488569024696332375e-12	5.849489238997696037e-12	1.272007450136677080e-17	1.031210727546429449e-06	1.858374590084967103e-10	5.098237805521289162e-02	1.901762194478725382e-02	2.074671948990579837e-16	1.901754769959349001e-02
7.140000000000000568e+00	1.015485463987768127e-03	5.631773213877270101e-15	7.425025390730031769e-21	9.823778641525359769e-04	7.423934408564760185e-08	8.133821963945164028e-28	4.401132340092255863e-15	5.349674468202715939e-12	5.701461184133023619e-12	1.271973257439547876e-17	1.031210727570452997e-06	1.811346282032487536e-10	5.098237805064624595e-02	1.901762194935393419e-02	2.077546638604911094e-16	1.901754770430819780e-02
7.150000000000000355e+00	1.015485463999297100e-03	5.489254710446176322e-15	7.237126576926037790e-21	9.823778644208718946e-04	7.423934408206860972e-08	8.133821963555550142e-28	4.289756620467379114e-15	5.214294798363619385e-12	5.557179149645784004e-12	1.271939930027990742e-17	1.031210727593867740e-06	1.765508079459356835e-10	5.098237804619517449e-02	1.901762195380504727e-02	2.080421328219101835e-16	1.901754770890359825e-02
7.160000000000000142e+00	1.015485464010534421e-03	5.350342801823503625e-15	7.053982758930020102e-21	9.823778646824547506e-04	7.423934407858300296e-08	8.133821963176165511e-28	4.181199391652232378e-15	5.082341066925437016e-12	5.416548338175817695e-12	1.271907446004958902e-17	1.031210727616690196e-06	1.720829865376074212e-10	5.098237804185672128e-02	1.901762195814352824e-02	2.083296017833155758e-16	1.901754771338271324e-02
7.169999999999999929e+00	1.015485464021487465e-03	5.214946218975011684e-15	6.875473606098183053e-21	9.823778649374139988e-04	7.423934407518527588e-08	8.133821962806414638e-28	4.075389328491694267e-15	4.953726576572561402e-12	5.279476351319415227e-12	1.271875784027533368e-17	1.031210727638935611e-06	1.677282284938248451e-10	5.098237803762807607e-02	1.901762196237221508e-02	2.086170707447076561e-16	1.901754771774847447e-02
7.179999999999999716e+00	1.015485464032162954e-03	5.082976061299320503e-15	6.701481910368811091e-21	9.823778651858953558e-04	7.423934407187163005e-08	8.133821962445872426e-28	3.972256956719535472e-15	4.828366879786059923e-12	5.145873188412949696e-12	1.271844923306645307e-17	1.031210727660617325e-06	1.634836745060162127e-10	5.098237803350642861e-02	1.901762196649388684e-02	2.089045397060867201e-16	1.901754772200374768e-02
7.190000000000000391e+00	1.015485464042568476e-03	4.954345642208437924e-15	6.531893382673016305e-21	9.823778654280792329e-04	7.423934406864109933e-08	8.133821962094436636e-28	3.871734532282286890e-15	4.706179632159170484e-12	5.015651090202591883e-12	1.271814843570964695e-17	1.031210727681750797e-06	1.593465364748859291e-10	5.098237802948908659e-02	1.901762197051125661e-02	2.091920086674532117e-16	1.901754772615134315e-02
7.200000000000000178e+00	1.015485464052710536e-03	4.828970304630280613e-15	6.366596409690128759e-21	9.823778656641360667e-04	7.423934406549243964e-08	8.133821961751970950e-28	3.773755897157694676e-15	4.587084417141408565e-12	4.888724352063859937e-12	1.271785525023756098e-17	1.031210727702348521e-06	1.553140915764252503e-10	5.098237802557341325e-02	1.901762197442696464e-02	2.094794776288073281e-16	1.901754773019398437e-02
7.209999999999999964e+00	1.015485464062596075e-03	4.706767786607299523e-15	6.205482535859133977e-21	9.823778658942265360e-04	7.423934406242408926e-08	8.133821961418303177e-28	3.678256765063652129e-15	4.471003093324133050e-12	4.765009694124155575e-12	1.271756948428371937e-17	1.031210727722426166e-06	1.513836940206544913e-10	5.098237802175682731e-02	1.901762197824357140e-02	2.097669465901493650e-16	1.901754773413430813e-02
7.219999999999999751e+00	1.015485464072231380e-03	4.587657740598521091e-15	6.048445829618323576e-21	9.823778661184764081e-04	7.423934405943195860e-08	8.133821961092990281e-28	3.585174345801143316e-15	4.357859337821055729e-12	4.644425774616639163e-12	1.271729094995844582e-17	1.031210727741995168e-06	1.475527595909433550e-10	5.098237801803680996e-02	1.901762198196359568e-02	2.100544155514796429e-16	1.901754773797492692e-02
7.230000000000000426e+00	1.015485464081622739e-03	4.471561908137488439e-15	5.895383113677285451e-21	9.823778663370418083e-04	7.423934405651483007e-08	8.133821960775892357e-28	3.494447481746385276e-15	4.247578812177438419e-12	4.526893366699385774e-12	1.271701946425727006e-17	1.031210727761069080e-06	1.438187712615304912e-10	5.098237801441094647e-02	1.901762198558948347e-02	2.103418845127985070e-16	1.901754774171834916e-02
7.240000000000000213e+00	1.015485464090776658e-03	4.358404011163307982e-15	5.746193821745917457e-21	9.823778665501048824e-04	7.423934405367378892e-08	8.133821960467129581e-28	3.406016562927916319e-15	4.140089059144435061e-12	4.412335248441743432e-12	1.271675484880685305e-17	1.031210727779659971e-06	1.401792757024060547e-10	5.098237801087682902e-02	1.901762198912360785e-02	2.106293534741061792e-16	1.901754774536704856e-02
7.250000000000000000e+00	1.015485464099698774e-03	4.248109701917110650e-15	5.600779932477068338e-21	9.823778667577677624e-04	7.423934405090392501e-08	8.133821960166165647e-28	3.319823487871579655e-15	4.035319455085289817e-12	4.300676152100819043e-12	1.271649692974776407e-17	1.031210727797780758e-06	1.366318816678326082e-10	5.098237800743216086e-02	1.901762199256830724e-02	2.109168224354030291e-16	1.901754774892340169e-02
7.259999999999999787e+00	1.015485464108395377e-03	4.140606514093638147e-15	5.459045905063954975e-21	9.823778669601898259e-04	7.423934404820521187e-08	8.133821959872996969e-28	3.235811625426328950e-15	3.933201163573740724e-12	4.191842714668596137e-12	1.271624553762030387e-17	1.031210727815443089e-06	1.331742584252340686e-10	5.098237800407463827e-02	1.901762199592582289e-02	2.112042913966892788e-16	1.901754775238976083e-02
7.270000000000000462e+00	1.015485464116871669e-03	4.035823815228917453e-15	5.320898616467275216e-21	9.823778671574664827e-04	7.423934404557312316e-08	8.133821959587124907e-28	3.153925777556029956e-15	3.833667090166643388e-12	4.085763429670458950e-12	1.271600050725312278e-17	1.031210727832658187e-06	1.298041342238415640e-10	5.098237800080209631e-02	1.901762199919838220e-02	2.114917603579652486e-16	1.901754775576839848e-02
7.280000000000000249e+00	1.015485464125133507e-03	3.933692648768536599e-15	5.186247153195337485e-21	9.823778673497846493e-04	7.423934404301010734e-08	8.133821959308827481e-28	3.074112055918582569e-15	3.736651732383130635e-12	3.982368487279198170e-12	1.271576167739394598e-17	1.031210727849437909e-06	1.265192912151376614e-10	5.098237799761237005e-02	1.901762200238813622e-02	2.117792293192311604e-16	1.901754775906155243e-02
7.290000000000000036e+00	1.015485464133186310e-03	3.834146028981103426e-15	5.055003200122959155e-21	9.823778675372139314e-04	7.423934404051030135e-08	8.133821959037451796e-28	2.996318112335629085e-15	3.642091459845682346e-12	3.881590072877754104e-12	1.271552889139916427e-17	1.031210727865792633e-06	1.233175749381532530e-10	5.098237799450338475e-02	1.901762200549717355e-02	2.120666982804872607e-16	1.901754776227136678e-02
7.299999999999999822e+00	1.015485464141035283e-03	3.737118551010244203e-15	4.927080526377425784e-21	9.823778677198863850e-04	7.423934403807275229e-08	8.133821958772897408e-28	2.920492834055010244e-15	3.549924143864859816e-12	3.783361972285963941e-12	1.271530199632200944e-17	1.031210727881734005e-06	1.201968817775764637e-10	5.098237799147305876e-02	1.901762200852753076e-02	2.123541672417337715e-16	1.901754776539995792e-02
7.310000000000000497e+00	1.015485464148686932e-03	3.642546465071930546e-15	4.802395083161484927e-21	9.823778678979505456e-04	7.423934403569788366e-08	8.133821958515210952e-28	2.846586401734676960e-15	3.460089227920029562e-12	3.687619646876011651e-12	1.271508084308603132e-17	1.031210727897273460e-06	1.171551613501599037e-10	5.098237798851942837e-02	1.901762201148120279e-02	2.126416362029709885e-16	1.901754776844937628e-02
7.320000000000000284e+00	1.015485464156143641e-03	3.550367634643847618e-15	4.680864948629510924e-21	9.823778680715237240e-04	7.423934403338435875e-08	8.133821958264245347e-28	2.774550256768415568e-15	3.372527687943060885e-12	3.594300191244426761e-12	1.271486528638730208e-17	1.031210727912418409e-06	1.141904151599660894e-10	5.098237798564053680e-02	1.901762201436013600e-02	2.129291051641991090e-16	1.901754777142162720e-02
7.330000000000000071e+00	1.015485464163411698e-03	3.460521495639898920e-15	4.562410274062478467e-21	9.823778682407063173e-04	7.423934403112949087e-08	8.133821958019702846e-28	2.704337069381432288e-15	3.287181993537796946e-12	3.503342291881409301e-12	1.271465518459902416e-17	1.031210727927179440e-06	1.113006952852977469e-10	5.098237798283450362e-02	1.901762201716620387e-02	2.132165741254183794e-16	1.901754777431866050e-02
7.339999999999999858e+00	1.015485464170495875e-03	3.372949016617937044e-15	4.446953231405154706e-21	9.823778684056251771e-04	7.423934402893298886e-08	8.133821957781561925e-28	2.635900707533396000e-15	3.203996070181011991e-12	3.414686186886163004e-12	1.271445039967839540e-17	1.031210727941567354e-06	1.084841030988595408e-10	5.098237798009948307e-02	1.901762201990126605e-02	2.135040430866290710e-16	1.901754777714238440e-02
7.350000000000000533e+00	1.015485464177400942e-03	3.287592659994420935e-15	4.334417962130848396e-21	9.823778685663340799e-04	7.423934402678933375e-08	8.133821957549203771e-28	2.569196206608363841e-15	3.122915262379840583e-12	3.328273626701624001e-12	1.271425079707596399e-17	1.031210727955591255e-06	1.057387880203058620e-10	5.098237797743367106e-02	1.901762202256710929e-02	2.137915120478313316e-16	1.901754777989464809e-02
7.360000000000000320e+00	1.015485464184131452e-03	3.204396344240635030e-15	4.224730527400262097e-21	9.823778687229965233e-04	7.423934402470158283e-08	8.133821957322974559e-28	2.504179739871793582e-15	3.043886297761615489e-12	3.244047835842888297e-12	1.271405624564719898e-17	1.031210727969261520e-06	1.030629463003583908e-10	5.098237797483530509e-02	1.901762202516546485e-02	2.140789810090254077e-16	1.901754778257725917e-02
7.370000000000000107e+00	1.015485464190691309e-03	3.123305407035496513e-15	4.117818859481532072e-21	9.823778688756797280e-04	7.423934402266552738e-08	8.133821957102406145e-28	2.440808589675104257e-15	2.966857252072369930e-12	3.161953475594072249e-12	1.271386661756631036e-17	1.031210727982583865e-06	1.004548198356906298e-10	5.098237797230270596e-02	1.901762202769806745e-02	2.143664499702114721e-16	1.901754778519195929e-02
7.379999999999999893e+00	1.015485464197085283e-03	3.044266569350912123e-15	4.013612714399743494e-21	9.823778690245140149e-04	7.423934402068218650e-08	8.133821956887616910e-28	2.379041119389007799e-15	2.891777515061179581e-12	3.081936607649245428e-12	1.271368178824233391e-17	1.031210727995569728e-06	9.791269501380546282e-11	5.098237796983419445e-02	1.901762203016657549e-02	2.146539189313897710e-16	1.901754778774048318e-02
7.390000000000000568e+00	1.015485464203317277e-03	2.967227900445931515e-15	3.912043625784641906e-21	9.823778691695661709e-04	7.423934401874782795e-08	8.133821956678194312e-28	2.318836746047054510e-15	2.818597757227783467e-12	3.003944658673431878e-12	1.271350163623719452e-17	1.031210728008226941e-06	9.543490158714293718e-11	5.098237796742816769e-02	1.901762203257261960e-02	2.149413878925605265e-16	1.901754779022451700e-02
7.400000000000000355e+00	1.015485464209391845e-03	2.892138783746817851e-15	3.813044859886326398e-21	9.823778693109504710e-04	7.423934401686258407e-08	8.133821956474150907e-28	2.260155913681504958e-15	2.747269897411735514e-12	2.927926385760473059e-12	1.271332604318596338e-17	1.031210728020564188e-06	9.301981157568143299e-11	5.098237796508300196e-02	1.901762203491777492e-02	2.152288568537238371e-16	1.901754779264568790e-02
7.410000000000000142e+00	1.015485464215312890e-03	2.818949883590493907e-15	3.716551371729252389e-21	9.823778694487705649e-04	7.423934401502613723e-08	8.133821956275450820e-28	2.202960067333911838e-15	2.677747071201697601e-12	2.853831842764947668e-12	1.271315489371905968e-17	1.031210728032589514e-06	9.066583819730785375e-11	5.098237796279719153e-02	1.901762203720358535e-02	2.155163258148799493e-16	1.901754779500559531e-02
7.419999999999999929e+00	1.015485464221083881e-03	2.747613112809649129e-15	3.622499762375883030e-21	9.823778695830925889e-04	7.423934401323536400e-08	8.133821956081760432e-28	2.147211627723450512e-15	2.609983600144219637e-12	2.781612347486180794e-12	1.271298807538646295e-17	1.031210728044309909e-06	8.837143482525767763e-11	5.098237796056923760e-02	1.901762203943154969e-02	2.158037947760290358e-16	1.901754779730577619e-02
7.429999999999999716e+00	1.015485464226708722e-03	2.678081601138108197e-15	3.530828237271790136e-21	9.823778697140034960e-04	7.423934401148899382e-08	8.133821955892936248e-28	2.092873966556262922e-15	2.543934961731708834e-12	2.711220449682654349e-12	1.271282547858383287e-17	1.031210728055733843e-06	8.613509397193752064e-11	5.098237795839765524e-02	1.901762204160312858e-02	2.160912637371712690e-16	1.901754779954775015e-02
7.440000000000000391e+00	1.015485464232191532e-03	2.610309664415745622e-15	3.441476565644897072e-21	9.823778698416164770e-04	7.423934400978796637e-08	8.133821955709075128e-28	2.039911382459641676e-15	2.479557760149884468e-12	2.642609899895858575e-12	1.271266699648048406e-17	1.031210728066869149e-06	8.395534629846320706e-11	5.098237795628102892e-02	1.901762204371975143e-02	2.163787326983068709e-16	1.901754780173298479e-02
7.450000000000000178e+00	1.015485464237535131e-03	2.544252843040892101e-15	3.354386131201777075e-21	9.823778699659781524e-04	7.423934400812833766e-08	8.133821955529750179e-28	1.988289131031910103e-15	2.416809762804081713e-12	2.575735688378514302e-12	1.271251252510934248e-17	1.031210728077722394e-06	8.183076185140407652e-11	5.098237795421796392e-02	1.901762204578280949e-02	2.166662016594359153e-16	1.901754780386291990e-02
7.459999999999999964e+00	1.015485464242743855e-03	2.479867667457252642e-15	3.269499622941628121e-21	9.823778700872123383e-04	7.423934400651215909e-08	8.133821955355187402e-28	1.937973241574547061e-15	2.355649677553066484e-12	2.510553807679607222e-12	1.271236196281849138e-17	1.031210728088300565e-06	7.975994252014231982e-11	5.098237795220710022e-02	1.901762204779366972e-02	2.169536706205586489e-16	1.901754780593896410e-02
7.469999999999999751e+00	1.015485464247820307e-03	2.417111765916400015e-15	3.186761177232172325e-21	9.823778702054033855e-04	7.423934400493904685e-08	8.133821955185345544e-28	1.888930601306695236e-15	2.296037255073638310e-12	2.447021361740338597e-12	1.271221521052318463e-17	1.031210728098606415e-06	7.774152550283646661e-11	5.098237795024713331e-02	1.901762204975363663e-02	2.172411395816751948e-16	1.901754780796247046e-02
7.480000000000000426e+00	1.015485464252768389e-03	2.355943971212449880e-15	3.106116518530465755e-21	9.823778703205139975e-04	7.423934400339842627e-08	8.133821955019056931e-28	1.841129038776436679e-15	2.237933390248919765e-12	2.385096673949551409e-12	1.271207217195549504e-17	1.031210728108660273e-06	7.577418673932707799e-11	5.098237794833675868e-02	1.901762205166400085e-02	2.175286085427857504e-16	1.901754780993475738e-02
7.490000000000000213e+00	1.015485464257591570e-03	2.296324163247263726e-15	3.027512751818190668e-21	9.823778704327807473e-04	7.423934400190226168e-08	8.133821954857641697e-28	1.794537200828267544e-15	2.181299972619535746e-12	2.324739127760802887e-12	1.271193275329609345e-17	1.031210728118456421e-06	7.385663584756351269e-11	5.098237794647472731e-02	1.901762205352603222e-02	2.178160775038903894e-16	1.901754781185715018e-02
7.500000000000000000e+00	1.015485464262292671e-03	2.238213101474375481e-15	2.950898141692877684e-21	9.823778705422055862e-04	7.423934400044392241e-08	8.133821954700373410e-28	1.749124421660931751e-15	2.126099727220535901e-12	2.265908997062964184e-12	1.271179686278243759e-17	1.031210728128004176e-06	7.198761073450116905e-11	5.098237794465982492e-02	1.901762205534093808e-02	2.181035464649893093e-16	1.901754781373088746e-02
7.509999999999999787e+00	1.015485464266874726e-03	2.181572605411089215e-15	2.876222350358127556e-21	9.823778706487880808e-04	7.423934399901696306e-08	8.133821954546538192e-28	1.704860863894490821e-15	2.072296386051540407e-12	2.208567628925975681e-12	1.271166441113092049e-17	1.031210728137310527e-06	7.016588340190902647e-11	5.098237794289084412e-02	1.901762205710991888e-02	2.183910154260826578e-16	1.901754781555720780e-02
7.520000000000000462e+00	1.015485464271340989e-03	2.126365460739777888e-15	2.803436313825963196e-21	9.823778707527691407e-04	7.423934399763333474e-08	8.133821954397452591e-28	1.661717445190117231e-15	2.019854598881466778e-12	2.152677348540230749e-12	1.271153531131727440e-17	1.031210728146380979e-06	6.839025692630701775e-11	5.098237794116662613e-02	1.901762205883412993e-02	2.186784843871705582e-16	1.901754781733731164e-02
7.530000000000000249e+00	1.015485464275694060e-03	2.072555394887378212e-15	2.732492209720427226e-21	9.823778708540795938e-04	7.423934399628174809e-08	8.133821954251882567e-28	1.619665819165902370e-15	1.968739910051271444e-12	2.098201434493900959e-12	1.271140947851946315e-17	1.031210728155222309e-06	6.665956467353000375e-11	5.098237793948606766e-02	1.901762206051471268e-02	2.189659533482531585e-16	1.901754781907236819e-02
7.540000000000000036e+00	1.015485464279936760e-03	2.020107052916801109e-15	2.663343425492402807e-21	9.823778709528293782e-04	7.423934399496459863e-08	8.133821954110077440e-28	1.578678356556415414e-15	1.918918735572971030e-12	2.045104094366020123e-12	1.271128683006130013e-17	1.031210728163838752e-06	6.497266952332352319e-11	5.098237793784800992e-02	1.901762206215276002e-02	2.192534223093305818e-16	1.901754782076351888e-02
7.549999999999999822e+00	1.015485464284072341e-03	1.968985975390602118e-15	2.595944529234703964e-21	9.823778710490802934e-04	7.423934399368081432e-08	8.133821953971931384e-28	1.538728127913542581e-15	1.870358342102125127e-12	1.993350442316225223e-12	1.271116728536069625e-17	1.031210728172237931e-06	6.332846315737308968e-11	5.098237793625141206e-02	1.901762206374936134e-02	2.195408912704030502e-16	1.901754782241187047e-02
7.560000000000000497e+00	1.015485464288103405e-03	1.919158520036574826e-15	2.530251166404663857e-21	9.823778711429023789e-04	7.423934399242997165e-08	8.133821953837397763e-28	1.499788842389525229e-15	1.823026772527267065e-12	1.942906419781058420e-12	1.271105076574647321e-17	1.031210728180424927e-06	6.172586353983653654e-11	5.098237793469521939e-02	1.901762206530555402e-02	2.198283602314705881e-16	1.901754782401850197e-02
7.570000000000000284e+00	1.015485464292032770e-03	1.870592005565306723e-15	2.466220249435640332e-21	9.823778712343405207e-04	7.423934399121015156e-08	8.133821953706259545e-28	1.461834960127863137e-15	1.776892982583532701e-12	1.893738941071112541e-12	1.271093719479468784e-17	1.031210728188404613e-06	6.016381954294524005e-11	5.098237793317842576e-02	1.901762206682237194e-02	2.201158291925332943e-16	1.901754782558448195e-02
7.580000000000000071e+00	1.015485464295862172e-03	1.823254522652867211e-15	2.403809708533387535e-21	9.823778713234723476e-04	7.423934399002169816e-08	8.133821953578561570e-28	1.424841544549586469e-15	1.731926661303347701e-12	1.845815702014809061e-12	1.271082649788658806e-17	1.031210728196182705e-06	5.864130486764359376e-11	5.098237793169998339e-02	1.901762206830079696e-02	2.204032981535913413e-16	1.901754782711082697e-02
7.589999999999999858e+00	1.015485464299594864e-03	1.777114969240717524e-15	2.342978538216049953e-21	9.823778714103555392e-04	7.423934398886392323e-08	8.133821953454217743e-28	1.388784289939521263e-15	1.688098264548140852e-12	1.799105215695118258e-12	1.271071860229118751e-17	1.031210728203763862e-06	5.715731917893941593e-11	5.098237793025897635e-02	1.901762206974181094e-02	2.206907671146448523e-16	1.901754782859855705e-02
7.600000000000000533e+00	1.015485464303233229e-03	1.732143030343741432e-15	2.283686770692732066e-21	9.823778714950234889e-04	7.423934398773412686e-08	8.133821953332948253e-28	1.353639505666616389e-15	1.645378995827801390e-12	1.753576792007722414e-12	1.271061343711804483e-17	1.031210728211153165e-06	5.571088745646994913e-11	5.098237792885443320e-02	1.901762207114635408e-02	2.209782360756939260e-16	1.901754783004862628e-02
7.610000000000000320e+00	1.015485464306779221e-03	1.688309158132432913e-15	2.225895449603517665e-21	9.823778715775503562e-04	7.423934398663308991e-08	8.133821953214821258e-28	1.319384100618524739e-15	1.603740787380564935e-12	1.709200517496748796e-12	1.271051093327068388e-17	1.031210728218355275e-06	5.430105935388568263e-11	5.098237792748541719e-02	1.901762207251534928e-02	2.212657050367386856e-16	1.901754783146201652e-02
7.620000000000000107e+00	1.015485464310235874e-03	1.645584552519122164e-15	2.169566604424015110e-21	9.823778716579797260e-04	7.423934398555919772e-08	8.133821953099673537e-28	1.285995568030073311e-15	1.563156281731681296e-12	1.665947235700758985e-12	1.271041102340118956e-17	1.031210728225375272e-06	5.292690857444526058e-11	5.098237792615106095e-02	1.901762207384970899e-02	2.215531739977792297e-16	1.901754783283962635e-02
7.629999999999999893e+00	1.015485464313605575e-03	1.603941142235515625e-15	2.114663225517669577e-21	9.823778717363820714e-04	7.423934398451315173e-08	8.133821952987575041e-28	1.253451970695695176e-15	1.523598813718797734e-12	1.623788527996150413e-12	1.271031364186597150e-17	1.031210728232219086e-06	5.158753226241296479e-11	5.098237792485047631e-02	1.901762207515029710e-02	2.218406429588156570e-16	1.901754783418237518e-02
7.640000000000000568e+00	1.015485464316889189e-03	1.563351566389080680e-15	2.061149239819384970e-21	9.823778718128228782e-04	7.423934398349526959e-08	8.133821952878559850e-28	1.221731926556064900e-15	1.485042392972188570e-12	1.582696694925311186e-12	1.271021872468259708e-17	1.031210728238887989e-06	5.028205040985688535e-11	5.098237792358279591e-02	1.901762207641797403e-02	2.221281119198480906e-16	1.901754783549114425e-02
7.650000000000000355e+00	1.015485464320089537e-03	1.523789156486182599e-15	2.008989487134527108e-21	9.823778718872939065e-04	7.423934398250041616e-08	8.133821952772071928e-28	1.190814594649494189e-15	1.447461686838369145e-12	1.542644737997310119e-12	1.271012620948782612e-17	1.031210728245388119e-06	4.900960527845929489e-11	5.098237792234720095e-02	1.901762207765356899e-02	2.224155808808766786e-16	1.901754783676679744e-02
7.660000000000000142e+00	1.015485464323209004e-03	1.485227918910108843e-15	1.958149697037647196e-21	9.823778719598662799e-04	7.423934398152976934e-08	8.133821952668229658e-28	1.160679661418815465e-15	1.410832003735803011e-12	1.503606341949109062e-12	1.271003603549657013e-17	1.031210728251723926e-06	4.776936083595781869e-11	5.098237792114285877e-02	1.901762207885789729e-02	2.227030498419014208e-16	1.901754783801017090e-02
7.669999999999999929e+00	1.015485464326249757e-03	1.447642517842550159e-15	1.908596466355876998e-21	9.823778720306408294e-04	7.423934398058650551e-08	8.133821952567393566e-28	1.131307327364815396e-15	1.375129276931856494e-12	1.465555857455705103e-12	1.270994814346197010e-17	1.031210728257898796e-06	4.656050220684913729e-11	5.098237791996899915e-02	1.901762208003175345e-02	2.229905188029225146e-16	1.901754783922207301e-02
7.679999999999999716e+00	1.015485464329213966e-03	1.411008258617247079e-15	1.860297237222092340e-21	9.823778720996212410e-04	7.423934397966698507e-08	8.133821952469156490e-28	1.102678294037403637e-15	1.340330048730269918e-12	1.428468284277799402e-12	1.270986247563649728e-17	1.031210728263918871e-06	4.538223513699271606e-11	5.098237791882486575e-02	1.901762208117589378e-02	2.232779877639399106e-16	1.901754784040330520e-02
7.690000000000000391e+00	1.015485464332102714e-03	1.375301071494895644e-15	1.813220275683473793e-21	9.823778721668669292e-04	7.423934397877147273e-08	8.133821952373554304e-28	1.074773751355982697e-15	1.306411455058791979e-12	1.392319254835933171e-12	1.270977897573396930e-17	1.031210728269785845e-06	4.423378547176337201e-11	5.098237791770965366e-02	1.901762208229108506e-02	2.235654567249538060e-16	1.901754784155464811e-02
7.700000000000000178e+00	1.015485464334918170e-03	1.340497495848669033e-15	1.767334650851429352e-21	9.823778722324078179e-04	7.423934397789844646e-08	8.133821952280411228e-28	1.047575365250709858e-15	1.273351210446849180e-12	1.357085018200312612e-12	1.270969758889260152e-17	1.031210728275504799e-06	4.311439864741030891e-11	5.098237791662268981e-02	1.901762208337805238e-02	2.238529256859643487e-16	1.901754784267685461e-02
7.709999999999999964e+00	1.015485464337662503e-03	1.306574664749899930e-15	1.722610214579098900e-21	9.823778722962710121e-04	7.423934397704604014e-08	8.133821952189526373e-28	1.021065265616479522e-15	1.241127593383349172e-12	1.322742424485760900e-12	1.270961826163894749e-17	1.031210728281078488e-06	4.202333919528690833e-11	5.098237791556321091e-02	1.901762208443751739e-02	2.241403946469715881e-16	1.901754784377066021e-02
7.719999999999999751e+00	1.015485464340337663e-03	1.273510289943881823e-15	1.679017581653190880e-21	9.823778723585122399e-04	7.423934397621471701e-08	8.133821952100957135e-28	9.952260345717713207e-16	1.209719432045048093e-12	1.289268909641606304e-12	1.270954094185278078e-17	1.031210728286511357e-06	4.095989025862743523e-11	5.098237791453055084e-02	1.901762208547017052e-02	2.244278636079754749e-16	1.901754784483679003e-02
7.730000000000000426e+00	1.015485464342945386e-03	1.241282647205850969e-15	1.636528110487064794e-21	9.823778724191824588e-04	7.423934397540480793e-08	8.133821952014726833e-28	9.700406950146082783e-16	1.179106090386059183e-12	1.256642480626457283e-12	1.270946557873281341e-17	1.031210728291807007e-06	3.992335312155189005e-11	5.098237791352402959e-02	1.901762208647669525e-02	2.247153325689762555e-16	1.901754784587593450e-02
7.740000000000000213e+00	1.015485464345486323e-03	1.209870562067567132e-15	1.595113884302411035e-21	9.823778724783246031e-04	7.423934397461592909e-08	8.133821951930804974e-28	9.454926994681281002e-16	1.149267454579401877e-12	1.224841700958165179e-12	1.270939212276334643e-17	1.031210728296967132e-06	3.891304674999028771e-11	5.098237791254297407e-02	1.901762208745774382e-02	2.250028015299738806e-16	1.901754784688878402e-02
7.750000000000000000e+00	1.015485464347963508e-03	1.179253395905083548e-15	1.554747692787132886e-21	9.823778725359505991e-04	7.423934397384552615e-08	8.133821951848906365e-28	9.215659192084195454e-16	1.120183919801637990e-12	1.193845676629438102e-12	1.270932052568176337e-17	1.031210728301999143e-06	3.792830734422361568e-11	5.098237791158675980e-02	1.901762208841397198e-02	2.252902704909684983e-16	1.901754784787600475e-02
7.759999999999999787e+00	1.015485464350377809e-03	1.149411032378590842e-15	1.515403014217400771e-21	9.823778725921545555e-04	7.423934397309731813e-08	8.133821951769438169e-28	8.982446336674955345e-16	1.091836377351955642e-12	1.163634042379898981e-12	1.270925074044675386e-17	1.031210728306902193e-06	3.696848790274903675e-11	5.098237791065472757e-02	1.901762208934600074e-02	2.255777394519601577e-16	1.901754784883824198e-02
7.770000000000000462e+00	1.015485464352731178e-03	1.120323864215417210e-15	1.477053998032144494e-21	9.823778726469382071e-04	7.423934397236824775e-08	8.133821951692070350e-28	8.755135201044406071e-16	1.064206202097214453e-12	1.134186948315529979e-12	1.270918272120745565e-17	1.031210728311681788e-06	3.603295779718153586e-11	5.098237790974628758e-02	1.901762209025444073e-02	2.258652084129489574e-16	1.901754784977613064e-02
7.780000000000000249e+00	1.015485464355024917e-03	1.091972780327507797e-15	1.439675447848509156e-21	9.823778727003000359e-04	7.423934397165494013e-08	8.133821951616426242e-28	8.533576435379450739e-16	1.037275240234718353e-12	1.105485046866744992e-12	1.270911642327331150e-17	1.031210728316340469e-06	3.512110235791371003e-11	5.098237790886083615e-02	1.901762209113989216e-02	2.261526773739349469e-16	1.901754785069028134e-02
7.790000000000000036e+00	1.015485464357260541e-03	1.064339153254882112e-15	1.403242804907105082e-21	9.823778727523439086e-04	7.423934397096215982e-08	8.133821951543031385e-28	8.317624469335883875e-16	1.011025797364638095e-12	1.077509480076475698e-12	1.270905180308471337e-17	1.031210728320880778e-06	3.423232247025989795e-11	5.098237790799780428e-02	1.901762209200294138e-02	2.264401463349182246e-16	1.901754785158130123e-02
7.799999999999999822e+00	1.015485464359439571e-03	1.037404826926884441e-15	1.367732131936227645e-21	9.823778728030598505e-04	7.423934397028602901e-08	8.133821951471464270e-28	8.107137416394673642e-16	9.854406268643070224e-13	1.050241867209972911e-12	1.270898881818437848e-17	1.031210728325306525e-06	3.336603418082147030e-11	5.098237790715660217e-02	1.901762209284414001e-02	2.267276152958988400e-16	1.901754785244976625e-02
7.810000000000000497e+00	1.015485464361563523e-03	1.011152104733127457e-15	1.333120097424388150e-21	9.823778728524888443e-04	7.423934396962679915e-08	8.133821951401744626e-28	7.901976980638480172e-16	9.605029185566972869e-13	1.023664292678141500e-12	1.270892742718946030e-17	1.031210728329620040e-06	3.252166831381272527e-11	5.098237790633669553e-02	1.901762209366405706e-02	2.270150842568768915e-16	1.901754785329625927e-02
7.820000000000000284e+00	1.015485464363633482e-03	9.855637378963275669e-16	1.299383960290863160e-21	9.823778729006744752e-04	7.423934396898478788e-08	8.133821951333913709e-28	7.702008365887420193e-16	9.361962876656690365e-13	9.977592942665019726e-13	1.270886758976434211e-17	1.031210728333824500e-06	3.169867009709671473e-11	5.098237790553752230e-02	1.901762209446322335e-02	2.273025532178524779e-16	1.901754785412133539e-02
7.830000000000000071e+00	1.015485464365651616e-03	9.606229141393630920e-16	1.266501554944150929e-21	9.823778729476284523e-04	7.423934396835811585e-08	8.133821951267761660e-28	7.507100187134074261e-16	9.125047640506996233e-13	9.725098516620128248e-13	1.270880926659415930e-17	1.031210728337922869e-06	3.089649879768391325e-11	5.098237790475857595e-02	1.901762209524216277e-02	2.275900221788255991e-16	1.901754785492553237e-02
7.839999999999999858e+00	1.015485464367618358e-03	9.363132466391413676e-16	1.234451276718561437e-21	9.823778729933908913e-04	7.423934396774704775e-08	8.133821951203318970e-28	7.317124384219903206e-16	8.894127817140574454e-13	9.478993752702518540e-13	1.270875241935893182e-17	1.031210728341917900e-06	3.011462736645563765e-11	5.098237790399934993e-02	1.901762209600138878e-02	2.278774911397962550e-16	1.901754785570937065e-02
7.850000000000000533e+00	1.015485464369535445e-03	9.126187632599920008e-16	1.203212067679341759e-21	9.823778730380136170e-04	7.423934396715285414e-08	8.133821951140729133e-28	7.131956137696103263e-16	8.669051685735048066e-13	9.239116953155823054e-13	1.270869701070844084e-17	1.031210728345810440e-06	2.935254209187795037e-11	5.098237790325933078e-02	1.901762209674140100e-02	2.281649601007646430e-16	1.901754785647337756e-02
7.860000000000000320e+00	1.015485464371403959e-03	8.895238960595316987e-16	1.172763402787029692e-21	9.823778730814996651e-04	7.423934396657307332e-08	8.133821951079715926e-28	6.951473786813763428e-16	8.449671364938157124e-13	9.005310512171646676e-13	1.270864300423763533e-17	1.031210728349605783e-06	2.860974226247882099e-11	5.098237790253804663e-02	1.901762209746269208e-02	2.284524290617307631e-16	1.901754785721805618e-02
7.870000000000000107e+00	1.015485464373224985e-03	8.670134710600749603e-16	1.143085276411904395e-21	9.823778731239019447e-04	7.423934396600928025e-08	8.133821951020453332e-28	6.775558749589234827e-16	8.235842715705440715e-13	8.777420812337959073e-13	1.270859036446274751e-17	1.031210728353304564e-06	2.788573983786627964e-11	5.098237790183499790e-02	1.901762209816572347e-02	2.287398980226945658e-16	1.901754785794388183e-02
7.879999999999999893e+00	1.015485464375000041e-03	8.450726982789120392e-16	1.114158189189740773e-21	9.823778731651983381e-04	7.423934396545726623e-08	8.133821950962480381e-28	6.604095444892490485e-16	8.027425246596916296e-13	8.555298123708239975e-13	1.270853905679795517e-17	1.031210728356909536e-06	2.718005912807241810e-11	5.098237790114974743e-02	1.901762209885097046e-02	2.290273669836562485e-16	1.901754785865133329e-02
7.890000000000000568e+00	1.015485464376730644e-03	8.236871620108725125e-16	1.085963135210173291e-21	9.823778732054610531e-04	7.423934396492007529e-08	8.133821950906132489e-28	6.436971216507069386e-16	7.824282021470215970e-13	8.338796505424637502e-13	1.270848904753269578e-17	1.031210728360424087e-06	2.649223648101155105e-11	5.098237790048184420e-02	1.901762209951888064e-02	2.293148359446159097e-16	1.901754785934088587e-02
7.900000000000000355e+00	1.015485464378417663e-03	8.028428113568063752e-16	1.058481589529283875e-21	9.823778732447083044e-04	7.423934396439671481e-08	8.133821950851302034e-28	6.274076259111783310e-16	7.626279569509750698e-13	8.127773709830793715e-13	1.270844030380946586e-17	1.031210728363850124e-06	2.582181997784796903e-11	5.098237789983083718e-02	1.901762210016987725e-02	2.296023049055734509e-16	1.901754786001299061e-02
7.910000000000000142e+00	1.015485464380061096e-03	7.825259509917342922e-16	1.031695495998178875e-21	9.823778732829810748e-04	7.423934396388801858e-08	8.133821950798076907e-28	6.115303546135464442e-16	7.433287797532509396e-13	7.922091089011012445e-13	1.270839279360226141e-17	1.031210728367188493e-06	2.516836913607218734e-11	5.098237789919630308e-02	1.901762210080440788e-02	2.298897738665289706e-16	1.901754786066808811e-02
7.919999999999999929e+00	1.015485464381663547e-03	7.627232321666475038e-16	1.005587255399603852e-21	9.823778733203131913e-04	7.423934396339434396e-08	8.133821950746498361e-28	5.960548759437570987e-16	7.245179904513263802e-13	7.721613503694751702e-13	1.270834648569554672e-17	1.031210728370442581e-06	2.453145462009180457e-11	5.098237789857783253e-02	1.901762210142287149e-02	2.301772428274825675e-16	1.901754786130660513e-02
7.930000000000000604e+00	1.015485464383225232e-03	7.434216439379944861e-16	9.801397138847542335e-22	9.823778733566877405e-04	7.423934396291217045e-08	8.133821950696178966e-28	5.809710220768176036e-16	7.061832298272700191e-13	7.526209234466281238e-13	1.270830134966372243e-17	1.031210728373614720e-06	2.391065795914577884e-11	5.098237789797500918e-02	1.901762210202568790e-02	2.304647117884342908e-16	1.901754786192896493e-02
7.940000000000000391e+00	1.015485464384747235e-03	7.246085046191351226e-16	9.553361517027244379e-22	9.823778733921183833e-04	7.423934396244041281e-08	8.133821950646996754e-28	5.662688824962569866e-16	6.883124514273914509e-13	7.335749895221394627e-13	1.270825735585114052e-17	1.031210728376705755e-06	2.330557127235763126e-11	5.098237789738745140e-02	1.901762210261325955e-02	2.307521807493841405e-16	1.901754786253556997e-02
7.950000000000000178e+00	1.015485464386231074e-03	7.062714534481036919e-16	9.311602722151475392e-22	9.823778734266363447e-04	7.423934396197934895e-08	8.133821950598994770e-28	5.519387974826281695e-16	6.708939136473753601e-13	7.150110348814014362e-13	1.270821447535263243e-17	1.031210728379719074e-06	2.271579700074584598e-11	5.098237789681474286e-02	1.901762210318595422e-02	2.310396497103322154e-16	1.901754786312682965e-02
7.959999999999999964e+00	1.015485464387677183e-03	6.883984424662472928e-16	9.075961911888527019e-22	9.823778734602739340e-04	7.423934396152948181e-08	8.133821950552216064e-28	5.379713517668068357e-16	6.539161720177212865e-13	6.969168624837637828e-13	1.270817267999450546e-17	1.031210728382656161e-06	2.214094764601666969e-11	5.098237789625654354e-02	1.901762210374415701e-02	2.313271186712785153e-16	1.901754786370312908e-02
7.969999999999999751e+00	1.015485464389086863e-03	6.709777286023783127e-16	8.846284263594781996e-22	9.823778734930862285e-04	7.423934396109295544e-08	8.133821950506893812e-28	5.243573683438937998e-16	6.373680716844059921e-13	6.792805839487318216e-13	1.270813194231603850e-17	1.031210728385519344e-06	2.158064551596680479e-11	5.098237789571245793e-02	1.901762210428822528e-02	2.316145876322230895e-16	1.901754786426484295e-02
7.980000000000000426e+00	1.015485464390460764e-03	6.539978659572411621e-16	8.622418872591809627e-22	9.823778735250461233e-04	7.423934396066582584e-08	8.133821950462608296e-28	5.110879024436607090e-16	6.212387400798256414e-13	6.620906117449654597e-13	1.270809223555141060e-17	1.031210728388310106e-06	2.103452247632889931e-11	5.098237789518215296e-02	1.901762210481853371e-02	2.319020565931659382e-16	1.901754786481233556e-02
7.990000000000000213e+00	1.015485464391799970e-03	6.374476982832423961e-16	8.404218653017856903e-22	9.823778735562076116e-04	7.423934396025025030e-08	8.133821950419583725e-28	4.981542356535919140e-16	6.055175797792212185e-13	6.453356515769503351e-13	1.270805353361217812e-17	1.031210728391029929e-06	2.050221970889717616e-11	5.098237789466526088e-02	1.901762210533542233e-02	2.321895255541072091e-16	1.901754786534598160e-02
8.000000000000000000e+00	1.015485464393105349e-03	6.213163516544741042e-16	8.191540241188187803e-22	9.823778735865954133e-04	7.423934395984632147e-08	8.133821950377836241e-28	4.855478701906337205e-16	5.901942615378626989e-13	6.290046949643186371e-13	1.270801581107007230e-17	1.031210728393680719e-06	1.998338747577353655e-11	5.098237789416144861e-02	1.901762210583923113e-02	2.324769945150469023e-16	1.901754786586612456e-02
8.009999999999999787e+00	1.015485464394377119e-03	6.055932273222275879e-16	7.984243901400967130e-22	9.823778736161963010e-04	7.423934395945126000e-08	8.133821950337062716e-28	4.732605233179053116e-16	5.752587175044377364e-13	6.130870120089604235e-13	1.270797904314032072e-17	1.031210728396263745e-06	1.947768488957958725e-11	5.098237789367037615e-02	1.901762210633028624e-02	2.327644634759852642e-16	1.901754786637310790e-02
8.019999999999999574e+00	1.015485464395617229e-03	5.902679947513617821e-16	7.782193434127555632e-22	9.823778736450577628e-04	7.423934395906695851e-08	8.133821950297465833e-28	4.612841219027407086e-16	5.607011346062279524e-13	5.975721443452182196e-13	1.270794320566535544e-17	1.031210728398782610e-06	1.898477968948542132e-11	5.098237789319174512e-02	1.901762210680891726e-02	2.330519324369221471e-16	1.901754786686725082e-02
8.029999999999999361e+00	1.015485464396825898e-03	5.753305848328049898e-16	7.585256086524976362e-22	9.823778736731687399e-04	7.423934395869086265e-08	8.133821950258763987e-28	4.496107971123782822e-16	5.465119481016036068e-13	5.824498982684049756e-13	1.270790827509895266e-17	1.031210728401237099e-06	1.850434802290344862e-11	5.098237789272522247e-02	1.901762210727543645e-02	2.333394013978575509e-16	1.901754786734888986e-02
8.040000000000000924e+00	1.015485464398003992e-03	5.607711832678786082e-16	7.393302465213736370e-22	9.823778737005520005e-04	7.423934395832301212e-08	8.133821950220973322e-28	4.382328792439256308e-16	5.326818352957297283e-13	5.677103380372633037e-13	1.270787422849074354e-17	1.031210728403629756e-06	1.803607423270857481e-11	5.098237789227051675e-02	1.901762210773014911e-02	2.336268703587915741e-16	1.901754786781834419e-02
8.050000000000000711e+00	1.015485464399152162e-03	5.465802241200392266e-16	7.206206451262877911e-22	9.823778737272693441e-04	7.423934395796655683e-08	8.133821950184427458e-28	4.271428926851582236e-16	5.192017094153043817e-13	5.533437793459148510e-13	1.270784104347114884e-17	1.031210728405961849e-06	1.757965064984287697e-11	5.098237789182730878e-02	1.901762210817335361e-02	2.339143393197241183e-16	1.901754786827591567e-02
8.060000000000000497e+00	1.015485464400271275e-03	5.327483835297726403e-16	7.023845117326081805e-22	9.823778737533140487e-04	7.423934395761932626e-08	8.133821950148893219e-28	4.163335510028187225e-16	5.060627136382773816e-13	5.393407829609832614e-13	1.270780869823667559e-17	1.031210728408234650e-06	1.713477739116791627e-11	5.098237789139530712e-02	1.901762210860534139e-02	2.342018082806553312e-16	1.901754786872190961e-02
8.070000000000000284e+00	1.015485464401362200e-03	5.192665735885659074e-16	6.846098646875074659e-22	9.823778737786982573e-04	7.423934395728081749e-08	8.133821950114315003e-28	4.057977521552339299e-16	4.932562152746787082e-13	5.256921485197633067e-13	1.270777717153560053e-17	1.031210728410450277e-06	1.670116216243337271e-11	5.098237789097424810e-02	1.901762210902639694e-02	2.344892772415852129e-16	1.901754786915661397e-02
8.080000000000000071e+00	1.015485464402425151e-03	5.061259363678923478e-16	6.672850255476764667e-22	9.823778738034260900e-04	7.423934395694986583e-08	8.133821950080563664e-28	3.955285738260703997e-16	4.807738000946964813e-13	5.123889084853194674e-13	1.270774644265398781e-17	1.031210728412609364e-06	1.627852006623142712e-11	5.098237789056382641e-02	1.901762210943679782e-02	2.347767462025137634e-16	1.901754786958032017e-02
8.089999999999999858e+00	1.015485464403461649e-03	4.933178380993046231e-16	6.503986114062579845e-22	9.823778738275563104e-04	7.423934395662933004e-08	8.133821950047953095e-28	3.855192688761790753e-16	4.686072668002897549e-13	4.994223222545625414e-13	1.270771649140209505e-17	1.031210728414714241e-06	1.586657341481114573e-11	5.098237789016380611e-02	1.901762210983681117e-02	2.350642151634410814e-16	1.901754786999330232e-02
8.099999999999999645e+00	1.015485464404471691e-03	4.808338635018054858e-16	6.339395274139580001e-22	9.823778738510607293e-04	7.423934395631579550e-08	8.133821950016108419e-28	3.757632609105346839e-16	4.567486216367069155e-13	4.867838704154277784e-13	1.270768729810111827e-17	1.031210728416765966e-06	1.546505154762981484e-11	5.098237788977391660e-02	1.901762211022670762e-02	2.353516841243671667e-16	1.901754787039583797e-02
8.109999999999999432e+00	1.015485464405456364e-03	4.686658102527704066e-16	6.178969594894149394e-22	9.823778738739675359e-04	7.423934395601000337e-08	8.133821949985112145e-28	3.662541399573578077e-16	4.451900731403619073e-13	4.744652491493802284e-13	1.270765884357022966e-17	1.031210728418765387e-06	1.507369065352133264e-11	5.098237788939387338e-02	1.901762211060673002e-02	2.356391530852920687e-16	1.901754787078818731e-02
8.120000000000000995e+00	1.015485464406416100e-03	4.568056835987901652e-16	6.022603672140443470e-22	9.823778738963064375e-04	7.423934395571278745e-08	8.133821949955057544e-28	3.569856582565841699e-16	4.339240270196228417e-13	4.624583647755717389e-13	1.270763110911400201e-17	1.031210728420715046e-06	1.469223359736480931e-11	5.098237788902346829e-02	1.901762211097714553e-02	2.359266220462158368e-16	1.901754787117060363e-02
8.130000000000000782e+00	1.015485464407351549e-03	4.452456911028995035e-16	5.870194769066946035e-22	9.823778739180770003e-04	7.423934395542287719e-08	8.133821949925802916e-28	3.479517261549135647e-16	4.229430811651553967e-13	4.507553284330713819e-13	1.270760407651011664e-17	1.031210728422614940e-06	1.432042975113978830e-11	5.098237788866243764e-02	1.901762211133818312e-02	2.362140910071384216e-16	1.901754787154334367e-02
8.140000000000000568e+00	1.015485464408263580e-03	4.339782375247150371e-16	5.721642748735354680e-22	9.823778739392792243e-04	7.423934395513894910e-08	8.133821949897206563e-28	3.391464081047287445e-16	4.122400207865173848e-13	4.393484508976508117e-13	1.270757772799739493e-17	1.031210728424466555e-06	1.395803482925620938e-11	5.098237788831052469e-02	1.901762211169008912e-02	2.365015599680598723e-16	1.901754787190665721e-02
8.150000000000000355e+00	1.015485464409151975e-03	4.229959198301580158e-16	5.576850008287893009e-22	9.823778739599694880e-04	7.423934395486415308e-08	8.133821949869603898e-28	3.305639187642798869e-16	4.018078136718468726e-13	4.282302375297539852e-13	1.270755204626410559e-17	1.031210728426271158e-06	1.360481072805215356e-11	5.098237788796752823e-02	1.901762211203309252e-02	2.367890289289802877e-16	1.901754787226075938e-02
8.160000000000000142e+00	1.015485464410018253e-03	4.122915223274489162e-16	5.435721414819471757e-22	9.823778739801191685e-04	7.423934395459498189e-08	8.133821949842625427e-28	3.221986191965500900e-16	3.916396055674982043e-13	4.173933833503081416e-13	1.270752701443665251e-17	1.031210728428030657e-06	1.326052536935297690e-11	5.098237788763321926e-02	1.901762211236740843e-02	2.370764978898996678e-16	1.901754787260591384e-02
8.169999999999999929e+00	1.015485464410863063e-03	4.018580119261954449e-16	5.298164242872670643e-22	9.823778739997564551e-04	7.423934395433241491e-08	8.133821949816369802e-28	3.140450131643150582e-16	3.817287156746047307e-13	4.068307682411455217e-13	1.270750261606841365e-17	1.031210728429745687e-06	1.292495254798941477e-11	5.098237788730736880e-02	1.901762211269326236e-02	2.373639668508180124e-16	1.901754787294233570e-02
8.179999999999999716e+00	1.015485464411685756e-03	3.916885335164537140e-16	5.164088113514516199e-22	9.823778740189279685e-04	7.423934395407886089e-08	8.133821949791095310e-28	3.060977435189606329e-16	3.720686322596058620e-13	3.965354522668856853e-13	1.270747883512897121e-17	1.031210728431417307e-06	1.259787178317442069e-11	5.098237788698975481e-02	1.901762211301086941e-02	2.376514358117353710e-16	1.901754787327024701e-02
8.189999999999999503e+00	1.015485464412487849e-03	3.817764054647292199e-16	5.033404934954981573e-22	9.823778740375719090e-04	7.423934395382856266e-08	8.133821949766175964e-28	2.983515886806856187e-16	3.626530083758553287e-13	3.865006711152022988e-13	1.270745565599357140e-17	1.031210728433045939e-06	1.227906817364108549e-11	5.098237788668018994e-02	1.901762211332044469e-02	2.379389047726517434e-16	1.901754787358985246e-02
8.199999999999999289e+00	1.015485464413269558e-03	3.721151152239548125e-16	4.906028844668198804e-22	9.823778740557598341e-04	7.423934395358575537e-08	8.133821949742085289e-28	2.908014592077770637e-16	3.534756576934985699e-13	3.767198316524803556e-13	1.270743306343287233e-17	1.031210728434633491e-06	1.196833225644645302e-11	5.098237788637843132e-02	1.901762211362217903e-02	2.382263737335671299e-16	1.901754787390137064e-02
8.210000000000000853e+00	1.015485464414031752e-03	3.626983150545624663e-16	4.781876152978340827e-22	9.823778740735106089e-04	7.423934395335080960e-08	8.133821949718850191e-28	2.834423944527019507e-16	3.445305504348773445e-13	3.671865075919394154e-13	1.270741104260293692e-17	1.031210728436181444e-06	1.166545986934841830e-11	5.098237788608432630e-02	1.901762211391628057e-02	2.385138426944816288e-16	1.901754787420500276e-02
8.220000000000000639e+00	1.015485464414774648e-03	3.535198178538463762e-16	4.660865288073231638e-22	9.823778740907622171e-04	7.423934395311812701e-08	8.133821949695869793e-28	2.762695593028277873e-16	3.358118094128034710e-13	3.578944352713894753e-13	1.270738957903545525e-17	1.031210728437690221e-06	1.137025201666560876e-11	5.098237788579766672e-02	1.901762211420294016e-02	2.388013116553951910e-16	1.901754787450095699e-02
8.230000000000000426e+00	1.015485464415498461e-03	3.445735930908521245e-16	4.542916742409246195e-22	9.823778741076306682e-04	7.423934395289527793e-08	8.133821949673963798e-28	2.692782410036092857e-16	3.273137061690718726e-13	3.488375095378179949e-13	1.270736865862825522e-17	1.031210728439160670e-06	1.108251473853129238e-11	5.098237788551826521e-02	1.901762211448234513e-02	2.390887806163078657e-16	1.901754787478942069e-02
8.240000000000000213e+00	1.015485464416204494e-03	3.358537628441552500e-16	4.427953020472696928e-22	9.823778741240290092e-04	7.423934395267485084e-08	8.133821949652317885e-28	2.624638460621816126e-16	3.190306572107081116e-13	3.400097797361396299e-13	1.270734826763604260e-17	1.031210728440594062e-06	1.080205898345650604e-11	5.098237788524591363e-02	1.901762211475467243e-02	2.393762495772197022e-16	1.901754787507058467e-02
8.250000000000000000e+00	1.015485464416892311e-03	3.273545979398993055e-16	4.315898587863086229e-22	9.823778741400444100e-04	7.423934395246239116e-08	8.133821949631554453e-28	2.558218972293049808e-16	3.109572203414551894e-13	3.314054457994465900e-13	1.270732839266135998e-17	1.031210728441991031e-06	1.052870048411784552e-11	5.098237788498047318e-02	1.901762211502011635e-02	2.396637185381306513e-16	1.901754787534462934e-02
8.259999999999999787e+00	1.015485464417562782e-03	3.190705141875682582e-16	4.206679821664875190e-22	9.823778741556181068e-04	7.423934395225259168e-08	8.133821949611070833e-28	2.493480305576857185e-16	3.030880910860974865e-13	3.230188544382016434e-13	1.270730902064579067e-17	1.031210728443352636e-06	1.026225963628866157e-11	5.098237788472174958e-02	1.901762211527884341e-02	2.399511874990408608e-16	1.901754787561173513e-02
8.269999999999999574e+00	1.015485464418216122e-03	3.109960687110154236e-16	4.100224962075162260e-22	9.823778741708097308e-04	7.423934395204894643e-08	8.133821949591272391e-28	2.430379925347405641e-16	2.954180992052712633e-13	3.148444954258672329e-13	1.270729013886137828e-17	1.031210728444680149e-06	1.000256138083402623e-11	5.098237788446956936e-02	1.901762211553102017e-02	2.402386564599502321e-16	1.901754787587209283e-02
8.279999999999999361e+00	1.015485464418853200e-03	3.031259563723400947e-16	3.996464065255456360e-22	9.823778741856409660e-04	7.423934395185232891e-08	8.133821949572236256e-28	2.368876372879180204e-16	2.879422052984714264e-13	3.068769979785322284e-13	1.270727173490225739e-17	1.031210728445973568e-06	9.749435088691929395e-12	5.098237788422374517e-02	1.901762211577681314e-02	2.405261254208587653e-16	1.901754787612585512e-02
8.290000000000000924e+00	1.015485464419473797e-03	2.954550062862629839e-16	3.895328957376610151e-22	9.823778742000688780e-04	7.423934395165855689e-08	8.133821949553514012e-28	2.308929238607438013e-16	2.806554974930229795e-13	2.991111272261538301e-13	1.270725379667650304e-17	1.031210728447234588e-06	9.502714448765175401e-12	5.098237788398416598e-02	1.901762211601638886e-02	2.408135943817666575e-16	1.901754787637319200e-02
8.300000000000000711e+00	1.015485464420078998e-03	2.879781784227131279e-16	3.796753189826755910e-22	9.823778742141522306e-04	7.423934395147121702e-08	8.133821949535496677e-28	2.250499135578022193e-16	2.735531882168472729e-13	2.915417807731064016e-13	1.270723631239820821e-17	1.031210728448463845e-06	9.262237358650470272e-12	5.098237788375064444e-02	1.901762211624989998e-02	2.411010633426737609e-16	1.901754787661427346e-02
8.310000000000000497e+00	1.015485464420668804e-03	2.806905602953783451e-16	3.700671995552585815e-22	9.823778742278936257e-04	7.423934395128975345e-08	8.133821949518123266e-28	2.193547673568956611e-16	2.666306110528845213e-13	2.841639853457556204e-13	1.270721927057969690e-17	1.031210728449661338e-06	9.027845818132305258e-12	5.098237788352304178e-02	1.901762211647749917e-02	2.413885323035801247e-16	1.901754787684925216e-02
8.320000000000000284e+00	1.015485464421243648e-03	2.735873637340692555e-16	3.607022246505657112e-22	9.823778742412750658e-04	7.423934395111195594e-08	8.133821949501153430e-28	2.138037433867041219e-16	2.598832176731315465e-13	2.769728935248831139e-13	1.270720266002402687e-17	1.031210728450828973e-06	8.799385825372568674e-12	5.098237788330120535e-02	1.901762211669934949e-02	2.416760012644858476e-16	1.901754787707829464e-02
8.330000000000000071e+00	1.015485464421803964e-03	2.666639265407786768e-16	3.515742475476154902e-22	9.823778742543125969e-04	7.423934395093827448e-08	8.133821949484632009e-28	2.083931982209661233e-16	2.533065794117488139e-13	2.699637854222377229e-13	1.270718646982881994e-17	1.031210728451966326e-06	8.576707430174335670e-12	5.098237788308498247e-02	1.901762211691557236e-02	2.419634702253907816e-16	1.901754787730153620e-02
8.339999999999999858e+00	1.015485464422349968e-03	2.599156927924075427e-16	3.426772616400693570e-22	9.823778742670007981e-04	7.423934395076751793e-08	8.133821949468433447e-28	2.031195714854037248e-16	2.468963685544344014e-13	2.631320487395279377e-13	1.270717068934021839e-17	1.031210728453075728e-06	8.359664100458798361e-12	5.098237788287422051e-02	1.901762211712633086e-02	2.422509391862951732e-16	1.901754787751912257e-02
8.349999999999999645e+00	1.015485464422882312e-03	2.533382281687930849e-16	3.340054206449634276e-22	9.823778742793780501e-04	7.423934395060179064e-08	8.133821949452781952e-28	1.979793978363081420e-16	2.406483728986609574e-13	2.564731942861178406e-13	1.270715530818874113e-17	1.031210728454156965e-06	8.148113215260353341e-12	5.098237788266880149e-02	1.901762211733175681e-02	2.425384081471988253e-16	1.901754787773120986e-02
8.359999999999999432e+00	1.015485464423401211e-03	2.469272138592203165e-16	3.255530305689508585e-22	9.823778742914424014e-04	7.423934395044031175e-08	8.133821949437600397e-28	1.929693021985856999e-16	2.345584899654153978e-13	2.499828498101391186e-13	1.270714031627500260e-17	1.031210728455210886e-06	7.941915868741852582e-12	5.098237788246857971e-02	1.901762211753198206e-02	2.428258771081018365e-16	1.901754787793792645e-02
8.370000000000000995e+00	1.015485464423907100e-03	2.406784376469362234e-16	3.173145379539726046e-22	9.823778743032226916e-04	7.423934395028453710e-08	8.133821949423041242e-28	1.880859927984605904e-16	2.286227185302933709e-13	2.436567509726835057e-13	1.270712570374890805e-17	1.031210728456238337e-06	7.740936583445967200e-12	5.098237788227341638e-02	1.901762211772714192e-02	2.431133460690043546e-16	1.901754787813941805e-02
8.380000000000000782e+00	1.015485464424399978e-03	2.345877939101260282e-16	3.092845298785462785e-22	9.823778743146905149e-04	7.423934395013154177e-08	8.133821949408788803e-28	1.833262611642386866e-16	2.228371586244275896e-13	2.374907413487918755e-13	1.270711146100960426e-17	1.031210728457239318e-06	7.545043310326602552e-12	5.098237788208317967e-02	1.901762211791737170e-02	2.434008150299061825e-16	1.901754787833580609e-02
8.390000000000000568e+00	1.015485464424880496e-03	2.286512809244581512e-16	3.014577304013941321e-22	9.823778743258742771e-04	7.423934394998296690e-08	8.133821949395017066e-28	1.786869800182929961e-16	2.171980089721495216e-13	2.314807696966201905e-13	1.270709757869921180e-17	1.031210728458215312e-06	7.354107341990680071e-12	5.098237788189777242e-02	1.901762211810277547e-02	2.436882839908074680e-16	1.901754787852722589e-02
8.400000000000000355e+00	1.015485464425348872e-03	2.228649982338431563e-16	2.938289970950077351e-22	9.823778743367737615e-04	7.423934394983801839e-08	8.133821949381647109e-28	1.741651012223577691e-16	2.117015644934482914e-13	2.256228872956644548e-13	1.270708404769667127e-17	1.031210728459166530e-06	7.168003228133912283e-12	5.098237788171705587e-02	1.901762211828349203e-02	2.439757529517081619e-16	1.901754787871379540e-02
8.410000000000000142e+00	1.015485464425805538e-03	2.172251440877231306e-16	2.863933176669265844e-22	9.823778743473891850e-04	7.423934394969618007e-08	8.133821949368610774e-28	1.697576537748152466e-16	2.063442138696281448e-13	2.199132453523389896e-13	1.270707085911171904e-17	1.031210728460093396e-06	6.986608693116372085e-12	5.098237788154091205e-02	1.901762211845963238e-02	2.442632219126082641e-16	1.901754787889564993e-02
8.419999999999999929e+00	1.015485464426250277e-03	2.117280129432143791e-16	2.791458066665210907e-22	9.823778743577489536e-04	7.423934394955885486e-08	8.133821949356076663e-28	1.654617418586635165e-16	2.011224371705700439e-13	2.143480924712102524e-13	1.270705800427909708e-17	1.031210728460997180e-06	6.809804555623969203e-12	5.098237788136922993e-02	1.901762211863131796e-02	2.445506908735078240e-16	1.901754787907290051e-02
8.429999999999999716e+00	1.015485464426683958e-03	2.063699930304618146e-16	2.720817022751138364e-22	9.823778743678242276e-04	7.423934394942336929e-08	8.133821949343739856e-28	1.612745429388838258e-16	1.960328035420386269e-13	2.089237721902250198e-13	1.270704547475280448e-17	1.031210728461878306e-06	6.637474650362960479e-12	5.098237788120189851e-02	1.901762211879865980e-02	2.448381598344068908e-16	1.901754787924566162e-02
8.439999999999999503e+00	1.015485464427106797e-03	2.011475639796041487e-16	2.651963631773304550e-22	9.823778743776713854e-04	7.423934394929325709e-08	8.133821949331993163e-28	1.571933059079550318e-16	1.910719689515146452e-13	2.036367205783114441e-13	1.270703326230060776e-17	1.031210728462736985e-06	6.469505751736093310e-12	5.098237788103876511e-02	1.901762211896175850e-02	2.451256287953054153e-16	1.901754787941405470e-02
8.449999999999999289e+00	1.015485464427518794e-03	1.960572945077922288e-16	2.584852655116257912e-22	9.823778743872626715e-04	7.423934394916597715e-08	8.133821949320558568e-28	1.532153492782989670e-16	1.862366739910711574e-13	1.984834638937766462e-13	1.270702135889856818e-17	1.031210728463573219e-06	6.305787499450197224e-12	5.098237788087978117e-02	1.901762211912073897e-02	2.454130977562034468e-16	1.901754787957818035e-02
8.460000000000000853e+00	1.015485464427920599e-03	1.910958401647384871e-16	2.519439998979771754e-22	9.823778743966230225e-04	7.423934394904281327e-08	8.133821949309570594e-28	1.493380594204668673e-16	1.815237417358502296e-13	1.934606163019590724e-13	1.270700975672582011e-17	1.031210728464389335e-06	6.146212326006335139e-12	5.098237788072482873e-02	1.901762211927569141e-02	2.457005667171010839e-16	1.901754787973815655e-02
8.470000000000000639e+00	1.015485464428311779e-03	1.862599411353225054e-16	2.455682685408031285e-22	9.823778744057222977e-04	7.423934394892091993e-08	8.133821949298726114e-28	1.455588888459139446e-16	1.769300756567373334e-13	1.885648776506439731e-13	1.270699844815940648e-17	1.031210728465184275e-06	5.990675386025046736e-12	5.098237788057378983e-02	1.901762211942671990e-02	2.459880356779981786e-16	1.901754787989408738e-02
8.480000000000000426e+00	1.015485464428693635e-03	1.815464200977956193e-16	2.393538824051833098e-22	9.823778744145752421e-04	7.423934394880091919e-08	8.133821949288086110e-28	1.418753545332236296e-16	1.724526575858490606e-13	1.837930313017648005e-13	1.270698742576928987e-17	1.031210728465959099e-06	5.839074487359810096e-12	5.098237788042657426e-02	1.901762211957393547e-02	2.462755046388947802e-16	1.901754788004606997e-02
8.490000000000000213e+00	1.015485464429065517e-03	1.769521801361947131e-16	2.332967584645499312e-22	9.823778744232291270e-04	7.423934394868580212e-08	8.133821949277985999e-28	1.382850362966955180e-16	1.680885457335157336e-13	1.791419420179852191e-13	1.270697668231344368e-17	1.031210728466714864e-06	5.691310023954049022e-12	5.098237788028309181e-02	1.901762211971742486e-02	2.465629735997909874e-16	1.901754788019420842e-02
8.500000000000000000e+00	1.015485464429428074e-03	1.724742027055797678e-16	2.273929170180220870e-22	9.823778744316833018e-04	7.423934394857514520e-08	8.133821949268364796e-28	1.347855751962140387e-16	1.638348727554417290e-13	1.746085539027589166e-13	1.270696621073311587e-17	1.031210728467451147e-06	5.547284910397100669e-12	5.098237788014324534e-02	1.901762211985727827e-02	2.468504425606867509e-16	1.901754788033859292e-02
8.509999999999999787e+00	1.015485464429781741e-03	1.681095456487658569e-16	2.216384790756318405e-22	9.823778744399258404e-04	7.423934394846733379e-08	8.133821949259062865e-28	1.313746719873593567e-16	1.596888438687797211e-13	1.701898883925196672e-13	1.270695600414818055e-17	1.031210728468169431e-06	5.406904518136392632e-12	5.098237788000692383e-02	1.901762211999359284e-02	2.471379115215820214e-16	1.901754788047932410e-02
8.519999999999999574e+00	1.015485464430126083e-03	1.638553412632422775e-16	2.160296638097171963e-22	9.823778744478975453e-04	7.423934394835762979e-08	8.133821949249554663e-28	1.280500856107380254e-16	1.556477350158795638e-13	1.658830422996813069e-13	1.270694605585262209e-17	1.031210728468868445e-06	5.270076613303807267e-12	5.098237787987405789e-02	1.901762212012645878e-02	2.474253804824768974e-16	1.901754788061649215e-02
8.529999999999999361e+00	1.015485464430461752e-03	1.597087944170117302e-16	2.105627860708128241e-22	9.823778744556988136e-04	7.423934394825307416e-08	8.133821949240607876e-28	1.248096317195447704e-16	1.517088910745058509e-13	1.616851859051615885e-13	1.270693635931013931e-17	1.031210728469550095e-06	5.136711296115434811e-12	5.098237787974455731e-02	1.901762212025595936e-02	2.477128494433713297e-16	1.901754788075019076e-02
8.540000000000000924e+00	1.015485464430788748e-03	1.556671807121091155e-16	2.052342539664020365e-22	9.823778744633537147e-04	7.423934394815500363e-08	8.133821949232371380e-28	1.216511812443840982e-16	1.478697241133471489e-13	1.575935610991766248e-13	1.270692690814983145e-17	1.031210728470214592e-06	5.006720941804874122e-12	5.098237787961833190e-02	1.901762212038218477e-02	2.480003184042654662e-16	1.901754788088051012e-02
8.550000000000000711e+00	1.015485464431107720e-03	1.517278446945981910e-16	2.000405665009458294e-22	9.823778744707479735e-04	7.423934394805437876e-08	8.133821949223855073e-28	1.185726589944142893e-16	1.441277116916751876e-13	1.536054795690877923e-13	1.270691769616200888e-17	1.031210728470862784e-06	4.880020143051368347e-12	5.098237787949530531e-02	1.901762212050521830e-02	2.482877873651592082e-16	1.901754788100753352e-02
8.560000000000000497e+00	1.015485464431418669e-03	1.478881981098593947e-16	1.949783112756248721e-22	9.823778744779811199e-04	7.423934394795822729e-08	8.133821949215828435e-28	1.155720422938848445e-16	1.404803952020258228e-13	1.497183210331004625e-13	1.270690871729414862e-17	1.031210728471494035e-06	4.756525653864666220e-12	5.098237787937538734e-02	1.901762212062513627e-02	2.485752563260525065e-16	1.901754788113133726e-02
8.570000000000000284e+00	1.015485464431721812e-03	1.441457182020364998e-16	1.900441622463011240e-22	9.823778744850678989e-04	7.423934394786733006e-08	8.133821949208375770e-28	1.126473596531844751e-16	1.369253782548279872e-13	1.459295315186679724e-13	1.270689996564687304e-17	1.031210728472109828e-06	4.636156334890162181e-12	5.098237787925850167e-02	1.901762212074202194e-02	2.488627252869454104e-16	1.901754788125201157e-02
8.580000000000000071e+00	1.015485464432017149e-03	1.404979460565144491e-16	1.852348775382124518e-22	9.823778744918938190e-04	7.423934394777251531e-08	8.133821949200494419e-28	1.097966894735158675e-16	1.334603251039072990e-13	1.422366216844592453e-13	1.270689143547010566e-17	1.031210728472709316e-06	4.518833100098015464e-12	5.098237787914457197e-02	1.901762212085594816e-02	2.491501942478380184e-16	1.901754788136962929e-02
8.589999999999999858e+00	1.015485464432305113e-03	1.369424849843431413e-16	1.805472973159694600e-22	9.823778744985872495e-04	7.423934394768316657e-08	8.133821949193219325e-28	1.070181587843514636e-16	1.300829591118352487e-13	1.386371651847911110e-13	1.270688312115928250e-17	1.031210728473294404e-06	4.404478864821415321e-12	5.098237787903352886e-02	1.901762212096699128e-02	2.494376632087303307e-16	1.901754788148427022e-02
8.599999999999999645e+00	1.015485464432586138e-03	1.334769989475453395e-16	1.759783417074548035e-22	9.823778745051247718e-04	7.423934394759703391e-08	8.133821949186288615e-28	1.043099420128390327e-16	1.267910612541139964e-13	1.351287970754512352e-13	1.270687501725166966e-17	1.031210728473864457e-06	4.293018495109783909e-12	5.098237787892528211e-02	1.901762212107523803e-02	2.497251321696221006e-16	1.901754788159601417e-02
8.609999999999999432e+00	1.015485464432859574e-03	1.300992110242741108e-16	1.715250087802606791e-22	9.823778745114482725e-04	7.423934394750947188e-08	8.133821949179203650e-28	1.016702597843488339e-16	1.235824686612154352e-13	1.317092122598630422e-13	1.270686711842276110e-17	1.031210728474420534e-06	4.184378758363657579e-12	5.098237787881979011e-02	1.901762212118072656e-02	2.500126011305136732e-16	1.901754788170492011e-02
8.620000000000000995e+00	1.015485464433126071e-03	1.268069019128102751e-16	1.671843725693336481e-22	9.823778745176997822e-04	7.423934394743079046e-08	8.133821949173090850e-28	9.909737775337407576e-17	1.204550731975139796e-13	1.283761639745717321e-13	1.270685941948281042e-17	1.031210728474961788e-06	4.078488275218782947e-12	5.098237787871696264e-02	1.901762212128355056e-02	2.503000700914050487e-16	1.901754788181107825e-02
8.630000000000000782e+00	1.015485464433385845e-03	1.235979084734213322e-16	1.629535811545367101e-22	9.823778745236819761e-04	7.423934394734569012e-08	8.133821949166276728e-28	9.658960546401900859e-17	1.174068200761845951e-13	1.251274623130602282e-13	1.270685191537339958e-17	1.031210728475489278e-06	3.975277472647950457e-12	5.098237787861675113e-02	1.901762212138377595e-02	2.505875390522959311e-16	1.901754788191454756e-02
8.640000000000000568e+00	1.015485464433639115e-03	1.204701227036119671e-16	1.588298553096021352e-22	9.823778745296305598e-04	7.423934394727162767e-08	8.133821949160669740e-28	9.414529554917505505e-17	1.144357068857836308e-13	1.219609731883190842e-13	1.270684460116504618e-17	1.031210728476003639e-06	3.874678551001986914e-12	5.098237787851906538e-02	1.901762212148146516e-02	2.508750080131865177e-16	1.901754788201540092e-02
8.650000000000000355e+00	1.015485464433886096e-03	1.174222603213887173e-16	1.548115018153525281e-22	9.823778745353139476e-04	7.423934394719092131e-08	8.133821949154334526e-28	9.176344436490971192e-17	1.115405136747379123e-13	1.188753964265936019e-13	1.270683747385450438e-17	1.031210728476505506e-06	3.776650203940517774e-12	5.098237787842389152e-02	1.901762212157666332e-02	2.511624769740768578e-16	1.901754788211367300e-02
8.660000000000000142e+00	1.015485464434126789e-03	1.144507560408667893e-16	1.508938201383658333e-22	9.823778745409533168e-04	7.423934394711967790e-08	8.133821949149037842e-28	8.944126570261450717e-17	1.087178537443734206e-13	1.158671226249977998e-13	1.270683052510448045e-17	1.031210728476994244e-06	3.681077761232973592e-12	5.098237787833108381e-02	1.901762212166946409e-02	2.514499459349668527e-16	1.901754788220948872e-02
8.669999999999999929e+00	1.015485464434361411e-03	1.115544490967945159e-16	1.470752799060333726e-22	9.823778745463543783e-04	7.423934394704296848e-08	8.133821949143145662e-28	8.717785244453192162e-17	1.059666244728344961e-13	1.129349766549203810e-13	1.270682375220057489e-17	1.031210728477470276e-06	3.587923889205888101e-12	5.098237787824062839e-02	1.901762212175992645e-02	2.517374148958566505e-16	1.901754788230287582e-02
8.679999999999999716e+00	1.015485464434589960e-03	1.087314365340838560e-16	1.433533722300692292e-22	9.823778745517348400e-04	7.423934394697703226e-08	8.133821949138428331e-28	8.497171746451853001e-17	1.032850182251427027e-13	1.100770320140248874e-13	1.270681715069280176e-17	1.031210728477935298e-06	3.497127383146437536e-12	5.098237787815246974e-02	1.901762212184809203e-02	2.520248838567460045e-16	1.901754788239389676e-02
8.689999999999999503e+00	1.015485464434812872e-03	1.059798635540398744e-16	1.397256517123937272e-22	9.823778745568550932e-04	7.423934394690338010e-08	8.133821949132867979e-28	8.282141126981066401e-17	1.006712731105315610e-13	1.072914109522572241e-13	1.270681071624378503e-17	1.031210728478387613e-06	3.408628587195073054e-12	5.098237787806653154e-02	1.901762212193402329e-02	2.523123528176352598e-16	1.901754788248261399e-02
8.700000000000001066e+00	1.015485464435030146e-03	1.032979222957836347e-16	1.361897348385403282e-22	9.823778745619703590e-04	7.423934394684097759e-08	8.133821949128538079e-28	8.072552104872725538e-17	9.812367182490831867e-14	1.045762832381897358e-13	1.270680444462590199e-17	1.031210728478829129e-06	3.322369355152435473e-12	5.098237787798277215e-02	1.901762212201778962e-02	2.525998217785241208e-16	1.901754788256909343e-02
8.710000000000000853e+00	1.015485464435242216e-03	1.006838506484380564e-16	1.327432984116214554e-22	9.823778745668158754e-04	7.423934394676960183e-08	8.133821949123225252e-28	7.868266974241434913e-17	9.564054052253847289e-14	1.019298649565093851e-13	1.270679833171853927e-17	1.031210728479259422e-06	3.238293012275717378e-12	5.098237787790112913e-02	1.901762212209942571e-02	2.528872907394128339e-16	1.901754788265338017e-02
8.720000000000000639e+00	1.015485464435448648e-03	9.813593109336891475e-17	1.293840780259192919e-22	9.823778745716470803e-04	7.423934394670817871e-08	8.133821949119006559e-28	7.669151514007631087e-17	9.322024771627932070e-14	9.935041733593227165e-14	1.270679237350533019e-17	1.031210728479678703e-06	3.156344318041677050e-12	5.098237787782156083e-02	1.901762212217900094e-02	2.531747597003012018e-16	1.901754788273553667e-02
8.730000000000000426e+00	1.015485464435649876e-03	9.565248957572880704e-17	1.261098665791103299e-22	9.823778745762933202e-04	7.423934394664359245e-08	8.133821949114438102e-28	7.475074899710737036e-17	9.086120320564901557e-14	9.683624560678405360e-14	1.270678656607156637e-17	1.031210728480087397e-06	3.076469429852122109e-12	5.098237787774399787e-02	1.901762212225656390e-02	2.534622286611894218e-16	1.901754788281561498e-02
8.740000000000000213e+00	1.015485464435845900e-03	9.323189440455527033e-17	1.229185128221360189e-22	9.823778745808404642e-04	7.423934394658201050e-08	8.133821949110201472e-28	7.285909617553738996e-17	8.856185703201945108e-14	9.438569788748795659e-14	1.270678090560159850e-17	1.031210728480485502e-06	2.998615867657787405e-12	5.098237787766839862e-02	1.901762212233215968e-02	2.537496976220772967e-16	1.901754788289366366e-02
8.750000000000000000e+00	1.015485464436036937e-03	9.087255547978870946e-17	1.198079203400898827e-22	9.823778745853433726e-04	7.423934394652737688e-08	8.133821949106721767e-28	7.101531403995995023e-17	8.632069874435317633e-14	9.199716440201770916e-14	1.270677538837703055e-17	1.031210728480874078e-06	2.922732489096924911e-12	5.098237787759472145e-02	1.901762212240585073e-02	2.540371665829651223e-16	1.901754788296973475e-02
8.759999999999999787e+00	1.015485464436223203e-03	8.857350404694268944e-17	1.167768119106149576e-22	9.823778745896064556e-04	7.423934394646466997e-08	8.133821949102363169e-28	6.921864552567478567e-17	8.413680811363051825e-14	8.966966440847685487e-14	1.270677001213247741e-17	1.031210728481252067e-06	2.848788136135110950e-12	5.098237787752291778e-02	1.901762212247765094e-02	2.543246355438525041e-16	1.901754788304385949e-02
8.769999999999999574e+00	1.015485464436405132e-03	8.633205075374546738e-17	1.138216418460313869e-22	9.823778745938695385e-04	7.423934394641162453e-08	8.133821949099055656e-28	6.746698895088336998e-17	8.200763049877439065e-14	8.740047527643313847e-14	1.270676477057899357e-17	1.031210728481621161e-06	2.776696311179997421e-12	5.098237787745291127e-02	1.901762212254765397e-02	2.546121045047398860e-16	1.901754788311613154e-02
8.779999999999999361e+00	1.015485464436582290e-03	8.414787317686641878e-17	1.109419850579478889e-22	9.823778745979747616e-04	7.423934394635623652e-08	8.133821949095497030e-28	6.576009234738778600e-17	7.993285962682346325e-14	8.518927059287547512e-14	1.270675966296260056e-17	1.031210728481980727e-06	2.706446644135369963e-12	5.098237787738469501e-02	1.901762212261587023e-02	2.548995734656268241e-16	1.901754788318655784e-02
8.790000000000000924e+00	1.015485464436754678e-03	8.201841560625671555e-17	1.081344720548594677e-22	9.823778746019537836e-04	7.423934394630046469e-08	8.133821949091897151e-28	6.409595847245093523e-17	7.791006780470806061e-14	8.303346302328910697e-14	1.270675468330686352e-17	1.031210728482331399e-06	2.637956935741469401e-12	5.098237787731818571e-02	1.901762212268237606e-02	2.551870424265137622e-16	1.901754788325521472e-02
8.800000000000000711e+00	1.015485464436922730e-03	7.994284637201223233e-17	1.053980063490491481e-22	9.823778746059328056e-04	7.423934394625373230e-08	8.133821949089281991e-28	6.247393739057790602e-17	7.593846502134564964e-14	8.093221060665056602e-14	1.270674982966695221e-17	1.031210728482672329e-06	2.571200437013013610e-12	5.098237787725336256e-02	1.901762212274719921e-02	2.554745113874003552e-16	1.901754788332214036e-02
8.810000000000000497e+00	1.015485464437086878e-03	7.791980180657144723e-17	1.027307900580590769e-22	9.823778746096982397e-04	7.423934394619964130e-08	8.133821949085868653e-28	6.089296341940212402e-17	7.401675591606335697e-14	7.888413280131726012e-14	1.270674509885399654e-17	1.031210728483005637e-06	2.506133288332919001e-12	5.098237787719018393e-02	1.901762212281038131e-02	2.557619803482867509e-16	1.901754788338737637e-02
8.820000000000000284e+00	1.015485464437246473e-03	7.594795271272606127e-17	1.001310707457301551e-22	9.823778746133932007e-04	7.423934394614879286e-08	8.133821949082805078e-28	5.935199781453565877e-17	7.214367787190199222e-14	7.688788396253732713e-14	1.270674048775970430e-17	1.031210728483330050e-06	2.442712738753502719e-12	5.098237787712860819e-02	1.901762212287196399e-02	2.560494493091730974e-16	1.901754788345095398e-02
8.830000000000000071e+00	1.015485464437402164e-03	7.402600353013258012e-17	9.759714032331678202e-23	9.823778746170881617e-04	7.423934394610630886e-08	8.133821949080658064e-28	5.785002811821259212e-17	7.031800022387717632e-14	7.494215249864797554e-14	1.270673599335446135e-17	1.031210728483646417e-06	2.380897119189003730e-12	5.098237787706857288e-02	1.901762212293198889e-02	2.563369182700590001e-16	1.901754788351292524e-02
8.839999999999999858e+00	1.015485464437553952e-03	7.215269148409349501e-17	9.512733392722545975e-23	9.823778746205695349e-04	7.423934394605579129e-08	8.133821949077635744e-28	5.638606749407629136e-17	6.853852345039881953e-14	7.304566000932317528e-14	1.270673161268531632e-17	1.031210728483954737e-06	2.320645815037844058e-12	5.098237787701007107e-02	1.901762212299049418e-02	2.566243872309448536e-16	1.901754788357332832e-02
8.849999999999999645e+00	1.015485464437702054e-03	7.032678575587861890e-17	9.272002882515238865e-23	9.823778746239804349e-04	7.423934394600792069e-08	8.133821949074895028e-28	5.495915407880016054e-17	6.680407838515142988e-14	7.119716044562892226e-14	1.270672734287404704e-17	1.031210728484255434e-06	2.261919239497694981e-12	5.098237787695304724e-02	1.901762212304752148e-02	2.569118561918306084e-16	1.901754788363220136e-02
8.859999999999999432e+00	1.015485464437846470e-03	6.854708667404262120e-17	9.037364334990268569e-23	9.823778746273913350e-04	7.423934394596776603e-08	8.133821949073002715e-28	5.356835035011625489e-17	6.511352544891904682e-14	6.939543929133379846e-14	1.270672318111526846e-17	1.031210728484548296e-06	2.204678807555829169e-12	5.098237787689745976e-02	1.901762212310310549e-02	2.571993251527159688e-16	1.901754788368958601e-02
8.870000000000000995e+00	1.015485464437986983e-03	6.681352253775090341e-17	8.808808296987916271e-23	9.823778746306413394e-04	7.423934394592311152e-08	8.133821949070620732e-28	5.221360027507550262e-17	6.346679653240304782e-14	6.764042395837379363e-14	1.270671912724131066e-17	1.031210728484834169e-06	2.148922213099496080e-12	5.098237787684330169e-02	1.901762212315725661e-02	2.574867941136014278e-16	1.901754788374548574e-02
8.880000000000000782e+00	1.015485464438124459e-03	6.512486992049250591e-17	8.586173469880520925e-23	9.823778746337681785e-04	7.423934394587672323e-08	8.133821949068046827e-28	5.089394776724139577e-17	6.186272949122659688e-14	6.593087588150559125e-14	1.270671517839123705e-17	1.031210728485113478e-06	2.094610107082189699e-12	5.098237787679057303e-02	1.901762212320999568e-02	2.577742630744866403e-16	1.901754788379992483e-02
8.890000000000000568e+00	1.015485464438258033e-03	6.347889653282683636e-17	8.369165544839508794e-23	9.823778746368950175e-04	7.423934394583752148e-08	8.133821949066260339e-28	4.960764833142975491e-17	6.029920385260487140e-14	6.426453514884349331e-14	1.270671132934492085e-17	1.031210728485384741e-06	2.041670692415791922e-12	5.098237787673916971e-02	1.901762212326139553e-02	2.580617320353715076e-16	1.901754788385299696e-02
8.900000000000000355e+00	1.015485464438388571e-03	6.187452369426025357e-17	8.157642306797815754e-23	9.823778746400218566e-04	7.423934394580532100e-08	8.133821949065243333e-28	4.835385899768691158e-17	5.877519496776761391e-14	6.264030973225509900e-14	1.270670757757991458e-17	1.031210728485649862e-06	1.990069275517542642e-12	5.098237787668907089e-02	1.901762212331149088e-02	2.583492009962564243e-16	1.901754788390472642e-02
8.910000000000000142e+00	1.015485464438515640e-03	6.031069998701259838e-17	7.951465135050804003e-23	9.823778746428646347e-04	7.423934394575844302e-08	8.133821949062613824e-28	4.713175810139331167e-17	5.728970408505309359e-14	6.105713520367149006e-14	1.270670392063750213e-17	1.031210728485907783e-06	1.939772039654881719e-12	5.098237787664024190e-02	1.901762212336031987e-02	2.586366699571412423e-16	1.901754788395513748e-02
8.919999999999999929e+00	1.015485464438639889e-03	5.878640056697583850e-17	7.750498912411860450e-23	9.823778746457074128e-04	7.423934394571818248e-08	8.133821949060708955e-28	4.594054474478968078e-17	5.584175769538120762e-14	5.951397403751958254e-14	1.270670035612114410e-17	1.031210728486160199e-06	1.890746022783820695e-12	5.098237787659265496e-02	1.901762212340791722e-02	2.589241389180256659e-16	1.901754788400427179e-02
8.929999999999999716e+00	1.015485464438760452e-03	5.730062649208736012e-17	7.554611936664005948e-23	9.823778746485501909e-04	7.423934394568426146e-08	8.133821949059501821e-28	4.477943827211257481e-17	5.443040689426905238e-14	5.800981493078485086e-14	1.270669688169483230e-17	1.031210728486405203e-06	1.842959095947429669e-12	5.098237787654627540e-02	1.901762212345433495e-02	2.592116078789100403e-16	1.901754788405217098e-02
8.939999999999999503e+00	1.015485464438878630e-03	5.585240406767838758e-17	7.363675834249517625e-23	9.823778746513645629e-04	7.423934394565450943e-08	8.133821949058753864e-28	4.364767775799562499e-17	5.305472675997114620e-14	5.654367214025886908e-14	1.270669349508166300e-17	1.031210728486644490e-06	1.796379942220286001e-12	5.098237787650106850e-02	1.901762212349957654e-02	2.594990768397944146e-16	1.901754788409888708e-02
8.950000000000001066e+00	1.015485464438993122e-03	5.444078420836781141e-17	7.177565476140923150e-23	9.823778746539232800e-04	7.423934394561158868e-08	8.133821949056556628e-28	4.254452150880063230e-17	5.171381574733634866e-14	5.511458483653731658e-14	1.270669019406218993e-17	1.031210728486877424e-06	1.750978036185075202e-12	5.098237787645700653e-02	1.901762212354367321e-02	2.597865458006785917e-16	1.901754788414441663e-02
8.960000000000000853e+00	1.015485464439105012e-03	5.306484181608470285e-17	6.996158895838437236e-23	9.823778746564819971e-04	7.423934394557459716e-08	8.133821949055015872e-28	4.146924657655307527e-17	5.040679509698558209e-14	5.372161647434599063e-14	1.270668697647312382e-17	1.031210728487104853e-06	1.706723623927940700e-12	5.098237787641406171e-02	1.901762212358665272e-02	2.600740147615624729e-16	1.901754788418879433e-02
8.970000000000000639e+00	1.015485464439214299e-03	5.172367517380828411e-17	6.819337209439614830e-23	9.823778746590407143e-04	7.423934394554346870e-08	8.133821949054113660e-28	4.042114828516053947e-17	4.913280825941981850e-14	5.236385417877907122e-14	1.270668384020582407e-17	1.031210728487326352e-06	1.663587703539355862e-12	5.098237787637220630e-02	1.901762212362854629e-02	2.603614837224464035e-16	1.901754788423204445e-02
8.980000000000000426e+00	1.015485464439320334e-03	5.041640535463341982e-17	6.646984537729529814e-23	9.823778746615994314e-04	7.423934394551805771e-08	8.133821949053837436e-28	3.939953976860764566e-17	4.789102033368562370e-14	5.104040814705216579e-14	1.270668078320495828e-17	1.031210728487542133e-06	1.621542006107900955e-12	5.098237787633137785e-02	1.901762212366936433e-02	2.606489526833302848e-16	1.901754788427419823e-02
8.990000000000000213e+00	1.015485464439423767e-03	4.914217564576975093e-17	6.478987930239856187e-23	9.823778746639291650e-04	7.423934394548080150e-08	8.133821949052262601e-28	3.840375152082147239e-17	4.668061752022669859e-14	4.975041106537405611e-14	1.270667780346713559e-17	1.031210728487752409e-06	1.580558977194360820e-12	5.098237787629154860e-02	1.901762212370916236e-02	2.609364216442138210e-16	1.901754788431529383e-02
9.000000000000000000e+00	1.015485464439524815e-03	4.790015098709931809e-17	6.315237291227346975e-23	9.823778746662016528e-04	7.423934394544459084e-08	8.133821949050800766e-28	3.743313095691418330e-17	4.550080658756434789e-14	4.849301754055710590e-14	1.270667489903960325e-17	1.031210728487957391e-06	1.540611758774062516e-12	5.098237787625273243e-02	1.901762212374794384e-02	2.612238906050972585e-16	1.901754788435534513e-02
9.009999999999999787e+00	1.015485464439623261e-03	4.668951742392398091e-17	6.155625307523117103e-23	9.823778746684741405e-04	7.423934394541366090e-08	8.133821949049921872e-28	3.648704198551464753e-17	4.435081435245713305e-14	4.726740354599286963e-14	1.270667206801895084e-17	1.031210728488157503e-06	1.501674171635599963e-12	5.098237787621489464e-02	1.901762212378574693e-02	2.615113595659806467e-16	1.901754788439437641e-02
9.019999999999999574e+00	1.015485464439719321e-03	4.550948157354437917e-17	6.000047378205528249e-23	9.823778746707466283e-04	7.423934394538785287e-08	8.133821949049604394e-28	3.556486459190925401e-17	4.322988717319921808e-14	4.607276588163043051e-14	1.270666930854988688e-17	1.031210728488352744e-06	1.463720698224419805e-12	5.098237787617801442e-02	1.901762212382259246e-02	2.617988285268640350e-16	1.901754788443241889e-02
9.029999999999999361e+00	1.015485464439813213e-03	4.435927010532039129e-17	5.848401546050454070e-23	9.823778746730191160e-04	7.423934394536708733e-08	8.133821949049833982e-28	3.466599443171823448e-17	4.213729045572487515e-14	4.490832164760315550e-14	1.270666661882400939e-17	1.031210728488542691e-06	1.426726465920017923e-12	5.098237787614207095e-02	1.901762212385850470e-02	2.620862974877471274e-16	1.901754788446950034e-02
9.040000000000000924e+00	1.015485464439904286e-03	4.323812923387255488e-17	5.700588430714118315e-23	9.823778746750359489e-04	7.423934394533184281e-08	8.133821949048481561e-28	3.378984243484144540e-17	4.107230817219574833e-14	4.377330773115905927e-14	1.270666399707862101e-17	1.031210728488728191e-06	1.390667230735782837e-12	5.098237787610703647e-02	1.901762212389350448e-02	2.623737664486300719e-16	1.901754788450563810e-02
9.050000000000000711e+00	1.015485464439993190e-03	4.214532422509340513e-17	5.556511163604766833e-23	9.823778746770243757e-04	7.423934394529916587e-08	8.133821949047414332e-28	3.293583441941481956e-17	4.003424239175634108e-14	4.266698030655931581e-14	1.270666144159556572e-17	1.031210728488908609e-06	1.355519361430846944e-12	5.098237787607289712e-02	1.901762212392762996e-02	2.626612354095129671e-16	1.901754788454086340e-02
9.060000000000000497e+00	1.015485464440079926e-03	4.108013891464191448e-17	5.416075324400182150e-23	9.823778746790128025e-04	7.423934394527106820e-08	8.133821949046840360e-28	3.210341071552225356e-17	3.902241282314737679e-14	4.158861434761463722e-14	1.270665895070012573e-17	1.031210728489085004e-06	1.321259824023431161e-12	5.098237787603960430e-02	1.901762212396091237e-02	2.629487043703959116e-16	1.901754788457519357e-02
9.070000000000000284e+00	1.015485464440164494e-03	4.004187523860948915e-17	5.279188879169867137e-23	9.823778746810012293e-04	7.423934394524741745e-08	8.133821949046761439e-28	3.129202579841922283e-17	3.803615636888100143e-14	4.053750315254372926e-14	1.270665652275992596e-17	1.031210728489256740e-06	1.287866166695664893e-12	5.098237787600716497e-02	1.901762212399335170e-02	2.632361733312786589e-16	1.901754788460869108e-02
9.080000000000000071e+00	1.015485464440246894e-03	3.902985277604711183e-17	5.145762120061070516e-23	9.823778746829896560e-04	7.423934394522821363e-08	8.133821949047166807e-28	3.050114793102579563e-17	3.707482669068297723e-14	3.951295788083962984e-14	1.270665415618381084e-17	1.031210728489424241e-06	1.255316505079891378e-12	5.098237787597554443e-02	1.901762212402497570e-02	2.635236422921610611e-16	1.901754788464133858e-02
9.089999999999999858e+00	1.015485464440327341e-03	3.804340830305480622e-17	5.015707606509170515e-23	9.823778746848928645e-04	7.423934394520685251e-08	8.133821949047333617e-28	2.973025881545527846e-17	3.613779378591810468e-14	3.851430710184141177e-14	1.270665184942084749e-17	1.031210728489587083e-06	1.223589507916856335e-12	5.098237787594472881e-02	1.901762212405579480e-02	2.638111112530435125e-16	1.901754788467316035e-02
9.099999999999999645e+00	1.015485464440405621e-03	3.708189535814121856e-17	4.888940107933941570e-23	9.823778746865972303e-04	7.423934394517465203e-08	8.133821949046314817e-28	2.897885325335037626e-17	3.522444357472108034e-14	3.754089635471553415e-14	1.270664960095931802e-17	1.031210728489745901e-06	1.192664383076374800e-12	5.098237787591469033e-02	1.901762212408583327e-02	2.640985802139259147e-16	1.901754788470417026e-02
9.109999999999999432e+00	1.015485464440481732e-03	3.614468381856817334e-17	4.765376547884117052e-23	9.823778746883015962e-04	7.423934394514652789e-08	8.133821949045744433e-28	2.824643881480385421e-17	3.433417749756238132e-14	3.659208771955806255e-14	1.270664740932570268e-17	1.031210728489901120e-06	1.162520863931307885e-12	5.098237787588541514e-02	1.901762212411510847e-02	2.643860491748083168e-16	1.901754788473439955e-02
9.120000000000000995e+00	1.015485464440556108e-03	3.523115948740280183e-17	4.644935949593629027e-23	9.823778746900059620e-04	7.423934394512234774e-08	8.133821949045600940e-28	2.753253551564697985e-17	3.346641212298504713e-14	3.566725939933698665e-14	1.270664527308372149e-17	1.031210728490051892e-06	1.133139196075928985e-12	5.098237787585686159e-02	1.901762212414364467e-02	2.646735181356907190e-16	1.901754788476385863e-02
9.130000000000000782e+00	1.015485464440628533e-03	3.434072369100720015e-17	4.527539382913961041e-23	9.823778746917103278e-04	7.423934394510212483e-08	8.133821949045891513e-28	2.683667550289475619e-17	3.262057876525634495e-14	3.476580531240119719e-14	1.270664319083340057e-17	1.031210728490198852e-06	1.104500124379988206e-12	5.098237787582907132e-02	1.901762212417145576e-02	2.649609870965726281e-16	1.901754788479257177e-02
9.140000000000000568e+00	1.015485464440699223e-03	3.347279288669971527e-17	4.413109912587553650e-23	9.823778746934146936e-04	7.423934394508568710e-08	8.133821949046600010e-28	2.615840274814001929e-17	3.179612311168154841e-14	3.388713469528689966e-14	1.270664116121015538e-17	1.031210728490342636e-06	1.076584880369929137e-12	5.098237787580197494e-02	1.901762212419855214e-02	2.652484560574545373e-16	1.901754788482056327e-02
9.150000000000000355e+00	1.015485464440768395e-03	3.262679828033374721e-17	4.301572547828738758e-23	9.823778746951190594e-04	7.423934394507290219e-08	8.133821949047708493e-28	2.549727274869802024e-17	3.099250485933840063e-14	3.303067171556441622e-14	1.270663918288386629e-17	1.031210728490483244e-06	1.049375169929083718e-12	5.098237787577557245e-02	1.901762212422497197e-02	2.655359250183364464e-16	1.901754788484783312e-02
9.160000000000000142e+00	1.015485464440835832e-03	3.180218545354123752e-17	4.192854193178892208e-23	9.823778746965961765e-04	7.423934394504649859e-08	8.133821949047324649e-28	2.485285223630366936e-17	3.020919736099221423e-14	3.219585509446902109e-14	1.270663725455805889e-17	1.031210728490619616e-06	1.022853161308709503e-12	5.098237787574981528e-02	1.901762212425072221e-02	2.658233939792184048e-16	1.901754788487441603e-02
9.169999999999999929e+00	1.015485464440900884e-03	3.099841400039719065e-17	4.086883600603662479e-23	9.823778746980164813e-04	7.423934394501930089e-08	8.133821949046852916e-28	2.422471889317126541e-17	2.944568727996013130e-14	3.138213773906974799e-14	1.270663537496901344e-17	1.031210728490752388e-06	9.970014734420379673e-13	5.098237787572472424e-02	1.901762212427582019e-02	2.661108629401003139e-16	1.901754788490032932e-02
9.179999999999999716e+00	1.015485464440964635e-03	3.021495717326753472e-17	3.983591322800959154e-23	9.823778746994367862e-04	7.423934394499551779e-08	8.133821949046756058e-28	2.361246107523073586e-17	2.870147425369851890e-14	3.058898638373470887e-14	1.270663354288494676e-17	1.031210728490881773e-06	9.718031645536822287e-13	5.098237787570026464e-02	1.901762212430028326e-02	2.663983319009821245e-16	1.901754788492558690e-02
9.189999999999999503e+00	1.015485464441027086e-03	2.945130153760757687e-17	3.882909667688984321e-23	9.823778747008570910e-04	7.423934394497506989e-08	8.133821949047023314e-28	2.301567754235868225e-17	2.797607056589288417e-14	2.981588124065817763e-14	1.270663175710521717e-17	1.031210728491008828e-06	9.472417210569280628e-13	5.098237787567641566e-02	1.901762212432412877e-02	2.666858008618635405e-16	1.901754788495020609e-02
9.200000000000001066e+00	1.015485464441087801e-03	2.870694663548499519e-17	3.784772654044545721e-23	9.823778747022773958e-04	7.423934394495783806e-08	8.133821949047645715e-28	2.243397719542749171e-17	2.726900082683519912e-14	2.906231565922000675e-14	1.270663001645952486e-17	1.031210728491131859e-06	9.233010467316303867e-13	5.098237787565317730e-02	1.901762212434736365e-02	2.669732698227450552e-16	1.901754788497419732e-02
9.210000000000000853e+00	1.015485464441146781e-03	2.798140465760786663e-17	3.689115968262668682e-23	9.823778747036977007e-04	7.423934394494378261e-08	8.133821949048612499e-28	2.186697882000097452e-17	2.657980166188015828e-14	2.832779579395521772e-14	1.270662831980713074e-17	1.031210728491251714e-06	8.999654521756532845e-13	5.098237787563052875e-02	1.901762212437001220e-02	2.672607387836264713e-16	1.901754788499758139e-02
9.220000000000000639e+00	1.015485464441204461e-03	2.727420012364049548e-17	3.595876922208889404e-23	9.823778747051180055e-04	7.423934394493278442e-08	8.133821949049918284e-28	2.131431083650673459e-17	2.590802140777423036e-14	2.761184028091408328e-14	1.270662666603615694e-17	1.031210728491368605e-06	8.772196445228746388e-13	5.098237787560845613e-02	1.901762212439208830e-02	2.675482077445078874e-16	1.901754788502037219e-02
9.230000000000000426e+00	1.015485464441261056e-03	2.658486957060016025e-17	3.504994412136957551e-23	9.823778747065383104e-04	7.423934394492481701e-08	8.133821949051552311e-28	2.077561105672371963e-17	2.525321981666074607e-14	2.691397992220312637e-14	1.270662505406281180e-17	1.031210728491483378e-06	8.550487174210973331e-13	5.098237787558694556e-02	1.901762212441360234e-02	2.678356767053893035e-16	1.901754788504258706e-02
9.240000000000000213e+00	1.015485464441315483e-03	2.591296124912886180e-17	3.416408878644787772e-23	9.823778747077029604e-04	7.423934394490041188e-08	8.133821949051387294e-28	2.025052644642385410e-17	2.461496776756562150e-14	2.623375737849847999e-14	1.270662348283068269e-17	1.031210728491594339e-06	8.334381412632397853e-13	5.098237787556597622e-02	1.901762212443457514e-02	2.681231456662707689e-16	1.901754788506423641e-02
9.250000000000000000e+00	1.015485464441369043e-03	2.525803482744163414e-17	3.330062267642504202e-23	9.823778747088392042e-04	7.423934394487674789e-08	8.133821949051302992e-28	1.973871289401287290e-17	2.399284698517502448e-14	2.557072686933083952e-14	1.270662195131009351e-17	1.031210728491702971e-06	8.123737536654326235e-13	5.098237787554554812e-02	1.901762212445502059e-02	2.684106146271521850e-16	1.901754788508533758e-02
9.259999999999999787e+00	1.015485464441421085e-03	2.461966110275729020e-17	3.245897992306971001e-23	9.823778747099754481e-04	7.423934394485573089e-08	8.133821949051507469e-28	1.923983498501843877e-17	2.338644976572072191e-14	2.492445388094544254e-14	1.270662045849735433e-17	1.031210728491808850e-06	7.918417501857697880e-13	5.098237787552562655e-02	1.901762212447497338e-02	2.686980835880332066e-16	1.901754788510590793e-02
9.269999999999999574e+00	1.015485464441471825e-03	2.399742172002249796e-17	3.163860895997911945e-23	9.823778747111116920e-04	7.423934394483740057e-08	8.133821949052009694e-28	1.875356578227796445e-17	2.279537870979346230e-14	2.429451488154564784e-14	1.270661900341417904e-17	1.031210728491911553e-06	7.718286752776349093e-13	5.098237787550621153e-02	1.901762212449442310e-02	2.689855525489141297e-16	1.901754788512599256e-02
9.279999999999999361e+00	1.015485464441521915e-03	2.339090889774486458e-17	3.083897216111264597e-23	9.823778747122479359e-04	7.423934394482170399e-08	8.133821949052795318e-28	1.827958661168193555e-17	2.221924646190917488e-14	2.368049704373344069e-14	1.270661758510697807e-17	1.031210728492013197e-06	7.523214134716764809e-13	5.098237787548728916e-02	1.901762212451337669e-02	2.692730215097951020e-16	1.901754788514556371e-02
9.290000000000000924e+00	1.015485464441569620e-03	2.279972516075527303e-17	3.005954548846123388e-23	9.823778747133841797e-04	7.423934394480860145e-08	8.133821949053867928e-28	1.781758685333234433e-17	2.165767545665748408e-14	2.308199797396497222e-14	1.270661620264624681e-17	1.031210728492110182e-06	7.333071807806479270e-13	5.098237787546885252e-02	1.901762212453185150e-02	2.695604904706760744e-16	1.901754788516464567e-02
9.300000000000000711e+00	1.015485464441617108e-03	2.222348307972493572e-17	2.929981814862220188e-23	9.823778747145204236e-04	7.423934394479801353e-08	8.133821949055218556e-28	1.736726373797985098e-17	2.111029767126640842e-14	2.249862544884437414e-14	1.270661485512602163e-17	1.031210728492206956e-06	7.147735163214958729e-13	5.098237787545088773e-02	1.901762212454985793e-02	2.698479594315569974e-16	1.901754788518323497e-02
9.310000000000000497e+00	1.015485464441662645e-03	2.166180501726479911e-17	2.855929225805240601e-23	9.823778747156566675e-04	7.423934394478987408e-08	8.133821949056836439e-28	1.692832214860486962e-17	2.057675438441985801e-14	2.192999715808142234e-14	1.270661354166319279e-17	1.031210728492299494e-06	6.967082741491638402e-13	5.098237787543336702e-02	1.901762212456740986e-02	2.701354283924379205e-16	1.901754788520135936e-02
9.320000000000000284e+00	1.015485464441707531e-03	2.111432288044329933e-17	2.783748251678345161e-23	9.823778747167929114e-04	7.423934394478409043e-08	8.133821949058709022e-28	1.650047442701453384e-17	2.005669594117188150e-14	2.137574045394684588e-14	1.270661226139700056e-17	1.031210728492390338e-06	6.790996152968210241e-13	5.098237787541629734e-02	1.901762212458451423e-02	2.704228973533188435e-16	1.901754788521902231e-02
9.330000000000000071e+00	1.015485464441750899e-03	2.058067787955824094e-17	2.713391589038245723e-23	9.823778747179007492e-04	7.423934394477847884e-08	8.133821949060603129e-28	1.608344018532713328e-17	1.954978152380182446e-14	2.083549210705937749e-14	1.270661101348842358e-17	1.031210728492478430e-06	6.619360000172490360e-13	5.098237787539966481e-02	1.901762212460119186e-02	2.707103663141998159e-16	1.901754788523623771e-02
9.339999999999999858e+00	1.015485464441793616e-03	2.006052029300589260e-17	2.644813129995143386e-23	9.823778747187529321e-04	7.423934394475586041e-08	8.133821949060633621e-28	1.567694612222144870e-17	1.905567892846124145e-14	2.030889806834517362e-14	1.270660979711965344e-17	1.031210728492565462e-06	6.452061802203284120e-13	5.098237787538344862e-02	1.901762212461744275e-02	2.709978352750807389e-16	1.901754788525302289e-02
9.349999999999999645e+00	1.015485464441834816e-03	1.955350923809250720e-17	2.577967931996136920e-23	9.823778747196051150e-04	7.423934394473539927e-08	8.133821949060899083e-28	1.528072584382990793e-17	1.857406434746562847e-14	1.979561323701352332e-14	1.270660861149354621e-17	1.031210728492648895e-06	6.288991921016554386e-13	5.098237787536764182e-02	1.901762212463328078e-02	2.712853042359614155e-16	1.901754788526937787e-02
9.359999999999999432e+00	1.015485464441875582e-03	1.905931244763869723e-17	2.512812188372356046e-23	9.823778747204572979e-04	7.423934394471709542e-08	8.133821949061404896e-28	1.489451968915883572e-17	1.810462215708876320e-14	1.929530123439672174e-14	1.270660745583311702e-17	1.031210728492731693e-06	6.130043489574703063e-13	5.098237787535223747e-02	1.901762212464872329e-02	2.715727731968418455e-16	1.901754788528531651e-02
9.370000000000000995e+00	1.015485464441914613e-03	1.857760605222956130e-17	2.449303199630459178e-23	9.823778747213094808e-04	7.423934394470090915e-08	8.133821949062134917e-28	1.451807455992076573e-17	1.764704471072012236e-14	1.880763418350591946e-14	1.270660632938098854e-17	1.031210728492811102e-06	5.975112341811738224e-13	5.098237787533722865e-02	1.901762212466377375e-02	2.718602421577223741e-16	1.901754788530085963e-02
9.380000000000000782e+00	1.015485464441953645e-03	1.810807436796896129e-17	2.387399345469785570e-23	9.823778747221616637e-04	7.423934394468673458e-08	8.133821949063094526e-28	1.415114375466806589e-17	1.720103213725059471e-14	1.833229249415892033e-14	1.270660523139897647e-17	1.031210728492890299e-06	5.824096944368686514e-13	5.098237787532258758e-02	1.901762212467843563e-02	2.721477111186028041e-16	1.901754788531600029e-02
9.390000000000000568e+00	1.015485464441990508e-03	1.765040968959695048e-17	2.327060057506616097e-23	9.823778747230138466e-04	7.423934394467453201e-08	8.133821949064265787e-28	1.379348680711783567e-17	1.676629214455281856e-14	1.786896465353779732e-14	1.270660416116749175e-17	1.031210728492965262e-06	5.676898330054029534e-13	5.098237787530832815e-02	1.901762212469273322e-02	2.724351800794832341e-16	1.901754788533076279e-02
9.400000000000000355e+00	1.015485464442027370e-03	1.720431208883719232e-17	2.268245792687947588e-23	9.823778747238660295e-04	7.423934394466428821e-08	8.133821949065655875e-28	1.344486932856396564e-17	1.634253982792947829e-14	1.741734702204087571e-14	1.270660311798518466e-17	1.031210728493040224e-06	5.533420032986167369e-13	5.098237787529442261e-02	1.901762212470666305e-02	2.727226490403636641e-16	1.901754788534514365e-02
9.410000000000000142e+00	1.015485464442062715e-03	1.676948921784022963e-17	2.210918007377124172e-23	9.823778747247182124e-04	7.423934394465592376e-08	8.133821949067246853e-28	1.310506285427146706e-17	1.592949748340222166e-14	1.697714363429394241e-14	1.270660210116840706e-17	1.031210728493111799e-06	5.393568025374955842e-13	5.098237787528085707e-02	1.901762212472024594e-02	2.730101180012440941e-16	1.901754788535917409e-02
9.419999999999999929e+00	1.015485464442097410e-03	1.634565611759482714e-17	2.155039132094459967e-23	9.823778747255703953e-04	7.423934394464934602e-08	8.133821949069033341e-28	1.277384469375328365e-17	1.552689442571977971e-14	1.654806600519076219e-14	1.270660111005077951e-17	1.031210728493182314e-06	5.257250655901044301e-13	5.098237787526758297e-02	1.901762212473348188e-02	2.732975869621245734e-16	1.901754788537282637e-02
9.429999999999999716e+00	1.015485464442131454e-03	1.593253503118150262e-17	2.100572546896271276e-23	9.823778747264225782e-04	7.423934394464454175e-08	8.133821949071017131e-28	1.245099778483118740e-17	1.513446681096574537e-14	1.612983294083586272e-14	1.270660014398279213e-17	1.031210728493251347e-06	5.124378589652660616e-13	5.098237787525464193e-02	1.901762212474637781e-02	2.735850559230050035e-16	1.901754788538613863e-02
9.439999999999999503e+00	1.015485464442163980e-03	1.552985522174586813e-17	2.047482557376169354e-23	9.823778747272747611e-04	7.423934394464149773e-08	8.133821949073192843e-28	1.213631055138513997e-17	1.475195746364971040e-14	1.572217035426548173e-14	1.270659920233133937e-17	1.031210728493317628e-06	4.994864749580399810e-13	5.098237787524204090e-02	1.901762212475895455e-02	2.738725248838854335e-16	1.901754788539912824e-02
9.450000000000001066e+00	1.015485464442196506e-03	1.513735279507255583e-17	1.995734371272908261e-23	9.823778747281269440e-04	7.423934394464016100e-08	8.133821949075551509e-28	1.182957676469790771e-17	1.437911570816858764e-14	1.532481108582594253e-14	1.270659828447931167e-17	1.031210728493383484e-06	4.868624259431698671e-13	5.098237787522974518e-02	1.901762212477121211e-02	2.741599938447659128e-16	1.901754788541178132e-02
9.460000000000000853e+00	1.015485464442227731e-03	1.475477052664369774e-17	1.945294075669481395e-23	9.823778747289791270e-04	7.423934394464049188e-08	8.133821949078094921e-28	1.153059540830427901e-17	1.401569720452783268e-14	1.493749472809221446e-14	1.270659738982519490e-17	1.031210728493447012e-06	4.745574388127701496e-13	5.098237787521776865e-02	1.901762212478315395e-02	2.744474628056463428e-16	1.901754788542411173e-02
9.470000000000000639e+00	1.015485464442258089e-03	1.438185769306769192e-17	1.896128614768402154e-23	9.823778747295472489e-04	7.423934394462095718e-08	8.133821949078466209e-28	1.123917054625561955e-17	1.366146378821403965e-14	1.455996745521075866e-14	1.270659651778267897e-17	1.031210728493508422e-06	4.625634495545709873e-13	5.098237787520609049e-02	1.901762212479479741e-02	2.747349317665267728e-16	1.901754788543612990e-02
9.480000000000000426e+00	1.015485464442288446e-03	1.401836990776920723e-17	1.848205768228796551e-23	9.823778747301153708e-04	7.423934394460303714e-08	8.133821949079009689e-28	1.095511119471443130e-17	1.331618331411528812e-14	1.419198185655629120e-14	1.270659566778029423e-17	1.031210728493570255e-06	4.508725979672173396e-13	5.098237787519470376e-02	1.901762212480614250e-02	2.750224007274068577e-16	1.901754788544784969e-02
9.490000000000000213e+00	1.015485464442317069e-03	1.366406896083148072e-17	1.801494130050938531e-23	9.823778747306834928e-04	7.423934394458665234e-08	8.133821949079723566e-28	1.067823119679396323e-17	1.297962950438589855e-14	1.383329677459240816e-14	1.270659483926096623e-17	1.031210728493628489e-06	4.394772225091228707e-13	5.098237787518361541e-02	1.901762212481720310e-02	2.753098696882867947e-16	1.901754788545926417e-02
9.500000000000000000e+00	1.015485464442345259e-03	1.331872266288673496e-17	1.755963087994499697e-23	9.823778747312516147e-04	7.423934394457177633e-08	8.133821949080602461e-28	1.040834910056126828e-17	1.265158180015640355e-14	1.348367714683015528e-14	1.270659403168175067e-17	1.031210728493685875e-06	4.283698552775168018e-13	5.098237787517280462e-02	1.901762212482797920e-02	2.755973386491667316e-16	1.901754788547039762e-02
9.509999999999999787e+00	1.015485464442373448e-03	1.298210469295197831e-17	1.711582803516961742e-23	9.823778747318197366e-04	7.423934394455835615e-08	8.133821949081639198e-28	1.014528804012354481e-17	1.233182521699139251e-14	1.314289385178103430e-14	1.270659324451340507e-17	1.031210728493742838e-06	4.175432171143905880e-13	5.098237787516226444e-02	1.901762212483848469e-02	2.758848076100466686e-16	1.901754788548124311e-02
9.519999999999999574e+00	1.015485464442399902e-03	1.265399445011065316e-17	1.668324192219073091e-23	9.823778747323878586e-04	7.423934394454635210e-08	8.133821949082833776e-28	9.888875619719939384e-18	1.202015020400047167e-14	1.281072355880334710e-14	1.270659247724004521e-17	1.031210728493796625e-06	4.069902128361379353e-13	5.098237787515200181e-02	1.901762212484872649e-02	2.761722765709266549e-16	1.901754788549181105e-02
9.529999999999999361e+00	1.015485464442425923e-03	1.233417690894296965e-17	1.626158904784538312e-23	9.823778747329559805e-04	7.423934394453573772e-08	8.133821949084179023e-28	9.638943800742881667e-18	1.171635250651019128e-14	1.248694858174356183e-14	1.270659172935885548e-17	1.031210728493849564e-06	3.967039265837613395e-13	5.098237787514198205e-02	1.901762212485870462e-02	2.764597455318065918e-16	1.901754788550211878e-02
9.540000000000000924e+00	1.015485464442451944e-03	1.202244247860998274e-17	1.585059308401425409e-23	9.823778747335241025e-04	7.423934394452649977e-08	8.133821949085673143e-28	9.395328791614755279e-18	1.142023303220668775e-14	1.217135673627674261e-14	1.270659100037972214e-17	1.031210728493902292e-06	3.866776172905968875e-13	5.098237787513221903e-02	1.901762212486842948e-02	2.767472144926865781e-16	1.901754788551215936e-02
9.550000000000000711e+00	1.015485464442476881e-03	1.171858686549947641e-17	1.544998468653165190e-23	9.823778747340922244e-04	7.423934394451855884e-08	8.133821949087312551e-28	9.157870940448044314e-18	1.113159772066171082e-14	1.186374120085280080e-14	1.270659028982489592e-17	1.031210728493952902e-06	3.769047142645960509e-13	5.098237787512270580e-02	1.901762212487790801e-02	2.770346834535665151e-16	1.901754788552195014e-02
9.560000000000000497e+00	1.015485464442500733e-03	1.142241093934284199e-17	1.505950131867171746e-23	9.823778747346603463e-04	7.423934394451192816e-08	8.133821949089093657e-28	8.926414630418033551e-18	1.085025741615577214e-14	1.156390038115669407e-14	1.270658959722871778e-17	1.031210728494001395e-06	3.673788128822449541e-13	5.098237787511342850e-02	1.901762212488715062e-02	2.773221524144464521e-16	1.901754788553148764e-02
9.570000000000000284e+00	1.015485464442524586e-03	1.113372060271630845e-17	1.467888707909666200e-23	9.823778747352284683e-04	7.423934394450654156e-08	8.133821949091012875e-28	8.700808177780278871e-18	1.057602774371614033e-14	1.127163777799483143e-14	1.270658892213731844e-17	1.031210728494049676e-06	3.580936703913333216e-13	5.098237787510440100e-02	1.901762212489616077e-02	2.776096213753263890e-16	1.901754788554078576e-02
9.580000000000000071e+00	1.015485464442548655e-03	1.085232666384003961e-17	1.430789253415289946e-23	9.823778747357965902e-04	7.423934394450238580e-08	8.133821949093066618e-28	8.480903732465340172e-18	1.030872898828752099e-14	1.098676185852021678e-14	1.270658826410827790e-17	1.031210728494098380e-06	3.490432018197960092e-13	5.098237787509559554e-02	1.901762212490493500e-02	2.778970903362063753e-16	1.901754788554985143e-02
9.589999999999999858e+00	1.015485464442570339e-03	1.057804471259224475e-17	1.394627455440599100e-23	9.823778747363647122e-04	7.423934394449942118e-08	8.133821949095247711e-28	8.266557181185973097e-18	1.004818597695666971e-14	1.070908593071235854e-14	1.270658762271033423e-17	1.031210728494142849e-06	3.402214759879565553e-13	5.098237787508700519e-02	1.901762212491349066e-02	2.781845592970863123e-16	1.901754788555868811e-02
9.599999999999999645e+00	1.015485464442592023e-03	1.031069499965699293e-17	1.359379615530702010e-23	9.823778747369328341e-04	7.423934394449762124e-08	8.133821949097559742e-28	8.057628052993248541e-18	9.794227964153752788e-15	1.043842802102959271e-14	1.270658699752316785e-17	1.031210728494186895e-06	3.316227116215581257e-13	5.098237787507863689e-02	1.901762212492182774e-02	2.784720282579662493e-16	1.901754788556729581e-02
9.609999999999999432e+00	1.015485464442613707e-03	1.005010231872629183e-17	1.325022634188588224e-23	9.823778747375009560e-04	7.423934394449697273e-08	8.133821949099997328e-28	7.853979427219555714e-18	9.546688519755038962e-15	1.017461075515361305e-14	1.270658638813706567e-17	1.031210728494230941e-06	3.232412735630340707e-13	5.098237787507047675e-02	1.901762212492994972e-02	2.787594972188461862e-16	1.901754788557568146e-02
9.620000000000000995e+00	1.015485464442635608e-03	9.796095891679540266e-18	1.291533995736984697e-23	9.823778747380690780e-04	7.423934394449740948e-08	8.133821949102555091e-28	7.655477843748322708e-18	9.305405420013717416e-15	9.917461241748049310e-15	1.270658579415267609e-17	1.031210728494275198e-06	3.150716690785338780e-13	5.098237787506252477e-02	1.901762212493787046e-02	2.790469661797261725e-16	1.901754788558385895e-02
9.630000000000000782e+00	1.015485464442655123e-03	9.548509256665033584e-18	1.258891753562837026e-23	9.823778747386371999e-04	7.423934394449893149e-08	8.133821949105231234e-28	7.461993215551698309e-18	9.070220541247521197e-15	9.666810959155165880e-15	1.270658521518071168e-17	1.031210728494314797e-06	3.071085442582933568e-13	5.098237787505477403e-02	1.901762212494558305e-02	2.793344351406061095e-16	1.901754788559182827e-02
9.640000000000000568e+00	1.015485464442674639e-03	9.307180159009840440e-18	1.227074515734681594e-23	9.823778747392053218e-04	7.423934394450151230e-08	8.133821949108020379e-28	7.273398743438506497e-18	8.840979756212931609e-15	9.422495644955761042e-15	1.270658465084176269e-17	1.031210728494354608e-06	2.993466805079673265e-13	5.098237787504721757e-02	1.901762212495310828e-02	2.796219041014860465e-16	1.901754788559959636e-02
9.650000000000000355e+00	1.015485464442694155e-03	9.071950444887101302e-18	1.196061430983560352e-23	9.823778747397734438e-04	7.423934394450508572e-08	8.133821949110920730e-28	7.089570832957111645e-18	8.617532833098807857e-15	9.184355188320780278e-15	1.270658410076599664e-17	1.031210728494394418e-06	2.917809911286557156e-13	5.098237787503984847e-02	1.901762212496043575e-02	2.799093730623659834e-16	1.901754788560716669e-02
9.660000000000000142e+00	1.015485464442713670e-03	8.842665957670731071e-18	1.165832175038248406e-23	9.823778747403415657e-04	7.423934394450966499e-08	8.133821949113932289e-28	6.910389013398417104e-18	8.399733337072686975e-15	8.952233525083458408e-15	1.270658356459292106e-17	1.031210728494433805e-06	2.844065179833595840e-13	5.098237787503267365e-02	1.901762212496758628e-02	2.801968420232459204e-16	1.901754788561454274e-02
9.669999999999999929e+00	1.015485464442732102e-03	8.619176436909555895e-18	1.136366937305836409e-23	9.823778747406256267e-04	7.423934394449378312e-08	8.133821949114698183e-28	6.735735858845930100e-18	8.187438534315397163e-15	8.725978535463405406e-15	1.270658304197115386e-17	1.031210728494471286e-06	2.772184282476899140e-13	5.098237787502567925e-02	1.901762212497454599e-02	2.804843109841259067e-16	1.901754788562173143e-02
9.679999999999999716e+00	1.015485464442749449e-03	8.401335419854937289e-18	1.107646407888960426e-23	9.823778747409096877e-04	7.423934394447882770e-08	8.133821949115568109e-28	6.565496911221318089e-18	7.980509298481202264e-15	8.505441944375677395e-15	1.270658253255818460e-17	1.031210728494506650e-06	2.702120112427004810e-13	5.098237787501886525e-02	1.901762212498134264e-02	2.807717799450054985e-16	1.901754788562873971e-02
9.689999999999999503e+00	1.015485464442766796e-03	8.189000145477132208e-18	1.079651764931160031e-23	9.823778747411937486e-04	7.423934394446467960e-08	8.133821949116524130e-28	6.399560605274867776e-18	7.778810019522047199e-15	8.290479224259445693e-15	1.270658203602019722e-17	1.031210728494541802e-06	2.633826753477678673e-13	5.098237787501221779e-02	1.901762212498798663e-02	2.810592489058849425e-16	1.901754788563558146e-02
9.700000000000001066e+00	1.015485464442784144e-03	7.982031460907502112e-18	1.052364662282057998e-23	9.823778747414778096e-04	7.423934394445137853e-08	8.133821949117578804e-28	6.237818195471711700e-18	7.582208514816121326e-15	8.080949500362539750e-15	1.270658155203179739e-17	1.031210728494576954e-06	2.567259449914945390e-13	5.098237787500573687e-02	1.901762212499446755e-02	2.813467178667644357e-16	1.901754788564227402e-02
9.710000000000000853e+00	1.015485464442801491e-03	7.780293730245508231e-18	1.025767217474320914e-23	9.823778747417618706e-04	7.423934394443901715e-08	8.133821949118732128e-28	6.080163684726083987e-18	7.390575942542777384e-15	7.876715458420012537e-15	1.270658108027579369e-17	1.031210728494612529e-06	2.502374577186697776e-13	5.098237787499941553e-02	1.901762212500078542e-02	2.816341868276438796e-16	1.901754788564879659e-02
9.720000000000000639e+00	1.015485464442817754e-03	7.583654745670205268e-18	9.998420000044467330e-24	9.823778747420459315e-04	7.423934394442744985e-08	8.133821949119973343e-28	5.926493754936512415e-18	7.203786717246493686e-15	7.677643254665691063e-15	1.270658062044300350e-17	1.031210728494645352e-06	2.439129613313495082e-13	5.098237787499326074e-02	1.901762212500694368e-02	2.819216557885233729e-16	1.901754788565515608e-02
9.730000000000000426e+00	1.015485464442832933e-03	7.391985640798626666e-18	9.745720199097879243e-24	9.823778747423299925e-04	7.423934394441675606e-08	8.133821949121313208e-28	5.776707699276897762e-18	7.021718427535167345e-15	7.483602428118500395e-15	1.270658017223208039e-17	1.031210728494676268e-06	2.377483111022036618e-13	5.098237787498725859e-02	1.901762212501294583e-02	2.822091247494028168e-16	1.901754788566134904e-02
9.740000000000000213e+00	1.015485464442848111e-03	7.205160806233832044e-18	9.499407166342628111e-24	9.823778747426140535e-04	7.423934394440686960e-08	8.133821949122737376e-28	5.630707356198812725e-18	6.844251755858449890e-15	7.294465815085447388e-15	1.270657973534930466e-17	1.031210728494706762e-06	2.317394670582893552e-13	5.098237787498140910e-02	1.901762212501879531e-02	2.824965937102822607e-16	1.901754788566739282e-02
9.750000000000000000e+00	1.015485464442863290e-03	7.023057807247382666e-18	9.259319481754732021e-24	9.823778747428981144e-04	7.423934394439779047e-08	8.133821949124247639e-28	5.488397045101767104e-18	6.671270400313519316e-15	7.110109465825545282e-15	1.270657930950836600e-17	1.031210728494737678e-06	2.258824913334740773e-13	5.098237787497571227e-02	1.901762212502449562e-02	2.827840626711617047e-16	1.901754788567327700e-02
9.759999999999999787e+00	1.015485464442878469e-03	6.845557303542358984e-18	9.025299805061234837e-24	9.823778747431821754e-04	7.423934394438945249e-08	8.133821949125843998e-28	5.349683503629425469e-18	6.502660998427231109e-15	6.930412563319945645e-15	1.270657889443019256e-17	1.031210728494768595e-06	2.201735455877745520e-13	5.098237787497015422e-02	1.901762212503005714e-02	2.830715316320411486e-16	1.901754788567901200e-02
9.769999999999999574e+00	1.015485464442893648e-03	6.672542971044286094e-18	8.797194772628057556e-24	9.823778747434662364e-04	7.423934394438189536e-08	8.133821949127522866e-28	5.214475826550580144e-18	6.338313052864576095e-15	6.755257344095121053e-15	1.270657848984276291e-17	1.031210728494799512e-06	2.146088884919200841e-13	5.098237787496473494e-02	1.901762212503547642e-02	2.833590005929206418e-16	1.901754788568460822e-02
9.779999999999999361e+00	1.015485464442907092e-03	6.503901425668722007e-18	8.574854896953870677e-24	9.823778747437502974e-04	7.423934394437503969e-08	8.133821949129282449e-28	5.082685406184856355e-18	6.178118859014804734e-15	6.584529021047137817e-15	1.270657809548091808e-17	1.031210728494826829e-06	2.091848732754908250e-13	5.098237787495945444e-02	1.901762212504075344e-02	2.836464695538000858e-16	1.901754788569006219e-02
9.790000000000000924e+00	1.015485464442920103e-03	6.339522149015567785e-18	8.358134468704215736e-24	9.823778747440343583e-04	7.423934394436888547e-08	8.133821949131117365e-28	4.954225874334097853e-18	6.021973434407719767e-15	6.418115708216489854e-15	1.270657771108622141e-17	1.031210728494853087e-06	2.038979453370237745e-13	5.098237787495430579e-02	1.901762212504590210e-02	2.839339385146795790e-16	1.901754788569537391e-02
9.800000000000000711e+00	1.015485464442933113e-03	6.179297415941465999e-18	8.146891461221743990e-24	9.823778747443184193e-04	7.423934394436348563e-08	8.133821949133034789e-28	4.829013045681486034e-18	5.869774449914051151e-15	6.255908347464293222e-15	1.270657733640677048e-17	1.031210728494879556e-06	1.987446399145263954e-13	5.098237787494928897e-02	1.901762212505092239e-02	2.842214074755590230e-16	1.901754788570055379e-02
9.810000000000000497e+00	1.015485464442946123e-03	6.023122223962482044e-18	7.940987437449490788e-24	9.823778747446024803e-04	7.423934394435873431e-08	8.133821949135022167e-28	4.706964862620950157e-18	5.721422162684384991e-15	6.097800637001405285e-15	1.270657697119702157e-17	1.031210728494906026e-06	1.937215798148561376e-13	5.098237787494439704e-02	1.901762212505580737e-02	2.845088764364381218e-16	1.901754788570560184e-02
9.820000000000000284e+00	1.015485464442959134e-03	5.870894224441386815e-18	7.740287459207026792e-24	9.823778747448865412e-04	7.423934394435465796e-08	8.133821949137084878e-28	4.588001341481242813e-18	5.576819350783306423e-15	5.943688961724194684e-15	1.270657661521763703e-17	1.031210728494932496e-06	1.888254732004974835e-13	5.098237787493963696e-02	1.901762212506057786e-02	2.847963453973170727e-16	1.901754788571052499e-02
9.830000000000000071e+00	1.015485464442972144e-03	5.722513655513939337e-18	7.544659998759346270e-24	9.823778747451706022e-04	7.423934394435123012e-08	8.133821949139217543e-28	4.472044520108994707e-18	5.435871249475450379e-15	5.793472325310857959e-15	1.270657626823532360e-17	1.031210728494958754e-06	1.840531114322717542e-13	5.098237787493498790e-02	1.901762212506521998e-02	2.850838143581960236e-16	1.901754788571531629e-02
9.839999999999999858e+00	1.015485464442984938e-03	5.577883276710453044e-18	7.353976852620803621e-24	9.823778747454546632e-04	7.423934394434839786e-08	8.133821949141416572e-28	4.359018406776615876e-18	5.298485489121911691e-15	5.647052284033987470e-15	1.270657593002269365e-17	1.031210728494984800e-06	1.794013669665711903e-13	5.098237787493044987e-02	1.901762212506975108e-02	2.853712833190750238e-16	1.901754788571999658e-02
9.849999999999999645e+00	1.015485464442995780e-03	5.436908305229719827e-18	7.168113057537600920e-24	9.823778747457387241e-04	7.423934394434621410e-08	8.133821949143685555e-28	4.248848930381480550e-18	5.164572034646244648e-15	5.504332882245957522e-15	1.270657560035807727e-17	1.031210728495006823e-06	1.748671913057388066e-13	5.098237787492603673e-02	1.901762212507416075e-02	2.856587522799539746e-16	1.901754788572455890e-02
9.859999999999999432e+00	1.015485464443006622e-03	5.299496353823613167e-18	6.986946808593772214e-24	9.823778747460227851e-04	7.423934394434461268e-08	8.133821949146020903e-28	4.141463891903825867e-18	5.034043126530448808e-15	5.365220589494878885e-15	1.270657527902544983e-17	1.031210728495028846e-06	1.704476130002507342e-13	5.098237787492173462e-02	1.901762212507846286e-02	2.859462212408329255e-16	1.901754788572900326e-02
9.870000000000000995e+00	1.015485464443017464e-03	5.165557370251490579e-18	6.810359379386854850e-24	9.823778747463068461e-04	7.423934394434358036e-08	8.133821949148413648e-28	4.036792917091434069e-18	4.906813223302160670e-15	5.229624239229848501e-15	1.270657496581422707e-17	1.031210728495050869e-06	1.661397357013904333e-13	5.098237787491752965e-02	1.901762212508265742e-02	2.862336902017119257e-16	1.901754788573333313e-02
9.880000000000000782e+00	1.015485464443028306e-03	5.035003578265030889e-18	6.638235044221280683e-24	9.823778747465909070e-04	7.423934394434315684e-08	8.133821949150876346e-28	3.934767410340304098e-18	4.782798945475573994e-15	5.097454969055502284e-15	1.270657466051914646e-17	1.031210728495072892e-06	1.619407362631442912e-13	5.098237787491344958e-02	1.901762212508674443e-02	2.865211591625908766e-16	1.901754788573755198e-02
9.890000000000000568e+00	1.015485464443039148e-03	4.907749420084343725e-18	6.470461002267931470e-24	9.823778747468749680e-04	7.423934394434324948e-08	8.133821949153394647e-28	3.835320509740743453e-18	4.661919020908961043e-15	4.968626162496334104e-15	1.270657436294013931e-17	1.031210728495094915e-06	1.578478628920620593e-13	5.098237787490945278e-02	1.901762212509073083e-02	2.868086281234698275e-16	1.901754788574166674e-02
9.900000000000000355e+00	1.015485464443049990e-03	4.783711500328213114e-18	6.306927303640788162e-24	9.823778747471590290e-04	7.423934394434391123e-08	8.133821949155975727e-28	3.738387043259831914e-18	4.544094231543477432e-15	4.843053392233123088e-15	1.270657407288218903e-17	1.031210728495116937e-06	1.538584333438861638e-13	5.098237787490558087e-02	1.901762212509461661e-02	2.870960970843487784e-16	1.901754788574567742e-02
9.910000000000000142e+00	1.015485464443060832e-03	4.662808531361314775e-18	6.147526777341794830e-24	9.823778747474430900e-04	7.423934394434508913e-08	8.133821949158610616e-28	3.643903486031227943e-18	4.429247361487978253e-15	4.720654364773880026e-15	1.270657379015520173e-17	1.031210728495138960e-06	1.499698331657547109e-13	5.098237787490179918e-02	1.901762212509840524e-02	2.873835660452277293e-16	1.901754788574958749e-02
9.919999999999999929e+00	1.015485464443071674e-03	4.544961280022769672e-18	5.992154961026871922e-24	9.823778747477271509e-04	7.423934394434675673e-08	8.133821949161306490e-28	3.551807918724458068e-18	4.317303146415962322e-15	4.601348866523214600e-15	1.270657351457390139e-17	1.031210728495160771e-06	1.461795139828335671e-13	5.098237787489810074e-02	1.901762212510209327e-02	2.876710350061067295e-16	1.901754788575340041e-02
9.929999999999999716e+00	1.015485464443080348e-03	4.430092515701078994e-18	5.840710032547029566e-24	9.823778747480112119e-04	7.423934394434894049e-08	8.133821949164052587e-28	3.462039986966396859e-18	4.208188224241459532e-15	4.485058711214750922e-15	1.270657324595765275e-17	1.031210728495178771e-06	1.424849918282510209e-13	5.098237787489450640e-02	1.901762212510569108e-02	2.879585039669856804e-16	1.901754788575711619e-02
9.939999999999999503e+00	1.015485464443089021e-03	4.318126959721454046e-18	5.693092743219766688e-24	9.823778747482952729e-04	7.423934394435162717e-08	8.133821949166856081e-28	3.374540861788337356e-18	4.101831087041581920e-15	4.371707688672159955e-15	1.270657298413044890e-17	1.031210728495196135e-06	1.388838455152426884e-13	5.098237787489100226e-02	1.901762212510919869e-02	2.882459729278646313e-16	1.901754788576073135e-02
9.950000000000001066e+00	1.015485464443097695e-03	4.208991236012254059e-18	5.549206352786865917e-24	9.823778747485793338e-04	7.423934394435477707e-08	8.133821949169708003e-28	3.289253201072688458e-18	3.998162034194118531e-15	4.261221514865163921e-15	1.270657272892070645e-17	1.031210728495213923e-06	1.353737150504380261e-13	5.098237787488757444e-02	1.901762212511261263e-02	2.885334418887436315e-16	1.901754788576426325e-02
9.960000000000000853e+00	1.015485464443106368e-03	4.102613823018443600e-18	5.408956566016276028e-24	9.823778747488633948e-04	7.423934394435840343e-08	8.133821949172613736e-28	3.206121111974168995e-18	3.897113126699654624e-15	4.153527783227952434e-15	1.270657248016116531e-17	1.031210728495231499e-06	1.319523000872530376e-13	5.098237787488425071e-02	1.901762212511594677e-02	2.888209108496225824e-16	1.901754788576770147e-02
9.970000000000000639e+00	1.015485464443115042e-03	3.998925006830163874e-18	5.272251470906024943e-24	9.823778747491474558e-04	7.423934394436245331e-08	8.133821949175566104e-28	3.125090114290612362e-18	3.798618142657978985e-15	4.048555917207776738e-15	1.270657223768880861e-17	1.031210728495249074e-06	1.286173584183654970e-13	5.098237787488101025e-02	1.901762212511919070e-02	2.891083798105016319e-16	1.901754788577104949e-02
9.980000000000000426e+00	1.015485464443123716e-03	3.897856835496156155e-18	5.139001478450269958e-24	9.823778747494315167e-04	7.423934394436695317e-08	8.133821949178570488e-28	3.046107104759707050e-18	3.702612533869961453e-15	3.946237124013036134e-15	1.270657200134473941e-17	1.031210728495266650e-06	1.253667045062983886e-13	5.098237787487784611e-02	1.901762212512235484e-02	2.893958487713810759e-16	1.901754788577431771e-02
9.990000000000000213e+00	1.015485464443132389e-03	3.799343074491768659e-18	5.009119263927549956e-24	9.823778747497155777e-04	7.423934394437190302e-08	8.133821949181617919e-28	2.969120322258016862e-18	3.609033383536198753e-15	3.846504349530240915e-15	1.270657177097406058e-17	1.031210728495284226e-06	1.221982080511378957e-13	5.098237787487475831e-02	1.901762212512544264e-02	2.896833177322605198e-16	1.901754788577750613e-02
