structure,qh-G(T)_SPC
00-lpdoh2,-1397.5205905
01-rxt,-2050.825842
03-c1,-2050.807554
05-c2,-2050.867364
09-c3,-1874.952019
11-c4,-1874.914618
13-t1,-2050.823591
15-t2,-2050.834787
19-t3,-1874.931883
21-t4,-1874.936108
100-l2pd2oh4,-2795.041181
6cnnaphboh2,-653.30718
h2o,-76.368394
boh3,-252.272407
6cnnaph-c,-477.444811
6cnnaph-t,-477.444811
