structure,qh-G(T)_SPC
00-lpdoh2,-1545.042878
01-rxt,-2106.185069
03-c1,-2106.183703
05-c2,-2106.236626
09-c3,-1930.323998
11-c4,-1930.294512
13-t1,-2106.186258
15-t2,-2106.198887
19-t3,-1930.295685
21-t4,-1930.300876
100-l2pd2oh4,-3090.085756
naphboh2,-561.150376
h2o,-76.368394
boh3,-252.272407
naph-c,-385.286152
naph-t,-385.286152
