structure,qh-G(T)_SPC
e00-lpdoh2,-1324.979372
e01-ecrxt,-2120.331905
e03-ec1,-2120.324282
e05-ec2,-2120.376632
e09-ec3,-1710.252953
e11-ec4,-1710.227459
e12-etrxt,-2120.337965
e14-et1,-2120.334187
e16-et2,-2120.327714
e20-et3,-1710.222805
e22-et4,-1710.236097
e100-l2pd2oh4,-2649.958744
naphbpin,-795.362629
h2o,-76.368394
bpinoh,-486.48039
naph-c,-385.286152
naph-t,-385.286152
