structure,qh-G(T)_SPC
00-lpdoh2,-1314.3424405
01-rxt,-1875.48841
03-c1,-1875.489512
05-c2,-1875.540452
09-c3,-1699.625002
11-c4,-1699.60126
13-t1,-1875.488787
15-t2,-1875.498688
19-t3,-1699.594928
21-t4,-1699.605443
42-p1,-2658.280917
100-l2pd2oh4,-2628.684881
naphboh2,-561.150376
h2o,-76.368394
boh3,-252.272407
naph-c,-385.286152
naph-t,-385.286152
pre-catalyst-dimer,-558.6975310000003
pre-catalyst-monomer,-279.3487655000001
ligand,-1034.993675
