structure,qh-G(T)_SPC
e00-lpdoh2,-1093.057442
e01-ecrxt,-1888.409811
e03-ec1,-1888.399453
e05-ec2,-1888.457267
e09-ec3,-1478.333202
e11-ec4,-1478.299707
e12-etrxt,-1888.414697
e14-et1,-1888.414776
e16-et2,-1888.417614
e20-et3,-1478.309377
e22-et4,-1478.314001
e100-l2pd2oh4,-2186.114884
naphbpin,-795.362629
h2o,-76.368394
bpinoh,-486.48039
naph-c,-385.286152
naph-t,-385.286152
