structure,qh-G(T)_SPC
00-lpdoh2,-2443.173131
01-rxt,-3004.315222
03-c1,-3004.294897
05-c2,-3004.352848
09-c3,-2828.437732
11-c4,-2828.402699
13-t1,-3004.3138
15-t2,-3004.322337
19-t3,-2828.42742
21-t4,-2828.418888
34-ya,-3004.323889
37-yb,-3080.685321
100-l2pd2oh4,-4886.346262
naphboh2,-561.150376
h2o,-76.368394
boh3,-252.272407
naph-c,-385.286152
naph-t,-385.286152
