structure,qh-G(T)_SPC
00-lpdoh2,-1907.545159
01-rxt,-2468.692154
03-c1,-2468.674972
05-c2,-2468.72743
09-c3,-2292.80661
11-c4,-2292.778183
13-t1,-2468.689347
15-t2,-2468.708874
19-t3,-2292.806136
21-t4,-2292.807141
31-xb,-2216.46961
100-l2pd2oh4,-3815.090318
naphboh2,-561.150376
h2o,-76.368394
boh3,-252.272407
naph-c,-385.286152
naph-t,-385.286152
