structure,qh-G(T)_SPC
00-lpdoh2,-1552.1274215
01-rxt,-2205.434456
03-c1,-2205.426554
05-c2,-2205.478104
09-c3,-2029.564581
11-c4,-2029.5404
13-t1,-2205.431986
15-t2,-2205.443865
19-t3,-2029.539557
21-t4,-2029.545622
100-l2pd2oh4,-3104.254843
6cnnaphboh2,-653.30718
h2o,-76.368394
boh3,-252.272407
6cnnaph-c,-477.444811
6cnnaph-t,-477.444811
