structure,qh-G(T)_SPC
00-lpdoh2,-971.764768
01-rxt,-1532.908746
03-c1,-1532.906566
05-c2,-1532.959184
09-c3,-1357.043925
11-c4,-1357.01901
13-t1,-1532.909058
15-t2,-1532.919634
19-t3,-1357.015823
21-t4,-1357.02419
42-p1,-1973.106365
99-l2pd2oh4,-1943.529536
naphboh2,-561.150376
h2o,-76.368394
boh3,-252.272407
naphh-c,-385.286152
naphh-t,-385.286152
pre-catalyst-dimer,-558.703798
pre-catalyst-monomer,-279.351899
ligand,-692.412869
