structure,qh-G(T)_SPC
00-lpdoh2,-1552.1274215
01-rxt,-2113.277284
03-c1,-2113.269852
05-c2,-2113.320367
09-c3,-1937.406385
11-c4,-1937.384452
13-t1,-2113.275534
15-t2,-2113.285459
19-t3,-1937.381451
21-t4,-1937.389433
34-ya,-2113.271937
99-l2pd2oh4,-3104.254843
naphboh2,-561.150376
h2o,-76.368394
boh3,-252.272407
naphh-c,-385.286152
naphh-t,-385.286152
