0.000000000000000000e+00	0.000000000000000000e+00	0.000000000000000000e+00	0.000000000000000000e+00	0.000000000000000000e+00	0.000000000000000000e+00	0.000000000000000000e+00	0.000000000000000000e+00	0.000000000000000000e+00	0.000000000000000000e+00	0.000000000000000000e+00	0.000000000000000000e+00	0.000000000000000000e+00	2.000000000000000042e-02	7.000000000000000666e-02	0.000000000000000000e+00	0.000000000000000000e+00	0.000000000000000000e+00	1.000000000000000021e-03	0.000000000000000000e+00	2.000000000000000042e-03
1.000000000000000000e+01	1.855037770859248887e-06	2.172607935100450839e-08	7.221317642825068869e-16	1.415768080391653920e-04	9.719088073516447082e-07	1.287647313326031268e-24	4.136012598210851009e-09	5.849500329641824278e-06	3.896394771624807356e-06	1.033006656244997446e-15	3.151202550576041655e-04	3.441165005351288169e-12	1.905496561345461012e-02	6.951753803897300910e-02	7.975822160847627351e-04	4.577595973413453148e-13	4.775936569893892759e-04	2.328818207033742112e-06	1.526046595676141529e-03	1.215583970984871615e-03
2.000000000000000000e+01	1.181725429842953924e-06	1.347826691769886497e-08	4.479908462092286647e-16	2.176780531706265780e-04	9.712454374097304662e-07	1.286768674664129294e-24	2.565870500658272509e-09	3.873856893904211582e-06	2.635385358896923014e-06	6.987263886454266022e-16	4.419504014463609444e-04	1.396473881951895087e-12	1.855654205292424710e-02	6.922006040857264786e-02	1.221889992873800845e-03	9.126445279584229957e-13	7.763329597177896346e-04	1.764022828202839381e-06	1.328165242273998030e-03	8.897428802486906764e-04
3.000000000000000000e+01	8.548642116190164908e-07	9.576890229387298628e-09	3.183168271241315360e-16	2.683603979274322014e-04	9.710219529763684288e-07	1.286472681320559014e-24	1.823162219254999682e-09	2.864505493836687474e-06	1.970737668200544673e-06	5.225251123950234444e-16	5.098644680915446472e-04	7.307925821547116645e-13	1.822665365158511117e-02	6.900775442315267016e-02	1.502110044938953677e-03	1.367363992286547481e-12	9.893038158583448288e-04	1.469341365366405359e-06	1.212163918474469700e-03	7.052381272801119729e-04
4.000000000000000000e+01	6.633061606063856677e-07	7.331990114287266262e-09	2.437008021733342269e-16	3.057896031171075755e-04	9.708247150781598177e-07	1.286211408803971799e-24	1.395798606491946967e-09	2.253998304119121766e-06	1.561402871271418715e-06	4.140042854493124326e-16	5.519676086972937368e-04	4.399750864752715530e-13	1.798404592048086226e-02	6.884406585839107640e-02	1.707901750306258263e-03	1.821988041403813139e-12	1.153401912200212797e-03	1.286436079779539868e-06	1.134211655220989214e-03	5.848169133441694393e-04
5.000000000000000000e+01	5.379742525354630590e-07	5.883880822809099245e-09	1.955685230225823962e-16	3.351467016112249348e-04	9.706233821444097784e-07	1.285944686798935574e-24	1.120120699269393418e-09	1.845837825751897239e-06	1.284499477653374378e-06	3.405908620066705695e-16	5.804489746539854590e-04	2.894163014344308714e-13	1.779434227913119504e-02	6.871179079723128968e-02	1.868658177422685305e-03	2.276518906826696805e-12	1.285954077632042031e-03	1.160869731719364510e-06	1.077436648570764561e-03	4.993094056877480161e-04
6.000000000000000000e+01	4.498171833233439080e-07	4.877007364014499544e-09	1.621020473462467570e-16	3.590986165460955054e-04	9.704207015243729831e-07	1.285676166485502085e-24	9.284412303653674865e-10	1.554194983796023557e-06	1.085007554740198025e-06	2.876997335451598114e-16	6.008690500972297191e-04	2.023355007593317605e-13	1.763993306777829340e-02	6.860146073484003904e-02	1.999408315257176095e-03	2.730955036208273332e-12	1.396483834172437951e-03	1.068803415115982569e-06	1.033829490367664224e-03	4.350980386651310747e-04
7.000000000000000000e+01	3.845504273911415504e-07	4.138814081357549463e-09	1.375659675453697782e-16	3.791916911147044959e-04	9.702206307640009783e-07	1.285411096426446301e-24	7.879106436186204750e-10	1.335687871729257169e-06	9.346358942604052364e-07	2.478310219545165771e-16	6.161312586170187644e-04	1.478790473614253435e-13	1.751064654575797477e-02	6.850731011009707216e-02	2.108821148519934071e-03	3.185296652865992054e-12	1.490785030192345699e-03	9.981025680611494478e-07	9.990508327239330192e-04	3.849157742541270627e-04
8.000000000000000000e+01	3.343526520821210730e-07	3.575830497590977708e-09	1.188535104420953342e-16	3.963994397073546984e-04	9.700257442044242331e-07	1.285152890104480420e-24	6.807348872175355973e-10	1.166054954632226040e-06	8.173606191228215544e-07	2.167367644625762694e-16	6.279005969316445515e-04	1.117916949298238555e-13	1.740009883486370174e-02	6.842556918304248947e-02	2.202331413889120973e-03	3.639545710227337145e-12	1.572643426954385996e-03	9.419170040624540596e-07	9.705240873969162626e-04	3.445073200651955657e-04
9.000000000000000000e+01	2.945898051698485556e-07	3.133180696900924352e-09	1.041407094924447710e-16	4.113729748602531957e-04	9.698380258021848722e-07	1.284904177615886055e-24	5.964671861129560884e-10	1.030677143908594376e-06	7.234315258394245134e-07	1.918321107512155683e-16	6.372002498313647815e-04	8.678315260110782973e-14	1.730403131756208177e-02	6.835363894908100257e-02	2.283561300750350329e-03	4.093705165982527280e-12	1.644667777273447042e-03	8.960749763774958510e-07	9.466123686073355144e-04	3.112042638872671648e-04
1.000000000000000000e+02	2.623452014183768619e-07	2.776599680290852759e-09	9.228866412650791328e-17	4.245684541567007497e-04	9.696581574530789295e-07	1.284665863371750635e-24	5.285844822093208855e-10	9.202255185843807584e-07	6.465781958658408644e-07	1.714546987044760425e-16	6.446933404842713133e-04	6.882500446846870772e-14	1.721946712909849797e-02	6.828965245447191079e-02	2.355040886012346041e-03	4.547778543175912827e-12	1.708731304626805777e-03	8.578841121538022741e-07	9.262203367670667669e-04	2.832427567836231911e-04
1.100000000000000000e+02	2.356931108984794457e-07	2.483623365776803399e-09	8.255071283774764136e-17	4.363174146369598345e-04	9.694864310496723464e-07	1.284438334726287899e-24	4.728102678727880162e-10	8.284695239556959154e-07	5.825862393284398772e-07	1.544872270743562965e-16	6.508281891366769116e-04	5.555124209388986939e-14	1.714424686580663312e-02	6.823222389555066991e-02	2.418604293585962378e-03	5.001769605141760517e-12	1.766224026776981723e-03	8.255251885380043808e-07	9.085841670487523674e-04	2.594070198514102478e-04
1.200000000000000000e+02	2.133117187907589178e-07	2.238930087062270153e-09	7.441759384342225657e-17	4.468681166685471696e-04	9.693228092125784020e-07	1.284221542581609043e-24	4.262277432981807041e-10	7.510907051623271417e-07	5.285193001900404434e-07	1.401512111989789895e-16	6.559185023698253358e-04	4.550188932682399632e-14	1.707675629473735107e-02	6.818029666965862157e-02	2.475621832711171182e-03	5.455682161750456094e-12	1.818205482776120985e-03	7.977223536688779745e-07	8.931530404578040365e-04	2.388299755862975920e-04
1.300000000000000000e+02	1.942640678416535765e-07	2.031721719373684794e-09	6.753039890433311679e-17	4.564111127172269821e-04	9.691670831536815242e-07	1.284015210614759361e-24	3.867812592722986722e-10	6.850022940714897556e-07	4.822692607902910627e-07	1.278877416769413392e-16	6.601901517278382535e-04	3.773852798919023140e-14	1.701575829774579218e-02	6.813304698302571905e-02	2.527143168702095186e-03	5.909519963769705302e-12	1.865501574720665901e-03	7.735528317255779392e-07	8.795185226952046418e-04	2.208754709648044431e-04
1.400000000000000000e+02	1.778677670909163510e-07	1.854175454964188270e-09	6.162911341491716987e-17	4.650957369696256840e-04	9.690189445804526852e-07	1.283818930587624519e-24	3.529815803658975147e-10	6.279398420225819572e-07	4.422838084089970684e-07	1.172852609710771190e-16	6.638097329024757014e-04	3.163694254870939953e-14	1.696028468521685109e-02	6.808982030212498704e-02	2.573989430777440246e-03	6.363286638426127770e-12	1.908768388758571915e-03	7.523316929715454778e-07	8.673705626594484502e-04	2.050654873311655909e-04
1.500000000000000000e+02	1.636142003339562219e-07	1.700489059825330617e-09	5.652088263096939254e-17	4.730411184515053314e-04	9.688780371598558734e-07	1.283632230557912839e-24	3.237241296275993468e-10	5.782048271849002674e-07	4.073948272562105629e-07	1.080340687688946577e-16	6.669026792433397754e-04	2.676960657309033949e-14	1.690956405727164422e-02	6.805008808405275944e-02	2.616814595190529533e-03	6.816985656255388117e-12	1.948535636265681789e-03	7.335391836179611356e-07	8.564690207988520090e-04	1.910334131929820932e-04
1.600000000000000000e+02	1.511166214987567336e-07	1.566270605040126238e-09	5.205972755085708148e-17	4.803437596941411911e-04	9.687439853119189638e-07	1.283454613044530805e-24	2.981728112029329081e-10	5.344984782983209935e-07	3.767066236015625032e-07	9.989668925920167614e-17	6.695651299047201228e-04	2.283623327010108002e-14	1.686297223571011153e-02	6.801341748827552380e-02	2.656147641629099006e-03	7.270620315572942201e-12	1.985237053844745008e-03	7.167732935569214757e-07	8.466246473886142104e-04	1.784930571138449037e-04
1.700000000000000000e+02	1.400757773268300200e-07	1.448136167490445717e-09	4.813317328537115184e-17	4.870828871827763092e-04	9.686164118515436671e-07	1.283285578412151179e-24	2.756834242566083159e-10	4.958108472926485526e-07	3.495209892525529417e-07	9.268800445454944641e-17	6.718719268145010052e-04	1.962122342244475877e-14	1.681999731559460920e-02	6.797944966430644054e-02	2.692422262507977032e-03	7.724193737920687343e-12	2.019232190568085762e-03	7.017178618426058065e-07	8.376860162622582796e-04	1.672175189980882888e-04
1.800000000000000000e+02	1.302565346882407692e-07	1.343437491938579503e-09	4.465319708575530226e-17	4.933243145596114942e-04	9.684949486114667463e-07	1.283124638952976127e-24	2.557518177544516144e-10	4.613448665493413615e-07	3.252857040906070120e-07	8.626160139829008835e-17	6.738821365159959869e-04	1.696676483662940988e-14	1.678021446326737401e-02	6.794788385844464929e-02	2.725998278071287226e-03	8.177708870050378260e-12	2.050822352724796307e-03	6.881205836531789165e-07	8.295303391991847800e-04	1.570244372635689332e-04
1.900000000000000000e+02	1.214716151442849393e-07	1.250073232260457472e-09	4.154995437687846322e-17	4.991232872400661220e-04	9.683792423803406596e-07	1.282971326759242191e-24	2.379779562822060281e-10	4.304631637487738335e-07	3.035583493228618474e-07	8.050017840348021960e-17	6.756429457713270924e-04	1.475535324781672691e-14	1.674326738000778830e-02	6.791846556426353598e-02	2.757177381507692170e-03	8.631168489647654707e-12	2.080262489513415736e-03	6.757774874248783139e-07	8.220568638819506120e-04	1.477654655441426569e-04
2.000000000000000000e+02	1.135700264325778655e-07	1.166355224759646771e-09	3.876733394756507251e-17	5.045266138701565714e-04	9.682689579407468222e-07	1.282825197751842939e-24	2.220404623708498694e-10	4.026500209715793372e-07	2.839803475207814991e-07	7.530866254107731038e-17	6.771924627191274089e-04	1.289815090117480064e-14	1.670885442739411531e-02	6.789097754243018923e-02	2.786214920288830350e-03	9.084575213148058965e-12	2.107770199179593087e-03	6.645217509165713539e-07	8.151820354501076006e-04	1.393186080118057892e-04
2.100000000000000000e+02	1.064286928741245821e-07	1.090912083848530251e-09	3.625975366234612504e-17	5.095742881213996198e-04	9.681637795883191268e-07	1.282685833695601432e-24	2.076782639148625711e-10	3.774837082299924938e-07	2.662580297105021420e-07	7.060919010487305507e-17	6.785617653660495604e-04	1.132706667219875915e-14	1.667671808142218506e-02	6.786523291724556872e-02	2.813328848120369430e-03	9.537931504551050784e-12	2.133532651407020822e-03	6.542155070041280662e-07	8.088358962134531037e-04	1.315825538736934796e-04
2.200000000000000000e+02	9.994630211337694560e-08	1.022618561954640326e-09	3.398981252492711871e-17	5.143007402647997413e-04	9.680634113058028620e-07	1.282552842431819567e-24	1.946771463497639779e-10	3.546160490027822877e-07	2.501486192598631104e-07	6.633739060283904644e-17	6.797764229387932454e-04	9.989263307147319943e-15	1.664663680082745581e-02	6.784106979741975907e-02	2.838706625518892628e-03	9.991239684680415505e-12	2.157711980558230189e-03	6.447437512093744110e-07	8.029593708324960118e-04	1.244724275705374713e-04
2.300000000000000000e+02	9.403870781589597155e-08	9.605429439953172454e-10	3.192654217491847789e-17	5.187358151951179924e-04	9.679675763966130128e-07	1.282425857394222902e-24	1.828597380872138329e-10	3.337570871269277416e-07	2.354496910118163989e-07	6.243959210089586388e-17	6.808576413298140064e-04	8.843278573090297771e-15	1.661841867852495436e-02	6.781834703557064470e-02	2.862510605759037517e-03	1.044450194026655532e-11	2.180449536717253209e-03	6.360097298173824118e-07	7.975021817009809305e-04	1.179165524391386383e-04
2.400000000000000000e+02	8.863544056240655103e-08	9.039072562119226929e-10	3.004408430844826893e-17	5.229055453195084573e-04	9.678760165430005385e-07	1.282304536362135110e-24	1.720779354317738482e-10	3.146634015146268732e-07	2.219911218553647153e-07	5.887068709604314731e-17	6.818231363754746277e-04	7.856241323816560135e-15	1.659189642812064144e-02	6.779694084924708930e-02	2.884882287128257873e-03	1.089772033281801105e-11	2.201869272716608806e-03	6.279314010024905269e-07	7.924212270010333892e-04	1.118539452953471949e-04
2.500000000000000000e+02	8.367705383027177573e-08	8.520570645123818963e-10	2.832068683500193860e-17	5.268327679685915789e-04	9.677884911008006707e-07	1.282188560527052443e-24	1.622071530615510579e-10	2.971291886394327227e-07	2.096289375072006425e-07	5.559250112076422162e-17	6.826878071935556670e-04	7.001849339137969182e-15	1.656692338335178163e-02	6.777674210202076777e-02	2.905945705172684624e-03	1.135089680708856202e-11	2.222080469199571098e-03	6.204387172756873805e-07	7.876793238842883177e-04	1.062323858288155744e-04
2.600000000000000000e+02	7.911304055390054762e-08	8.044378624886188285e-10	2.673791906197863661e-17	5.305376231734892445e-04	9.677047757790896021e-07	1.282077632743812112e-24	1.531418289915009936e-10	2.809792347564730478e-07	1.982404543772817752e-07	5.257250469978027362e-17	6.834642610975219133e-04	6.258873197460471455e-15	1.654337027358613113e-02	6.775765409473162582e-02	2.925810166365811361e-03	1.180403319900233372e-11	2.241179948234050135e-03	6.134714637737149003e-07	7.832441916583970497e-04	1.010068652909195655e-04
2.700000000000000000e+02	7.490022481439774150e-08	7.605768672680828837e-10	2.528006662492126137e-17	5.340379590471048708e-04	9.676246615718283942e-07	1.281971476115754434e-24	1.447919590314104502e-10	2.660634762890400913e-07	1.877205138508519252e-07	4.978281493862767874e-17	6.841632268441292034e-04	5.610043694644754702e-15	1.652112260044367661e-02	6.773959075524425832e-02	2.944572471599762615e-03	1.225713124311686514e-11	2.259253887323030285e-03	6.069775802054162455e-07	7.790876588649397420e-04	9.613837924393286820e-05
2.800000000000000000e+02	7.100147540101130206e-08	7.200685132074431351e-10	2.393364932668182646e-17	5.373496629534490901e-04	9.675479536750793737e-07	1.281869832560476271e-24	1.370803352056643967e-10	2.522526347885043187e-07	1.779784561737537945e-07	4.719939319781196618e-17	6.847938817473852311e-04	5.041209516022744571e-15	1.650007849582397004e-02	6.772247515038327947e-02	2.962318731363977435e-03	1.271019257946915129e-11	2.276379310496504191e-03	6.009117966163833898e-07	7.751850079895667572e-04	9.159294190958650050e-05
2.900000000000000000e+02	6.738468952454876463e-08	6.825630094286675259e-10	2.268704081262792386e-17	5.404869359919898218e-04	9.674744704966266228e-07	1.281772461498060706e-24	1.299403674397338191e-10	2.394347604769597288e-07	1.689357214231917872e-07	4.480140902687800688e-17	6.853641141287327701e-04	4.540696388030540577e-15	1.648014694798184340e-02	6.770623824543259284e-02	2.979125868696038282e-03	1.316321876001889702e-11	2.292625331212122790e-03	5.952345514730243931e-07	7.715144531824887682e-04	8.734079997142218141e-05
3.000000000000000000e+02	6.402196762780916244e-08	6.477570796555495484e-10	2.153016078118513215e-17	5.434625210719075004e-04	9.674040424601331703e-07	1.281679138266928505e-24	1.233143206933400991e-10	2.275124172613226707e-07	1.605238928615210692e-07	4.257072138581049713e-17	6.858807348789899491e-04	4.098812343170304587e-15	1.646124632750561173e-02	6.769081786703035064e-02	2.995062867848561836e-03	1.361621125455641547e-11	2.308054191417996392e-03	5.899110994516569025e-07	7.680567032773245395e-04	8.335578266653366497e-05
3.100000000000000000e+02	6.088894910618236656e-08	6.153865206563582920e-10	2.045422764123820941e-17	5.462878940049051626e-04	9.673365113696784520e-07	1.281589653282132923e-24	1.171518983034968587e-10	2.164004119013083973e-07	1.526831169598095231e-07	4.049145973397915621e-17	6.863496492061393114e-04	3.707464128122963600e-15	1.644330315464232611e-02	6.767615783088835879e-02	3.010191818317695459e-03	1.406917145615018272e-11	2.322722135414015225e-03	5.849107932149540715e-07	7.647946085138770467e-04	7.961477295120320604e-05
3.200000000000000000e+02	5.796427003769370943e-08	5.852201410371493213e-10	1.945155704964893628e-17	5.489734241917004461e-04	9.672717292789528084e-07	1.281503810537354145e-24	1.114090881062967379e-10	2.060239366145510686e-07	1.453608100475310680e-07	3.854968111280215047e-17	6.867759970462668749e-04	3.359856604651748233e-15	1.642625106146687261e-02	6.766220720334224781e-02	3.024568793703912538e-03	1.452210068624283418e-11	2.336680149596179895e-03	5.802064856271811915e-07	7.617128629772358965e-04	7.609727084881474403e-05
3.300000000000000000e+02	5.522911717983151230e-08	5.570547874532743565e-10	1.851539659239701166e-17	5.515285108924434989e-04	9.672095577868077113e-07	1.281421426671721714e-24	1.060472155715984371e-10	1.963170378682245193e-07	1.385105908110633858e-07	3.673308710833955213e-17	6.871642685552772824e-04	3.050255386732428509e-15	1.641002991335921424e-02	6.764891967299947739e-02	3.038244595555688373e-03	1.497500019925872543e-11	2.349974591876774922e-03	5.757740371437824728e-07	7.587977577332377741e-04	7.278502950564918724e-05
3.400000000000000000e+02	5.266685629684476577e-08	5.307112115204410289e-10	1.763978840890561304e-17	5.539616991206816523e-04	9.671498672502448418e-07	1.281342329927186488e-24	1.010321569825344919e-10	1.872213372504781354e-07	1.320913875935152606e-07	3.503078715925175309e-17	6.875183996370162146e-04	2.773797754496052618e-15	1.639458506173579674e-02	6.763625301363690445e-02	3.051265386000000680e-03	1.542787118690565099e-11	2.362647729680231873e-03	5.715919014707272435e-07	7.560369709668758815e-04	6.966174714284731513e-05
3.500000000000000000e+02	5.026272903986794274e-08	5.060306999132291413e-10	1.681945718320350042e-17	5.562807790786282501e-04	9.670925362782846816e-07	1.281266359478097640e-24	9.633369790381472168e-11	1.786849877029554693e-07	1.260667097748430983e-07	3.343310536927828550e-17	6.878418514775116706e-04	2.526341933442366526e-15	1.637986670400029890e-02	6.762416862197477563e-02	3.063673229502643282e-03	1.588071478214206888e-11	2.374738202898327849e-03	5.676407821739978229e-07	7.534193932807289103e-04	6.671281558729258811e-05
3.600000000000000000e+02	4.800359408856086858e-08	4.828722078309030253e-10	1.604971486601718508e-17	5.584928708838803697e-04	9.670374509613202674e-07	1.281193364410228876e-24	9.192498747656272050e-11	1.706617791069193697e-07	1.204040223709930966e-07	3.193141468594312125e-17	6.881376767175262149e-04	2.304345046792871955e-15	1.636582933725478500e-02	6.761263112148438448e-02	3.075506555233012331e-03	1.633353206284368683e-11	2.386281420708587838e-03	5.639033420410104371e-07	7.509349785699255889e-04	6.392510065978219481e-05
3.700000000000000000e+02	4.587771344322120632e-08	4.611099930444903878e-10	1.532638203519096932e-17	5.606044988386123728e-04	9.669845042355002794e-07	1.281123202878756039e-24	8.778208800934120493e-11	1.631104002733951613e-07	1.150742303709025084e-07	3.051800017553115072e-17	6.884085756472341439e-04	2.104764592246585405e-15	1.635243128004170918e-02	6.760160801387929408e-02	3.086800561767825621e-03	1.678632405519391899e-11	2.397309910599629366e-03	5.603639562738189381e-07	7.485746163694487589e-04	6.128676079196840060e-05
3.800000000000000000e+02	4.387456857443808645e-08	4.406315878162376589e-10	1.464572048631429772e-17	5.626216549046633968e-04	9.669335956121882001e-07	1.281055741749839510e-24	8.388358889027862386e-11	1.559938013322212573e-07	1.100512319934475435e-07	2.918594057090551825e-17	6.886569430285156834e-04	1.924977768753821026e-15	1.633963426474932534e-02	6.759106938104322837e-02	3.097587561985163870e-03	1.723909173679945516e-11	2.407853616889920386e-03	5.570085014044654832e-07	7.463300217754870311e-04	5.878708788240164423e-05
3.900000000000000000e+02	4.198470768710527620e-08	4.213361139329973703e-10	1.400437722777532766e-17	5.645498542161761111e-04	9.668846304077743132e-07	1.280990855580295115e-24	8.021028581816721624e-11	1.492786647820118345e-07	1.053115486626698853e-07	2.792901016087159509e-17	6.888849080733046608e-04	1.762715681419107485e-15	1.632740307946091776e-02	6.758098762200910603e-02	3.107897286064091776e-03	1.769183603958378712e-11	2.417940164119852190e-03	5.538241781421531262e-07	7.441936429049196035e-04	5.641637508065214186e-05
4.000000000000000000e+02	4.019961319768389273e-08	4.031328256058459027e-10	1.339933604963580009e-17	5.663941837383398761e-04	9.668375196037359090e-07	1.280928426432210032e-24	7.674490341268604720e-11	1.429349449960284360e-07	1.008340022158430222e-07	2.674159320254140083e-17	6.890943683916414238e-04	1.616008901983329243e-15	1.631570525619851705e-02	6.757133722317529290e-02	3.117757145216259237e-03	1.814455785248014996e-11	2.427595087158212778e-03	5.507993544887938830e-07	7.421585777233044492e-04	5.416580015274157097e-05
4.100000000000000000e+02	3.851158951446535821e-08	3.859398766820909295e-10	1.282787654820454975e-17	5.681593446108784001e-04	9.667921791609158319e-07	1.280868342964484204e-24	7.347186052721319909e-11	1.369354779855257572e-07	9.659944129332450722e-08	2.561861137402796680e-17	6.892870189906913055e-04	1.483142527965594596e-15	1.630451079769117129e-02	6.756209455619323345e-02	3.127192462797370731e-03	1.859725802393041865e-11	2.436842033588940051e-03	5.479234364788756575e-07	7.402185059010195963e-04	5.202732600159375029e-05
4.200000000000000000e+02	3.691366656522418733e-08	3.696832626486643792e-10	1.228753896032991199e-17	5.698496896781525718e-04	9.667485298592206483e-07	1.280810500220480778e-24	7.037706883686001592e-11	1.312556456029431222e-07	9.259050582968901073e-08	2.455546132940224830e-17	6.894643771389859319e-04	1.362618779939470570e-15	1.629379193701549836e-02	6.755323769954606206e-02	3.136226677592837513e-03	1.904993736415788038e-11	2.445702942368199219e-03	5.451867508651655832e-07	7.383676258237151973e-04	4.999361466915869836e-05
4.300000000000000000e+02	3.539951534143944452e-08	3.542958971875561313e-10	1.177609346993487248e-17	5.714692564249980022e-04	9.667064969086148367e-07	1.280754799112646769e-24	6.744775704131731097e-11	1.258730810747568061e-07	8.879142035137224792e-08	2.354795989131070373e-17	6.896278037470864129e-04	1.253125686348589962e-15	1.628352292585838468e-02	6.754474628086398758e-02	3.144881522883015944e-03	1.950259664734559539e-11	2.454198201716046527e-03	5.425804451228761099e-07	7.366006008160259607e-04	4.805795068194614744e-05
4.400000000000000000e+02	3.396337781764102527e-08	3.397168444021955877e-10	1.129151468874559521e-17	5.730217961595697506e-04	9.666660096447507209e-07	1.280701146019313720e-24	6.467232470295310821e-11	1.207674247708911058e-07	8.518782266174185404e-08	2.259229862684083509e-17	6.897785218216899656e-04	1.153511033302461354e-15	1.627367984715091115e-02	6.753660133694990020e-02	3.153177184871681828e-03	1.995523661363159536e-11	2.462346789262423018e-03	5.400964037804412291e-07	7.349125143715033986e-04	4.621417809262732380e-05
4.500000000000000000e+02	3.260000250762467615e-08	3.258906172474640430e-10	1.083195833749731599e-17	5.745107999257560326e-04	9.666270011802280649e-07	1.280649452322652017e-24	6.204020868815820585e-11	1.159200988463628448e-07	8.176660539099530871e-08	2.168500183388771989e-17	6.899176324524406399e-04	1.062760164103601682e-15	1.626424044851258049e-02	6.752878518893548621e-02	3.161132443516842701e-03	2.040785797096128327e-11	2.470166397049948243e-03	5.377271681993945556e-07	7.332988259904835420e-04	4.445664080732875215e-05
4.600000000000000000e+02	3.130459013907324416e-08	3.127665855008379916e-10	1.039574156806998306e-17	5.759395215723212783e-04	9.665894082974304296e-07	1.280599634266698720e-24	5.954177046215832848e-11	1.113141172510197236e-07	7.851578250851938286e-08	2.082289114650654177e-17	6.900461286723482074e-04	9.799773641108810683e-16	1.625518399480054693e-02	6.752128133148023459e-02	3.168764797191997874e-03	2.086046139683472326e-11	2.477673542468359844e-03	5.354658719016952330e-07	7.317553360935055142e-04	4.278013237328496832e-05
4.700000000000000000e+02	3.007274686077256194e-08	3.002984659611925818e-10	9.981326018708212903e-18	5.773109982852952897e-04	9.665531710686793878e-07	1.280551612454153783e-24	5.716819903759799762e-11	1.069339222418172836e-07	7.542437450846247742e-08	2.000305509150031219e-17	6.901649075481266571e-04	9.043701041939286365e-16	1.624649113587489299e-02	6.751407433307972383e-02	3.176090574468288814e-03	2.131304753991819844e-11	2.484883668061516060e-03	5.333061833461347463e-07	7.302781547775633823e-04	4.117985272792615297e-05
4.800000000000000000e+02	2.890044144100711073e-08	2.884438584239169636e-10	9.587302390754922010e-18	5.786280688891899020e-04	9.665182325605310878e-07	1.280505311454590350e-24	5.491142263760423304e-11	1.027652341684939868e-07	7.248230262863313547e-08	1.922282103992861962e-17	6.902747807207333403e-04	8.352355156534377045e-16	1.623814378894675864e-02	6.750714974715128769e-02	3.183125033569328931e-03	2.176561702154327543e-11	2.491811230547769703e-03	5.312422507828178379e-07	7.288636709169970390e-04	3.965136773569647105e-05
4.900000000000000000e+02	2.778396978248987631e-08	2.771638597440005586e-10	9.212377620874253551e-18	5.798933905728754189e-04	9.664845389574845679e-07	1.280460659968391779e-24	5.276403522454883061e-11	9.879492733126438699e-08	6.968030167150281840e-08	1.847973209123463732e-17	6.903764836466984604e-04	7.719489769292267301e-16	1.623012503260717887e-02	6.750049403171089202e-02	3.189882451935683542e-03	2.221817043710461684e-11	2.498469781230166185e-03	5.292686603586595681e-07	7.275085294059580650e-04	3.819057600440706592e-05
5.000000000000000000e+02	2.671992145828109634e-08	2.664227023258910846e-10	8.855362865171816276e-18	5.811094535387797836e-04	9.664520391306530982e-07	1.280417590255278257e-24	5.071922767895579219e-11	9.501091236990041433e-08	6.700983712763690020e-08	1.777152509785313538e-17	6.904706836980704834e-04	7.139542029440264609e-16	1.622241901201306943e-02	6.749409447733627221e-02	3.196376206361667242e-03	2.267070835744428088e-11	2.504872038116611865e-03	5.273803929027791972e-07	7.262096067269743381e-04	3.679367666595701608e-05
5.100000000000000000e+02	2.570515170932412340e-08	2.561874507711195169e-10	8.515163416363792069e-18	5.822785943231506816e-04	9.664206844129978469e-07	1.280376037836546191e-24	4.877073004997067685e-11	9.140203805717471634e-08	6.446303611739806288e-08	1.709611235395795908e-17	6.905579872924864351e-04	6.607548246758733809e-16	1.621501085333903677e-02	6.748793914200323929e-02	3.202618845289111667e-03	2.312323133004312973e-11	2.511029951152845847e-03	5.255727890876427831e-07	7.249639915799384023e-04	3.545714271477331088e-05
5.200000000000000000e+02	2.473675577392205585e-08	2.464277249057197060e-10	8.190769497757963163e-18	5.834030079592584942e-04	9.663904286549294522e-07	1.280335941568722842e-24	4.691275882777844298e-11	8.795800109535607360e-08	6.203262388091806945e-08	1.645156475521474443e-17	6.906389461770405091e-04	6.119070863055975850e-16	1.620788658669981147e-02	6.748201679223525540e-02	3.208622153941635431e-03	2.357573988019651481e-11	2.516954761136303790e-03	5.238415165241668621e-07	7.237689662620446201e-04	3.417769610221743442e-05
5.300000000000000000e+02	2.381204668298940301e-08	2.371154600497328844e-10	7.881248295087806527e-18	5.844847587612833194e-04	9.663612278939478089e-07	1.280297243205899660e-24	4.513997130583874312e-11	8.466926802857041609e-08	5.971186878533146405e-08	1.583609721699109556e-17	6.907140629825660356e-04	5.670135673378983198e-16	1.620103307638891266e-02	6.747631684971296118e-02	3.214397213269480982e-03	2.402823451209665562e-11	2.522657053161985428e-03	5.221825420914655204e-07	7.226219911485069151e-04	3.295228622678055718e-05
5.400000000000000000e+02	2.292853510123842048e-08	2.282246899858110294e-10	7.585736742819569044e-18	5.855257902383986324e-04	9.663330403057064339e-07	1.280259887334896606e-24	4.344742426437313586e-11	8.152700423832606115e-08	5.749453224773784991e-08	1.524805539593219435e-17	6.907837961403632057e-04	5.257177220125214384e-16	1.619443795774941006e-02	6.747082934285156264e-02	3.219954453288673222e-03	2.448071570985577810e-11	2.528146805095025148e-03	5.205921050492924381e-07	7.215206892730929378e-04	3.177807018565387178e-05
5.500000000000000000e+02	2.208391195669641283e-08	2.197313597085380612e-10	7.303435300311293761e-18	5.865279340177001954e-04	9.663058260095248074e-07	1.280223821117609034e-24	4.183053832324202051e-11	7.852301288517831994e-08	5.537482578216648091e-08	1.468590430056172813e-17	6.908485642461548821e-04	4.876991673173431708e-16	1.618808957980152549e-02	6.746554486269584761e-02	3.225303701550164860e-03	2.493318393848205851e-11	2.533433431719019340e-03	5.190666950737517184e-07	7.204628339294549518e-04	3.065239582055413265e-05
5.600000000000000000e+02	2.127603183121219294e-08	2.116131474891151992e-10	7.033602037596076773e-18	5.874929180620174721e-04	9.662795470748192594e-07	1.280188994299513678e-24	4.028506406819504231e-11	7.564967626870460106e-08	5.334736961349339354e-08	1.414821731722772282e-17	6.909087499381616525e-04	4.526695305952838100e-16	1.618197695314192025e-02	6.746045452278133514e-02	3.230454227156700792e-03	2.538563964474777860e-11	2.538525824916197226e-03	5.176030307229130892e-07	7.194463362355597901e-04	2.957278501855511540e-05
5.700000000000000000e+02	2.050289903444277427e-08	2.038493151607320219e-10	6.775547659164905535e-18	5.884223740435005033e-04	9.662541673288218312e-07	1.280155358954933521e-24	3.880705354952862979e-11	7.289990705359152751e-08	5.140715842773122595e-08	1.363366712840008312e-17	6.909647033516647455e-04	4.203688690916357608e-16	1.617608970245136904e-02	6.745554992247175530e-02	3.235414780879760852e-03	2.583808325810009341e-11	2.543432390364242651e-03	5.161980410965898314e-07	7.184692346206329348e-04	2.853691995265988341e-05
5.800000000000000000e+02	1.976265481477809002e-08	1.964205710291932253e-10	6.528630947387949172e-18	5.893178440787982938e-04	9.662296522067030899e-07	1.280122869288474749e-24	3.739283418422299103e-11	7.026710265530909361e-08	4.954952898413002617e-08	1.314101712465291193e-17	6.910167451999489749e-04	3.905625253611088387e-16	1.617041802323005220e-02	6.745082311349477611e-02	3.240193631705044330e-03	2.629051519140554557e-11	2.548161081033375932e-03	5.148488491045660997e-07	7.175296851730603859e-04	2.754263025731071150e-05
5.900000000000000000e+02	1.905356576840879481e-08	1.893089458519792242e-10	6.292254640304642684e-18	5.901807870000466650e-04	9.662059687794227834e-07	1.280091481671924428e-24	3.603898514593622617e-11	6.774510484997156481e-08	4.777013188638775467e-08	1.266911391937076026e-17	6.910651695294170189e-04	3.630383686985028409e-16	1.616495264217582273e-02	6.744626656923130570e-02	3.244798600298011947e-03	2.674293584175938720e-11	2.552719427924980342e-03	5.135527560189520259e-07	7.166259526549441112e-04	2.658788130682148787e-05
6.000000000000000000e+02	1.837401360008463777e-08	1.824976832498200512e-10	6.065861789121900303e-18	5.910125839787561119e-04	9.661830855915113841e-07	1.280061154429339088e-24	3.474231650252867552e-11	6.532816331205474312e-08	4.606490568411467192e-08	1.221688048143292557e-17	6.911102461854782414e-04	3.376043758864996536e-16	1.615968478094461161e-02	6.744187315657446113e-02	3.249237089610927491e-03	2.719534559115766737e-11	2.557114568238815031e-03	5.123072282877613544e-07	7.157564028967239138e-04	2.567076386323675568e-05
6.100000000000000000e+02	1.772248540611130369e-08	1.759711362065184587e-10	5.848932318073609920e-18	5.918145436723675108e-04	9.661609725282500289e-07	1.280031847661068814e-24	3.349984951261495125e-11	6.301090134323163935e-08	4.443005274165127360e-08	1.178330973642631286e-17	6.911522230214725993e-04	3.140864889814030113e-16	1.615460612305623378e-02	6.743763611018811777e-02	3.253516112833268470e-03	2.764774480720718896e-11	2.561353271138767842e-03	5.111098836254294624e-07	7.149194945065828755e-04	2.478948405335004490e-05
6.200000000000000000e+02	1.709756573024661763e-08	1.697146819446565533e-10	5.640980195058065368e-18	5.925879071207722660e-04	9.661396009180795554e-07	1.280003523379449148e-24	3.230880042035542374e-11	6.078828791270503651e-08	4.286201958528837763e-08	1.136745935545476947e-17	6.911913278857691710e-04	2.923267539368309591e-16	1.614970878330609233e-02	6.743354900866457835e-02	3.257642319221135466e-03	2.810013384375310611e-11	2.565441961614716576e-03	5.099584816445498707e-07	7.141137735994739204e-04	2.394235535641383905e-05
6.300000000000000000e+02	1.649792824177550300e-08	1.637146337364462939e-10	5.441550500405644652e-18	5.933338519534808861e-04	9.661189431836553267e-07	1.279976145046482656e-24	3.116656366678447622e-11	5.865560810802018614e-08	4.135747595089048941e-08	1.096844619921860946e-17	6.912277704062782559e-04	2.721816363622251948e-16	1.614498527980294529e-02	6.742960575269446588e-02	3.261622017711776535e-03	2.855251304145732375e-11	2.569386742333838389e-03	5.088509108824748432e-07	7.133378658687765037e-04	2.312778983580067267e-05
6.400000000000000000e+02	1.592233014385922662e-08	1.579581804178407990e-10	5.250217416447897300e-18	5.940534966342004381e-04	9.660989730876773685e-07	1.279949677899568039e-24	3.007070037504431930e-11	5.660844352767275216e-08	3.991330104936561762e-08	1.058544267620669018e-17	6.912617435998180942e-04	2.535205972345011873e-16	1.614042850807789059e-02	6.742580054481879526e-02	3.265461198780979842e-03	2.900488272840566763e-11	2.573193413902131414e-03	5.077851825293024868e-07	7.125904732237452709e-04	2.234429275185311227e-05
6.500000000000000000e+02	1.536960375320201274e-08	1.524332983657602559e-10	5.066581301815228442e-18	5.947479040058742438e-04	9.660796654076707982e-07	1.279924088520568501e-24	2.901892159338390070e-11	5.464264224107111563e-08	3.852656224820115852e-08	1.021767108952466354e-17	6.912934253205992117e-04	2.362247195872239548e-16	1.613603171742329645e-02	6.742212787089185699e-02	3.269165554428688815e-03	2.945724322062025480e-11	2.576867493423180399e-03	5.067594191916225990e-07	7.118703668446359125e-04	2.159045308099392482e-05
6.600000000000000000e+02	1.483865251478123758e-08	1.471287079543234136e-10	4.890267244128436920e-18	5.954180848634612125e-04	9.660609960842741893e-07	1.279899345032327215e-24	2.800908000568419215e-11	5.275430491659986386e-08	3.719450538318456399e-08	9.864401068040397040e-18	6.913229795706237997e-04	2.201856084775210942e-16	1.613178848888579056e-02	6.741858248281722144e-02	3.272740496753307870e-03	2.990959482260333904e-11	2.580414231771612377e-03	5.057718479317095986e-07	7.111763831369063114e-04	2.086493993408094176e-05
6.700000000000000000e+02	1.432844508409297496e-08	1.420338112532060948e-10	4.720922989215785696e-18	5.960650010431615487e-04	9.660429420454901872e-07	1.279875416865803186e-24	2.703915807102073515e-11	5.093976372940694971e-08	3.591453979779718812e-08	9.524945599238232910e-18	6.913505576826479721e-04	2.053043385301460789e-16	1.612769271507379781e-02	6.741515938268055619e-02	3.276191175001958149e-03	3.036193782782039077e-11	2.583838629475519646e-03	5.048207932863966176e-07	7.105074195857507798e-04	2.016649607166269380e-05
6.800000000000000000e+02	1.383801097739097814e-08	1.371386456446573594e-10	4.558217399434691451e-18	5.966895683569013297e-04	9.660254810885292837e-07	1.279852274603544987e-24	2.610725919368171207e-11	4.919556701546192161e-08	3.468422755247681400e-08	9.198658167883686797e-18	6.913762993963315680e-04	1.914905477827768368e-16	1.612373858116765077e-02	6.741185380779621261e-02	3.279522491599991610e-03	3.081427251912807583e-11	2.587145451680736979e-03	5.039046708986976743e-07	7.098624309672258966e-04	1.949393343772947313e-05
6.900000000000000000e+02	1.336643558986237412e-08	1.324338314938433401e-10	4.401838714337762357e-18	5.972926594100729045e-04	9.660085920561434418e-07	1.279829890213290144e-24	2.521159776110929012e-11	4.751846161441355332e-08	3.350127091555331693e-08	8.884929438935241683e-18	6.914003338216994504e-04	1.786615953247421961e-16	1.611992054781926503e-02	6.740866121723208815e-02	3.282739116589490462e-03	3.126659916925040772e-11	2.590339241638210405e-03	5.030219804430357090e-07	7.092404249958367875e-04	1.884612767047540028e-05
7.000000000000000000e+02	1.291285648095432701e-08	1.279105327732852956e-10	4.251493241907303127e-18	5.978751060742129890e-04	9.659922546368131408e-07	1.279808236783247847e-24	2.435049164792882994e-11	4.590537966205750659e-08	3.236350310957965469e-08	8.583184803754099151e-18	6.914227803308700378e-04	1.667418624998770448e-16	1.611623333478087727e-02	6.740557727888327189e-02	3.285845501447481973e-03	3.171891804119261583e-11	2.593424333639939450e-03	5.021713006681956057e-07	7.086404593784977708e-04	1.822201415641457549e-05
7.100000000000000000e+02	1.247645983808660454e-08	1.235604194624240516e-10	4.106904108791418069e-18	5.984377017453526397e-04	9.659764492248401920e-07	1.279787288336748652e-24	2.352235505790886520e-11	4.435342619030441128e-08	3.126887947067360170e-08	8.292882035852304030e-18	6.914437493525884713e-04	1.556620500810428114e-16	1.611267190609438904e-02	6.740259785776543666e-02	3.288845891587028909e-03	3.217122938862351613e-11	2.596404864734506296e-03	5.013512841526650611e-07	7.080616386676030251e-04	1.762058436492036900e-05
7.200000000000000000e+02	1.205647714974426020e-08	1.193756325953715349e-10	3.967810098560664679e-18	5.989812036764218146e-04	9.659611571103810624e-07	1.279767020084012602e-24	2.272569187006146411e-11	4.285986714361897107e-08	3.021546902981174497e-08	8.013509058471213079e-18	6.914633431024136846e-04	1.453586412928897831e-16	1.610923145614127569e-02	6.739971900497009061e-02	3.291744338132217632e-03	3.262353345623273685e-11	2.599284785780121843e-03	5.005606528104434662e-07	7.075031115199465490e-04	1.704088216001589992e-05
7.300000000000000000e+02	1.165218197732179216e-08	1.153487502402042123e-10	3.833964520927260482e-18	5.995063349546270529e-04	9.659463603499497249e-07	1.279747408250575900e-24	2.195908916207966766e-11	4.142211801655379302e-08	2.920144645927861275e-08	7.744581808996731996e-18	6.914816562463403388e-04	1.357733448114475014e-16	1.610590739666575844e-02	6.739693694737511342e-02	3.294544708871121903e-03	3.307583048013761384e-11	2.602067871742135517e-03	4.997981930564446594e-07	7.069640677265507430e-04	1.648200030353960219e-05
7.400000000000000000e+02	1.126288715711935751e-08	1.114727580322990310e-10	3.705134232331662237e-18	6.000137863223264142e-04	9.659320416268355225e-07	1.279728429892371513e-24	2.122121160073438484e-11	4.003773396899601216e-08	2.822508514178466000e-08	7.485642401069007528e-18	6.914987765048472099e-04	1.268526271358840428e-16	1.610269534475397557e-02	6.739424807810381890e-02	3.297250698400939779e-03	3.352812068820711574e-11	2.604757731241197881e-03	4.990627519587174146e-07	7.064437358761770092e-04	1.594307739818593669e-05
7.500000000000000000e+02	1.088794235649767935e-08	1.077410233610257283e-10	3.581098777959441824e-18	6.005042180557002007e-04	9.659181843890403663e-07	1.279710063078476474e-24	2.051079652776441077e-11	3.870440109561996037e-08	2.728475094557321556e-08	7.236257473928138331e-18	6.915147852054217940e-04	1.185472887413564447e-16	1.609959111153859423e-02	6.739164894754501312e-02	3.299865837660328170e-03	3.398040430037631482e-11	2.607357815539161194e-03	4.983532339539478155e-07	7.059413813866077022e-04	1.542329525515247487e-05
7.600000000000000000e+02	1.052673139516298789e-08	1.041472673890544130e-10	3.461649461718585010e-18	6.009782614888765093e-04	9.659047726533079221e-07	1.279692286631474761e-24	1.982664863315867075e-11	3.741992691587773691e-08	2.637889554031453869e-08	6.996016419931073426e-18	6.915297577825546679e-04	1.108120738825583045e-16	1.609659069183122862e-02	6.738913625510287164e-02	3.302393502679611733e-03	3.443268152895444711e-11	2.609871426796176678e-03	4.976685966272614856e-07	7.054563038397493975e-04	1.492187586842000419e-05
7.700000000000000000e+02	1.017867037863379790e-08	1.006855452394807657e-10	3.346588687698873458e-18	6.014365206649443249e-04	9.658917911203440197e-07	1.279675080280114149e-24	1.916763618335629478e-11	3.618223378068448343e-08	2.550605171632027199e-08	6.764530143357762228e-18	6.915437642425540906e-04	1.036053307073052961e-16	1.609369025417936583e-02	6.738670684127225086e-02	3.304836922970274225e-03	3.488495257894134777e-11	2.612301725999926008e-03	4.970078479754199017e-07	7.049878353386150294e-04	1.443807945285643701e-05
7.800000000000000000e+02	9.843205404799804996e-09	9.735022208679706082e-11	3.235729165483197541e-18	6.018795736925803544e-04	9.658792250276571726e-07	1.279658424464337433e-24	1.853268646965628425e-11	3.498935074361917340e-08	2.466482768081997703e-08	6.541429547895902440e-18	6.915568695819609805e-04	9.688869265305414829e-17	1.609088613175022747e-02	6.738435768036367401e-02	3.307199189218258065e-03	3.533721764829309242e-11	2.614651740246366762e-03	4.963700434128992210e-07	7.045353386544054653e-04	1.397120182053702185e-05
7.900000000000000000e+02	9.519810716262687906e-09	9.413595376752997617e-11	3.128893265683631187e-18	6.023079741667455942e-04	9.658670602498559607e-07	1.279642300468162148e-24	1.792078211704115200e-11	3.383940689925031146e-08	2.385390228664131767e-08	6.326364271416219092e-18	6.915691341730028458e-04	9.062679608522283561e-17	1.608817481378395017e-02	6.738208587367701397e-02	3.309483260495983941e-03	3.578947692821983378e-11	2.616924369570963315e-03	4.957542827186614486e-07	7.040982053084995917e-04	1.352057233734248476e-05
8.000000000000000000e+02	9.207987137179516608e-09	9.103767030405204030e-11	3.025912472305636114e-18	6.027222523164900555e-04	9.658552830864196312e-07	1.279626690138514442e-24	1.733095794758609181e-11	3.273062595228835160e-08	2.307202125820958301e-08	6.119001685199967594e-18	6.915806141169229121e-04	8.478702713207389179e-17	1.608555293753958365e-02	6.737988864305984038e-02	3.311691971057062738e-03	3.624173060339138199e-11	2.619122393394061020e-03	4.951597078976177457e-07	7.036758542806513875e-04	1.308555222170062915e-05
8.100000000000000000e+02	8.907260161532521656e-09	8.805055607272456280e-11	2.926626723576475675e-18	6.031229163251441159e-04	9.658438804605024495e-07	1.279611576148603359e-24	1.676229720504418309e-11	3.166131935982772274e-08	2.231799231167117856e-08	5.919025599887715352e-18	6.915913615677050019e-04	7.933928360552519532e-17	1.608301728077283360e-02	6.737776332488316922e-02	3.313828036684507861e-03	3.669397885222787453e-11	2.621248476550049056e-03	4.945855004486618298e-07	7.032677302767669425e-04	1.266553231318317671e-05
8.200000000000000000e+02	8.617178652622898938e-09	8.517003609784638986e-11	2.830883956383281398e-18	6.035104533337835170e-04	9.658328397220914998e-07	1.279596941737146419e-24	1.621392894560926024e-11	3.062988171904020281e-08	2.159068190576535035e-08	5.726135403899031957e-18	6.916014250293536390e-04	7.425576793519375077e-17	1.608056475465395596e-02	6.737570736436430952e-02	3.315894060665024439e-03	3.714622184711609687e-11	2.623305174967817833e-03	4.940308790654701904e-07	7.028733022853121421e-04	1.225993166292921209e-05
8.300000000000000000e+02	8.337313436315903452e-09	8.239176136916968762e-11	2.738539618256410052e-18	6.038853305444378183e-04	9.658221487324965286e-07	1.279582770820298903e-24	1.568502524279396636e-11	2.963478578616363232e-08	2.088901172394629779e-08	5.540045130565110459e-18	6.916108496285419465e-04	6.951079534589493422e-17	1.607819239716449036e-02	6.737371831026833791e-02	3.317892539360216882e-03	3.759845975465960126e-11	2.625294940972755682e-03	4.934950980709685738e-07	7.024920626391242297e-04	1.186819592815062171e-05
8.400000000000000000e+02	8.067255905907604047e-09	7.971159434109918735e-11	2.649456185391604902e-18	6.042479961532341501e-04	9.658117957666014949e-07	1.279569047862154418e-24	1.517479842689470992e-11	2.867457747515942838e-08	2.021195512171925472e-08	5.360482516033027218e-18	6.916196773655589134e-04	6.508061785526280776e-17	1.607589736684936904e-02	6.737179380988764232e-02	3.319825867477923902e-03	3.805069273584758724e-11	2.627220128310779525e-03	4.929774450270619688e-07	7.021235254761531768e-04	1.148979576131198242e-05
8.500000000000000000e+02	7.806616867443958129e-09	7.712559687072729050e-11	2.563502761734222072e-18	6.045988802949729029e-04	9.658017695339349382e-07	1.279555757902658660e-24	1.468249878874115361e-11	2.774787179049885811e-08	1.955853427661311469e-08	5.187188243496750473e-18	6.916279473449228827e-04	6.094326692419371240e-17	1.607367693696535108e-02	6.736993160433642214e-02	3.321696343008533319e-03	3.850292094630518194e-11	2.629082996856874424e-03	4.924772389630989733e-07	7.017672256261949784e-04	1.112422550291979786e-05
8.600000000000000000e+02	7.555025588482913241e-09	7.463002022007134088e-11	2.480554746673434284e-18	6.049383959233650167e-04	9.657920591790524144e-07	1.279542886558123144e-24	1.420741267641037230e-11	2.685334946279346854e-08	1.892781780779869585e-08	5.019915311980961971e-18	6.916356959877894423e-04	5.707841164283200860e-17	1.607152848995234071e-02	6.736812952409954036e-02	3.323506171888290003e-03	3.895514453645466923e-11	2.630885717068364663e-03	4.919938289626351201e-07	7.014227177406186144e-04	1.077100213375018816e-05
8.700000000000000000e+02	7.312128488462450897e-09	7.222129156860876035e-11	2.400493386745671277e-18	6.052669396027653050e-04	9.657826542260382614e-07	1.279530419947687566e-24	1.374885992760144708e-11	2.598975221521377073e-08	1.831891740564189482e-08	4.858428142549433255e-18	6.916429572274461956e-04	5.346722301237478820e-17	1.606944951224544699e-02	6.736638548485082700e-02	3.325257472376649381e-03	3.940736365174352659e-11	2.632630374170201720e-03	4.915265921872374605e-07	7.010895750096704212e-04	1.042966369784151388e-05
8.800000000000000000e+02	7.077588193492496507e-09	6.989600417279216794e-11	2.323205448556426035e-18	6.055848922837170139e-04	9.657735445725988150e-07	1.279518344685499084e-24	1.330619199629088115e-11	2.515587948042755017e-08	1.773098554319151570e-08	4.702501971429394729e-18	6.916497626895019585e-04	5.009225464163483047e-17	1.606743758938192906e-02	6.736469748350602804e-02	3.326952279183512020e-03	3.985957843279216737e-11	2.634318972104310753e-03	4.910749326293127233e-07	7.007673883888324148e-04	1.009976821360924121e-05
8.900000000000000000e+02	6.851083056720497980e-09	6.765091216418062078e-11	2.248583045880461032e-18	6.058926200794431064e-04	9.657647205525080070e-07	1.279506647963453904e-24	1.287879096244679997e-11	2.435058666567682182e-08	1.716321423214100104e-08	4.551922520153274733e-18	6.916561418581345256e-04	4.693733906148467720e-17	1.606549040137207965e-02	6.736306359448564207e-02	3.328592547372523185e-03	4.031178901558448306e-11	2.635953437267810409e-03	4.906382798656295114e-07	7.004557658165223941e-04	9.780893229687593953e-06
9.000000000000000000e+02	6.632305560665522114e-09	6.548291434521947787e-11	2.176523101065689359e-18	6.061904748445970685e-04	9.657561727530150140e-07	1.279495317309266581e-24	1.246606644721139400e-11	2.357277945725733071e-08	1.661483100209073468e-08	4.406484929272428382e-18	6.916621222293749564e-04	4.398747705620280349e-17	1.606360571835187614e-02	6.736148196619894113e-02	3.330180156030446668e-03	4.076399553165905134e-11	2.637535622033316228e-03	4.902160873508033521e-07	7.001543310947886626e-04	9.472633770792722940e-06
9.100000000000000000e+02	6.420962293973811841e-09	6.338905356754601785e-11	2.106927324369293035e-18	6.064787949066251455e-04	9.657478921305282058e-07	1.279484340739760174e-24	1.206745549454886824e-11	2.282141374456820109e-08	1.608509884153251671e-08	4.265993742766805550e-18	6.916677294527904651e-04	4.122875677615150905e-17	1.606178139644684824e-02	6.735995081769960424e-02	3.331716911753181392e-03	4.121619810822995608e-11	2.639067308093217320e-03	4.898078318300850720e-07	6.998627235609022629e-04	9.174602502219831495e-06
9.200000000000000000e+02	6.216772665545659214e-09	6.136650367384365562e-11	2.039701779930859865e-18	6.067579056255584637e-04	9.657398699187300696e-07	1.279473706639112033e-24	1.168242008535011585e-11	2.209549107164344098e-08	1.557331300159143634e-08	4.130262060406368572e-18	6.916729874621602723e-04	3.864826237696948287e-17	1.606001537390110839e-02	6.735846843554971208e-02	3.333204551912436527e-03	4.166839686832048692e-11	2.640550209598956435e-03	4.894130114267359433e-07	6.995805968054927141e-04	8.886428089510105147e-06
9.300000000000000000e+02	6.019468437598068275e-09	5.941256455524658735e-11	1.974756721490331928e-18	6.070281200543478813e-04	9.657320977446897573e-07	1.279463403912695519e-24	1.131044619650492923e-11	2.139405694179921261e-08	1.507879977708171500e-08	3.999111214528077515e-18	6.916779185963940714e-04	3.623400027524357229e-17	1.605830566739307325e-02	6.735703317083395480e-02	3.334644747762423485e-03	4.212059193096110037e-11	2.641985976147913275e-03	4.890311450292370395e-07	6.993076183120199973e-04	8.607754700117337341e-06
9.400000000000000000e+02	5.828793133668557778e-09	5.752465600012766196e-11	1.912006387933920430e-18	6.072897393867963695e-04	9.657245674577266433e-07	1.279453421760352494e-24	1.095104262988828851e-11	2.071619870592064168e-08	1.460091501285853310e-08	3.872370373948781905e-18	6.916825437113386429e-04	3.397482939878948088e-17	1.605665036855308259e-02	6.735564343633490547e-02	3.336039107376430075e-03	4.257278341130529616e-11	2.643376195609834119e-03	4.886617713052370063e-07	6.990434688238140754e-04	8.338241317391778055e-06
9.500000000000000000e+02	5.644501300751217411e-09	5.570031012734716644e-11	1.851368751790308142e-18	6.075430535351154619e-04	9.657172712076225933e-07	1.279443749780004326e-24	1.060373957186882125e-11	2.006104296699936865e-08	1.413904228549162793e-08	3.749876061760147281e-18	6.916868822833125482e-04	3.186039492907101201e-17	1.605504764065165610e-02	6.735429770384301906e-02	3.337389178440282149e-03	4.302497142077400554e-11	2.644722396818502928e-03	4.883044474807520613e-07	6.987878415375823249e-04	8.077560835991502762e-06
9.600000000000000000e+02	5.466357916911745554e-09	5.393716527844167495e-11	1.792765316219132781e-18	6.077883416716469778e-04	9.657102015165251093e-07	1.279434378062917260e-24	1.026808743055737806e-11	1.942775347549048575e-08	1.369259141890997353e-08	3.631471761697505888e-18	6.916909525047986807e-04	2.988106887789009594e-17	1.605349571548875601e-02	6.735299450162894608e-02	3.338696450875836604e-03	4.347715606718439878e-11	2.646026052100943458e-03	4.879587486220995310e-07	6.985404416510847259e-04	7.825399349358847772e-06
9.700000000000000000e+02	5.294137926332321450e-09	5.223296118750260664e-11	1.736120954467330756e-18	6.080258725074984272e-04	9.657033509781504719e-07	1.279425296795189265e-24	9.943655916290859012e-12	1.881552943943403584e-08	1.326099726880753152e-08	3.517007595791010755e-18	6.916947713730045013e-04	2.802789638979444088e-17	1.605199289046110173e-02	6.735173241205939798e-02	3.339962359313655791e-03	4.392933745488295140e-11	2.647288579663064755e-03	4.876242667330545377e-07	6.983009857740860634e-04	7.581455611334676463e-06
9.800000000000000000e+02	5.127625917653316753e-09	5.058553558326733622e-11	1.681363796929394515e-18	6.082559049708658599e-04	9.656967126123722720e-07	1.279416496727540570e-24	9.630033394768316741e-12	1.822360439215385892e-08	1.284371893078613588e-08	3.406340114387196926e-18	6.916983547722828710e-04	2.629254755347896542e-17	1.605053752571087775e-02	6.735051006927524064e-02	3.341188285497098329e-03	4.438151568483386202e-11	2.648511345911754630e-03	4.873006101357288426e-07	6.980692015378718411e-04	7.345440691265252941e-06
9.900000000000000000e+02	4.966615277410383731e-09	4.899281562978786633e-11	1.628424946652180292e-18	6.084786884411137655e-04	9.656902795629403399e-07	1.279407968774812823e-24	9.326825257600469326e-12	1.765124319287259673e-08	1.244023762908440043e-08	3.299331736240779135e-18	6.917017175502917234e-04	2.466726730956211593e-17	1.604912804146947647e-02	6.734932615702712844e-02	3.342375560523219713e-03	4.483369085477320520e-11	2.649695667622044108e-03	4.869874024306687082e-07	6.978448268997002784e-04	7.117076872388043551e-06
1.000000000000000000e+03	4.810907962611122469e-09	4.745281549189474311e-11	1.577238398415765874e-18	6.086944632586917259e-04	9.656840452706157616e-07	1.279399704245364245e-24	9.033653458844240107e-12	1.709774121686132127e-08	1.205005614367715968e-08	3.195850596603472706e-18	6.917048735885741092e-04	2.314483542676316805e-17	1.604776291554596904e-02	6.734817940662862767e-02	3.343525466959996247e-03	4.528586305929647046e-11	2.650842813984143585e-03	4.866842818625295002e-07	6.976276097335350722e-04	6.896097425174428866e-06
1.010000000000000000e+03	4.660314139772708392e-09	4.596363259692444433e-11	1.527740914480682212e-18	6.089034610441154769e-04	9.656780033667454246e-07	1.279391694700068894e-24	8.750155803343168329e-12	1.656242304818842453e-08	1.167269787181605172e-08	3.095770298362977095e-18	6.917078358682036011e-04	2.171852788110634087e-17	1.604644068091048287e-02	6.734706859498450215e-02	3.344639240883759933e-03	4.573803238996841570e-11	2.651954008576283984e-03	4.863909008106495325e-07	6.974173075072382950e-04	6.682246182011103091e-06
1.020000000000000000e+03	4.514651632055279476e-09	4.452344201742314587e-11	1.479871837880136794e-18	6.091059051158745873e-04	9.656721477567604078e-07	1.279383932062937666e-24	8.475984877355888725e-12	1.604464053675671545e-08	1.130770547233768222e-08	2.998969552515917076e-18	6.917106165306684262e-04	2.038207936146755899e-17	1.604515992340869654e-02	6.734599254272377600e-02	3.345718073806920340e-03	4.619019893543838784e-11	2.653030431232823120e-03	4.861069250186394024e-07	6.972136867694383230e-04	6.475276831607970594e-06
1.030000000000000000e+03	4.373745634406744630e-09	4.313049350961830220e-11	1.433572993984688415e-18	6.093020107667717396e-04	9.656664725098404114e-07	1.279376408474937675e-24	8.210807484766329222e-12	1.554377176986041059e-08	1.095464012754847498e-08	2.905331982435781253e-18	6.917132269343713013e-04	1.912965087544182286e-17	1.604391927959646427e-02	6.734495011243109286e-02	3.346763114503324352e-03	4.664236278153476356e-11	2.654073219813952479e-03	4.858320329358597201e-07	6.970165227136702630e-04	6.274952590689061543e-06
1.040000000000000000e+03	4.237428364169477550e-09	4.178310792673231662e-11	1.388788571287908343e-18	6.094919855973610859e-04	9.656609718620158032e-07	1.279369116298107949e-24	7.954303964281793900e-12	1.505921981584848934e-08	1.061308065562842363e-08	2.814745888493023087e-18	6.917156777071858074e-04	1.795579914331079229e-17	1.604271743466592626e-02	6.734394020695036454e-02	3.347775470756888649e-03	4.709452401135684391e-11	2.655083471902660967e-03	4.855659152704726329e-07	6.968255988914804451e-04	6.081045775931468177e-06
1.050000000000000000e+03	4.105538706301955599e-09	4.047967358955375352e-11	1.345465000771372141e-18	6.096760298935842122e-04	9.656556403157441761e-07	1.279362048247478738e-24	7.706167498494364315e-12	1.459041150606686928e-08	1.028262266341634657e-08	2.727104023376711067e-18	6.917179787952771469e-04	1.685544806406656356e-17	1.604155312047613607e-02	6.734296176777318510e-02	3.348756211022138173e-03	4.754668270536046748e-11	2.656062246417198545e-03	4.853082744129215556e-07	6.966407068302349652e-04	5.893337363973367150e-06
1.060000000000000000e+03	3.977921947081288299e-09	3.921864353940678441e-11	1.303550864598814119e-18	6.098543368220974000e-04	9.656504724782422527e-07	1.279355197176890193e-24	7.466103590925047465e-12	1.413679642846660592e-08	9.962877814579788234e-09	2.642303398029353032e-18	6.917201395084318768e-04	1.582386301819714963e-17	1.604042511369307630e-02	6.734201377351632656e-02	3.349706365992145916e-03	4.799883894146366337e-11	2.657010565134582374e-03	4.850588240041942419e-07	6.964616457524351384e-04	5.711616672417150173e-06
1.070000000000000000e+03	3.854429356794462064e-09	3.799853131075657267e-11	1.262996755605921567e-18	6.100270927927634555e-04	9.656454631776323125e-07	1.279348556232860907e-24	7.233829261249711317e-12	1.369784549817585667e-08	9.653472842530990691e-09	2.560245019868170686e-18	6.917221685623621769e-04	1.485662566766666370e-17	1.603933223398166380e-02	6.734109523843914702e-02	3.350626930123242527e-03	4.845099279510269266e-11	2.657929414173868660e-03	4.848172882056023507e-07	6.962882220787603143e-04	5.535680821614274211e-06
1.080000000000000000e+03	3.734918226043374207e-09	3.681791118460706511e-11	1.223755285722774417e-18	6.101944777017395943e-04	9.656406074177474792e-07	1.279342118794729352e-24	7.009073093538604574e-12	1.327305102570359745e-08	9.354049570226328529e-09	2.480833898061358011e-18	6.917240741179888795e-04	1.394961415670161765e-17	1.603827334230648743e-02	6.734020521105145429e-02	3.351518863066580822e-03	4.890314433932840202e-11	2.658819745388461223e-03	4.845834016198079063e-07	6.961202493964697806e-04	5.365334839414834352e-06
1.090000000000000000e+03	3.619251068253110659e-09	3.567541022923850807e-11	1.185780821423753360e-18	6.103566652016576954e-04	9.656359003969263225e-07	1.279335878499524772e-24	6.791573721041853970e-12	1.286192396103240334e-08	9.064263003836978612e-09	2.403978537945229683e-18	6.917258638178888771e-04	1.309897830420282347e-17	1.603724733931909813e-02	6.733934277278845471e-02	3.352383091029510331e-03	4.935529364490862609e-11	2.659682477692929935e-03	4.843569083228212344e-07	6.959575477878021839e-04	5.200390570082491372e-06
1.100000000000000000e+03	3.507295890616853987e-09	3.456971088108987677e-11	1.149029569510954229e-18	6.105138229023152193e-04	9.656313374342140541e-07	1.279329829144225374e-24	6.581080317515074322e-12	1.246399475710753200e-08	8.783781893304508359e-09	2.329591089720575511e-18	6.917275448203569601e-04	1.230112446485215094e-17	1.603625316381003529e-02	6.733850703674168492e-02	3.353220508078783111e-03	4.980744078038700779e-11	2.660518498331660830e-03	4.841375620940081004e-07	6.957999440169612649e-04	5.040667107283263149e-06
1.110000000000000000e+03	3.398925668474540721e-09	3.349954567953804622e-11	1.113459402108692020e-18	6.106661126057298054e-04	9.656269139637549579e-07	1.279323964678307533e-24	6.377351594872931199e-12	1.207881156870682569e-08	8.512287495790174502e-09	2.257587020504296461e-18	6.917291238312282342e-04	1.155269570070331197e-17	1.603528979121869938e-02	6.733769714643371429e-02	3.354031977397653637e-03	5.025958581213765684e-11	2.661328664105385398e-03	4.839251254839907257e-07	6.956472708808607948e-04	4.885990086033118280e-06
1.120000000000000000e+03	3.294018264654015775e-09	3.246369639365962651e-11	1.079029827638801779e-18	6.108136906143886826e-04	9.656226256646478344e-07	1.279318279375798861e-24	6.180155636949756567e-12	1.170593995158663063e-08	8.249473353338758498e-09	2.187885055377296886e-18	6.917306071333134514e-04	1.085055632876546572e-17	1.603435623222001019e-02	6.733691227465647688e-02	3.354818332476968562e-03	5.071172880446267955e-11	2.662113802532912760e-03	4.837193697690469220e-07	6.954993671952869024e-04	4.736191606253993745e-06
1.130000000000000000e+03	3.192456068413710801e-09	3.146099039115912941e-11	1.045701870131013751e-18	6.109567078613789516e-04	9.656184683270203511e-07	1.279312767657836780e-24	5.989269208247799235e-12	1.134496157119068166e-08	7.995044379710726048e-09	2.120406935211116889e-18	6.917320006139278778e-04	1.019177574885442668e-17	1.603345153138292095e-02	6.733615162236765428e-02	3.355580378246408087e-03	5.116386981966230173e-11	2.662874712955909124e-03	4.835200743948854712e-07	6.953560774127773075e-04	4.591109752994101354e-06
1.140000000000000000e+03	3.094125905991155730e-09	3.049029968929836827e-11	1.013438037677731395e-18	6.110953100858044487e-04	9.656144378054075020e-07	1.279307424030905848e-24	5.804477573261504788e-12	1.099547387442485664e-08	7.748716624126761823e-09	2.055077354021528453e-18	6.917333097905205329e-04	9.573615122442920641e-18	1.603257476588978991e-02	6.733541441763707391e-02	3.356318892153575470e-03	5.161600891808380808e-11	2.663612167592622169e-03	4.833270267018055344e-07	6.952172514414494027e-04	4.450588503036356891e-06
1.150000000000000000e+03	2.998918874505178359e-09	2.955053925494876007e-11	9.822022659311433559e-19	6.112296381289778532e-04	9.656105301699925169e-07	1.279302243287211606e-24	5.625574172856474752e-12	1.065708951998148355e-08	7.510216878423229042e-09	1.991823854787292204e-18	6.917345398346568495e-04	8.993514416247257643e-18	1.603172504428416328e-02	6.733469991461520088e-02	3.357034625219586232e-03	5.206814615817945778e-11	2.664326912569738373e-03	4.831400217004572778e-07	6.950827444991402584e-04	4.314477518847834156e-06
1.160000000000000000e+03	2.906730036574116643e-09	2.864066393670781615e-11	9.519598161328646031e-19	6.113598280500595226e-04	9.656067415946786569e-07	1.279297220356388659e-24	5.452360040232521305e-12	1.032943526420579138e-08	7.279281878088498321e-09	1.930576617566282896e-18	6.917356955942879698e-04	8.449079506249574077e-18	1.603090150530691801e-02	6.733400739257400236e-02	3.357728303020432025e-03	5.252028159658442035e-11	2.665019668882395026e-03	4.829588616097711066e-07	6.949524167954021026e-04	4.182631740948380365e-06
1.170000000000000000e+03	2.817458374422168234e-09	2.775966795812806110e-11	9.226772582698711927e-19	6.114860113243480956e-04	9.656030683835388770e-07	1.279292350340545838e-24	5.284643704449239425e-12	1.001215183378524847e-08	7.055658228777270912e-09	1.871268440009457167e-18	6.917367816145865086e-04	7.938071694563100795e-18	1.603010331676222450e-02	6.733333615497227864e-02	3.358400626642455908e-03	5.297241528818827514e-11	2.665691133328848376e-03	4.827833557004110477e-07	6.948261334322478402e-04	4.054911350056689173e-06
1.180000000000000000e+03	2.731006557049225527e-09	2.690658257262915790e-11	8.943223931284324644e-19	6.116083149567717392e-04	9.655995068779344285e-07	1.279287628391207369e-24	5.122240743988487740e-12	9.704893052219560208e-09	6.839101767250608720e-09	1.813834567887305329e-18	6.917378021573632055e-04	7.458396815272126207e-18	1.602932967444194168e-02	6.733268552856838673e-02	3.359052273589142618e-03	5.342454728613954784e-11	2.666341979398593499e-03	4.826133199501189489e-07	6.947037641686694973e-04	3.931181459277703483e-06
1.190000000000000000e+03	2.647280789065799986e-09	2.608047452677249016e-11	8.668642012164087778e-19	6.117268617691354804e-04	9.655960536463192722e-07	1.279283049960780685e-24	4.964973494206249273e-12	9.407325340615364415e-09	6.629377230927290952e-09	1.758212607451359885e-18	6.917387612192535482e-04	7.008095577104006341e-18	1.602857980108322519e-02	6.733205486255951222e-02	3.359683898659886550e-03	5.387667764194319506e-11	2.666972858133084649e-03	4.824485766897347516e-07	6.945851831775083770e-04	3.811311921865186750e-06
1.200000000000000000e+03	2.566190761366551052e-09	2.528044552996730361e-11	8.402728251373363363e-19	6.118417705013885072e-04	9.655927053975727260e-07	1.279278610687737994e-24	4.812670946379854220e-12	9.119127515011241712e-09	6.426258097586561917e-09	1.704342482932408745e-18	6.917396625484954764e-04	6.585335023970820292e-18	1.602785294539354338e-02	6.733144352777734043e-02	3.360296134771326073e-03	5.432880640551232893e-11	2.667584398930535929e-03	4.822889546472523686e-07	6.944702690880670245e-04	3.695177282473365387e-06
1.210000000000000000e+03	2.487649288212344955e-09	2.450562863785322397e-11	8.145194493812390367e-19	6.119531558496046388e-04	9.655894587951079204e-07	1.279274306150321381e-24	4.665168059208042189e-12	8.839989522199937840e-09	6.229525708460386315e-09	1.652166203973667113e-18	6.917405096609749232e-04	6.188398979647991700e-18	1.602714838107948195e-02	6.733085091588464355e-02	3.360889593776509449e-03	5.478093362522272705e-11	2.668177210350103096e-03	4.821342882932618451e-07	6.943589045250743701e-04	3.582656278062013001e-06
1.220000000000000000e+03	2.411572398685605164e-09	2.375518911494139467e-11	7.895763289971071535e-19	6.120611288129734241e-04	9.655863107809474509e-07	1.279270132295914336e-24	4.522305923032966133e-12	8.569612731048815494e-09	6.038969457183145152e-09	1.601627915754111943e-18	6.917413058548165742e-04	5.815681434234447019e-18	1.602646540596226049e-02	6.733027643864507306e-02	3.361464867209927338e-03	5.523305934794856275e-11	2.668751880841818344e-03	4.819844179102185483e-07	6.942509761679980943e-04	3.473631988676278379e-06
1.230000000000000000e+03	2.337879110471631255e-09	2.302832217010521548e-11	7.654167143251052334e-19	6.121657966508713741e-04	9.655832582856694393e-07	1.279266085056751721e-24	4.383931328742841051e-12	8.307709154379153498e-09	5.854386251922983713e-09	1.552673756339583536e-18	6.917420542242352010e-04	5.465678736213358470e-18	1.602580334109901875e-02	6.732971952719625508e-02	3.362022527028140414e-03	5.568518361913648953e-11	2.669308979474189700e-03	4.818391892685640266e-07	6.941463745267002121e-04	3.367991531117556387e-06
1.240000000000000000e+03	2.266491348522590196e-09	2.232425212188653250e-11	7.420148232530056300e-19	6.122672630740843246e-04	9.655802983159989986e-07	1.279262160465971543e-24	4.249896608870176738e-12	8.054001142865405147e-09	5.675580293104369350e-09	1.505251797738945216e-18	6.917427576724577247e-04	5.136983033309624291e-18	1.602516152993611193e-02	6.732917963134930905e-02	3.362563126323333141e-03	5.613730648280580255e-11	2.669849056634967296e-03	4.816984534969223393e-07	6.940449938562496830e-04	3.265625959222052605e-06
1.250000000000000000e+03	2.197333732333318279e-09	2.164223027190085285e-11	7.193457705323973037e-19	6.123656284158320896e-04	9.655774280240182366e-07	1.279258354749300582e-24	4.120059232749310376e-12	7.808220644077649391e-09	5.502362557427014008e-09	1.459311909060792508e-18	6.917434189237589440e-04	4.828275530737769857e-18	1.602453933751647047e-02	6.732865621893223407e-02	3.363087199991746535e-03	5.658942798160392443e-11	2.670372644687984704e-03	4.815620666893736549e-07	6.939467318817572113e-04	3.166429974601988404e-06
1.260000000000000000e+03	2.130333557208370238e-09	2.098153469118596613e-11	6.973855606773399231e-19	6.124609897407073608e-04	9.655746446870477410e-07	1.279254664298406665e-24	3.994281765843299274e-12	7.570109118439307714e-09	5.334550729881102397e-09	1.414805738490021404e-18	6.917440405347096994e-04	4.538321064719964921e-18	1.602393614972050587e-02	6.732814877516180019e-02	3.363595265373113714e-03	5.704154815688335880e-11	2.670880258601445855e-03	4.814298898780823806e-07	6.938514897858777571e-04	3.070301914509264179e-06
1.270000000000000000e+03	2.065420717270681576e-09	2.034146943451930943e-11	6.761110618498307987e-19	6.125534408920249845e-04	9.655719455925970591e-07	1.279251085518473233e-24	3.872431720172537671e-12	7.339417266998198690e-09	5.171969013095542923e-09	1.371686662728084157e-18	6.917446249047454589e-04	4.265962738346309949e-18	1.602335137251556865e-02	6.732765680202197622e-02	3.364087822882960536e-03	5.749366704872027610e-11	2.671372396569948304e-03	4.813017888871243693e-07	6.937591721102691344e-04	2.977143655265859832e-06
1.280000000000000000e+03	2.002527523472627696e-09	1.972136272251547725e-11	6.554999454363346840e-19	6.126430727038295653e-04	9.655693281910487385e-07	1.279247615030484285e-24	3.754381208238513609e-12	7.115904412748018697e-09	5.014447703620543773e-09	1.329909674616621768e-18	6.917451742860401473e-04	4.010116482745215742e-18	1.602278443123845986e-02	6.732717981766853099e-02	3.364565356617683217e-03	5.794578469596172100e-11	2.671849540609968696e-03	4.811776339897620368e-07	6.936696865149588696e-04	2.886860364019593620e-06
1.290000000000000000e+03	1.941588663389103664e-09	1.912056652184201586e-11	6.355306720949888990e-19	6.127299730003581352e-04	9.655667899272849071e-07	1.279244249448152102e-24	3.640006863108711391e-12	6.899338302857356207e-09	4.861823025685271369e-09	1.289431339059238838e-18	6.917456907926910733e-04	3.769766539035939825e-18	1.602223476993247867e-02	6.732671735587990314e-02	3.365028334912943241e-03	5.839790113625979176e-11	2.672312157109402782e-03	4.810572998886758831e-07	6.935829437700103718e-04	2.799360452947947122e-06
1.300000000000000000e+03	1.882541039788070615e-09	1.853845493317866798e-11	6.161824381745702006e-19	6.128142267981041055e-04	9.655643283902682086e-07	1.279240985576088513e-24	3.529189531530668039e-12	6.689494593088335273e-09	4.713936798414817308e-09	1.250209704756964092e-18	6.917461764093747658e-04	3.543960767175280768e-18	1.602170185067974123e-02	6.732626896550290840e-02	3.365477210906635871e-03	5.885001640610201327e-11	2.672760697382062407e-03	4.809406654369248406e-07	6.934988575599267905e-04	2.714555358671404767e-06
1.310000000000000000e+03	1.825323764970076928e-09	1.797442411470535360e-11	5.974351731713834462e-19	6.128959163576319386e-04	9.655619412381075509e-07	1.279237820310532929e-24	3.421814259366073550e-12	6.486156780489065567e-09	4.570636361468100588e-09	1.212204284496952901e-18	6.917466329994034638e-04	3.331806848886425446e-18	1.602118515298177337e-02	6.732583420993892842e-02	3.365912423060635986e-03	5.930213054085822785e-11	2.673195598181507971e-03	4.808276135625290014e-07	6.934173444344511128e-04	2.632359544861597449e-06
1.320000000000000000e+03	1.769878020927893949e-09	1.742789088550517729e-11	5.792694933091526198e-19	6.129751212729524874e-04	9.655596261863574045e-07	1.279234750623845181e-24	3.317770025718988703e-12	6.289115735220911008e-09	4.431774262320024321e-09	1.175375972213291249e-18	6.917470623122827641e-04	3.132468209286582639e-18	1.602068417315607313e-02	6.732541266664304747e-02	3.366334395669391254e-03	5.975424357482428722e-11	2.673617282202421681e-03	4.807180310845879761e-07	6.933383236808616764e-04	2.552690311061992899e-06
1.330000000000000000e+03	1.716147047985257072e-09	1.689829259552469860e-11	5.616666972167570802e-19	6.130519185574210802e-04	9.655573809952127822e-07	1.279231773547546447e-24	3.216949718179950560e-12	6.098169642904454359e-09	4.297208205291715643e-09	1.139687029474661036e-18	6.917474659907943890e-04	2.945160690514595129e-18	1.602019842375015934e-02	6.732500392663745559e-02	3.366743539353512105e-03	6.020635554123660565e-11	2.674026158567167563e-03	4.806118086353609565e-07	6.932617172723149227e-04	2.475467785745684803e-06
1.340000000000000000e+03	1.664075973025163224e-09	1.638508541707128015e-11	5.446087091409930737e-19	6.131263827938922576e-04	9.655552035641689824e-07	1.279228886297723190e-24	3.119249807576219071e-12	5.913123407580926055e-09	4.166800637845028739e-09	1.105100975763828615e-18	6.917478455776245646e-04	2.769148843952869131e-18	1.601972743298075985e-02	6.732460759404500228e-02	3.367140251532770110e-03	6.065846647230736687e-11	2.674422623292482381e-03	4.805088404163925892e-07	6.931874496962505631e-04	2.400614687934337013e-06
1.350000000000000000e+03	1.613611804447448159e-09	1.588774427930591812e-11	5.280780767692473400e-19	6.131985861499588851e-04	9.655530918222706831e-07	1.279226086129627692e-24	3.024570335501060392e-12	5.733788620915510641e-09	4.040418722719673981e-09	1.071582581092358458e-18	6.917482025215531891e-04	2.603743056186027928e-18	1.601927074420446753e-02	6.732422328564988123e-02	3.367524916871808289e-03	6.111057639928128935e-11	2.674807059729137834e-03	4.804090241339217373e-07	6.931154479117604232e-04	2.328056328146829532e-06
1.360000000000000000e+03	1.564703335772226302e-09	1.540576190415733329e-11	5.120579391851930140e-19	6.132685984653638922e-04	9.655510437350478713e-07	1.279223370346862890e-24	2.932814730779523261e-12	5.559983226629816149e-09	3.917934102897112826e-09	1.039097803666918689e-18	6.917485381832654814e-04	2.448296529083832551e-18	1.601882791540058457e-02	6.732385063046739115e-02	3.367897907716028115e-03	6.156268535243424333e-11	2.675179838992241318e-03	4.803122608544123877e-07	6.930456412491256199e-04	2.257720477322040715e-06
1.370000000000000000e+03	1.517301117640655432e-09	1.493864851670353994e-11	4.965320172424493258e-19	6.133364874124432216e-04	9.655490574296808427e-07	1.279220736467217076e-24	2.843889754333409568e-12	5.391531416047022564e-09	3.799222828826176975e-09	1.007613770590900471e-18	6.917488538408021574e-04	2.302202682400728098e-18	1.601839851866696321e-02	6.732348926932453514e-02	3.368259584516412018e-03	6.201479336113499211e-11	2.675541320380559352e-03	4.802184549495024387e-07	6.929779613735932578e-04	2.189537333656310950e-06
1.380000000000000000e+03	1.471357325487358428e-09	1.448593052921826302e-11	4.814845698248945822e-19	6.134023184308068756e-04	9.655471309721991964e-07	1.279218181927470819e-24	2.757705248661540236e-12	5.228263163305833016e-09	3.684165030236163471e-09	9.770986908257616468e-19	6.917491506946522525e-04	2.164892379479763894e-18	1.601798213974544791e-02	6.732313885446539192e-02	3.368610296229389289e-03	6.246690045385051705e-11	2.675891851771835476e-03	4.801275138606176914e-07	6.929123421188405907e-04	2.123439338908346322e-06
1.390000000000000000e+03	1.426825757704810019e-09	1.404715051092822140e-11	4.669003928414598690e-19	6.134661548878159090e-04	9.655452625045127075e-07	1.279215704264952984e-24	2.674174132082394381e-12	5.070014210351555367e-09	3.572644903305081709e-09	9.475218517907777790e-19	6.917494298725253461e-04	2.035831742974059542e-18	1.601757837756433156e-02	6.732279904917030933e-02	3.368950380702392684e-03	6.291900665817084585e-11	2.676231770003454496e-03	4.800393480887964422e-07	6.928487194826847247e-04	2.059361181972813351e-06
1.400000000000000000e+03	1.383661767688911944e-09	1.362186650749153448e-11	4.527647966069410120e-19	6.135280582144865200e-04	9.655434503438534188e-07	1.279213301249286285e-24	2.593212269182397266e-12	4.916625834961436390e-09	3.464550551414567939e-09	9.188535771292040253e-19	6.917496924338390743e-04	1.914519887582891330e-18	1.601718684378567598e-02	6.732246952737870604e-02	3.369280165055301562e-03	6.337111200085996301e-11	2.676561401249456015e-03	4.799538710430568216e-07	6.927870315205506479e-04	1.997239707019272387e-06
1.410000000000000000e+03	1.341822165592914638e-09	1.320965106306585997e-11	4.390635733374835038e-19	6.135880877980232810e-04	9.655416927070924624e-07	1.279210970517140798e-24	2.514738284645751164e-12	4.767944493374063021e-09	3.359773728585959703e-09	8.910651586664615420e-19	6.917499393739077280e-04	1.800486724725312297e-18	1.601680716238372548e-02	6.732214997333844930e-02	3.369599966035644739e-03	6.382321650784888211e-11	2.676881061372085677e-03	4.798709989314210287e-07	6.927272182695144113e-04	1.937013777386520346e-06
1.420000000000000000e+03	1.301265212104037036e-09	1.281009114901347711e-11	4.257829947808832487e-19	6.136463012154959318e-04	9.655399879749533532e-07	1.279208709922284428e-24	2.438673549681979122e-12	4.623821804089016830e-09	3.258209830993955040e-09	8.641288541601336181e-19	6.917501716278703179e-04	1.693291152373294660e-18	1.601643896923528668e-02	6.732184008126425312e-02	3.369910090363800910e-03	6.427532020429768445e-11	2.677191056262804951e-03	4.797906507049016779e-07	6.926692217104072269e-04	1.878624271846018789e-06
1.430000000000000000e+03	1.261950551059896649e-09	1.242278749113273611e-11	4.129097898550924274e-19	6.137027541916055843e-04	9.655383345245736921e-07	1.279206517313749673e-24	2.364942053950076403e-12	4.484114299278910122e-09	3.159757718099477303e-09	8.380178398643095083e-19	6.917503900743820653e-04	1.592519192940461251e-18	1.601608191172007936e-02	6.732153955500490283e-02	3.370210835069638658e-03	6.472742311458683355e-11	2.677491682175590481e-03	4.797127479323160470e-07	6.926129856798209691e-04	1.822013992386800371e-06
1.440000000000000000e+03	1.223839151181057291e-09	1.204735398724035196e-11	4.004311252898126613e-19	6.137575006957688480e-04	9.655367307853911291e-07	1.279204390609871220e-24	2.293470294682957433e-12	4.348683225859717053e-09	3.064319575758638246e-09	8.127061742241927848e-19	6.917505955390706226e-04	1.497782267962903646e-18	1.601573564833761940e-02	6.732124810772387169e-02	3.370502487815401401e-03	6.517952526236699996e-11	2.677783226046444136e-03	4.796372146909038416e-07	6.925584557933744164e-04	1.767127584820726956e-06
1.450000000000000000e+03	1.186893257774507028e-09	1.168341722348501500e-11	3.883345895497192569e-19	6.138105930305442744e-04	9.655351752862210316e-07	1.279202327860659693e-24	2.224187184607454037e-12	4.217394370654789844e-09	2.971800791027751664e-09	7.881687646742362104e-19	6.917507887977732833e-04	1.408715604786426673e-18	1.601539984834305166e-02	6.732096546159539729e-02	3.370785327202604261e-03	6.563162667056547182e-11	2.678065965797126174e-03	4.795639775248212052e-07	6.925055794178278969e-04	1.713911473349901498e-06
1.460000000000000000e+03	1.151076377582745940e-09	1.133061631747758148e-11	3.766081876204182230e-19	6.138620817988833800e-04	9.655336665129007385e-07	1.279200327059203507e-24	2.157024022080831890e-12	4.090118009587111104e-09	2.882109918871857314e-09	7.643813588093610942e-19	6.917509705795793626e-04	1.324976826940840097e-18	1.601507419138746904e-02	6.732069134750495731e-02	3.371059623074839588e-03	6.608372736141383962e-11	2.678340170635100208e-03	4.794929653401100092e-07	6.924543055972073782e-04	1.662313842836917443e-06
1.470000000000000000e+03	1.116353186919661414e-09	1.098860200673869127e-11	3.652403107102571871e-19	6.139120160703496814e-04	9.655322030835305130e-07	1.279198386373830832e-24	2.091914317557347313e-12	3.966728568727049326e-09	2.795158435911896574e-09	7.413204790779532364e-19	6.917511415696846839e-04	1.246244437933984367e-18	1.601475836717713638e-02	6.732042550476464993e-02	3.371325636805241888e-03	6.653582735646620708e-11	2.678606101338209568e-03	4.794241092950227572e-07	6.924045849754478354e-04	1.612284510071326458e-06
1.480000000000000000e+03	1.082689535536278570e-09	1.065703667997393527e-11	3.542197372898471415e-19	6.139604433587326311e-04	9.655307836304174783e-07	1.279196503991707690e-24	2.028793799542239192e-12	3.847104658142563203e-09	2.710860775051059092e-09	7.189634319633057068e-19	6.917513024120450563e-04	1.172216630466658723e-18	1.601445207514537450e-02	6.732016768083960712e-02	3.371583621572643661e-03	6.698792667663478576e-11	2.678864010528264443e-03	4.793573427674143570e-07	6.923563697745651170e-04	1.563774932876489871e-06
1.490000000000000000e+03	1.050052380879729496e-09	1.033559372357674863e-11	3.435356113711170082e-19	6.140074096901716174e-04	9.655294068248945302e-07	1.279194678151718546e-24	1.967600290184579116e-12	3.731128820479889488e-09	2.629134138797991421e-09	6.972882584777046032e-19	6.917514537119182939e-04	1.102610002718476253e-18	1.601415502412696298e-02	6.731991763107608717e-02	3.371833822636041179e-03	6.744002534219458672e-11	2.679114142943132392e-03	4.792926012895502301e-07	6.923096137491877586e-04	1.516738118547072975e-06
1.500000000000000000e+03	1.018409742836232419e-09	1.002395707019629921e-11	3.331774275026055832e-19	6.140529596207157034e-04	9.655280713291457616e-07	1.279192907080638619e-24	1.908273619337608604e-12	3.618687380168066095e-09	2.549898398616754625e-09	6.762737074678099302e-19	6.917515960381910231e-04	1.037158404364131414e-18	1.601386693205817877e-02	6.731967511845107777e-02	3.372076477587291222e-03	6.789212337280187701e-11	2.679356735687250194e-03	4.792298223884256721e-07	6.922642720727578214e-04	1.471128561804144426e-06
1.510000000000000000e+03	9.877306890429433799e-10	9.721821048561721200e-12	3.231350257779179178e-19	6.140971363579519199e-04	9.655267759116807700e-07	1.279191189146123926e-24	1.850755595969556777e-12	3.509670382225277537e-09	2.473076047024834706e-09	6.558992229125470149e-19	6.917517299255957668e-04	9.756119141862741303e-19	1.601358752567694915e-02	6.731943991332199617e-02	3.372311816603788728e-03	6.834422078750912061e-11	2.679592018482014268e-03	4.791689456362762275e-07	6.922203013754190965e-04	1.426902226362220591e-06
1.520000000000000000e+03	9.579852689912395317e-10	9.428889729623643635e-12	3.133985701027662691e-19	6.141399817642770624e-04	9.655255193808029729e-07	1.279189522768564075e-24	1.794989883687794101e-12	3.403971364189982520e-09	2.398592039610450949e-09	6.361449020235393349e-19	6.917518558767793858e-04	9.177357757648111635e-19	1.601331654023932863e-02	6.731921179318960113e-02	3.372540062687352531e-03	6.879631760480244712e-11	2.679820213902834973e-03	4.791099124891197629e-07	6.921776596287397424e-04	1.384016452689243172e-06
1.530000000000000000e+03	9.291445192346022647e-10	9.144876972887431178e-12	3.039585497349956353e-19	6.141815363909056439e-04	9.655243005672757130e-07	1.279187906398120091e-24	1.740922009559369659e-12	3.301487376216370261e-09	2.326373810007474317e-09	6.169914992172378214e-19	6.917519743642546425e-04	8.633095380397713399e-19	1.601305371923914325e-02	6.731899054246411052e-02	3.372761431900292602e-03	6.924841384261898376e-11	2.680041537613247517e-03	4.790526662557934955e-07	6.921363061245901834e-04	1.342429968096534784e-06
1.540000000000000000e+03	9.011803904815863771e-10	8.869505704205049970e-12	2.948057552798189774e-19	6.142218394800079417e-04	9.655231182620151507e-07	1.279186338432171281e-24	1.688499226623320830e-12	3.202118721206634609e-09	2.256351086559915132e-09	5.984203774922418445e-19	6.917520858322057228e-04	8.121260961914749262e-19	1.601279881414813255e-02	6.731877595224795841e-02	3.372976133584400238e-03	6.970050951832757179e-11	2.680256198582337858e-03	4.789971520503491536e-07	6.920962014419305280e-04	1.302102783855823273e-06
1.550000000000000000e+03	8.740657562638288608e-10	8.602507996757729801e-12	2.859312813815197796e-19	6.142609291303876900e-04	9.655219714095496239e-07	1.279184817471628106e-24	1.637670529307407864e-12	3.105768975460584714e-09	2.188455902082260562e-09	5.804135110200613299e-19	6.917521906982276219e-04	7.639909461957525530e-19	1.601255158415099134e-02	6.731856782011411133e-02	3.373184370584249910e-03	7.015260464877773810e-11	2.680464399306105999e-03	4.789433167308809975e-07	6.920573074037157007e-04	1.262996210027361953e-06
1.560000000000000000e+03	8.477743376348604219e-10	8.343624325855764809e-12	2.773265019544760059e-19	6.142988422466197709e-04	9.655208589659112370e-07	1.279183342132652331e-24	1.588386511563458342e-12	3.012344734498126425e-09	2.122622420885501274e-09	5.629534392683714593e-19	6.917522893549189452e-04	7.187213275838350529e-19	1.601231179589943446e-02	6.731836594990062150e-02	3.373386339454395935e-03	7.060469925032449776e-11	2.680666336013390674e-03	4.788911088198512543e-07	6.920195870203756571e-04	1.225072748866026774e-06
1.570000000000000000e+03	8.222807060946002620e-10	8.092603593915135143e-12	2.689830710133347064e-19	6.143356145398050361e-04	9.655197798397187897e-07	1.279181910968602363e-24	1.540599371622175012e-12	2.921755616059653580e-09	2.058786937197382732e-09	5.460232665837414590e-19	6.917523821713914434e-04	6.761455595982595250e-19	1.601207922327414074e-02	6.731817015151170258e-02	3.373582230659764262e-03	7.105679333882063797e-11	2.680862198864800931e-03	4.788404784535588845e-07	6.919830044542703588e-04	1.188296101065825112e-06
1.580000000000000000e+03	7.975602452366807129e-10	7.849202749412576647e-12	2.608929100078332836e-19	6.143712806875002101e-04	9.655187330843894582e-07	1.279180522724687208e-24	1.494262839453131308e-12	2.833914125303702112e-09	1.996887781188827857e-09	5.296066372686508939e-19	6.917524694946899921e-04	6.361023448043627615e-19	1.601185364715089834e-02	6.731798024072185860e-02	3.373772228772910914e-03	7.150888692964481634e-11	2.681052172148467097e-03	4.787913773337760130e-07	6.919475249856564493e-04	1.152631112239727241e-06
1.590000000000000000e+03	7.735891175654631371e-10	7.613186456948680013e-12	2.530481968563526483e-19	6.144058742234125708e-04	9.655177176687197099e-07	1.279179176034018525e-24	1.449332113954261926e-12	2.748735536308331542e-09	1.936865234865974121e-09	5.136877132753691485e-19	6.917525516511211729e-04	5.984401229373377804e-19	1.601163485517852897e-02	6.731779603899036568e-02	3.373956512660845636e-03	7.196098003771420122e-11	2.681236434465839209e-03	4.787437586968092032e-07	6.919131149911881759e-04	1.118043726734891861e-06
1.600000000000000000e+03	7.503442391283348375e-10	7.384326844438877362e-12	2.454413575430465942e-19	6.144394277093495355e-04	9.655167326920373891e-07	1.279177869702653680e-24	1.405763814824296984e-12	2.666137803657319293e-09	1.878661470931492158e-09	4.982511579912021499e-19	6.917526289475030331e-04	5.630164772266430443e-19	1.601142264156119044e-02	6.731761737327886241e-02	3.374135255668733041e-03	7.241307267748785805e-11	2.681415158913992135e-03	4.786975772252033664e-07	6.918797418809161364e-04	1.084500952696865245e-06
1.610000000000000000e+03	7.278032748128256940e-10	7.162403453870274514e-12	2.380650644810981310e-19	6.144719726447965243e-04	9.655157771899660509e-07	1.279176602452264424e-24	1.363515973188264159e-12	2.586041541004055537e-09	1.822220535121424060e-09	4.832821315551346628e-19	6.917527016723375426e-04	5.296976070259904783e-19	1.601121680685176074e-02	6.731744407587877954e-02	3.374308625793647713e-03	7.286516486299479584e-11	2.681588513258418346e-03	4.786527890332437340e-07	6.918473740885654547e-04	1.051970856811734329e-06
1.620000000000000000e+03	7.059445824209045112e-10	6.947202688133362320e-12	2.309122181265014289e-19	6.145035396135340540e-04	9.655148503124575226e-07	1.279175373156004056e-24	1.322547926290167362e-12	2.508369830625101176e-09	1.767488216037167932e-09	4.687662563344071524e-19	6.917527700969161543e-04	4.983577534947481819e-19	1.601101715774493756e-02	6.731727598423788150e-02	3.374476785859168923e-03	7.331725660783641004e-11	2.681756660106464265e-03	4.786093515874726150e-07	6.918159810148016495e-04	1.020422484998127782e-06
1.630000000000000000e+03	6.847472104717403981e-10	6.738517786801328220e-12	2.239759461730153981e-19	6.145341582118238723e-04	9.655139511631705279e-07	1.279174180625703458e-24	1.282820312882023308e-12	2.433048205708347180e-09	1.714412027988776332e-09	4.546896123761351460e-19	6.917528344763487118e-04	4.688787424158163751e-19	1.601082350688783074e-02	6.731711294080182373e-02	3.374639893674681590e-03	7.376934792519960105e-11	2.681919757065790322e-03	4.785672236979613571e-07	6.917855330215869286e-04	9.898258605752378957e-07
1.640000000000000000e+03	6.641908651746621698e-10	6.536148498652377092e-12	2.172495926674554777e-19	6.145638571692153178e-04	9.655130789406507507e-07	1.279173023798919244e-24	1.244295010881548236e-12	2.360004539729183629e-09	1.662941135986232388e-09	4.410387175132301167e-19	6.917528950505373890e-04	4.411495054193378818e-19	1.601063567268789026e-02	6.731695479285325356e-02	3.374798102197458429e-03	7.422143882788440724e-11	2.682077956905400996e-03	4.785263654559997440e-07	6.917560013877722437e-04	9.601519378576271758e-07
1.650000000000000000e+03	6.442558899321318979e-10	6.339900877667611609e-12	2.107267112290676992e-19	6.145926643005185245e-04	9.655122328174344576e-07	1.279171901578759063e-24	1.206935098536001492e-12	2.289168970253394402e-09	1.613026300761368284e-09	4.278005127841439505e-19	6.917529520450917558e-04	4.150656517118308554e-19	1.601045347913272396e-02	6.731680139236105587e-02	3.374951559684208433e-03	7.467352932830472872e-11	2.682231407706462106e-03	4.784867381831270584e-07	6.917273582728435209e-04	9.313725737561128783e-07
1.660000000000000000e+03	6.249232560078540972e-10	6.149587189032668583e-12	2.044010619252100194e-19	6.146206065999228196e-04	9.655114120428137118e-07	1.279170812970034155e-24	1.170704836527615480e-12	2.220473869669763400e-09	1.564619859942190536e-09	4.149623574397787093e-19	6.917530056721849733e-04	3.905290759249436313e-19	1.601027675561184777e-02	6.731665259583094474e-02	3.375100409841393263e-03	7.512561943849725833e-11	2.682380253011678716e-03	4.784483044145866700e-07	6.916995767055134688e-04	9.034605154189468701e-07
1.670000000000000000e+03	6.061745249951222003e-10	5.965025537773015977e-12	1.982665989279260158e-19	6.146477101792311359e-04	9.655106158030240556e-07	1.279169756894024027e-24	1.135569597276392872e-12	2.153853705256879930e-09	1.517675625889387827e-09	4.025120018494203959e-19	6.917530561313578377e-04	3.674475548356101707e-19	1.601010533674722749e-02	6.731650826416366029e-02	3.375244791967861417e-03	7.557770917014422908e-11	2.682524631967358152e-03	4.784110278482306786e-07	6.916726305473062638e-04	8.763893470682248924e-07
1.680000000000000000e+03	5.879918393917403678e-10	5.786039774102459884e-12	1.923174673679178110e-19	6.146740003878842272e-04	9.655098433681037180e-07	1.279168732383047953e-24	1.101495846921211676e-12	2.089245011989700555e-09	1.472148870049658609e-09	3.904375833503068640e-19	6.917531036102777219e-04	3.457344032155635927e-19	1.600993906222840032e-02	6.731636826251660710e-02	3.375384841093855091e-03	7.602979853456469001e-11	2.682664679461533880e-03	4.783748733092849317e-07	6.916464944675747122e-04	8.501334773876827610e-07
1.690000000000000000e+03	5.703578977978960436e-10	5.612459247571696675e-12	1.865479951629315583e-19	6.146995018187446707e-04	9.655090940610323935e-07	1.279167738539573935e-24	1.068451098516753267e-12	2.026586300495093020e-09	1.427996255865827728e-09	3.787276084552118575e-19	6.917531482854480775e-04	3.253081316376813896e-19	1.600977777665445537e-02	6.731623246017144624e-02	3.375520688114148037e-03	7.648188754273917940e-11	2.682800526256489283e-03	4.783398066956565309e-07	6.916211439044183404e-04	8.246681046341409997e-07
1.700000000000000000e+03	5.532559442513652946e-10	5.444118700439714842e-12	1.809526894736341946e-19	6.147242382397302219e-04	9.655083671109817245e-07	1.279166774341799837e-24	1.036403891734486320e-12	1.965818020070484484e-09	1.385175813485972693e-09	3.673709461449891966e-19	6.917531903228766287e-04	3.060921398489206367e-19	1.600962132937802304e-02	6.731610073040375508e-02	3.375652459919286068e-03	7.693397620532806494e-11	2.682932299119502022e-03	4.783057949795303826e-07	6.915965550662687153e-04	7.999692020835198305e-07
1.710000000000000000e+03	5.366697516942155021e-10	5.280858103403423615e-12	1.755262312435929240e-19	6.147482327937069764e-04	9.655076619296966463e-07	1.279165839009818768e-24	1.005323761590311911e-12	1.906882501109976196e-09	1.343646899244351539e-09	3.563568171224045081e-19	6.917532298787054017e-04	2.880144223181304726e-19	1.600946957435679663e-02	6.731597295035793294e-02	3.375780279520925603e-03	7.738606453264843438e-11	2.683060120947320867e-03	4.782728061519992898e-07	6.915727048922617462e-04	7.760134949868684457e-07
1.720000000000000000e+03	5.205835770743084946e-10	5.122522212309159509e-12	1.702634604652446997e-19	6.147715078406103435e-04	9.655069778271944964e-07	1.279164931628955799e-24	9.751811540551614182e-13	1.849723795078130257e-09	1.303370083353096102e-09	3.456747640263831841e-19	6.917532670997965198e-04	2.710072607371852196e-19	1.600932237000961267e-02	6.731584900092703327e-02	3.375904266172891771e-03	7.783815253473888700e-11	2.683184110887026040e-03	4.782408091655872610e-07	6.915495710110643483e-04	7.527783964608849201e-07
1.730000000000000000e+03	5.049822026881156432e-10	4.968960973573599352e-12	1.651593896552835674e-19	6.147940850794205011e-04	9.655063141681836236e-07	1.279164051357010002e-24	9.459475032354880812e-13	1.794287818431090898e-09	1.264307249008584437e-09	3.353146777173840271e-19	6.917533021242911091e-04	2.550070250369078469e-19	1.600917957907719083e-02	6.731572876663599603e-02	3.376024535488448761e-03	7.829024022131543459e-11	2.683304384452495518e-03	4.782097739747093095e-07	6.915271317704816192e-04	7.302420679546008773e-07
1.740000000000000000e+03	4.898508043657316449e-10	4.820028225695605779e-12	1.602091606954907016e-19	6.148159855941528421e-04	9.655056703129229128e-07	1.279163197345885712e-24	9.175949841784231128e-13	1.740521887924922355e-09	1.226421267504711311e-09	3.252667111117901391e-19	6.917533350824925983e-04	2.399538076976345955e-19	1.600904106810295546e-02	6.731561213520481646e-02	3.376141199877827435e-03	7.874232760183025707e-11	2.683421053961420905e-03	4.781796713404410525e-07	6.915053660966391427e-04	7.083832294715157211e-07
1.750000000000000000e+03	4.751751224590604981e-10	4.675583380941715166e-12	1.554081007286229500e-19	6.148372297465935169e-04	9.655050457034245396e-07	1.279162368855820275e-24	8.900968330164094653e-13	1.688375328388009236e-09	1.189676426249399311e-09	3.155213926989324677e-19	6.917533660962701903e-04	2.257913939358540090e-19	1.600890670843947358e-02	6.731549899839603390e-02	3.376254367700373595e-03	7.919441468539508493e-11	2.683534227687554147e-03	4.781504730972026939e-07	6.914842536871022719e-04	6.871814072275698653e-07
1.760000000000000000e+03	4.609413289338963249e-10	4.535490116036316832e-12	1.507516786395528470e-19	6.148578372739379105e-04	9.655044397729980511e-07	1.279161565135528985e-24	8.634270977121905155e-13	1.637798996440309465e-09	1.154038090982139923e-09	3.060695369565928727e-19	6.917533952803402815e-04	2.124669087282268313e-19	1.600877637528451414e-02	6.731538925120399142e-02	3.376364144076496147e-03	7.964650148086842800e-11	2.683644010671785290e-03	4.781221519174253192e-07	6.914637748410433406e-04	6.666167422827933414e-07
1.770000000000000000e+03	4.471359728327107232e-10	4.399615834366918335e-12	1.462354871800387239e-19	6.148778273577906782e-04	9.655038519474408713e-07	1.279160785423780252e-24	8.375605356781481555e-13	1.588745089862865826e-09	1.119472573431548984e-09	2.969022092513170874e-19	6.917534227429516765e-04	1.999305782460146422e-19	1.600864994725730017e-02	6.731528279149845417e-02	3.376470631244622017e-03	8.009858799686812532e-11	2.683750505078557475e-03	4.780946812515145767e-07	6.914439104161050533e-04	6.466699122696113330e-07
1.780000000000000000e+03	4.337460261518520024e-10	4.267832116586294449e-12	1.418552579458460807e-19	6.148972185900606485e-04	9.655032816446895348e-07	1.279160028948936972e-24	8.124726995580150572e-13	1.541167310345873346e-09	1.085947245558668882e-09	2.880107561377866601e-19	6.917534485859893473e-04	1.881356152239786624e-19	1.600852730660862894e-02	6.731517952020199536e-02	3.376573928384146803e-03	8.055067424174550868e-11	2.683853810018589029e-03	4.780680353413435949e-07	6.914246418383883722e-04	6.273221981970370831e-07
1.790000000000000000e+03	4.207588759685698770e-10	4.140014642172889994e-12	1.376068587695709376e-19	6.149160290078145618e-04	9.655027283561316734e-07	1.279159295036685443e-24	7.881399222942276628e-13	1.495020835061507052e-09	1.053430519348159127e-09	2.793867999993335936e-19	6.917534729051588553e-04	1.770380317061207779e-19	1.600840833932605511e-02	6.731507934137834215e-02	3.376674131526990336e-03	8.100276022359390705e-11	2.683954021460190076e-03	4.780421892537313241e-07	6.914059511269274056e-04	6.085554735752596012e-07
1.800000000000000000e+03	4.081622990664248052e-10	4.016042938824149755e-12	1.334862853909716879e-19	6.149342761323289483e-04	9.655021916393604964e-07	1.279158583100436536e-24	7.645392694196027802e-13	1.450262224378827272e-09	1.021891780823633396e-09	2.710222215481917806e-19	6.917534957904938669e-04	1.665964623952850288e-19	1.600829293486267374e-02	6.731498216200466900e-02	3.376771333786015086e-03	8.145484595026787858e-11	2.684051232457249862e-03	4.780171188205142145e-07	6.913878208505803372e-04	5.903521682156927232e-07
1.810000000000000000e+03	3.959444501379800868e-10	3.895800265530352920e-12	1.294896575705750949e-19	6.149519768695611279e-04	9.655016709342792792e-07	1.279157892397684651e-24	7.416485167979765677e-13	1.406849385055038744e-09	9.913013664921344187e-10	2.629091535775856964e-19	6.917535173266945326e-04	1.567720075479035234e-19	1.600818098602758977e-02	6.731488789187976829e-02	3.376865625447118737e-03	8.190693142939966367e-11	2.684145533241186210e-03	4.779928006080823586e-07	6.913702341062148444e-04	5.726952516245579086e-07
1.820000000000000000e+03	3.840938444063374681e-10	3.779173440788938280e-12	1.256132133798616023e-19	6.149691476692809239e-04	9.655011657874361332e-07	1.279157222327222653e-24	7.194461179211204058e-13	1.364741502452717537e-09	9.616305128361329849e-10	2.550399675671834592e-19	6.917535375934415805e-04	1.475280813212347211e-19	1.600807238888518266e-02	6.731479644353931258e-02	3.376957094054335376e-03	8.235901666837621784e-11	2.684237011305570103e-03	4.779692119023376684e-07	6.913531745080349952e-04	5.555682082855917718e-07
1.830000000000000000e+03	3.725993571590141459e-10	3.666052837267626202e-12	1.218533090238778936e-19	6.149858044171205556e-04	9.655006756565705183e-07	1.279156572170194971e-24	6.979112028927727687e-13	1.323899043542328401e-09	9.328513602731528214e-10	2.474072747327378935e-19	6.917535566656977247e-04	1.388302809317166367e-19	1.600796704265209855e-02	6.731470773216953474e-02	3.377045824496362203e-03	8.281110167436335504e-11	2.684325751492538763e-03	4.779463306855778164e-07	6.913366261710555136e-04	5.389550373873657422e-07
1.840000000000000000e+03	3.614501980955183720e-10	3.556332128704512690e-12	1.182064104286987487e-19	6.150019626292454154e-04	9.655002001919982228e-07	1.279155941462890389e-24	6.770235302456715667e-13	1.284283662688530554e-09	9.049368858520277320e-10	2.400039081765366542e-19	6.917535746139876060e-04	1.306462457162252650e-19	1.600786484960167733e-02	6.731462167552675069e-02	3.377131899087426701e-03	8.326318645429916898e-11	2.684411836073167558e-03	4.779241356107166828e-07	6.913205736926369494e-04	5.228402160949566067e-07
1.850000000000000000e+03	3.506359190186990059e-10	3.449908364921530099e-12	1.146690957347251407e-19	6.150176372477405076e-04	9.654997388916133623e-07	1.279155329539668517e-24	6.567635012219761086e-13	1.245858231133219708e-09	8.778609244045863905e-10	2.328229284970421014e-19	6.917535915046611446e-04	1.229455476728405981e-19	1.600776571496940678e-02	6.731453819385838089e-02	3.377215397646470690e-03	8.371527101493734378e-11	2.684495344826715209e-03	4.779026059831624025e-07	6.913050021395494111e-04	5.072087110278000809e-07
1.860000000000000000e+03	3.401463864077686389e-10	3.346681701347586477e-12	1.112380463065705592e-19	6.150328428352876218e-04	9.654992913829702560e-07	1.279154735906679383e-24	6.371121082822257528e-13	1.208586737146831572e-09	8.515980977859474345e-10	2.258576050226295849e-19	6.917536074001418228e-04	1.156995641813524516e-19	1.600766954686016347e-02	6.731445720982466574e-02	3.377296397575669986e-03	8.416735536282449702e-11	2.684576355118684608e-03	4.778817217350490351e-07	6.912898970294944004e-04	4.920459389202790603e-07
1.870000000000000000e+03	3.299717769348525317e-10	3.246555354321959321e-12	1.079100452474341609e-19	6.150475934518139171e-04	9.654988572078751130e-07	1.279154159956478198e-24	6.180509265964063843e-13	1.172434273096533511e-09	8.261238065684201890e-10	2.191014136084062589e-19	6.917536223591596797e-04	1.088813735678788752e-19	1.600757625616181651e-02	6.731437864842639007e-02	3.377374973932969256e-03	8.461943950430311358e-11	2.684654941973348575e-03	4.778614634218455741e-07	6.912752443288023999e-04	4.773377604404122783e-07
1.880000000000000000e+03	3.201025734636352671e-10	3.149435561176590003e-12	1.046819760723157620e-19	6.150619027812084848e-04	9.654984359994381534e-07	1.279153601202591587e-24	5.995621064447535017e-13	1.137367018717601562e-09	8.014142172592439611e-10	2.125480332465776535e-19	6.917536364369706453e-04	1.024656575390446595e-19	1.600748575645880023e-02	6.731430243693216353e-02	3.377451199505010233e-03	8.507152344553844199e-11	2.684731178146293386e-03	4.778418121812975072e-07	6.912610304228767634e-04	4.630704747055200021e-07
1.890000000000000000e+03	3.105295452139783396e-10	3.055231384561029799e-12	1.015508162041652700e-19	6.150757840570781352e-04	9.654980273446456885e-07	1.279153059097446361e-24	5.816283359668470547e-13	1.103352171773243901e-09	7.774462141434288658e-10	2.061913332942854349e-19	6.917536496855630811e-04	9.642859844035362382e-20	1.600739796394943723e-02	6.731422850480901776e-02	3.377525144876726212e-03	8.552360719249703941e-11	2.684805134193991166e-03	4.778227497272321468e-07	6.912472421118453060e-04	4.492307908582755232e-07
1.900000000000000000e+03	3.012437445843064531e-10	2.963854680694356988e-12	9.851363591863932979e-20	6.150892501359408017e-04	9.654976308790791571e-07	1.279152533157861262e-24	5.642328351176847293e-13	1.070357936215412060e-09	7.541973904881194826e-10	2.000253711410417648e-19	6.917536621538515271e-04	9.074779365157233566e-20	1.600731279736609253e-02	6.731415678365540445e-02	3.377596878498609866e-03	8.597569075097914798e-11	2.684876878540791868e-03	4.778042583292900844e-07	6.912338665960239721e-04	4.358058237295975182e-07
1.910000000000000000e+03	2.922364983545342617e-10	2.875220012355886748e-12	9.556759545208535380e-20	6.151023134612513881e-04	9.654972462109375401e-07	1.279152022864381295e-24	5.473593391036168686e-13	1.038353491444684044e-09	7.316460271171328223e-10	1.940443865263484471e-19	6.917536738878596065e-04	8.540217095686307482e-20	1.600723017789794020e-02	6.731408720713628890e-02	3.377666466751757992e-03	8.642777412659773101e-11	2.684946477543878694e-03	4.777863207962680760e-07	6.912208914639862744e-04	4.227830813560506012e-07
1.920000000000000000e+03	2.834994023821547617e-10	2.789244596272218650e-12	9.270994325279140240e-20	6.151149861263573767e-04	9.654968730005750252e-07	1.279151527766659880e-24	5.309920883663442982e-13	1.007308972570757890e-09	7.097710781946078719e-10	1.882427977694742970e-19	6.917536849308893784e-04	8.037191114969037588e-20	1.600715002911471882e-02	6.731401971091893754e-02	3.377733974012139123e-03	8.687985732479310368e-11	2.685013995557307149e-03	4.777689204636965626e-07	6.912083046836868224e-04	4.101504575340193531e-07
1.930000000000000000e+03	2.750243043594280712e-10	2.705848133066969826e-12	8.993801032885266317e-20	6.151272798552757069e-04	9.654965109119861359e-07	1.279151047419180803e-24	5.151157962102401451e-13	9.771954105434333860e-10	6.885521296504760130e-10	1.826151907430822883e-19	6.917536953236846182e-04	7.563836801895132245e-20	1.600707227689410206e-02	6.731395423261216093e-02	3.377799462711745127e-03	8.733194035085646895e-11	2.685079494993072510e-03	4.777520411694648150e-07	6.911960945849337850e-04	3.978962070939598707e-07
1.940000000000000000e+03	2.668033013314763564e-10	2.624952782463617976e-12	8.724920942396337554e-20	6.151392060365942598e-04	9.654961596482858244e-07	1.279150581428264208e-24	4.997156440816755198e-13	9.479847219580303981e-10	6.679693912193242887e-10	1.771563167620832865e-19	6.917537051045823896e-04	7.118400160128544633e-20	1.600699684935156034e-02	6.731389071170709726e-02	3.377862993397691069e-03	8.778402320992676393e-11	2.685143036380039250e-03	4.777356672420351055e-07	6.911842498509604112e-04	3.860089425100473218e-07
1.950000000000000000e+03	2.588287327957925635e-10	2.546483095038334853e-12	8.464103274901598946e-20	6.151507756378044901e-04	9.654958187999722005e-07	1.279150129251033744e-24	4.847772685767191102e-13	9.196496846071038568e-10	6.480036796028107108e-10	1.718610881180378269e-19	6.917537143096544241e-04	6.699231293941766718e-20	1.600692367677179068e-02	6.731382908952006361e-02	3.377924624789822774e-03	8.823610590696991572e-11	2.685204678421575925e-03	4.777197834847469758e-07	6.911727595071630965e-04	3.744776241072098725e-07
1.960000000000000000e+03	2.510931743344252370e-10	2.470365949233011912e-12	8.211104988853989161e-20	6.151619994030248836e-04	9.654954881383245575e-07	1.279149690584133992e-24	4.702867494502381655e-13	8.921639170652223682e-10	6.286364045783096560e-10	1.667245743947424002e-19	6.917537229728427549e-04	6.304778219885936348e-20	1.600685269154204435e-02	6.731376930913590684e-02	3.377984413837180344e-03	8.868818844681081714e-11	2.685264478051597580e-03	4.777043751618203351e-07	6.911616129110616713e-04	3.632915510281370389e-07
1.970000000000000000e+03	2.435894200694555484e-10	2.396530378429800106e-12	7.965690205300171186e-20	6.151728876893923547e-04	9.654951673427136079e-07	1.279149265002446134e-24	4.562305766958382890e-13	8.655018127635608551e-10	6.098495214311497941e-10	1.617419898529888553e-19	6.917537311260849421e-04	5.933580558165089832e-20	1.600678382808887884e-02	6.731371131535535124e-02	3.378042415771007837e-03	8.914027083414228353e-11	2.685322490487777533e-03	4.776894279877495487e-07	6.911507997447080337e-04	3.524403360158795377e-07
1.980000000000000000e+03	2.363104893189423883e-10	2.324907636138287324e-12	7.727630424549786449e-20	6.151834505270034484e-04	9.654948560788154475e-07	1.279148852062717883e-24	4.425956629556429514e-13	8.396385661550622123e-10	5.916255501141998121e-10	1.569086985117349232e-19	6.917537387994330102e-04	5.584264736787409273e-20	1.600671702281545455e-02	6.731365505464204091e-02	3.378098684157636311e-03	8.959235307351326541e-11	2.685378769284211837e-03	4.776749281026345564e-07	6.911403099969169435e-04	3.419139152067321382e-07
1.990000000000000000e+03	2.292496128626385292e-10	2.255431060593017110e-12	7.496704076124486060e-20	6.151936976739545140e-04	9.654945540698158975e-07	1.279148451397893597e-24	4.293693177435443754e-13	8.145501229304057739e-10	5.739475399300439601e-10	1.522202047814034921e-19	6.917537460211646864e-04	5.255538499629086439e-20	1.600665221404151337e-02	6.731360047507228828e-02	3.378153270949103490e-03	9.004443516931230491e-11	2.685433366381883256e-03	4.776608620712128198e-07	6.911301339626371850e-04	3.317025284032219852e-07
2.000000000000000000e+03	2.224002278351929530e-10	2.188036024248468611e-12	7.272696350889278701e-20	6.152036385980598878e-04	9.654942610528855048e-07	1.279148062659453528e-24	4.165392378305011389e-13	7.902131623848631577e-10	5.567990573658640505e-10	1.476721502374611733e-19	6.917537528178896531e-04	4.946186134096499520e-20	1.600658934194468599e-02	6.731354752628550264e-02	3.378206226532574734e-03	9.049651712581378028e-11	2.685486332158047978e-03	4.776472168687290128e-07	6.911202622327961703e-04	3.217967118259158502e-07
2.010000000000000000e+03	2.157559699143281026e-10	2.122659856677119114e-12	7.055398944780967676e-20	6.152132824878155624e-04	9.654939767820367958e-07	1.279147685521198911e-24	4.040934925665424337e-13	7.666050695329351170e-10	5.401641663345873327e-10	1.432603083801135305e-19	6.917537592146458247e-04	4.655063855734014758e-20	1.600652834850367287e-02	6.731349615943663101e-02	3.378257599778191483e-03	9.094859894717405439e-11	2.685537715473988209e-03	4.776339798582342207e-07	6.911106856779413886e-04	3.121872869458353635e-07
2.020000000000000000e+03	2.093106665472887580e-10	2.059241777697680166e-12	6.844609836539698440e-20	6.152226382319852865e-04	9.654937009825107055e-07	1.279147319618815761e-24	3.920205111503025340e-13	7.437039106932755517e-10	5.240274106856205832e-10	1.389805799959703442e-19	6.917537652349943240e-04	4.381095513233851045e-20	1.600646917744446424e-02	6.731344632715086096e-02	3.378307438084327593e-03	9.140068063742414638e-11	2.685587563720248563e-03	4.776211387850148990e-07	6.911013954442684314e-04	3.028653508052785424e-07
2.030000000000000000e+03	2.030583341716547652e-10	1.997722869814541800e-12	6.640133196103122742e-20	6.152317144485715305e-04	9.654934333826927787e-07	1.279146964592165856e-24	3.803090773822836410e-13	7.214884237230354541e-10	5.083738075409954093e-10	1.348289913906812356e-19	6.917537709011068684e-04	4.123268706568866498e-20	1.600641177418675454e-02	6.731339798347857339e-02	3.378355787422755892e-03	9.185276220046025789e-11	2.685635922861686828e-03	4.776086817656162790e-07	6.910923829457363493e-04	2.938222721126464381e-07
2.040000000000000000e+03	1.969931713079737512e-10	1.938046010056253942e-12	6.441779158051058418e-20	6.152405195038188404e-04	9.654931737309168210e-07	1.279146620107541959e-24	3.689483166888598313e-13	6.999379933690456352e-10	4.931888298563789972e-10	1.308016897638830828e-19	6.917537762338462183e-04	3.880630954240400246e-20	1.600635608579243849e-02	6.731335108385198829e-02	3.378402692382060507e-03	9.230484364006219072e-11	2.685682837480799119e-03	4.775965972773119486e-07	6.910836398565023062e-04	2.850496813573928820e-07
2.050000000000000000e+03	1.911095530894516412e-10	1.880155815964147127e-12	6.249363642082383979e-20	6.152490615337054356e-04	9.654929218164454822e-07	1.279146285885472860e-24	3.579276858400663609e-13	6.790326329654217255e-10	4.784583939648376491e-10	1.268949399054809792e-19	6.917537812528455404e-04	3.652286128001535693e-20	1.600630206091515489e-02	6.731330558504296235e-02	3.378448196210114170e-03	9.275692495990861093e-11	2.685728350820123893e-03	4.775848741464447613e-07	6.910751581025359252e-04	2.765394629983143226e-07
2.060000000000000000e+03	1.854020202427710253e-10	1.823998537003278312e-12	6.062707992086541831e-20	6.152573484021773556e-04	9.654926773920249746e-07	1.279145961598109329e-24	3.472369522773512624e-13	6.587529431232555198e-10	4.641688295614362012e-10	1.231051162354058065e-19	6.917537859765802901e-04	3.437390911232920062e-20	1.600624964975316464e-02	6.731326144512303489e-02	3.378492340853767387e-03	9.320900616356381393e-11	2.685772504821950634e-03	4.775735015292520218e-07	6.910669298477912668e-04	2.682837396178039428e-07
2.070000000000000000e+03	1.798652844375872939e-10	1.769522107020351851e-12	5.881639150503301333e-20	6.152653877329045248e-04	9.654924402117768802e-07	1.279145646919432414e-24	3.368662041000664472e-13	6.390801323418367084e-10	4.503068948308810024e-10	1.194287068155228497e-19	6.917537904224357577e-04	3.235152055521608993e-20	1.600619880400208986e-02	6.731321862342400097e-02	3.378535166998645166e-03	9.366108725446918126e-11	2.685815340168006427e-03	4.775624689155362095e-07	6.910589474969093104e-04	2.602748797499340176e-07
2.080000000000000000e+03	1.744942138307166598e-10	1.716676001865366624e-12	5.705989185085341298e-20	6.152731869582326978e-04	9.654922100963947001e-07	1.279145341611626936e-24	3.268058229607173764e-13	6.199959659792396171e-10	4.368597408308492711e-10	1.158623039034666725e-19	6.917537946067729877e-04	3.044823066152333667e-20	1.600614947680895767e-02	6.731317708049905368e-02	3.378576714107905509e-03	9.411316823598285941e-11	2.685856896318117738e-03	4.775517661124630378e-07	6.910512036835352425e-04	2.525054770503849939e-07
2.090000000000000000e+03	1.692838326524307187e-10	1.665411235171011973e-12	5.535595274869799144e-20	6.152807532388908070e-04	9.654919867963573512e-07	1.279145045343858275e-24	3.170464832614731653e-13	6.014827626564578285e-10	4.238149078362702712e-10	1.124026029834331474e-19	6.917537985449881931e-04	2.865701599460747836e-20	1.600610162272940798e-02	6.731313677808699325e-02	3.378617020458193725e-03	9.456524911135425939e-11	2.685897211546241919e-03	4.775413832312453555e-07	6.910436912607229422e-04	2.449683497791442052e-07
2.100000000000000000e+03	1.642293175614808660e-10	1.615680322350715207e-12	5.370299590514951357e-20	6.152880935776030994e-04	9.654917701591004354e-07	1.279144757913752588e-24	3.075791453004370161e-13	5.835233833634408915e-10	4.111603186835099331e-10	1.090464010006658978e-19	6.917538022515697842e-04	2.697126874922849864e-20	1.600605519768390911e-02	6.731309767907510400e-02	3.378656123176672268e-03	9.501732988373148845e-11	2.685936322977284553e-03	4.775313106829133812e-07	6.910364032979113584e-04	2.376565356008343533e-07
2.110000000000000000e+03	1.593259888174251980e-10	1.567437193618425402e-12	5.209949005195210870e-20	6.152952147271516107e-04	9.654915599744653376e-07	1.279144479042636715e-24	2.983950387131099302e-13	5.661011998299854424e-10	3.988842562886109650e-10	1.057905903989961921e-19	6.917538057401529045e-04	2.538477071633600565e-20	1.600601015891684603e-02	6.731305974746505660e-02	3.378694058275302781e-03	9.546941055618664368e-11	2.685974266621497276e-03	4.775215391670962819e-07	6.910293330728416736e-04	2.305632788823780710e-07
2.120000000000000000e+03	1.545693106901266771e-10	1.520637197891555666e-12	5.054395107573739787e-20	6.153021232314440092e-04	9.654913560289419451e-07	1.279144208447402026e-24	2.894856632153957473e-13	5.492000952402845271e-10	3.869753639065301710e-10	1.026321591897120803e-19	6.917538090235682193e-04	2.389167181004162914e-20	1.600596646495625053e-02	6.731302294833890754e-02	3.378730860684864452e-03	9.592149113169509375e-11	2.686011077408399870e-03	4.775120596656906017e-07	6.910224740670091849e-04	2.236820313521375208e-07
2.130000000000000000e+03	1.499548812561517568e-10	1.475237002290312026e-12	4.903493867758172390e-20	6.153088254502495601e-04	9.654911581347576648e-07	1.279143945879042634e-24	2.808427694711564202e-13	5.328044274860091556e-10	3.754226188676987431e-10	9.956818398617463963e-20	6.917538121138914640e-04	2.248646640929636423e-20	1.600592407557530766e-02	6.731298724782673604e-02	3.378766564287362557e-03	9.637357161313272592e-11	2.686046789219132848e-03	4.775028634301400499e-07	6.910158199564897605e-04	2.170064373984886102e-07
2.140000000000000000e+03	1.454784314045711977e-10	1.431194582245880729e-12	4.757105604422183346e-20	6.153153275636448960e-04	9.654909661274278040e-07	1.279143691119413604e-24	2.724583572091043512e-13	5.168990275655931518e-10	3.642153325512701026e-10	9.659582999643523441e-20	6.917538150224860532e-04	2.116397400353605769e-20	1.600588295175509393e-02	6.731295261307518318e-02	3.378801201947446899e-03	9.682565200329635417e-11	2.686081434917834271e-03	4.774939419736450219e-07	6.910093646063307201e-04	2.105303326901954597e-07
2.150000000000000000e+03	1.411358261171996515e-10	1.388469233990042444e-12	4.615095026318491779e-20	6.153216355389775098e-04	9.654907798044848067e-07	1.279143443900051677e-24	2.643246776004570794e-13	5.014692021705771205e-10	3.533431511102850519e-10	9.371235121588538620e-20	6.917538177600465570e-04	1.991932141225588350e-20	1.600584305564712803e-02	6.731291901221631013e-02	3.378834805543858878e-03	9.727773230488809322e-11	2.686115046383109797e-03	4.774852870664468488e-07	6.910031020671662805e-04	2.042477460846247014e-07
2.160000000000000000e+03	1.369230524332608501e-10	1.347021456054736789e-12	4.477330838406936770e-20	6.153277552317960863e-04	9.654905990748501848e-07	1.279143204100071955e-24	2.564342106998634967e-13	4.865006923050873571e-10	3.427960270184974214e-10	9.091508288081944916e-20	6.917538203366369737e-04	1.874792228701748206e-20	1.600580435053797906e-02	6.731288641433733066e-02	3.378867405999430064e-03	9.772981252055768691e-11	2.686147654537863853e-03	4.774768907317233935e-07	6.909970265722736220e-04	1.981528822626822908e-07
2.170000000000000000e+03	1.328362139246941255e-10	1.306812894828842455e-12	4.343685560896000431e-20	6.153336922092287643e-04	9.654904236733600622e-07	1.279142971367957361e-24	2.487796550809745589e-13	4.719796529823270615e-10	3.325642044979202421e-10	8.820143760368956389e-20	6.917538227617294356e-04	1.764545972658436115e-20	1.600576680081591818e-02	6.731285478945300826e-02	3.378899033308869430e-03	9.818189265285250256e-11	2.686179289377354888e-03	4.774687452210148249e-07	6.909911325198137650e-04	1.922401137866426141e-07
2.180000000000000000e+03	1.288715254945792093e-10	1.267806293290561863e-12	4.214035358839449629e-20	6.153394519730064505e-04	9.654902534769665982e-07	1.279142745540477648e-24	2.413539180765594839e-13	4.578926341416455456e-10	3.226382057199629102e-10	8.556890171353397264e-20	6.917538250442623222e-04	1.660786989239138866e-20	1.600573037183775776e-02	6.731282410839317665e-02	3.378929716651228512e-03	9.863397270425110933e-11	2.686209980081296668e-03	4.774608430055503183e-07	6.909854144665795181e-04	1.865039736192427011e-07
2.190000000000000000e+03	1.250253365709886140e-10	1.229965719128704339e-12	4.088260800366199333e-20	6.153450398033988560e-04	9.654900883261908528e-07	1.279142526406143383e-24	2.341501592062547592e-13	4.442266646286391843e-10	3.130088907091438059e-10	8.301505114319722454e-20	6.917538271926000366e-04	1.563133458035348208e-20	1.600569503019109302e-02	6.731279434302386844e-02	3.378959484168852969e-03	9.908605267714445986e-11	2.686239754792969000e-03	4.774531768235535749e-07	6.909798671622452079e-04	1.809391887210527545e-07
2.200000000000000000e+03	1.212941070174321088e-10	1.193256327655961438e-12	3.966246068651099170e-20	6.153504608357896356e-04	9.654899280904324158e-07	1.279142313791729860e-24	2.271617450420540067e-13	4.309691653866616112e-10	3.036673956960368895e-10	8.053753507971013983e-20	6.917538292146123684e-04	1.471226039950378963e-20	1.600566074347738524e-02	6.731276546606458633e-02	3.378988363150166058e-03	9.953813257385828876e-11	2.686268640801918808e-03	4.774457396330248639e-07	6.909744855152214664e-04	1.755406452410827352e-07
2.210000000000000000e+03	1.176743827986035407e-10	1.157644122327664856e-12	3.847878165926797043e-20	6.153557200581724227e-04	9.654897726048142065e-07	1.279142107478602661e-24	2.203822036179560500e-13	4.181078631807484555e-10	2.946050723419760361e-10	7.813405984568808018e-20	6.917538311177508226e-04	1.384726037016735984e-20	1.600562748007752431e-02	6.731273745089084992e-02	3.379016380227029860e-03	9.999021239665887703e-11	2.686296664741374702e-03	4.774385245619912843e-07	6.909692645566741388e-04	1.703033533462432425e-07
2.220000000000000000e+03	1.141628216010811220e-10	1.123096206751188816e-12	3.733047751112996056e-20	6.153608223058649107e-04	9.654896217239146438e-07	1.279141907273907612e-24	2.138052724053200075e-13	4.056308816545011898e-10	2.858135518826386340e-10	7.580240591125924969e-20	6.917538329090102377e-04	1.303314983638942529e-20	1.600559520939733027e-02	6.731271027174109967e-02	3.379043561168067287e-03	1.004422921477351126e-10	2.686323852381474007e-03	4.774315249608185660e-07	6.909641994783945976e-04	1.652224843217863650e-07
2.230000000000000000e+03	1.107561846260302900e-10	1.089580703869810498e-12	3.621648871199639694e-20	6.153657722903287889e-04	9.654894753421682233e-07	1.279141713037600540e-24	2.074248829277972898e-13	3.935267132078576597e-10	2.772847259067749861e-10	7.354042279611862286e-20	6.917538345949713957e-04	1.226693243331120935e-20	1.600556390176935406e-02	6.731268390363377707e-02	3.379069930961359387e-03	1.008943718292249859e-10	2.686350228711933182e-03	4.774247343845611271e-07	6.909592856200435628e-04	1.602933587329583547e-07
2.240000000000000000e+03	1.074513294452685313e-10	1.057066685622725479e-12	3.513578727450755719e-20	6.153705745456779187e-04	9.654893333003350803e-07	1.279141524558528129e-24	2.012351473706077169e-13	3.817841913403582954e-10	2.690107257011409396e-10	7.134602359182065046e-20	6.917538361818276931e-04	1.154578820026928607e-20	1.600553352841476221e-02	6.731265832233553070e-02	3.379095513846467041e-03	1.013464514431969268e-10	2.686375817974148445e-03	4.774181465801229600e-07	6.909545184598787871e-04	1.555114361189726219e-07
2.250000000000000000e+03	1.042452083860261553e-10	1.025524156998077662e-12	3.408737622399900578e-20	6.153752335054998033e-04	9.654891954993129951e-07	1.279141341705217582e-24	1.952303555447052846e-13	3.703924871969234192e-10	2.609839209018304068e-10	6.921718460376554221e-20	6.917538376754080176e-04	1.086706347045676494e-20	1.600550406141690307e-02	6.731263350433878967e-02	3.379120333336812360e-03	1.017985309916580243e-10	2.686400643683441430e-03	4.774117554820513720e-07	6.909498936117229768e-04	1.508723126854299362e-07
2.260000000000000000e+03	1.011348637572100249e-10	9.949240090172045585e-13	3.307028803579117968e-20	6.153797534173885810e-04	9.654890617595023957e-07	1.279141164239548823e-24	1.894049659363223730e-13	3.593410914083548343e-10	2.531969062175472857e-10	6.715194183016789604e-20	6.917538390811978901e-04	1.022826066772844929e-20	1.600547547369522011e-02	6.731260942683990611e-02	3.379144412241507148e-03	1.022506104765502788e-10	2.686424728651021221e-03	4.774055552058417189e-07	6.909454068201348635e-04	1.463717144241389405e-07
2.270000000000000000e+03	9.811742964094926164e-11	9.652380363087420940e-13	3.208358521931778355e-20	6.153841384296161472e-04	9.654889319504559730e-07	1.279140991988529859e-24	1.837536090525762791e-13	3.486198206631590787e-10	2.456425060281020429e-10	6.514839218164631033e-20	6.917538404043599562e-04	9.627029999017418637e-21	1.600544773898038634e-02	6.731258606771813036e-02	3.379167772686428491e-03	1.027026898997461170e-10	2.686448095004909890e-03	4.773995400457897530e-07	6.909410539588669263e-04	1.420054997324770784e-07
2.280000000000000000e+03	9.519012457488386001e-11	9.364388650724637958e-13	3.112635792378681853e-20	6.153883926211592414e-04	9.654888060317272684e-07	1.279140824898407354e-24	1.782710737078517152e-13	3.382187916488635071e-10	2.383137561185363250e-10	6.320468863681723815e-20	6.917538416497540435e-04	9.061159817833857639e-21	1.600542083178949429e-02	6.731256340551483586e-02	3.379190436135139520e-03	1.031547692630728584e-10	2.686470764210815553e-03	4.773937044662732192e-07	6.909368310245684545e-04	1.377696488484024829e-07
2.290000000000000000e+03	9.235025076049965620e-11	9.084999452466454725e-13	3.019772367783918015e-20	6.153925198805890780e-04	9.654886838569371303e-07	1.279140662775088273e-24	1.729523055326947653e-13	3.281284187438238514e-10	2.312039021939798030e-10	6.131903984835570689e-20	6.917538428219523411e-04	8.528568818588590561e-21	1.600539472740252975e-02	6.731254141941364622e-02	3.379212423408575056e-03	1.036068485683212586e-10	2.686492757092002331e-03	4.773880430970398102e-07	6.909327341333885248e-04	1.336602627284338470e-07
2.300000000000000000e+03	8.959519244904291471e-11	8.813955345874072056e-13	2.929682686037771539e-20	6.153965239932571380e-04	9.654885653047777350e-07	1.279140505457697581e-24	1.677924039429729107e-13	3.183394074917350245e-10	2.243063949678322306e-10	5.948970884041624120e-20	6.917538439252592401e-04	8.027298510423841910e-21	1.600536940183948723e-02	6.731252008922117280e-02	3.379233754704343874e-03	1.040589278172141022e-10	2.686514093848444730e-03	4.773825507305842236e-07	6.909287595190868880e-04	1.296735607336863259e-07
2.310000000000000000e+03	8.692241099671646573e-11	8.551006499845140249e-13	2.842283708240096765e-20	6.154004086210977838e-04	9.654884502416950685e-07	1.279140352769140259e-24	1.627866128718036948e-13	3.088427375323190679e-10	2.176148783783063714e-10	5.771500988340030608e-20	6.917538449637255366e-04	7.555505534712872022e-21	1.600534483183814471e-02	6.731249939534844628e-02	3.379254449615497116e-03	1.045110070114218029e-10	2.686534794075632910e-03	4.773772223141783225e-07	6.909249035272779392e-04	1.258058734947004584e-07
2.320000000000000000e+03	8.432944460523086120e-11	8.295910648718571125e-13	2.757494910093276568e-20	6.154041773136551376e-04	9.654883385337613633e-07	1.279140204531829598e-24	1.579303202765834509e-13	2.996296613736415750e-10	2.111231885207972261e-10	5.599330821086101155e-20	6.917538459411635022e-04	7.111455228217586489e-21	1.600532099483254964e-02	6.731247931879270896e-02	3.379274527148631423e-03	1.049630861525410260e-10	2.686554876782648073e-03	4.773720529464405467e-07	6.909211626129572190e-04	1.220536425556317367e-07
2.330000000000000000e+03	8.181390577526934088e-11	8.048432841409147623e-13	2.675238198519551549e-20	6.154078335697837259e-04	9.654882301381432221e-07	1.279140060688869286e-24	1.532190533632338336e-13	2.906916961439957076e-10	2.048253482458464095e-10	5.432301858668021843e-20	6.917538468611614125e-04	6.693515180622425643e-21	1.600529786893202869e-02	6.731245984111967895e-02	3.379294005741641238e-03	1.054151652421273105e-10	2.686574360409818042e-03	4.773670378728408145e-07	6.909175333372576978e-04	1.184134167072458458e-07
2.340000000000000000e+03	7.937347896563088283e-11	7.808345210795808219e-13	2.595437835010250778e-20	6.154113807439051068e-04	9.654881249509103375e-07	1.279139921102421956e-24	1.486484741960113234e-13	2.820206139392713767e-10	1.987155597332609636e-10	5.270260333580302761e-20	6.917538477270960152e-04	6.300149163578662756e-21	1.600527543290077709e-02	6.731244094444646664e-02	3.379312903280796716e-03	1.058672442817171315e-10	2.686593262845935262e-03	4.773621724830475094e-07	6.909140123655384356e-04	1.148818486163161019e-07
2.350000000000000000e+03	7.700591677558167605e-11	7.575426597852238686e-13	2.518020310694272648e-20	6.154148221242985431e-04	9.654880229248958916e-07	1.279139785709855616e-24	1.442143725420383377e-13	2.736084294831768659e-10	1.927881963978439214e-10	5.113057019732930607e-20	6.917538485421458657e-04	5.929911219834194478e-21	1.600525366613831865e-02	6.731242261142503236e-02	3.379331237117298627e-03	1.063193232727989488e-10	2.686611601444696771e-03	4.773574523034122866e-07	6.909105964619533793e-04	1.114556893170549265e-07
2.360000000000000000e+03	7.470904166567098906e-11	7.349462720639493597e-13	2.442914402507852770e-20	6.154181608190269952e-04	9.654879238859640983e-07	1.279139654280329075e-24	1.399126690884334274e-13	2.654474053717763454e-10	1.870378060857641486e-10	4.960547317238547080e-20	6.917538493093026031e-04	5.581440906619420424e-21	1.600523254866041342e-02	6.731240482522633795e-02	3.379349024083166692e-03	1.067714022168090581e-10	2.686629393040757766e-03	4.773528729956082555e-07	6.909072824884741719e-04	1.081317907170536348e-07
2.370000000000000000e+03	7.248073833500015179e-11	7.130245424149075932e-13	2.370050923857325628e-20	6.154213999168081130e-04	9.654878277806208035e-07	1.279139526742833104e-24	1.357394011614802420e-13	2.575300255621474430e-10	1.814590927908424442e-10	4.812590767489076482e-20	6.917538500313807079e-04	5.253457429908969737e-21	1.600521206108047531e-02	6.731238756952444280e-02	3.379366280507159568e-03	1.072234811151370325e-10	2.686646653965410903e-03	4.773484303483149748e-07	6.909040673988792267e-04	1.049070945795125441e-07
2.380000000000000000e+03	7.031895630445662071e-11	6.917572934169723857e-13	2.299362808999382558e-20	6.154245423902466976e-04	9.654877345197742348e-07	1.279139402979202421e-24	1.316907275595219693e-13	2.498490045385326699e-10	1.760469230045722826e-10	4.669051221570490309e-20	6.917538507110312712e-04	4.944755615927310370e-21	1.600519218459188486e-02	6.731237082848172404e-02	3.379383022229513495e-03	1.076755599691351183e-10	2.686663400061464584e-03	4.773441202798973005e-07	6.909009482406991117e-04	1.017786362751882635e-07
2.390000000000000000e+03	6.822170730054366261e-11	6.711249599680056066e-13	2.230785027417513745e-20	6.154275911380332597e-04	9.654876440405264785e-07	1.279139282905978213e-24	1.277629236488545664e-13	2.423972774330050717e-10	1.707963185051510073e-10	4.529796649024746059e-20	6.917538513507475242e-04	4.654201347191023077e-21	1.600517290095056569e-02	6.731235458673430483e-02	3.379399264616651886e-03	1.081276387801147845e-10	2.686679646697890961e-03	4.773399388283020824e-07	6.908979221479118454e-04	9.874354100951316260e-08
2.400000000000000000e+03	6.618706195382935349e-11	6.511085567828815383e-13	2.164254475791874899e-20	6.154305489298302284e-04	9.654875562148533748e-07	1.279139166353419829e-24	1.239523751762862035e-13	2.351679888440057012e-10	1.657024487829848418e-10	4.394698936953638753e-20	6.917538519528770901e-04	4.380727125234297179e-21	1.600515419245569088e-02	6.731233882937572022e-02	3.379415022577375929e-03	1.085797175493609140e-10	2.686695408786101118e-03	4.773358821519687245e-07	6.908949863416066458e-04	9.579901905584500051e-08
2.410000000000000000e+03	6.421314344445538971e-11	6.316896158587955396e-13	2.099709770146401162e-20	6.154334184842446273e-04	9.654874709564996531e-07	1.279139053207127792e-24	1.202555663643260691e-13	2.281544699572138410e-10	1.607606147426901632e-10	4.263633457774517022e-20	6.917538525196352105e-04	4.123327592324432441e-21	1.600513604188875255e-02	6.731232354190558320e-02	3.379430310614293508e-03	1.090317962780840341e-10	2.686710700831274230e-03	4.773319465121444078e-07	6.908921381171917540e-04	9.294235657077032622e-08
2.420000000000000000e+03	6.229814408790286370e-11	6.128503496244512766e-13	2.037091788124319727e-20	6.154362024439163610e-04	9.654873882193106998e-07	1.279138943405834787e-24	1.166691109701085698e-13	2.213502981943964340e-10	1.559662909869483727e-10	4.136480190647753428e-20	6.917538530530931455e-04	3.881058600950736446e-21	1.600511843266159279e-02	6.731230871035419339e-02	3.379445142699112527e-03	1.094838749674775336e-10	2.686725536807617505e-03	4.773281283084470863e-07	6.908893748701355622e-04	9.017093960615855935e-08
2.430000000000000000e+03	6.044030483308798221e-11	5.945734492245793987e-13	1.976342998525926931e-20	6.154389033911304013e-04	9.654873079761549908e-07	1.279138836913477563e-24	1.131897138845514145e-13	2.147492228696027367e-10	1.513150728859420750e-10	4.013122317692284079e-20	6.917538535552053862e-04	3.653030457224864129e-21	1.600510134863603398e-02	6.731229432113086664e-02	3.379459532424549783e-03	1.099359536187184776e-10	2.686739930310325791e-03	4.773244240367552438e-07	6.908866940654998824e-04	8.748222445116270991e-08
2.440000000000000000e+03	5.863790973500926502e-11	5.768420301273897466e-13	1.917407280518535716e-20	6.154415237504552152e-04	9.654872300504378033e-07	1.279138733495979014e-24	1.098141607775817183e-13	2.083451472311637968e-10	1.468026646765463050e-10	3.893445908333097744e-20	6.917538540278233162e-04	3.438404534788919867e-21	1.600508477406142188e-02	6.731228036097122724e-02	3.379473493056773387e-03	1.103880322329357222e-10	2.686753894608187501e-03	4.773208302795067197e-07	6.908840932309172431e-04	8.487372964095476035e-08
2.450000000000000000e+03	5.688930986021571043e-11	5.596398672856365185e-13	1.860230705265213882e-20	6.154440659444400516e-04	9.654871544199812735e-07	1.279138633123843597e-24	1.065393628660480869e-13	2.021322122026290723e-10	1.424249378393765484e-10	3.777341467573930780e-20	6.917538544726708170e-04	3.236393518021817511e-21	1.600506869381086023e-02	6.731226681713610438e-02	3.379487037336731826e-03	1.108401108112001560e-10	2.686767442444576263e-03	4.773173437519488257e-07	6.908815699900734382e-04	8.234307056158224916e-08
2.460000000000000000e+03	5.519288988815215299e-11	5.429510665567097393e-13	1.804760443790360344e-20	6.154465323121252216e-04	9.654870810053498049e-07	1.279138535691722040e-24	1.033622943615410409e-13	1.961046783183332719e-10	1.381778481258585867e-10	3.664701735412434673e-20	6.917538548913889371e-04	3.046255140766764762e-21	1.600505309304927487e-02	6.731225367713203345e-02	3.379500177759523806e-03	1.112921893545756108e-10	2.686780586317075344e-03	4.773139612354717704e-07	6.908791220144604216e-04	7.988791112107265460e-08
2.470000000000000000e+03	5.354709656516904924e-11	5.267603446026939299e-13	1.750945697311962595e-20	6.154489251461301618e-04	9.654870098006785410e-07	1.279138441191737980e-24	1.002800457553277292e-13	1.902570266101815142e-10	1.340575067700589268e-10	3.555423575494449920e-20	6.917538552855075941e-04	2.867291512711509570e-21	1.600503795752097197e-02	6.731224092895335409e-02	3.379512926332310218e-03	1.117442678640953127e-10	2.686793338235208758e-03	4.773106796357223196e-07	6.908767470654387979e-04	7.750600494130254666e-08
2.480000000000000000e+03	5.195041684276976824e-11	5.110528138168593540e-13	1.698736982379913522e-20	6.154512465894447591e-04	9.654869406600253994e-07	1.279138349430433882e-24	9.728978287453119581e-14	1.845838810593832786e-10	1.300601257163627370e-10	3.449406522463445158e-20	6.917538556564721379e-04	2.698845810262386616e-21	1.600502327334470121e-02	6.731222856090993134e-02	3.379525294746739145e-03	1.121963463407562859e-10	2.686805709893117389e-03	4.773074959399003122e-07	6.908744429633363257e-04	7.519516372089237891e-08
2.490000000000000000e+03	5.040138343935305201e-11	4.958140370180226910e-13	1.648086312669242641e-20	6.154534987844917544e-04	9.654868735385058922e-07	1.279138260348241939e-24	9.438875729436529468e-14	1.790800280898553184e-10	1.261820312928136265e-10	3.346553144603178266e-20	6.917538560056440012e-04	2.540299452654820618e-21	1.600500902704277140e-02	6.731221656165121969e-02	3.379537294354648894e-03	1.126484247855195978e-10	2.686817712644993129e-03	4.773044072228594153e-07	6.908722075918666923e-04	7.295326529530106988e-08
2.500000000000000000e+03	4.889857208808660890e-11	4.810300003687222417e-13	1.598947108965489577e-20	6.154556838188557019e-04	9.654868084067940448e-07	1.279138173906210308e-24	9.157430118253404215e-14	1.737404070992966686e-10	1.224196576782049235e-10	3.246768870570007802e-20	6.917538563343046025e-04	2.391070352224776478e-21	1.600499520553952393e-02	6.731220492016527779e-02	3.379548936169271024e-03	1.131005031993206089e-10	2.686829357506380789e-03	4.773014106469940451e-07	6.908700388980505832e-04	7.077824965769424669e-08
2.510000000000000000e+03	4.744060199111087638e-11	4.666871178305950665e-13	1.551274213973490865e-20	6.154578036836583872e-04	9.654867451851732572e-07	1.279138089998629353e-24	8.884382814740732681e-14	1.685601120016039783e-10	1.187695479831101527e-10	3.149962018064485930e-20	6.917538566436593579e-04	2.250610717515168212e-21	1.600498179615867170e-02	6.731219362577646470e-02	3.379560230867399619e-03	1.135525815830715958e-10	2.686840655156408526e-03	4.772985034615875755e-07	6.908679348917473075e-04	6.866811962321501077e-08
2.520000000000000000e+03	4.602613381701724350e-11	4.527722114538281804e-13	1.505023826803436915e-20	6.154598603423971004e-04	9.654866838462703892e-07	1.279138008589137360e-24	8.619482948569701908e-14	1.635343838205820440e-10	1.152283488351092828e-10	3.056043650227877446e-20	6.917538569348424511e-04	2.118404994303075745e-21	1.600496878660263855e-02	6.731218266812812046e-02	3.379571188806917634e-03	1.140046599376663144e-10	2.686851615955202291e-03	4.772956829979687912e-07	6.908658936421516314e-04	6.662093793641727152e-08
2.530000000000000000e+03	4.465386811936963196e-11	4.392724958093236206e-13	1.460153451226469225e-20	6.154618556790635020e-04	9.654866243308253216e-07	1.279137929599131411e-24	8.362487121878970253e-14	1.586586054157250144e-10	1.117928068801162170e-10	2.964927482846122088e-20	6.917538572089218215e-04	1.993967938035562827e-21	1.600495616494118992e-02	6.731217203717283770e-02	3.379581820036260675e-03	1.144567382639693235e-10	2.686862249953446326e-03	4.772929466669396612e-07	6.908639132759357817e-04	6.463482498769419603e-08
2.540000000000000000e+03	4.332254491678479770e-11	4.261755738480560589e-13	1.416621881912005772e-20	6.154637914866627896e-04	9.654865665269090034e-07	1.279137852880230873e-24	8.113159330448776423e-14	1.539283000781712881e-10	1.084597678095777252e-10	2.876529858548745699e-20	6.917538574669021990e-04	1.876842898201105987e-21	1.600494391960046239e-02	6.731216172316335788e-02	3.379592134303659613e-03	1.149088165628100654e-10	2.686872566901629244e-03	4.772902919576656190e-07	6.908619919764480031e-04	6.270795821060407628e-08
2.550000000000000000e+03	4.203094102491956195e-11	4.134694106458989598e-13	1.374389117160771028e-20	6.154656695840616349e-04	9.654865104504731823e-07	1.279137778453481872e-24	7.871270463877541535e-14	1.493391215151028429e-10	1.052261690549183561e-10	2.790769553061527778e-20	6.917538577097295501e-04	1.766600003411762040e-21	1.600493203935222930e-02	6.731215171664350905e-02	3.379602141066321164e-03	1.153608948349911511e-10	2.686882576259060247e-03	4.772877164327125854e-07	6.908601279801236325e-04	6.083856822511199012e-08
2.560000000000000000e+03	4.077787036228820784e-11	4.011423364034043613e-13	1.333416368875443920e-20	6.154674916502519445e-04	9.654864559828413429e-07	1.279137706161567079e-24	7.636598362689343993e-14	1.448868554737585229e-10	1.020890411808676829e-10	2.707567812152177736e-20	6.917538579382944385e-04	1.662834711361054272e-21	1.600492051330372131e-02	6.731214200843957385e-02	3.379611849498815289e-03	1.158129730812904016e-10	2.686892287202507622e-03	4.772852177289922572e-07	6.908583195771708565e-04	5.902493928465572318e-08
2.570000000000000000e+03	3.956218298816491010e-11	3.891830369732273139e-13	1.293666031075723768e-20	6.154692594128944845e-04	9.654864031638147161e-07	1.279137636057135417e-24	7.408927638003093344e-14	1.405674159518779602e-10	9.904550504594006636e-11	2.626848276327093376e-20	6.917538581534347355e-04	1.565166322868448057e-21	1.600490933088737425e-02	6.731213258965158819e-02	3.379621268501938319e-03	1.162650513024767847e-10	2.686901708634767839e-03	4.772827935544346435e-07	6.908565651091656259e-04	5.726540788798404314e-08
2.580000000000000000e+03	3.838276206320225887e-11	3.775805239533026395e-13	1.255101580493956003e-20	6.154709744517311261e-04	9.654863518809365493e-07	1.279137567991113632e-24	7.188049102192688628e-14	1.363768348518206619e-10	9.609276472840992938e-11	2.548536793210183794e-20	6.917538583559391984e-04	1.473236423627376165e-21	1.600489848185116665e-02	6.731212345164550026e-02	3.379630406710559115e-03	1.167171294992920877e-10	2.686910849192829590e-03	4.772804416837393495e-07	6.908548629659772922e-04	5.555835838395062687e-08
2.590000000000000000e+03	3.723852514380779913e-11	3.663241474127527909e-13	1.217687618873545663e-20	6.154726383441624059e-04	9.654863020954188745e-07	1.279137501912034723e-24	6.973760011151483324e-14	1.323112659626185970e-10	9.322811003402794078e-11	2.472561484060782247e-20	6.917538585465499634e-04	1.386707754785454675e-21	1.600488795624923494e-02	6.731211458604495490e-02	3.379639272501745815e-03	1.171692076724429165e-10	2.686919717255767219e-03	4.772781599597251107e-07	6.908532115867488345e-04	5.390222484873934190e-08
2.600000000000000000e+03	3.612842039495301715e-11	3.554035586290792451e-13	1.181389749114769460e-20	6.154742526127693217e-04	9.654862537551685300e-07	1.279137437750802398e-24	6.765863354915667027e-14	1.283669720702411809e-10	9.044890768152819869e-11	2.398852509990781068e-20	6.917538587259667747e-04	1.305262706324934748e-21	1.600487774442337433e-02	6.731210598471586148e-02	3.379647874010274691e-03	1.176212858226287300e-10	2.686928320960345427e-03	4.772759462860472161e-07	6.908516094546261191e-04	5.229548560806475491e-08
2.610000000000000000e+03	3.505142853423722382e-11	3.448087292075073416e-13	1.146174638823686476e-20	6.154758187489624928e-04	9.654862068315685079e-07	1.279137375469427619e-24	6.564168221641520318e-14	1.245403314967861751e-10	8.775260569951971419e-11	2.327342188583261801e-20	6.917538588948478513e-04	1.228602602629619658e-21	1.600486783700181756e-02	6.731209763976533922e-02	3.379656219129683562e-03	1.180733639505120223e-10	2.686936668202021070e-03	4.772737986304394207e-07	6.908500550991071489e-04	5.073666605358195995e-08
2.620000000000000000e+03	3.400656265584740959e-11	3.345299493418969027e-13	1.112010014531746820e-20	6.154773381995591944e-04	9.654861613050015251e-07	1.279137315041847288e-24	6.368489764498156978e-14	1.208278375028163626e-10	8.513673322682967173e-11	2.257964988594403355e-20	6.917538590538101044e-04	1.156446290376473526e-21	1.600485822492527313e-02	6.731208954356365792e-02	3.379664315490334484e-03	1.185254420567482564e-10	2.686944766613031006e-03	4.772717150270170280e-07	6.908485470977103254e-04	4.922433839218829813e-08
2.630000000000000000e+03	3.299286399258270974e-11	3.245577861190629301e-13	1.078864523107627079e-20	6.154788123275503099e-04	9.654861170872999220e-07	1.279137256351177042e-24	6.178648407901749245e-14	1.172260837242885849e-10	8.259889006795471945e-11	2.190657252945064816e-20	6.917538592034368347e-04	1.088529060310398076e-21	1.600484889938345173e-02	6.731208168869083630e-02	3.379672170512787281e-03	1.189775201419795314e-10	2.686952623615839354e-03	4.772696935643465367e-07	6.908470840673402958e-04	4.775711551455985200e-08
2.640000000000000000e+03	3.200940254394480564e-11	3.148830896929209144e-13	1.046707752278870165e-20	6.154802424986851499e-04	9.654860741610362075e-07	1.279137199374257438e-24	5.994469965053133180e-14	1.137317656027499903e-10	8.013674772343250213e-11	2.125357226054702660e-20	6.917538593442770821e-04	1.024601839512777680e-21	1.600483985182899263e-02	6.731207406794822989e-02	3.379679791396216371e-03	1.194295982068075435e-10	2.686960246411418569e-03	4.772677323888852303e-07	6.908456646667802091e-04	4.633365190671805295e-08
2.650000000000000000e+03	3.105527519964662604e-11	3.054969748194477692e-13	1.015510169257755626e-20	6.154816300190230332e-04	9.654860324796530040e-07	1.279137144049337188e-24	5.815785286416762162e-14	1.103416742874147741e-10	7.774804517904443795e-11	2.062004942158218381e-20	6.917538594768460596e-04	9.644301046672339327e-22	1.600483107396976148e-02	6.731206667435223057e-02	3.379687185124793242e-03	1.198816762518291811e-10	2.686967641985731244e-03	4.772658297008922307e-07	6.908442875937329279e-04	4.495264093691798918e-08
2.660000000000000000e+03	3.012960774259602105e-11	2.963908405562581234e-13	9.852431862187855775e-21	6.154829761770117154e-04	9.654859920347867081e-07	1.279137090365268931e-24	5.642430634744011191e-14	1.070527036111735344e-10	7.543059379400213132e-11	2.000542354950263105e-20	6.917538596016291645e-04	9.077932523788170117e-22	1.600482255777418289e-02	6.731205950113851311e-02	3.379694358463286759e-03	1.203337542776273222e-10	2.686974817105260583e-03	4.772639837576280597e-07	6.908429515871374266e-04	4.361281775710622474e-08
2.670000000000000000e+03	2.923155039126447070e-11	2.875563264066834250e-13	9.558790145302965793e-21	6.154842821753420297e-04	9.654859527387478104e-07	1.279137038205809867e-24	5.474246850182348920e-14	1.038618342344824806e-10	7.318226608605285509e-11	1.940913040148715305e-20	6.917538597190843637e-04	8.544835216595732102e-22	1.600481429542898945e-02	6.731205254172675789e-02	3.379701317992477548e-03	1.207858322847530760e-10	2.686981778352542753e-03	4.772621928651659480e-07	6.908416554212448192e-04	4.231295285328086843e-08
2.680000000000000000e+03	2.836027688090060102e-11	2.789853032779621445e-13	9.273906347013025184e-21	6.154855492709762838e-04	9.654859146455823069e-07	1.279136987642498563e-24	5.311079178145188254e-14	1.007661302586950046e-10	7.100099332424002566e-11	1.883062131652142523e-20	6.917538598296428445e-04	8.043052955330631649e-22	1.600480627934508862e-02	6.731204578972529995e-02	3.379708070104479444e-03	1.212379102737650477e-10	2.686988532121274524e-03	4.772604553769577025e-07	6.908403979045794766e-04	4.105185071755352664e-08
2.690000000000000000e+03	2.751498875626747617e-11	2.706699157060687473e-13	8.997519367284067946e-21	6.154867785470703951e-04	9.654858776008151050e-07	1.279136938470614595e-24	5.152778073151510790e-14	9.776275473762982649e-11	6.888477657345119566e-11	1.826936614455598832e-20	6.917538599337093395e-04	7.570746165910594905e-22	1.600479850218694891e-02	6.731203923895617836e-02	3.379714620977662329e-03	1.216899882451880318e-10	2.686995084591575246e-03	4.772587697011817168e-07	6.908391778852598572e-04	3.982835606382662457e-08
2.700000000000000000e+03	2.669491210397599770e-11	2.626025497066960322e-13	8.729376132388939125e-21	6.154879711953853546e-04	9.654858416761464848e-07	1.279136890785089602e-24	4.999198586800774203e-14	9.484895784642511133e-11	6.683167824581296808e-11	1.772485100583228019e-20	6.917538600316642953e-04	7.126183240666139003e-22	1.600479095684012934e-02	6.731203288342742230e-02	3.379720976604368241e-03	1.221420661995252644e-10	2.687001441757270580e-03	4.772571342953273607e-07	6.908379942470792246e-04	3.864134910008050667e-08
2.710000000000000000e+03	2.589929259235028003e-11	2.547757839784061155e-13	8.469229972996512884e-21	6.154891282850177966e-04	9.654858067968838106e-07	1.279136844486906552e-24	4.850199438821057068e-14	9.202205934844195100e-11	6.483980978699430955e-11	1.719657502507699389e-20	6.917538601238682090e-04	6.707733479425547888e-22	1.600478363637218571e-02	6.731202671730046605e-02	3.379727142823521577e-03	1.225941441372900367e-10	2.687007609458890410e-03	4.772555476554201914e-07	6.908368459017079572e-04	3.748973835026564939e-08
2.720000000000000000e+03	2.512740258568195397e-11	2.471824598836370330e-13	8.216842950201602956e-21	6.154902508477355996e-04	9.654857728919398422e-07	1.279136799481826246e-24	4.705644349306508912e-14	8.927947390466369365e-11	6.290734953616879928e-11	1.668405506824983501e-20	6.917538602106575087e-04	6.313863432954957153e-22	1.600477653409667494e-02	6.731202073494392535e-02	3.379733125266844856e-03	1.230462220589503005e-10	2.687013593329712000e-03	4.772540083311399032e-07	6.908357317996370508e-04	3.637247095394801407e-08
2.730000000000000000e+03	2.437853220342686386e-11	2.398155934929559601e-13	7.971982932050614882e-21	6.154913399652727499e-04	9.654857400100689490e-07	1.279136755834384793e-24	4.565400364292433110e-14	8.661867924167929874e-11	6.103252025777115574e-11	1.618681978360990224e-20	6.917538602923510582e-04	5.943128329141388562e-22	1.600476964349136985e-02	6.731201493086462484e-02	3.379738929427857780e-03	1.234982999649757650e-10	2.687019398864664080e-03	4.772525149076437424e-07	6.908346509170221932e-04	3.528851972622675390e-08
2.740000000000000000e+03	2.365199590929321812e-11	2.326684404001891981e-13	7.734425747867597735e-21	6.154923966019013124e-04	9.654857080712690810e-07	1.279136713438534604e-24	4.429339089649256499e-14	8.403723950184602236e-11	5.921360557355385527e-11	1.570441395977346701e-20	6.917538603692474468e-04	5.594168861443490035e-22	1.600476295825353432e-02	6.731200929975432456e-02	3.379744560615081765e-03	1.239503778558249986e-10	2.687025031373769038e-03	4.772510660178414960e-07	6.908336022645695596e-04	3.423689269708755794e-08
2.750000000000000000e+03	2.294712648997676917e-11	2.257344364883571267e-13	7.503953219431620539e-21	6.154934217166266232e-04	9.654856770306504564e-07	1.279136672234748460e-24	4.297335563436077478e-14	8.153278407708830207e-11	5.744893513665396446e-11	1.523639459360424924e-20	6.917538604416287838e-04	5.265706143288554057e-22	1.600475647225216291e-02	6.731200383644930785e-02	3.379750023992454666e-03	1.244024557319302029e-10	2.687030496022393706e-03	4.772496603319703168e-07	6.908325848799912834e-04	3.321662439649668328e-08
2.760000000000000000e+03	2.226327799720706796e-11	2.190072268670214961e-13	7.280354122796849828e-21	6.154944163008869507e-04	9.654856469427099047e-07	1.279136632295176186e-24	4.169268806784593070e-14	7.910301782883072823e-11	5.573689175035182016e-11	1.478233277825547480e-20	6.917538605097604820e-04	4.956535452981218356e-22	1.600475017954828758e-02	6.731199853594767302e-02	3.379755324562221195e-03	1.248545335937229855e-10	2.687035797814082538e-03	4.772482965622346638e-07	6.908315978313634472e-04	3.222678011523728135e-08
2.770000000000000000e+03	2.159982127710173939e-11	2.124806218925516375e-13	7.063422726493217881e-21	6.154953812163700775e-04	9.654856176984067569e-07	1.279136593475299749e-24	4.045020986651278263e-14	7.674570530514344041e-11	5.407590027162897565e-11	1.434181076020083153e-20	6.917538605738922331e-04	4.665522730565732182e-22	1.600474407436107416e-02	6.731199339338068965e-02	3.379760467193311264e-03	1.253066114416318001e-10	2.687040941619197459e-03	4.772469734544147465e-07	6.908306402110540086e-04	3.126644943425180002e-08
2.780000000000000000e+03	2.095615014398224510e-11	2.061486578986843971e-13	6.852960810089951712e-21	6.154963173482384982e-04	9.654855892787227941e-07	1.279136555749874123e-24	3.924478571952863513e-14	7.445869265406327957e-11	5.246444305721904744e-11	1.391442603578067895e-20	6.917538606342584417e-04	4.391602167231965726e-22	1.600473815112030823e-02	6.731198840405705486e-02	3.379765456577324845e-03	1.257586892760386230e-10	2.687045932130644257e-03	4.772456898001179041e-07	6.908297111445901644e-04	3.033475516257550495e-08
2.790000000000000000e+03	2.033167290019998262e-11	2.000055137727459959e-13	6.648774891354701759e-21	6.154972255802854684e-04	9.654855616946940084e-07	1.279136519133470847e-24	3.807530745417146284e-14	7.223987752247384891e-11	5.090103875168715144e-11	1.349978572545292345e-20	6.917538606910809355e-04	4.133769077847786497e-22	1.600473240438326020e-02	6.731198356339268551e-02	3.379770297298521995e-03	1.262107670973389500e-10	2.687050773933928518e-03	4.772444444193836189e-07	6.908288097780693540e-04	2.943084106362340372e-08
2.800000000000000000e+03	1.972581872544678590e-11	1.940455738071944358e-13	6.450678315313988854e-21	6.154981067325684431e-04	9.654855349069395088e-07	1.279136483573867665e-24	3.694070600095877269e-14	7.008723172167166858e-11	4.938425827290779372e-11	1.309751081340397880e-20	6.917538607445671223e-04	3.891079199354387882e-22	1.600472682890326931e-02	6.731197886696869970e-02	3.379774993775963750e-03	1.266628449059058655e-10	2.687055471449375458e-03	4.772432361744264142e-07	6.908279352881051879e-04	2.855388110452333355e-08
2.810000000000000000e+03	1.913803008206922994e-11	1.882633529866238659e-13	6.258488770941613988e-21	6.154989616408099726e-04	9.654855089316736236e-07	1.279136449092500084e-24	3.583993717043843516e-14	6.799877424926380874e-11	4.791270574830845976e-11	1.270723109153624666e-20	6.917538607949140017e-04	3.662641905712298801e-22	1.600472141955653488e-02	6.731197431046970214e-02	3.379779550325301245e-03	1.271149227021220698e-10	2.687060028993815824e-03	4.772420639536758476e-07	6.908270868702788515e-04	2.770306846414076122e-08
2.820000000000000000e+03	1.856776895100667876e-11	1.826535583309250417e-13	6.072030330083410569e-21	6.154997910461659999e-04	9.654854836818137424e-07	1.279136415573949804e-24	3.477199333116539271e-14	6.597259349867704790e-11	4.648503425118463928e-11	1.232858933298028570e-20	6.917538608423051292e-04	3.447620398861756143e-22	1.600471617139736721e-02	6.731196988973038586e-02	3.379783971112044431e-03	1.275670004863487046e-10	2.687064450734014207e-03	4.772409266845444742e-07	6.908262637483786762e-04	2.687762456014286829e-08
2.830000000000000000e+03	1.801451246573705940e-11	1.772110459434012220e-13	5.891132019822026069e-21	6.155005957055323731e-04	9.654854591300923924e-07	1.279136382982046497e-24	3.373589523289584435e-14	6.400683167408225721e-11	4.509993474341462206e-11	1.196123835953845988e-20	6.917538608869137602e-04	3.245226550241957020e-22	1.600471107961916328e-02	6.731196560070241974e-02	3.379788260184622434e-03	1.280190782589153240e-10	2.687068740719557227e-03	4.772398233244487677e-07	6.908254651679024069e-04	2.607679273027292869e-08
2.840000000000000000e+03	1.747775335171444919e-11	1.719308253322202779e-13	5.715627966113416747e-21	6.155013763946576982e-04	9.654854353150296674e-07	1.279136351367780902e-24	3.273069282926770954e-14	6.209968637233046990e-11	4.375613722567471584e-11	1.160484134673480739e-20	6.917538609289031757e-04	3.054718587139809408e-22	1.600470613955873658e-02	6.731196143945829269e-02	3.379792421470744976e-03	1.284711560201579183e-10	2.687072902879226229e-03	4.772387528619941197e-07	6.908246903969154570e-04	2.529983886917101645e-08
2.850000000000000000e+03	1.695699973081643477e-11	1.668080574852747034e-13	5.545357329798863445e-21	6.155021338139501311e-04	9.654854121927882243e-07	1.279136320673032355e-24	3.175546491130926870e-14	6.024940989262849979e-11	4.245241023352103688e-11	1.125907169016971683e-20	6.917538609684275490e-04	2.875398462508831381e-22	1.600470134669453037e-02	6.731195740218987034e-02	3.379796458778715554e-03	1.289232337704138222e-10	2.687076941022445344e-03	4.772377143167230590e-07	6.908239387258688705e-04	2.454605114608312029e-08
2.860000000000000000e+03	1.645177478274149915e-11	1.618380515376125932e-13	5.380164195837081150e-21	6.155028686408029262e-04	9.654853897181117279e-07	1.279136290837801605e-24	3.080931847301384126e-14	5.845430805488204546e-11	4.118756002101262580e-11	1.092361278899982161e-20	6.917538610056318382e-04	2.706608824964585287e-22	1.600469669664229475e-02	6.731195348520456478e-02	3.379800375801230057e-03	1.293753115099926855e-10	2.687080858843002903e-03	4.772367067376895892e-07	6.908232094665679203e-04	2.381473951563669789e-08
2.870000000000000000e+03	1.596161339570670303e-11	1.570162318231212728e-13	5.219896478167610666e-21	6.155035815597096694e-04	9.654853678842084563e-07	1.279136261853050017e-24	2.989138243892621175e-14	5.671272827613766681e-11	3.996042215052753112e-11	1.059815581542333170e-20	6.917538610406523273e-04	2.547730960034467153e-22	1.600469218512593980e-02	6.731194968490093744e-02	3.379804176139891876e-03	1.298273892392028141e-10	2.687084659943538793e-03	4.772357291976792479e-07	6.908225019479890400e-04	2.310523086999616394e-08
2.880000000000000000e+03	1.548606743980178657e-11	1.523381897475126302e-13	5.064407643865846396e-21	6.155042732270422359e-04	9.654853466794173069e-07	1.279136233703287882e-24	2.900081753926961954e-14	5.502307828410439740e-11	3.876987468822089089e-11	1.028240321433178099e-20	6.917538610736172775e-04	2.398182819888711126e-22	1.600468780802468891e-02	6.731194599780823684e-02	3.379807863265499313e-03	1.302794669583367970e-10	2.687088347795856588e-03	4.772347808032327884e-07	6.908218155235348705e-04	2.241687667316902394e-08
2.890000000000000000e+03	1.502470094398579406e-11	1.477996363428384962e-13	4.913555136149312429e-21	6.155049442767065310e-04	9.654853260853439005e-07	1.279136206364108448e-24	2.813680727768790337e-14	5.338380904445973243e-11	3.761482614920490715e-11	9.976065506172854744e-21	6.917538611046472521e-04	2.257416354400666566e-22	1.600468356133057796e-02	6.731194242055095478e-02	3.379811440553827720e-03	1.307315446676884904e-10	2.687091925776718699e-03	4.772338606851225650e-07	6.908211495641419873e-04	2.174904598003781555e-08
2.900000000000000000e+03	1.457709084576838524e-11	1.433964096411141077e-13	4.767200619462210141e-21	6.155055952973253466e-04	9.654853060427757637e-07	1.279136179757025426e-24	2.729855933497177072e-14	5.179341741551249745e-11	3.649421742395255236e-11	9.678861797858109168e-21	6.917538611338560923e-04	2.124915750987152338e-22	1.600467944115514449e-02	6.731193894985408599e-02	3.379814911279938310e-03	1.311836223675215580e-10	2.687095397162193346e-03	4.772329679997921715e-07	6.908205034593226015e-04	2.110112652213336840e-08
2.910000000000000000e+03	1.414282701545948797e-11	1.391244749117614525e-13	4.625209987367769263e-21	6.155062269464166682e-04	9.654852866298417331e-07	1.279136153985512992e-24	2.648530561426062872e-14	5.025044611856010731e-11	3.540702166206005590e-11	9.390519751956989133e-21	6.917538611613503752e-04	2.000195533665685746e-22	1.600467544372595127e-02	6.731193558254015830e-02	3.379818278621317569e-03	1.316357000581208600e-10	2.687098765130608354e-03	4.772321019292945013e-07	6.908198766171210837e-04	2.047252474331337034e-08
2.920000000000000000e+03	1.372151127212797529e-11	1.349799149805975233e-13	4.487453040770311100e-21	6.155068397627743316e-04	9.654852677671155294e-07	1.279136128944306179e-24	2.569630039805667014e-14	4.875348041226503892e-11	3.435224203535197857e-11	9.110774993407848059e-21	6.917538611872310400e-04	1.882798744539249551e-22	1.600467156538386629e-02	6.731193231552752565e-02	3.379821545659874357e-03	1.320877777397554371e-10	2.687102032764848800e-03	4.772312616798945672e-07	6.908192684631015356e-04	1.986266437580471179e-08
2.930000000000000000e+03	1.331275793992444208e-11	1.309589357013607823e-13	4.353803669778147723e-21	6.155074342913779799e-04	9.654852494131276900e-07	1.279136104578428768e-24	2.493082138984584676e-14	4.730114993865287915e-11	3.332891295956762059e-11	8.839371433550486616e-21	6.917538612115927375e-04	1.772295216441980560e-22	1.600466780258160901e-02	6.731192914582843911e-02	3.379824715383328553e-03	1.325398554126771916e-10	2.687105203053546162e-03	4.772304464826623184e-07	6.908186784407775683e-04	1.927098724606855056e-08
2.940000000000000000e+03	1.291619142413550915e-11	1.270578421104338252e-13	4.224139061133890880e-21	6.155080111030610326e-04	9.654852315904514311e-07	1.279136080917753561e-24	2.418816517464199168e-14	4.589212018518678361e-11	3.233609412183961567e-11	8.576059686104270340e-21	6.917538612345248061e-04	1.668279989876502709e-22	1.600466415186492172e-02	6.731192607053358701e-02	3.379827790701109367e-03	1.329919330771345102e-10	2.687108278906958411e-03	4.772296555884231592e-07	6.908181060079587573e-04	1.869694976638380257e-08
2.950000000000000000e+03	1.253144867259058072e-11	1.232730626390535741e-13	4.098340502980180226e-21	6.155085707242845261e-04	9.654852142817094483e-07	1.279136057939225439e-24	2.346765182829634906e-14	4.452510119199250682e-11	3.137287659783806367e-11	8.320598689540254542e-21	6.917538612561106208e-04	1.570372037665991980e-22	1.600466060989686606e-02	6.731192308683248138e-02	3.379830774423807100e-03	1.334440107333684645e-10	2.687111263136518925e-03	4.772288882734998799e-07	6.908175506409053052e-04	1.814002649834367917e-08
2.960000000000000000e+03	1.215817709853107682e-11	1.196011286796027754e-13	3.976292705683795608e-21	6.155091136642413000e-04	9.654851974663201116e-07	1.279136035615545017e-24	2.276862102750616238e-14	4.319884017931468094e-11	3.043837765546762432e-11	8.072754328936557636e-21	6.917538612764300874e-04	1.478212686687082103e-22	1.600465717343501140e-02	6.731192019199419563e-02	3.379833669282398222e-03	1.338960883816129914e-10	2.687114158474028167e-03	4.772281438348033593e-07	6.908170118307765213e-04	1.759970714649775424e-08
2.970000000000000000e+03	1.179603460095848665e-11	1.160386747850475160e-13	3.857883808464564247e-21	6.155096404108208142e-04	9.654851811147247240e-07	1.279136013907518924e-24	2.209043208778199127e-14	4.191212164724845062e-11	2.953174084344182980e-11	7.832299459465135500e-21	6.917538612955568232e-04	1.391464304719383200e-22	1.600465383933363794e-02	6.731191738336933517e-02	3.379836477926402658e-03	1.343481660220896720e-10	2.687116967569817480e-03	4.772274215901360146e-07	6.908164890838491791e-04	1.707549658819943329e-08
2.980000000000000000e+03	1.144468932124315386e-11	1.125824362740211742e-13	3.743005299793113166e-21	6.155101514465525581e-04	9.654851652126562860e-07	1.279135992796214356e-24	2.143246350752412193e-14	4.066376644558756626e-11	2.865213530281652822e-11	7.599013723809150972e-21	6.917538613135614098e-04	1.309809121648342365e-22	1.600465060454082586e-02	6.731191465838737287e-02	3.379839202926336258e-03	1.348002436550147882e-10	2.687119692995176834e-03	4.772267208778044953e-07	6.908159819212383347e-04	1.656691452162786425e-08
2.990000000000000000e+03	1.110381931138469704e-11	1.092292459668096071e-13	3.631551908901553991e-21	6.155106472725132508e-04	9.654851497979191486e-07	1.279135972331688635e-24	2.079411234664843150e-14	3.945263070691818976e-11	2.779875506846092053e-11	7.372683366885418178e-21	6.917538613305094413e-04	1.232948016709644331e-22	1.600464746609565544e-02	6.731191201455453965e-02	3.379841846776124228e-03	1.352523212806098433e-10	2.687122337244735731e-03	4.772260410557748740e-07	6.908154898782850779e-04	1.607349498593252978e-08
3.000000000000000000e+03	1.077311208545198877e-11	1.059760297722480202e-13	3.523421459100504853e-21	6.155111283009463740e-04	9.654851347913263191e-07	1.279135952408999506e-24	2.017479338645752306e-14	3.827760410112777588e-11	2.697081776639358913e-11	7.153100890379057635e-21	6.917538613464631510e-04	1.160599426774047725e-22	1.600464442112554259e-02	6.731190944945146526e-02	3.379844411895185398e-03	1.357043988990876297e-10	2.687124902738707941e-03	4.772253815009605032e-07	6.908150125040426201e-04	1.559478571222533359e-08
3.010000000000000000e+03	1.045226490117415111e-11	1.028198094571799835e-13	3.418514959830642407e-21	6.155115949923974832e-04	9.654851202117374096e-07	1.279135933053105834e-24	1.957393965686686494e-14	3.713761097702726002e-11	2.616756548578936218e-11	6.940065283993306656e-21	6.917538613614804353e-04	1.092498390467767380e-22	1.600464146684621100e-02	6.731190696073298396e-02	3.379846900628662078e-03	1.361564765106405960e-10	2.687127391822924458e-03	4.772247416097055653e-07	6.908145493616252991e-04	1.513034853150167882e-08
3.020000000000000000e+03	1.014098330025220826e-11	9.975768828683720460e-14	3.316736129377267717e-21	6.155120477694840317e-04	9.654851060379782906e-07	1.279135914235927631e-24	1.899099970274508410e-14	3.603160511349984264e-11	2.538826105509350852e-11	6.733381037822964559e-21	6.917538613756158295e-04	1.028395411152118268e-22	1.600463860055029164e-02	6.731190454611893359e-02	3.379849315256843942e-03	1.366085541154585285e-10	2.687129806778371013e-03	4.772241207949154310e-07	6.908141000261325488e-04	1.467975726194173946e-08
3.030000000000000000e+03	9.838982035397280338e-12	9.678686014367533202e-14	3.217991697962373067e-21	6.155124870422016246e-04	9.654850922500928658e-07	1.279135895930998092e-24	1.842543931987832689e-14	3.495857297041831348e-11	2.463219030034804679e-11	6.532858741307197249e-21	6.917538613889218091e-04	9.680556621086861315e-23	1.600463581961365789e-02	6.731190220339910990e-02	3.379851657989953878e-03	1.370606317137295333e-10	2.687132149815955277e-03	4.772235184876376461e-07	6.908136640857920818e-04	1.424259905113327313e-08
3.040000000000000000e+03	9.545984407995536483e-12	9.390460301153006093e-14	3.122191191170912012e-21	6.155129132117594928e-04	9.654850788348267635e-07	1.279135878120730718e-24	1.787674031454114111e-14	3.391753145126817047e-11	2.389866053824573783e-11	6.338314683544197546e-21	6.917538614014468379e-04	9.112581727046716803e-23	1.600463312149320166e-02	6.731189993043165676e-02	3.379853930969941699e-03	1.375127093056368049e-10	2.687134423078285390e-03	4.772229341362898610e-07	6.908132411414026099e-04	1.381847341751472601e-08
3.050000000000000000e+03	9.261722042946412219e-12	9.110827676016388469e-14	3.029246856313551807e-21	6.155133266802385655e-04	9.654850657989903405e-07	1.279135860814123184e-24	1.734440008173726258e-14	3.290752697674825663e-11	2.318699985414775942e-11	6.149570661829390959e-21	6.917538614132372112e-04	8.577949406435590770e-23	1.600463050371986676e-02	6.731189772513694602e-02	3.379856136276429036e-03	1.379647868913459864e-10	2.687136628645600545e-03	4.772223672056328034e-07	6.908128308055900809e-04	1.340699192470839240e-08
3.060000000000000000e+03	8.985934523147875610e-12	8.839531954928325291e-14	2.939073542903288404e-21	6.155137278200056936e-04	9.654850531213931618e-07	1.279135843983075849e-24	1.682793092062792334e-14	3.192763423948991682e-11	2.249655625097988013e-11	5.966453755920950749e-21	6.917538614243355383e-04	8.074701832912878304e-23	1.600462796389820821e-02	6.731189558549745267e-02	3.379858275927010748e-03	1.384168644710386956e-10	2.687138768536127473e-03	4.772218171762972103e-07	6.908124327024647458e-04	1.300777765262456220e-08
3.070000000000000000e+03	8.718368941354153482e-12	8.576324341972219970e-14	2.851588556115220383e-21	6.155141170217234229e-04	9.654850408275823764e-07	1.279135827661411725e-24	1.632685919522021186e-14	3.097695469314998394e-11	2.182669662850747112e-11	5.788796057314385776e-21	6.917538614347829105e-04	7.600995598417223868e-23	1.600462549970422046e-02	6.731189350955574247e-02	3.379860351879150539e-03	1.388689420448853316e-10	2.687140844707893664e-03	4.772212835440065693e-07	6.908120464670594336e-04	1.262046454896518865e-08
3.080000000000000000e+03	8.458780342831453520e-12	8.320963864752338063e-14	2.766711801507453950e-21	6.155144946317908780e-04	9.654850288912038246e-07	1.279135811814190163e-24	1.584072616325821685e-14	3.005461794475866118e-11	2.117680767177489830e-11	5.616434904898476122e-21	6.917538614446171663e-04	7.155096406950851250e-23	1.600462310888321402e-02	6.731189149541286221e-02	3.379862366031879256e-03	1.393210196130554924e-10	2.687142859060535384e-03	4.772207658202951910e-07	6.908116717458494260e-04	1.224469807017437960e-08
3.090000000000000000e+03	8.206930782460393332e-12	8.073216446822215713e-14	2.684365476714734276e-21	6.155148609606896255e-04	9.654850172465535842e-07	1.279135796354340457e-24	1.536908621039394187e-14	2.915977859012564854e-11	2.054629371538223028e-11	5.449212318498780758e-21	6.917538614538746265e-04	6.735371197703285037e-23	1.600462078924767828e-02	6.731188954122639678e-02	3.379864320227593793e-03	1.397730971757076605e-10	2.687144813437073159e-03	4.772202635306961934e-07	6.908113081954406817e-04	1.188013381673879128e-08
3.100000000000000000e+03	7.962589399480399267e-12	7.832854981179831253e-14	2.604474095876904429e-21	6.155152163627218651e-04	9.654850059131312007e-07	1.279135781307673894e-24	1.491150699010034444e-14	2.829161634606606237e-11	1.993457676868545731e-11	5.286975005581276821e-21	6.917538614625890099e-04	6.340282921835398276e-23	1.600461853867538031e-02	6.731188764520890100e-02	3.379866216253802659e-03	1.402251747329818105e-10	2.687146709625538952e-03	4.772197762147932774e-07	6.908109554826076743e-04	1.152643764154673013e-08
3.110000000000000000e+03	7.725532442629697857e-12	7.599659354965955362e-14	2.526964497848067784e-21	6.155155611835238768e-04	9.654849949128282406e-07	1.279135766703172469e-24	1.446756947069019750e-14	2.744933619358585823e-11	1.934109664445737224e-11	5.129574395367229409e-21	6.917538614707920835e-04	5.968385072992520046e-23	1.600461635510736294e-02	6.731188580562622037e-02	3.379868055844727995e-03	1.406772522850267315e-10	2.687148549360663177e-03	4.772193034264227435e-07	6.908106132844390014e-04	1.118328568644423860e-08
3.120000000000000000e+03	7.495542665293463356e-12	7.373415854439042519e-14	2.451765648421973106e-21	6.155158957164960556e-04	9.654849842011305815e-07	1.279135752481838489e-24	1.403686680255929220e-14	2.663216627382038256e-11	1.876530949931150487e-11	4.976866251723061762e-21	6.917538614785138798e-04	5.618315920467933883e-23	1.600461423654605045e-02	6.731188402079582578e-02	3.379869840682822590e-03	1.411293298319890670e-10	2.687150334325456771e-03	4.772188447323810257e-07	6.908102812874031273e-04	1.085036350682824488e-08
3.130000000000000000e+03	7.272409337022706820e-12	7.153917176278209283e-14	2.378808644089046467e-21	6.155162202891737095e-04	9.654849738021022176e-07	1.279135738675533544e-24	1.361900433970355932e-14	2.583935781485652793e-11	1.820668772340613700e-11	4.828710643925364640e-21	6.917538614857830217e-04	5.288793687200069216e-23	1.600461218105345140e-02	6.731188228908552285e-02	3.379871572400425673e-03	1.415814073740085848e-10	2.687152066152733408e-03	4.772183997122957309e-07	6.908099591872540572e-04	1.052736608846860906e-08
3.140000000000000000e+03	7.055928062748188816e-12	6.940962249717869845e-14	2.308026652917345263e-21	6.155165351869856371e-04	9.654849636883759380e-07	1.279135725247979308e-24	1.321359930111489565e-14	2.507018457981067679e-11	1.766471959746434332e-11	4.684971855683453482e-21	6.917538614926257469e-04	4.978612025623770028e-23	1.600461018674934413e-02	6.731188060891162006e-02	3.379873252581155462e-03	1.420334849112256729e-10	2.687153746426625221e-03	4.772179679586938247e-07	6.908096466890816445e-04	1.021399758593468760e-08
3.150000000000000000e+03	6.845900479424907784e-12	6.734355938109813836e-14	2.239354815357783945e-21	6.155168406952596979e-04	9.654849538465798451e-07	1.279135712181439958e-24	1.282028020264104567e-14	2.432394179129490682e-11	1.713890853998226450e-11	4.545518185485942632e-21	6.917538614990669920e-04	4.686635276538792226e-23	1.600460825180955587e-02	6.731187897873774917e-02	3.379874882761444398e-03	1.424855624437724217e-10	2.687155376684048635e-03	4.772175490760200264e-07	6.908093435066003539e-04	9.909970883606085655e-09
3.160000000000000000e+03	6.642134167172566042e-12	6.533908951489521380e-14	2.172730215182908156e-21	6.155171370950948207e-04	9.654849442704588126e-07	1.279135699467608974e-24	1.243868669053670466e-14	2.359994575447717060e-11	1.662877280194158115e-11	4.410221865643809176e-21	6.917538615051305011e-04	4.411794578806472973e-23	1.600460637446431827e-02	6.731187739707335249e-02	3.379876464431902199e-03	1.429376399717747436e-10	2.687156958416077410e-03	4.772171426804700491e-07	6.908090493620289152e-04	9.615007467157130752e-09
3.170000000000000000e+03	6.444442439026619322e-12	6.339437639730715973e-14	2.108091810735585114e-21	6.155174246717772316e-04	9.654849349736479532e-07	1.279135687124532581e-24	1.206846914768943470e-14	2.289753316850647214e-11	1.613384502224218218e-11	4.278958944373776302e-21	6.917538615108385002e-04	4.153083780285868251e-23	1.600460455299663326e-02	6.731187586247223964e-02	3.379877999038722290e-03	1.433897174953571035e-10	2.687158493069335616e-03	4.772167483998074292e-07	6.908087639859581590e-04	9.328837119322149691e-09
3.180000000000000000e+03	6.252644422463436144e-12	6.150764072723056335e-14	2.045380461578417109e-21	6.155177036799753957e-04	9.654849259352471525e-07	1.279135675124502358e-24	1.170928884625469038e-14	2.221606135768566599e-11	1.565367235136944034e-11	4.151609318606902308e-21	6.917538615162118062e-04	3.909556116296254380e-23	1.600460278574285591e-02	6.731187437353321201e-02	3.379879487983130162e-03	1.438417950146520311e-10	2.687159982045503673e-03	4.772163658733071983e-07	6.908084871173102506e-04	9.051198038013801093e-09
3.190000000000000000e+03	6.066564185373419564e-12	5.967715180566344651e-14	1.984538642711402282e-21	6.155179743653459981e-04	9.654849171317783512e-07	1.279135663436395621e-24	1.136081631083281757e-14	2.155490524222251383e-11	1.518781436013208178e-11	4.028056179339754101e-21	6.917538615212699346e-04	3.680320053196660520e-23	1.600460107108505128e-02	6.731187292889355411e-02	3.379880932627826566e-03	1.442938725297638030e-10	2.687161426707725554e-03	4.772159947501409092e-07	6.908082185021693781e-04	8.781835571207870489e-09
3.200000000000000000e+03	5.886030909584879241e-12	5.790122924247353735e-14	1.925510501301540632e-21	6.155182369810331157e-04	9.654849085633654280e-07	1.279135652060358574e-24	1.102273164338837102e-14	2.091345787658205281e-11	1.473584338028717154e-11	3.908186101985373619e-21	6.917538615260313169e-04	3.464535947171228932e-23	1.600459940745225726e-02	6.731187152723014377e-02	3.379882334295985710e-03	1.447459500408123087e-10	2.687162828379584863e-03	4.772156346896217462e-07	6.908079578939589106e-04	8.520502468238093441e-09
3.210000000000000000e+03	5.710879500179613011e-12	5.617824895015887175e-14	1.868242055903496944e-21	6.155184917535178003e-04	9.654849002015656517e-07	1.279135640958691093e-24	1.069472566429028564e-14	2.029113266937846493e-11	1.429734609374484045e-11	3.791889467848415853e-21	6.917538615305136255e-04	3.261414423562585703e-23	1.600459779332593854e-02	6.731187016726400407e-02	3.379883694266595795e-03	1.451980275478957240e-10	2.687164188340494808e-03	4.772152853625280138e-07	6.908077050544008096e-04	8.266959761888231576e-09
3.220000000000000000e+03	5.540949533585698410e-12	5.450663279597041000e-14	1.812680852516771983e-21	6.155187389367152134e-04	9.654848920717370712e-07	1.279135630164974111e-24	1.037649794237307353e-14	1.968735963373816355e-11	1.387192088609262068e-11	3.679059762238261161e-21	6.917538615347327982e-04	3.070212138269981792e-23	1.600459622723024444e-02	6.731186884775208767e-02	3.379885013782747954e-03	1.456501050511171365e-10	2.687165507833905176e-03	4.772149464489118627e-07	6.908074597519282475e-04	8.020975245782263009e-09
3.230000000000000000e+03	5.376085332986593295e-12	5.288484934357609462e-14	1.758775989237044176e-21	6.155189787485126950e-04	9.654848841538604863e-07	1.279135619652666986e-24	1.006775693612820588e-14	1.910158562074890304e-11	1.345917799252976265e-11	3.569593613178516687e-21	6.917538615387047729e-04	2.890229312599873182e-23	1.600459470773332379e-02	6.731186756748838707e-02	3.379886294050417177e-03	1.461021825505858891e-10	2.687166788066186040e-03	4.772146176383310591e-07	6.908072217618537684e-04	7.782323583620260888e-09
3.240000000000000000e+03	5.216135865314562067e-12	5.131141283964380324e-14	1.706478082572246205e-21	6.155192113997515722e-04	9.654848764276481874e-07	1.279135609394876614e-24	9.768219800778896836e-15	1.853327401542907618e-11	1.305873931703767228e-11	3.463390743438532252e-21	6.917538615424438609e-04	2.720807305510332853e-23	1.600459323344602391e-02	6.731186632530289371e-02	3.379887536239632381e-03	1.465542600463846222e-10	2.687168030207751426e-03	4.772142986296033450e-07	6.908069908661922370e-04	7.550786160140084273e-09
3.250000000000000000e+03	5.060954572177280868e-12	4.978488155052026661e-14	1.655739212157132615e-21	6.155194371337795048e-04	9.654848689342496703e-07	1.279135599446105706e-24	9.477612071631189438e-15	1.798190406765261696e-11	1.267023792327044688e-11	3.360353835519925937e-21	6.917538615459635064e-04	2.561326084606751533e-23	1.600459180302059650e-02	6.731186512006046008e-02	3.379888741485594008e-03	1.470063375386269698e-10	2.687169235394110123e-03	4.772139891304326851e-07	6.908067668533890296e-04	7.326150836443808268e-09
3.260000000000000000e+03	4.910399337718398078e-12	4.830385744595326782e-14	1.606512910240700292e-21	6.155196561422299857e-04	9.654848616438711864e-07	1.279135589766865550e-24	9.195667603864104420e-15	1.744697084948649816e-11	1.229331804381008757e-11	3.260388534100113343e-21	6.917538615492769367e-04	2.411202138036537009e-23	1.600459041514948680e-02	6.731186395065978656e-02	3.379889910889589087e-03	1.474584150274064292e-10	2.687170404726924727e-03	4.772136888574252547e-07	6.908065495183330447e-04	7.108211903535251226e-09
3.270000000000000000e+03	4.764332205564800029e-12	4.686698341456556596e-14	1.558754069134134276e-21	6.155198686064021095e-04	9.654848545203626399e-07	1.279135580309247957e-24	8.922128042435429808e-15	1.692798417095902593e-11	1.192763427383629398e-11	3.163403232192514942e-21	6.917538615523964032e-04	2.269886106425535659e-23	1.600458906856412622e-02	6.731186281603243615e-02	3.379891045520055058e-03	1.479104925128136541e-10	2.687171539275000874e-03	4.772133975353558028e-07	6.908063386618249011e-04	6.896769672646263623e-09
3.280000000000000000e+03	4.622619367085060906e-12	4.547294314824621343e-14	1.512418937368281481e-21	6.155200747454375298e-04	9.654848475964686307e-07	1.279135571116621137e-24	8.656742800073506668e-15	1.642446861198213869e-11	1.157285163341616938e-11	3.069309087655448513e-21	6.917538615553328564e-04	2.136860956966107535e-23	1.600458776203378397e-02	6.731186171514177974e-02	3.379892146413646190e-03	1.483625699949337667e-10	2.687172640075283832e-03	4.772131148975118655e-07	6.908061340908257632e-04	6.691630458292198732e-09
3.290000000000000000e+03	4.485131022865204440e-12	4.412045977937268035e-14	1.467465074397509300e-21	6.155202747487021307e-04	9.654848408675086664e-07	1.279135562182770766e-24	8.399268797843230547e-15	1.593596298635938578e-11	1.122864516514802068e-11	2.978019916487607453e-21	6.917538615580972466e-04	2.011640002849543331e-23	1.600458649436436662e-02	6.731186064698212179e-02	3.379893214576079261e-03	1.488146474738544740e-10	2.687173708133811303e-03	4.772128406849859640e-07	6.908059356179460306e-04	6.492606377807564800e-09
3.300000000000000000e+03	4.351741233357256240e-12	4.280829441153904127e-14	1.423851301764036923e-21	6.155204687818754484e-04	9.654848343006549264e-07	1.279135553464189961e-24	8.149470185438922442e-15	1.546201981483046008e-11	1.089469956623599897e-11	2.889452095247523873e-21	6.917538615606995487e-04	1.893765154569695593e-23	1.600458526439744317e-02	6.731185961057772893e-02	3.379894250983051223e-03	1.492667249496627591e-10	2.687174744426615910e-03	4.772125746465564907e-07	6.908057430613591442e-04	6.299515135196677615e-09
3.310000000000000000e+03	4.222327748048972303e-12	4.153524443899459679e-14	1.381537647239438913e-21	6.155206570058843101e-04	9.654848278643514099e-07	1.279135544919058307e-24	7.907118021253751772e-15	1.500220473641916245e-11	1.057070878354936238e-11	2.803524453653872717e-21	6.917538615631493035e-04	1.782805137633238026e-23	1.600458407100908628e-02	6.731185860498206663e-02	3.379895256581173790e-03	1.497188024224254168e-10	2.687175749900637227e-03	4.772123165385659480e-07	6.908055562447119229e-04	6.112179773892569987e-09
3.320000000000000000e+03	4.096772165186598374e-12	4.030014511776094296e-14	1.340485397045548032e-21	6.155208396315546473e-04	9.654848216137505497e-07	1.279135536620433512e-24	7.671990571475231569e-15	1.455609705273079791e-11	1.025637638296692372e-11	2.720158372545448470e-21	6.917538615654556184e-04	1.678354198186897712e-23	1.600458291310887654e-02	6.731185762927664740e-02	3.379896232288921026e-03	1.501708798922161956e-10	2.687176725474582639e-03	4.772120661246347570e-07	6.908053749969195407e-04	5.930428908014465505e-09
3.330000000000000000e+03	3.974959298799778963e-12	3.910186333894082575e-14	1.300656888891437328e-21	6.155210168200364162e-04	9.654848155343191662e-07	1.279135528549047938e-24	7.443872124702153354e-15	1.412328751585501333e-11	9.951414012703207133e-12	2.639277376324244731e-21	6.917538615676265164e-04	1.580030121804584159e-23	1.600458178963890324e-02	6.731185668257042010e-02	3.379897178997326272e-03	1.506229573591247670e-10	2.687177672039780391e-03	4.772118231753472203e-07	6.908051991519368685e-04	5.754095806128068842e-09
3.340000000000000000e+03	3.856777716977112584e-12	3.793930292368675690e-14	1.262015687967748418e-21	6.155211887308177079e-04	9.654848096168874926e-07	1.279135520692741279e-24	7.222553999954324025e-15	1.370338017946790038e-11	9.655542673202454338e-12	2.560807469761713881e-21	6.917538615696703459e-04	1.487473418832701179e-23	1.600458069957282070e-02	6.731185576399892345e-02	3.379898097570848640e-03	1.510750348232235609e-10	2.687178590460970184e-03	4.772115874681858770e-07	6.908050285487112030e-04	5.583019170484037396e-09
3.350000000000000000e+03	3.742119038705286630e-12	3.681139770609918911e-14	1.224526357035943879e-21	6.155213555184460127e-04	9.654848038522664920e-07	1.279135513039326782e-24	7.007833229855295628e-15	1.329598997516895948e-11	9.368491050078294987e-12	2.484676695855605134e-21	6.917538615715944795e-04	1.400345471604852698e-23	1.600457964191484908e-02	6.731185487272350887e-02	3.379898988848188766e-03	1.515271122845871270e-10	2.687179481577124142e-03	4.772113587872300644e-07	6.908048630309647758e-04	5.417042119172923275e-09
3.360000000000000000e+03	3.630878305125702014e-12	3.571711518523006906e-14	1.188154577813676248e-21	6.155215173415169065e-04	9.654847982451173865e-07	1.279135505594968262e-24	6.799513255868715843e-15	1.290074396848904096e-11	9.089996364601733621e-12	2.410815361403059192e-21	6.917538615734056392e-04	1.318327711671014721e-23	1.600457861569891740e-02	6.731185400793046614e-02	3.379899853643037778e-03	1.519791897432871198e-10	2.687180346202185793e-03	4.772111369230634860e-07	6.908047024471268820e-04	5.256012723585474385e-09
3.370000000000000000e+03	3.522953671041031748e-12	3.465545349035186083e-14	1.152867050106315548e-21	6.155216743401083343e-04	9.654847927783307461e-07	1.279135498336988045e-24	6.597403350572846005e-15	1.251728029866689134e-11	8.819803647145317036e-12	2.339155844300478300e-21	6.917538615751109808e-04	1.241120240333771756e-23	1.600457761998773029e-02	6.731185316883035730e-02	3.379900692744837107e-03	1.524312671993955299e-10	2.687181185125861980e-03	4.772109216724937372e-07	6.908045466501315686e-04	5.099783561877760043e-09
3.380000000000000000e+03	3.418246199209482843e-12	3.362543935736321515e-14	1.118631424546733000e-21	6.155218266630232493e-04	9.654847874555424595e-07	1.279135491270191147e-24	6.401318232426204800e-15	1.214524743006854628e-11	8.557665199561777122e-12	2.269632450960392211e-21	6.917538615767161421e-04	1.168440694498921734e-23	1.600457665387195610e-02	6.731185235465730887e-02	3.379901506919495355e-03	1.528833446529776270e-10	2.687181999114297663e-03	4.772107128383455242e-07	6.908043954972676887e-04	4.948211421225224819e-09
3.390000000000000000e+03	3.316659968553504930e-12	3.262612919318409510e-14	1.085416337973632949e-21	6.155219744372358208e-04	9.654847822530068051e-07	1.279135484363107748e-24	6.211078268397937353e-15	1.178430455433781791e-11	8.303340887378652994e-12	2.202181493803598600e-21	6.917538615782273031e-04	1.100023320197062353e-23	1.600457571646935959e-02	6.731185156466823472e-02	3.379902296910060507e-03	1.533354221040984224e-10	2.687182788910799300e-03	4.772105102292754804e-07	6.908042488500455453e-04	4.801157454495590152e-09
3.400000000000000000e+03	3.218101996858796703e-12	3.165660831529092893e-14	1.053191388155321399e-21	6.155221178370655919e-04	9.654847772278648374e-07	1.279135477691431602e-24	6.026509329197022731e-15	1.143412129226227032e-11	8.056597917790325119e-12	2.136741232382577370e-21	6.917538615796502100e-04	1.035618034385468475e-23	1.600457480692401430e-02	6.731185079814222538e-02	3.379903063437506624e-03	1.537874995528185070e-10	2.687183555236513123e-03	4.772103136597769319e-07	6.908041065741986255e-04	4.658487068375566671e-09
3.410000000000000000e+03	3.122482056172684881e-12	3.071598913573144223e-14	1.021927073429787505e-21	6.155222569733811251e-04	9.654847723444740452e-07	1.279135471207930246e-24	5.847442443560955764e-15	1.109437706121131092e-11	7.817210406909294857e-12	2.073251758605826900e-21	6.917538615809894166e-04	9.749893917374126218e-24	1.600457392440660098e-02	6.731185005438072855e-02	3.379903807200327487e-03	1.542395769992264925e-10	2.687184298790188351e-03	4.772101229500128196e-07	6.908039685395654227e-04	4.520069656172164454e-09
3.420000000000000000e+03	3.029712401788289151e-12	2.980340849508116031e-14	9.915947040907450398e-22	6.155223919187269299e-04	9.654847675125981027e-07	1.279135464793043964e-24	5.673713290717547731e-15	1.076476010212318030e-11	7.584958687709536475e-12	2.011654813194834725e-21	6.917538615822505605e-04	9.179157132897352765e-24	1.600457306810952954e-02	6.731184933270369097e-02	3.379904528878617965e-03	1.546916544433550785e-10	2.687185020252224298e-03	4.772099379248860808e-07	6.908038346194135450e-04	4.385778205518971351e-09
3.430000000000000000e+03	2.939708102130649555e-12	2.891803090750376729e-14	9.621665102472196530e-22	6.155225228435633319e-04	9.654847628022366599e-07	1.279135458539503098e-24	5.505162818151185338e-15	1.044496863396399281e-11	7.359630114994237402e-12	1.951893999177263730e-21	6.917538615834376535e-04	8.641883612553760674e-24	1.600457223725175113e-02	6.731184863245316674e-02	3.379905229130311401e-03	1.551437318852499924e-10	2.687185720280691782e-03	4.772097584150806527e-07	6.908037046911957293e-04	4.255489775938724352e-09
3.440000000000000000e+03	2.852386770794768743e-12	2.805904592475999991e-14	9.336155542081880259e-22	6.155226498618675181e-04	9.654847582006257771e-07	1.279135452430387325e-24	5.341636739785996586e-15	1.013470994619289286e-11	7.141018449119955471e-12	1.893914618433774301e-21	6.917538615845552491e-04	8.136110197698232109e-24	1.600457143107519853e-02	6.731184795299072210e-02	3.379905908593897491e-03	1.555958093249676119e-10	2.687186399514296473e-03	4.772095842562472620e-07	6.908035786359587342e-04	4.129085110965222777e-09
3.450000000000000000e+03	2.767668414578424527e-12	2.722566664125532572e-14	9.059156807934410474e-22	6.155227731016549254e-04	9.654847537226562936e-07	1.279135446485416114e-24	5.182985251389620593e-15	9.833699806191545313e-12	6.928923410399019279e-12	1.837663553526359267e-21	6.917538615856076841e-04	7.659988352221540321e-24	1.600457064884413735e-02	6.731184729369660280e-02	3.379906567889070200e-03	1.560478867625591963e-10	2.687187058572912315e-03	4.772094152888970162e-07	6.908034563382678796e-04	4.006448418180976012e-09
3.460000000000000000e+03	2.685475443859413598e-12	2.641712979608698034e-14	8.790415207253597284e-22	6.155228926637241549e-04	9.654847493460830067e-07	1.279135440675109352e-24	5.029063050000232675e-15	9.541662540293715891e-12	6.723150760631606316e-12	1.783089289315097079e-21	6.917538615865982113e-04	7.211778277374154306e-24	1.600456988984476706e-02	6.731184665396967859e-02	3.379907207617020067e-03	1.564999641980796755e-10	2.687187698057943216e-03	4.772092513582098685e-07	6.908033376860666427e-04	3.887467384258023800e-09
3.470000000000000000e+03	2.605732525860823487e-12	2.563269432957229817e-14	8.529684426508335993e-22	6.155230086542048300e-04	9.654847450623964116e-07	1.279135434988183028e-24	4.879729059130845169e-15	9.258330484943987744e-12	6.523511900465322441e-12	1.730141806175723627e-21	6.917538615875306251e-04	6.789841908051428166e-24	1.600456915338457561e-02	6.731184603322659665e-02	3.379907828361020106e-03	1.569520416315695038e-10	2.687188318552855611e-03	4.772090923140707225e-07	6.908032225707048469e-04	3.772032962564826728e-09
3.480000000000000000e+03	2.528366691861480795e-12	2.487164243785045811e-14	8.276725881941452775e-22	6.155231211947232925e-04	9.654847408926012312e-07	1.279135429452458706e-24	4.734846629535217975e-15	8.983444366664390744e-12	6.329824136899939180e-12	1.678772650946369964e-21	6.917538615884086120e-04	6.392638055964694718e-24	1.600456843879169422e-02	6.731184543090154571e-02	3.379908430686983517e-03	1.574041190630799665e-10	2.687188920623721430e-03	4.772089380107735000e-07	6.908031108867224721e-04	3.660039528380669753e-09
3.490000000000000000e+03	2.453307045331389884e-12	2.413327670176710262e-14	8.031307765267561608e-22	6.155232303990173376e-04	9.654847368503895416e-07	1.279135424086067468e-24	4.594282992630073730e-15	8.716752302059640250e-12	6.141909999302576913e-12	1.628934755517840079e-21	6.917538615892350994e-04	6.018715379567226843e-24	1.600456774541426930e-02	6.731184484644540944e-02	3.379909015143961557e-03	1.578561964926697934e-10	2.687189504819750222e-03	4.772087883070751393e-07	6.908030025318905292e-04	3.551384456411802387e-09
3.500000000000000000e+03	2.380484807268678698e-12	2.341692053282765948e-14	7.793205191898418107e-22	6.155233363304445961e-04	9.654847328753659876e-07	1.279135418808985331e-24	4.457909345391533770e-15	8.458009897913400320e-12	5.959597276843449355e-12	1.580582446771621372e-21	6.917538615900133397e-04	5.666707852964331325e-24	1.600456707261990394e-02	6.731184427932561387e-02	3.379909582264541655e-03	1.583082739203817652e-10	2.687190071673763603e-03	4.772086430657769495e-07	6.908028974069063992e-04	3.445968186436838287e-09
3.510000000000000000e+03	2.309833365852454764e-12	2.272191866160594260e-14	7.562200363281815247e-22	6.155234391006103459e-04	9.654847289875489224e-07	1.279135413647727223e-24	4.325600943334372804e-15	8.206980487547027027e-12	5.782719216575084862e-12	1.533671499104578291e-21	6.917538615907459351e-04	5.335330108238943502e-24	1.600456641979502298e-02	6.731184372902536406e-02	3.379910132565532195e-03	1.587603513462507010e-10	2.687190621702710037e-03	4.772085021539150866e-07	6.908027954155331529e-04	3.343694295197814726e-09
3.520000000000000000e+03	2.241287938128191629e-12	2.204763380970535077e-14	7.338081460726587680e-22	6.155235388098411267e-04	9.654847251938922748e-07	1.279135408611497818e-24	4.197236466948796643e-15	7.963433891031185111e-12	5.611113630391132256e-12	1.488158897585575573e-21	6.917538615914354877e-04	5.023371564572007266e-24	1.600456578634438035e-02	6.731184319504325553e-02	3.379910666548319870e-03	1.592124287703223801e-10	2.687191155408129306e-03	4.772083654424325403e-07	6.908026964643613523e-04	3.244469006673114318e-09
3.530000000000000000e+03	2.174785729180293562e-12	2.139344825552040768e-14	7.120643165830548810e-22	6.155236355393573422e-04	9.654847214758750342e-07	1.279135403675752241e-24	4.072698319776573687e-15	7.727146996187850635e-12	5.444623312052966810e-12	1.444002948555440946e-21	6.917538615920848163e-04	4.729692906027554430e-24	1.600456517169041720e-02	6.731184267689291345e-02	3.379911184699308565e-03	1.596645061926323197e-10	2.687191673276598768e-03	4.772082328060890308e-07	6.908026004627437809e-04	3.148201422507521578e-09
3.540000000000000000e+03	2.110265895657796265e-12	2.075876347541562938e-14	6.909686541216647041e-22	6.155237294254991502e-04	9.654847179057567341e-07	1.279135398936217242e-24	3.951872560101692446e-15	7.497903611225674401e-12	5.283095924818438345e-12	1.401163249826893297e-21	6.917538615926961980e-04	4.453222099869795286e-24	1.600456457527286644e-02	6.731184217410232651e-02	3.379911687490496589e-03	1.601165836132409555e-10	2.687192175780196528e-03	4.772081041233809639e-07	6.908025073227376566e-04	3.054803469224072933e-09
3.550000000000000000e+03	2.047669307488905826e-12	2.014299779968008509e-14	6.705018251415734173e-22	6.155238204694578720e-04	9.654847143480874891e-07	1.279135394213433038e-24	3.834648454711601508e-15	7.275493655314406242e-12	5.126383449801915876e-12	1.359600544375055614e-21	6.917538615932718009e-04	4.192949538514156342e-24	1.600456399654811082e-02	6.731184168621379138e-02	3.379912175379617186e-03	1.605686610321859760e-10	2.687192663376934253e-03	4.772079792764938918e-07	6.908024169590708035e-04	2.964189553295768945e-09
3.560000000000000000e+03	1.986938620012695470e-12	1.954558712207021268e-14	6.506450798709005329e-22	6.155239088168446785e-04	9.654847108979774523e-07	1.279135389633401235e-24	3.720918613973570455e-15	7.059713372111706177e-12	4.974342314329900935e-12	1.319276754385941883e-21	6.917538615938135767e-04	3.947925034779863481e-24	1.600456343498873890e-02	6.731184121278298294e-02	3.379912648810972503e-03	1.610207384494866131e-10	2.687193136511159194e-03	4.772078581510927661e-07	6.908023292889889973e-04	2.876276665573570190e-09
3.570000000000000000e+03	1.928018208428501789e-12	1.896598425496638014e-14	6.313802308791198081e-22	6.155239945317749492e-04	9.654847075267155950e-07	1.279135385158076774e-24	3.610578869075164517e-15	6.850365125642373635e-12	4.826833263702641252e-12	1.280154947241094679e-21	6.917538615943238023e-04	3.717254162915180015e-24	1.600456289008309746e-02	6.731184075337899586e-02	3.379913108215500377e-03	1.614728158651910243e-10	2.687193595613980059e-03	4.772077406362370231e-07	6.908022442321949241e-04	2.790984286406354459e-09
3.580000000000000000e+03	1.870854170961641481e-12	1.840365896049669201e-14	6.126896541117092484e-22	6.155240776933148866e-04	9.654847042328861015e-07	1.279135380785577213e-24	3.503528277949231703e-15	6.647257393048107767e-12	4.683721345329443145e-12	1.242199331312968079e-21	6.917538615948042122e-04	3.500095289283493528e-24	1.600456236133474680e-02	6.731184030758365078e-02	3.379913554011322076e-03	1.619248932793311853e-10	2.687194041103651253e-03	4.772076266242859276e-07	6.908021617107794419e-04	2.708234390232861452e-09
3.590000000000000000e+03	1.815394126263264699e-12	1.785809595753458047e-14	5.945562226466620074e-22	6.155241583690546298e-04	9.654847010008129333e-07	1.279135376495127893e-24	3.399668745863572058e-15	6.450204068345084838e-12	4.544875431509150986e-12	1.205375129394805350e-21	6.917538615952563245e-04	3.295655790844801505e-24	1.600456184826205830e-02	6.731183987499134158e-02	3.379913986604094010e-03	1.623769706919467490e-10	2.687194473385971002e-03	4.772075160108466922e-07	6.908020816491846098e-04	2.627951152308508230e-09
3.600000000000000000e+03	1.761587234015211258e-12	1.732879512437436582e-14	5.769633134310814468e-22	6.155242366528736186e-04	9.654846978596753164e-07	1.279135372325380720e-24	3.298905064004423121e-15	6.259024508751760201e-12	4.410168237271205165e-12	1.169648583436564441e-21	6.917538615956821992e-04	3.103189547789473202e-24	1.600456135039775990e-02	6.731183945520845258e-02	3.379914406387405854e-03	1.628290481030690966e-10	2.687194892854627860e-03	4.772074086945768012e-07	6.908020039740598141e-04	2.550060978541257894e-09
3.610000000000000000e+03	1.709384223727817774e-12	1.681527178200064954e-14	5.598948166963622905e-22	6.155243125833159993e-04	9.654846947554007852e-07	1.279135368204691701e-24	3.201144963402888462e-15	6.073543651701504941e-12	4.279476411292932456e-12	1.134986978655336856e-21	6.917538615960830287e-04	2.921994386133986384e-24	1.600456086728851285e-02	6.731183904785323358e-02	3.379914813743032515e-03	1.632811255127292215e-10	2.687195299891572808e-03	4.772073045772081506e-07	6.908019286142794407e-04	2.474492547187078224e-09
3.620000000000000000e+03	1.658737318389107445e-12	1.631705594300915732e-14	5.433351109940036262e-22	6.155243862640337764e-04	9.654846917394239329e-07	1.279135364201198551e-24	3.106298971951022817e-15	5.893591741505093341e-12	4.152680341206798097e-12	1.101358591900095483e-21	6.917538615964604395e-04	2.751409460288336905e-24	1.600456039849450576e-02	6.731183865255518928e-02	3.379915209041476232e-03	1.637332029209571349e-10	2.687195694867374439e-03	4.772072035633830419e-07	6.908018555008252392e-04	2.401176698332580858e-09
3.630000000000000000e+03	1.609600115972677273e-12	1.583369114598191185e-14	5.272690244523657120e-22	6.155244577477523519e-04	9.654846887866321387e-07	1.279135360281625045e-24	3.014280192500339712e-15	5.719003911932265317e-12	4.029663862332284915e-12	1.068732614401970639e-21	6.917538615968158409e-04	2.590812499605395340e-24	1.600455994358900708e-02	6.731183826895487110e-02	3.379915592642126609e-03	1.641852803277911973e-10	2.687196078141561566e-03	4.772071055605949951e-07	6.908017845667416539e-04	2.330046262373929487e-09
3.640000000000000000e+03	1.561927591140717943e-12	1.536473447222798447e-14	5.116818353331945176e-22	6.155245270950913125e-04	9.654846858875075050e-07	1.279135356433355006e-24	2.925004306048736551e-15	5.549620182667564456e-12	3.910314249657358764e-12	1.037079149649129316e-21	6.917538615971503173e-04	2.439617772373285888e-24	1.600455950215804238e-02	6.731183789670371065e-02	3.379915964893663062e-03	1.646373577332471251e-10	2.687196450062935473e-03	4.772070104790701645e-07	6.908017157470514730e-04	2.261036062488619718e-09
3.650000000000000000e+03	1.515676104254319774e-12	1.490975663440591845e-14	4.965592749772523925e-22	6.155245943735825759e-04	9.654846830464874256e-07	1.279135352662263334e-24	2.838389588611672683e-15	5.385285496485048857e-12	3.794522246678316055e-12	1.006369221034795896e-21	6.917538615974653865e-04	2.297274023159915201e-24	1.600455907379993645e-02	6.731183753546327031e-02	3.379916326134387895e-03	1.650894351373627617e-10	2.687196810969900377e-03	4.772069182317419277e-07	6.908016489787368545e-04	2.194082927685112267e-09
3.660000000000000000e+03	1.470803311380721685e-12	1.446834109125130471e-14	4.818874983796254070e-22	6.155246596600926065e-04	9.654846802856705667e-07	1.279135348997621308e-24	2.754356742691761680e-15	5.225849407257330546e-12	3.682181850075374233e-12	9.765747147484704122e-22	6.917538615977619158e-04	2.163262356309360193e-24	1.600455865812501488e-02	6.731183718490540979e-02	3.379916676692543750e-03	1.655415125401700055e-10	2.687197161190781752e-03	4.772068287341203362e-07	6.908015842006446760e-04	2.129125562535770288e-09
3.670000000000000000e+03	1.427268084014970487e-12	1.404008325786531888e-14	4.676530579412168992e-22	6.155247230017401802e-04	9.654846775834444590e-07	1.279135345410790580e-24	2.672828746940306655e-15	5.071165779211820384e-12	3.573190089074376025e-12	9.476683212614899014e-22	6.917538615980413147e-04	2.037094157033912425e-24	1.600455825475522245e-02	6.731183684471170325e-02	3.379917016886538252e-03	1.659935899416950417e-10	2.687197501044112993e-03	4.772067419042418235e-07	6.908015213534505388e-04	2.066104430972135139e-09
3.680000000000000000e+03	1.385030555310447754e-12	1.362459096047649546e-14	4.538429185841790929e-22	6.155247844482937547e-04	9.654846749251965137e-07	1.279135341882406716e-24	2.593730942730946003e-15	4.921092964298378378e-12	3.467447157880947235e-12	9.196235704486626558e-22	6.917538615983043421e-04	1.918309617480551838e-24	1.600455786332375535e-02	6.731183651457318950e-02	3.379917347025294429e-03	1.664456673419677524e-10	2.687197830838930317e-03	4.772066576625929716e-07	6.908014603796034736e-04	2.004961823212993575e-09
3.690000000000000000e+03	1.344052055628899733e-12	1.322148380243466509e-14	4.404444366788156200e-22	6.155248440557921624e-04	9.654846723089097336e-07	1.279135338409792896e-24	2.516990913463058488e-15	4.775493564098003404e-12	3.364856242516636866e-12	8.924147856638493530e-22	6.917538615985518655e-04	1.806475904581653318e-24	1.600455748347476628e-02	6.731183619419021935e-02	3.379917667408542138e-03	1.668977447410021478e-10	2.687198150875059859e-03	4.772065759320284548e-07	6.908014012232666350e-04	1.945641762472146200e-09
3.700000000000000000e+03	1.304295080074793640e-12	1.283039284483693308e-14	4.274453494282415113e-22	6.155249018984576071e-04	9.654846697637584744e-07	1.279135335031596069e-24	2.442538423762167917e-15	4.634234324483611710e-12	3.265323452586624105e-12	8.660170656420315305e-22	6.917538615987849689e-04	1.701185636658785056e-24	1.600455711486298629e-02	6.731183588327188660e-02	3.379917978327107338e-03	1.673498221388301003e-10	2.687198461443394363e-03	4.772064966376922659e-07	6.908013438302591878e-04	1.888089957965842590e-09
3.710000000000000000e+03	1.265723168493943570e-12	1.245095942606184779e-14	4.148337356319655804e-22	6.155249580212363405e-04	9.654846672756093563e-07	1.279135331729086383e-24	2.370305194753095343e-15	4.497185698797615923e-12	3.168757507493761264e-12	8.404062012798126727e-22	6.917538615990043030e-04	1.602055118558256618e-24	1.600455675715345763e-02	6.731183558153606972e-02	3.379918280063107672e-03	1.678018995354790102e-10	2.687198762826150788e-03	4.772064197069390476e-07	6.908012881480022054e-04	1.832253631204023828e-09
3.720000000000000000e+03	1.228301002499190005e-12	1.208283611620672569e-14	4.025980474095142645e-22	6.155250124528253508e-04	9.654846648073739827e-07	1.279135328453123034e-24	2.300225085757439791e-15	4.364222197967416312e-12	3.075069985859749853e-12	8.155587417851770593e-22	6.917538615992108435e-04	1.508723335688744298e-24	1.600455641002121107e-02	6.731183528870918198e-02	3.379918572890217889e-03	1.682539769309691176e-10	2.687199055297132683e-03	4.772063450693290106e-07	6.908012341255110808e-04	1.778081656447975894e-09
3.730000000000000000e+03	1.191994308071939328e-12	1.172568575896834329e-14	3.907270783545433466e-22	6.155250652657851939e-04	9.654846623931907461e-07	1.279135325248930227e-24	2.232233911895178048e-15	4.235222044164315271e-12	2.984175081921044315e-12	7.914519300696812118e-22	6.917538615994054578e-04	1.420850412063816046e-24	1.600455607315096063e-02	6.731183500452556090e-02	3.379918857074027620e-03	1.687060543253166302e-10	2.687199339121980855e-03	4.772062726565034198e-07	6.908011817133084646e-04	1.725524419721013378e-09
3.740000000000000000e+03	1.156769840986563692e-12	1.137918132825571041e-14	3.792099587688097456e-22	6.155251165011887005e-04	9.654846600201982982e-07	1.279135322099463845e-24	2.166269416787839747e-15	4.110067117754135357e-12	2.895989566823056526e-12	7.680636924833198885e-22	6.917538615995885796e-04	1.338116449908760568e-24	1.600455574623680516e-02	6.731183472872760698e-02	3.379919132872165419e-03	1.691581317185445537e-10	2.687199614558417101e-03	4.772062024021568536e-07	6.908011308634032319e-04	1.674533797712375331e-09
3.750000000000000000e+03	1.122595420337931981e-12	1.104300625799508578e-14	3.680361666243148498e-22	6.155251662173552140e-04	9.654846577049993318e-07	1.279135319026716653e-24	2.102271335343919587e-15	3.988643076279711430e-12	2.810432872913477511e-12	7.453726611704480705e-22	6.917538615997608593e-04	1.260220461801729477e-24	1.600455542898245737e-02	6.731183446106574209e-02	3.379919400534210725e-03	1.696102091106796166e-10	2.687199881856085042e-03	4.772061342420476864e-07	6.908010815292977462e-04	1.625063206314944906e-09
3.760000000000000000e+03	1.089439676386790375e-12	1.071685196167005426e-14	3.571954451176374847e-22	6.155252144270790789e-04	9.654846553947756252e-07	1.279135315960707431e-24	2.040180921550554016e-15	3.870838465329552246e-12	2.727426470507045523e-12	7.233580087766311430e-22	6.917538615999231644e-04	1.186878775309557723e-24	1.600455512109938416e-02	6.731183420129698003e-02	3.379919660303125437e-03	1.700622865017223616e-10	2.687200141258077983e-03	4.772060681136310053e-07	6.908010336657226637e-04	1.577067235611281511e-09
3.770000000000000000e+03	1.057272202650508680e-12	1.040041932843900561e-14	3.466778523980996397e-22	6.155252612156229299e-04	9.654846531526326153e-07	1.279135312985038807e-24	1.979941233291272214e-15	3.756545246680061606e-12	2.646894233728100296e-12	7.019995454779119093e-22	6.917538616000762537e-04	1.117824525472610074e-24	1.600455482230812854e-02	6.731183394918591190e-02	3.379919912414356201e-03	1.705143638917019469e-10	2.687200392999852978e-03	4.772060039562990619e-07	6.908009872288104055e-04	1.530501870041557445e-09
3.780000000000000000e+03	1.026063627744902780e-12	1.009341942983827478e-14	3.364737850569238295e-22	6.155253065830821766e-04	9.654846509104663119e-07	1.279135310009477080e-24	1.921497266882020826e-15	3.645659059762975172e-12	2.568762627723543414e-12	6.812777686318297039e-22	6.917538616002201273e-04	1.052806538545268098e-24	1.600455453233850037e-02	6.731183370450502523e-02	3.379920157095420673e-03	1.709664412806342699e-10	2.687200637309069932e-03	4.772059417114717987e-07	6.908009421761609689e-04	1.485324592405103287e-09
3.790000000000000000e+03	9.957852421449414674e-13	9.795569848211892896e-15	3.265738560918437447e-22	6.155253506443005007e-04	9.654846487816321699e-07	1.279135307184200652e-24	1.864795258109614269e-15	3.538077898807452141e-12	2.492959779153940470e-12	6.611736162558874701e-22	6.917538616003556526e-04	9.915882357832574000e-25	1.600455425092631168e-02	6.731183346703169257e-02	3.379920394568928978e-03	1.714185186685382781e-10	2.687200874408298638e-03	4.772058813218888354e-07	6.908008984663300753e-04	1.441493843563165168e-09
3.800000000000000000e+03	9.664093826274477376e-13	9.506598458480919524e-15	3.169690206051974530e-22	6.155253933697339350e-04	9.654846466555085333e-07	1.279135304362646684e-24	1.809783402172020995e-15	3.433703475858096676e-12	2.419416433433600069e-12	6.416687209038877381e-22	6.917538616004832632e-04	9.339470843158983875e-25	1.600455397781705077e-02	6.731183323655161310e-02	3.379920625049151559e-03	1.718705960554439051e-10	2.687201104511986478e-03	4.772058227323766695e-07	6.908008560593831976e-04	1.398969578959096358e-09
3.810000000000000000e+03	9.379091582812305553e-13	9.226240732892541998e-15	3.076504862195284076e-22	6.155254348302849647e-04	9.654846445807807383e-07	1.279135301609312899e-24	1.756411340579959723e-15	3.332440243273312761e-12	2.348065265726480787e-12	6.227452269311851663e-22	6.917538616006036097e-04	8.796735777416688615e-25	1.600455371276330099e-02	6.731183301285638410e-02	3.379920848744521512e-03	1.723226734413678239e-10	2.687201327828584330e-03	4.772057658893018100e-07	6.908008149165010192e-04	1.357712871994221018e-09
3.820000000000000000e+03	9.102584563179715052e-13	8.954239798177494027e-15	2.986097149771395086e-22	6.155254750447131063e-04	9.654846425262123275e-07	1.279135298882811792e-24	1.704630172038070487e-15	3.234195422398500693e-12	2.278840904062769599e-12	6.043857966245183129e-22	6.917538616007168004e-04	8.285704479795901465e-25	1.600455345552494191e-02	6.731183279574379230e-02	3.379921065857249916e-03	1.727747508263282064e-10	2.687201544560400418e-03	4.772057107405833772e-07	6.908007749999874568e-04	1.317685922442047736e-09
3.830000000000000000e+03	8.834319623059564994e-13	8.690346634585946150e-15	2.898384299558000889e-22	6.155255140720309421e-04	9.654846405254919187e-07	1.279135296227773395e-24	1.654392490335591481e-15	3.138879067204983851e-12	2.211679970488238778e-12	5.865736211166703792e-22	6.917538616008232690e-04	7.804520221528822409e-25	1.600455320586901403e-02	6.731183258501755029e-02	3.379921276583584735e-03	1.732268282103401231e-10	2.687201754903713064e-03	4.772056572357228552e-07	6.908007362732923205e-04	1.278852085740540750e-09
3.840000000000000000e+03	8.574051221814492023e-13	8.434319702188658501e-15	2.813286028475972357e-22	6.155255519243109548e-04	9.654846385404587719e-07	1.279135293593636206e-24	1.605652313204871818e-15	3.046403938696268234e-12	2.146520996885888548e-12	5.692923980596403331e-22	6.917538616009235577e-04	7.351435353230026535e-25	1.600455296356950372e-02	6.731183238048737971e-02	3.379921481113856360e-03	1.736789055934158005e-10	2.687201959048951538e-03	4.772056053257184349e-07	6.908006987009483214e-04	1.241175818001944445e-09
3.850000000000000000e+03	8.321540826029944243e-13	8.185924354136835011e-15	2.730724344569977152e-22	6.155255886537344939e-04	9.654846365975468794e-07	1.279135291015418936e-24	1.558364970622847136e-15	2.956685282257062405e-12	2.083304263385140867e-12	5.525262887696451734e-22	6.917538616010181001e-04	6.924804082394474215e-25	1.600455272840713150e-02	6.731183218196852558e-02	3.379921679632784219e-03	1.741309829755724027e-10	2.687202157180867794e-03	4.772055549630344156e-07	6.908006622485492795e-04	1.204622589671856915e-09
3.860000000000000000e+03	8.076557197499343009e-13	7.944933119950815050e-15	2.650623641167032489e-22	6.155256242912642050e-04	9.654846346915694352e-07	1.279135288486246597e-24	1.512487158741096491e-15	2.869640936261761528e-12	2.021971877404797802e-12	5.362599391897432251e-22	6.917538616011072216e-04	6.523077543455625107e-25	1.600455250016915437e-02	6.731183198928185341e-02	3.379921872319549634e-03	1.745830603568282569e-10	2.687202349478704736e-03	4.772055061015451947e-07	6.908006268827101160e-04	1.169158927219549121e-09
3.870000000000000000e+03	7.838876162099695094e-13	7.711125478159097189e-15	2.572910621306512856e-22	6.155256588641398003e-04	9.654846328131029857e-07	1.279135285993630846e-24	1.467976896602856703e-15	2.785191252007994351e-12	1.962467718557430408e-12	5.204784652772351827e-22	6.917538616011909220e-04	6.144797870116085934e-25	1.600455227864916452e-02	6.731183180225353002e-02	3.379922059347989678e-03	1.750351377371987952e-10	2.687202536116365791e-03	4.772054586965030803e-07	6.908005925710422428e-04	1.134752379682211156e-09
3.880000000000000000e+03	7.608279890198352728e-13	7.484287148429529102e-15	2.497514062458785763e-22	6.155256924073844796e-04	9.654846309664820105e-07	1.279135283543312137e-24	1.424793391385095985e-15	2.703258833128020146e-12	1.904737252478232558e-12	5.051674036287855466e-22	6.917538616012698519e-04	5.788592224024388312e-25	1.600455206364692629e-02	6.731183162071481541e-02	3.379922240886774117e-03	1.754872151167007163e-10	2.687202717262571466e-03	4.772054127045040925e-07	6.908005592821303597e-04	1.101371414498444504e-09
3.890000000000000000e+03	7.384557108395143008e-13	7.264210299857818575e-15	2.424364885756117046e-22	6.155257249597919722e-04	9.654846291634641738e-07	1.279135281150864300e-24	1.382897078050671634e-15	2.623768611506611664e-12	1.848727584842122643e-12	4.903127258065143925e-22	6.917538616013440113e-04	5.453168299283137854e-25	1.600455185496814023e-02	6.731183144450210432e-02	3.379922417099548524e-03	1.759392924953445926e-10	2.687202893081007665e-03	4.772053680834108833e-07	6.908005269854755343e-04	1.068985448161520824e-09
3.900000000000000000e+03	7.167502994298491242e-13	7.050693447455994147e-15	2.353396121586816379e-22	6.155257565221149314e-04	9.654846273576172471e-07	1.279135278754768207e-24	1.342249599642722866e-15	2.546647813566477954e-12	1.794387439029802613e-12	4.759008324141759689e-22	6.917538616014138339e-04	5.137309859807873688e-25	1.600455165242432864e-02	6.731183127345670425e-02	3.379922588145024918e-03	1.763913698731439434e-10	2.687203063730482684e-03	4.772053247923713713e-07	6.908004956515097304e-04	1.037564830988492714e-09
3.910000000000000000e+03	6.956918733902138429e-13	6.843541016740066805e-15	2.284542764874363123e-22	6.155257871533548805e-04	9.654846255952652504e-07	1.279135276416395499e-24	1.302813724394639070e-15	2.471825798116928565e-12	1.741667040087862916e-12	4.619185223221328895e-22	6.917538616014796450e-04	4.839871765193715792e-25	1.600455145583261699e-02	6.731183110742448850e-02	3.379922754177274932e-03	1.768434472501060065e-10	2.687203229365073796e-03	4.772052827917334032e-07	6.908004652515322731e-04	1.007080783047631535e-09
3.920000000000000000e+03	6.752611459479041566e-13	6.642563282633852544e-15	2.217741754768797147e-22	6.155258168800123225e-04	9.654846238731502834e-07	1.279135274131425682e-24	1.264553334099124001e-15	2.399234039327386139e-12	1.690518104501805138e-12	4.483529899543352016e-22	6.917538616015415530e-04	4.559776101494907808e-25	1.600455126501560202e-02	6.731183094625610430e-02	3.379922915345729383e-03	1.772955246262539429e-10	2.687203390134257786e-03	4.772052420430298246e-07	6.908004357577011761e-04	9.775053851691335015e-10
3.930000000000000000e+03	6.554394119476845239e-13	6.447576241482554052e-15	2.152931932106829463e-22	6.155258457127077767e-04	9.654846221644449067e-07	1.279135271864313829e-24	1.227433399743232764e-15	2.328806074836022556e-12	1.640893801372599054e-12	4.351918149924862301e-22	6.917538616015998830e-04	4.296008171949069711e-25	1.600455107980114020e-02	6.731183078980655654e-02	3.379923071795338727e-03	1.777476020015993072e-10	2.687203546183063174e-03	4.772052025089531752e-07	6.908004071430136252e-04	9.488115601124252967e-10
3.940000000000000000e+03	6.362085120070409686e-13	6.258401258444966481e-15	2.090053922212730801e-22	6.155258736905990478e-04	9.654846204883670274e-07	1.279135269640518942e-24	1.191419914382000408e-15	2.260477385075906203e-12	1.592748670580091155e-12	4.224229406706626287e-22	6.917538616016547437e-04	4.047612662607535862e-25	1.600455090002224010e-02	6.731183063793517996e-02	3.379923223666779931e-03	1.781996793761532149e-10	2.687203697652194682e-03	4.772051641532854910e-07	6.908003793812548046e-04	9.209730206785350015e-10
3.950000000000000000e+03	6.175508534882915421e-13	6.074865273794755538e-15	2.029050203467920942e-22	6.155259008279246376e-04	9.654846188263172842e-07	1.279135267435397335e-24	1.156479932412240232e-15	2.194185458609663122e-12	1.546038663872440643e-12	4.100346846743195606e-22	6.917538616017064601e-04	3.813690517917211130e-25	1.600455072551687161e-02	6.731183049050551426e-02	3.379923371096502007e-03	1.786517567499235757e-10	2.687203844678159002e-03	4.772051269409092095e-07	6.908003524470071122e-04	8.939643000702502864e-10
3.960000000000000000e+03	5.994493497190186647e-13	5.896800205028370450e-15	1.969864908584187163e-22	6.155259271565276724e-04	9.654846171885208472e-07	1.279135265262492721e-24	1.122581455751119359e-15	2.129869589837448687e-12	1.500721009906668489e-12	3.980157033447091458e-22	6.917538616017551408e-04	3.593395188861696516e-25	1.600455055612784797e-02	6.731183034738517923e-02	3.379923514216915097e-03	1.791038341229194370e-10	2.687203987393401838e-03	4.772050908377555007e-07	6.908003263156115622e-04	8.677606639088025419e-10
3.970000000000000000e+03	5.818874049544746871e-13	5.724042798938054491e-15	1.912443775435374303e-22	6.155259527063549002e-04	9.654846155834118351e-07	1.279135263132977257e-24	1.089693405675035713e-15	2.067470809775416039e-12	1.456754156805808426e-12	3.863549764465537354e-22	6.917538616018010025e-04	3.385929477365374987e-25	1.600455039170265228e-02	6.731183020844566656e-02	3.379923653156480679e-03	1.795559114951552226e-10	2.687204125926416758e-03	4.772050558107441284e-07	6.908003009631249591e-04	8.423380884664582020e-10
3.980000000000000000e+03	5.648489371155204069e-13	5.556434855284046092e-15	1.856734221401116857e-22	6.155259774761749928e-04	9.654846139716851663e-07	1.279135260994775074e-24	1.057785665400443908e-15	2.006931980503538508e-12	1.414097846045874091e-12	3.750418267619730501e-22	6.917538616018442622e-04	3.190543182296201478e-25	1.600455023209333347e-02	6.731183007356240922e-02	3.379923788039781388e-03	1.800079888666399800e-10	2.687204260401864896e-03	4.772050218277990134e-07	6.908002763663308480e-04	8.176732935826535510e-10
3.990000000000000000e+03	5.483183471268980899e-13	5.393822925172739256e-15	1.802685243115320240e-22	6.155260015330149548e-04	9.654846124221834437e-07	1.279135258939091124e-24	1.026829022663665703e-15	1.948197674704889573e-12	1.372713021456580645e-12	3.640658959577558397e-22	6.917538616018848114e-04	3.006530059230003328e-25	1.600455007715633274e-02	6.731182994261442065e-02	3.379923918987792937e-03	1.804600662373855223e-10	2.687204390940692040e-03	4.772049888578077887e-07	6.908002525027099163e-04	7.937436982790383607e-10
4.000000000000000000e+03	5.322804966396732892e-13	5.236058091910362047e-15	1.750247343624140137e-22	6.155260248792814980e-04	9.654846109035016502e-07	1.279135256924315296e-24	9.967951280017630998e-16	1.891214105595841624e-12	1.332561784816127029e-12	3.534171328069622061e-22	6.917538616019229753e-04	2.833225239814567965e-25	1.600454992675239690e-02	6.731182981548448907e-02	3.379924046117786969e-03	1.809121436074139765e-10	2.687204517660241390e-03	4.772049568705779649e-07	6.908002293504092017e-04	7.705273885113035932e-10
4.010000000000000000e+03	5.167206891776296547e-13	5.082995785538140331e-15	1.699372470742149148e-22	6.155260475150088834e-04	9.654846093815606856e-07	1.279135254905295934e-24	9.676564594453409286e-16	1.835929056275659456e-12	1.293607343761493145e-12	3.430857793744910940e-22	6.917538616019589708e-04	2.670002672705693934e-25	1.600454978074638754e-02	6.731182969205877498e-02	3.379924169543537926e-03	1.813642209767318825e-10	2.687204640674355043e-03	4.772049258367975432e-07	6.908002068882128192e-04	7.480030898775132812e-10
4.020000000000000000e+03	5.016246838088575911e-13	4.934495917318899979e-15	1.650014061753699765e-22	6.155260694804271914e-04	9.654846078863315403e-07	1.279135252921738114e-24	9.393863481209344404e-16	1.782291927635008653e-12	1.255814045550982007e-12	3.330623799715148200e-22	6.917538616019927979e-04	2.516273206236996960e-25	1.600454963900722199e-02	6.731182957222683894e-02	3.379924289375487844e-03	1.818162983453382582e-10	2.687204760093481973e-03	4.772048957280637091e-07	6.908001850955626695e-04	7.261501874096506575e-10
4.030000000000000000e+03	4.869786514640105671e-13	4.790422450037302669e-15	1.602126900588094400e-22	6.155260907840301703e-04	9.654846063990066947e-07	1.279135250948722825e-24	9.119588964485075121e-16	1.730253582968660857e-12	1.219147267520635882e-12	3.233377521027566483e-22	6.917538616020246734e-04	2.371482039980729578e-25	1.600454950140771382e-02	6.731182945588161382e-02	3.379924405720741588e-03	1.822683757132488715e-10	2.687204876024781256e-03	4.772048665167935757e-07	6.908001639524946873e-04	7.049486623407795383e-10
4.040000000000000000e+03	4.727691825204277933e-13	4.650643472604001784e-15	1.555667142617386092e-22	6.155261114561665905e-04	9.654846049360054590e-07	1.279135249008001304e-24	8.853489923439567688e-16	1.679766378062855280e-12	1.183573439442471645e-12	3.139029923958414363e-22	6.917538616020547058e-04	2.235106974939154607e-25	1.600454936782446519e-02	6.731182934291915498e-02	3.379924518683245522e-03	1.827204530804689442e-10	2.687204988572214868e-03	4.772048381762430306e-07	6.908001434396514187e-04	6.843791030843330526e-10
4.050000000000000000e+03	4.589832628041432589e-13	4.515030963985670961e-15	1.510592236190762783e-22	6.155261315090640841e-04	9.654846034862615594e-07	1.279135247084911097e-24	8.595322642781524071e-16	1.630784072438629148e-12	1.149059979718603881e-12	3.047494596793983878e-22	6.917538616020830035e-04	2.106656328907401974e-25	1.600454923813777672e-02	6.731182923323861256e-02	3.379924628363823076e-03	1.831725304470083764e-10	2.687205097836649174e-03	4.772048106804547493e-07	6.908001235382451579e-04	6.644226704953006239e-10
4.060000000000000000e+03	4.456082624137691608e-13	4.383460683264260193e-15	1.466860886093070922e-22	6.155261509769405052e-04	9.654846020740924649e-07	1.279135245211667177e-24	8.344850603473815846e-16	1.583261790802726888e-12	1.115575268543781080e-12	2.958687678651860777e-22	6.917538616021095665e-04	1.985667213560905300e-25	1.600454911223148438e-02	6.731182912674212038e-02	3.379924734860322629e-03	1.836246078128776114e-10	2.687205203915941226e-03	4.772047840042390305e-07	6.908001042300435275e-04	6.450610816922221054e-10
4.070000000000000000e+03	4.326319501233605387e-13	4.255812311317432819e-15	1.424433100635488731e-22	6.155261698480402836e-04	9.654846006526007140e-07	1.279135243326134749e-24	8.101844752452354238e-16	1.537156074347596675e-12	1.083088684079479962e-12	2.872527955420380375e-22	6.917538616021346115e-04	1.871704019135093994e-25	1.600454898999291442e-02	6.731182902333485152e-02	3.379924838267607968e-03	1.840766851780822843e-10	2.687205306905031572e-03	4.772047581231837496e-07	6.908000854973772847e-04	6.262766309072170715e-10
4.080000000000000000e+03	4.200424335284930649e-13	4.131968862033033566e-15	1.383269995956279719e-22	6.155261881506203297e-04	9.654845992384789968e-07	1.279135241450427801e-24	7.866082381747583858e-16	1.492424669930010590e-12	1.051570455102537510e-12	2.788936468955669638e-22	6.917538616021580303e-04	1.764356440400177632e-25	1.600454887131273068e-02	6.731182892292472686e-02	3.379924938677779898e-03	1.845287625426240495e-10	2.687205406896035764e-03	4.772047330135798190e-07	6.908000673230856774e-04	6.080521028421285110e-10
4.090000000000000000e+03	4.078281791642988713e-13	4.011816880209917019e-15	1.343333861798657699e-22	6.155262059251645360e-04	9.654845978684169689e-07	1.279135239633153758e-24	7.637347505230673578e-16	1.449026598012141193e-12	1.020991706777860835e-12	2.707836638484031602e-22	6.917538616021802565e-04	1.663238216405999329e-25	1.600454875608486871e-02	6.731182882542234569e-02	3.379925036180213109e-03	1.849808399065136345e-10	2.687205503978318949e-03	4.772047086524307177e-07	6.908000496905241424e-04	5.903708017917543180e-10
4.100000000000000000e+03	3.959779997726898201e-13	3.895246316304527655e-15	1.304588119878094128e-22	6.155262231660715887e-04	9.654845965076354575e-07	1.279135237828233243e-24	7.415430620167026472e-16	1.406922108996156058e-12	9.913244308197737850e-13	2.629154181462448830e-22	6.917538616022010731e-04	1.567985745965658628e-25	1.600454864420642817e-02	6.731182873074101347e-02	3.379925130861547063e-03	1.854329172697622579e-10	2.687205598238582172e-03	4.772046850174243274e-07	6.908000325835431631e-04	5.732165332123251603e-10
4.110000000000000000e+03	3.844810441158029456e-13	3.782150426224727912e-15	1.266997290576884557e-22	6.155262398904512823e-04	9.654845951577467898e-07	1.279135236037800696e-24	7.200128516452549289e-16	1.366072647687106041e-12	9.625414608371960116e-13	2.552817048188920933e-22	6.917538616022208056e-04	1.478256714446344957e-25	1.600454853557756185e-02	6.731182863879671407e-02	3.379925222805872913e-03	1.858849946323792772e-10	2.687205689760943476e-03	4.772046620869172622e-07	6.908000159864773190e-04	5.565735889758789942e-10
4.120000000000000000e+03	3.733267825028161765e-13	3.672425628956029758e-15	1.230526945621869825e-22	6.155262561343524718e-04	9.654845938508094688e-07	1.279135234304328013e-24	6.991244005574853445e-16	1.326440801786317947e-12	9.346164359222231317e-13	2.478755325233656097e-22	6.917538616022392371e-04	1.393728850200368671e-25	1.600454843010142014e-02	6.731182854950779060e-02	3.379925312094804197e-03	1.863370719943725765e-10	2.687205778627011626e-03	4.772046398399087166e-07	6.907999998841262042e-04	5.404267264192814110e-10
4.130000000000000000e+03	3.625050025254351982e-13	3.565971464610792964e-15	1.195143694139397757e-22	6.155262718639632280e-04	9.654845925100666393e-07	1.279135232526120974e-24	6.788585840750924479e-16	1.287990285379091554e-12	9.075237883498216724e-13	2.406901202818676841e-22	6.917538616022566927e-04	1.314098752042996492e-25	1.600454832768402613e-02	6.731182846279519516e-02	3.379925398807419584e-03	1.867891493557494712e-10	2.687205864915965040e-03	4.772046182560298775e-07	6.907999842617471627e-04	5.247611621712800932e-10
4.140000000000000000e+03	3.520057926615857403e-13	3.462690433136719010e-15	1.160815129047878016e-22	6.155262871407904488e-04	9.654845912089357292e-07	1.279135230800446594e-24	6.591968409874476843e-16	1.250685882633796667e-12	8.812387049447214633e-13	2.337188872353515231e-22	6.917538616022729557e-04	1.239080767289522467e-25	1.600454822823420276e-02	6.731182837858207257e-02	3.379925483020582069e-03	1.872412267165025165e-10	2.687205948704619006e-03	4.772045973155123724e-07	6.907999691050314365e-04	5.095625484175792232e-10
4.150000000000000000e+03	3.418195377519608475e-13	3.362487949818934640e-15	1.127509812265020768e-22	6.155263019635836153e-04	9.654845899231109161e-07	1.279135229095101655e-24	6.401211650804632441e-16	1.214493429978884487e-12	8.557371135007330370e-13	2.269554490419822621e-22	6.917538616022882430e-04	1.168405949462821740e-25	1.600454813166348605e-02	6.731182829679389912e-02	3.379925564808773306e-03	1.876933040766543308e-10	2.687206030067504185e-03	4.772045769991794812e-07	6.907999544000993945e-04	4.948169663530139283e-10
4.160000000000000000e+03	3.319369081992068651e-13	3.265272239031573346e-15	1.095197239394202923e-22	6.155263163450971735e-04	9.654845886509150750e-07	1.279135227407862267e-24	6.216140849099476933e-16	1.179379778904113606e-12	8.309956573419158800e-13	2.203936111301459753e-22	6.917538616023026629e-04	1.101821098395870819e-25	1.600454803788606620e-02	6.731182821735842703e-02	3.379925644244272716e-03	1.881453814362041386e-10	2.687206109076925586e-03	4.772045572884230548e-07	6.907999401334826437e-04	4.805109105466025502e-10
4.170000000000000000e+03	3.223488560638542525e-13	3.170954295832810712e-15	1.063847826959002445e-22	6.155263302860887638e-04	9.654845873725037060e-07	1.279135225712435561e-24	6.036586564904008022e-16	1.145312781181152445e-12	8.069916842944064767e-13	2.140273657737531501e-22	6.917538616023162154e-04	1.039087837075142509e-25	1.600454794681869033e-02	6.731182814020551797e-02	3.379925721397188283e-03	1.885974587951569546e-10	2.687206185803032391e-03	4.772045381651972680e-07	6.907999262921191500e-04	4.666312832903019498e-10
4.180000000000000000e+03	3.130466004227977092e-13	3.079447741935382656e-15	1.033432864531292479e-22	6.155263438149304392e-04	9.654845861119607089e-07	1.279135224040729228e-24	5.862384358759386480e-16	1.112261237932828370e-12	7.837032115413976541e-13	2.078508827710193581e-22	6.917538616023290090e-04	9.799817298807388838e-26	1.600454785838055852e-02	6.731182806526711526e-02	3.379925796335583182e-03	1.890495361535167338e-10	2.687206260313886041e-03	4.772045196119882323e-07	6.907999128633329636e-04	4.531653734042380813e-10
4.190000000000000000e+03	3.040216179299983766e-13	2.990668732851510081e-15	1.003924483867376214e-22	6.155263569451534765e-04	9.654845848707097341e-07	1.279135222394627184e-24	5.693374614833494552e-16	1.080194865041211978e-12	7.611089004767359801e-13	2.018585027754161455e-22	6.917538616023410436e-04	9.242914304580147195e-26	1.600454777249330982e-02	6.731182799247721615e-02	3.379925869125467545e-03	1.895016135112920582e-10	2.687206332675518353e-03	4.772045016117968434e-07	6.907998998348196910e-04	4.401008425726548300e-10
4.200000000000000000e+03	2.952656490203120778e-13	2.904536018919688898e-15	9.752956791923170529e-23	6.155263696902277867e-04	9.654845836506640174e-07	1.279135220776663718e-24	5.529402657098447704e-16	1.049084315648996292e-12	7.391880729239688196e-13	1.960447415971423006e-22	6.917538616023522109e-04	8.718180256111674883e-26	1.600454768908092171e-02	6.731182792177180241e-02	3.379925939830886929e-03	1.899536908684907860e-10	2.687206402951990494e-03	4.772044841481494753e-07	6.907998871946560357e-04	4.274257343247605924e-10
4.210000000000000000e+03	2.867706738237759117e-13	2.820970708372493606e-15	9.475202284482871402e-23	6.155263820578551082e-04	9.654845824452683708e-07	1.279135219178152297e-24	5.370318298279686034e-16	1.018901094183406952e-12	7.179206504456961687e-13	1.904042741070218266e-22	6.917538616023629445e-04	8.223741837459933202e-26	1.600454760806959906e-02	6.731182785308874317e-02	3.379926008513966552e-03	1.904057682251193279e-10	2.687206471205455006e-03	4.772044672050507577e-07	6.907998749312645615e-04	4.151284391685547768e-10
4.220000000000000000e+03	2.785289099975183900e-13	2.739896246008655792e-15	9.205726862053804012e-23	6.155263940369749527e-04	9.654845812190983942e-07	1.279135217552159838e-24	5.215975799253833008e-16	9.896175504590531072e-13	6.972871508675011449e-13	1.849319333143517801e-22	6.917538616023727023e-04	7.757835287978472596e-26	1.600454752938779493e-02	6.731182778636779496e-02	3.379926075234953795e-03	1.908578455811795967e-10	2.687206537496215648e-03	4.772044507669782824e-07	6.907998630334101151e-04	4.031976914524930298e-10
4.230000000000000000e+03	2.705328139757443524e-13	2.661238425488819354e-15	8.944283877495381436e-23	6.155264056637390659e-04	9.654845800113037386e-07	1.279135215950552826e-24	5.066233892456118406e-16	9.612068807488492309e-13	6.772686875565825574e-13	1.796227101760613986e-22	6.917538616023822433e-04	7.318800253678005008e-26	1.600454745296606487e-02	6.731182772155039351e-02	3.379926140052370419e-03	1.913099229366704550e-10	2.687206601882773365e-03	4.772044348188872621e-07	6.907998514902035118e-04	3.916225711751487270e-10
4.240000000000000000e+03	2.627750629799305492e-13	2.584925212369053480e-15	8.690633902611569849e-23	6.155264169441494824e-04	9.654845788142782598e-07	1.279135214363253233e-24	4.920955444987123845e-16	9.336430666104801825e-13	6.578469275508256971e-13	1.744717424914657304e-22	6.917538616023909169e-04	6.905073298973815230e-26	1.600454737873703917e-02	6.731182765857982031e-02	3.379926203022952727e-03	1.917620002915956252e-10	2.687206664421886142e-03	4.772044193461646844e-07	6.907998402910677091e-04	3.803924779434064868e-10
4.250000000000000000e+03	2.552485584025561162e-13	2.510886777386365228e-15	8.444544838791210978e-23	6.155264278906420012e-04	9.654845776310136783e-07	1.279135212794222659e-24	4.780007521978851463e-16	9.069008869376518935e-13	6.390041002335132762e-13	1.694743172029154362e-22	6.917538616023992653e-04	6.515182578026072604e-26	1.600454730663535344e-02	6.731182759740100829e-02	3.379926264201752600e-03	1.922140776459672565e-10	2.687206725168626246e-03	4.772044043346436055e-07	6.907998294257487563e-04	3.694971358709014741e-10
4.260000000000000000e+03	2.479464002659675067e-13	2.439055245209600249e-15	8.205791081905823382e-23	6.155264385218823554e-04	9.654845764747603422e-07	1.279135211261016745e-24	4.643260908288483705e-16	8.809558255870440097e-13	6.207229311669185128e-13	1.646258528476613920e-22	6.917538616024068547e-04	6.147741675899480765e-26	1.600454723659759312e-02	6.731182753796056961e-02	3.379926323642193885e-03	1.926661549997917595e-10	2.687206784176419689e-03	4.772043897705785865e-07	6.907998188842977977e-04	3.589265566048970427e-10
4.270000000000000000e+03	2.408619013967430650e-13	2.369364833872755460e-15	7.974153985752412692e-23	6.155264488261222387e-04	9.654845753115564656e-07	1.279135209718638117e-24	4.510590373939422392e-16	8.557841222367586068e-13	6.029866783978966375e-13	1.599219091865887951e-22	6.917538616024143357e-04	5.801445483896268190e-26	1.600454716856226228e-02	6.731182748020669848e-02	3.379926381396058076e-03	1.931182323530687982e-10	2.687206841497099576e-03	4.772043756406317172e-07	6.907998086570606633e-04	3.486710598452092922e-10
4.280000000000000000e+03	2.339885725285935290e-13	2.301751708231557722e-15	7.749421374982827603e-23	6.155264588274269276e-04	9.654845741640608149e-07	1.279135208197106515e-24	4.381874395144722295e-16	8.313627206065617070e-13	5.857790965274368595e-13	1.553581776747064659e-22	6.917538616024209493e-04	5.475065149861353603e-26	1.600454710246964132e-02	6.731182742408910180e-02	3.379926437513641746e-03	1.935703097058072647e-10	2.687206897180955106e-03	4.772043619318606520e-07	6.907997987346700631e-04	3.387212517793399233e-10
4.290000000000000000e+03	2.273201192435904982e-13	2.236153949874011358e-15	7.531387445084205211e-23	6.155264685347006494e-04	9.654845730316088929e-07	1.279135206695540501e-24	4.256995097025320744e-16	8.076692553354843876e-13	5.690844262137098992e-13	1.509304786775363989e-22	6.917538616024274545e-04	5.167443598792966777e-26	1.600454703826184599e-02	6.731182736955904078e-02	3.379926492043718814e-03	1.940223870580095114e-10	2.687206951276775811e-03	4.772043486317114094e-07	6.907997891080391905e-04	3.290680206547395126e-10
4.300000000000000000e+03	2.208504353777976465e-13	2.172511492251173156e-15	7.319852546769135380e-23	6.155264779577409055e-04	9.654845719153721461e-07	1.279135205215490624e-24	4.135838130117778127e-16	7.846820312719475553e-13	5.528873810696821821e-13	1.466347579957240431e-22	6.917538616024334177e-04	4.877491429765575342e-26	1.600454697588267819e-02	6.731182731656916440e-02	3.379926545033608200e-03	1.944744644096858264e-10	2.687207003831895789e-03	4.772043357280057735e-07	6.907997797683535900e-04	3.197025272329371204e-10
4.310000000000000000e+03	2.145735898361930567e-13	2.110765990974997481e-15	7.114622754869711503e-23	6.155264870965615736e-04	9.654845708016047121e-07	1.279135203738744990e-24	4.018292423458550527e-16	7.623799752285169388e-13	5.371731129114601562e-13	1.424670776485489125e-22	6.917538616024388387e-04	4.604182490844127057e-26	1.600454691527766413e-02	6.731182726507362046e-02	3.379926596529206784e-03	1.949265417608406040e-10	2.687207054892239242e-03	4.772043232089246699e-07	6.907997707070583646e-04	3.106161857029753826e-10
4.320000000000000000e+03	2.084838418192661239e-13	2.050860973602544524e-15	6.915510366192793279e-23	6.155264959556069069e-04	9.654845696839163626e-07	1.279135202256835996e-24	3.904250469730068662e-16	7.407426890634120186e-13	5.219272485786509756e-13	1.384236256394459150e-22	6.917538616024442597e-04	4.346551184561593077e-26	1.600454685639387045e-02	6.731182721502779187e-02	3.379926646575047520e-03	1.953786191114720088e-10	2.687207104502359074e-03	4.772043110630077428e-07	6.907997619158591507e-04	3.018006857234967108e-10
4.330000000000000000e+03	2.025756129176241980e-13	1.992741565129720118e-15	6.722332987117387646e-23	6.155265045543794255e-04	9.654845685799287710e-07	1.279135200793110246e-24	3.793607802679739028e-16	7.197503527340606692e-13	5.071358229320282850e-13	1.345006981855386232e-22	6.917538616024492470e-04	4.103687845602286185e-26	1.600454679918003956e-02	6.731182716638849095e-02	3.379926695214361017e-03	1.958306964615862449e-10	2.687207152705485894e-03	4.772042992791283676e-07	6.907997533867020609e-04	2.932479520270773461e-10
4.340000000000000000e+03	1.968434916960269775e-13	1.936354533084349476e-15	6.534913683467952123e-23	6.155265128831075407e-04	9.654845674617466013e-07	1.279135199310608179e-24	3.686263082964115966e-16	6.993837386822295449e-13	4.927852878157079093e-13	1.306947020948660439e-22	6.917538616024535838e-04	3.874735982296516449e-26	1.600454674358636406e-02	6.731182711911377903e-02	3.379926742489046051e-03	1.962827738111792538e-10	2.687207199543556642e-03	4.772042878464936502e-07	6.907997451117752017e-04	2.849501510561533357e-10
4.350000000000000000e+03	1.912822344963069620e-13	1.881648295424361047e-15	6.353081006779371398e-23	6.155265209835613337e-04	9.654845663826689781e-07	1.279135197879943759e-24	3.582118113184829638e-16	6.796242157841280586e-13	4.788625155025803788e-13	1.270021556799897115e-22	6.917538616024579206e-04	3.658889279826892064e-26	1.600454668956457355e-02	6.731182707316296643e-02	3.379926788439830028e-03	1.967348511602592039e-10	2.687207245057260559e-03	4.772042767546373341e-07	6.907997370835034694e-04	2.768996921254202246e-10
4.360000000000000000e+03	1.858867461676807246e-13	1.828572730981193035e-15	6.176668364231852459e-23	6.155265288456743126e-04	9.654845653150754277e-07	1.279135196464522746e-24	3.481077477027277485e-16	6.604536812901509577e-13	4.653547509674113006e-13	1.234196760999773968e-22	6.917538616024623659e-04	3.455388204734553618e-26	1.600454663706779926e-02	6.731182702849662636e-02	3.379926833106149282e-03	1.971869285088345221e-10	2.687207289286074312e-03	4.772042659934005296e-07	6.907997292945333712e-04	2.690891995271649520e-10
4.370000000000000000e+03	1.806520833099227525e-13	1.777079211362826456e-15	6.005514124699312364e-23	6.155265364637917125e-04	9.654845642386168304e-07	1.279135195037384075e-24	3.383048599994742315e-16	6.418545704816233965e-13	4.522496176703275527e-13	1.199439808945673504e-22	6.917538616024660521e-04	3.263517482082284329e-26	1.600454658605057062e-02	6.731182698507649775e-02	3.379926876526272248e-03	1.976390058569099389e-10	2.687207332268297562e-03	4.772042555529279024e-07	6.907997217377321577e-04	2.615115172261570993e-10
4.380000000000000000e+03	1.755734521688203107e-13	1.727120580251188343e-15	5.839461549940784333e-23	6.155265438536956140e-04	9.654845631668999235e-07	1.279135193616554869e-24	3.287941709996690457e-16	6.238098510403147832e-13	4.395351145444166870e-13	1.165718871849508691e-22	6.917538616024693048e-04	3.082603679470421253e-26	1.600454653646882566e-02	6.731182694286536039e-02	3.379926918737358003e-03	1.980910832044835673e-10	2.687207374041087216e-03	4.772042454236585681e-07	6.907997144061790414e-04	2.541597058131889127e-10
4.390000000000000000e+03	1.706476707148686935e-13	1.678665535909227803e-15	5.678406599194161450e-23	6.155265510171399309e-04	9.654845620952823313e-07	1.279135192195883254e-24	3.195697217512817461e-16	6.063082167296484619e-13	4.272032749776908213e-13	1.133012820956687346e-22	6.917538616024725574e-04	2.912062698249118847e-26	1.600454648829326143e-02	6.731182690183863671e-02	3.379926959764051764e-03	1.985431605515478333e-10	2.687207414629105839e-03	4.772042355992462384e-07	6.907997072952811249e-04	2.470291590060047219e-10
4.400000000000000000e+03	1.658672450718360863e-13	1.631640360850109996e-15	5.522104250163782500e-23	6.155265579663892666e-04	9.654845610255790335e-07	1.279135190777773114e-24	3.106174785613247028e-16	5.893230414544994803e-13	4.152353380005894111e-13	1.101271899114267559e-22	6.917538616024758100e-04	2.751194268568442439e-26	1.600454644145493308e-02	6.731182686193827591e-02	3.379926999664433374e-03	1.989952378981164889e-10	2.687207454090444116e-03	4.772042260647443814e-07	6.907997003942201305e-04	2.401090287046539605e-10
4.410000000000000000e+03	1.612306944068819082e-13	1.586030488057399027e-15	5.370506084978054896e-23	6.155265647035027378e-04	9.654845599575780602e-07	1.279135189361943800e-24	3.019346682881040476e-16	5.728490639729393643e-13	4.036275966298969473e-13	1.070486274797475268e-22	6.917538616024790626e-04	2.599533638189596291e-26	1.600454639594023343e-02	6.731182682315274557e-02	3.379927038449972391e-03	1.994473152441798147e-10	2.687207492436578110e-03	4.772042168171986523e-07	6.907996937008575779e-04	2.333971712723608927e-10
4.420000000000000000e+03	1.567309636124072753e-13	1.541766516226722135e-15	5.223381427477236167e-23	6.155265712527111790e-04	9.654845589128817162e-07	1.279135187977013641e-24	2.935080789158478108e-16	5.568612165079559382e-13	3.923623875714679417e-13	1.040609102068671911e-22	6.917538616024814478e-04	2.456459468775003945e-26	1.600454635168424219e-02	6.731182678542739495e-02	3.379927076175353370e-03	1.998993925897533203e-10	2.687207529722189774e-03	4.772042078425385632e-07	6.907996872050092309e-04	2.268833737674343890e-10
4.430000000000000000e+03	1.523678529701998769e-13	1.498846480703391506e-15	5.080723747535423798e-23	6.155265775916619192e-04	9.654845578559696747e-07	1.279135186575922823e-24	2.853373364307115703e-16	5.413587895982917875e-13	3.814392110116246394e-13	1.011639055340225308e-22	6.917538616024836162e-04	2.321600829641674402e-26	1.600454630868511710e-02	6.731182674876065586e-02	3.379927112842107204e-03	2.003514699348226335e-10	2.687207565948843396e-03	4.772041991403660086e-07	6.907996809063868000e-04	2.205673470893879488e-10
4.440000000000000000e+03	1.481324083574010103e-13	1.457182299521968953e-15	4.942240278182967707e-23	6.155265837474003816e-04	9.654845568084488993e-07	1.279135185187297020e-24	2.774056725554007602e-16	5.263099688529151099e-13	3.708356503077177272e-13	9.835166820174827927e-23	6.917538616024857846e-04	2.194321017818642999e-26	1.600454626686051082e-02	6.731182671308313936e-02	3.379927148519616328e-03	2.008035472794124922e-10	2.687207601185924010e-03	4.772041906928215106e-07	6.907996747920641016e-04	2.144361292860737647e-10
4.450000000000000000e+03	1.440231034391421337e-13	1.416758958067816125e-15	4.807881113822372901e-23	6.155265897326021906e-04	9.654845557866478558e-07	1.279135183832768451e-24	2.697102289383728911e-16	5.117093309275224117e-13	3.605478839933741902e-13	9.562318469483475737e-23	6.917538616024879530e-04	2.074265407358168282e-26	1.600454622619636169e-02	6.731182667838309097e-02	3.379927183219729771e-03	2.012556246235163305e-10	2.687207635445267636e-03	4.772041824968614680e-07	6.907996688598378203e-04	2.084875108487388191e-10
4.460000000000000000e+03	1.400379686518113952e-13	1.377557081673418308e-15	4.677581856900312466e-23	6.155265955270712618e-04	9.654845547543198868e-07	1.279135182464314682e-24	2.622473171992003469e-16	4.975498779931545247e-13	3.505709814577552669e-13	9.297714733479950235e-23	6.917538616024901214e-04	1.961067003834643699e-26	1.600454618667455226e-02	6.731182664464512022e-02	3.379927216957671465e-03	2.017077019671311242e-10	2.687207668742138972e-03	4.772041745485569186e-07	6.907996631068640935e-04	2.027186406519053211e-10
4.470000000000000000e+03	1.361717660015996201e-13	1.339525144037472532e-15	4.551171244217767510e-23	6.155266011404505978e-04	9.654845537144111847e-07	1.279135181085838905e-24	2.550071282094876445e-16	4.838129989237426534e-13	3.408918289627952923e-13	9.041007814434737283e-23	6.917538616024922898e-04	1.854273287679949666e-26	1.600454614824690230e-02	6.731182661182875948e-02	3.379927249774042613e-03	2.021597793102623790e-10	2.687207701117149197e-03	4.772041668374612990e-07	6.907996575255819123e-04	1.971219361992777032e-10
4.480000000000000000e+03	1.324189764616785731e-13	1.302608854332716255e-15	4.428468823842819777e-23	6.155266065997975480e-04	9.654845526965276686e-07	1.279135179736562959e-24	2.479793265544693579e-16	4.704790841656318296e-13	3.314966093854413505e-13	8.791831259698244924e-23	6.917538616024944582e-04	1.753478514345844871e-26	1.600454611086262607e-02	6.731182657989115414e-02	3.379927281711625400e-03	2.026118566529212879e-10	2.687207732613065315e-03	4.772041593525664633e-07	6.907996521080235833e-04	1.916894081702745928e-10
4.490000000000000000e+03	1.287780475342385286e-13	1.266792940581856984e-15	4.309423834753185051e-23	6.155266119028739939e-04	9.654845516935496030e-07	1.279135178407055339e-24	2.411610048881443303e-16	4.575426178456213677e-13	3.223814363153466592e-13	8.550081995322408875e-23	6.917538616024955424e-04	1.658378535321761528e-26	1.600454607450744332e-02	6.731182654882031380e-02	3.379927312782450566e-03	2.030639339951077733e-10	2.687207763241928910e-03	4.772041520907761883e-07	6.907996468519481690e-04	1.864188091811908032e-10
4.500000000000000000e+03	1.252456447004019289e-13	1.232044601020991272e-15	4.193927250394870248e-23	6.155266170496066433e-04	9.654845506976150399e-07	1.279135177086898225e-24	2.345459186964369167e-16	4.449917519735459651e-13	3.135379614084679128e-13	8.315538609603653250e-23	6.917538616024966266e-04	1.568647135345119328e-26	1.600454603915067026e-02	6.731182651859038413e-02	3.379927343012341639e-03	2.035160113368258935e-10	2.687207793029579989e-03	4.772041450454402068e-07	6.907996417525419201e-04	1.813053121986393851e-10
4.510000000000000000e+03	1.218185337663974891e-13	1.198332020787776537e-15	4.081873324478841353e-23	6.155266220400146867e-04	9.654845497012366315e-07	1.279135175766172281e-24	2.281280113429957892e-16	4.328149954997436270e-13	3.049580881012815977e-13	8.087986368461025281e-23	6.917538616024978193e-04	1.483975501717569692e-26	1.600454600476259107e-02	6.731182648917637124e-02	3.379927372426358434e-03	2.039680886780761138e-10	2.687207822001094412e-03	4.772041382101074097e-07	6.907996368051357201e-04	1.763442354191433804e-10
4.520000000000000000e+03	1.184935765478509441e-13	1.165624329467716701e-15	3.973159449873291527e-23	6.155266268741090745e-04	9.654845486971381531e-07	1.279135174435236251e-24	2.219014059872211238e-16	4.210011979661435766e-13	2.966339594948383292e-13	7.867216894117824965e-23	6.917538616024989035e-04	1.404072753944546392e-26	1.600454597131428444e-02	6.731182646055390573e-02	3.379927401048812667e-03	2.044201660188556425e-10	2.687207850180799076e-03	4.772041315785193884e-07	6.907996320051996639e-04	1.715310360217056892e-10
4.530000000000000000e+03	1.152686890295691321e-13	1.133901026536918333e-15	3.867717486907111139e-23	6.155266315653072423e-04	9.654845477015180509e-07	1.279135173115551172e-24	2.158621999179556007e-16	4.095429548980834313e-13	2.885603584161066670e-13	7.653091818629079885e-23	6.917538616024999877e-04	1.328687054620280851e-26	1.600454593878659904e-02	6.731182643270680610e-02	3.379927428895859818e-03	2.048722433591624116e-10	2.687207877584836882e-03	4.772041251465191169e-07	6.907996273497250903e-04	1.668626971974715664e-10
4.540000000000000000e+03	1.121389656661179405e-13	1.103113856005650323e-15	3.765387042246678286e-23	6.155266361151753201e-04	9.654845467054293278e-07	1.279135171795262182e-24	2.100012065802334356e-16	3.984228364955531836e-13	2.807250036153340774e-13	7.445285423211299413e-23	6.917538616025010719e-04	1.257514748773154785e-26	1.600454590713439040e-02	6.731182640559711661e-02	3.379927456005514183e-03	2.053243206990079500e-10	2.687207904251244679e-03	4.772041189043220941e-07	6.907996228316298825e-04	1.623321176972851038e-10
4.550000000000000000e+03	1.091034351416821357e-13	1.073253263004362795e-15	3.666136357403467731e-23	6.155266405347735795e-04	9.654845457239652638e-07	1.279135170494365910e-24	2.043166070012222359e-16	3.876373915640080809e-13	2.731254632986328086e-13	7.243733212723371817e-23	6.917538616025021561e-04	1.190355944971213028e-26	1.600454587634876982e-02	6.731182637921734324e-02	3.379927482385297090e-03	2.057763980383886388e-10	2.687207930187531651e-03	4.772041128499917909e-07	6.907996184495122753e-04	1.579378914522462692e-10
4.560000000000000000e+03	1.061583594094570390e-13	1.044282476259306023e-15	3.569843211958842080e-23	6.155266448138515395e-04	9.654845447323586155e-07	1.279135169180048431e-24	1.988014009861415482e-16	3.771733386278735439e-13	2.657523792439356188e-13	7.048186991843949685e-23	6.917538616025032403e-04	1.126959717037149222e-26	1.600454584639530650e-02	6.731182635353848143e-02	3.379927508064167144e-03	2.062284753773076056e-10	2.687207955422688931e-03	4.772041069760726233e-07	6.907996141979760862e-04	1.536746072804235604e-10
4.570000000000000000e+03	1.033010426550838795e-13	1.016174976965161570e-15	3.476419462668379947e-23	6.155266489650282292e-04	9.654845437441345933e-07	1.279135167870228137e-24	1.934505401158411614e-16	3.670210993059639763e-13	2.585990024312012604e-13	6.858467765547925085e-23	6.917538616025043245e-04	1.067110531906850912e-26	1.600454581724921471e-02	6.731182632853967285e-02	3.379927533063024295e-03	2.066805527157649281e-10	2.687207979977609094e-03	4.772041012771875204e-07	6.907996100731293547e-04	1.495383627325428069e-10
4.580000000000000000e+03	1.005288689363939783e-13	9.889050320220457801e-16	3.385779577816613506e-23	6.155266530009217019e-04	9.654845427730005196e-07	1.279135166583065680e-24	1.882591255469271619e-16	3.571713789755767575e-13	2.516587837700387681e-13	6.674401841271171318e-23	6.917538616025054087e-04	1.010605328018981970e-26	1.600454578888641649e-02	6.731182630420060042e-02	3.379927557402145726e-03	2.071326300537643028e-10	2.687208003872564119e-03	4.772040957481191825e-07	6.907996060711956961e-04	1.455253709817845108e-10
4.590000000000000000e+03	9.783850013703804634e-14	9.624398042845677977e-16	3.297814413249096374e-23	6.155266569251209921e-04	9.654845418168248360e-07	1.279135165315735833e-24	1.832209060297046085e-16	3.476123169286690015e-13	2.449233659906048487e-13	6.495767570582223454e-23	6.917538616025064929e-04	9.572372013741242598e-27	1.600454576127620376e-02	6.731182628049538208e-02	3.379927581107404835e-03	2.075847073913132518e-10	2.687208027133436948e-03	4.772040903822099309e-07	6.907996021873564823e-04	1.416307997834608171e-10
4.600000000000000000e+03	9.522832408833596307e-14	9.367634347998425528e-16	3.212471256952793894e-23	6.155266607331659088e-04	9.654845408648684353e-07	1.279135164054010523e-24	1.783328624748721503e-16	3.383381852350540870e-13	2.383887132501747332e-13	6.322457916342924809e-23	6.917538616025069266e-04	9.068433634398712135e-27	1.600454573440375505e-02	6.731182625741158332e-02	3.379927604191279057e-03	2.080367847284091384e-10	2.687208049772718890e-03	4.772040851762441108e-07	6.907995984192840397e-04	1.378523153701472647e-10
4.610000000000000000e+03	9.269594999985248523e-14	9.118524052930943442e-16	3.129671938846359536e-23	6.155266644063858402e-04	9.654845398822987815e-07	1.279135162751741127e-24	1.735905176781459260e-16	3.293404891453770631e-13	2.320488399972286245e-13	6.154314131961271833e-23	6.917538616025069266e-04	8.592539061411491041e-27	1.600454570824706713e-02	6.731182623493064954e-02	3.379927626672254472e-03	2.084888620650515749e-10	2.687208071808938094e-03	4.772040801254536678e-07	6.907995947635273528e-04	1.341864568432474588e-10
4.620000000000000000e+03	9.023979199628564076e-14	8.876911154609770137e-16	3.049364606622055886e-23	6.155266679748972120e-04	9.654845389126559093e-07	1.279135161466611907e-24	1.689909017896696762e-16	3.206135939343772545e-13	2.258997759443385467e-13	5.991230918935895148e-23	6.917538616025069266e-04	8.143219988328584598e-27	1.600454568279155443e-02	6.731182621304025726e-02	3.379927648562664529e-03	2.089409394012417247e-10	2.687208093254390712e-03	4.772040752266749339e-07	6.907995912177965865e-04	1.306309284970995253e-10
4.630000000000000000e+03	8.785611241631040923e-14	8.642427978259823791e-16	2.971427052481800176e-23	6.155266714446616183e-04	9.654845379566017750e-07	1.279135160199499527e-24	1.645270153373582182e-16	3.121442194889428803e-13	2.199321638042860500e-13	5.832960106739466722e-23	6.917538616025069266e-04	7.718696412263599240e-27	1.600454565800282433e-02	6.731182619171145742e-02	3.379927669891470872e-03	2.093930167369879110e-10	2.687208114138044026e-03	4.772040704724532780e-07	6.907995877766962087e-04	1.271803197055855832e-10
4.640000000000000000e+03	8.554348584337393713e-14	8.414934305225486289e-16	2.895812670528858168e-23	6.155266748273470262e-04	9.654845370291201795e-07	1.279135158970254595e-24	1.601961889605905511e-16	3.039273011350593215e-13	2.141424349143102494e-13	5.679407048613262549e-23	6.917538616025069266e-04	7.317687827028916018e-27	1.600454563386776580e-02	6.731182617093318943e-02	3.379927690669735398e-03	2.098450940722823017e-10	2.687208134470947789e-03	4.772040658599462692e-07	6.907995844381685123e-04	1.238325670422587341e-10
4.650000000000000000e+03	8.329979211266777320e-14	8.194221574289981967e-16	2.822452139145690152e-23	6.155266780743442068e-04	9.654845360490594373e-07	1.279135157671362173e-24	1.559944522526004835e-16	2.959553058881605844e-13	2.085252815100667643e-13	5.530430973983869022e-23	6.917538616025069266e-04	6.938855297916394354e-27	1.600454561036689788e-02	6.731182615068911912e-02	3.379927710913808742e-03	2.102971714071303250e-10	2.687208154269539375e-03	4.772040613849250957e-07	6.907995811991529027e-04	1.205846013645812496e-10
4.660000000000000000e+03	8.112362457842812185e-14	7.980151413292122702e-16	2.751299466181313954e-23	6.155266812449239995e-04	9.654845351060947148e-07	1.279135156421629477e-24	1.519191710047193681e-16	2.882232357489260522e-13	2.030771818977730869e-13	5.385938481786807872e-23	6.917538616025069266e-04	6.581042350465624410e-27	1.600454558748725525e-02	6.731182613096825529e-02	3.379927730634676476e-03	2.107492487415349537e-10	2.687208173544721520e-03	4.772040570445839607e-07	6.907995780576185610e-04	1.174343864182901790e-10
4.670000000000000000e+03	7.901167356141520781e-14	7.772398248182466604e-16	2.682246437282911943e-23	6.155266843420310972e-04	9.654845341971504354e-07	1.279135155216981213e-24	1.479641472218024184e-16	2.807193311908869866e-13	1.977898501805471609e-13	5.245709816515721716e-23	6.917538616025069266e-04	6.242844499770607631e-27	1.600454556519838659e-02	6.731182611174497954e-02	3.379927749857982583e-03	2.112013260755000392e-10	2.687208192322146014e-03	4.772040528323221483e-07	6.907995750087880587e-04	1.143771311221931508e-10
4.680000000000000000e+03	7.696328606199872053e-14	7.570897843170593314e-16	2.615271701738284015e-23	6.155266873023400699e-04	9.654845332214080789e-07	1.279135153923847061e-24	1.441281580388281858e-16	2.734412721764273327e-13	1.926616516951995089e-13	5.109701624233636713e-23	6.917538616025069266e-04	5.923347349106985605e-27	1.600454554349427586e-02	6.731182609301426811e-02	3.379927768588691841e-03	2.116534034090182146e-10	2.687208210606881285e-03	4.772040487468369218e-07	6.907995720517183568e-04	1.114118901980197864e-10
4.690000000000000000e+03	7.497593653354547923e-14	7.375401759539612272e-16	2.550292683460365897e-23	6.155266902028973600e-04	9.654845322938170044e-07	1.279135152694517457e-24	1.404064738959197102e-16	2.663800851499509223e-13	1.876862635234725502e-13	4.977746210832086001e-23	6.917538616025069266e-04	5.621386692115420050e-27	1.600454552235170899e-02	6.731182607475648394e-02	3.379927786846480351e-03	2.121054807421026113e-10	2.687208228418495014e-03	4.772040447830910821e-07	6.907995691827630664e-04	1.085350076727375143e-10
4.700000000000000000e+03	7.304723203626629132e-14	7.185674603146735809e-16	2.487231142103524323e-23	6.155266930202387722e-04	9.654845313720209059e-07	1.279135151472876504e-24	1.367946135644395603e-16	2.595272679159144128e-13	1.828576949601193150e-13	4.849684693030934875e-23	6.917538616025069266e-04	5.335898059774971696e-27	1.600454550174865848e-02	6.731182605695310017e-02	3.379927804649850240e-03	2.125575580747467670e-10	2.687208245775537466e-03	4.772040409363120221e-07	6.907995663984684617e-04	1.057430195344274538e-10
4.710000000000000000e+03	7.117657537795918592e-14	7.001657628000037723e-16	2.426067551660677229e-23	6.155266957224107003e-04	9.654845304045254739e-07	1.279135150190701449e-24	1.332914586893668700e-16	2.528806985156148780e-13	1.781744508060478051e-13	4.725477415711763594e-23	6.917538616025069266e-04	5.066104841499202332e-27	1.600454548167963564e-02	6.731182603959956490e-02	3.379927822003381179e-03	2.130096354069514830e-10	2.687208262682642089e-03	4.772040372053086017e-07	6.907995636979720596e-04	1.030350612911327040e-10
4.720000000000000000e+03	6.936111984203760337e-14	6.823070801822244737e-16	2.366708834973314785e-23	6.155266983931715567e-04	9.654845295160560984e-07	1.279135149013235390e-24	1.298916782601442434e-16	2.464302624615673441e-13	1.736294043298019383e-13	4.604935366325324361e-23	6.917538616025069266e-04	4.810964901217195939e-27	1.600454546211847739e-02	6.731182602267370141e-02	3.379927838929253341e-03	2.134617127387204815e-10	2.687208279161870227e-03	4.772040335844032649e-07	6.907995610771646257e-04	1.004070120444297959e-10
4.730000000000000000e+03	6.760030356097297408e-14	6.649858853524270957e-16	2.309136621011564755e-23	6.155267009287304506e-04	9.654845285425552029e-07	1.279135147723124095e-24	1.265942200739242358e-16	2.401739633256429178e-13	1.692211487936939142e-13	4.488021235893667846e-23	6.917538616025069266e-04	4.569801003585008444e-27	1.600454544305998650e-02	6.731182600617130474e-02	3.379927855431655217e-03	2.139137900700484636e-10	2.687208295217576471e-03	4.772040300724758107e-07	6.907995585352350683e-04	9.785805843799013304e-11
4.740000000000000000e+03	6.589191356203528638e-14	6.481804092379354557e-16	2.253278553713911849e-23	6.155267034297803820e-04	9.654845276367735327e-07	1.279135146522742325e-24	1.233949399242823125e-16	2.341039383697855973e-13	1.649441440692329201e-13	4.374588091167197788e-23	6.917538616025069266e-04	4.341751442981409478e-27	1.600454542448380077e-02	6.731182599007506928e-02	3.379927871527890239e-03	2.143658674009447608e-10	2.687208310866917235e-03	4.772040266651112916e-07	6.907995560689882434e-04	9.538499697926030110e-11
4.750000000000000000e+03	6.423402190301166238e-14	6.318716866186282349e-16	2.199071596440037339e-23	6.155267058208368103e-04	9.654845266758654761e-07	1.279135145249334621e-24	1.202902273778180298e-16	2.282133374202112527e-13	1.607935634228889800e-13	4.264507919297150501e-23	6.917538616025069266e-04	4.126009534674265097e-27	1.600454540637219134e-02	6.731182597437015969e-02	3.379927887232773379e-03	2.148179447313995762e-10	2.687208326124834561e-03	4.772040233584651309e-07	6.907995536756411127e-04	9.298503678515805129e-11
4.760000000000000000e+03	6.262550746685253012e-14	6.160486890345825194e-16	2.146479092790737333e-23	6.155267081833022853e-04	9.654845257848721541e-07	1.279135144068563770e-24	1.172779829324009391e-16	2.224981771401933358e-13	1.567666001884559457e-13	4.157706282914687869e-23	6.917538616025069266e-04	3.921954163946086460e-27	1.600454538871484700e-02	6.731182595904783295e-02	3.379927902555114431e-03	2.152700220614293241e-10	2.687208341000016376e-03	4.772040201503012675e-07	6.907995513535755043e-04	9.065655493063255177e-11
4.770000000000000000e+03	6.106493641758857063e-14	6.006973118018914968e-16	2.095454161582057897e-23	6.155267104324800174e-04	9.654845248276495378e-07	1.279135142800057327e-24	1.143555214611745551e-16	2.169533628713405286e-13	1.528596645493924227e-13	4.054087974229190737e-23	6.917538616025069266e-04	3.728926428681049017e-27	1.600454537149855958e-02	6.731182594409702846e-02	3.379927917505888557e-03	2.157220993910185984e-10	2.687208355503578356e-03	4.772040170377601182e-07	6.907995491007214595e-04	8.839747579942448574e-11
4.780000000000000000e+03	5.955088153509537876e-14	5.858035153171231010e-16	2.045950137973718931e-23	6.155267126648027425e-04	9.654845239520952971e-07	1.279135141639759179e-24	1.115201702267371424e-16	2.115738236676824804e-13	1.490691834785627502e-13	3.953558230729662782e-23	6.917538616025069266e-04	3.546307458066850883e-27	1.600454535471020762e-02	6.731182592950658850e-02	3.379927932096303805e-03	2.161741767201838134e-10	2.687208369646581965e-03	4.772040140179945935e-07	6.907995469150183436e-04	8.620573335223889315e-11
4.790000000000000000e+03	5.808239514721561424e-14	5.713579773025597004e-16	1.997936036547114100e-23	6.155267147719162713e-04	9.654845229860978430e-07	1.279135140359645280e-24	1.087701545350634026e-16	2.063561923636346811e-13	1.453927844327522835e-13	3.856054128698676780e-23	6.917538616025069266e-04	3.373564599489732467e-27	1.600454533834108628e-02	6.731182591526933823e-02	3.379927946333534557e-03	2.166262540489085805e-10	2.687208383436376791e-03	4.772040110891153864e-07	6.907995447950985440e-04	8.407995574225492445e-11
4.800000000000000000e+03	5.665724251457040248e-14	5.573387145676974544e-16	1.951338789559434747e-23	6.155267168786586777e-04	9.654845221202203185e-07	1.279135139212184449e-24	1.061012894178419170e-16	2.012925288703898114e-13	1.418248727914140144e-13	3.761427289668345998e-23	6.917538616025069266e-04	3.210043100489369972e-27	1.600454532237063215e-02	6.731182590136772226e-02	3.379927960235085474e-03	2.170783313772090815e-10	2.687208396890284918e-03	4.772040082466648801e-07	6.907995427377356919e-04	8.201690796693241154e-11
4.810000000000000000e+03	5.527498181027033158e-14	5.437413808478944080e-16	1.906143950868782659e-23	6.155267188560769069e-04	9.654845211512300852e-07	1.279135137928121624e-24	1.035127474710706371e-16	1.963812633505157887e-13	1.383643424243010850e-13	3.669648377259560556e-23	6.917538616025069266e-04	3.055323591366537733e-27	1.600454530679478252e-02	6.731182588779861808e-02	3.379927973804173601e-03	2.175304087050791385e-10	2.687208410011725050e-03	4.772040054897613134e-07	6.907995407422918427e-04	8.001595043976620427e-11
4.820000000000000000e+03	5.393351035043012894e-14	5.305452919862342909e-16	1.862282770460885025e-23	6.155267208207390638e-04	9.654845202570260848e-07	1.279135136743148197e-24	1.010005910251356120e-16	1.916149247129097059e-13	1.350059290664476265e-13	3.580577774576618543e-23	6.917538616025069266e-04	2.908823514072654664e-27	1.600454529159419173e-02	6.731182587454551114e-02	3.379927987057272740e-03	2.179824860325140725e-10	2.687208422817000553e-03	4.772040028142121908e-07	6.907995388057319892e-04	7.807403932128172582e-11
4.830000000000000000e+03	5.263241275725624706e-14	5.177463618987676357e-16	1.819741666993852997e-23	6.155267227123112491e-04	9.654845193420352607e-07	1.279135135530643039e-24	9.856404220696906753e-17	1.869920371857042684e-13	1.317485929168108322e-13	3.494187904397738202e-23	6.917538616025069266e-04	2.770170833381582644e-27	1.600454527676502259e-02	6.731182586160526504e-02	3.379927999997504959e-03	2.184345633595332708e-10	2.687208435309328038e-03	4.772040002191879493e-07	6.907995369274562425e-04	7.619057331249201904e-11
4.840000000000000000e+03	5.136970919739277212e-14	5.053251149126568878e-16	1.778455907196618439e-23	6.155267245349045407e-04	9.654845184081028741e-07	1.279135134293050995e-24	9.619939340762889535e-17	1.825055661975715894e-13	1.285873773021128471e-13	3.410347307660332274e-23	6.917538616025069266e-04	2.638847002038296941e-27	1.600454526228907090e-02	6.731182584896250320e-02	3.379928012640214322e-03	2.188866406861119695e-10	2.687208447504055037e-03	4.772039977007396156e-07	6.907995351046058866e-04	7.436268641192426292e-11
4.850000000000000000e+03	5.014464327905116290e-14	4.932741103808938717e-16	1.738400759846123720e-23	6.155267263574106624e-04	9.654845175615008548e-07	1.279135133171165431e-24	9.390522814155396535e-17	1.781528243531870624e-13	1.255203887060990314e-13	3.329005765221764520e-23	6.917538616025069266e-04	2.514485233152540500e-27	1.600454524815938043e-02	6.731182583661128593e-02	3.379928024991365239e-03	2.193387180122739243e-10	2.687208459407042314e-03	4.772039952573596827e-07	6.907995333360898889e-04	7.258928366935779373e-11
4.860000000000000000e+03	4.895644808849075223e-14	4.815858041518574481e-16	1.699551149658615797e-23	6.155267280500799961e-04	9.654845165969867671e-07	1.279135131893070811e-24	9.168011021887552025e-17	1.739310866492201212e-13	1.225457070112591424e-13	3.250112352433912265e-23	6.917538616025069266e-04	2.396733792777869736e-27	1.600454523436888044e-02	6.731182582454592334e-02	3.379928037056698781e-03	2.197907953380109151e-10	2.687208471024238668e-03	4.772039928875176680e-07	6.907995316208008453e-04	7.086925490296845674e-11
4.870000000000000000e+03	4.780331503494095772e-14	4.702424050707535123e-16	1.661847942384953646e-23	6.155267297305329734e-04	9.654845156947969402e-07	1.279135130697554302e-24	8.952065271452336857e-17	1.698339270900922324e-13	1.196588044191912998e-13	3.173546984693714973e-23	6.917538616025069266e-04	2.285156909905437451e-27	1.600454522090095227e-02	6.731182581275214905e-02	3.379928048850407585e-03	2.202428726633118007e-10	2.687208482369659365e-03	4.772039905876072228e-07	6.907995299561278885e-04	6.919998200147728650e-11
4.880000000000000000e+03	4.668455380643020421e-14	4.592371225197269156e-16	1.625268567358225559e-23	6.155267313943945133e-04	9.654845148464667620e-07	1.279135129573400769e-24	8.742556288982353742e-17	1.658588929554824998e-13	1.168579527182978239e-13	3.099263827009381183e-23	6.917538616025069266e-04	2.179447549098617825e-27	1.600454520774922951e-02	6.731182580122468950e-02	3.379928060377831566e-03	2.206949499882078848e-10	2.687208493448655592e-03	4.772039883562504363e-07	6.907995283410742031e-04	6.758046567150180052e-11
4.890000000000000000e+03	4.559946367888680185e-14	4.485630634569114277e-16	1.589790113457778284e-23	6.155267329335983905e-04	9.654845138809120943e-07	1.279135128293947534e-24	8.539352850751099749e-17	1.620034945073218310e-13	1.141413975969143115e-13	3.027216352173166752e-23	6.917538616025069266e-04	2.079311073521900585e-27	1.600454519490727978e-02	6.731182578995827115e-02	3.379928071644232573e-03	2.211470273126701903e-10	2.687208504266661805e-03	4.772039861920502335e-07	6.907995267746282284e-04	6.600969154708529795e-11
4.900000000000000000e+03	4.454639336384444996e-14	4.382039841145872269e-16	1.555358589643030607e-23	6.155267344719331712e-04	9.654845129884042774e-07	1.279135127111277341e-24	8.342145722058734491e-17	1.582618646258362149e-13	1.115050050381998568e-13	2.957294919311960941e-23	6.917538616025069266e-04	1.984381146181400420e-27	1.600454518235989651e-02	6.731182577893986274e-02	3.379928082662592408e-03	2.215991046367018707e-10	2.687208514836472890e-03	4.772039840917134562e-07	6.907995252544065629e-04	6.448526922725861050e-11
4.910000000000000000e+03	4.352471225936476579e-14	4.281536812442746874e-16	1.521953377546435642e-23	6.155267360057640677e-04	9.654845121617780479e-07	1.279135126015898257e-24	8.150816810864351311e-17	1.546317627057015280e-13	1.089471962663386067e-13	2.889457656715380618e-23	6.917538616025069266e-04	1.894400564419402288e-27	1.600454517010131347e-02	6.731182576816459318e-02	3.379928093437793019e-03	2.220511819603325494e-10	2.687208525162982937e-03	4.772039820539820486e-07	6.907995237794986934e-04	6.300628585462007245e-11
4.920000000000000000e+03	4.253378041825459220e-14	4.184058596680528381e-16	1.489553553224573616e-23	6.155267374028690472e-04	9.654845111922141616e-07	1.279135124731151624e-24	7.965246275054462501e-17	1.511109150124457183e-13	1.064663692033590552e-13	2.823662074660679853e-23	6.917538616025069266e-04	1.809122464513377548e-27	1.600454515812562220e-02	6.731182575762778564e-02	3.379928103974583209e-03	2.225032592835371267e-10	2.687208535251145881e-03	4.772039800775795322e-07	6.907995223489804461e-04	6.157181504356362974e-11
4.930000000000000000e+03	4.157209140943244334e-14	4.089457005842311300e-16	1.458109861943110341e-23	6.155267387991059059e-04	9.654845102892456996e-07	1.279135123534641455e-24	7.785152007191165574e-17	1.476939690537146228e-13	1.040587524098187286e-13	2.759808148419985196e-23	6.917538616025069266e-04	1.728238771230791788e-27	1.600454514641895185e-02	6.731182574731757462e-02	3.379928114284845402e-03	2.229553366063076927e-10	2.687208545112642049e-03	4.772039781595016929e-07	6.907995209606775620e-04	6.017967608822152613e-11
4.940000000000000000e+03	4.063906624770853596e-14	3.997675084998127546e-16	1.427603373013675775e-23	6.155267401952757610e-04	9.654845094527856293e-07	1.279135122426250750e-24	7.610425581440177305e-17	1.443788677065673849e-13	1.017228964329300489e-13	2.697857436139426391e-23	6.917538616025069266e-04	1.651533694682563585e-27	1.600454513497598721e-02	6.731182573722940821e-02	3.379928124373064724e-03	2.234074139286710532e-10	2.687208554751955702e-03	4.772039762985932836e-07	6.907995196137541212e-04	5.882903085137507779e-11
4.950000000000000000e+03	3.973412222216483396e-14	3.908655512717744753e-16	1.398015033913822566e-23	6.155267414884298214e-04	9.654845085200439592e-07	1.279135121190305500e-24	7.440957874255899516e-17	1.411635405483974919e-13	9.945734243182360681e-14	2.637771246978633330e-23	6.917538616025069266e-04	1.578800459172989110e-27	1.600454512379136107e-02	6.731182572735892877e-02	3.379928134243597934e-03	2.238594912506258123e-10	2.687208564173610131e-03	4.772039744936928103e-07	6.907995183073687828e-04	5.751903580242103289e-11
4.960000000000000000e+03	3.885588211184234621e-14	3.822262811418912768e-16	1.369299814593930891e-23	6.155267427425868644e-04	9.654845075882096732e-07	1.279135119955568622e-24	7.276490975218717510e-17	1.380430941635700147e-13	9.725864241898658057e-14	2.579458134683093125e-23	6.917538616025069266e-04	1.509779564204246554e-27	1.600454511285240994e-02	6.731182571769535328e-02	3.379928143907208558e-03	2.243115685721386502e-10	2.687208573388275186e-03	4.772039727420528158e-07	6.907995170395335536e-04	5.624769727967504627e-11
4.970000000000000000e+03	3.800382000245674865e-14	3.738445246771892431e-16	1.341440519595673168e-23	6.155267439966833004e-04	9.654845067171148492e-07	1.279135118801307924e-24	7.116926397018277866e-17	1.350156599633935855e-13	9.512547978430509533e-14	2.522883180603692347e-23	6.917538616025069266e-04	1.444290326146918838e-27	1.600454510215428700e-02	6.731182570823460165e-02	3.379928153368036078e-03	2.247636458932294191e-10	2.687208582400029636e-03	4.772039710426248851e-07	6.907995158094893838e-04	5.501425397115505453e-11
4.980000000000000000e+03	3.717715553443262682e-14	3.657126054600195578e-16	1.314411634030104779e-23	6.155267452507205391e-04	9.654845059049483192e-07	1.279135117725124295e-24	6.962118002702365778e-17	1.320784653580962727e-13	9.305590096465247712e-14	2.467994573057278466e-23	6.917538616025069266e-04	1.382140884489261006e-27	1.600454509168981396e-02	6.731182569897058154e-02	3.379928162632122104e-03	2.252157232139261916e-10	2.687208591214920728e-03	4.772039693938520657e-07	6.907995146161091367e-04	5.381757623038819678e-11
4.990000000000000000e+03	3.637537081170571677e-14	3.578254289329421423e-16	1.288196224578176344e-23	6.155267463733712311e-04	9.654845049445757991e-07	1.279135116452593069e-24	6.811968806524286689e-17	1.292296701365785980e-13	9.104860928352378360e-14	2.414757922068312378e-23	6.917538616025069266e-04	1.323167593905305005e-27	1.600454508145423421e-02	6.731182568989946269e-02	3.379928171703272619e-03	2.256678005342068147e-10	2.687208599836961743e-03	4.772039677947010834e-07	6.907995134586452550e-04	5.265691435250111601e-11
5.000000000000000000e+03	3.559724605836725501e-14	3.501709961289070866e-16	1.262754409073903920e-23	6.155267474854098607e-04	9.654845040225448606e-07	1.279135115230863586e-24	6.666250382601705304e-17	1.264649404104824392e-13	8.910055106710779339e-14	2.363092239223301581e-23	6.917538616025069266e-04	1.267163918490827712e-27	1.600454507143631369e-02	6.731182568101166941e-02	3.379928180591129649e-03	2.261198778540480498e-10	2.687208608275612129e-03	4.772039662427398947e-07	6.907995123353373196e-04	5.153050259280774342e-11
5.010000000000000000e+03	3.484231494816663780e-14	3.427447197841335501e-16	1.238070940364479835e-23	6.155267485973947138e-04	9.654845031543295252e-07	1.279135114080437755e-24	6.524875402602711735e-17	1.237826192264722905e-13	8.721055877377131078e-14	2.312966559413882266e-23	6.917538616025068181e-04	1.213986904029520783e-27	1.600454506163177110e-02	6.731182567230353797e-02	3.379928189299317466e-03	2.265719551734702404e-10	2.687208616534480111e-03	4.772039647370385635e-07	6.907995112455122579e-04	5.043766589873740811e-11
5.020000000000000000e+03	3.410988642215578412e-14	3.355398019336949111e-16	1.214123223363487117e-23	6.155267497093273085e-04	9.654845023383253006e-07	1.279135112999189031e-24	6.387714452792782178e-17	1.211802512459463387e-13	8.537690236756128279e-14	2.264334999262798722e-23	6.917538616025057339e-04	1.163484343850848221e-27	1.600454505203424346e-02	6.731182566376972543e-02	3.379928197833192028e-03	2.270240324924981501e-10	2.687208624618928152e-03	4.772039632762181200e-07	6.907995101881717363e-04	4.937740389511735867e-11
5.030000000000000000e+03	3.339950149867437901e-14	3.285517275628102577e-16	1.190896251041563630e-23	6.155267507203589531e-04	9.654845014153272623e-07	1.279135111776192035e-24	6.254681580253565595e-17	1.186562056804362694e-13	8.359843278185243451e-14	2.217167083647956805e-23	6.917538616025046497e-04	1.115526694667758507e-27	1.600454504263951541e-02	6.731182565540680396e-02	3.379928206196149924e-03	2.274761098111245413e-10	2.687208632532511136e-03	4.772039618593633451e-07	6.907995091626538495e-04	4.834905216135147415e-11
5.040000000000000000e+03	3.271007940427749267e-14	3.217698650753596604e-16	1.168354686092564904e-23	6.155267516903057323e-04	9.654845004766201509e-07	1.279135110532387136e-24	6.125574389919340312e-17	1.162066424651852455e-13	8.187244425955758870e-14	2.171391051476126334e-23	6.917538616025035655e-04	1.069949288365084173e-27	1.600454503343763657e-02	6.731182564720636363e-02	3.379928214396657037e-03	2.279281871293096057e-10	2.687208640283605173e-03	4.772039604843189635e-07	6.907995081673981054e-04	4.735104617233215883e-11
5.050000000000000000e+03	3.204120722304821096e-14	3.151901526065197126e-16	1.146485027690451171e-23	6.155267526602046981e-04	9.654844995855937947e-07	1.279135109351756793e-24	6.000315555545896536e-17	1.138300944582776750e-13	8.019790302910999655e-14	2.126979485438702342e-23	6.917538616025024813e-04	1.026638955155996828e-27	1.600454502442481830e-02	6.731182563916508765e-02	3.379928222437977251e-03	2.283802644470663456e-10	2.687208647875413865e-03	4.772039591502613416e-07	6.907995072018084095e-04	4.638278819209721284e-11
5.060000000000000000e+03	3.139227227874244882e-14	3.088065632441546889e-16	1.125267243575273494e-23	6.155267536300576938e-04	9.654844987408262370e-07	1.279135108232417277e-24	5.878790342030072215e-17	1.115243848204928585e-13	7.857327528127694840e-14	2.083891706411348315e-23	6.917538616025013971e-04	9.854747531901515917e-28	1.600454501559540887e-02	6.731182563127827145e-02	3.379928230324856769e-03	2.288323417644167590e-10	2.687208655312685584e-03	4.772039578559679990e-07	6.907995062650001614e-04	4.544339131203419497e-11
5.070000000000000000e+03	3.076268101158284761e-14	3.026132581253263969e-16	1.104681926525298328e-23	6.155267545998654782e-04	9.654844979409414730e-07	1.279135107172545285e-24	5.760887594185487564e-17	1.092874045575446807e-13	7.699707497983873763e-14	2.042088302289049079e-23	6.917538616025003129e-04	9.463425435486501067e-28	1.600454500694396473e-02	6.731182562354126597e-02	3.379928238061889571e-03	2.292844190813821456e-10	2.687208662600017780e-03	4.772039566002552072e-07	6.907995053561165159e-04	4.453199629647128544e-11
5.080000000000000000e+03	3.015203768311458890e-14	2.966063443604334558e-16	1.084716137329442417e-23	6.155267554540652187e-04	9.654844970038062430e-07	1.279135105930839195e-24	5.646533202571043221e-17	1.071177476472471930e-13	7.546831146223918203e-14	2.001542999083210400e-23	6.917538616024992287e-04	9.091453720074036437e-28	1.600454499846685683e-02	6.731182561595121239e-02	3.379928245651962673e-03	2.297364963979437905e-10	2.687208669740480480e-03	4.772039553823342727e-07	6.907995044745864240e-04	4.364803027545903386e-11
5.090000000000000000e+03	2.955941360516120193e-14	2.907766864201505611e-16	1.065339511315430513e-23	6.155267562819012822e-04	9.654844960672052790e-07	1.279135104689844829e-24	5.535553252937397360e-17	1.050121143026681800e-13	7.398465960963546061e-14	1.962194130849368645e-23	6.917538616024981445e-04	8.737589276650974492e-28	1.600454499015553297e-02	6.731182560850079710e-02	3.379928253102412218e-03	2.301885737140639536e-10	2.687208676741272787e-03	4.772039542003519932e-07	6.907995036190688358e-04	4.279014888211632320e-11
5.100000000000000000e+03	2.898445424342295531e-14	2.851207967412443352e-16	1.046540456519379673e-23	6.155267571096965798e-04	9.654844951715918159e-07	1.279135103503156282e-24	5.427881352093754861e-17	1.029692448799915299e-13	7.254523188820018793e-14	1.924018158741443197e-23	6.917538616024970603e-04	8.400985839421382842e-28	1.600454498200671802e-02	6.731182560118723068e-02	3.379928260416022873e-03	2.306406510297552753e-10	2.687208683605142069e-03	4.772039530536019433e-07	6.907995027890524416e-04	4.195783889351378545e-11
5.110000000000000000e+03	2.842663276369485300e-14	2.796334928420273913e-16	1.028301747400580901e-23	6.155267579374519788e-04	9.654844943157421027e-07	1.279135102369153209e-24	5.323418840468261787e-17	1.009872675782640109e-13	7.114870944347127562e-14	1.886980104585804901e-23	6.917538616024959761e-04	8.080734460734876439e-28	1.600454497401556514e-02	6.731182559400641918e-02	3.379928267596876007e-03	2.310927283450365221e-10	2.687208690336170998e-03	4.772039519410333785e-07	6.907995019837763484e-04	4.115033766572239071e-11
5.120000000000000000e+03	2.788543830701183678e-14	2.743097493896734637e-16	1.010606680749954837e-23	6.155267587651687801e-04	9.654844934984705051e-07	1.279135101286264670e-24	5.222070050152099347e-17	9.906436716052228806e-14	6.979381318015398233e-14	1.851046044689742753e-23	6.917538616024948919e-04	7.775976661353489665e-28	1.600454496617737324e-02	6.731182558695439355e-02	3.379928274648929826e-03	2.315448056599261507e-10	2.687208696938319513e-03	4.772039508616274242e-07	6.907995012025034071e-04	4.036690568052497522e-11
5.130000000000000000e+03	2.736044085641746626e-14	2.691453362962475591e-16	9.934411965917689983e-24	6.155267595750257359e-04	9.654844926908330602e-07	1.279135100216142735e-24	5.123754452416004477e-17	9.719901574421125096e-14	6.847946652943708964e-14	1.816187426691692692e-23	6.917538616024938077e-04	7.485943961930158855e-28	1.600454495848818715e-02	6.731182558002783700e-02	3.379928281575489846e-03	2.319968829744388692e-10	2.687208703414925657e-03	4.772039498145251890e-07	6.907995004446117193e-04	3.960692044641702566e-11
5.140000000000000000e+03	2.685111650219231210e-14	2.641350998483577941e-16	9.767881649883576635e-24	6.155267602607840437e-04	9.654844917250204710e-07	1.279135098936463769e-24	5.028373935353885942e-17	9.538935194633105471e-14	6.720435799965821938e-14	1.782369467690977267e-23	6.917538616024927235e-04	7.209824540965018036e-28	1.600454495094318433e-02	6.731182557322291926e-02	3.379928288380448786e-03	2.324489602885303202e-10	2.687208709770047815e-03	4.772039487986817517e-07	6.907994997093453793e-04	3.886962355291958058e-11
5.150000000000000000e+03	2.635688489243751862e-14	2.592733311095432786e-16	9.606286105877395463e-24	6.155267609465058139e-04	9.654844907942244356e-07	1.279135097703180279e-24	4.935819817206448328e-17	9.363331368470837379e-14	6.596703459813807935e-14	1.749553631951475459e-23	6.917538616024916393e-04	6.946853776091797425e-28	1.600454494353703225e-02	6.731182556653492188e-02	3.379928295068493436e-03	2.329010376021803927e-10	2.687208716008183257e-03	4.772039478129407007e-07	6.907994989958668409e-04	3.815417488394714656e-11
5.160000000000000000e+03	2.587738494672673678e-14	2.545564781222947809e-16	9.449507273880108412e-24	6.155267616321933232e-04	9.654844898976097795e-07	1.279135096515185280e-24	4.846024478900765234e-17	9.192961803911178545e-14	6.476659237432364359e-14	1.717715945229101342e-23	6.917538616024905551e-04	6.696390487242229072e-28	1.600454493626640717e-02	6.731182555996104155e-02	3.379928301642420169e-03	2.333531149154024769e-10	2.687208722132131827e-03	4.772039468565818462e-07	6.907994983036553618e-04	3.746005174034771173e-11
5.170000000000000000e+03	2.541217756552697875e-14	2.499802214532274616e-16	9.297401584497553043e-24	6.155267623178479813e-04	9.654844890341570985e-07	1.279135095371128975e-24	4.758905690826712465e-17	9.027670482732749993e-14	6.360193199123255661e-14	1.686827251313603782e-23	6.917538616024894709e-04	6.457787655032486705e-28	1.600454492912728108e-02	6.731182555349787822e-02	3.379928308105632946e-03	2.338051922282125734e-10	2.687208728145295752e-03	4.772039459287297797e-07	6.907994976320769006e-04	3.678661848265906254e-11
5.180000000000000000e+03	2.496083686382263625e-14	2.455403716605125895e-16	9.149829788996943830e-24	6.155267630034702217e-04	9.654844882028787523e-07	1.279135094269701605e-24	4.674383698040195693e-17	8.867306086485660354e-14	6.247198725120918315e-14	1.656859272903058594e-23	6.917538616024883867e-04	6.230433743589961970e-28	1.600454492211571961e-02	6.731182554714208732e-02	3.379928314461425574e-03	2.342572695406258817e-10	2.687208734050973175e-03	4.772039450285343977e-07	6.907994969805162809e-04	3.613325860071880972e-11
5.190000000000000000e+03	2.452294932412785822e-14	2.412328609620391502e-16	9.006656682373073467e-24	6.155267636890612371e-04	9.654844874028156878e-07	1.279135093209632901e-24	4.592381061648842522e-17	8.711721689404493772e-14	6.137572289851042511e-14	1.627784553325806470e-23	6.917538616024873025e-04	6.013750408273800899e-28	1.600454491522792372e-02	6.731182554089053249e-02	3.379928320713004690e-03	2.347093468526572910e-10	2.687208739852372467e-03	4.772039441551709019e-07	6.907994963483767578e-04	3.549937348756731103e-11
5.200000000000000000e+03	2.409824085047362492e-14	2.370549930686495106e-16	8.867792645250717068e-24	6.155267643284231729e-04	9.654844865608875964e-07	1.279135092094101987e-24	4.512846452048410564e-17	8.560819901792537153e-14	6.031245270469786313e-14	1.599584892684102375e-23	6.917538616024862183e-04	5.807250489819548249e-28	1.600454490846136071e-02	6.731182553474114594e-02	3.379928326862422904e-03	2.351614241643108856e-10	2.687208745551619964e-03	4.772039433080930619e-07	6.907994957352625977e-04	3.488456636254294774e-11
5.210000000000000000e+03	2.368606500636629649e-14	2.330004089681825722e-16	8.733026316605075453e-24	6.155267648720688135e-04	9.654844855979928239e-07	1.279135090818309315e-24	4.435658811904758146e-17	8.414371046080649299e-14	5.928055837027953416e-14	1.572217371033683097e-23	6.917538616024851341e-04	5.610296732579496051e-28	1.600454490181010478e-02	6.731182552868900104e-02	3.379928332914608567e-03	2.356135014755354837e-10	2.687208751153723815e-03	4.772039424860111642e-07	6.907994951402405192e-04	3.428790144558599034e-11
5.220000000000000000e+03	2.328617500827385576e-14	2.290666810446335220e-16	8.602277007451233105e-24	6.155267654156856144e-04	9.654844846636040983e-07	1.279135089580285644e-24	4.360771926379055481e-17	8.272287431189800715e-14	5.827942197271713389e-14	1.545665600061626459e-23	6.917538616024840499e-04	5.422459443704537570e-28	1.600454489527187302e-02	6.731182552273203001e-02	3.379928338871623396e-03	2.360655787863158340e-10	2.687208756660596984e-03	4.772039416884339296e-07	6.907994945629549041e-04	3.370902149345011869e-11
5.230000000000000000e+03	2.289820460829265767e-14	2.252502065080159156e-16	8.475424968199472178e-24	6.155267659592748766e-04	9.654844837568718454e-07	1.279135088378905622e-24	4.288117208693963399e-17	8.134438931395343379e-14	5.730812665764957675e-14	1.519905263293387593e-23	6.917538616024829657e-04	5.243277723074567524e-28	1.600454488884329660e-02	6.731182551686734628e-02	3.379928344736301930e-03	2.365176560966651716e-10	2.687208762075076612e-03	4.772039409146301570e-07	6.907994940028763364e-04	3.314739632649830702e-11
5.240000000000000000e+03	2.252179865045873948e-14	2.215474916800422755e-16	8.352354075916432799e-24	6.155267665028372505e-04	9.654844828769721140e-07	1.279135087213077508e-24	4.217628149245583820e-17	8.000699353519086391e-14	5.636578323540860788e-14	1.494912777968511372e-23	6.917538616024818815e-04	5.072314124530335470e-28	1.600454488252111077e-02	6.731182551109227141e-02	3.379928350511398911e-03	2.369697334065962143e-10	2.687208767399919176e-03	4.772039401638910916e-07	6.907994934594922053e-04	3.260251182175760793e-11
5.250000000000000000e+03	2.215661230133390828e-14	2.179551444253816443e-16	8.232951582755117612e-24	6.155267670463736036e-04	9.654844820231044578e-07	1.279135086081740787e-24	4.149240171516408109e-17	7.870946181298941099e-14	5.545152847044093289e-14	1.470665249670645891e-23	6.917538616024807973e-04	4.909154669512590919e-28	1.600454487630213751e-02	6.731182550540411313e-02	3.379928356199584944e-03	2.374218107161214731e-10	2.687208772637796148e-03	4.772039394355295778e-07	6.907994929323048620e-04	3.207386879911681288e-11
5.260000000000000000e+03	2.180231127750414156e-14	2.144698763895660206e-16	8.117108190338475710e-24	6.155267675898848032e-04	9.654844811944934184e-07	1.279135084983868001e-24	4.082890674678552684e-17	7.745060637806341153e-14	5.456452542876349920e-14	1.447140481545373610e-23	6.917538616024797131e-04	4.753407753471193750e-28	1.600454487018332025e-02	6.731182549980027630e-02	3.379928361803449539e-03	2.378738880252528390e-10	2.687208777791300508e-03	4.772039387288783655e-07	6.907994924208316198e-04	3.156098335065312311e-11
5.270000000000000000e+03	2.145857090139521979e-14	2.110884937110244234e-16	8.004717741045839393e-24	6.155267681333713914e-04	9.654844803903857716e-07	1.279135083918461084e-24	4.018518856777607974e-17	7.622927361552025022e-14	5.370396125485796249e-14	1.424316915338083280e-23	6.917538616024786289e-04	4.604702636003084932e-28	1.600454486416165445e-02	6.731182549427824902e-02	3.379928367325507176e-03	2.383259653340020473e-10	2.687208782862945435e-03	4.772039380432906392e-07	6.907994919246037780e-04	3.106338547383300728e-11
5.280000000000000000e+03	2.112507660837447196e-14	2.078079020094548101e-16	7.895677383816505208e-24	6.155267686768342355e-04	9.654844796100511632e-07	1.279135082884552273e-24	3.956065809696928909e-17	7.504434590181942078e-14	5.286904847941867949e-14	1.402173666077104737e-23	6.917538616024775447e-04	4.462688603271053532e-28	1.600454485823424311e-02	6.731182548883556105e-02	3.379928372768192107e-03	2.387780426423802135e-10	2.687208787855169950e-03	4.772039373781383238e-07	6.907994914431671643e-04	3.058061980559211100e-11
5.290000000000000000e+03	2.080161936348802648e-14	2.046260450026430846e-16	7.789918771771012594e-24	6.155267691336112129e-04	9.654844787171109360e-07	1.279135081701458902e-24	3.895492387726934977e-17	7.389508047574838840e-14	5.205926372403436199e-14	1.380696852913554626e-23	6.917538616024764605e-04	4.327073599724377902e-28	1.600454485239917804e-02	6.731182548347074135e-02	3.379928378132991858e-03	2.392301199503739992e-10	2.687208792769595588e-03	4.772039367330046793e-07	6.907994909762200453e-04	3.011238374741276758e-11
5.300000000000000000e+03	2.048770699968936779e-14	2.015380812309416554e-16	7.687280984448642461e-24	6.155267695351421264e-04	9.654844777597227248e-07	1.279135080432982030e-24	3.836706423376287358e-17	7.277972867752664818e-14	5.127337488653471259e-14	1.359853798486616648e-23	6.917538616024753763e-04	4.197461368570978184e-28	1.600454484665191773e-02	6.731182547817998740e-02	3.379928383423767054e-03	2.396821972579274146e-10	2.687208797610036136e-03	4.772039361069087355e-07	6.907994905230523770e-04	2.965796483932422339e-11
5.310000000000000000e+03	2.018315161810807125e-14	1.985421623283351628e-16	7.587702585919660437e-24	6.155267699366515728e-04	9.654844768240441797e-07	1.279135079193270422e-24	3.779672729062894770e-17	7.169762287227769422e-14	5.051091153345290957e-14	1.339632026133359906e-23	6.917538616024742921e-04	4.073596083358366330e-28	1.600454484099073788e-02	6.731182547296170327e-02	3.379928388642059432e-03	2.401342745650375646e-10	2.687208802377950064e-03	4.772039354994749392e-07	6.907994900833923499e-04	2.921709107935248107e-11
5.320000000000000000e+03	1.988767400529386888e-14	1.956355416650217920e-16	7.491092283659909026e-24	6.155267703381402025e-04	9.654844759094296499e-07	1.279135077981467255e-24	3.724339016841172873e-17	7.064777096895416885e-14	4.977117461395034452e-14	1.320012995885190124e-23	6.917538616024732079e-04	3.955195761817480123e-28	1.600454483541307454e-02	6.731182546781373788e-02	3.379928393790030457e-03	2.405863518717145821e-10	2.687208807075499271e-03	4.772039349101467898e-07	6.907994896568372912e-04	2.878935827871752116e-11
5.330000000000000000e+03	1.960100380665889689e-14	1.928155597560581078e-16	7.397361681667395304e-24	6.155267707396083407e-04	9.654844750152504253e-07	1.279135076796739947e-24	3.670654657753476019e-17	6.962921241522990525e-14	4.905348733134229885e-14	1.300978757989051721e-23	6.917538616024721237e-04	3.841993493538307246e-28	1.600454482991643321e-02	6.731182546273402345e-02	3.379928398869777410e-03	2.410384291779681866e-10	2.687208811704781472e-03	4.772039343383850450e-07	6.907994892429965630e-04	2.837437507270727596e-11
5.340000000000000000e+03	1.932287861513740378e-14	1.900796352964812582e-16	7.306424982487535670e-24	6.155267711410566380e-04	9.654844741408966421e-07	1.279135075638280714e-24	3.618570511164491303e-17	6.864101484182044979e-14	4.835719271590257666e-14	1.282511888536048976e-23	6.917538616024710395e-04	3.733736370375345835e-28	1.600454482449840260e-02	6.731182545772047832e-02	3.379928403883332520e-03	2.414905064838077354e-10	2.687208816267830196e-03	4.772039337836661325e-07	6.907994888414915619e-04	2.797176160142352661e-11
5.350000000000000000e+03	1.905304357782374044e-14	1.874252612917970415e-16	7.218198858598266400e-24	6.155267715424856366e-04	9.654844732857789771e-07	1.279135074505308585e-24	3.568038851096898790e-17	6.768227275764275377e-14	4.768165276237542185e-14	1.264595466585340905e-23	6.917538616024699553e-04	3.630184688549014020e-28	1.600454481915664084e-02	6.731182545277114571e-02	3.379928408832665130e-03	2.419425837892424311e-10	2.687208820766616522e-03	4.772039332454815148e-07	6.907994884519542012e-04	2.758114894035201016e-11
5.360000000000000000e+03	1.879125147366564882e-14	1.848500058222497982e-16	7.132602477812846857e-24	6.155267719438960953e-04	9.654844724493235656e-07	1.279135073397062980e-24	3.519013380780842253e-17	6.675210776268112238e-14	4.702624853557208543e-14	1.247213076965834472e-23	6.917538616024688711e-04	3.531111311255111029e-28	1.600454481388887198e-02	6.731182544788413824e-02	3.379928413719693412e-03	2.423946610942810623e-10	2.687208825203059488e-03	4.772039327233386424e-07	6.907994880740276700e-04	2.720217921283125621e-11
5.370000000000000000e+03	1.853726277508119636e-14	1.823515126489496285e-16	7.049557523426339778e-24	6.155267723452884478e-04	9.654844716309732715e-07	1.279135072312805542e-24	3.471449244192846000e-17	6.584966877050899791e-14	4.639038033343398509e-14	1.230348814600778646e-23	6.917538616024677869e-04	3.436301105342052485e-28	1.600454480869288945e-02	6.731182544305758242e-02	3.379928418546276556e-03	2.428467383989323146e-10	2.687208829579018719e-03	4.772039322167595769e-07	6.907994877073661078e-04	2.683450567924934318e-11
5.380000000000000000e+03	1.829084474799788479e-14	1.799274923609344029e-16	6.968987899961504298e-24	6.155267727466631278e-04	9.654844708301891702e-07	1.279135071251823075e-24	3.425302857521348714e-17	6.497412890495908056e-14	4.577346555650731310e-14	1.213987228001232563e-23	6.917538616024667027e-04	3.345550008101024972e-28	1.600454480356655607e-02	6.731182543828966025e-02	3.379928423314212602e-03	2.432988157032045113e-10	2.687208833896296157e-03	4.772039317252801442e-07	6.907994873516338456e-04	2.647779143426247691e-11
5.390000000000000000e+03	1.805177167407817813e-14	1.775757245612071397e-16	6.890819805828352845e-24	6.155267731480208943e-04	9.654844700464469483e-07	1.279135070213420386e-24	3.380531950782503375e-17	6.412468614842190526e-14	4.517493908043902215e-14	1.198113329147549778e-23	6.917538616024656185e-04	3.258664599637935254e-28	1.600454479850779710e-02	6.731182543357865089e-02	3.379928428025252320e-03	2.437508930071058726e-10	2.687208838156640838e-03	4.772039312484498286e-07	6.907994870065045385e-04	2.613170972848838400e-11
5.400000000000000000e+03	1.781982476246111985e-14	1.752940569985360801e-16	6.814981704466906524e-24	6.155267735493622893e-04	9.654844692792392330e-07	1.279135069196925054e-24	3.337095551292192836e-17	6.330056311791440825e-14	4.459425314918602988e-14	1.182712590655692056e-23	6.917538616024645343e-04	3.175461539304761874e-28	1.600454479351459333e-02	6.731182542892281961e-02	3.379928432681089667e-03	2.442029703106439465e-10	2.687208842361750189e-03	4.772039307858334671e-07	6.907994866716631174e-04	2.579594384074378457e-11
5.410000000000000000e+03	1.759485868842047480e-14	1.730810601098867470e-16	6.741426079876776290e-24	6.155267738498359110e-04	9.654844683700857364e-07	1.279135067992372116e-24	3.294966444274671807e-17	6.250124348318054408e-14	4.403104395967144037e-14	1.167775363874120209e-23	6.917538616024634501e-04	3.095790517301480264e-28	1.600454478858562637e-02	6.731182542432122273e-02	3.379928437282693054e-03	2.446550476137953651e-10	2.687208846512748744e-03	4.772039303371393627e-07	6.907994863468988134e-04	2.547028339927386380e-11
5.420000000000000000e+03	1.737653126540577086e-14	1.709333677975757218e-16	6.670041049746767202e-24	6.155267741092593616e-04	9.654844674119891939e-07	1.279135066722978174e-24	3.254080548894452871e-17	6.172551141843143803e-14	4.348445482383877143e-14	1.153278928037758137e-23	6.917538616024623659e-04	3.019438382464873545e-28	1.600454478371772515e-02	6.731182541977111244e-02	3.379928441832808113e-03	2.451071249165039320e-10	2.687208850612291932e-03	4.772039299016861831e-07	6.907994860317183145e-04	2.515423305553634981e-11
5.430000000000000000e+03	1.716471161903408726e-14	1.688496926469648641e-16	6.600783823034980715e-24	6.155267743686677418e-04	9.654844664689931312e-07	1.279135065473592248e-24	3.214413356473130013e-17	6.097290192466724118e-14	4.295415810162694847e-14	1.139214593597430531e-23	6.917538616024612817e-04	2.946273244760588347e-28	1.600454477890968577e-02	6.731182541527144791e-02	3.379928446332508638e-03	2.455592022187674240e-10	2.687208854661388927e-03	4.772039294792126188e-07	6.907994857259324275e-04	2.484760335606061460e-11
5.440000000000000000e+03	1.695920566589160344e-14	1.668281254546142372e-16	6.533590941607728058e-24	6.155267746280615937e-04	9.654844655406465033e-07	1.279135064243615020e-24	3.175928521258726860e-17	6.024272540743086686e-14	4.243966789290519327e-14	1.125569473688832522e-23	6.917538616024601975e-04	2.876146562660336714e-28	1.600454477415975268e-02	6.731182541082063320e-02	3.379928450783299936e-03	2.460112795205929238e-10	2.687208858661545904e-03	4.772039290693318933e-07	6.907994854292611028e-04	2.455011334610688192e-11
5.450000000000000000e+03	1.675982522429259539e-14	1.648668150725342430e-16	6.468400876979280011e-24	6.155267748874411341e-04	9.654844646265128765e-07	1.279135063032470497e-24	3.138590802708358345e-17	5.953431324777713300e-14	4.194051308606690661e-14	1.112331073663288153e-23	6.917538616024591133e-04	2.808917411303709629e-28	1.600454476946619117e-02	6.731182540641732215e-02	3.379928455186640042e-03	2.464633568219869973e-10	2.687208862614222198e-03	4.772039286716688769e-07	6.907994851414329647e-04	2.426149061426352100e-11
5.460000000000000000e+03	1.656638787302161275e-14	1.629639670186278706e-16	6.405153984125732897e-24	6.155267751468070135e-04	9.654844637261683108e-07	1.279135061839595544e-24	3.102366039035039959e-17	5.884701728675487430e-14	4.145623697875119520e-14	1.099487281028982921e-23	6.917538616024580291e-04	2.744452066883404612e-28	1.600454476482730468e-02	6.731182540206001597e-02	3.379928459543943622e-03	2.469154341229563135e-10	2.687208866520834211e-03	4.772039282858583926e-07	6.907994848621837932e-04	2.398147108796270963e-11
5.470000000000000000e+03	1.637871630596082184e-14	1.611178371281447871e-16	6.343792290471936843e-24	6.155267754061593405e-04	9.654844628392017835e-07	1.279135060664445943e-24	3.067221026349607504e-17	5.818020755679369540e-14	4.098639569273134051e-14	1.087026323410841095e-23	6.917538616024569448e-04	2.682623474635028557e-28	1.600454476024145908e-02	6.731182539774736850e-02	3.379928463856583711e-03	2.473675114235071280e-10	2.687208870382754543e-03	4.772039279115478628e-07	6.907994845912581502e-04	2.370979809924022605e-11
5.480000000000000000e+03	1.619663871729077937e-14	1.593267353429104781e-16	6.284259621837944726e-24	6.155267756654987654e-04	9.654844619652137068e-07	1.279135059506492723e-24	3.033123590796739939e-17	5.753327360078005043e-14	4.053055908706137066e-14	1.074936792769296225e-23	6.917538616024558606e-04	2.623311053142238608e-28	1.600454475570707927e-02	6.731182539347804750e-02	3.379928468125889974e-03	2.478195887236456964e-10	2.687208874201314594e-03	4.772039275483945569e-07	6.907994843284081870e-04	2.344622294235153537e-11
5.490000000000000000e+03	1.601998828875435208e-14	1.575890206675279516e-16	6.226501434793182424e-24	6.155267759248255052e-04	9.654844611038191041e-07	1.279135058365224727e-24	3.000042492535547086e-17	5.690562269864174859e-14	4.008830952303648743e-14	1.063207612644425468e-23	6.917538616024547764e-04	2.566400243800177544e-28	1.600454475122262826e-02	6.731182538925077619e-02	3.379928472353155647e-03	2.482716660233780674e-10	2.687208877977807168e-03	4.772039271960656968e-07	6.907994840733927772e-04	2.319050413153607641e-11
5.500000000000000000e+03	1.584860347610701775e-14	1.559031039871967306e-16	6.170464910315145530e-24	6.155267761841399935e-04	9.654844602546418930e-07	1.279135057240144390e-24	2.967947479382747821e-17	5.629668089767362254e-14	3.965924259677997297e-14	1.051828057585156748e-23	6.917538616024536922e-04	2.511782318682518502e-28	1.600454474678661421e-02	6.731182538506431945e-02	3.379928476539632767e-03	2.487237433227100313e-10	2.687208881713486035e-03	4.772039268542386688e-07	6.907994838259788172e-04	2.294240781568228875e-11
5.510000000000000000e+03	1.568232708107387625e-14	1.542674389385306890e-16	6.116098650353508934e-24	6.155267764434428808e-04	9.654844594173170021e-07	1.279135056130767923e-24	2.936809113019239268e-17	5.570588965595322098e-14	3.924296475460770156e-14	1.040787689905604113e-23	6.917538616024526080e-04	2.459353823516354852e-28	1.600454474239760075e-02	6.731182538091741441e-02	3.379928480686538242e-03	2.491758206216471199e-10	2.687208885409568537e-03	4.772039265226008118e-07	6.907994835859396004e-04	2.270170643489443900e-11
5.520000000000000000e+03	1.552100698639260839e-14	1.526805291401935561e-16	6.063352918162095799e-24	6.155267767027340587e-04	9.654844585914914305e-07	1.279135055036627883e-24	2.906598906640635723e-17	5.513270847699265945e-14	3.883909514682058965e-14	1.030076408850500983e-23	6.917538616024515238e-04	2.409016575332282313e-28	1.600454473805418623e-02	6.731182537680888145e-02	3.379928484795050817e-03	2.496278979201948648e-10	2.687208889067232986e-03	4.772039262008482529e-07	6.907994833530554674e-04	2.246817978453945190e-11
5.530000000000000000e+03	1.536449544963396570e-14	1.511409212461933353e-16	6.012179407404179106e-24	6.155267769620143947e-04	9.654844577768234004e-07	1.279135053957271154e-24	2.877289192711963358e-17	5.457661243373906060e-14	3.844726391280278333e-14	1.019684405112546328e-23	6.917538616024504396e-04	2.360677201234836962e-28	1.600454473375499675e-02	6.731182537273763811e-02	3.379928488866316277e-03	2.500799752183584878e-10	2.687208892687628203e-03	4.772039258886861187e-07	6.907994831271128304e-04	2.224161399298294938e-11
5.540000000000000000e+03	1.521264909431730021e-14	1.496472048584856125e-16	5.962531239247577972e-24	6.155267772212838885e-04	9.654844569729806631e-07	1.279135052892257110e-24	2.848853121303838564e-17	5.403709206873488548e-14	3.806711206481074028e-14	1.009602157751469232e-23	6.917538616024493554e-04	2.314246922293628595e-28	1.600454472949873475e-02	6.731182536870254640e-02	3.379928492901439208e-03	2.505320525161432621e-10	2.687208896271859205e-03	4.772039255858285355e-07	6.907994829079047152e-04	2.202180150872809780e-11
5.550000000000000000e+03	1.506532895404386744e-14	1.481980129611137376e-16	5.914362976794618554e-24	6.155267774805425404e-04	9.654844561796402873e-07	1.279135051841158163e-24	2.821264668357318045e-17	5.351365368155205768e-14	3.769829176654802943e-14	9.998204415801991596e-24	6.917538616024482712e-04	2.269641363025531474e-28	1.600454472528411304e-02	6.731182536470250999e-02	3.379928496901499907e-03	2.509841298135539956e-10	2.687208899821006292e-03	4.772039252919986294e-07	6.907994826952308697e-04	2.180854116430305436e-11
5.560000000000000000e+03	1.492239994645037488e-14	1.467920167454766042e-16	5.867630453084312710e-24	6.155267777397912176e-04	9.654844553964878121e-07	1.279135050803558666e-24	2.794498537171761256e-17	5.300581726985300370e-14	3.734046477982024390e-14	9.903302859705536376e-24	6.917538616024471870e-04	2.226780199488573113e-28	1.600454472110988957e-02	6.731182536073648803e-02	3.379928500867545281e-03	2.514362071105958583e-10	2.687208903336116370e-03	4.772039250069268323e-07	6.907994824888962458e-04	2.160163741475710907e-11
5.570000000000000000e+03	1.478373125629747019e-14	1.454279293787794144e-16	5.822290896348172412e-24	6.155267779990299202e-04	9.654844546232204231e-07	1.279135049779055647e-24	2.768530230145397889e-17	5.251311806304349360e-14	3.699330363676469246e-14	9.811230059400388865e-24	6.917538616024461028e-04	2.185587097177211867e-28	1.600454471697485351e-02	6.731182535680345358e-02	3.379928504800589276e-03	2.518882844072732962e-10	2.687208906818203385e-03	4.772039247303521521e-07	6.907994822887117588e-04	2.140090089221897848e-11
5.580000000000000000e+03	1.464919586032348251e-14	1.441045013300081147e-16	5.778302774654880945e-24	6.155267782582588649e-04	9.654844538595429294e-07	1.279135048767259353e-24	2.743335959795249314e-17	5.203510473559534716e-14	3.665649032297630211e-14	9.721901672277765966e-24	6.917538616024450186e-04	2.145989391117920003e-28	1.600454471287784952e-02	6.731182535290243518e-02	3.379928508701614178e-03	2.523403617035908588e-10	2.687208910268251358e-03	4.772039244620216435e-07	6.907994820944943952e-04	2.120614771807598004e-11
5.590000000000000000e+03	1.451867057639747775e-14	1.428205208534494111e-16	5.735625811955017903e-24	6.155267785009669538e-04	9.654844530792782013e-07	1.279135047733487928e-24	2.718892657961969301e-17	5.157133958338439948e-14	3.632971641446615224e-14	9.635235899266991860e-24	6.917538616024439344e-04	2.107917951826565682e-28	1.600454470881773616e-02	6.731182534903248915e-02	3.379928512571548933e-03	2.527924389995518549e-10	2.687208913687216989e-03	4.772039242016891376e-07	6.907994819060661292e-04	2.101719957412805339e-11
5.600000000000000000e+03	1.439207373719214871e-14	1.415751845855431095e-16	5.694233305863639812e-24	6.155267786185576783e-04	9.654844521119487878e-07	1.279135046451881886e-24	2.695185030909922558e-17	5.112153246395257750e-14	3.601277748803554019e-14	9.551178523995741895e-24	6.917538616024428502e-04	2.071317862751675515e-28	1.600454470479375710e-02	6.731182534519319915e-02	3.379928516410858445e-03	2.532445162950943493e-10	2.687208917075733887e-03	4.772039239491921101e-07	6.907994817233087826e-04	2.083393823892242084e-11
5.610000000000000000e+03	1.426921269173586643e-14	1.403665974138735196e-16	5.654062266805240016e-24	6.155267787358736659e-04	9.654844511528698988e-07	1.279135045181208308e-24	2.672177001139784583e-17	5.068499888969399063e-14	3.570519125388678676e-14	9.469601635337223500e-24	6.917538616024417660e-04	2.036104306184666176e-28	1.600454470080414984e-02	6.731182534138281659e-02	3.379928520221228434e-03	2.536965935901902179e-10	2.687208920435293913e-03	4.772039237041453726e-07	6.907994815459442576e-04	2.065608483130063203e-11
5.620000000000000000e+03	1.415001389241630367e-14	1.391940358487220747e-16	5.615088647417706296e-24	6.155267788531811968e-04	9.654844502022875973e-07	1.279135043921791926e-24	2.649854795484510189e-17	5.026147750239522237e-14	3.540677353450344540e-14	9.390456386414628445e-24	6.917538616024406818e-04	2.002228929714965258e-28	1.600454469684823786e-02	6.731182533760080022e-02	3.379928524003230055e-03	2.541486708848390471e-10	2.687208923766467358e-03	4.772039234664033413e-07	6.907994813738668445e-04	2.048353288389206689e-11
5.630000000000000000e+03	1.403436789987258525e-14	1.380564233323527024e-16	5.577276665058232544e-24	6.155267789704805962e-04	9.654844492599498909e-07	1.279135042673299560e-24	2.628197919375732415e-17	4.985057949997812968e-14	3.511725039946986256e-14	9.313670126404857384e-24	6.917538616024395976e-04	1.969634821539065019e-28	1.600454469292501847e-02	6.731182533384633127e-02	3.379928527757708554e-03	2.546007481790447659e-10	2.687208927070101633e-03	4.772039232357471641e-07	6.907994812069180330e-04	2.031612397250101300e-11
5.640000000000000000e+03	1.392216904847826025e-14	1.369527204293497899e-16	5.540591770956273790e-24	6.155267790877718640e-04	9.654844483256100814e-07	1.279135041435403908e-24	2.607186584947450973e-17	4.945192941518801454e-14	3.483635727561258207e-14	9.239172686189346946e-24	6.917538616024385134e-04	1.938267908922460852e-28	1.600454468903350289e-02	6.731182533011856317e-02	3.379928531485484888e-03	2.550528254728110968e-10	2.687208930347018132e-03	4.772039230119660358e-07	6.907994810449456010e-04	2.015370513578177439e-11
5.650000000000000000e+03	1.381331454491455886e-14	1.358819159592613703e-16	5.505000355480210018e-24	6.155267792050552172e-04	9.654844473990295172e-07	1.279135040207789239e-24	2.586801542227068379e-17	4.906516202753494964e-14	3.456383682912839564e-14	9.166895816642640988e-24	6.917538616024374292e-04	1.908076585943383792e-28	1.600454468517275436e-02	6.731182532641670491e-02	3.379928535187355296e-03	2.555049027661419170e-10	2.687208933598010923e-03	4.772039227948552919e-07	6.907994808878009044e-04	1.999612757033506339e-11
5.660000000000000000e+03	1.370770429541419919e-14	1.348430252971917209e-16	5.470469691652412273e-24	6.155267793223311978e-04	9.654844464799775936e-07	1.279135038990149743e-24	2.567024046783527225e-17	4.868992169215491423e-14	3.429943846762394282e-14	9.096773056573304180e-24	6.917538616024363450e-04	1.879011569334190506e-28	1.600454468134185348e-02	6.731182532273996544e-02	3.379928538864090861e-03	2.559569800590404837e-10	2.687208936823853693e-03	4.772039225842166209e-07	6.907994807353408286e-04	1.984324638062655706e-11
5.670000000000000000e+03	1.360524202537216466e-14	1.338351013874405888e-16	5.436968301220758871e-24	6.155267794395999142e-04	9.654844455682296351e-07	1.279135037782187503e-24	2.547836069395387192e-17	4.832586633348127982e-14	3.404292115546234939e-14	9.028740479398248089e-24	6.917538616024352608e-04	1.851026104150770931e-28	1.600454467753990861e-02	6.731182531908762312e-02	3.379928542516441852e-03	2.564090573515104674e-10	2.687208940025295843e-03	4.772039223798557346e-07	6.907994805874246441e-04	1.969492219973333433e-11
5.680000000000000000e+03	1.350583391648574584e-14	1.328572213370156332e-16	5.404465509053585040e-24	6.155267795568614749e-04	9.654844446635677425e-07	1.279135036583614158e-24	2.529220040829797572e-17	4.797266261421437415e-14	3.379405002480463007e-14	8.962735794332749435e-24	6.917538616024341766e-04	1.824075496577814329e-28	1.600454467376606627e-02	6.731182531545894243e-02	3.379928546145134251e-03	2.568611346435551769e-10	2.687208943203065522e-03	4.772039221815868151e-07	6.907994804439179098e-04	1.955101921647036797e-11
5.690000000000000000e+03	1.340938887965535708e-14	1.319084891001645175e-16	5.372931532368213992e-24	6.155267796741160967e-04	9.654844437657814281e-07	1.279135035394150342e-24	2.511158902948273232e-17	4.762998688694150628e-14	3.355259702901707368e-14	8.898698519688451204e-24	6.917538616024330924e-04	1.798117100316256770e-28	1.600454467001948336e-02	6.731182531185320173e-02	3.379928549750873222e-03	2.573132119351779209e-10	2.687208946357868330e-03	4.772039219892277503e-07	6.907994803046885700e-04	1.941140557044137720e-11
5.700000000000000000e+03	1.331581862303320701e-14	1.309880361477713606e-16	5.342337502980355464e-24	6.155267797913641049e-04	9.654844428746646511e-07	1.279135034213523856e-24	2.493636121450090808e-17	4.729752545969885556e-14	3.331834114454146193e-14	8.836570036408741699e-24	6.917538616024320082e-04	1.773110255590297367e-28	1.600454466629934805e-02	6.731182530826974875e-02	3.379928553334344415e-03	2.577652892263819047e-10	2.687208949490387747e-03	4.772039218026026751e-07	6.907994801696094476e-04	1.927595345054589603e-11
5.710000000000000000e+03	1.322503737878861386e-14	1.300950187795402706e-16	5.312655377966427062e-24	6.155267799086056079e-04	9.654844419900202646e-07	1.279135033041472786e-24	2.476635634703958530e-17	4.697497357512880118e-14	3.309106762672293883e-14	8.776293390709602183e-24	6.917538616024309240e-04	1.749016135559121981e-28	1.600454466260486930e-02	6.731182530470790348e-02	3.379928556896206592e-03	2.582173665171700751e-10	2.687208952601285138e-03	4.772039216215401712e-07	6.907994800385565100e-04	1.914453869944531803e-11
5.720000000000000000e+03	1.313696212086285842e-14	1.292286202660552802e-16	5.283858010861372177e-24	6.155267800258408225e-04	9.654844411116542981e-07	1.279135031877740725e-24	2.460141894526709309e-17	4.666203623039047463e-14	3.287056861107215016e-14	8.717813453537193500e-24	6.917538616024298398e-04	1.725797736996108868e-28	1.600454465893528730e-02	6.731182530116699980e-02	3.379928560437106804e-03	2.586694438075455341e-10	2.687208955691206685e-03	4.772039214458742200e-07	6.907994799114097360e-04	1.901704112878443830e-11
5.730000000000000000e+03	1.305151212233332371e-14	1.283880464945602256e-16	5.255919006933026837e-24	6.155267801430700739e-04	9.654844402393797690e-07	1.279135030722079719e-24	2.444139783291454966e-17	4.635842662004822783e-14	3.265664202220250449e-14	8.661076631198089752e-24	6.917538616024287556e-04	1.703419686033770543e-28	1.600454465528985959e-02	6.731182529764644096e-02	3.379928563957671286e-03	2.591215210975110735e-10	2.687208958760779493e-03	4.772039212754444148e-07	6.907994797880527907e-04	1.889334387843263250e-11
5.740000000000000000e+03	1.296860923309744505e-14	1.275725287005424479e-16	5.228812813974541694e-24	6.155267802602932539e-04	9.654844393730154123e-07	1.279135029574248791e-24	2.428614665929070918e-17	4.606386705926121850e-14	3.244909219451578464e-14	8.606031029984462982e-24	6.917538616024276714e-04	1.681848253784931317e-28	1.600454465166785759e-02	6.731182529414563021e-02	3.379928567458504590e-03	2.595735983870695882e-10	2.687208961810610280e-03	4.772039211100949014e-07	6.907994796683730255e-04	1.877333381845863444e-11
5.750000000000000000e+03	1.288817737650613741e-14	1.267813185161038711e-16	5.202514557722052183e-24	6.155267803775109044e-04	9.654844385123841981e-07	1.279135028434014312e-24	2.413552295663422245e-17	4.577808724870293324e-14	3.224772867575974025e-14	8.552626138850135493e-24	6.917538616024265872e-04	1.661051159863621066e-28	1.600454464806859781e-02	6.731182529066392917e-02	3.379928570940196088e-03	2.600256756762239219e-10	2.687208964841287118e-03	4.772039209496737433e-07	6.907994795522602854e-04	1.865690082045813894e-11
5.760000000000000000e+03	1.281014301465946431e-14	1.260136925470851612e-16	5.177000193989221134e-24	6.155267804947227002e-04	9.654844376573158728e-07	1.279135027301150917e-24	2.398938901146652505e-17	4.550082589891346854e-14	3.205236735509826713e-14	8.500813128597762010e-24	6.917538616024255030e-04	1.640997639797272961e-28	1.600454464449138636e-02	6.731182528720082436e-02	3.379928574403315636e-03	2.604777529649765042e-10	2.687208967853381165e-03	4.772039207940341921e-07	6.907994794396085355e-04	1.854393843111483185e-11
5.770000000000000000e+03	1.273443465854472013e-14	1.252689475542825587e-16	5.152246348500434532e-24	6.155267806119294003e-04	9.654844368076439944e-07	1.279135026175437649e-24	2.384761094723393082e-17	4.523182900165264998e-14	3.186282925573743234e-14	8.450544531661188119e-24	6.917538616024244188e-04	1.621658259939953806e-28	1.600454464093558141e-02	6.731182528375571905e-02	3.379928577848417912e-03	2.609298302533301270e-10	2.687208970847445363e-03	4.772039206430339462e-07	6.907994793303146681e-04	1.843434316307730481e-11
5.780000000000000000e+03	1.266098298806302102e-14	1.245464016341519446e-16	5.128230356135065387e-24	6.155267807291307878e-04	9.654844359632086855e-07	1.279135025056662370e-24	2.371005894907981269e-17	4.497085026100800470e-14	3.167894083544832172e-14	8.401774321809027758e-24	6.917538616024233346e-04	1.603004901905760006e-28	1.600454463740053415e-02	6.731182528032812751e-02	3.379928581276038946e-03	2.613819075412870650e-10	2.687208973824019211e-03	4.772039204965345158e-07	6.907994792242785030e-04	1.832801466870933168e-11
5.790000000000000000e+03	1.258972062859067916e-14	1.238453920208378468e-16	5.104930187871281542e-24	6.155267808463270795e-04	9.654844351238534566e-07	1.279135023944618082e-24	2.357660684541392592e-17	4.471765028037446079e-14	3.150053340810978365e-14	8.354457760730683901e-24	6.917538616024222504e-04	1.585010654581158255e-28	1.600454463388562704e-02	6.731182527691748074e-02	3.379928584686700890e-03	2.618339848288496447e-10	2.687208976783622260e-03	4.772039203544016461e-07	6.907994791214028957e-04	1.822485541664054841e-11
5.800000000000000000e+03	1.252058242453154755e-14	1.231652777771140909e-16	5.082324540227571173e-24	6.155267809635184923e-04	9.654844342894260537e-07	1.279135022839102747e-24	2.344713262019051409e-17	4.447199758599323079e-14	3.132744388878585647e-14	8.308551595635616216e-24	6.917538616024211662e-04	1.567649842361546887e-28	1.600454463039025291e-02	6.731182527352327916e-02	3.379928588080907681e-03	2.622860621160204509e-10	2.687208979726759747e-03	4.772039202165053176e-07	6.907994790215936289e-04	1.812477108776031748e-11
5.810000000000000000e+03	1.245350502299380129e-14	1.225054356990027469e-16	5.060392699140402924e-24	6.155267810807050263e-04	9.654844334597801517e-07	1.279135021739922959e-24	2.332151763326481824e-17	4.423366704270659490e-14	3.115951362630238557e-14	8.264013749649105753e-24	6.917538616024200820e-04	1.550897872898596162e-28	1.600454462691383931e-02	6.731182527014505090e-02	3.379928591459151546e-03	2.627381394028016550e-10	2.687208982653923901e-03	4.772039200827190046e-07	6.907994789247593045e-04	1.802766997254904572e-11
5.820000000000000000e+03	1.238842707455914169e-14	1.218652622907447952e-16	5.039114605608334808e-24	6.155267811978868981e-04	9.654844326347740845e-07	1.279135020646890822e-24	2.319964699637146899e-17	4.400244070255378359e-14	3.099658906668919892e-14	8.220803497748012480e-24	6.917538616024189978e-04	1.534731253314221921e-28	1.600454462345583112e-02	6.731182526678232414e-02	3.379928594821906933e-03	2.631902166891954285e-10	2.687208985565590468e-03	4.772039199529209464e-07	6.907994788308116684e-04	1.793346326171132051e-11
5.830000000000000000e+03	1.232528886434232643e-14	1.212441701355242451e-16	5.018470735062084505e-24	6.155267813150643247e-04	9.654844318142680916e-07	1.279135019559820830e-24	2.308140888221400242e-17	4.377810638797659622e-14	3.083852070528856995e-14	8.178881188858232592e-24	6.917538616024179136e-04	1.519127455463060747e-28	1.600454462001566630e-02	6.731182526343459926e-02	3.379928598169636145e-03	2.636422939752040459e-10	2.687208988462221320e-03	4.772039198269917111e-07	6.907994787396639844e-04	1.784206451209841733e-11
5.840000000000000000e+03	1.226403269177653303e-14	1.206415916314257192e-16	4.998442221540339974e-24	6.155267814322374145e-04	9.654844309981287652e-07	1.279135018478536841e-24	2.296669523568404433e-17	4.356045905644099604e-14	3.068516405189178735e-14	8.138208501822897185e-24	6.917538616024168294e-04	1.504064978135937281e-28	1.600454461659281055e-02	6.731182526010145994e-02	3.379928601502786307e-03	2.640943712608296271e-10	2.687208991344264448e-03	4.772039197048154670e-07	6.907994786512330941e-04	1.775339019648486596e-11
5.850000000000000000e+03	1.220460242272810891e-14	1.200569745855765331e-16	4.979010711247796561e-24	6.155267815494061675e-04	9.654844301862256624e-07	1.279135017402865654e-24	2.285540093511287218e-17	4.334929930590735283e-14	3.053637862868670956e-14	8.098748179626941925e-24	6.917538616024157452e-04	1.489523202866616579e-28	1.600454461318676080e-02	6.731182525678242046e-02	3.379928604821793268e-03	2.645464485460739297e-10	2.687208994212154402e-03	4.772039195862815705e-07	6.907994785654383331e-04	1.766735905521061204e-11
5.860000000000000000e+03	1.214694357295690969e-14	1.194897830351476431e-16	4.960158389843586852e-24	6.155267816665710174e-04	9.654844293784332105e-07	1.279135016332640863e-24	2.274742394856576076e-17	4.314443352681588109e-14	3.039202800532070717e-14	8.060464038717901513e-24	6.917538616024146610e-04	1.475482381545852094e-28	1.600454460979701052e-02	6.731182525347716161e-02	3.379928608127077700e-03	2.649985258309391250e-10	2.687208997066314886e-03	4.772039194712804366e-07	6.907994784822006629e-04	1.758389221699811586e-11
5.870000000000000000e+03	1.209100340718612647e-14	1.189394982219061710e-16	4.941868014833485123e-24	6.155267817837316389e-04	9.654844285746281662e-07	1.279135015267699736e-24	2.264266551936921417e-17	4.294567433530264447e-14	3.025198014263196553e-14	8.023321060157219640e-24	6.917538616024135768e-04	1.461923633325524555e-28	1.600454460642306356e-02	6.731182525018519769e-02	3.379928611419048996e-03	2.654506031154269709e-10	2.687208999907153128e-03	4.772039193597074569e-07	6.907994784014442977e-04	1.750291334236555360e-11
5.880000000000000000e+03	1.203673064010006714e-14	1.184056156509232372e-16	4.924122817807180753e-24	6.155267819008884657e-04	9.654844277746923684e-07	1.279135014207884498e-24	2.254102960617344937e-17	4.275283953603233022e-14	3.011610667621312292e-14	7.987285199605632344e-24	6.917538616024124926e-04	1.448828844811744254e-28	1.600454460306445850e-02	6.731182524690615399e-02	3.379928614698103975e-03	2.659026803995392769e-10	2.687209002735067246e-03	4.772039192514600343e-07	6.907994783230949698e-04	1.742434819079191825e-11
5.890000000000000000e+03	1.198407561601779039e-14	1.178876468580277891e-16	4.906906563184945527e-24	6.155267820180414977e-04	9.654844269785095618e-07	1.279135013153042153e-24	2.244242321942451697e-17	4.256575267784183729e-14	2.998428326647066390e-14	7.952323480177016969e-24	6.917538616024114084e-04	1.436180683176204608e-28	1.600454459972073737e-02	6.731182524363965580e-02	3.379928617964627312e-03	2.663547576832779556e-10	2.687209005550441916e-03	4.772039191464392779e-07	6.907994782470809050e-04	1.734812488081212094e-11
5.900000000000000000e+03	1.193299005873769067e-14	1.173851169490215670e-16	4.890203466426018925e-24	6.155267821351909519e-04	9.654844261859687852e-07	1.279135012103025396e-24	2.234675595290183493e-17	4.238424224447123029e-14	2.985638906700538949e-14	7.918403851432469833e-24	6.917538616024103242e-04	1.423962517158728739e-28	1.600454459639145607e-02	6.731182524038528681e-02	3.379928621218992405e-03	2.668068349666446616e-10	2.687209008353650536e-03	4.772039190445487318e-07	6.907994781733326059e-04	1.727417352789257316e-11
5.910000000000000000e+03	1.188342729867411927e-14	1.168975668340276795e-16	4.873998268293916012e-24	6.155267822523368283e-04	9.654844253969605594e-07	1.279135011057689126e-24	2.225394040907374211e-17	4.220814240984730408e-14	2.973230723233536222e-14	7.885495324044271964e-24	6.917538616024092400e-04	1.412158443444623229e-28	1.600454459307618441e-02	6.731182523714272781e-02	3.379928624461562680e-03	2.672589122496410492e-10	2.687209011145057398e-03	4.772039189456951164e-07	6.907994781017824182e-04	1.720242657323369018e-11
5.920000000000000000e+03	1.183534180062790411e-14	1.164245485821575371e-16	4.858276080454781607e-24	6.155267823694793436e-04	9.654844246113806995e-07	1.279135010016895224e-24	2.216389131475967289e-17	4.203729139509871738e-14	2.961192377661587220e-14	7.853567667104733132e-24	6.917538616024081558e-04	1.400753155436636901e-28	1.600454458977449909e-02	6.731182523391161798e-02	3.379928627692688117e-03	2.677109895322688761e-10	2.687209013925012050e-03	4.772039188497876934e-07	6.907994780323647478e-04	1.713281810017146045e-11
5.930000000000000000e+03	1.178868962090745228e-14	1.159656299182223269e-16	4.843022534939154085e-24	6.155267824866184978e-04	9.654844238291265027e-07	1.279135008980507956e-24	2.207652637717466649e-17	4.187153305049389877e-14	2.949512866823426616e-14	7.822591698436762136e-24	6.917538616024070715e-04	1.389732029512369169e-28	1.600454458648599421e-02	6.731182523069159651e-02	3.379928630912710889e-03	2.681630668145296416e-10	2.687209016693857967e-03	4.772039187567395359e-07	6.907994779650167110e-04	1.706528449590499142e-11
5.940000000000000000e+03	1.174342793806674211e-14	1.155203896065911769e-16	4.828223630710571109e-24	6.155267826037543995e-04	9.654844230500980192e-07	1.279135007948394713e-24	2.199176540514873702e-17	4.171071523132455302e-14	2.938181470384061824e-14	7.792538985962380489e-24	6.917538616024059873e-04	1.379080997273215996e-28	1.600454458321029158e-02	6.731182522748235808e-02	3.379928634121962764e-03	2.686151440964248967e-10	2.687209019451925179e-03	4.772039186664648820e-07	6.907994778996758576e-04	1.699976377219385724e-11
5.950000000000000000e+03	1.169951543767863053e-14	1.150884212362155193e-16	4.813865859472263315e-24	6.155267827208873738e-04	9.654844222742001694e-07	1.279135006920429495e-24	2.190953102968673165e-17	4.155469115138742940e-14	2.927187846185811824e-14	7.763382100590448513e-24	6.917538616024049031e-04	1.368786614994724184e-28	1.600454457994699570e-02	6.731182522428355575e-02	3.379928637320762496e-03	2.690672213779560889e-10	2.687209022199535044e-03	4.772039185788808282e-07	6.907994778362827734e-04	1.693619612235511166e-11
5.960000000000000000e+03	1.165691188460507018e-14	1.146693290130406351e-16	4.799936065815275761e-24	6.155267828380170956e-04	9.654844215013389327e-07	1.279135005896487406e-24	2.182974790296429844e-17	4.140331785026894441e-14	2.916521920848643268e-14	7.735094326073776378e-24	6.917538616024038189e-04	1.358835947299121291e-28	1.600454457669574226e-02	6.731182522109488420e-02	3.379928640509424504e-03	2.695192986591248209e-10	2.687209024936999379e-03	4.772039184939077535e-07	6.907994777747792367e-04	1.687452330208251379e-11
5.970000000000000000e+03	1.161557821898726789e-14	1.142627287042632584e-16	4.786421478603703514e-24	6.155267829551438899e-04	9.654844207314249472e-07	1.279135004876450530e-24	2.175234287808742657e-17	4.125645655009765594e-14	2.906173916259367421e-14	7.707649729259758061e-24	6.917538616024027347e-04	1.349216573645681921e-28	1.600454457345617046e-02	6.731182521791610751e-02	3.379928643688248462e-03	2.699713759399322817e-10	2.687209027664620893e-03	4.772039184114672014e-07	6.907994777151088691e-04	1.681468876840172345e-11
5.980000000000000000e+03	1.157547661021236443e-14	1.138682481692031644e-16	4.773309728619819144e-24	6.155267830722679738e-04	9.654844199643688508e-07	1.279135003860200215e-24	2.167724511015508705e-17	4.111397282529060183e-14	2.896134360013093346e-14	7.681023187786591938e-24	6.917538616024016505e-04	1.339916587120011013e-28	1.600454457022793681e-02	6.731182521474682323e-02	3.379928646857528838e-03	2.704234532203798157e-10	2.687209030382692321e-03	4.772039183314839978e-07	6.907994776572171352e-04	1.675663775779233368e-11
5.990000000000000000e+03	1.153657030366662191e-14	1.134855258518102682e-16	4.760588798457996400e-24	6.155267831893891303e-04	9.654844192000867873e-07	1.279135002847625524e-24	2.160438576927606353e-17	4.097573609855069234e-14	2.886394052168108794e-14	7.655190301905466079e-24	6.917538616024005663e-04	1.330924543845967072e-28	1.600454456701069436e-02	6.731182521158680931e-02	3.379928650017549694e-03	2.708755305004689219e-10	2.687209033091499024e-03	4.772039182538854037e-07	6.907994776010513427e-04	1.670031706434808263e-11
6.000000000000000000e+03	1.149882371167023969e-14	1.131142116751930293e-16	4.748247052257055999e-24	6.155267833065077932e-04	9.654844184384953240e-07	1.279135001838615336e-24	2.153369821086116938e-17	4.084161990144638715e-14	2.876944080600761104e-14	7.630127435213419680e-24	6.917538616023994821e-04	1.322229467340550054e-28	1.600454456380412394e-02	6.731182520843578820e-02	3.379928653168587718e-03	2.713276077802006860e-10	2.687209035791315957e-03	4.772039181785996330e-07	6.907994775465595583e-04	1.664567517141399176e-11
6.010000000000000000e+03	1.146220228663704370e-14	1.127539657938865991e-16	4.736273194228141672e-24	6.155267834236236371e-04	9.654844176795139927e-07	1.279135000833064224e-24	2.146511773809130656e-17	4.071150150486154969e-14	2.867775798689945988e-14	7.605811655457199039e-24	6.917538616023983979e-04	1.313820812667903264e-28	1.600454456060790634e-02	6.731182520529345459e-02	3.379928656310910492e-03	2.717796850595765041e-10	2.687209038482412434e-03	4.772039181055577585e-07	6.907994774936919088e-04	1.659266206797247111e-11
6.020000000000000000e+03	1.142667234979655862e-14	1.124044569089881445e-16	4.724656212653160573e-24	6.155267835407369874e-04	9.654844169230663487e-07	1.279134999830869516e-24	2.139858128116727172e-17	4.058526123682973378e-14	2.858880773720389003e-14	7.582220597701220325e-24	6.917538616023973137e-04	1.305688409647745239e-28	1.600454455742173279e-02	6.731182520215962806e-02	3.379928659444775621e-03	2.722317623385976167e-10	2.687209041165047364e-03	4.772039180346929704e-07	6.907994774424001472e-04	1.654122900070182440e-11
6.030000000000000000e+03	1.139220147932198563e-14	1.120653660861810136e-16	4.713385506788321919e-24	6.155267836578479524e-04	9.654844161690751003e-07	1.279134998831929641e-24	2.133402812415213651e-17	4.046278390928953692e-14	2.850250889887055743e-14	7.559332737504786610e-24	6.917538616023962295e-04	1.297822545566348402e-28	1.600454455424530145e-02	6.731182519903396166e-02	3.379928662570438110e-03	2.726838396172651096e-10	2.687209043839473149e-03	4.772039179659407884e-07	6.907994773926373275e-04	1.649132903582951645e-11
6.040000000000000000e+03	1.135875810422100967e-14	1.117363827608287260e-16	4.702450754081402291e-24	6.155267837749564238e-04	9.654844154174680378e-07	1.279134997836148907e-24	2.127139914445572327e-17	4.034395734028766820e-14	2.841878242353765801e-14	7.537127109953569385e-24	6.917538616023951453e-04	1.290213856836453850e-28	1.600454455107831742e-02	6.731182519591626112e-02	3.379928665688140821e-03	2.731359168955801719e-10	2.687209046505934819e-03	4.772039178992380026e-07	6.907994773443578047e-04	1.644291647124927347e-11
6.050000000000000000e+03	1.132631153768626520e-14	1.114172050660441049e-16	4.691841921076099225e-24	6.155267838920626183e-04	9.654844146681740106e-07	1.279134996843432908e-24	2.121063687528959181e-17	4.022867249339910710e-14	2.833755148046324246e-14	7.515583338281705813e-24	6.917538616023940611e-04	1.282853330423115636e-28	1.600454454792051007e-02	6.731182519280627663e-02	3.379928668798121410e-03	2.735879941735437858e-10	2.687209049164669596e-03	4.772039178345230972e-07	6.907994772975172351e-04	1.639594688479922748e-11
6.060000000000000000e+03	1.129483216069828012e-14	1.111075416387962541e-16	4.681549323416935186e-24	6.155267839926547874e-04	9.654844138952318823e-07	1.279134995819386310e-24	2.115168584949806466e-17	4.011682414328473259e-14	2.825874193307945915e-14	7.494681760259672979e-24	6.917538616023929769e-04	1.275732335468521544e-28	1.600454454477159491e-02	6.731182518970380002e-02	3.379928671900584575e-03	2.740400714511558480e-10	2.687209051815908634e-03	4.772039177717372035e-07	6.907994772520729011e-04	1.635037740004512190e-11
6.070000000000000000e+03	1.126430928646540729e-14	1.108072873528463455e-16	4.671569466741932179e-24	6.155267839681363142e-04	9.654844129283295852e-07	1.279134994538369668e-24	2.109452605406348911e-17	4.000837430844983995e-14	2.818232701467983715e-14	7.474415276921616854e-24	6.917538616023918927e-04	1.268846636970684903e-28	1.600454454163148868e-02	6.731182518660892844e-02	3.379928674995438809e-03	2.744921487283466684e-10	2.687209054459730427e-03	4.772039177108593574e-07	6.907994772080096237e-04	1.630619254680874434e-11
6.080000000000000000e+03	1.123467804802281808e-14	1.105158041102565154e-16	4.661881142142392398e-24	6.155267839433499347e-04	9.654844119630806964e-07	1.279134993259543487e-24	2.103903601345894508e-17	3.990309250899733182e-14	2.810814432383736894e-14	7.454740816759559755e-24	6.917538616023908085e-04	1.262179908301324520e-28	1.600454453849957381e-02	6.731182518352100963e-02	3.379928678083385374e-03	2.749442260050941718e-10	2.687209057096640215e-03	4.772039176517595394e-07	6.907994771652334028e-04	1.626329842379877611e-11
6.090000000000000000e+03	1.120593004287632199e-14	1.102330092554788895e-16	4.652481602312352830e-24	6.155267839185614952e-04	9.654844109998803568e-07	1.279134991983431595e-24	2.098519999244136423e-17	3.980094891822080726e-14	2.803617285971475503e-14	7.435652810004403303e-24	6.917538616023897243e-04	1.255728680740967063e-28	1.600454453537578786e-02	6.731182518043989094e-02	3.379928681164489322e-03	2.753963032813901379e-10	2.687209059726703049e-03	4.772039175944217616e-07	6.907994771237322036e-04	1.622168286758149494e-11
6.100000000000000000e+03	1.117803890351764033e-14	1.099586434106793837e-16	4.643362226047322935e-24	6.155267838937711041e-04	9.654844100386684271e-07	1.279134990709954280e-24	2.093296861291793075e-17	3.970184980504491583e-14	2.796634655492072773e-14	7.417133734512749495e-24	6.917538616023886401e-04	1.249485537201854588e-28	1.600454453225988796e-02	6.731182517736541970e-02	3.379928684238955785e-03	2.758483805572357041e-10	2.687209062350124928e-03	4.772039175387926610e-07	6.907994770834678623e-04	1.618130770860375892e-11
6.110000000000000000e+03	1.115097909910331499e-14	1.096924554283164563e-16	4.634514665701399980e-24	6.155267838689786530e-04	9.654844090793851913e-07	1.279134989439032379e-24	2.088229406360762206e-17	3.960570449503744783e-14	2.789860153919203199e-14	7.399166650842686728e-24	6.917538616023875559e-04	1.243443348281742481e-28	1.600454452915163472e-02	6.731182517429738776e-02	3.379928687306982954e-03	2.763004578326315944e-10	2.687209064967102309e-03	4.772039174848221568e-07	6.907994770444039496e-04	1.614213598846674737e-11
6.120000000000000000e+03	1.112472588585180054e-14	1.094342019031963718e-16	4.625930830968963929e-24	6.155267838441845756e-04	9.654844081219734749e-07	1.279134988170590772e-24	2.083313000714988829e-17	3.951242505588567613e-14	2.783287584476075301e-14	7.381735124133541487e-24	6.917538616023864717e-04	1.237595260800545304e-28	1.600454452605080263e-02	6.731182517123560083e-02	3.379928690368761649e-03	2.767525351075786874e-10	2.687209067577826880e-03	4.772039174324600624e-07	6.907994770065044700e-04	1.610413188812093541e-11
6.130000000000000000e+03	1.109926605516774035e-14	1.091837529020363251e-16	4.617606403125538113e-24	6.155267838193884383e-04	9.654844071664021493e-07	1.279134986904587029e-24	2.078545170797819707e-17	3.942196455503180815e-14	2.776913640314250837e-14	7.364830384083677208e-24	6.917538616023853875e-04	1.231937099557146183e-28	1.600454452295727026e-02	6.731182516817996175e-02	3.379928693424396387e-03	2.772046123820715549e-10	2.687209070182404458e-03	4.772039173816798019e-07	6.907994769697496911e-04	1.606727628682981170e-11
6.140000000000000000e+03	1.107455864636746285e-14	1.089407054935769662e-16	4.609527989535640163e-24	6.155267837945905662e-04	9.654844062125769821e-07	1.279134985640896990e-24	2.073918245954938662e-17	3.933417746624323155e-14	2.770728067971348881e-14	7.348425236836192838e-24	6.917538616023843033e-04	1.226458491620613858e-28	1.600454451987065943e-02	6.731182516513015135e-02	3.379928696474200720e-03	2.776566896561212086e-10	2.687209072781149028e-03	4.772039173324006956e-07	6.907994769340814996e-04	1.603150988998784561e-11
6.150000000000000000e+03	1.105059705283459089e-14	1.087049946883660552e-16	4.601693430078848909e-24	6.155267837697910678e-04	9.654844052604814562e-07	1.279134984379498798e-24	2.069430988973758698e-17	3.924904030008010017e-14	2.764729211538438042e-14	7.332515290652766693e-24	6.917538616023832191e-04	1.221156978776212591e-28	1.600454451679090770e-02	6.731182516208608635e-02	3.379928699518229291e-03	2.781087669297187048e-10	2.687209075374112199e-03	4.772039172846091909e-07	6.907994768994901377e-04	1.599682313387037174e-11
6.160000000000000000e+03	1.102734985683170784e-14	1.084763114293420547e-16	4.594092452311733385e-24	6.155267837449902683e-04	9.654844043100446326e-07	1.279134983120298229e-24	2.065077516295169325e-17	3.916644143960305348e-14	2.758909207014444361e-14	7.317079688917376560e-24	6.917538616023821349e-04	1.216024486968761395e-28	1.600454451371772363e-02	6.731182515904755859e-02	3.379928702556722793e-03	2.785608442028703506e-10	2.687209077961539433e-03	4.772039172382426073e-07	6.907994768659299605e-04	1.596317053822223938e-11
6.170000000000000000e+03	1.100478898355777183e-14	1.082543795439914069e-16	4.586715876807984308e-24	6.155267837201874089e-04	9.654844033612000191e-07	1.279134981863207489e-24	2.060852570387430785e-17	3.908628113319561199e-14	2.753261025747220949e-14	7.302099790497599393e-24	6.917538616023810507e-04	1.211053805083982549e-28	1.600454451065085396e-02	6.731182515601440153e-02	3.379928705589899801e-03	2.790129214755814710e-10	2.687209080543644969e-03	4.772039171932445114e-07	6.907994768333605273e-04	1.593051146201645253e-11
6.180000000000000000e+03	1.098291295007090941e-14	1.080391844445745369e-16	4.579563218700087844e-24	6.155267836953833569e-04	9.654844024139448630e-07	1.279134980608222353e-24	2.056755873541865763e-17	3.900855411042213449e-14	2.747784296400808894e-14	7.287574610549979942e-24	6.917538616023799665e-04	1.206243769585452090e-28	1.600454450759028827e-02	6.731182515298655966e-02	3.379928708617773326e-03	2.794649987478401753e-10	2.687209083120443553e-03	4.772039171496123620e-07	6.907994768017795611e-04	1.589884375854952341e-11
6.190000000000000000e+03	1.096168149721474986e-14	1.078303301007748198e-16	4.572621314726207859e-24	6.155267836705775701e-04	9.654844014681849318e-07	1.279134979355218660e-24	2.052779886478286369e-17	3.893311732426659991e-14	2.742468939440113195e-14	7.273477416503267713e-24	6.917538616023788823e-04	1.201584646153666456e-28	1.600454450453565880e-02	6.731182514996368604e-02	3.379928711640652148e-03	2.799170760196604740e-10	2.687209085692246566e-03	4.772039171072653733e-07	6.907994767711288404e-04	1.586810914874535264e-11
6.200000000000000000e+03	1.094108306579581878e-14	1.076277028045173489e-16	4.565886385455577377e-24	6.155267836457703739e-04	9.654844005238935440e-07	1.279134978104160410e-24	2.048922444521412930e-17	3.885992969846920082e-14	2.737312060371434295e-14	7.259800531688603439e-24	6.917538616023777981e-04	1.197073027124803049e-28	1.600454450148684066e-02	6.731182514694568353e-02	3.379928714658628208e-03	2.803691532910380758e-10	2.687209088259142481e-03	4.772039170661812049e-07	6.907994767413922106e-04	1.583829089953823861e-11
6.210000000000000000e+03	1.092109823433233912e-14	1.074311115062041118e-16	4.559352080778681315e-24	6.155267836209619850e-04	9.654843995810262303e-07	1.279134976854989379e-24	2.045179910635427324e-17	3.878892224144277255e-14	2.732308798664601743e-14	7.246531065184701094e-24	6.917538616023767139e-04	1.192703888406663939e-28	1.600454449844367077e-02	6.731182514393245497e-02	3.379928717671851560e-03	2.808212305619739116e-10	2.687209090821281784e-03	4.772039170263208932e-07	6.907994767125412655e-04	1.580936089642921085e-11
6.220000000000000000e+03	1.090170345126861199e-14	1.072403245285983515e-16	4.553010700203913363e-24	6.155267835961519699e-04	9.654843986395270865e-07	1.279134975607631181e-24	2.041547874350907498e-17	3.872001126457541771e-14	2.727453257064559411e-14	7.233653376510112411e-24	6.917538616023756297e-04	1.188471381347561755e-28	1.600454449540593752e-02	6.731182514092377833e-02	3.379928720680503047e-03	2.812733078324724790e-10	2.687209093378847054e-03	4.772039169876378514e-07	6.907994766845425034e-04	1.578128504623231799e-11
6.230000000000000000e+03	1.088288846264239758e-14	1.070552410032177485e-16	4.546858891063087763e-24	6.155267835713404368e-04	9.654843976993732429e-07	1.279134974362055694e-24	2.038024415421556360e-17	3.865316033731406142e-14	2.722742868918879401e-14	7.221160658483191570e-24	6.917538616023745455e-04	1.184372648829428792e-28	1.600454449237353680e-02	6.731182513791959809e-02	3.379928723684663770e-03	2.817253851025289700e-10	2.687209095931918524e-03	4.772039169501109037e-07	6.907994766573806369e-04	1.575404850533199800e-11
6.240000000000000000e+03	1.086464045737222198e-14	1.068757349071348894e-16	4.540892464604177346e-24	6.155267835465280364e-04	9.654843967605356884e-07	1.279134973118223795e-24	2.034607134732661599e-17	3.858832394651316847e-14	2.718174427443216827e-14	7.209044406187920774e-24	6.917538616023734613e-04	1.180404122034472799e-28	1.600454448934635412e-02	6.731182513491983099e-02	3.379928726684433039e-03	2.821774623721404379e-10	2.687209098480595939e-03	4.772039169137149567e-07	6.907994766310373430e-04	1.572763272843185893e-11
6.250000000000000000e+03	1.084692221508219018e-14	1.067014401025928525e-16	4.535099251134713998e-24	6.155267835217140097e-04	9.654843958229280258e-07	1.279134971876021242e-24	2.031289062072547179e-17	3.852536983556063942e-14	2.713738613206727674e-14	7.197279902974399517e-24	6.917538616023723771e-04	1.176557215151702462e-28	1.600454448632403562e-02	6.731182513192421335e-02	3.379928729680096652e-03	2.826295396413240983e-10	2.687209101025165095e-03	4.772039168783760010e-07	6.907994766054589538e-04	1.570198383538838551e-11
6.260000000000000000e+03	1.082974194992653534e-14	1.065324373924259793e-16	4.529481936380562004e-24	6.155267834968988988e-04	9.654843948865674075e-07	1.279134970635471544e-24	2.028071735695182782e-17	3.846432718533602053e-14	2.709437482183959764e-14	7.185872601623204676e-24	6.917538616023712929e-04	1.172833142945374484e-28	1.600454448330667495e-02	6.731182512893270353e-02	3.379928732671593893e-03	2.830816169100605125e-10	2.687209103565565711e-03	4.772039168441094949e-07	6.907994765806567449e-04	1.567711371699544244e-11
6.270000000000000000e+03	1.081307435330283164e-14	1.063684778152860534e-16	4.524032245360551376e-24	6.155267834720824869e-04	9.654843939513966587e-07	1.279134969396497743e-24	2.024950416091301028e-17	3.840510609008880651e-14	2.705264700281964018e-14	7.174805703083735347e-24	6.917538616023702087e-04	1.169225769467223826e-28	1.600454448029401885e-02	6.731182512594516276e-02	3.379928735659120786e-03	2.835336941783580557e-10	2.687209106101992075e-03	4.772039168108653575e-07	6.907994765565949376e-04	1.565298573656959053e-11
6.280000000000000000e+03	1.079689516650441934e-14	1.062093227376760652e-16	4.518742246370788896e-24	6.155267834472649907e-04	9.654843930173592399e-07	1.279134968159026004e-24	2.021920560364250618e-17	3.834762033855938029e-14	2.701214192113636914e-14	7.164063094440645336e-24	6.917538616023691245e-04	1.165729470395389563e-28	1.600454447728585916e-02	6.731182512296143838e-02	3.379928738642862512e-03	2.839857714462252582e-10	2.687209108634632405e-03	4.772039167785956257e-07	6.907994765332380787e-04	1.562956477725443252e-11
6.290000000000000000e+03	1.078121968521548342e-14	1.060551226236147329e-16	4.513616940536674181e-24	6.155267834224465188e-04	9.654843920844905149e-07	1.279134966923103162e-24	2.018985032916957427e-17	3.829192429056702615e-14	2.697289788602949713e-14	7.153654935927461534e-24	6.917538616023680403e-04	1.162346998708957752e-28	1.600454447428233812e-02	6.731182511998162754e-02	3.379928741622705013e-03	2.844378487136354433e-10	2.687209111163368740e-03	4.772039167473304749e-07	6.907994765106082857e-04	1.560687298105277803e-11
6.300000000000000000e+03	1.076599523277625345e-14	1.059053592915009606e-16	4.508639104530073800e-24	6.155267833976267458e-04	9.654843911526682991e-07	1.279134965688566669e-24	2.016133969059490445e-17	3.823783078554241584e-14	2.693478302311093498e-14	7.143546252304071762e-24	6.917538616023669561e-04	1.159066533499870244e-28	1.600454447128296306e-02	6.731182511700528615e-02	3.379928744599051179e-03	2.848899259806240766e-10	2.687209113688608739e-03	4.772039167169652967e-07	6.907994764886299897e-04	1.558483409333461890e-11
6.310000000000000000e+03	1.075122618774450159e-14	1.057600758133129093e-16	4.503810169978071189e-24	6.155267833728061055e-04	9.654843902219021216e-07	1.279134964455429381e-24	2.013368188758644482e-17	3.818535536997165875e-14	2.689780828177590680e-14	7.133739947530312205e-24	6.917538616023658719e-04	1.155888651224746339e-28	1.600454446828778951e-02	6.731182511403244195e-02	3.379928747571870652e-03	2.853420032471749245e-10	2.687209116210319444e-03	4.772039166875083495e-07	6.907994764673091540e-04	1.556345445249176652e-11
6.320000000000000000e+03	1.073688852960516120e-14	1.056190358986503428e-16	4.499122283056658563e-24	6.155267833479842726e-04	9.654843892921377723e-07	1.279134963223619300e-24	2.010683193723611686e-17	3.813441269434383087e-14	2.686191352141724664e-14	7.124220071336319891e-24	6.917538616023647877e-04	1.152807753232607852e-28	1.600454446529657460e-02	6.731182511106295618e-02	3.379928750541347313e-03	2.857940805132987404e-10	2.687209118728685602e-03	4.772039166589113526e-07	6.907994764466107588e-04	1.554269928647350278e-11
6.330000000000000000e+03	1.072297823853797655e-14	1.054822000044400183e-16	4.494574129432552074e-24	6.155267833231615722e-04	9.654843883633644516e-07	1.279134961993122650e-24	2.008078231167820852e-17	3.808498850005292457e-14	2.682708870875759425e-14	7.114983962729428071e-24	6.917538616023637035e-04	1.149822623172425545e-28	1.600454446230929750e-02	6.731182510809680108e-02	3.379928753507514122e-03	2.862461577789874593e-10	2.687209121243739306e-03	4.772039166311668942e-07	6.907994764265292745e-04	1.552256277619595012e-11
6.340000000000000000e+03	1.070948262275834618e-14	1.053494432812821857e-16	4.490161559359457119e-24	6.155267832983376793e-04	9.654843874355531485e-07	1.279134960763899942e-24	2.005550924317139949e-17	3.803703765471682943e-14	2.679330202223333521e-14	7.106023182117551837e-24	6.917538616023626193e-04	1.146930180407812232e-28	1.600454445932582986e-02	6.731182510513383788e-02	3.379928756470468657e-03	2.866982350442416500e-10	2.687209123755578567e-03	4.772039166042495636e-07	6.907994764070464868e-04	1.550302654905653473e-11
6.350000000000000000e+03	1.069639279880603904e-14	1.052206783423578903e-16	4.485881668272924196e-24	6.155267832735128106e-04	9.654843865086837461e-07	1.279134959535925646e-24	2.003099609577448352e-17	3.799052863063878042e-14	2.676053126726084929e-14	7.097331843129301674e-24	6.917538616023615351e-04	1.144128213924841647e-28	1.600454445634609535e-02	6.731182510217403880e-02	3.379928759430279872e-03	2.871503123090575382e-10	2.687209126264272340e-03	4.772039165781415730e-07	6.907994763881496018e-04	1.548407774537559944e-11
6.360000000000000000e+03	1.068369369657099597e-14	1.050957569426213384e-16	4.481729528801811006e-24	6.155267832486871829e-04	9.654843855827202454e-07	1.279134958309151640e-24	2.000721464788686565e-17	3.794540785132250659e-14	2.672873867624108092e-14	7.088899929185943745e-24	6.917538616023604509e-04	1.141413109925304918e-28	1.600454445336995518e-02	6.731182509921723733e-02	3.379928762387064863e-03	2.876023895734387948e-10	2.687209128769938588e-03	4.772039165528128526e-07	6.907994763698167189e-04	1.546569454969124869e-11
6.370000000000000000e+03	1.067137633076137712e-14	1.049745906935337773e-16	4.477702203086489246e-24	6.155267832238609047e-04	9.654843846576433764e-07	1.279134957083552393e-24	1.998414807286864057e-17	3.790164342271456394e-14	2.669790179221993336e-14	7.080721484332078895e-24	6.917538616023593667e-04	1.138782724830750991e-28	1.600454445039732609e-02	6.731182509626341959e-02	3.379928765340892149e-03	2.880544668373827830e-10	2.687209131272645397e-03	4.772039165282455090e-07	6.907994763520348275e-04	1.544786395491260812e-11
6.380000000000000000e+03	1.065942596190846405e-14	1.048570346025769255e-16	4.473794871863373975e-24	6.155267831990335423e-04	9.654843837334167168e-07	1.279134955859080152e-24	1.996176876830706480e-17	3.785918294356548195e-14	2.666798367686781361e-14	7.072786711924586398e-24	6.917538616023582825e-04	1.136233618198907334e-28	1.600454444742808319e-02	6.731182509331239128e-02	3.379928768291877526e-03	2.885065441008938456e-10	2.687209133772508127e-03	4.772039165044097901e-07	6.907994763347825688e-04	1.543056462421349733e-11
6.390000000000000000e+03	1.064783156301248765e-14	1.047429801968807201e-16	4.470003929709522324e-24	6.155267831742054210e-04	9.654843828100165496e-07	1.279134954635702222e-24	1.994005608408217616e-17	3.781798726290539633e-14	2.663895675903329422e-14	7.065088299639811300e-24	6.917538616023571982e-04	1.133763168653327126e-28	1.600454444446210156e-02	6.731182509036413852e-02	3.379928771240104692e-03	2.889586213639722410e-10	2.687209136269611345e-03	4.772039164812839907e-07	6.907994763180442220e-04	1.541378059493060718e-11
6.400000000000000000e+03	1.063658254561666530e-14	1.046323233175335705e-16	4.466325914589407272e-24	6.155267831493763239e-04	9.654843818874178873e-07	1.279134953413386830e-24	1.991899019132764495e-17	3.777801874148041218e-14	2.661079450861111910e-14	7.057619211263586335e-24	6.917538616023561140e-04	1.131368879620326869e-28	1.600454444149930142e-02	6.731182508741859194e-02	3.379928774185656480e-03	2.894106986266184862e-10	2.687209138764037452e-03	4.772039164588472526e-07	6.907994763018043913e-04	1.539749653923455190e-11
6.410000000000000000e+03	1.062566858089926358e-14	1.045249623596603155e-16	4.462757449358604177e-24	6.155267831245465763e-04	9.654843809655974365e-07	1.279134952192101831e-24	1.989855174739246019e-17	3.773924068875268602e-14	2.658347107675132746e-14	7.050372591257879637e-24	6.917538616023550298e-04	1.129048327922966560e-28	1.600454443853958561e-02	6.731182508447564050e-02	3.379928777128612689e-03	2.898627758888330466e-10	2.687209141255866244e-03	4.772039164370787176e-07	6.907994762860484401e-04	1.538169750514317676e-11
6.420000000000000000e+03	1.061507974956808501e-14	1.044207997469378542e-16	4.459295290773766387e-24	6.155267830997161781e-04	9.654843800445310568e-07	1.279134950971816737e-24	1.987872217654616198e-17	3.770161785087060924e-14	2.655696161911519511e-14	7.043341850500024378e-24	6.917538616023539456e-04	1.126799178261713543e-28	1.600454443558286047e-02	6.731182508153522870e-02	3.379928780069050079e-03	2.903148531506161805e-10	2.687209143745175350e-03	4.772039164159582687e-07	6.907994762707616232e-04	1.536636913350845206e-11
6.430000000000000000e+03	1.060480919688832928e-14	1.043197680491697144e-16	4.455937197588970255e-24	6.155267830748846957e-04	9.654843791242024428e-07	1.279134949752508957e-24	1.985948864201537623e-17	3.766512587848745614e-14	2.653124898115683369e-14	7.036522439323703705e-24	6.917538616023528614e-04	1.124619797628462223e-28	1.600454443262905313e-02	6.731182507859728714e-02	3.379928783007022861e-03	2.907669304119643209e-10	2.687209146232017246e-03	4.772039163954729887e-07	6.907994762559341827e-04	1.535150150142966681e-11
6.440000000000000000e+03	1.059484627226420638e-14	1.042217624961816530e-16	4.452679687451536235e-24	6.155267830500529965e-04	9.654843782045889363e-07	1.279134948534148552e-24	1.984083119856701215e-17	3.762972693800857582e-14	2.650630650982970349e-14	7.029907288904670961e-24	6.917538616023517772e-04	1.122507685397370345e-28	1.600454442967809421e-02	6.731182507566173256e-02	3.379928785942612566e-03	2.912190076728791737e-10	2.687209148716475197e-03	4.772039163756012781e-07	6.907994762415510482e-04	1.533707919112514958e-11
6.450000000000000000e+03	1.058517157281808144e-14	1.041265922213877020e-16	4.449516416334899612e-24	6.155267830252204300e-04	9.654843772856435271e-07	1.279134947316673440e-24	1.982271351068297358e-17	3.759535206495368621e-14	2.648208559920105544e-14	7.023483508160130137e-24	6.917538616023506930e-04	1.120458572375439315e-28	1.600454442672977901e-02	6.731182507272837068e-02	3.379928788875969248e-03	2.916710849333760935e-10	2.687209151198698392e-03	4.772039163563042793e-07	6.907994762275839222e-04	1.532307411502702426e-11
6.460000000000000000e+03	1.057579312070126190e-14	1.040343361388860395e-16	4.446450007187089773e-24	6.155267830003872129e-04	9.654843763673856969e-07	1.279134946100109337e-24	1.980515060134200868e-17	3.756202979798181015e-14	2.645860637559739577e-14	7.017256434915021841e-24	6.917538616023496088e-04	1.118474017812608111e-28	1.600454442378419079e-02	6.731182506979735414e-02	3.379928791807030892e-03	2.921231621934307819e-10	2.687209153678626113e-03	4.772039163375982979e-07	6.907994762140445139e-04	1.530949788598598133e-11
6.470000000000000000e+03	1.056669012958573966e-14	1.039447897730554355e-16	4.443473663644220964e-24	6.155267829755535621e-04	9.654843754497669531e-07	1.279134944884391774e-24	1.978810354425639804e-17	3.752968625043143447e-14	2.643581676224122433e-14	7.011212257562789652e-24	6.917538616023485246e-04	1.116549419360378006e-28	1.600454442084112833e-02	6.731182506686841927e-02	3.379928794735958825e-03	2.925752394530616953e-10	2.687209156156417523e-03	4.772039163194416172e-07	6.907994762009026825e-04	1.529632041375406865e-11
6.480000000000000000e+03	1.055786224380498492e-14	1.038579496251941508e-16	4.440587269416388545e-24	6.155267829507188272e-04	9.654843745327856015e-07	1.279134943669519097e-24	1.977157167337384800e-17	3.749832017338953559e-14	2.641371588654363074e-14	7.005350744676411029e-24	6.917538616023474404e-04	1.114684567590951253e-28	1.600454441790060897e-02	6.731182506394159382e-02	3.379928797662756518e-03	2.930273167122566328e-10	2.687209158632077391e-03	4.772039163018337081e-07	6.907994761881582112e-04	1.528354118346916059e-11
6.490000000000000000e+03	1.054929721790037902e-14	1.037736952364233595e-16	4.437786820689501801e-24	6.155267829258838754e-04	9.654843736164141137e-07	1.279134942455454205e-24	1.975553205678229649e-17	3.746788805106442922e-14	2.639227308309406339e-14	6.999663763289648130e-24	6.917538616023463562e-04	1.112876735331409029e-28	1.600454441496250782e-02	6.731182506101678065e-02	3.379928800587517213e-03	2.934793939710223153e-10	2.687209161105698959e-03	4.772039162847502182e-07	6.907994761757931023e-04	1.527114246862921376e-11
6.500000000000000000e+03	1.054098498138767678e-14	1.036919275431407077e-16	4.435069024786003301e-24	6.155267829010481646e-04	9.654843727006289844e-07	1.279134941242166609e-24	1.973996583561612857e-17	3.743835411342691026e-14	2.637146315330948508e-14	6.994144630325440346e-24	6.917538616023452720e-04	1.111123642814344355e-28	1.600454441202673467e-02	6.731182505809395200e-02	3.379928803510319837e-03	2.939314712293629820e-10	2.687209163577361590e-03	4.772039162681708188e-07	6.907994761637930442e-04	1.525910969122087429e-11
6.510000000000000000e+03	1.053292107059994270e-14	1.036126026361435218e-16	4.432432422251127599e-24	6.155267828762118034e-04	9.654843717854204728e-07	1.279134940029642533e-24	1.972486465082376949e-17	3.740970248715689796e-14	2.635127490731049731e-14	6.988790378047025004e-24	6.917538616023441878e-04	1.109424270370628572e-28	1.600454440909322359e-02	6.731182505517303849e-02	3.379928806431199088e-03	2.943835484872735149e-10	2.687209166047099546e-03	4.772039162520865102e-07	6.907994761521510981e-04	1.524743638964860269e-11
6.520000000000000000e+03	1.052510223989230803e-14	1.035356885879421244e-16	4.429875951878476411e-24	6.155267828513749000e-04	9.654843708707801086e-07	1.279134938817871508e-24	1.971022242432789279e-17	3.738192165027444187e-14	2.633170022971422237e-14	6.983598854121170363e-24	6.917538616023431036e-04	1.107777783234069821e-28	1.600454440616197460e-02	6.731182505225401236e-02	3.379928809350179249e-03	2.948356257447467277e-10	2.687209168514937546e-03	4.772039162364908337e-07	6.907994761408630356e-04	1.523611786552324324e-11
6.530000000000000000e+03	1.051751268355027038e-14	1.034610299173334867e-16	4.427394445781402648e-24	6.155267828265372377e-04	9.654843699566716810e-07	1.279134937606805413e-24	1.969600955697149894e-17	3.735495544593697102e-14	2.631269955405439979e-14	6.978559564874904735e-24	6.917538616023420194e-04	1.106180746558468431e-28	1.600454440323283850e-02	6.731182504933676258e-02	3.379928812267383488e-03	2.952877030017982334e-10	2.687209170980998756e-03	4.772039162213526609e-07	6.907994761299060885e-04	1.522513123852323825e-11
6.540000000000000000e+03	1.051014909934578105e-14	1.033885941402180182e-16	4.424986824252894678e-24	6.155267828016992501e-04	9.654843690430879904e-07	1.279134936396434144e-24	1.968221986471457735e-17	3.732879212442190625e-14	2.629426459217549673e-14	6.973670312156731854e-24	6.917538616023409352e-04	1.104632350472210059e-28	1.600454440030578407e-02	6.731182504642128916e-02	3.379928815182838258e-03	2.957397802584217766e-10	2.687209173445308762e-03	4.772039162066654272e-07	6.907994761192753777e-04	1.521447172834972977e-11
6.550000000000000000e+03	1.050300482448476378e-14	1.033183157145255223e-16	4.422650908804603373e-24	6.155267827768610457e-04	9.654843681300131548e-07	1.279134935186737500e-24	1.966884087022882321e-17	3.730340802746773402e-14	2.627637868190315361e-14	6.968926676883827633e-24	6.917538616023398510e-04	1.103131101488429423e-28	1.600454439738075579e-02	6.731182504350750884e-02	3.379928818096593866e-03	2.961918575146177191e-10	2.687209175907918305e-03	4.772039161924153684e-07	6.907994761089611456e-04	1.520412968995500217e-11
6.560000000000000000e+03	1.049607127202376580e-14	1.032501101702811670e-16	4.420383891822188049e-24	6.155267827520219739e-04	9.654843672174274807e-07	1.279134933977688846e-24	1.965585649285626436e-17	3.727877264985458298e-14	2.625902033203729758e-14	6.964322959238434691e-24	6.917538616023387668e-04	1.101675121496940422e-28	1.600454439445766347e-02	6.731182504059537997e-02	3.379928821008715799e-03	2.966439347703900935e-10	2.687209178368894173e-03	4.772039161785857556e-07	6.907994760989514659e-04	1.519409269289643006e-11
6.570000000000000000e+03	1.048934511405801965e-14	1.031839447708028237e-16	4.418184685203301233e-24	6.155267827271826853e-04	9.654843663053233449e-07	1.279134932769278266e-24	1.964326050047248080e-17	3.725487415423066764e-14	2.624218119491344909e-14	6.959856945285708807e-24	6.917538616023376826e-04	1.100263609717198459e-28	1.600454439153646546e-02	6.731182503768486092e-02	3.379928823919232245e-03	2.970960120257335230e-10	2.687209180828262819e-03	4.772039161651699184e-07	6.907994760892409176e-04	1.518435591970558465e-11
6.580000000000000000e+03	1.048282004782049427e-14	1.031197575156155327e-16	4.416051228175184274e-24	6.155267827023425294e-04	9.654843653936848654e-07	1.279134931561484820e-24	1.963104108996711467e-17	3.723169014494481180e-14	2.622584548871406283e-14	6.955524449430431258e-24	6.917538616023365984e-04	1.098895173826674238e-28	1.600454438861712361e-02	6.731182503477586843e-02	3.379928826828190042e-03	2.975480892806481627e-10	2.687209183286072382e-03	4.772039161521546219e-07	6.907994760798206102e-04	1.517491024650918811e-11
6.590000000000000000e+03	1.047648773806833009e-14	1.030574664107294282e-16	4.413980795420329123e-24	6.155267826775023734e-04	9.654843644824946781e-07	1.279134930354284999e-24	1.961918265203869803e-17	3.720919101831544481e-14	2.620999236153303531e-14	6.951319941404890767e-24	6.917538616023355142e-04	1.097567952166262406e-28	1.600454438569955812e-02	6.731182503186840249e-02	3.379928829735655109e-03	2.980001665351396996e-10	2.687209185742387915e-03	4.772039161395238783e-07	6.907994760706786174e-04	1.516574360722590694e-11
6.600000000000000000e+03	1.047034662054555021e-14	1.029970560685190948e-16	4.411972875484600425e-24	6.155267826526615669e-04	9.654843635717474890e-07	1.279134929147672741e-24	1.960768225732512727e-17	3.718737121457115433e-14	2.619461789483714995e-14	6.947242381950433704e-24	6.917538616023344300e-04	1.096281587700144244e-28	1.600454438278375163e-02	6.731182502896240760e-02	3.379928832641639590e-03	2.984522437891990346e-10	2.687209188197221561e-03	4.772039161272749349e-07	6.907994760618126626e-04	1.515685373744185110e-11
6.610000000000000000e+03	1.046438822494530822e-14	1.029384431663672733e-16	4.410024698889547747e-24	6.155267826278204351e-04	9.654843626614240282e-07	1.279134927941621047e-24	1.959652404359231140e-17	3.716620062941297884e-14	2.617970087180039558e-14	6.943286144019952615e-24	6.917538616023333458e-04	1.095034216973478220e-28	1.600454437986963477e-02	6.731182502605780049e-02	3.379928835546208970e-03	2.989043210428322681e-10	2.687209190650640105e-03	4.772039161153901097e-07	6.907994760532103857e-04	1.514822837555732570e-11
6.620000000000000000e+03	1.045860911852816375e-14	1.028815939363306876e-16	4.408135143255746301e-24	6.155267826029790865e-04	9.654843617515168841e-07	1.279134926736121652e-24	1.958570158239338820e-17	3.714566706881661764e-14	2.616523270206037894e-14	6.939448949308711893e-24	6.917538616023322616e-04	1.093825055058337522e-28	1.600454437695717283e-02	6.731182502315458116e-02	3.379928838449388837e-03	2.993563982960348508e-10	2.687209193102668269e-03	4.772039161038626266e-07	6.907994760448669079e-04	1.513986255234542088e-11
6.630000000000000000e+03	1.045299701128313807e-14	1.028263874812687282e-16	4.406300190202150890e-24	6.155267825781367622e-04	9.654843608419972575e-07	1.279134925531135250e-24	1.957519185838387027e-17	3.712572686862224147e-14	2.615118262095725371e-14	6.935722638526423818e-24	6.917538616023311774e-04	1.092651474522075468e-28	1.600454437404622357e-02	6.731182502025270797e-02	3.379928841351275033e-03	2.998084755488240500e-10	2.687209195553401462e-03	4.772039160926685568e-07	6.907994760367646651e-04	1.513173847681013920e-11
6.640000000000000000e+03	1.044755539055446247e-14	1.027728581062712289e-16	4.404520979961875152e-24	6.155267825532944378e-04	9.654843599328734071e-07	1.279134924326673413e-24	1.956500140226794727e-17	3.710639242163582794e-14	2.613755936192765772e-14	6.932109527922656747e-24	6.917538616023300932e-04	1.091514134861410623e-28	1.600454437113683903e-02	6.731182501735212542e-02	3.379928844251841105e-03	3.002605528011786174e-10	2.687209198002813663e-03	4.772039160818146766e-07	6.907994760289085361e-04	1.512386119722423837e-11
6.650000000000000000e+03	1.044227395495868662e-14	1.027209044763757685e-16	4.402794144361855577e-24	6.155267825284516797e-04	9.654843590241214041e-07	1.279134923122704364e-24	1.955511092277817880e-17	3.708762712375647442e-14	2.612433713173119957e-14	6.928602776709577436e-24	6.917538616023290090e-04	1.090410863198814069e-28	1.600454436822893942e-02	6.731182501445280575e-02	3.379928847151165549e-03	3.007126300531126152e-10	2.687209200450983368e-03	4.772039160712799161e-07	6.907994760212835591e-04	1.511621580132508355e-11
6.660000000000000000e+03	1.043715158484289057e-14	1.026705155775280204e-16	4.401119317316785197e-24	6.155267825036082711e-04	9.654843581157378605e-07	1.279134921919224064e-24	1.954551832315482852e-17	3.706942698970770247e-14	2.611151311860864262e-14	6.925201639163824444e-24	6.917538616023279248e-04	1.089341331259694315e-28	1.600454436532250044e-02	6.731182501155473508e-02	3.379928850049258339e-03	3.011647073046161689e-10	2.687209202897920118e-03	4.772039160610623694e-07	6.907994760138881076e-04	1.510880066830530094e-11
6.670000000000000000e+03	1.043217857353749695e-14	1.026215959249804571e-16	4.399493325103136191e-24	6.155267824787648626e-04	9.654843572077018121e-07	1.279134920716202942e-24	1.953620542584345003e-17	3.705175753651377087e-14	2.609906302832015262e-14	6.921899672055719607e-24	6.917538616023268406e-04	1.088303497448294148e-28	1.600454436241743536e-02	6.731182500865778850e-02	3.379928852946193201e-03	3.016167845557033406e-10	2.687209205343698941e-03	4.772039160511427665e-07	6.907994760067084124e-04	1.510160174680889269e-11
6.680000000000000000e+03	1.042735669673929443e-14	1.025741629863051485e-16	4.397916748308341101e-24	6.155267824539213456e-04	9.654843563000160119e-07	1.279134919513647058e-24	1.952717555616827157e-17	3.703462507744365654e-14	2.608699131107640038e-14	6.918698055653167004e-24	6.917538616023257564e-04	1.087297680761017352e-28	1.600454435951376847e-02	6.731182500576203542e-02	3.379928855841958426e-03	3.020688618063569662e-10	2.687209207788308126e-03	4.772039160415244957e-07	6.907994759997466419e-04	1.509462160733109363e-11
6.690000000000000000e+03	1.042267821798330107e-14	1.025281406577055579e-16	4.396387057393226214e-24	6.155267824290768528e-04	9.654843553926620368e-07	1.279134918311530331e-24	1.951841422615145338e-17	3.701800212385771563e-14	2.607527859851544800e-14	6.915591653150509271e-24	6.917538616023246722e-04	1.086322219234560230e-28	1.600454435661142691e-02	6.731182500286739256e-02	3.379928858736613861e-03	3.025209390565858863e-10	2.687209210231805787e-03	4.772039160321923102e-07	6.907994759929919539e-04	1.508784905058025148e-11
6.700000000000000000e+03	1.041813787017715657e-14	1.024834771266639772e-16	4.394902530212520524e-24	6.155267824042323600e-04	9.654843544856295107e-07	1.279134917109839722e-24	1.950991157217724554e-17	3.700186996926097882e-14	2.606391171358978651e-14	6.912576969778563215e-24	6.917538616023235880e-04	1.085375970794497770e-28	1.600454435371035170e-02	6.731182499997383217e-02	3.379928861630198539e-03	3.029730163063936163e-10	2.687209212674231823e-03	4.772039160231356221e-07	6.907994759864368676e-04	1.508127645192371808e-11
6.710000000000000000e+03	1.041373381716301145e-14	1.024401543308500593e-16	4.393462566410205443e-24	6.155267823793878672e-04	9.654843535789144103e-07	1.279134915908569535e-24	1.950166415569642979e-17	3.698622206366932392e-14	2.605288602753139817e-14	6.909652777916468606e-24	6.917538616023225038e-04	1.084458525849909637e-28	1.600454435081052895e-02	6.731182499708132649e-02	3.379928864522725469e-03	3.034250935557731253e-10	2.687209215115600111e-03	4.772039160143510434e-07	6.907994759800783471e-04	1.507490115334296621e-11
6.720000000000000000e+03	1.040945842498402125e-14	1.023980971748421424e-16	4.392064669963485447e-24	6.155267823545423986e-04	9.654843526724964066e-07	1.279134914707692588e-24	1.949365768069684996e-17	3.697103129907136529e-14	2.604218244853339263e-14	6.906814014103007660e-24	6.917538616023214196e-04	1.083568257122083755e-28	1.600454434791188235e-02	6.731182499418982002e-02	3.379928867414256667e-03	3.038771708047363039e-10	2.687209217555971801e-03	4.772039160058230098e-07	6.907994759739058757e-04	1.506871210393692323e-11
6.730000000000000000e+03	1.040531301221920901e-14	1.023573186295337935e-16	4.390709271999121752e-24	6.155267823296968217e-04	9.654843517663803702e-07	1.279134913507216227e-24	1.948589461646427404e-17	3.695630236896823559e-14	2.603180428698557228e-14	6.904061556306420999e-24	6.917538616023203354e-04	1.082705388372559507e-28	1.600454434501441883e-02	6.731182499129932661e-02	3.379928870304781292e-03	3.043292480532662984e-10	2.687209219995336917e-03	4.772039159975540624e-07	6.907994759679207545e-04	1.506271121247804098e-11
6.740000000000000000e+03	1.040129137556076059e-14	1.023177576728334473e-16	4.389394344263888235e-24	6.155267823048512447e-04	9.654843508605519014e-07	1.279134912307120799e-24	1.947836334614440358e-17	3.694201321563815963e-14	2.602173599289980281e-14	6.901391280418568085e-24	6.917538616023192512e-04	1.081868621721742855e-28	1.600454434211810717e-02	6.731182498840977690e-02	3.379928873194346615e-03	3.047813253013706568e-10	2.687209222433741863e-03	4.772039159895321310e-07	6.907994759621145266e-04	1.505688949906998261e-11
6.750000000000000000e+03	1.039738970033567134e-14	1.022793767797083599e-16	4.388118639500157827e-24	6.155267822800055593e-04	9.654843499550021065e-07	1.279134911107394367e-24	1.947105672604843290e-17	3.692815029708875171e-14	2.601196803038131493e-14	6.898800657362766847e-24	6.917538616023181670e-04	1.081057127359889540e-28	1.600454433922289879e-02	6.731182498552117088e-02	3.379928876082983862e-03	3.052334025490501545e-10	2.687209224871216998e-03	4.772039159817493806e-07	6.907994759564813373e-04	1.505124144159953823e-11
6.760000000000000000e+03	1.039360166806350150e-14	1.022421137951109984e-16	4.386880091797493082e-24	6.155267822551588981e-04	9.654843490497142566e-07	1.279134909908015624e-24	1.946396292363982839e-17	3.691469115735224054e-14	2.600248457361183319e-14	6.896285489874666139e-24	6.917538616023170828e-04	1.080269557035716595e-28	1.600454433632873819e-02	6.731182498263345304e-02	3.379928878970740302e-03	3.056854797963148728e-10	2.687209227307812195e-03	4.772039159741932114e-07	6.907994759510122963e-04	1.504575789344671279e-11
6.770000000000000000e+03	1.038992770987901005e-14	1.022059729601238909e-16	4.385678842121061207e-24	6.155267822303123453e-04	9.654843481446921632e-07	1.279134908708988428e-24	1.945708274629892022e-17	3.690163732733527787e-14	2.599328670083120044e-14	6.893846063921211241e-24	6.917538616023159986e-04	1.079505983650072649e-28	1.600454433343562535e-02	6.731182497974659562e-02	3.379928881857612467e-03	3.061375570431511116e-10	2.687209229743522249e-03	4.772039159668648941e-07	6.907994759457080540e-04	1.504043947872134964e-11
6.780000000000000000e+03	1.038636311496418064e-14	1.021709079343142502e-16	4.384513350206835320e-24	6.155267822054656841e-04	9.654843472399243915e-07	1.279134907510298267e-24	1.945040737213785413e-17	3.688897208105336595e-14	2.598436263288946376e-14	6.891479255477808637e-24	6.917538616023149144e-04	1.078765386869064263e-28	1.600454433054352907e-02	6.731182497686062638e-02	3.379928884743638520e-03	3.065896342895638856e-10	2.687209232178384890e-03	4.772039159597541584e-07	6.907994759405613463e-04	1.503527937805247112e-11
6.790000000000000000e+03	1.038290615485151156e-14	1.021369017147042256e-16	4.383383050909572253e-24	6.155267821806190229e-04	9.654843463354071297e-07	1.279134906311940368e-24	1.944393356427777018e-17	3.687668926658658725e-14	2.597570802929479756e-14	6.889183913376839669e-24	6.917538616023138302e-04	1.078047400770363400e-28	1.600454432765242505e-02	6.731182497397548981e-02	3.379928887628829738e-03	3.070417115355466291e-10	2.687209234612412262e-03	4.772039159528586749e-07	6.907994759355703300e-04	1.503027508931387263e-11
6.800000000000000000e+03	1.037955207988096960e-14	1.021039075787710367e-16	4.382286391265332728e-24	6.155267821557714944e-04	9.654843454311272490e-07	1.279134905113896729e-24	1.943765242809176810e-17	3.686477200507159871e-14	2.596731099592507285e-14	6.886956883103418031e-24	6.917538616023127460e-04	1.077351018085274104e-28	1.600454432476226818e-02	6.731182497109115814e-02	3.379928890513223851e-03	3.074937887811058562e-10	2.687209237045642529e-03	4.772039159461677499e-07	6.907994759307274158e-04	1.502541973690694205e-11
6.810000000000000000e+03	1.037629789665811521e-14	1.020718960804197089e-16	4.381222392544351774e-24	6.155267821309237490e-04	9.654843445270794553e-07	1.279134903916160372e-24	1.943155835788880346e-17	3.685320966322252363e-14	2.595916404096291796e-14	6.884796177705039781e-24	6.917538616023116618e-04	1.076675584342806275e-28	1.600454432187303072e-02	6.731182496820760364e-02	3.379928893396845144e-03	3.079458660262417218e-10	2.687209239478099108e-03	4.772039159396763012e-07	6.907994759260290257e-04	1.502070898759969904e-11
6.820000000000000000e+03	1.037313916729558654e-14	1.020408235640429672e-16	4.380189603720875494e-24	6.155267821060760036e-04	9.654843436232527371e-07	1.279134902718717338e-24	1.942564304289468293e-17	3.684198648132057167e-14	2.595125606540898285e-14	6.882698853544552742e-24	6.917538616023105776e-04	1.076020166233006605e-28	1.600454431898467103e-02	6.731182496532475690e-02	3.379928896279727011e-03	3.083979432709606884e-10	2.687209241909815829e-03	4.772039159333753289e-07	6.907994759214683292e-04	1.501613641711503513e-11
6.830000000000000000e+03	1.037007320978889167e-14	1.020106636466963189e-16	4.379187147878183370e-24	6.155267820812282582e-04	9.654843427196418007e-07	1.279134901521560279e-24	1.941990146055425943e-17	3.683109293028315981e-14	2.594358035444736600e-14	6.880663129743239971e-24	6.917538616023094934e-04	1.075384183756708706e-28	1.600454431609715095e-02	6.731182496244261793e-02	3.379928899161890269e-03	3.088500205152624975e-10	2.687209244340813506e-03	4.772039159272593276e-07	6.907994759170416402e-04	1.501169814298848238e-11
6.840000000000000000e+03	1.036710105516452462e-14	1.019814264706122093e-16	4.378215362123955379e-24	6.155267820563805128e-04	9.654843418162489752e-07	1.279134900324691951e-24	1.941433554165733814e-17	3.682053265964266799e-14	2.593613947201971459e-14	6.878689686302410656e-24	6.917538616023084092e-04	1.074767847716137262e-28	1.600454431321048435e-02	6.731182495956121448e-02	3.379928902043326244e-03	3.093020977591292613e-10	2.687209246771083467e-03	4.772039159213304146e-07	6.907994759127502596e-04	1.500739565773197623e-11
6.850000000000000000e+03	1.036421740307721297e-14	1.019530598961638057e-16	4.377272513440461758e-24	6.155267820315317917e-04	9.654843409130585905e-07	1.279134899128091967e-24	1.940893536031600702e-17	3.681028684913665190e-14	2.592892016460723331e-14	6.876775008170606732e-24	6.917538616023073249e-04	1.074170027867455101e-28	1.600454431032463307e-02	6.731182495668038002e-02	3.379928904924076570e-03	3.097541750025726637e-10	2.687209249200667345e-03	4.772039159155776844e-07	6.907994759085863811e-04	1.500322128857602334e-11
6.860000000000000000e+03	1.036141963173397890e-14	1.019255381327089966e-16	4.376357744597937300e-24	6.155267820066829621e-04	9.654843400100670469e-07	1.279134897931755917e-24	1.940369600673242232e-17	3.680034617077689942e-14	2.592191585184742914e-14	6.874917350130381658e-24	6.917538616023062407e-04	1.073590172087177766e-28	1.600454430743957629e-02	6.731182495380022557e-02	3.379928907804163364e-03	3.102062522455932217e-10	2.687209251629587691e-03	4.772039159099962667e-07	6.907994759045466438e-04	1.499917124021820607e-11
6.870000000000000000e+03	1.035870396233265475e-14	1.018988240080777719e-16	4.375469820067219695e-24	6.155267819818341325e-04	9.654843391072673562e-07	1.279134896735673150e-24	1.939861040439269877e-17	3.679069720512364621e-14	2.591511708320400932e-14	6.873114205744069512e-24	6.917538616023051565e-04	1.073027480410955359e-28	1.600454430455527585e-02	6.731182495092072338e-02	3.379928910683613081e-03	3.106583294881973460e-10	2.687209254057870526e-03	4.772039159045791734e-07	6.907994759006257351e-04	1.499524004247183920e-11
6.880000000000000000e+03	1.035606916545144264e-14	1.018729054284173649e-16	4.374608337872638746e-24	6.155267819569853029e-04	9.654843382046548598e-07	1.279134895539838890e-24	1.939367625097457286e-17	3.678133560032624273e-14	2.590852079957404493e-14	6.871364763685325359e-24	6.917538616023040723e-04	1.072481685704329054e-28	1.600454430167172135e-02	6.731182494804185956e-02	3.379928913562436996e-03	3.111104067303784708e-10	2.687209256485527560e-03	4.772039158993231222e-07	6.907994758968214865e-04	1.499142591562834390e-11
6.890000000000000000e+03	1.035351381695246446e-14	1.018477683844481435e-16	4.373772832373540826e-24	6.155267819321365817e-04	9.654843373022276519e-07	1.279134894344250198e-24	1.938889087951327406e-17	3.677225626410730051e-14	2.590212339672834603e-14	6.869668068058573582e-24	6.917538616023029881e-04	1.071952486523878681e-28	1.600454429878889542e-02	6.731182494516359249e-02	3.379928916440643784e-03	3.115624839721313228e-10	2.687209258912566165e-03	4.772039158942253602e-07	6.907994758931315128e-04	1.498772679810849094e-11
6.900000000000000000e+03	1.035103350763977063e-14	1.018233695028011052e-16	4.372961861925211317e-24	6.155267819072876437e-04	9.654843363999749327e-07	1.279134893148892564e-24	1.938424603296476653e-17	3.676344355650316679e-14	2.589591386814069041e-14	6.868021199749469560e-24	6.917538616023019039e-04	1.071438950081739313e-28	1.600454429590675298e-02	6.731182494228590829e-02	3.379928919318269873e-03	3.120145612134677411e-10	2.687209261339024505e-03	4.772039158892774173e-07	6.907994758895502846e-04	1.498413630716879904e-11
6.910000000000000000e+03	1.034862811645850110e-14	1.017997075926563242e-16	4.372175386947158223e-24	6.155267818824377299e-04	9.654843354978939495e-07	1.279134891953762131e-24	1.937974148463106591e-17	3.675489703581980385e-14	2.588989189622764622e-14	6.866424074531512642e-24	6.917538616023008197e-04	1.070941040987376107e-28	1.600454429302531484e-02	6.731182493940879308e-02	3.379928922195316564e-03	3.124666384543752662e-10	2.687209263764901712e-03	4.772039158844789756e-07	6.907994758860771514e-04	1.498065426757048995e-11
6.920000000000000000e+03	1.034629424083425627e-14	1.017767491828057306e-16	4.371412294922845864e-24	6.155267818575878161e-04	9.654843345959798318e-07	1.279134890758853389e-24	1.937537086255513404e-17	3.674660461066598038e-14	2.588404896124654143e-14	6.864874432830076737e-24	6.917538616022997355e-04	1.070458050231095698e-28	1.600454429014453589e-02	6.731182493653224685e-02	3.379928925071807276e-03	3.129187156948605157e-10	2.687209266190223374e-03	4.772039158798225179e-07	6.907994758827069089e-04	1.497727575375349252e-11
6.930000000000000000e+03	1.034402894382992164e-14	1.017544653825265529e-16	4.370671625581981051e-24	6.155267818327379023e-04	9.654843336942249562e-07	1.279134889564154950e-24	1.937112866677285831e-17	3.673855584847604962e-14	2.587837771284079489e-14	6.863370325210354211e-24	6.917538616022986513e-04	1.069989348105427777e-28	1.600454428726439185e-02	6.731182493365624186e-02	3.379928927947768464e-03	3.133707929349293831e-10	2.687209268615015946e-03	4.772039158753034912e-07	6.907994758794360878e-04	1.497399651421333239e-11
6.940000000000000000e+03	1.034183098114054622e-14	1.017328439515601826e-16	4.369952972082659213e-24	6.155267818078879885e-04	9.654843327926265700e-07	1.279134888369664794e-24	1.936701256709048406e-17	3.673074634059066098e-14	2.587287505078021752e-14	6.861910929438861349e-24	6.917538616022975671e-04	1.069534682795906951e-28	1.600454428438486537e-02	6.731182493078077811e-02	3.379928930823207500e-03	3.138228701745768020e-10	2.687209271039284197e-03	4.772039158709187193e-07	6.907994758762623028e-04	1.497081474769659403e-11
6.950000000000000000e+03	1.033969944842117109e-14	1.017118759938427632e-16	4.369256038737368945e-24	6.155267817830380747e-04	9.654843318911829791e-07	1.279134887175379064e-24	1.936302086995282377e-17	3.672317286303681175e-14	2.586753869877685470e-14	6.860495641808397985e-24	6.917538616022964829e-04	1.069093849799143562e-28	1.600454428150595645e-02	6.731182492790580008e-02	3.379928933698131757e-03	3.142749474137954311e-10	2.687209273463039404e-03	4.772039158666659786e-07	6.907994758731841444e-04	1.496772914507527399e-11
6.960000000000000000e+03	1.033763134823701782e-14	1.016915320235346219e-16	4.368579845495312971e-24	6.155267817581881610e-04	9.654843309898857131e-07	1.279134885981287842e-24	1.935914796210251983e-17	3.671582475622054949e-14	2.586236114027087022e-14	6.859122468806177552e-24	6.917538616022953987e-04	1.068666221078776929e-28	1.600454427862762694e-02	6.731182492503132164e-02	3.379928936572565955e-03	3.147270246525919396e-10	2.687209275886302817e-03	4.772039158625400812e-07	6.907994758701978179e-04	1.496473536726861753e-11
6.970000000000000000e+03	1.033562477286314742e-14	1.016717932742985759e-16	4.367923768600681753e-24	6.155267817333380303e-04	9.654843300887320192e-07	1.279134884787386168e-24	1.935539027096785970e-17	3.670869525911196386e-14	2.585733762097107461e-14	6.857790149513894519e-24	6.917538616022943145e-04	1.068251397121422152e-28	1.600454427574986987e-02	6.731182492215731505e-02	3.379928939446522236e-03	3.151791018909664826e-10	2.687209278309087880e-03	4.772039158585367917e-07	6.907994758673003961e-04	1.496183065265771298e-11
6.980000000000000000e+03	1.033367710501660872e-14	1.016526339998577306e-16	4.367286952298324400e-24	6.155267817084870323e-04	9.654843291877140623e-07	1.279134883593664675e-24	1.935174289519683107e-17	3.670177505091859212e-14	2.585246156146393980e-14	6.856496938967058447e-24	6.917538616022932303e-04	1.067848828777964664e-28	1.600454427287265405e-02	6.731182491928379419e-02	3.379928942320021851e-03	3.156311791289254191e-10	2.687209280731416711e-03	4.772039158546514516e-07	6.907994758644880840e-04	1.495901121246884339e-11
6.990000000000000000e+03	1.033178830185936420e-14	1.016340537788130672e-16	4.366669382581772422e-24	6.155267816836360343e-04	9.654843282868322660e-07	1.279134882400123364e-24	1.934820575456726881e-17	3.669506400720980016e-14	2.584773288917770827e-14	6.855242817914156071e-24	6.917538616022921461e-04	1.067458498350698111e-28	1.600454426999597946e-02	6.731182491641071741e-02	3.379928945193066969e-03	3.160832563664561345e-10	2.687209283153291044e-03	4.772039158508830020e-07	6.907994758617604482e-04	1.495627698468976135e-11
7.000000000000000000e+03	1.032995569404217250e-14	1.016160263527101589e-16	4.366070186672110070e-24	6.155267816587850363e-04	9.654843273860815480e-07	1.279134881206755805e-24	1.934477385022326558e-17	3.668855261949072212e-14	2.584314489130726914e-14	6.854026006013446555e-24	6.917538616022910619e-04	1.067079849510686192e-28	1.600454426711979405e-02	6.731182491353805697e-02	3.379928948065674937e-03	3.165353336035650912e-10	2.687209285574728226e-03	4.772039158472264666e-07	6.907994758591138023e-04	1.495362410517569070e-11
7.010000000000000000e+03	1.032817763494982624e-14	1.015985355237549109e-16	4.365488826186803280e-24	6.155267816339340383e-04	9.654843264854574615e-07	1.279134880013556305e-24	1.934144409856992451e-17	3.668223504847903314e-14	2.583869345990702364e-14	6.852845413768939100e-24	6.917538616022899777e-04	1.066712534665661653e-28	1.600454426424411172e-02	6.731182491066582674e-02	3.379928950937860499e-03	3.169874108402522374e-10	2.687209287995741703e-03	4.772039158436793044e-07	6.907994758565464116e-04	1.495105019028965844e-11
7.020000000000000000e+03	1.032645249331881035e-14	1.015815652451677932e-16	4.364924767762744254e-24	6.155267816090830403e-04	9.654843255849559830e-07	1.279134878820518803e-24	1.933821344476118880e-17	3.667610550749620313e-14	2.583437452165115858e-14	6.851699960866843643e-24	6.917538616022888935e-04	1.066356212403020243e-28	1.600454426136891511e-02	6.731182490779401284e-02	3.379928953809637968e-03	3.174394880765177284e-10	2.687209290416347519e-03	4.772039158402377037e-07	6.907994758540553486e-04	1.494855287861776468e-11
7.030000000000000000e+03	1.032477871922393121e-14	1.015651002702965814e-16	4.364377504631470932e-24	6.155267815842320423e-04	9.654843246845737243e-07	1.279134877627639442e-24	1.933507898627212611e-17	3.667015846972648747e-14	2.583018417242425044e-14	6.850588611874996337e-24	6.917538616022878093e-04	1.066010557487037305e-28	1.600454425849419035e-02	6.731182490492260140e-02	3.379928956681018185e-03	3.178915653123616157e-10	2.687209292836554349e-03	4.772039158368982763e-07	6.907994758516383367e-04	1.494612992649133092e-11
7.040000000000000000e+03	1.032315480032693438e-14	1.015491257222325577e-16	4.363846542314057557e-24	6.155267815593810444e-04	9.654843237843079327e-07	1.279134876434914548e-24	1.933203789096644829e-17	3.666438856106292739e-14	2.582611862524417091e-14	6.849510362424033020e-24	6.917538616022867251e-04	1.065675251777196376e-28	1.600454425561993049e-02	6.731182490205156466e-02	3.379928959552010257e-03	3.183436425477839511e-10	2.687209295256374336e-03	4.772039158336580576e-07	6.907994758492930990e-04	1.494377914465242706e-11
7.050000000000000000e+03	1.032157915882561817e-14	1.015336260800966376e-16	4.363331364927282383e-24	6.155267815345300464e-04	9.654843228841539494e-07	1.279134875242338060e-24	1.932908720411452833e-17	3.665879020352927711e-14	2.582217396458006070e-14	6.848464174046995507e-24	6.917538616022856409e-04	1.065349964387377987e-28	1.600454425274611819e-02	6.731182489918091649e-02	3.379928962422628497e-03	3.187957197827847863e-10	2.687209297675820056e-03	4.772039158305141889e-07	6.907994758470174671e-04	1.494149824907767695e-11
7.060000000000000000e+03	1.032005043145108839e-14	1.015185879333790461e-16	4.362831526732412685e-24	6.155267815096787231e-04	9.654843219841083864e-07	1.279134874049905019e-24	1.932622437274022772e-17	3.665335853080297830e-14	2.581834674937564828e-14	6.847449134123085049e-24	6.917538616022845567e-04	1.065034410916176555e-28	1.600454424987273611e-02	6.731182489631062915e-02	3.379928965292885047e-03	3.192477970173640695e-10	2.687209300094903219e-03	4.772039158274642350e-07	6.907994758448101399e-04	1.493928526630163762e-11
7.070000000000000000e+03	1.031856718175591728e-14	1.015039971517110746e-16	4.362346558064035160e-24	6.155267814848266409e-04	9.654843210841680672e-07	1.279134872857611017e-24	1.932344670682704922e-17	3.664808844009221840e-14	2.581463338527243522e-14	6.846464289369548751e-24	6.917538616022834725e-04	1.064728289443584922e-28	1.600454424699977382e-02	6.731182489344068876e-02	3.379928968162786845e-03	3.196998742515219560e-10	2.687209302513633800e-03	4.772039158245050196e-07	6.907994758426681901e-04	1.493713811692584201e-11
7.080000000000000000e+03	1.031712811388503743e-14	1.014898409877344800e-16	4.361876035225254918e-24	6.155267814599745587e-04	9.654843201843300272e-07	1.279134871665453116e-24	1.932075177964398432e-17	3.664297532955335458e-14	2.581103063010383455e-14	6.845508779910646803e-24	6.917538616022823883e-04	1.064431326899534091e-28	1.600454424412721746e-02	6.731182489057109530e-02	3.379928971032346036e-03	3.201519514852588592e-10	2.687209304932020471e-03	4.772039158216341073e-07	6.907994758405900998e-04	1.493505492507299856e-11
7.090000000000000000e+03	1.031573186600762757e-14	1.014761060450859697e-16	4.361419512947542116e-24	6.155267814351225849e-04	9.654843192845919371e-07	1.279134870473427090e-24	1.931813704090807486e-17	3.663801436048212016e-14	2.580753507510169262e-14	6.844581701685358402e-24	6.917538616022813041e-04	1.064143240404872769e-28	1.600454424125506009e-02	6.731182488770183492e-02	3.379928973901574329e-03	3.206040287185745207e-10	2.687209307350075377e-03	4.772039158188481100e-07	6.907994758385734837e-04	1.493303371935947435e-11
7.100000000000000000e+03	1.031437714418322042e-14	1.014627795952412439e-16	4.360976568160008445e-24	6.155267814102705027e-04	9.654843183849495617e-07	1.279134869281528165e-24	1.931560006747378376e-17	3.663320094015465340e-14	2.580414348658530022e-14	6.843682197068082373e-24	6.917538616022802199e-04	1.063863759928255751e-28	1.600454423838328089e-02	6.731182488483289372e-02	3.379928976770482565e-03	3.210561059514690955e-10	2.687209309767810226e-03	4.772039158161445926e-07	6.907994758366168241e-04	1.493107262667955309e-11
7.110000000000000000e+03	1.031306275684918373e-14	1.014498499167693484e-16	4.360546811265547536e-24	6.155267813854184205e-04	9.654843174854009953e-07	1.279134868089753584e-24	1.931313862791712975e-17	3.662853082478630968e-14	2.580085286935411287e-14	6.842809471684254304e-24	6.917538616022791357e-04	1.063592635773243954e-28	1.600454423551187291e-02	6.731182488196425784e-02	3.379928979639077683e-03	3.215081831839423253e-10	2.687209312185231957e-03	4.772039158135220727e-07	6.907994758347186029e-04	1.492916992212948481e-11
7.120000000000000000e+03	1.031178746252798280e-14	1.014373047972253082e-16	4.360129836346723086e-24	6.155267813605663383e-04	9.654843165859441201e-07	1.279134866898100227e-24	1.931075039733928810e-17	3.662399961663571215e-14	2.579766013142362372e-14	6.841962705487134702e-24	6.917538616022780515e-04	1.063329607863241356e-28	1.600454423264083964e-02	6.731182487909594114e-02	3.379928982507368358e-03	3.219602604159944684e-10	2.687209314602350112e-03	4.772039158109771622e-07	6.907994758328766518e-04	1.492732380854880503e-11
7.130000000000000000e+03	1.031055021383274484e-14	1.014251339334385145e-16	4.359725300946592484e-24	6.155267813357142561e-04	9.654843156865753364e-07	1.279134865706564235e-24	1.930843341431236256e-17	3.661960358653478316e-14	2.579456264021960815e-14	6.841141200276363820e-24	6.917538616022769673e-04	1.063074458059565741e-28	1.600454422977015331e-02	6.731182487622791588e-02	3.379928985375364129e-03	3.224123376476254214e-10	2.687209317019172063e-03	4.772039158085091200e-07	6.907994758310903203e-04	1.492553276974230846e-11
7.140000000000000000e+03	1.030934970648934911e-14	1.014133244952323841e-16	4.359332778615543272e-24	6.155267813108621739e-04	9.654843147872923148e-07	1.279134864515141018e-24	1.930618523633908428e-17	3.661533810070615933e-14	2.579155713261234945e-14	6.840344090616429485e-24	6.917538616022758831e-04	1.062826915245548533e-28	1.600454422689980352e-02	6.731182487336018205e-02	3.379928988243076707e-03	3.228644148788352362e-10	2.687209319435710387e-03	4.772039158061138167e-07	6.907994758293565726e-04	1.492379491764531844e-11
7.150000000000000000e+03	1.030818490947645442e-14	1.014018663404245275e-16	4.358951932247560266e-24	6.155267812860100917e-04	9.654843138880912436e-07	1.279134863323827268e-24	1.930400393263913597e-17	3.661119949712921830e-14	2.578864102782741703e-14	6.839570692043784238e-24	6.917538616022747989e-04	1.062586763281210908e-28	1.600454422402977639e-02	6.731182487049272578e-02	3.379928991110513464e-03	3.233164921096240677e-10	2.687209321851972890e-03	4.772039158037893465e-07	6.907994758276742161e-04	1.492210875975335385e-11
7.160000000000000000e+03	1.030705483384206424e-14	1.013907497406698733e-16	4.358582438491758448e-24	6.155267812611580095e-04	9.654843129889712758e-07	1.279134862132620231e-24	1.930188765121486072e-17	3.660718424769828867e-14	2.578581183277534961e-14	6.838820343352552101e-24	6.917538616022737147e-04	1.062353795127255123e-28	1.600454422116007192e-02	6.731182486762553319e-02	3.379928993977680905e-03	3.237685693399917608e-10	2.687209324267965643e-03	4.772039158015342272e-07	6.907994758260418413e-04	1.492047286446141949e-11
7.170000000000000000e+03	1.030595842523021507e-14	1.013799643242428544e-16	4.358223952612561121e-24	6.155267812363059273e-04	9.654843120899294468e-07	1.279134860941517336e-24	1.929983441758761693e-17	3.660328863362517506e-14	2.578306694143097322e-14	6.838092353378166928e-24	6.917538616022726305e-04	1.062127791512772900e-28	1.600454421829068316e-02	6.731182486475859039e-02	3.379928996844586836e-03	3.242206465699385225e-10	2.687209326683696452e-03	4.772039157993463411e-07	6.907994758244582556e-04	1.491888570548587636e-11
7.180000000000000000e+03	1.030489460409203457e-14	1.013694994715946002e-16	4.357876121637239823e-24	6.155267812114536283e-04	9.654843111909636390e-07	1.279134859750514541e-24	1.929784221010011689e-17	3.659950880196131963e-14	2.578040363031490374e-14	6.837385999812033290e-24	6.917538616022715463e-04	1.061908529905061595e-28	1.600454421542158931e-02	6.731182486189191128e-02	3.379928999711239931e-03	3.246727237994643526e-10	2.687209329099173993e-03	4.772039157972231471e-07	6.907994758229215075e-04	1.491734572007387490e-11
7.190000000000000000e+03	1.030386243687489569e-14	1.013593459993449853e-16	4.357538640328458308e-24	6.155267811866004619e-04	9.654843102920702525e-07	1.279134858559607990e-24	1.929590928050045451e-17	3.659584143666142154e-14	2.577781956307969063e-14	6.836700663016578109e-24	6.917538616022704621e-04	1.061695812265115977e-28	1.600454421255279383e-02	6.731182485902548196e-02	3.379929002577646696e-03	3.251248010285692512e-10	2.687209331514405636e-03	4.772039157951634806e-07	6.907994758214307295e-04	1.491585155681643655e-11
7.200000000000000000e+03	1.030286090448890114e-14	1.013494938826815627e-16	4.357211175481347556e-24	6.155267811617472955e-04	9.654843093932469580e-07	1.279134857368794560e-24	1.929403372035222446e-17	3.659228292976082618e-14	2.577531220411841238e-14	6.836035670505518683e-24	6.917538616022693779e-04	1.061489429051647924e-28	1.600454420968427591e-02	6.731182485615930244e-02	3.379929005443819707e-03	3.255768782572532699e-10	2.687209333929403091e-03	4.772039157931657534e-07	6.907994758199848375e-04	1.491440174048100882e-11
7.210000000000000000e+03	1.030188921310380636e-14	1.013399353126767150e-16	4.356893467542648021e-24	6.155267811368941291e-04	9.654843084944935437e-07	1.279134856178073149e-24	1.929221404305968188e-17	3.658883043352958073e-14	2.577287953270076086e-14	6.835390486352338600e-24	6.917538616022682937e-04	1.061289214371088093e-28	1.600454420681603207e-02	6.731182485329333109e-02	3.379929008309759831e-03	3.260289554855164605e-10	2.687209336344168094e-03	4.772039157912270009e-07	6.907994758185814462e-04	1.491299512192048694e-11
7.220000000000000000e+03	1.030094649573278879e-14	1.013306617607596446e-16	4.356585233039593035e-24	6.155267811120409627e-04	9.654843075958076803e-07	1.279134854987441553e-24	1.929044862502790728e-17	3.658548088693770791e-14	2.577051940209086777e-14	6.834764541204704816e-24	6.917538616022672095e-04	1.061094988452566528e-28	1.600454420394805538e-02	6.731182485042759567e-02	3.379929011175475308e-03	3.264810327133588230e-10	2.687209338758708450e-03	4.772039157893456348e-07	6.907994758172197967e-04	1.491163044608642697e-11
7.230000000000000000e+03	1.030003183872887363e-14	1.013216642393626483e-16	4.356286173243266168e-24	6.155267810871877963e-04	9.654843066971866149e-07	1.279134853796896099e-24	1.928873575528204963e-17	3.658223104450608338e-14	2.576822952644848068e-14	6.834157228820290213e-24	6.917538616022661253e-04	1.060906559645173720e-28	1.600454420108033890e-02	6.731182484756208229e-02	3.379929014040972644e-03	3.269331099407804090e-10	2.687209341173029797e-03	4.772039157875202788e-07	6.907994758158985879e-04	1.491030639038524600e-11
7.240000000000000000e+03	1.029914438062691758e-14	1.013129342742319337e-16	4.355996006486286689e-24	6.155267810623346299e-04	9.654843057986295005e-07	1.279134852606434950e-24	1.928707382056746110e-17	3.657907783831527312e-14	2.576600773999794224e-14	6.833567974801175590e-24	6.917538616022650411e-04	1.060723750683613834e-28	1.600454419821287222e-02	6.731182484469677707e-02	3.379929016906259211e-03	3.273851871677812186e-10	2.687209343587140808e-03	4.772039157857492388e-07	6.907994758146166273e-04	1.490902170776167236e-11
7.250000000000000000e+03	1.029828338938331189e-14	1.013044646642364541e-16	4.355714493417349864e-24	6.155267810374814635e-04	9.654843049001335842e-07	1.279134851416055168e-24	1.928546144999561779e-17	3.657601868436858954e-14	2.576385223093672927e-14	6.832996298625178796e-24	6.917538616022639569e-04	1.060546408798468194e-28	1.600454419534565187e-02	6.731182484183166614e-02	3.379929019771340214e-03	3.278372643943613034e-10	2.687209346001045822e-03	4.772039157840307149e-07	6.907994758133728305e-04	1.490777533851080729e-11
7.260000000000000000e+03	1.029744800984164690e-14	1.012962469971815746e-16	4.355441354431798653e-24	6.155267810126282971e-04	9.654843040016971720e-07	1.279134850225753996e-24	1.928389704212604692e-17	3.657305051283634984e-14	2.576176081962047330e-14	6.832441622219844065e-24	6.917538616022628727e-04	1.060374356128029952e-28	1.600454419247866744e-02	6.731182483896676338e-02	3.379929022636224325e-03	3.282893416205207153e-10	2.687209348414754378e-03	4.772039157823633305e-07	6.907994758121658967e-04	1.490656604470988928e-11
7.270000000000000000e+03	1.029663748874341919e-14	1.012882738632449078e-16	4.355176343241841954e-24	6.155267809877751307e-04	9.654843031033177227e-07	1.279134849035528313e-24	1.928237918634141755e-17	3.657017067372935400e-14	2.575973165270973552e-14	6.831903454045282001e-24	6.917538616022617885e-04	1.060207436293770321e-28	1.600454418961191200e-02	6.731182483610204104e-02	3.379929025500917616e-03	3.287414188462594023e-10	2.687209350828271247e-03	4.772039157807456034e-07	6.907994758109951752e-04	1.490539273594336900e-11
7.280000000000000000e+03	1.029585108172773166e-14	1.012805379401299713e-16	4.354919216468874818e-24	6.155267809629219643e-04	9.654843022049948130e-07	1.279134847845377568e-24	1.928090648868668489e-17	3.656737651318732271e-14	2.575776285608851934e-14	6.831381297056661775e-24	6.917538616022607043e-04	1.060045495819878760e-28	1.600454418674537860e-02	6.731182483323752686e-02	3.379929028365423124e-03	3.291934960715774681e-10	2.687209353241600332e-03	4.772039157791766867e-07	6.907994758098594734e-04	1.490425433467586212e-11
7.290000000000000000e+03	1.029508807307227576e-14	1.012730321872588188e-16	4.354669740098056949e-24	6.155267809380687979e-04	9.654843013067261133e-07	1.279134846655299190e-24	1.927947760883795345e-17	3.656466549214232714e-14	2.575585264187977126e-14	6.830874677079320857e-24	6.917538616022596201e-04	1.059888385023046246e-28	1.600454418387906377e-02	6.731182483037317921e-02	3.379929031229746920e-03	3.296455732964749124e-10	2.687209355654748139e-03	4.772039157776538273e-07	6.907994758087572735e-04	1.490314980482914893e-11
7.300000000000000000e+03	1.029434768295437496e-14	1.012657489334965832e-16	4.354427659156089159e-24	6.155267809132156315e-04	9.654843004085105649e-07	1.279134845465290606e-24	1.927809108643135293e-17	3.656203482992043760e-14	2.575399904633890459e-14	6.830383073297574308e-24	6.917538616022585359e-04	1.059735942873075446e-28	1.600454418101295365e-02	6.731182482750902585e-02	3.379929034093895075e-03	3.300976505209517872e-10	2.687209358067720738e-03	4.772039157761758607e-07	6.907994758076874912e-04	1.490207801753344604e-11
7.310000000000000000e+03	1.029362944016100423e-14	1.012586835435091578e-16	4.354192819573663582e-24	6.155267808883624651e-04	9.654842995103460503e-07	1.279134844275349797e-24	1.927674603903239456e-17	3.655948286137071138e-14	2.575220090028070085e-14	6.829906175623110899e-24	6.917538616022574516e-04	1.059588071646169886e-28	1.600454417814705169e-02	6.731182482464501127e-02	3.379929036957871058e-03	3.305497277450080406e-10	2.687209360480520733e-03	4.772039157747422574e-07	6.907994758066499097e-04	1.490103829066168010e-11
7.320000000000000000e+03	1.029293255898065142e-14	1.012518282882330432e-16	4.353964964452048466e-24	6.155267808635092987e-04	9.654842986122315106e-07	1.279134843085475477e-24	1.927544099524928080e-17	3.655700679025451352e-14	2.575045623164418712e-14	6.829443461033803123e-24	6.917538616022563674e-04	1.059444606899884376e-28	1.600454417528134402e-02	6.731182482178119098e-02	3.379929039821681375e-03	3.310018049686437761e-10	2.687209362893154194e-03	4.772039157733518528e-07	6.907994758056434448e-04	1.490002948681939634e-11
7.330000000000000000e+03	1.029225638749485109e-14	1.012451767547303271e-16	4.353743880637911311e-24	6.155267808386561323e-04	9.654842977141656753e-07	1.279134841895665258e-24	1.927417473424277292e-17	3.655460430546530451e-14	2.574876341474715441e-14	6.828994498371406350e-24	6.917538616022552832e-04	1.059305416590282098e-28	1.600454417241582716e-02	6.731182481891752334e-02	3.379929042685330363e-03	3.314538821918590453e-10	2.687209365305626325e-03	4.772039157720023176e-07	6.907994758046666871e-04	1.489905066229069664e-11
7.340000000000000000e+03	1.029160038085774440e-14	1.012387235833388380e-16	4.353529389986717922e-24	6.155267808138029659e-04	9.654842968161464268e-07	1.279134840705917120e-24	1.927294623568702124e-17	3.655227345891781261e-14	2.574712106997356998e-14	6.828558921741164921e-24	6.917538616022541990e-04	1.059170385119801757e-28	1.600454416955049766e-02	6.731182481605402224e-02	3.379929045548823226e-03	3.319059594146538482e-10	2.687209367717942332e-03	4.772039157706933341e-07	6.907994758037192028e-04	1.489810102835776187e-11
7.350000000000000000e+03	1.029096386362468292e-14	1.012324621296930451e-16	4.353321271652943947e-24	6.155267807889497995e-04	9.654842959181718593e-07	1.279134839516227573e-24	1.927175423468570051e-17	3.655001187371374783e-14	2.574552753493300572e-14	6.828136290246464480e-24	6.917538616022531148e-04	1.059039373594147112e-28	1.600454416668535204e-02	6.731182481319065991e-02	3.379929048412168638e-03	3.323580366370281333e-10	2.687209370130110887e-03	4.772039157694225729e-07	6.907994758027994741e-04	1.489717960724826575e-11
7.360000000000000000e+03	1.029034618509893061e-14	1.012263859928729376e-16	4.353119312882711174e-24	6.155267807640966331e-04	9.654842950202409140e-07	1.279134838326596800e-24	1.927059751268731485e-17	3.654781721553193408e-14	2.574398115328321115e-14	6.827726164601696866e-24	6.917538616022520306e-04	1.058912246676679493e-28	1.600454416382035214e-02	6.731182481032745024e-02	3.379929051275366164e-03	3.328101138589819003e-10	2.687209372542131557e-03	4.772039157681893988e-07	6.907994758019068504e-04	1.489628545701485140e-11
7.370000000000000000e+03	1.028974704681295555e-14	1.012204922368461276e-16	4.352923416088127963e-24	6.155267807392434667e-04	9.654842941223531674e-07	1.279134837137022599e-24	1.926947551075559403e-17	3.654568842304306203e-14	2.574248117632758816e-14	6.827328346240485830e-24	6.917538616022509464e-04	1.058788943420927475e-28	1.600454416095551877e-02	6.731182480746439323e-02	3.379929054138421443e-03	3.332621910805152529e-10	2.687209374954009980e-03	4.772039157669934942e-07	6.907994758010413319e-04	1.489541814559649240e-11
7.380000000000000000e+03	1.028916569277551075e-14	1.012147734249082395e-16	4.352733334087897465e-24	6.155267807143893245e-04	9.654842932245054431e-07	1.279134835947501661e-24	1.926838681315566306e-17	3.654362283820535945e-14	2.574102574611090240e-14	6.826942342398486817e-24	6.917538616022498622e-04	1.058669306973124565e-28	1.600454415809084152e-02	6.731182480460146111e-02	3.379929057001337944e-03	3.337142683016281909e-10	2.687209377365748757e-03	4.772039157658332708e-07	6.907994758002015089e-04	1.489457657862174506e-11
7.390000000000000000e+03	1.028860166561212104e-14	1.012092250578552938e-16	4.352548917337407040e-24	6.155267806895350739e-04	9.654842923266979529e-07	1.279134834758033621e-24	1.926733056336810304e-17	3.654161880081164969e-14	2.573961367452608106e-14	6.826567837975653739e-24	6.917538616022487780e-04	1.058553243630311001e-28	1.600454415522632387e-02	6.731182480173866778e-02	3.379929059864120872e-03	3.341663455223207143e-10	2.687209379777353527e-03	4.772039157647073522e-07	6.907994757993866225e-04	1.489376009399620578e-11
7.400000000000000000e+03	1.028805439637440120e-14	1.012038415389280806e-16	4.352369979811490080e-24	6.155267806646808233e-04	9.654842914289290026e-07	1.279134833568617009e-24	1.926630569593077596e-17	3.653967431687286386e-14	2.573824357123075718e-14	6.826204464226280975e-24	6.917538616022476938e-04	1.058440633112816480e-28	1.600454415236196928e-02	6.731182479887598546e-02	3.379929062726773261e-03	3.346184227425928749e-10	2.687209382188827326e-03	4.772039157636151032e-07	6.907994757985959139e-04	1.489296786811128963e-11
7.410000000000000000e+03	1.028752345917463746e-14	1.011986186786586613e-16	4.352196382260544324e-24	6.155267806398265727e-04	9.654842905311983806e-07	1.279134832379251091e-24	1.926531141328918432e-17	3.653778785526167111e-14	2.573691434716930946e-14	6.825851932317876588e-24	6.917538616022466096e-04	1.058331389235756913e-28	1.600454414949775694e-02	6.731182479601344193e-02	3.379929065589298148e-03	3.350704999624446727e-10	2.687209384600175357e-03	4.772039157625547239e-07	6.907994757978285156e-04	1.489219928445279091e-11
7.420000000000000000e+03	1.028700829184039534e-14	1.011935509469429857e-16	4.352027940874885286e-24	6.155267806149723221e-04	9.654842896335043928e-07	1.279134831189933845e-24	1.926434666267031667e-17	3.653595742195886178e-14	2.573562460020857309e-14	6.825509870381192270e-24	6.917538616022455254e-04	1.058225396232645262e-28	1.600454414663369379e-02	6.731182479315102329e-02	3.379929068451700304e-03	3.355225771818760559e-10	2.687209387011399789e-03	4.772039157615260024e-07	6.907994757970839939e-04	1.489145352922096164e-11
7.430000000000000000e+03	1.028650846152904146e-14	1.011886340858974521e-16	4.351864514130912476e-24	6.155267805901180715e-04	9.654842887358464038e-07	1.279134830000664169e-24	1.926341063349544021e-17	3.653418149345411869e-14	2.573437326342734141e-14	6.825177995449236896e-24	6.917538616022444412e-04	1.058122563390444944e-28	1.600454414376977288e-02	6.731182479028871568e-02	3.379929071313983631e-03	3.359746544008871796e-10	2.687209389422505392e-03	4.772039157605286211e-07	6.907994757963620237e-04	1.489072997583365456e-11
7.440000000000000000e+03	1.028602354076760190e-14	1.011838638904598705e-16	4.351705962260701154e-24	6.155267805652638209e-04	9.654842878382231433e-07	1.279134828811440779e-24	1.926250252524137661e-17	3.653245853589157995e-14	2.573315924849473543e-14	6.824856018881154966e-24	6.917538616022433570e-04	1.058022803118657632e-28	1.600454414090598729e-02	6.731182478742654685e-02	3.379929074176151599e-03	3.364267316194779922e-10	2.687209391833495636e-03	4.772039157595610977e-07	6.907994757956617375e-04	1.489002800548181939e-11
7.450000000000000000e+03	1.028555300511883511e-14	1.011792352017282764e-16	4.351552113792589336e-24	6.155267805404095703e-04	9.654842869406335522e-07	1.279134827622261837e-24	1.926162135580132362e-17	3.653078668787360840e-14	2.573198124535220771e-14	6.824543593227679360e-24	6.917538616022422728e-04	1.057926006700339861e-28	1.600454413804233353e-02	6.731182478456448903e-02	3.379929077038207243e-03	3.368788088376485454e-10	2.687209394244373557e-03	4.772039157586221617e-07	6.907994757949821596e-04	1.488934685899113576e-11
7.460000000000000000e+03	1.028509648138927445e-14	1.011747443485893155e-16	4.351402846706054402e-24	6.155267805155553197e-04	9.654842860430753014e-07	1.279134826433124405e-24	1.926076642630070401e-17	3.652916462282675259e-14	2.573083831851646989e-14	6.824240470383526917e-24	6.917538616022411886e-04	1.057832097017550068e-28	1.600454413517881161e-02	6.731182478170251449e-02	3.379929079900158371e-03	3.373308860553987874e-10	2.687209396655146961e-03	4.772039157577110718e-07	6.907994757943227478e-04	1.488868599612745759e-11
7.470000000000000000e+03	1.028465355684923880e-14	1.011703872710110139e-16	4.351258026053687335e-24	6.155267804907010691e-04	9.654842851455486026e-07	1.279134825244028483e-24	1.925993696382597807e-17	3.652759087483985398e-14	2.572972943543060781e-14	6.823946376497663735e-24	6.917538616022401044e-04	1.057740988633452488e-28	1.600454413231541459e-02	6.731182477884065096e-02	3.379929082762003680e-03	3.377829632727287182e-10	2.687209399065814547e-03	4.772039157568271930e-07	6.907994757936830686e-04	1.488804481942410595e-11
7.480000000000000000e+03	1.028422378295807675e-14	1.011661595566879059e-16	4.351117505179214254e-24	6.155267804658468185e-04	9.654842842480530323e-07	1.279134824054973886e-24	1.925913212840089507e-17	3.652606385102173604e-14	2.572865347414815787e-14	6.823661014011453684e-24	6.917538616022390202e-04	1.057652588466843711e-28	1.600454412945213900e-02	6.731182477597891234e-02	3.379929085623747508e-03	3.382350404896384930e-10	2.687209401476379784e-03	4.772039157559691486e-07	6.907994757930619291e-04	1.488742267957451146e-11
7.490000000000000000e+03	1.028380683848502018e-14	1.011620580456650971e-16	4.350981179052002590e-24	6.155267804409925679e-04	9.654842833505866845e-07	1.279134822865958412e-24	1.925835131846079006e-17	3.652458241911737541e-14	2.572760964146985538e-14	6.823384172554144532e-24	6.917538616022379360e-04	1.057566831407343923e-28	1.600454412658898137e-02	6.731182477311727086e-02	3.379929088485391156e-03	3.386871177061280084e-10	2.687209403886845708e-03	4.772039157551366211e-07	6.907994757924593296e-04	1.488681911156563817e-11
7.500000000000000000e+03	1.028340228074204458e-14	1.011580783832095713e-16	4.350848902929369389e-24	6.155267804161383173e-04	9.654842824531497712e-07	1.279134821676981508e-24	1.925759370498946977e-17	3.652314499020858940e-14	2.572659681016468908e-14	6.823115553168026775e-24	6.917538616022368518e-04	1.057483624837855058e-28	1.600454412372593477e-02	6.731182477025569877e-02	3.379929091346938527e-03	3.391391949221972126e-10	2.687209406297214921e-03	4.772039157543288693e-07	6.907994757918746193e-04	1.488623347456314934e-11
7.510000000000000000e+03	1.028300978876868345e-14	1.011542174120254004e-16	4.350720571869063828e-24	6.155267803912840667e-04	9.654842815557405982e-07	1.279134820488041706e-24	1.925685868692845603e-17	3.652175043112047338e-14	2.572561418470796485e-14	6.822854944865976248e-24	6.917538616022357676e-04	1.057402903263519569e-28	1.600454412086300612e-02	6.731182476739423770e-02	3.379929094208392222e-03	3.395912721378462607e-10	2.687209408707490459e-03	4.772039157535449403e-07	6.907994757913073647e-04	1.488566530394530744e-11
7.520000000000000000e+03	1.028262892808885016e-14	1.011504708581606013e-16	4.350596043813400293e-24	6.155267803664298161e-04	9.654842806583591655e-07	1.279134819299138271e-24	1.925614545064009693e-17	3.652039721627284648e-14	2.572466070009267545e-14	6.822602065187936707e-24	6.917538616022346834e-04	1.057324577279352901e-28	1.600454411800018156e-02	6.731182476453288765e-02	3.379929097069754845e-03	3.400433493530751528e-10	2.687209411117675358e-03	4.772039157527844106e-07	6.907994757907568069e-04	1.488511397076537572e-11
7.530000000000000000e+03	1.028225929440441090e-14	1.011468347445245162e-16	4.350475186571782466e-24	6.155267803415755655e-04	9.654842797610037791e-07	1.279134818110269549e-24	1.925545323900035987e-17	3.651908387701966405e-14	2.572373530452591849e-14	6.822356635186183474e-24	6.917538616022335992e-04	1.057248562123888200e-28	1.600454411513746109e-02	6.731182476167157924e-02	3.379929099931028563e-03	3.404954265678838372e-10	2.687209413527773955e-03	4.772039157520464331e-07	6.907994757902225121e-04	1.488457888976214848e-11
7.540000000000000000e+03	1.028190079039534075e-14	1.011433081137776141e-16	4.350357968324139568e-24	6.155267803167213149e-04	9.654842788636744390e-07	1.279134816921435541e-24	1.925478186975936318e-17	3.651781008355405351e-14	2.572283777400934621e-14	6.822118595450259339e-24	6.917538616022325150e-04	1.057174838940175562e-28	1.600454411227483775e-02	6.731182475881039573e-02	3.379929102792218146e-03	3.409475037822723655e-10	2.687209415937785381e-03	4.772039157513303726e-07	6.907994757897043718e-04	1.488405992005536133e-11
7.550000000000000000e+03	1.028155296757957384e-14	1.011398865541908895e-16	4.350244242433358277e-24	6.155267802918670643e-04	9.654842779663690275e-07	1.279134815732633309e-24	1.925413050305057251e-17	3.651657424287999557e-14	2.572196698614948225e-14	6.821887648303054503e-24	6.917538616022314308e-04	1.057103314493737552e-28	1.600454410941231850e-02	6.731182475594928161e-02	3.379929105653324897e-03	3.413995809962407377e-10	2.687209418347713107e-03	4.772039157506356998e-07	6.907994757892016273e-04	1.488355641242323416e-11
7.560000000000000000e+03	1.028121551043591691e-14	1.011365669619745693e-16	4.350133905735621825e-24	6.155267802670128137e-04	9.654842770690886035e-07	1.279134814543863586e-24	1.925349854800146348e-17	3.651537521931782604e-14	2.572112213368793553e-14	6.821663579648616363e-24	6.917538616022303466e-04	1.057033924135474683e-28	1.600454410654989293e-02	6.731182475308823687e-02	3.379929108514350983e-03	3.418516582097889539e-10	2.687209420757561470e-03	4.772039157499622027e-07	6.907994757887140616e-04	1.488306791011790676e-11
7.570000000000000000e+03	1.028088811314866025e-14	1.011333463288120165e-16	4.350026858240457424e-24	6.155267802421585631e-04	9.654842761718312612e-07	1.279134813355124720e-24	1.925288543191505499e-17	3.651421195787305371e-14	2.572030248914656669e-14	6.821446196543141825e-24	6.917538616022292624e-04	1.056966604234559044e-28	1.600454410368756103e-02	6.731182475022728928e-02	3.379929111375299441e-03	3.423037354229170141e-10	2.687209423167330902e-03	4.772039157493082932e-07	6.907994757882408073e-04	1.488259397044115902e-11
7.580000000000000000e+03	1.028057044553292174e-14	1.011302214066664205e-16	4.349922991989566111e-24	6.155267802173043125e-04	9.654842752745961534e-07	1.279134812166415792e-24	1.925229053645826024e-17	3.651308325393245178e-14	2.571950718759929926e-14	6.821235269598872108e-24	6.917538616022281782e-04	1.056901288093267004e-28	1.600454410082531587e-02	6.731182474736638333e-02	3.379929114236172004e-03	3.427558126356249699e-10	2.687209425577024875e-03	4.772039157486731244e-07	6.907994757877809972e-04	1.488213411541799600e-11
7.590000000000000000e+03	1.028026226173738402e-14	1.011271897770923546e-16	4.349822226598621047e-24	6.155267801924500619e-04	9.654842743773839156e-07	1.279134810977736803e-24	1.925171340122857432e-17	3.651198825071237987e-14	2.571873563415998727e-14	6.821030641039735871e-24	6.917538616022270940e-04	1.056837922155860881e-28	1.600454409796315744e-02	6.731182474450560227e-02	3.379929117096970408e-03	3.432078898479127696e-10	2.687209427986644687e-03	4.772039157480573315e-07	6.907994757873352817e-04	1.488168798915452462e-11
7.600000000000000000e+03	1.027996322414722649e-14	1.011242481189646014e-16	4.349724451680010644e-24	6.155267801675958113e-04	9.654842734801922183e-07	1.279134809789084997e-24	1.925115339397911738e-17	3.651092574890440415e-14	2.571798698391652023e-14	6.820832086781217098e-24	6.917538616022260098e-04	1.056776439165567563e-28	1.600454409510108575e-02	6.731182474164483509e-02	3.379929119957698121e-03	3.436599670597805167e-10	2.687209430396193376e-03	4.772039157474596438e-07	6.907994757869027934e-04	1.488125510292018540e-11
7.610000000000000000e+03	1.027967303341854954e-14	1.011213934876297932e-16	4.349629569359301086e-24	6.155267801427415607e-04	9.654842725830225439e-07	1.279134808600462211e-24	1.925060995413239409e-17	3.650989467826313070e-14	2.571726047912665606e-14	6.820639405858740049e-24	6.917538616022249256e-04	1.056716777232952744e-28	1.600454409223909732e-02	6.731182473878420669e-02	3.379929122818356446e-03	3.441120442712280560e-10	2.687209432805673544e-03	4.772039157468797439e-07	6.907994757864830988e-04	1.488083502338532505e-11
7.620000000000000000e+03	1.027939152510914492e-14	1.011186242654659662e-16	4.349537525869946473e-24	6.155267801178873101e-04	9.654842716858717159e-07	1.279134807411864588e-24	1.925008277373961423e-17	3.650889445194091564e-14	2.571655570492389455e-14	6.820452488243329851e-24	6.917538616022238414e-04	1.056658901558672584e-28	1.600454408937718870e-02	6.731182473592356441e-02	3.379929125678948851e-03	3.445641214822555944e-10	2.687209435215086057e-03	4.772039157463176317e-07	6.907994757860761977e-04	1.488042751250372919e-11
7.630000000000000000e+03	1.027911841455559517e-14	1.011159376522320194e-16	4.349448228137491356e-24	6.155267800930330595e-04	9.654842707887397345e-07	1.279134806223291760e-24	1.924957131971532538e-17	3.650792406821404758e-14	2.571587196044421541e-14	6.820271148052951026e-24	6.917538616022227572e-04	1.056602754025664247e-28	1.600454408651535640e-02	6.731182473306306091e-02	3.379929128539480108e-03	3.450161986928630801e-10	2.687209437624437421e-03	4.772039157457720366e-07	6.907994757856812228e-04	1.488003215819719063e-11
7.640000000000000000e+03	1.027885340271175783e-14	1.011133307062037363e-16	4.349361578384858565e-24	6.155267800681788089e-04	9.654842698916263877e-07	1.279134805034743912e-24	1.924907503203969523e-17	3.650698246660562874e-14	2.571520850019047311e-14	6.820095187569199567e-24	6.917538616022216730e-04	1.056548272984731586e-28	1.600454408365360043e-02	6.731182473020257129e-02	3.379929131399947613e-03	3.454682759030504614e-10	2.687209440033726335e-03	4.772039157452426410e-07	6.907994757852981742e-04	1.487964852756709149e-11
7.650000000000000000e+03	1.027859632431212363e-14	1.011108018016602882e-16	4.349277522576316932e-24	6.155267800433246667e-04	9.654842689945320992e-07	1.279134803846221227e-24	1.924859360122207102e-17	3.650606904181657762e-14	2.571456488750368930e-14	6.819924490985830921e-24	6.917538616022205888e-04	1.056495424244461792e-28	1.600454408079192078e-02	6.731182472734217881e-02	3.379929134260353102e-03	3.459203531128178418e-10	2.687209442442954101e-03	4.772039157447290214e-07	6.907994757849264013e-04	1.487927638137540199e-11
7.660000000000000000e+03	1.027834678338331798e-14	1.011083470434018421e-16	4.349195931243150084e-24	6.155267800184704161e-04	9.654842680974551749e-07	1.279134802657721500e-24	1.924812628572833311e-17	3.650518240493377913e-14	2.571394015360335319e-14	6.819758801363651351e-24	6.917538616022195046e-04	1.056444126306830076e-28	1.600454407793030706e-02	6.731182472448182796e-02	3.379929137120699610e-03	3.463724303221651179e-10	2.687209444852121584e-03	4.772039157442303307e-07	6.907994757845654704e-04	1.487891514641183611e-11
7.670000000000000000e+03	1.027810472689913002e-14	1.011059659098082624e-16	4.349116787047741312e-24	6.155267799936161655e-04	9.654842672003954030e-07	1.279134801469244549e-24	1.924767298625689261e-17	3.650432235030116371e-14	2.571333414403901291e-14	6.819598077742566081e-24	6.917538616022184204e-04	1.056394367987867125e-28	1.600454407506876273e-02	6.731182472162151875e-02	3.379929139980988439e-03	3.468245075310923930e-10	2.687209447261231822e-03	4.772039157437466749e-07	6.907994757842153815e-04	1.487856474591575198e-11
7.680000000000000000e+03	1.027786987036979426e-14	1.011036556023467631e-16	4.349039996972415220e-24	6.155267799687619149e-04	9.654842663033532070e-07	1.279134800280790740e-24	1.924723317004754198e-17	3.650348788514613633e-14	2.571274616925044119e-14	6.819442137237142158e-24	6.917538616022173362e-04	1.056346091008306104e-28	1.600454407220728431e-02	6.731182471876129281e-02	3.379929142841221756e-03	3.472765847395995637e-10	2.687209449670285681e-03	4.772039157432779481e-07	6.907994757838761346e-04	1.487822476806031162e-11
7.690000000000000000e+03	1.027764202774264605e-14	1.011014142908126880e-16	4.348965500184799892e-24	6.155267799439076643e-04	9.654842654063262576e-07	1.279134799092357135e-24	1.924680648868186036e-17	3.650267834723843902e-14	2.571217576158765003e-14	6.819290855819200039e-24	6.917538616022162520e-04	1.056299257011794013e-28	1.600454406934587182e-02	6.731182471590108074e-02	3.379929145701399996e-03	3.477286619476867335e-10	2.687209452079285330e-03	4.772039157428228796e-07	6.907994757835467540e-04	1.487789494351605042e-11
7.700000000000000000e+03	1.027742095848679783e-14	1.010992396090977966e-16	4.348893218040153194e-24	6.155267799190534137e-04	9.654842645093162489e-07	1.279134797903946122e-24	1.924639249172070846e-17	3.650189286791567553e-14	2.571162230237248011e-14	6.819144069407246153e-24	6.917538616022151678e-04	1.056253815765996910e-28	1.600454406648452524e-02	6.731182471304097970e-02	3.379929148561525761e-03	3.481807391553539024e-10	2.687209454488232504e-03	4.772039157423814696e-07	6.907994757832271312e-04	1.487757492409091841e-11
7.710000000000000000e+03	1.027720645395381608e-14	1.010971295047223754e-16	4.348823082318121953e-24	6.155267798941991631e-04	9.654842636123208515e-07	1.279134796715554578e-24	1.924599078843089838e-17	3.650113071222732887e-14	2.571108527583615737e-14	6.819001641210162228e-24	6.917538616022140836e-04	1.056209725065585258e-28	1.600454406362323417e-02	6.731182471018090641e-02	3.379929151421600352e-03	3.486328163626010702e-10	2.687209456897128070e-03	4.772039157419528709e-07	6.907994757829168326e-04	1.487726440774585383e-11
7.720000000000000000e+03	1.027699831059625643e-14	1.010950819753851672e-16	4.348755026466186255e-24	6.155267798693449125e-04	9.654842627153398536e-07	1.279134795527181768e-24	1.924560099763180853e-17	3.650039116526704880e-14	2.571056418395233302e-14	6.818863439141804903e-24	6.917538616022129994e-04	1.056166942711402858e-28	1.600454406076199862e-02	6.731182470732083312e-02	3.379929154281625936e-03	3.490848935694281855e-10	2.687209459305974196e-03	4.772039157415363424e-07	6.907994757826154244e-04	1.487696309982597807e-11
7.730000000000000000e+03	1.027679639508183794e-14	1.010930957094932933e-16	4.348689006889601144e-24	6.155267798444906619e-04	9.654842618183745259e-07	1.279134794338829713e-24	1.924522286963373986e-17	3.649967373994958335e-14	2.571005867557040142e-14	6.818729370073454970e-24	6.917538616022119152e-04	1.056125441710658453e-28	1.600454405790082898e-02	6.731182470446089861e-02	3.379929157141602948e-03	3.495369707758353514e-10	2.687209461714772617e-03	4.772039157411325195e-07	6.907994757823232319e-04	1.487667080731972641e-11
7.740000000000000000e+03	1.027660050460532075e-14	1.010911687120466258e-16	4.348624957278521637e-24	6.155267798196364113e-04	9.654842609214227507e-07	1.279134793150496025e-24	1.924485602464597591e-17	3.649897772077246850e-14	2.570956824963263901e-14	6.818599301115593620e-24	6.917538616022108310e-04	1.056085179890057312e-28	1.600454405503971139e-02	6.731182470160096409e-02	3.379929160001533123e-03	3.499890479818225164e-10	2.687209464123523333e-03	4.772039157407409785e-07	6.907994757820398214e-04	1.487638723664662447e-11
7.750000000000000000e+03	1.027641045174804240e-14	1.010892991394031997e-16	4.348562816353946744e-24	6.155267797947821607e-04	9.654842600244834692e-07	1.279134791962178684e-24	1.924450011169202022e-17	3.649830244231574716e-14	2.570909243754897542e-14	6.818473107990420675e-24	6.917538616022097468e-04	1.056046118007321106e-28	1.600454405217864584e-02	6.731182469874101570e-02	3.379929162861419496e-03	3.504411251873896805e-10	2.687209466532229814e-03	4.772039157403608725e-07	6.907994757817646509e-04	1.487611211649978714e-11
7.760000000000000000e+03	1.027622608091833276e-14	1.010874854610038947e-16	4.348502533243129498e-24	6.155267797699279101e-04	9.654842591275583755e-07	1.279134790773879894e-24	1.924415483939741688e-17	3.649764736370549092e-14	2.570863086408988294e-14	6.818350691179162047e-24	6.917538616022086626e-04	1.056008224928190474e-28	1.600454404931763580e-02	6.731182469588121997e-02	3.379929165721262500e-03	3.508932023925368953e-10	2.687209468940892926e-03	4.772039157399922014e-07	6.907994757814977203e-04	1.487584522164502606e-11
7.770000000000000000e+03	1.027604715796012869e-14	1.010857253734498462e-16	4.348444031385662181e-24	6.155267797450736595e-04	9.654842582306455638e-07	1.279134789585597817e-24	1.924381976926102816e-17	3.649701162582254517e-14	2.570818291032970505e-14	6.818231886536690246e-24	6.917538616022075783e-04	1.055971452068729525e-28	1.600454404645667433e-02	6.731182469302142424e-02	3.379929168581062137e-03	3.513452795972641091e-10	2.687209471349512671e-03	4.772039157396341182e-07	6.907994757812387044e-04	1.487558621311846358e-11
7.780000000000000000e+03	1.027587356427655817e-14	1.010840177101006644e-16	4.348387272004731674e-24	6.155267797202194089e-04	9.654842573337452459e-07	1.279134788397332455e-24	1.924349467918813192e-17	3.649639483223765417e-14	2.570774830956308938e-14	6.818116623324649897e-24	6.917538616022064941e-04	1.055935775190695986e-28	1.600454404359576144e-02	6.731182469016162850e-02	3.379929171440818839e-03	3.517973568015713737e-10	2.687209473758090349e-03	4.772039157392867288e-07	6.907994757809871695e-04	1.487533491923950351e-11
7.790000000000000000e+03	1.027570513535165444e-14	1.010823608526087814e-16	4.348332201309679015e-24	6.155267796953651583e-04	9.654842564368574217e-07	1.279134787209083256e-24	1.924317926109178253e-17	3.649579638960641855e-14	2.570732663922168477e-14	6.818004789472344110e-24	6.917538616022054099e-04	1.055901159996890226e-28	1.600454404073489711e-02	6.731182468730192991e-02	3.379929174300536077e-03	3.522494340054586373e-10	2.687209476166628128e-03	4.772039157389500332e-07	6.907994757807435493e-04	1.487509110185514438e-11
7.800000000000000000e+03	1.027554173576237274e-14	1.010807534688143958e-16	4.348278775022154913e-24	6.155267796705109077e-04	9.654842555399818794e-07	1.279134786020850036e-24	1.924287326136700093e-17	3.649521581943219901e-14	2.570691756357801557e-14	6.817896295938958709e-24	6.917538616022043257e-04	1.055867579649410433e-28	1.600454403787407789e-02	6.731182468444227296e-02	3.379929177160213849e-03	3.527015112089260034e-10	2.687209478575127309e-03	4.772039157386237138e-07	6.907994757805073016e-04	1.487485456492725486e-11
7.810000000000000000e+03	1.027538316419891842e-14	1.010791935784280458e-16	4.348226927321267141e-24	6.155267796456566571e-04	9.654842546431167133e-07	1.279134784832630959e-24	1.924257630302350223e-17	3.649465239643969350e-14	2.570652056610258079e-14	6.817791005733995417e-24	6.917538616022032415e-04	1.055834992128341501e-28	1.600454403501330378e-02	6.731182468158261600e-02	3.379929180019854758e-03	3.531535884119733685e-10	2.687209480983588326e-03	4.772039157383066058e-07	6.907994757802778845e-04	1.487462501704017946e-11
7.820000000000000000e+03	1.027522936064912094e-14	1.010776805911086311e-16	4.348176638585248898e-24	6.155267796208024065e-04	9.654842537462621352e-07	1.279134783644425657e-24	1.924228827367731766e-17	3.649410591726713658e-14	2.570613550852887387e-14	6.817688882185436481e-24	6.917538616022021573e-04	1.055803384225384005e-28	1.600454403215257476e-02	6.731182467872295905e-02	3.379929182879457938e-03	3.536056656146008360e-10	2.687209483392012481e-03	4.772039157379992387e-07	6.907994757800551893e-04	1.487440237132040202e-11
7.830000000000000000e+03	1.027508008481567446e-14	1.010762121430456535e-16	4.348127830245729916e-24	6.155267795959481559e-04	9.654842528494194154e-07	1.279134782456236518e-24	1.924200872332680215e-17	3.649357552736930910e-14	2.570576178912380539e-14	6.817589765703865056e-24	6.917538616022010731e-04	1.055772707777049441e-28	1.600454402929189085e-02	6.731182467586342699e-02	3.379929185739025989e-03	3.540577428168083543e-10	2.687209485800401507e-03	4.772039157377008714e-07	6.907994757798393247e-04	1.487418627991401499e-11
7.840000000000000000e+03	1.027493526263446700e-14	1.010747875056685788e-16	4.348080478086473031e-24	6.155267795710939053e-04	9.654842519525870719e-07	1.279134781268060787e-24	1.924173751327301078e-17	3.649306095599825578e-14	2.570539921285722432e-14	6.817493604565290389e-24	6.917538616021999889e-04	1.055742946791089710e-28	1.600454402643124510e-02	6.731182467300390881e-02	3.379929188598559779e-03	3.545098200185959234e-10	2.687209488208755839e-03	4.772039157374110802e-07	6.907994757796295316e-04	1.487397663560595479e-11
7.850000000000000000e+03	1.027479475968170704e-14	1.010734053566473179e-16	4.348034538155848056e-24	6.155267795462396547e-04	9.654842510557638339e-07	1.279134780079897179e-24	1.924147439178231821e-17	3.649256174040806234e-14	2.570504746082956960e-14	6.817400314190160914e-24	6.917538616021989047e-04	1.055714074155991291e-28	1.600454402357063405e-02	6.731182467014439064e-02	3.379929191458059742e-03	3.549618972199635432e-10	2.687209490617076344e-03	4.772039157371299712e-07	6.907994757794261352e-04	1.487377324380460603e-11
7.860000000000000000e+03	1.027465844730941069e-14	1.010720644304684652e-16	4.347989968390701296e-24	6.155267795213854040e-04	9.654842501589503368e-07	1.279134778891746427e-24	1.924121911793725112e-17	3.649207740969289409e-14	2.570470619473201077e-14	6.817309804855468718e-24	6.917538616021978205e-04	1.055686062083541077e-28	1.600454402071006810e-02	6.731182466728487246e-02	3.379929194317527179e-03	3.554139744209112654e-10	2.687209493025364323e-03	4.772039157368574383e-07	6.907994757792289189e-04	1.487357591827938511e-11
7.870000000000000000e+03	1.027452617670030767e-14	1.010707632632129238e-16	4.347946720133266848e-24	6.155267794965311534e-04	9.654842492621467924e-07	1.279134777703609084e-24	1.924097141304963902e-17	3.649160743395726731e-14	2.570437504016067351e-14	6.817221977263420894e-24	6.917538616021967363e-04	1.055658881281119284e-28	1.600454401784953337e-02	6.731182466442546530e-02	3.379929197176963392e-03	3.558660516214390383e-10	2.687209495433621077e-03	4.772039157365931640e-07	6.907994757790375572e-04	1.487338444360270785e-11
7.880000000000000000e+03	1.027439785103170253e-14	1.010695009024334684e-16	4.347904761726090354e-24	6.155267794716769028e-04	9.654842483653529888e-07	1.279134776515484413e-24	1.924073109580094918e-17	3.649115148644239851e-14	2.570405377644379231e-14	6.817136772885571846e-24	6.917538616021956521e-04	1.055632512252563290e-28	1.600454401498904028e-02	6.731182466156608590e-02	3.379929200036368812e-03	3.563181288215468620e-10	2.687209497841847039e-03	4.772039157363368307e-07	6.907994757788519418e-04	1.487319867961422845e-11
7.890000000000000000e+03	1.027427326773448359e-14	1.010682753554527845e-16	4.347864026936530363e-24	6.155267794468226522e-04	9.654842474685674438e-07	1.279134775327370947e-24	1.924049778684256003e-17	3.649070883066346150e-14	2.570374187536108008e-14	6.817054051631897424e-24	6.917538616021945679e-04	1.055606911982255390e-28	1.600454401212857841e-02	6.731182465870670650e-02	3.379929202895744743e-03	3.567702060212348399e-10	2.687209500250043511e-03	4.772039157360880148e-07	6.907994757786718558e-04	1.487301833307529198e-11
7.900000000000000000e+03	1.027415242661210143e-14	1.010670866203373986e-16	4.347824515700322599e-24	6.155267794219684016e-04	9.654842465717899456e-07	1.279134774139268134e-24	1.924027148580639401e-17	3.649027946567869518e-14	2.570343933614592177e-14	6.816973813299109102e-24	6.917538616021934837e-04	1.055582080991668964e-28	1.600454400926815471e-02	6.731182465584732710e-02	3.379929205755092050e-03	3.572222832205028685e-10	2.687209502658210493e-03	4.772039157358462927e-07	6.907994757784969740e-04	1.487284340370138061e-11
7.910000000000000000e+03	1.027403526817726515e-14	1.010659341119093422e-16	4.347786208567313622e-24	6.155267793971141510e-04	9.654842456750207060e-07	1.279134772951175790e-24	1.924005208129144310e-17	3.648986319704319500e-14	2.570314603068086298e-14	6.816896023905789906e-24	6.917538616021923995e-04	1.055558007037425256e-28	1.600454400640776570e-02	6.731182465298794770e-02	3.379929208614411169e-03	3.576743604193510512e-10	2.687209505066350153e-03	4.772039157356119822e-07	6.907994757783272963e-04	1.487267380537880822e-11
7.920000000000000000e+03	1.027392153725581247e-14	1.010648153200141887e-16	4.347749022104948559e-24	6.155267793722591415e-04	9.654842447782601485e-07	1.279134771763095384e-24	1.923983909543622833e-17	3.648945908611833623e-14	2.570286128119165908e-14	6.816820503699975154e-24	6.917538616021913153e-04	1.055534637838042657e-28	1.600454400354740445e-02	6.731182465012870708e-02	3.379929211473702531e-03	3.581264376177792330e-10	2.687209507474462491e-03	4.772039157353846598e-07	6.907994757781628229e-04	1.487250916871793921e-11
7.930000000000000000e+03	1.027381120561945083e-14	1.010637299669695097e-16	4.347712947083616784e-24	6.155267793474038067e-04	9.654842438815063673e-07	1.279134770575023611e-24	1.923963247537816972e-17	3.648906707363692335e-14	2.570258506688893169e-14	6.816747247161801985e-24	6.917538616021902311e-04	1.055511966867030069e-28	1.600454400068707789e-02	6.731182464726946646e-02	3.379929214332968307e-03	3.585785148157876206e-10	2.687209509882548808e-03	4.772039157351639018e-07	6.907994757780032283e-04	1.487234945285556664e-11
7.940000000000000000e+03	1.027370411340117116e-14	1.010626764801596435e-16	4.347677931232694751e-24	6.155267793225484719e-04	9.654842429847599975e-07	1.279134769386961940e-24	1.923943192173628611e-17	3.648868656628842751e-14	2.570231695741159874e-14	6.816676140156218820e-24	6.917538616021891469e-04	1.055489962249103116e-28	1.600454399782677908e-02	6.731182464441022584e-02	3.379929217192208062e-03	3.590305920133760590e-10	2.687209512290609104e-03	4.772039157349496025e-07	6.907994757778479706e-04	1.487219442636852064e-11
7.950000000000000000e+03	1.027360027741907459e-14	1.010616550250245732e-16	4.347643980051078178e-24	6.155267792976931371e-04	9.654842420880204041e-07	1.279134768198909452e-24	1.923923746600555947e-17	3.648831761520377706e-14	2.570205698296169222e-14	6.816607190694779487e-24	6.917538616021880627e-04	1.055468626549117120e-28	1.600454399496651151e-02	6.731182464155097134e-02	3.379929220051423096e-03	3.594826692105446515e-10	2.687209514698645548e-03	4.772039157347414441e-07	6.907994757776972665e-04	1.487204411360264272e-11
7.960000000000000000e+03	1.027349948841618926e-14	1.010606635430984622e-16	4.347611025119447514e-24	6.155267792728378023e-04	9.654842411912880104e-07	1.279134767010866148e-24	1.923904871631332008e-17	3.648795950337012962e-14	2.570180465310220064e-14	6.816540268701431560e-24	6.917538616021869785e-04	1.055447917473342135e-28	1.600454399210627168e-02	6.731182463869173072e-02	3.379929222910614279e-03	3.599347464072932947e-10	2.687209517106657272e-03	4.772039157345391091e-07	6.907994757775507907e-04	1.487189821163795608e-11
7.970000000000000000e+03	1.027340169240380408e-14	1.010597015032929705e-16	4.347579048785483439e-24	6.155267792479824675e-04	9.654842402945632400e-07	1.279134765822833130e-24	1.923886557155551200e-17	3.648761202181541045e-14	2.570155981125082289e-14	6.816475332650655723e-24	6.917538616021858943e-04	1.055427823929558023e-28	1.600454398924605615e-02	6.731182463583255948e-02	3.379929225769782476e-03	3.603868236036220921e-10	2.687209519514645577e-03	4.772039157343427034e-07	6.907994757774086518e-04	1.487175664232050418e-11
7.980000000000000000e+03	1.027330683102838379e-14	1.010587683315829957e-16	4.347548031969725389e-24	6.155267792231271327e-04	9.654842393978454577e-07	1.279134764634809111e-24	1.923868792245428163e-17	3.648727497209261532e-14	2.570132232201499892e-14	6.816412346632805495e-24	6.917538616021848101e-04	1.055408332333427700e-28	1.600454398638587530e-02	6.731182463297345764e-02	3.379929228628928556e-03	3.608389007995309919e-10	2.687209521922611765e-03	4.772039157341525445e-07	6.907994757772710666e-04	1.487161932117781125e-11
7.990000000000000000e+03	1.027321476138567547e-14	1.010578626222158408e-16	4.347517927947745960e-24	6.155267791982717979e-04	9.654842385011331810e-07	1.279134763446792623e-24	1.923851550139463123e-17	3.648694783688056451e-14	2.570109181693279457e-14	6.816351212927091519e-24	6.917538616021837259e-04	1.055389415576750986e-28	1.600454398352571875e-02	6.731182463011435579e-02	3.379929231488055987e-03	3.612909779950199942e-10	2.687209524330559304e-03	4.772039157339677854e-07	6.907994757771372760e-04	1.487148604134196780e-11
8.000000000000000000e+03	1.027312543883151140e-14	1.010569839360257373e-16	4.347488722122547239e-24	6.155267791734164631e-04	9.654842376044268336e-07	1.279134762258783849e-24	1.923834822477205286e-17	3.648663046724675566e-14	2.570086819503663094e-14	6.816291904753921650e-24	6.917538616021826417e-04	1.055371063010596517e-28	1.600454398066558301e-02	6.731182462725525395e-02	3.379929234347163036e-03	3.617430551900892023e-10	2.687209526738486461e-03	4.772039157337884262e-07	6.907994757770074970e-04	1.487135673818616358e-11
8.010000000000000000e+03	1.027303881003861198e-14	1.010561317484309933e-16	4.347460397058074417e-24	6.155267791485611283e-04	9.654842367077266272e-07	1.279134761070783524e-24	1.923818599272120558e-17	3.648632266440082182e-14	2.570065131134728429e-14	6.816234383663867496e-24	6.917538616021815575e-04	1.055353263878089001e-28	1.600454397780547156e-02	6.731182462439615211e-02	3.379929237206248400e-03	3.621951323847384611e-10	2.687209529146392366e-03	4.772039157336147844e-07	6.907994757768818380e-04	1.487123133451393272e-11
8.020000000000000000e+03	1.027295476368597757e-14	1.010553049643641617e-16	4.347432916356458536e-24	6.155267791237057935e-04	9.654842358110319265e-07	1.279134759882789995e-24	1.923802859677270224e-17	3.648602403531615460e-14	2.570044089123294996e-14	6.816178576819583048e-24	6.917538616021804733e-04	1.055335995928889466e-28	1.600454397494538786e-02	6.731182462153705026e-02	3.379929240065314248e-03	3.626472095789679258e-10	2.687209531554278757e-03	4.772039157334461190e-07	6.907994757767596484e-04	1.487110966917721177e-11
8.030000000000000000e+03	1.027287320336045303e-14	1.010545026354066561e-16	4.347406248494145798e-24	6.155267790988504586e-04	9.654842349143427315e-07	1.279134758694804180e-24	1.923787585637490307e-17	3.648573424359946716e-14	2.570023669971978900e-14	6.816124421901386004e-24	6.917538616021793891e-04	1.055319238482775305e-28	1.600454397208532151e-02	6.731182461867794842e-02	3.379929242924360148e-03	3.630992867727774929e-10	2.687209533962145631e-03	4.772039157332821122e-07	6.907994757766410367e-04	1.487099160260849462e-11
8.040000000000000000e+03	1.027279405890702403e-14	1.010537240714419777e-16	4.347380370533036089e-24	6.155267790739951238e-04	9.654842340176607363e-07	1.279134757506827549e-24	1.923772764014939990e-17	3.648545303170382351e-14	2.570003855223751370e-14	6.816071869959324443e-24	6.917538616021783049e-04	1.055302978068433237e-28	1.600454396922527944e-02	6.731182461581895760e-02	3.379929245783387833e-03	3.635513639661671625e-10	2.687209536369993424e-03	4.772039157331232936e-07	6.907994757765261113e-04	1.487087703325154428e-11
8.050000000000000000e+03	1.027271728868655439e-14	1.010529688628648374e-16	4.347355268858661100e-24	6.155267790491397890e-04	9.654842331209842468e-07	1.279134756318858448e-24	1.923758387011915347e-17	3.648518026037376005e-14	2.569984635397130996e-14	6.816020895845796456e-24	6.917538616021772207e-04	1.055287204343714021e-28	1.600454396636526513e-02	6.731182461295999453e-02	3.379929248642396869e-03	3.640034411591369862e-10	2.687209538777823002e-03	4.772039157329692395e-07	6.907994757764145469e-04	1.487076590082959643e-11
8.060000000000000000e+03	1.027264276271434328e-14	1.010522357310125538e-16	4.347330900970811723e-24	6.155267790242844542e-04	9.654842322243126277e-07	1.279134755130895959e-24	1.923744430286346530e-17	3.648491546075871504e-14	2.569965977175270696e-14	6.815971411200046615e-24	6.917538616021761365e-04	1.055271893320680921e-28	1.600454396350526123e-02	6.731182461010103146e-02	3.379929251501388125e-03	3.644555183516869640e-10	2.687209541185634799e-03	4.772039157328195264e-07	6.907994757763061267e-04	1.487065801717707228e-11
8.070000000000000000e+03	1.027257048274967991e-14	1.010515246931913793e-16	4.347307267444711710e-24	6.155267789994291194e-04	9.654842313276463026e-07	1.279134753942939898e-24	1.923730894167693901e-17	3.648465863818335446e-14	2.569947880848630950e-14	6.815923416792612937e-24	6.917538616021750523e-04	1.055257043468057977e-28	1.600454396064529203e-02	6.731182460724206840e-02	3.379929254360362467e-03	3.649075955438170960e-10	2.687209543593428816e-03	4.772039157326743661e-07	6.907994757762010675e-04	1.487055338484070583e-11
8.080000000000000000e+03	1.027250035142577252e-14	1.010508347916016919e-16	4.347284336445004449e-24	6.155267789745737846e-04	9.654842304309844244e-07	1.279134752754990267e-24	1.923717760422208008e-17	3.648440945681047527e-14	2.569930323300002651e-14	6.815876851311319040e-24	6.917538616021739681e-04	1.055242634697177479e-28	1.600454395778532976e-02	6.731182460438310533e-02	3.379929257219319895e-03	3.653596727355273822e-10	2.687209546001206786e-03	4.772039157325333351e-07	6.907994757760990440e-04	1.487045186287252347e-11
8.090000000000000000e+03	1.027243229929044874e-14	1.010501653430408905e-16	4.347262085263388685e-24	6.155267789497184498e-04	9.654842295343274167e-07	1.279134751567047063e-24	1.923705016043666702e-17	3.648416765772624748e-14	2.569913285650425621e-14	6.815831664687935841e-24	6.917538616021728839e-04	1.055228654013129730e-28	1.600454395492539525e-02	6.731182460152414226e-02	3.379929260078260844e-03	3.658117499268177707e-10	2.687209548408968276e-03	4.772039157323966452e-07	6.907994757760000564e-04	1.487035335073369775e-11
8.100000000000000000e+03	1.027236628461866069e-14	1.010495159370585446e-16	4.347240500257309141e-24	6.155267789248631150e-04	9.654842286376748558e-07	1.279134750379109554e-24	1.923692653218274836e-17	3.648393309727537682e-14	2.569896757986842432e-14	6.815787830630749840e-24	6.917538616021717997e-04	1.055215090804252301e-28	1.600454395206547462e-02	6.731182459866517920e-02	3.379929262937186613e-03	3.662638271176883651e-10	2.687209550816714154e-03	4.772039157322637669e-07	6.907994757759039961e-04	1.487025778802312876e-11
8.110000000000000000e+03	1.027230221498415621e-14	1.010488856644554463e-16	4.347219551206786032e-24	6.155267789000077802e-04	9.654842277410267419e-07	1.279134749191177922e-24	1.923680654637491999e-17	3.648370545245981956e-14	2.569880717882384990e-14	6.815745289659167956e-24	6.917538616021707155e-04	1.055201928000930852e-28	1.600454394920557480e-02	6.731182459580621613e-02	3.379929265796096337e-03	3.667159043081390620e-10	2.687209553224444852e-03	4.772039157321353355e-07	6.907994757758109715e-04	1.487016504094474015e-11
8.120000000000000000e+03	1.027224001712575122e-14	1.010482738045594818e-16	4.347199214158110489e-24	6.155267788751524454e-04	9.654842268443834985e-07	1.279134748003252902e-24	1.923669006581787059e-17	3.648348445550122737e-14	2.569865146044223239e-14	6.815703990606637957e-24	6.917538616021696313e-04	1.055189149832541494e-28	1.600454394634569233e-02	6.731182459294729470e-02	3.379929268654991315e-03	3.671679814981700164e-10	2.687209555632160372e-03	4.772039157320101864e-07	6.907994757757204406e-04	1.487007500344580252e-11
8.130000000000000000e+03	1.027217969008309749e-14	1.010476803479236843e-16	4.347179488797282993e-24	6.155267788502971106e-04	9.654842259477457607e-07	1.279134746815335229e-24	1.923657708871316369e-17	3.648327010302559798e-14	2.569850042236676465e-14	6.815663932848089255e-24	6.917538616021685471e-04	1.055176756151125941e-28	1.600454394348582374e-02	6.731182459008847041e-02	3.379929271513871982e-03	3.676200586877810215e-10	2.687209558039861147e-03	4.772039157318888489e-07	6.907994757756326203e-04	1.486998767413610962e-11
8.140000000000000000e+03	1.027212123431762026e-14	1.010471052990871102e-16	4.347160375275172365e-24	6.155267788254417758e-04	9.654842250511120464e-07	1.279134745627422331e-24	1.923646761592491630e-17	3.648306239667482862e-14	2.569835406576593269e-14	6.815625116693418893e-24	6.917538616021674629e-04	1.055164746454701194e-28	1.600454394062597249e-02	6.731182458722964612e-02	3.379929274372739205e-03	3.680721358769722325e-10	2.687209560447548478e-03	4.772039157317713231e-07	6.907994757755476188e-04	1.486990305368361624e-11
8.150000000000000000e+03	1.027206446188191200e-14	1.010465468092065384e-16	4.347141812139899865e-24	6.155267788005864410e-04	9.654842241544819320e-07	1.279134744439514944e-24	1.923636129548648517e-17	3.648286067665929598e-14	2.569821193025152552e-14	6.815587420038904966e-24	6.917538616021663787e-04	1.055153083169399986e-28	1.600454393776614206e-02	6.731182458437082183e-02	3.379929277231592550e-03	3.685242130657435459e-10	2.687209562855222798e-03	4.772039157316572913e-07	6.907994757754650026e-04	1.486982087001602703e-11
8.160000000000000000e+03	1.027200938958060482e-14	1.010460050435894851e-16	4.347123804885958982e-24	6.155267787757311062e-04	9.654842232578554174e-07	1.279134743251612148e-24	1.923625815886766112e-17	3.648266499711356994e-14	2.569807405058752620e-14	6.815550852105427851e-24	6.917538616021652945e-04	1.055141768923586952e-28	1.600454393490631858e-02	6.731182458151199755e-02	3.379929280090432885e-03	3.689762902540950651e-10	2.687209565262883241e-03	4.772039157315465417e-07	6.907994757753847716e-04	1.486974114745969953e-11
8.170000000000000000e+03	1.027195592619662362e-14	1.010454791049314704e-16	4.347106323688729088e-24	6.155267787508757714e-04	9.654842223612327145e-07	1.279134742063714128e-24	1.923615803524745295e-17	3.648247503963072045e-14	2.569794020586674789e-14	6.815515354303874688e-24	6.917538616021642103e-04	1.055130785523862214e-28	1.600454393204652284e-02	6.731182457865317326e-02	3.379929282949261076e-03	3.694283674420267902e-10	2.687209567670531107e-03	4.772039157314388627e-07	6.907994757753069259e-04	1.486966375396895881e-11
8.180000000000000000e+03	1.027190407191642830e-14	1.010449689950665588e-16	4.347089368609171321e-24	6.155267787260204366e-04	9.654842214646136115e-07	1.279134740875821066e-24	1.923606092497497784e-17	3.648229079585166181e-14	2.569781038482281483e-14	6.815480923647672858e-24	6.917538616021631261e-04	1.055120132809236308e-28	1.600454392918672711e-02	6.731182457579434897e-02	3.379929285808076691e-03	3.698804446295386178e-10	2.687209570078166829e-03	4.772039157313343600e-07	6.907994757752312486e-04	1.486958868981374363e-11
8.190000000000000000e+03	1.027185377430190855e-14	1.010444741981599357e-16	4.347072922501959276e-24	6.155267787011651018e-04	9.654842205679978966e-07	1.279134739687932597e-24	1.923596672985006004e-17	3.648211207307601432e-14	2.569768444919148294e-14	6.815447523467753630e-24	6.917538616021620419e-04	1.055109799728705430e-28	1.600454392632695566e-02	6.731182457293552468e-02	3.379929288666879729e-03	3.703325218166307028e-10	2.687209572485789975e-03	4.772039157312333513e-07	6.907994757751580650e-04	1.486951587908471993e-11
8.200000000000000000e+03	1.027180498858232236e-14	1.010439942738005663e-16	4.347056970728705151e-24	6.155267786763097670e-04	9.654842196713855698e-07	1.279134738500048352e-24	1.923587536603116662e-17	3.648193872892079644e-14	2.569756230669095470e-14	6.815415129287021482e-24	6.917538616021609577e-04	1.055099777535208518e-28	1.600454392346719462e-02	6.731182457007670039e-02	3.379929291525671491e-03	3.707845990033028903e-10	2.687209574893401846e-03	4.772039157311350955e-07	6.907994757750869413e-04	1.486944525697187311e-11
8.210000000000000000e+03	1.027175764094362982e-14	1.010435284958779669e-16	4.347041489154936228e-24	6.155267786514544322e-04	9.654842187747766312e-07	1.279134737312168332e-24	1.923578669528770803e-17	3.648177050132502706e-14	2.569744377276390497e-14	6.815383692157835809e-24	6.917538616021598735e-04	1.055090050269199968e-28	1.600454392060744399e-02	6.731182456721787610e-02	3.379929294384451978e-03	3.712366761895552320e-10	2.687209577301002440e-03	4.772039157310398043e-07	6.907994757750180945e-04	1.486937671662212485e-11
8.220000000000000000e+03	1.027171169950527802e-14	1.010430765507825183e-16	4.347026467356892436e-24	6.155267786265990974e-04	9.654842178781704454e-07	1.279134736124292719e-24	1.923570065791732893e-17	3.648160725971116064e-14	2.569732874711274387e-14	6.815353185482177203e-24	6.917538616021587893e-04	1.055080612391926528e-28	1.600454391774771765e-02	6.731182456435905181e-02	3.379929297243221189e-03	3.716887533753877795e-10	2.687209579708591759e-03	4.772039157309474777e-07	6.907994757749513076e-04	1.486931021188525607e-11
8.230000000000000000e+03	1.027166710465492902e-14	1.010426378521059740e-16	4.347011885843525618e-24	6.155267786017437626e-04	9.654842169815674360e-07	1.279134734936420964e-24	1.923561714228482206e-17	3.648144880762476093e-14	2.569721709866807109e-14	6.815323574496046261e-24	6.917538616021577050e-04	1.055071451153067637e-28	1.600454391488799130e-02	6.731182456150024140e-02	3.379929300101979991e-03	3.721408305608005328e-10	2.687209582116170670e-03	4.772039157308581157e-07	6.907994757748864723e-04	1.486924565646656380e-11
8.240000000000000000e+03	1.027162383569531024e-14	1.010422121962488689e-16	4.346997737847595613e-24	6.155267785768884278e-04	9.654842160849695088e-07	1.279134733748555821e-24	1.923553610963066547e-17	3.648129506727757937e-14	2.569710877048000785e-14	6.815294844096045042e-24	6.917538616021566208e-04	1.055062562277996859e-28	1.600454391202828230e-02	6.731182455864155589e-02	3.379929302960728386e-03	3.725929077457933886e-10	2.687209584523739606e-03	4.772039157307709772e-07	6.907994757748235886e-04	1.486918302040471967e-11
8.250000000000000000e+03	1.027158189895261597e-14	1.010417996454421717e-16	4.346984025437535341e-24	6.155267785520330930e-04	9.654842151883745463e-07	1.279134732560694535e-24	1.923545757180182433e-17	3.648114605549190437e-14	2.569700377149950011e-14	6.815266996656967479e-24	6.917538616021555366e-04	1.055053946882576680e-28	1.600454390916858718e-02	6.731182455578287038e-02	3.379929305819466805e-03	3.730449849303665019e-10	2.687209586931298133e-03	4.772039157306866974e-07	6.907994757747624396e-04	1.486912231285750164e-11
8.260000000000000000e+03	1.027154121158839691e-14	1.010413993848018980e-16	4.346970721528216696e-24	6.155267785271777582e-04	9.654842142917821248e-07	1.279134731372836922e-24	1.923538137366784636e-17	3.648100149145481796e-14	2.569690191114502644e-14	6.815239981631392745e-24	6.917538616021544524e-04	1.055045588593423083e-28	1.600454390630889553e-02	6.731182455292418487e-02	3.379929308678195684e-03	3.734970621145197694e-10	2.687209589338847120e-03	4.772039157306048529e-07	6.907994757747032422e-04	1.486906341390813889e-11
8.270000000000000000e+03	1.027150168529184723e-14	1.010410105456126268e-16	4.346957797245266643e-24	6.155267785023224233e-04	9.654842133951922444e-07	1.279134730184982615e-24	1.923530734985017804e-17	3.648086104353498268e-14	2.569680294592394627e-14	6.815213734443882511e-24	6.917538616021533682e-04	1.055037468903639939e-28	1.600454390344922123e-02	6.731182455006549936e-02	3.379929311536915022e-03	3.739491392982531909e-10	2.687209591746386999e-03	4.772039157305252318e-07	6.907994757746455626e-04	1.486900619571808108e-11
8.280000000000000000e+03	1.027146339333637838e-14	1.010406338486666868e-16	4.346945276546387791e-24	6.155267784774670885e-04	9.654842124986053286e-07	1.279134728997131982e-24	1.923523563756703846e-17	3.648072498609553924e-14	2.569670707663169956e-14	6.815188308346511412e-24	6.917538616021522840e-04	1.055029602186667784e-28	1.600454390058956428e-02	6.731182454720681385e-02	3.379929314395625686e-03	3.744012164815668184e-10	2.687209594153917771e-03	4.772039157304482576e-07	6.907994757745899430e-04	1.486895076435777092e-11
8.290000000000000000e+03	1.027142622379882165e-14	1.010402681929730007e-16	4.346933122836823960e-24	6.155267784526117537e-04	9.654842116020207422e-07	1.279134727809284655e-24	1.923516602722132683e-17	3.648059291613167233e-14	2.569661401697582059e-14	6.815163627410597823e-24	6.917538616021511998e-04	1.055021966437930956e-28	1.600454389772990732e-02	6.731182454434812834e-02	3.379929317254326375e-03	3.748532936644605999e-10	2.687209596561439869e-03	4.772039157303734011e-07	6.907994757745357329e-04	1.486889695780744846e-11
8.300000000000000000e+03	1.027139014002029958e-14	1.010399132179174011e-16	4.346921324130475086e-24	6.155267784277564189e-04	9.654842107054384851e-07	1.279134726621440450e-24	1.923509845016244753e-17	3.648046470313883445e-14	2.569652367488504307e-14	6.815139667217380129e-24	6.917538616021501156e-04	1.055014554144274469e-28	1.600454389487025730e-02	6.731182454148944283e-02	3.379929320113019258e-03	3.753053708469346391e-10	2.687209598968953294e-03	4.772039157303006622e-07	6.907994757744831491e-04	1.486884472299979386e-11
8.310000000000000000e+03	1.027135514141205058e-14	1.010395689177082931e-16	4.346909880234842214e-24	6.155267784029010841e-04	9.654842098088587691e-07	1.279134725433599552e-24	1.923503290528784111e-17	3.648034034355555841e-14	2.569643604635657316e-14	6.815116426705563255e-24	6.917538616021490314e-04	1.055007364421209270e-28	1.600454389201063504e-02	6.731182453863075732e-02	3.379929322971703901e-03	3.757574480289888323e-10	2.687209601376457611e-03	4.772039157302304643e-07	6.907994757744323000e-04	1.486879405908251059e-11
8.320000000000000000e+03	1.027132115276728502e-14	1.010392345525345527e-16	4.346898766560067585e-24	6.155267783780457493e-04	9.654842089122813825e-07	1.279134724245761776e-24	1.923496925175875894e-17	3.648021957844118665e-14	2.569635095388300309e-14	6.815093858795951928e-24	6.917538616021479472e-04	1.055000382301200551e-28	1.600454388915101278e-02	6.731182453577207181e-02	3.379929325830380304e-03	3.762095252106231280e-10	2.687209603783954123e-03	4.772039157301620664e-07	6.907994757743826436e-04	1.486874485718641620e-11
8.330000000000000000e+03	1.027128819021491257e-14	1.010389102810565811e-16	4.346887988379710529e-24	6.155267783531904145e-04	9.654842080157063252e-07	1.279134723057926938e-24	1.923490751977954802e-17	3.648010245912596424e-14	2.569626842988441771e-14	6.815071972087867726e-24	6.917538616021468630e-04	1.054993610798801611e-28	1.600454388629139052e-02	6.731182453291338630e-02	3.379929328689048468e-03	3.766616023918376812e-10	2.687209606191442827e-03	4.772039157300953625e-07	6.907994757743345050e-04	1.486869714065966900e-11
8.340000000000000000e+03	1.027125626058454540e-14	1.010385961704575820e-16	4.346877547926807703e-24	6.155267783283350797e-04	9.654842071191331737e-07	1.279134721870094856e-24	1.923484772213991468e-17	3.647998900049836599e-14	2.569618848075726725e-14	6.815050768279080077e-24	6.917538616021457788e-04	1.054987051965998363e-28	1.600454388343178214e-02	6.731182453005470079e-02	3.379929331547709692e-03	3.771136795726323886e-10	2.687209608598924160e-03	4.772039157300310939e-07	6.907994757742878843e-04	1.486865091938880920e-11
8.350000000000000000e+03	1.027122524432888874e-14	1.010382910447479185e-16	4.346867406113795977e-24	6.155267783034797449e-04	9.654842062225623516e-07	1.279134720682265712e-24	1.923478963496531559e-17	3.647987880116673403e-14	2.569611083519144156e-14	6.815030175410246154e-24	6.917538616021446946e-04	1.054980680165588780e-28	1.600454388057219457e-02	6.731182452719601528e-02	3.379929334406363110e-03	3.775657567530073018e-10	2.687209611006397252e-03	4.772039157299685194e-07	6.907994757742426731e-04	1.486860602031740984e-11
8.360000000000000000e+03	1.027119518477240438e-14	1.010379953301112601e-16	4.346857577106176469e-24	6.155267782786244101e-04	9.654842053259936470e-07	1.279134719494439324e-24	1.923473333938873592e-17	3.647977198445777683e-14	2.569603556468958969e-14	6.815010212449627691e-24	6.917538616021436104e-04	1.054974505053275086e-28	1.600454387771260700e-02	6.731182452433732977e-02	3.379929337265009156e-03	3.780178339329624725e-10	2.687209613413863839e-03	4.772039157299078506e-07	6.907994757741986545e-04	1.486856250616187198e-11
8.370000000000000000e+03	1.027116596470799441e-14	1.010377078735785215e-16	4.346848022581543239e-24	6.155267782537690753e-04	9.654842044294268483e-07	1.279134718306615323e-24	1.923467861591811214e-17	3.647966816457968084e-14	2.569596241283843819e-14	6.814990811387645734e-24	6.917538616021425262e-04	1.054968502959995539e-28	1.600454387485301944e-02	6.731182452147864426e-02	3.379929340123648696e-03	3.784699111124977974e-10	2.687209615821323921e-03	4.772039157298487701e-07	6.907994757741560453e-04	1.486852020725342548e-11
8.380000000000000000e+03	1.027113760548901599e-14	1.010374288852032950e-16	4.346838749521661229e-24	6.155267782289137405e-04	9.654842035328617436e-07	1.279134717118794261e-24	1.923462550454154616e-17	3.647956740312875659e-14	2.569589141610862022e-14	6.814971981899012582e-24	6.917538616021414420e-04	1.054962677071795464e-28	1.600454387199344575e-02	6.731182451861995875e-02	3.379929342982281298e-03	3.789219882916133281e-10	2.687209618228776197e-03	4.772039157297918071e-07	6.907994757741148456e-04	1.486847915450315387e-11
8.390000000000000000e+03	1.027111012827036147e-14	1.010371585730868164e-16	4.346829764843402216e-24	6.155267782040584057e-04	9.654842026362987565e-07	1.279134715930975035e-24	1.923457404487549398e-17	3.647946976542049083e-14	2.569582261535404613e-14	6.814953734820353515e-24	6.917538616021403578e-04	1.054957032849906937e-28	1.600454386913389287e-02	6.731182451576127324e-02	3.379929345840907394e-03	3.793740654703089613e-10	2.687209620636222835e-03	4.772039157297363265e-07	6.907994757740747302e-04	1.486843937853483765e-11
8.400000000000000000e+03	1.027108345277638868e-14	1.010368961475554687e-16	4.346821042299583365e-24	6.155267781792030709e-04	9.654842017397376752e-07	1.279134714743158932e-24	1.923452408658882521e-17	3.647937497656642460e-14	2.569575582160959891e-14	6.814936020033549999e-24	6.917538616021392736e-04	1.054951553112796267e-28	1.600454386627434000e-02	6.731182451290258772e-02	3.379929348699526985e-03	3.798261426485848003e-10	2.687209623043662100e-03	4.772039157296825399e-07	6.907994757740358073e-04	1.486840076314160778e-11
8.410000000000000000e+03	1.027105756254506934e-14	1.010366414466719469e-16	4.346812576507728452e-24	6.155267781543477361e-04	9.654842008431795586e-07	1.279134713555346686e-24	1.923447559885334565e-17	3.647928298435261189e-14	2.569569100205325018e-14	6.814918828832620510e-24	6.917538616021381894e-04	1.054946234548020780e-28	1.600454386341478713e-02	6.731182451004401324e-02	3.379929351558140938e-03	3.802782198264408969e-10	2.687209625451096161e-03	4.772039157296303415e-07	6.907994757739978602e-04	1.486836328449307907e-11
8.420000000000000000e+03	1.027103245925827701e-14	1.010363944869808337e-16	4.346804368017748426e-24	6.155267781294924013e-04	9.654841999466241948e-07	1.279134712367537563e-24	1.923442858481863484e-17	3.647919378579662206e-14	2.569562814929617843e-14	6.814902159259370722e-24	6.917538616021371052e-04	1.054941078114464803e-28	1.600454386055523426e-02	6.731182450718546650e-02	3.379929354416747952e-03	3.807302970038771475e-10	2.687209627858524151e-03	4.772039157295797312e-07	6.907994757739613226e-04	1.486832694502390900e-11
8.430000000000000000e+03	1.027100810414491183e-14	1.010361548870900310e-16	4.346796404152925599e-24	6.155267781046370665e-04	9.654841990500698898e-07	1.279134711179730460e-24	1.923438297187859758e-17	3.647910724667541291e-14	2.569556717166863810e-14	6.814885987000814407e-24	6.917538616021360210e-04	1.054936074751205339e-28	1.600454385769570220e-02	6.731182450432691977e-02	3.379929357275349763e-03	3.811823741808936041e-10	2.687209630265945635e-03	4.772039157295303916e-07	6.907994757739255439e-04	1.486829168860914663e-11
8.440000000000000000e+03	1.027098445968855406e-14	1.010359222779495273e-16	4.346788672646769973e-24	6.155267780797817317e-04	9.654841981535172789e-07	1.279134709991925744e-24	1.923433868977669617e-17	3.647902323050439164e-14	2.569550797027892196e-14	6.814870285829878502e-24	6.917538616021349368e-04	1.054931217802330055e-28	1.600454385483618402e-02	6.731182450146837304e-02	3.379929360133945935e-03	3.816344513574903181e-10	2.687209632673362349e-03	4.772039157294826401e-07	6.907994757738910663e-04	1.486825746094008080e-11
8.450000000000000000e+03	1.027096152626762027e-14	1.010356966632817599e-16	4.346781173623008208e-24	6.155267780549263969e-04	9.654841972569663620e-07	1.279134708804122865e-24	1.923429573922161429e-17	3.647894174713607122e-14	2.569545055713047010e-14	6.814855058928695275e-24	6.917538616021338526e-04	1.054926507075425874e-28	1.600454385197666238e-02	6.731182449860982631e-02	3.379929362992537337e-03	3.820865285336671863e-10	2.687209635080773425e-03	4.772039157294362650e-07	6.907994757738573476e-04	1.486822426256451188e-11
8.460000000000000000e+03	1.027093928194339487e-14	1.010354778272750435e-16	4.346773899908487981e-24	6.155267780300710621e-04	9.654841963604169275e-07	1.279134707616322191e-24	1.923425407912897986e-17	3.647886271279664207e-14	2.569539486944434642e-14	6.814840289648245995e-24	6.917538616021327684e-04	1.054921937386364016e-28	1.600454384911714420e-02	6.731182449575127957e-02	3.379929365851122233e-03	3.825386057094243121e-10	2.687209637488178864e-03	4.772039157293913723e-07	6.907994757738249300e-04	1.486819206172400347e-11
8.470000000000000000e+03	1.027091769573158771e-14	1.010352654651361793e-16	4.346766841372488941e-24	6.155267780052157273e-04	9.654841954638691870e-07	1.279134706428523537e-24	1.923421365147486240e-17	3.647878600673140414e-14	2.569534081720422626e-14	6.814825954116269595e-24	6.917538616021316842e-04	1.054917503234536367e-28	1.600454384625762602e-02	6.731182449289273284e-02	3.379929368709702359e-03	3.829906828847615919e-10	2.687209639895578664e-03	4.772039157293478560e-07	6.907994757737934881e-04	1.486816081356574668e-11
8.480000000000000000e+03	1.027089674627967784e-14	1.010350593668198705e-16	4.346759991033521651e-24	6.155267779803603925e-04	9.654841945673225053e-07	1.279134705240726352e-24	1.923417441627271923e-17	3.647871156216191866e-14	2.569528835797385787e-14	6.814812041076618616e-24	6.917538616021306000e-04	1.054913199688492026e-28	1.600454384339811131e-02	6.731182449003418611e-02	3.379929371568277281e-03	3.834427600596790777e-10	2.687209642302974127e-03	4.772039157293053984e-07	6.907994757737626968e-04	1.486813048717988581e-11
8.490000000000000000e+03	1.027087641044081549e-14	1.010348593046302172e-16	4.346753341323425078e-24	6.155267779555050577e-04	9.654841936707777294e-07	1.279134704052931554e-24	1.923413633017586385e-17	3.647863931461896991e-14	2.569523745591813969e-14	6.814798541022491312e-24	6.917538616021295158e-04	1.054909022229062727e-28	1.600454384053862783e-02	6.731182448717563938e-02	3.379929374426847866e-03	3.838948372341768209e-10	2.687209644710364387e-03	4.772039157292643173e-07	6.907994757737329896e-04	1.486810104905907582e-11
8.500000000000000000e+03	1.027085669530774057e-14	1.010346653483384415e-16	4.346746894561258557e-24	6.155267779306497229e-04	9.654841927742338005e-07	1.279134702865138227e-24	1.923409940646657230e-17	3.647856925416167355e-14	2.569518808487268227e-14	6.814785447020116704e-24	6.917538616021284316e-04	1.054904972672494727e-28	1.600454383767914435e-02	6.731182448431709264e-02	3.379929377285413247e-03	3.843469144082547183e-10	2.687209647117749876e-03	4.772039157292244009e-07	6.907994757737041499e-04	1.486807250947076071e-11
8.510000000000000000e+03	1.027083757882164446e-14	1.010344772809515511e-16	4.346740643534602380e-24	6.155267779057943880e-04	9.654841918776911422e-07	1.279134701677346552e-24	1.923406360383569644e-17	3.647850132086224191e-14	2.569514021311126388e-14	6.814772750652267576e-24	6.917538616021273474e-04	1.054901045757784013e-28	1.600454383481966086e-02	6.731182448145854591e-02	3.379929380143974291e-03	3.847989915819128215e-10	2.687209649525131461e-03	4.772039157291855433e-07	6.907994757736759606e-04	1.486804483648264428e-11
8.520000000000000000e+03	1.027081903982213010e-14	1.010342948943141501e-16	4.346734581324788466e-24	6.155267778809390532e-04	9.654841909811499662e-07	1.279134700489556530e-24	1.923402888265648504e-17	3.647843545374040174e-14	2.569509380430639493e-14	6.814760442282233895e-24	6.917538616021262632e-04	1.054897237474621099e-28	1.600454383196017738e-02	6.731182447859999918e-02	3.379929383002531432e-03	3.852510687551511823e-10	2.687209651932508277e-03	4.772039157291480621e-07	6.907994757736488555e-04	1.486801799946298767e-11
8.530000000000000000e+03	1.027080100860969831e-14	1.010341175027906177e-16	4.346728685142645957e-24	6.155267778560837184e-04	9.654841900846100608e-07	1.279134699301768161e-24	1.923399511240350426e-17	3.647837138246941163e-14	2.569504865711944161e-14	6.814748468515055278e-24	6.917538616021251790e-04	1.054893533678315205e-28	1.600454382910069390e-02	6.731182447574143857e-02	3.379929385861083803e-03	3.857031459279696972e-10	2.687209654339881189e-03	4.772039157291117455e-07	6.907994757736225094e-04	1.486799189751491703e-11
8.540000000000000000e+03	1.027078355400795236e-14	1.010339457834003771e-16	4.346722977490958553e-24	6.155267778312283836e-04	9.654841891880712142e-07	1.279134698113981446e-24	1.923396242196184722e-17	3.647830935949690971e-14	2.569500495206473803e-14	6.814736877225060764e-24	6.917538616021240948e-04	1.054889947872872915e-28	1.600454382624121041e-02	6.731182447288289183e-02	3.379929388719632270e-03	3.861552231003684180e-10	2.687209656747249330e-03	4.772039157290760643e-07	6.907994757735968138e-04	1.486796663026736434e-11
8.550000000000000000e+03	1.027076658681582692e-14	1.010337788586704801e-16	4.346717429204266288e-24	6.155267778063730488e-04	9.654841882915334263e-07	1.279134696926196567e-24	1.923393064428589697e-17	3.647824907621383293e-14	2.569496247758365128e-14	6.814725612301989124e-24	6.917538616021230106e-04	1.054886462791604191e-28	1.600454382338174081e-02	6.731182447002434510e-02	3.379929391578176401e-03	3.866073002723473963e-10	2.687209659154613569e-03	4.772039157290418653e-07	6.907994757735718772e-04	1.486794206859302222e-11
8.560000000000000000e+03	1.027075012732473668e-14	1.010336169282081395e-16	4.346712046917117317e-24	6.155267777815177140e-04	9.654841873949971208e-07	1.279134695738412790e-24	1.923389981737502170e-17	3.647819057958974847e-14	2.569492125291527453e-14	6.814714678852275979e-24	6.917538616021219264e-04	1.054883081727785527e-28	1.600454382052229202e-02	6.731182446716579837e-02	3.379929394436716628e-03	3.870593774439065287e-10	2.687209661561974338e-03	4.772039157290085134e-07	6.907994757735478079e-04	1.486791824186571399e-11
8.570000000000000000e+03	1.027073417037132826e-14	1.010334599412211532e-16	4.346706828941278408e-24	6.155267777566623792e-04	9.654841864984616622e-07	1.279134694550630666e-24	1.923386993155998381e-17	3.647813388315496505e-14	2.569488130394562399e-14	6.814704083736501621e-24	6.917538616021208422e-04	1.054879803979837453e-28	1.600454381766284323e-02	6.731182446430725164e-02	3.379929397295253386e-03	3.875114546150459187e-10	2.687209663969330770e-03	4.772039157289759026e-07	6.907994757735242807e-04	1.486789514261098392e-11
8.580000000000000000e+03	1.027071866187988396e-14	1.010333073657653901e-16	4.346701757595984748e-24	6.155267777318070444e-04	9.654841856019272625e-07	1.279134693362849644e-24	1.923384088557383991e-17	3.647807878069829487e-14	2.569484247881549496e-14	6.814693786681173115e-24	6.917538616021197580e-04	1.054876618226379551e-28	1.600454381480339444e-02	6.731182446144870490e-02	3.379929400153786241e-03	3.879635317857654628e-10	2.687209666376684167e-03	4.772039157289443506e-07	6.907994757735015125e-04	1.486787269254891141e-11
8.590000000000000000e+03	1.027070360273775870e-14	1.010331592105697565e-16	4.346696833171364505e-24	6.155267777069517096e-04	9.654841847053937098e-07	1.279134692175070092e-24	1.923381268107830702e-17	3.647802527401488874e-14	2.569480477765982052e-14	6.814683787722334056e-24	6.917538616021186738e-04	1.054873525121013075e-28	1.600454381194394565e-02	6.731182445859015817e-02	3.379929403012315627e-03	3.884156089560652127e-10	2.687209668784033660e-03	4.772039157289139633e-07	6.907994757734793947e-04	1.486785089296404656e-11
8.600000000000000000e+03	1.027068901450483342e-14	1.010330156877193588e-16	4.346692062716708161e-24	6.155267776820963748e-04	9.654841838088614277e-07	1.279134690987292009e-24	1.923378535844826617e-17	3.647797343081117617e-14	2.569476824370142248e-14	6.814674098324714560e-24	6.917538616021175896e-04	1.054870528490067110e-28	1.600454380908449686e-02	6.731182445573161144e-02	3.379929405870841109e-03	3.888676861259452202e-10	2.687209671191378817e-03	4.772039157288842113e-07	6.907994757734578191e-04	1.486782977506642440e-11
8.610000000000000000e+03	1.027067489102048152e-14	1.010328767366119547e-16	4.346687444217715778e-24	6.155267776572410400e-04	9.654841829123302043e-07	1.279134689799515028e-24	1.923375890614682384e-17	3.647792323888342214e-14	2.569473287243242775e-14	6.814664717291399832e-24	6.917538616021165054e-04	1.054867627172689865e-28	1.600454380622504461e-02	6.731182445287306471e-02	3.379929408729363122e-03	3.893197632954053818e-10	2.687209673598720937e-03	4.772039157288556239e-07	6.907994757734372193e-04	1.486780932993792641e-11
8.620000000000000000e+03	1.027066117877224619e-14	1.010327418308441875e-16	4.346682960177785773e-24	6.155267776323857052e-04	9.654841820157996163e-07	1.279134688611739516e-24	1.923373322396194399e-17	3.647787451600522457e-14	2.569469854092093699e-14	6.814655612017475309e-24	6.917538616021154212e-04	1.054864810253380633e-28	1.600454380336559582e-02	6.731182445001451797e-02	3.379929411587882099e-03	3.897718404644457493e-10	2.687209676006060456e-03	4.772039157288275660e-07	6.907994757734169447e-04	1.486778948011404464e-11
8.630000000000000000e+03	1.027064784120187707e-14	1.010326106107916884e-16	4.346678598643717230e-24	6.155267776075303704e-04	9.654841811192700870e-07	1.279134687423964922e-24	1.923370824343142698e-17	3.647782712366649876e-14	2.569466514661261546e-14	6.814646755305228447e-24	6.917538616021143370e-04	1.054862070793790555e-28	1.600454380050615050e-02	6.731182444715597124e-02	3.379929414446398907e-03	3.902239176330663743e-10	2.687209678413396939e-03	4.772039157288005668e-07	6.907994757733973206e-04	1.486777017267310445e-11
8.640000000000000000e+03	1.027063491524359563e-14	1.010324834397774744e-16	4.346674371691647204e-24	6.155267775826750356e-04	9.654841802227414047e-07	1.279134686236191798e-24	1.923368403372154928e-17	3.647778119349625349e-14	2.569463278236095762e-14	6.814638171780867696e-24	6.917538616021132528e-04	1.054859415639356348e-28	1.600454379764673640e-02	6.731182444429742451e-02	3.379929417304910946e-03	3.906759948012671535e-10	2.687209680820729085e-03	4.772039157287742029e-07	6.907994757733782387e-04	1.486775146108102333e-11
8.650000000000000000e+03	1.027062236317777154e-14	1.010323599467524371e-16	4.346670266988638674e-24	6.155267775578197008e-04	9.654841793262137813e-07	1.279134685048419960e-24	1.923366052419520636e-17	3.647773659124434131e-14	2.569460135348779586e-14	6.814629836334233580e-24	6.917538616021121686e-04	1.054856837494174734e-28	1.600454379478732231e-02	6.731182444143887778e-02	3.379929420163420382e-03	3.911280719690481384e-10	2.687209683228059063e-03	4.772039157287487919e-07	6.907994757733598072e-04	1.486773329073494018e-11
8.660000000000000000e+03	1.027061018566309895e-14	1.010322401381961691e-16	4.346666284750059104e-24	6.155267775329643660e-04	9.654841784296865813e-07	1.279134683860648489e-24	1.923363771608592706e-17	3.647769331899396086e-14	2.569457086131533679e-14	6.814621749316034840e-24	6.917538616021110844e-04	1.054854335294597848e-28	1.600454379192790821e-02	6.731182443858033104e-02	3.379929423021927649e-03	3.915801491364093810e-10	2.687209685635386439e-03	4.772039157287238044e-07	6.907994757733418095e-04	1.486771566258837131e-11
8.670000000000000000e+03	1.027059838173075095e-14	1.010321240045782692e-16	4.346662424659138480e-24	6.155267775081090312e-04	9.654841775331606519e-07	1.279134682672879039e-24	1.923361560757940219e-17	3.647765137389595482e-14	2.569454130413681989e-14	6.814613910273521010e-24	6.917538616021100002e-04	1.054851911517792239e-28	1.600454378906849412e-02	6.731182443572178431e-02	3.379929425880431448e-03	3.920322263033507776e-10	2.687209688042709911e-03	4.772039157286997699e-07	6.907994757733244623e-04	1.486769857523885460e-11
8.680000000000000000e+03	1.027058695304621485e-14	1.010320115622821704e-16	4.346658687260431172e-24	6.155267774832536964e-04	9.654841766366353578e-07	1.279134681485110139e-24	1.923359420179455973e-17	3.647761076114631013e-14	2.569451268524508942e-14	6.814606320080119657e-24	6.917538616021089160e-04	1.054849563568478265e-28	1.600454378620908003e-02	6.731182443286323758e-02	3.379929428738932644e-03	3.924843034698724318e-10	2.687209690450031215e-03	4.772039157286763706e-07	6.907994757733074403e-04	1.486768203109733073e-11
8.690000000000000000e+03	1.027057586068001121e-14	1.010319024283576760e-16	4.346655059825429414e-24	6.155267774583983616e-04	9.654841757401104872e-07	1.279134680297341790e-24	1.923357342582868661e-17	3.647757134313409209e-14	2.569448490805787895e-14	6.814598953120524650e-24	6.917538616021078317e-04	1.054847285169971279e-28	1.600454378334966593e-02	6.731182443000469084e-02	3.379929431597431672e-03	3.929363806359742402e-10	2.687209692857350785e-03	4.772039157286538183e-07	6.907994757732911772e-04	1.486766597380957754e-11
8.700000000000000000e+03	1.027056506701642162e-14	1.010317962327780412e-16	4.346651530055179729e-24	6.155267774335430268e-04	9.654841748435866754e-07	1.279134679109574911e-24	1.923355320923931433e-17	3.647753298718100593e-14	2.569445788001498935e-14	6.814591784846066083e-24	6.917538616021067475e-04	1.054845068108269760e-28	1.600454378049025184e-02	6.731182442714614411e-02	3.379929434455927230e-03	3.933884578016562543e-10	2.687209695264666451e-03	4.772039157286316896e-07	6.907994757732751311e-04	1.486765034892315803e-11
8.710000000000000000e+03	1.027055458901037831e-14	1.010316931423293169e-16	4.346648103493319352e-24	6.155267774086876920e-04	9.654841739470632871e-07	1.279134677921808767e-24	1.923353358377778308e-17	3.647749576764118044e-14	2.569443166008602942e-14	6.814584830894392326e-24	6.917538616021056633e-04	1.054842915663809825e-28	1.600454377763083774e-02	6.731182442428759738e-02	3.379929437314421921e-03	3.938405349669185261e-10	2.687209697671980816e-03	4.772039157286107255e-07	6.907994757732599522e-04	1.486763518098197176e-11
8.720000000000000000e+03	1.027054446949398342e-14	1.010315935783519611e-16	4.346644794144370596e-24	6.155267773838323572e-04	9.654841730505411693e-07	1.279134676734044459e-24	1.923351462965507836e-17	3.647745980478174284e-14	2.569440631663522506e-14	6.814578109401637071e-24	6.917538616021045791e-04	1.054840837602743146e-28	1.600454377477142365e-02	6.731182442142905065e-02	3.379929440172912275e-03	3.942926121317609519e-10	2.687209700079291278e-03	4.772039157285899732e-07	6.907994757732448818e-04	1.486762053198971325e-11
8.730000000000000000e+03	1.027053464945774177e-14	1.010314969603681123e-16	4.346641582714399545e-24	6.155267773589770224e-04	9.654841721540192633e-07	1.279134675546279600e-24	1.923349623636494838e-17	3.647742490557187536e-14	2.569438172240302386e-14	6.814571586613944355e-24	6.917538616021034949e-04	1.054838819960726279e-28	1.600454377191200955e-02	6.731182441857050391e-02	3.379929443031401762e-03	3.947446892961835836e-10	2.687209702486600873e-03	4.772039157285699621e-07	6.907994757732304619e-04	1.486760631652433888e-11
8.740000000000000000e+03	1.027052509098481727e-14	1.010314029153889888e-16	4.346638456805999193e-24	6.155267773341216875e-04	9.654841712574979926e-07	1.279134674358516394e-24	1.923347833290104624e-17	3.647739093560402440e-14	2.569435778284512160e-14	6.814565237456581165e-24	6.917538616021024107e-04	1.054836856328495375e-28	1.600454376905259546e-02	6.731182441571195718e-02	3.379929445889887779e-03	3.951967664601865762e-10	2.687209704893906998e-03	4.772039157285504803e-07	6.907994757732162589e-04	1.486759247969751980e-11
8.750000000000000000e+03	1.027051579532509536e-14	1.010313114557098999e-16	4.346635416827841905e-24	6.155267773092663527e-04	9.654841703609773572e-07	1.279134673170753923e-24	1.923346092160404241e-17	3.647735789989658226e-14	2.569433450226752499e-14	6.814559063071421242e-24	6.917538616021013265e-04	1.054834947112715097e-28	1.600454376619321606e-02	6.731182441285341045e-02	3.379929448748372929e-03	3.956488436237697230e-10	2.687209707301211822e-03	4.772039157285311044e-07	6.907994757732022727e-04	1.486757902331858111e-11
8.760000000000000000e+03	1.027050681414311355e-14	1.010312230895559629e-16	4.346632479672321495e-24	6.155267772844110179e-04	9.654841694644577805e-07	1.279134671982992554e-24	1.923344409922548051e-17	3.647732599657397844e-14	2.569431202704448887e-14	6.814553102277193632e-24	6.917538616021002423e-04	1.054833102019372534e-28	1.600454376333383666e-02	6.731182440999486372e-02	3.379929451606854610e-03	3.961009207869330756e-10	2.687209709708513611e-03	4.772039157285129991e-07	6.907994757731892622e-04	1.486756602217700297e-11
8.770000000000000000e+03	1.027049811687237821e-14	1.010311375162438458e-16	4.346629635345321075e-24	6.155267772595556831e-04	9.654841685679382039e-07	1.279134670795231369e-24	1.923342780852373357e-17	3.647729508493999906e-14	2.569429024157439875e-14	6.814547324419312571e-24	6.917538616020991581e-04	1.054831315827655828e-28	1.600454376047445726e-02	6.731182440713631698e-02	3.379929454465335423e-03	3.965529979496766858e-10	2.687209712115814532e-03	4.772039157284953173e-07	6.907994757731763602e-04	1.486755343202479415e-11
8.780000000000000000e+03	1.027048964351137474e-14	1.010310541455371697e-16	4.346626864228554777e-24	6.155267772347003483e-04	9.654841676714196860e-07	1.279134669607471469e-24	1.923341193713482857e-17	3.647726496889592735e-14	2.569426901669875308e-14	6.814541695240219830e-24	6.917538616020980739e-04	1.054829575146752144e-28	1.600454375761507786e-02	6.731182440427777025e-02	3.379929457323812766e-03	3.970050751120004501e-10	2.687209714523112417e-03	4.772039157284776355e-07	6.907994757731636751e-04	1.486754116600388027e-11
8.790000000000000000e+03	1.027048141098759562e-14	1.010309731439520841e-16	4.346624171856689347e-24	6.155267772098450135e-04	9.654841667749026505e-07	1.279134668419713774e-24	1.923339651675873424e-17	3.647723572545193630e-14	2.569424841596977989e-14	6.814536231592382820e-24	6.917538616020969897e-04	1.054827884122920685e-28	1.600454375475569846e-02	6.731182440141933454e-02	3.379929460182290110e-03	3.974571522739044719e-10	2.687209716930409869e-03	4.772039157284611183e-07	6.907994757731517489e-04	1.486752924861845947e-11
8.800000000000000000e+03	1.027047349939266860e-14	1.010308952993519304e-16	4.346621584416738471e-24	6.155267771849896787e-04	9.654841658783875208e-07	1.279134667231958098e-24	1.923338169738184258e-17	3.647720760448781450e-14	2.569422859632996157e-14	6.814530975104909828e-24	6.917538616020959055e-04	1.054826259138637990e-28	1.600454375189631906e-02	6.731182439856092659e-02	3.379929463040763551e-03	3.979092294353886479e-10	2.687209719337702984e-03	4.772039157284447071e-07	6.907994757731398226e-04	1.486751779580902923e-11
8.810000000000000000e+03	1.027046573752126947e-14	1.010308189275857044e-16	4.346619045930863295e-24	6.155267771601343439e-04	9.654841649818719675e-07	1.279134666044202239e-24	1.923336715839024469e-17	3.647718001526431576e-14	2.569420915132333312e-14	6.814525817976296673e-24	6.917538616020948213e-04	1.054824664616556399e-28	1.600454374903693966e-02	6.731182439570251863e-02	3.379929465899236558e-03	3.983613065964530297e-10	2.687209721744996099e-03	4.772039157284285076e-07	6.907994757731280048e-04	1.486750655973908514e-11
8.820000000000000000e+03	1.027045825300136762e-14	1.010307452841328954e-16	4.346616598128712873e-24	6.155267771352790091e-04	9.654841640853574731e-07	1.279134664856448033e-24	1.923335313879126734e-17	3.647715342839569287e-14	2.569419042176726166e-14	6.814520850594231611e-24	6.917538616020937371e-04	1.054823127286510035e-28	1.600454374617756026e-02	6.731182439284411068e-02	3.379929468757706962e-03	3.988133837570976690e-10	2.687209724152286178e-03	4.772039157284134727e-07	6.907994757731171628e-04	1.486749572516262234e-11
8.830000000000000000e+03	1.027045097749597493e-14	1.010306736967608635e-16	4.346614218666607397e-24	6.155267771104236743e-04	9.654841631888436139e-07	1.279134663668694011e-24	1.923333951061095795e-17	3.647712756673264936e-14	2.569417219361868835e-14	6.814516016196325880e-24	6.917538616020926529e-04	1.054821632708387050e-28	1.600454374331818086e-02	6.731182438998570272e-02	3.379929471616175633e-03	3.992654609173224625e-10	2.687209726559574956e-03	4.772039157283985438e-07	6.907994757731063208e-04	1.486748519315515975e-11
8.840000000000000000e+03	1.027044386721391426e-14	1.010306037346947565e-16	4.346611893226446009e-24	6.155267770855683395e-04	9.654841622923295430e-07	1.279134662480940173e-24	1.923332619184231045e-17	3.647710230901700892e-14	2.569415440039028619e-14	6.814511297143710752e-24	6.917538616020915687e-04	1.054820172232857867e-28	1.600454374045880146e-02	6.731182438712729477e-02	3.379929474474643869e-03	3.997175380771275652e-10	2.687209728966863734e-03	4.772039157283835090e-07	6.907994757730954788e-04	1.486747490032468037e-11
8.850000000000000000e+03	1.027043707848665578e-14	1.010305369357710105e-16	4.346609672922859354e-24	6.155267770607130047e-04	9.654841613958167426e-07	1.279134661293188171e-24	1.923331347524506977e-17	3.647707817596114440e-14	2.569413738972685250e-14	6.814506785642883098e-24	6.917538616020904845e-04	1.054818777927118162e-28	1.600454373759942206e-02	6.731182438426888681e-02	3.379929477333108202e-03	4.001696152365129255e-10	2.687209731374148175e-03	4.772039157283696388e-07	6.907994757730855041e-04	1.486746507297629359e-11
8.860000000000000000e+03	1.027043034243541227e-14	1.010304706550225185e-16	4.346607469842388175e-24	6.155267770358576699e-04	9.654841604993041539e-07	1.279134660105435802e-24	1.923330085729359724e-17	3.647705424756613513e-14	2.569412053294792607e-14	6.814502314952004327e-24	6.917538616020894003e-04	1.054817394394617776e-28	1.600454373474004266e-02	6.731182438141047886e-02	3.379929480191572536e-03	4.006216923954784399e-10	2.687209733781432616e-03	4.772039157283561921e-07	6.907994757730757463e-04	1.486745532188160974e-11
8.870000000000000000e+03	1.027042396534906644e-14	1.010304079054203943e-16	4.346605384130216481e-24	6.155267770110023351e-04	9.654841596027915653e-07	1.279134658917683800e-24	1.923328891157092808e-17	3.647703157653012977e-14	2.569410455212609681e-14	6.814498076582061593e-24	6.917538616020883161e-04	1.054816084054511431e-28	1.600454373188066326e-02	6.731182437855207090e-02	3.379929483050036002e-03	4.010737695540241601e-10	2.687209736188715323e-03	4.772039157283427455e-07	6.907994757730659885e-04	1.486744609042382233e-11
8.880000000000000000e+03	1.027041762541179149e-14	1.010303455212545962e-16	4.346603310564423506e-24	6.155267769861470003e-04	9.654841587062800355e-07	1.279134657729933267e-24	1.923327703541688526e-17	3.647700904609869159e-14	2.569408867558297966e-14	6.814493865867135442e-24	6.917538616020872319e-04	1.054814782147732239e-28	1.600454372902128386e-02	6.731182437569366295e-02	3.379929485908495998e-03	4.015258467121501379e-10	2.687209738595995427e-03	4.772039157283292988e-07	6.907994757730561222e-04	1.486743691274295295e-11
8.890000000000000000e+03	1.027041163743828157e-14	1.010302865993648847e-16	4.346601352077815662e-24	6.155267769612916655e-04	9.654841578097682939e-07	1.279134656542182735e-24	1.923326581838080531e-17	3.647698776627261717e-14	2.569407367935299912e-14	6.814489888625721947e-24	6.917538616020861477e-04	1.054813551936718851e-28	1.600454372616190446e-02	6.731182437283525499e-02	3.379929488766955994e-03	4.019779238698562698e-10	2.687209741003275532e-03	4.772039157283172286e-07	6.907994757730474486e-04	1.486742824456414342e-11
8.900000000000000000e+03	1.027040565036087978e-14	1.010302276862901514e-16	4.346599393884201989e-24	6.155267769364363307e-04	9.654841569132573993e-07	1.279134655354432570e-24	1.923325460302288210e-17	3.647696649779832690e-14	2.569405869609769787e-14	6.814485914824078225e-24	6.917538616020850635e-04	1.054812322324746207e-28	1.600454372330252506e-02	6.731182436997684704e-02	3.379929491625414690e-03	4.024300010271426076e-10	2.687209743410553901e-03	4.772039157283051584e-07	6.907994757730387750e-04	1.486741957768252434e-11
8.910000000000000000e+03	1.027040002127946987e-14	1.010301722948306945e-16	4.346597552742091339e-24	6.155267769115809959e-04	9.654841560167469283e-07	1.279134654166683690e-24	1.923324405807931440e-17	3.647694648362232332e-14	2.569404458685623908e-14	6.814482172827922145e-24	6.917538616020839793e-04	1.054811165967097822e-28	1.600454372044314566e-02	6.731182436711843908e-02	3.379929494483870350e-03	4.028820781840092029e-10	2.687209745817830103e-03	4.772039157282932999e-07	6.907994757730302098e-04	1.486741142903522974e-11
8.920000000000000000e+03	1.027039440837821402e-14	1.010301170625360169e-16	4.346595716890301095e-24	6.155267768867256611e-04	9.654841551202366690e-07	1.279134652978934627e-24	1.923323354343622687e-17	3.647692654422727279e-14	2.569403053986452638e-14	6.814478447338720424e-24	6.917538616020828951e-04	1.054810012661299696e-28	1.600454371758380095e-02	6.731182436426003113e-02	3.379929497342326009e-03	4.033341553404559523e-10	2.687209748225105870e-03	4.772039157282814415e-07	6.907994757730215362e-04	1.486740330381029089e-11
8.930000000000000000e+03	1.027038907887803094e-14	1.010300646180645618e-16	4.346593973700221582e-24	6.155267768618703263e-04	9.654841542237264097e-07	1.279134651791185931e-24	1.923322355951455745e-17	3.647690759393646894e-14	2.569401717994852354e-14	6.814474904075991562e-24	6.917538616020818109e-04	1.054808918210898478e-28	1.600454371472445625e-02	6.731182436140162317e-02	3.379929500200781669e-03	4.037862324964830627e-10	2.687209750632381638e-03	4.772039157282704301e-07	6.907994757730136215e-04	1.486739558883619125e-11
8.940000000000000000e+03	1.027038383978168625e-14	1.010300130628978220e-16	4.346592260068868813e-24	6.155267768370149915e-04	9.654841533272172092e-07	1.279134650603438338e-24	1.923321374489106029e-17	3.647688898205007394e-14	2.569400406798504007e-14	6.814471426571633321e-24	6.917538616020807267e-04	1.054807842166042516e-28	1.600454371186511154e-02	6.731182435854321522e-02	3.379929503059232992e-03	4.042383096520903272e-10	2.687209753039653069e-03	4.772039157282599480e-07	6.907994757730060321e-04	1.486738800473050111e-11
8.950000000000000000e+03	1.027037873492619781e-14	1.010299628282616565e-16	4.346590590329330467e-24	6.155267768121596567e-04	9.654841524307082205e-07	1.279134649415691295e-24	1.923320418165858556e-17	3.647687082979055080e-14	2.569399127028189925e-14	6.814468032416949519e-24	6.917538616020796425e-04	1.054806793718907371e-28	1.600454370900576684e-02	6.731182435568480726e-02	3.379929505917684748e-03	4.046903868072777975e-10	2.687209755446924499e-03	4.772039157282494660e-07	6.907994757729984427e-04	1.486738061495162193e-11
8.960000000000000000e+03	1.027037387013815220e-14	1.010299149551747194e-16	4.346588999083002015e-24	6.155267767873043219e-04	9.654841515341990200e-07	1.279134648227944069e-24	1.923319506799735831e-17	3.647685354742294253e-14	2.569397909486278516e-14	6.814464803299511132e-24	6.917538616020785583e-04	1.054805794278461028e-28	1.600454370614641866e-02	6.731182435282639931e-02	3.379929508776136071e-03	4.051424639620455254e-10	2.687209757854195930e-03	4.772039157282389840e-07	6.907994757729908532e-04	1.486737357269391692e-11
8.970000000000000000e+03	1.027036900505060293e-14	1.010298670791415716e-16	4.346587407738748271e-24	6.155267767624489871e-04	9.654841506376904548e-07	1.279134647040197026e-24	1.923318595377526020e-17	3.647683626392182317e-14	2.569396691862165908e-14	6.814461573964068502e-24	6.917538616020774741e-04	1.054804794982290805e-28	1.600454370328707396e-02	6.731182434996799135e-02	3.379929511634586093e-03	4.055945411163934075e-10	2.687209760261465626e-03	4.772039157282285019e-07	6.907994757729832638e-04	1.486736653000264648e-11
8.980000000000000000e+03	1.027036446158270967e-14	1.010298223668887515e-16	4.346585921552273708e-24	6.155267767375936522e-04	9.654841497411825248e-07	1.279134645852451636e-24	1.923317744184601652e-17	3.647682010533268172e-14	2.569395552513909740e-14	6.814458552231753060e-24	6.917538616020763899e-04	1.054803861438257874e-28	1.600454370042772925e-02	6.731182434710958340e-02	3.379929514493033079e-03	4.060466182703214953e-10	2.687209762668732720e-03	4.772039157282191846e-07	6.907994757729765418e-04	1.486735995288735687e-11
8.990000000000000000e+03	1.027035997086951080e-14	1.010297781735851196e-16	4.346584452614641050e-24	6.155267767127383174e-04	9.654841488446748066e-07	1.279134644664705879e-24	1.923316902870988233e-17	3.647680415170551950e-14	2.569394428576426854e-14	6.814455571368588805e-24	6.917538616020753057e-04	1.054802939079532779e-28	1.600454369756838455e-02	6.731182434425117544e-02	3.379929517351480065e-03	4.064986954238298407e-10	2.687209765075999814e-03	4.772039157282100790e-07	6.907994757729700366e-04	1.486735345213965616e-11
9.000000000000000000e+03	1.027035550201850329e-14	1.010297341953404396e-16	4.346582990825140316e-24	6.155267766878829826e-04	9.654841479481670885e-07	1.279134643476960306e-24	1.923316065651475398e-17	3.647678826638450409e-14	2.569393308980842279e-14	6.814452602022251107e-24	6.917538616020742215e-04	1.054802021523915115e-28	1.600454369470903984e-02	6.731182434139276749e-02	3.379929520209927051e-03	4.069507725769184437e-10	2.687209767483267342e-03	4.772039157282012910e-07	6.907994757729635314e-04	1.486734698303962397e-11
9.010000000000000000e+03	1.027035138564067721e-14	1.010296936843829126e-16	4.346581644281384182e-24	6.155267766630276478e-04	9.654841470516591585e-07	1.279134642289214916e-24	1.923315294439154935e-17	3.647677363382973809e-14	2.569392277585930964e-14	6.814449866598544253e-24	6.917538616020731373e-04	1.054801175895527493e-28	1.600454369184969514e-02	6.731182433853435954e-02	3.379929523068373170e-03	4.074028497295872524e-10	2.687209769890533569e-03	4.772039157281922913e-07	6.907994757729570261e-04	1.486734102417908961e-11
9.020000000000000000e+03	1.027034726881893385e-14	1.010296531690585720e-16	4.346580297592483883e-24	6.155267766381723130e-04	9.654841461551529226e-07	1.279134641101470812e-24	1.923314523143707022e-17	3.647675900815161774e-14	2.569391247188469578e-14	6.814447133818863618e-24	6.917538616020720531e-04	1.054800330221342074e-28	1.600454368899035043e-02	6.731182433567595158e-02	3.379929525926815819e-03	4.078549268818363188e-10	2.687209772297796326e-03	4.772039157281832915e-07	6.907994757729505209e-04	1.486733506467594900e-11
9.030000000000000000e+03	1.027034317460402868e-14	1.010296128761182991e-16	4.346578958295189040e-24	6.155267766133169782e-04	9.654841452586460515e-07	1.279134639913726708e-24	1.923313756081809039e-17	3.647674445349332572e-14	2.569390221326510324e-14	6.814444413069468410e-24	6.917538616020709689e-04	1.054799489418197467e-28	1.600454368613100573e-02	6.731182433281754363e-02	3.379929528785258468e-03	4.083070040336655392e-10	2.687209774705059083e-03	4.772039157281743977e-07	6.907994757729440157e-04	1.486732913789842250e-11
9.040000000000000000e+03	1.027033943239401344e-14	1.010295760458585766e-16	4.346577734090524045e-24	6.155267765884616434e-04	9.654841443621396038e-07	1.279134638725982788e-24	1.923313054939407057e-17	3.647673114961645857e-14	2.569389283510784298e-14	6.814441925833148590e-24	6.917538616020698847e-04	1.054798720508839849e-28	1.600454368327166102e-02	6.731182432995913567e-02	3.379929531643701118e-03	4.087590811850749655e-10	2.687209777112321840e-03	4.772039157281667744e-07	6.907994757729385947e-04	1.486732372068248054e-11
9.050000000000000000e+03	1.027033569042665971e-14	1.010295392179859226e-16	4.346576509965199776e-24	6.155267765636063086e-04	9.654841434656331562e-07	1.279134637538239051e-24	1.923312353842451166e-17	3.647671785511011671e-14	2.569388346869977291e-14	6.814439441711525866e-24	6.917538616020688005e-04	1.054797951901449271e-28	1.600454368041231631e-02	6.731182432710072772e-02	3.379929534502144201e-03	4.092111583360646494e-10	2.687209779519584597e-03	4.772039157281593629e-07	6.907994757729331737e-04	1.486731830381780924e-11
9.060000000000000000e+03	1.027033194816904144e-14	1.010295023872579742e-16	4.346575285744971237e-24	6.155267765387509738e-04	9.654841425691269203e-07	1.279134636350495498e-24	1.923311652691139369e-17	3.647670455953890098e-14	2.569387410153898755e-14	6.814436957390271875e-24	6.917538616020677163e-04	1.054797183083940602e-28	1.600454367755297161e-02	6.731182432424231976e-02	3.379929537360585115e-03	4.096632354866344873e-10	2.687209781926845186e-03	4.772039157281518454e-07	6.907994757729277527e-04	1.486731288653295280e-11
9.070000000000000000e+03	1.027032848952618890e-14	1.010294683464553037e-16	4.346574154256324076e-24	6.155267765138956390e-04	9.654841416726217432e-07	1.279134635162753231e-24	1.923311004651986818e-17	3.647669225407303429e-14	2.569386542225839555e-14	6.814434655508819458e-24	6.917538616020666321e-04	1.054796472827271419e-28	1.600454367469362690e-02	6.731182432138391181e-02	3.379929540219023427e-03	4.101153126367846346e-10	2.687209784334103607e-03	4.772039157281443280e-07	6.907994757729223317e-04	1.486730787980829142e-11
9.080000000000000000e+03	1.027032512188836249e-14	1.010294352008712540e-16	4.346573052522966887e-24	6.155267764890403042e-04	9.654841407761163544e-07	1.279134633975010964e-24	1.923310373655233962e-17	3.647668028893464894e-14	2.569385699219208069e-14	6.814432419720409720e-24	6.917538616020655479e-04	1.054795780966377640e-28	1.600454367183428220e-02	6.731182431852550385e-02	3.379929543077461740e-03	4.105673897865150393e-10	2.687209786741362027e-03	4.772039157281368106e-07	6.907994757729169107e-04	1.486730300482233048e-11
9.090000000000000000e+03	1.027032175363155795e-14	1.010294020491983320e-16	4.346571950587227040e-24	6.155267764641849694e-04	9.654841398796111773e-07	1.279134632787268513e-24	1.923309742542566624e-17	3.647666832193236829e-14	2.569384856098222043e-14	6.814430183628660726e-24	6.917538616020644637e-04	1.054795089192582295e-28	1.600454366897493749e-02	6.731182431566709590e-02	3.379929545935900052e-03	4.110194669358255982e-10	2.687209789148620447e-03	4.772039157281293991e-07	6.907994757729114896e-04	1.486729812894033907e-11
9.100000000000000000e+03	1.027031840774958445e-14	1.010293691176271675e-16	4.346570855967232856e-24	6.155267764393296346e-04	9.654841389831057884e-07	1.279134631599526246e-24	1.923309115620000544e-17	3.647665642508802547e-14	2.569384017450346825e-14	6.814427959401731636e-24	6.917538616020633795e-04	1.054794401707699233e-28	1.600454366611559279e-02	6.731182431280868794e-02	3.379929548794338365e-03	4.114715440847164146e-10	2.687209791555878868e-03	4.772039157281218817e-07	6.907994757729060686e-04	1.486729328544810380e-11
9.110000000000000000e+03	1.027031541356999481e-14	1.010293396457608098e-16	4.346569876340960956e-24	6.155267764144742998e-04	9.654841380866003996e-07	1.279134630411783795e-24	1.923308554560281007e-17	3.647664577818168269e-14	2.569383266799858884e-14	6.814425968558300253e-24	6.917538616020622953e-04	1.054793786772032828e-28	1.600454366325624808e-02	6.731182430995027999e-02	3.379929551652776677e-03	4.119236212331873852e-10	2.687209793963137288e-03	4.772039157281157407e-07	6.907994757729017318e-04	1.486728895107954820e-11
9.120000000000000000e+03	1.027031242013059809e-14	1.010293101811757739e-16	4.346568896956705710e-24	6.155267763896189650e-04	9.654841371900962813e-07	1.279134629224043180e-24	1.923307993639180356e-17	3.647663514217736606e-14	2.569382517421455223e-14	6.814423981087293103e-24	6.917538616020612111e-04	1.054793172070019377e-28	1.600454366039690338e-02	6.731182430709187203e-02	3.379929554511211087e-03	4.123756983812385616e-10	2.687209796370391805e-03	4.772039157281097056e-07	6.907994757728973950e-04	1.486728461778250168e-11
9.130000000000000000e+03	1.027030942643609953e-14	1.010292807140812729e-16	4.346567917489042529e-24	6.155267763647636302e-04	9.654841362935923748e-07	1.279134628036302382e-24	1.923307432670308013e-17	3.647662450516439295e-14	2.569381767967458491e-14	6.814421993415818615e-24	6.917538616020601269e-04	1.054792556946015767e-28	1.600454365753755867e-02	6.731182430423346408e-02	3.379929557369645062e-03	4.128277755288700473e-10	2.687209798777645889e-03	4.772039157281037763e-07	6.907994757728930582e-04	1.486728028411616426e-11
9.140000000000000000e+03	1.027030645450814452e-14	1.010292514611048468e-16	4.346566945138236509e-24	6.155267763399082954e-04	9.654841353970880447e-07	1.279134626848561401e-24	1.923306875777623565e-17	3.647661393678897027e-14	2.569381022910734004e-14	6.814420017407929683e-24	6.917538616020590427e-04	1.054791946598755224e-28	1.600454365467821397e-02	6.731182430137505612e-02	3.379929560228079038e-03	4.132798526760817387e-10	2.687209801184899972e-03	4.772039157280978471e-07	6.907994757728887214e-04	1.486727598195902984e-11
9.150000000000000000e+03	1.027030379769177935e-14	1.010292253078886922e-16	4.346566075817312164e-24	6.155267763150529606e-04	9.654841345005839264e-07	1.279134625660820787e-24	1.923306377895475446e-17	3.647660448782359933e-14	2.569380356629528562e-14	6.814418250325713696e-24	6.917538616020579584e-04	1.054791401060414164e-28	1.600454365181886926e-02	6.731182429851664817e-02	3.379929563086513013e-03	4.137319298228736361e-10	2.687209803592154056e-03	4.772039157280919179e-07	6.907994757728843846e-04	1.486727213595683191e-11
9.160000000000000000e+03	1.027030117771911701e-14	1.010291995171049307e-16	4.346565218542920782e-24	6.155267762901976258e-04	9.654841336040800199e-07	1.279134624473080172e-24	1.923305886913003092e-17	3.647659517836266280e-14	2.569379700698500682e-14	6.814416510692461887e-24	6.917538616020568742e-04	1.054790863345562564e-28	1.600454364895952455e-02	6.731182429565824021e-02	3.379929565944946989e-03	4.141840069692457909e-10	2.687209805999408140e-03	4.772039157280859886e-07	6.907994757728800478e-04	1.486726834328950796e-11
9.170000000000000000e+03	1.027029855855242281e-14	1.010291737342495171e-16	4.346564361532053194e-24	6.155267762653422910e-04	9.654841327075759016e-07	1.279134623285339558e-24	1.923305396081463865e-17	3.647658587162658436e-14	2.569379044951559490e-14	6.814414771547460473e-24	6.917538616020557900e-04	1.054790324818010992e-28	1.600454364610017985e-02	6.731182429279983226e-02	3.379929568803380965e-03	4.146360841151980999e-10	2.687209808406662223e-03	4.772039157280798476e-07	6.907994757728757110e-04	1.486726455178890935e-11
9.180000000000000000e+03	1.027029593877533013e-14	1.010291479453896025e-16	4.346563504321605766e-24	6.155267762404869562e-04	9.654841318110722068e-07	1.279134622097599679e-24	1.923304905135616535e-17	3.647657656295102512e-14	2.569378389079281553e-14	6.814413032070010154e-24	6.917538616020547058e-04	1.054789786638954500e-28	1.600454364324083514e-02	6.731182428994142430e-02	3.379929571661813639e-03	4.150881612607306148e-10	2.687209810813914572e-03	4.772039157280739184e-07	6.907994757728713742e-04	1.486726075940469120e-11
9.190000000000000000e+03	1.027029341603774974e-14	1.010291231111097095e-16	4.346562678839506027e-24	6.155267762156316214e-04	9.654841309145689355e-07	1.279134620909859983e-24	1.923304432362223857e-17	3.647656758123510596e-14	2.569377755270411936e-14	6.814411351111085730e-24	6.917538616020536216e-04	1.054789268734390676e-28	1.600454364038149044e-02	6.731182428708301635e-02	3.379929574520243278e-03	4.155402384058433872e-10	2.687209813221164319e-03	4.772039157280680951e-07	6.907994757728671458e-04	1.486725710749468220e-11
9.200000000000000000e+03	1.027029117041446878e-14	1.010291010028098446e-16	4.346561943963571924e-24	6.155267761907762866e-04	9.654841300180665113e-07	1.279134619722121022e-24	1.923304011483672045e-17	3.647655960136407353e-14	2.569377192985751579e-14	6.814409859843371532e-24	6.917538616020525374e-04	1.054788807250409608e-28	1.600454363752214573e-02	6.731182428422460839e-02	3.379929577378673351e-03	4.159923155505364171e-10	2.687209815628414065e-03	4.772039157280636481e-07	6.907994757728638932e-04	1.486725385673478407e-11
9.210000000000000000e+03	1.027028892533548290e-14	1.010290788998642252e-16	4.346561209265602522e-24	6.155267761659209517e-04	9.654841291215636636e-07	1.279134618534382244e-24	1.923303590707049381e-17	3.647655162325934485e-14	2.569376630826279662e-14	6.814408368907693346e-24	6.917538616020514532e-04	1.054788346015655638e-28	1.600454363466280103e-02	6.731182428136620044e-02	3.379929580237102989e-03	4.164443926948096528e-10	2.687209818035663812e-03	4.772039157280590953e-07	6.907994757728606406e-04	1.486725060676280779e-11
9.220000000000000000e+03	1.027028668016205145e-14	1.010290567959895742e-16	4.346560474536753618e-24	6.155267761410656169e-04	9.654841282250608158e-07	1.279134617346642915e-24	1.923303169912741443e-17	3.647654364473719515e-14	2.569376068633342056e-14	6.814406877883271214e-24	6.917538616020503690e-04	1.054787885025247762e-28	1.600454363180345632e-02	6.731182427850779249e-02	3.379929583095532628e-03	4.168964698386631461e-10	2.687209820442913559e-03	4.772039157280546484e-07	6.907994757728573880e-04	1.486724735665411082e-11
9.230000000000000000e+03	1.027028443491601008e-14	1.010290346914006466e-16	4.346559739784164137e-24	6.155267761162102821e-04	9.654841273285579681e-07	1.279134616158903954e-24	1.923302749104835206e-17	3.647653566617677623e-14	2.569375506448538553e-14	6.814405386880385608e-24	6.917538616020492848e-04	1.054787423745079166e-28	1.600454362894411162e-02	6.731182427564938453e-02	3.379929585953962267e-03	4.173485469820967936e-10	2.687209822850163306e-03	4.772039157280500956e-07	6.907994757728541354e-04	1.486724410644031022e-11
9.240000000000000000e+03	1.027028218930704379e-14	1.010290125832416427e-16	4.346559004912912174e-24	6.155267760913549473e-04	9.654841264320553321e-07	1.279134614971164993e-24	1.923302328228964904e-17	3.647652768620714250e-14	2.569374944159080345e-14	6.814403895599959908e-24	6.917538616020482006e-04	1.054786962701609610e-28	1.600454362608476691e-02	6.731182427279097658e-02	3.379929588812391906e-03	4.178006241251106468e-10	2.687209825257413053e-03	4.772039157280456487e-07	6.907994757728508827e-04	1.486724085570113361e-11
9.250000000000000000e+03	1.027028019048320263e-14	1.010289929027138208e-16	4.346558350731303341e-24	6.155267760664996125e-04	9.654841255355524843e-07	1.279134613783426216e-24	1.923301953568214604e-17	3.647652056533851326e-14	2.569374441421414078e-14	6.814402562263369166e-24	6.917538616020471164e-04	1.054786552000992054e-28	1.600454362322542221e-02	6.731182426993256862e-02	3.379929591670821545e-03	4.182527012677047577e-10	2.687209827664662799e-03	4.772039157280412018e-07	6.907994757728476301e-04	1.486723796220763124e-11
9.260000000000000000e+03	1.027027831957912419e-14	1.010289744805358202e-16	4.346557738374745211e-24	6.155267760416442777e-04	9.654841246390496366e-07	1.279134612595686887e-24	1.923301602862839466e-17	3.647651391623676986e-14	2.569373972878192237e-14	6.814401319613337587e-24	6.917538616020460322e-04	1.054786167624814322e-28	1.600454362036607750e-02	6.731182426707416067e-02	3.379929594529251183e-03	4.187047784098790743e-10	2.687209830071912112e-03	4.772039157280366490e-07	6.907994757728443775e-04	1.486723525389053865e-11
9.270000000000000000e+03	1.027027644816514184e-14	1.010289560533418598e-16	4.346557125851466717e-24	6.155267760167889429e-04	9.654841237425478476e-07	1.279134611407949395e-24	1.923301252061975181e-17	3.647650726539779698e-14	2.569373504217766491e-14	6.814400076652446527e-24	6.917538616020449480e-04	1.054785783139880806e-28	1.600454361750673279e-02	6.731182426421575271e-02	3.379929597387676919e-03	4.191568555516337002e-10	2.687209832479157522e-03	4.772039157280320962e-07	6.907994757728411249e-04	1.486723254483530368e-11
9.280000000000000000e+03	1.027027457771170966e-14	1.010289376355969863e-16	4.346556513642258274e-24	6.155267759919336081e-04	9.654841228460462704e-07	1.279134610220212087e-24	1.923300901440994293e-17	3.647650061783407991e-14	2.569373035781122282e-14	6.814398834285081667e-24	6.917538616020438638e-04	1.054785398896575091e-28	1.600454361464740891e-02	6.731182426135734476e-02	3.379929600246102221e-03	4.196089326929684802e-10	2.687209834886402932e-03	4.772039157280276492e-07	6.907994757728378723e-04	1.486722983717056579e-11
9.290000000000000000e+03	1.027027270660044480e-14	1.010289192113811114e-16	4.346555901217964486e-24	6.155267759670782733e-04	9.654841219495446932e-07	1.279134609032474779e-24	1.923300550696823839e-17	3.647649396799774923e-14	2.569372567186947600e-14	6.814397591499912319e-24	6.917538616020427796e-04	1.054785014692682408e-28	1.600454361178809889e-02	6.731182425849893680e-02	3.379929603104527523e-03	4.200610098338834661e-10	2.687209837293648342e-03	4.772039157280232023e-07	6.907994757728346197e-04	1.486722712855354268e-11
9.300000000000000000e+03	1.027027083529852645e-14	1.010289007852897814e-16	4.346555288731335702e-24	6.155267759422229385e-04	9.654841210530431160e-07	1.279134607844737103e-24	1.923300199916950341e-17	3.647648731766452454e-14	2.569372098565711201e-14	6.814396348642945245e-24	6.917538616020416954e-04	1.054784630299945364e-28	1.600454360892878888e-02	6.731182425564052885e-02	3.379929605962952825e-03	4.205130869743787095e-10	2.687209839700893752e-03	4.772039157280187554e-07	6.907994757728313671e-04	1.486722441966053528e-11
9.310000000000000000e+03	1.027026896463242684e-14	1.010288823654530213e-16	4.346554676452595298e-24	6.155267759173676037e-04	9.654841201565415388e-07	1.279134606656999979e-24	1.923299849256145536e-17	3.647648066926672906e-14	2.569371630066143976e-14	6.814395106108710146e-24	6.917538616020406112e-04	1.054784246022458728e-28	1.600454360606947887e-02	6.731182425278212089e-02	3.379929608821378127e-03	4.209651641144541070e-10	2.687209842108139162e-03	4.772039157280142026e-07	6.907994757728281145e-04	1.486722171168794079e-11
9.320000000000000000e+03	1.027026745177561310e-14	1.010288674653947735e-16	4.346554181164309352e-24	6.155267758925122689e-04	9.654841192600397499e-07	1.279134605469262303e-24	1.923299565601810946e-17	3.647647527444274304e-14	2.569371248912894403e-14	6.814394095233932494e-24	6.917538616020395270e-04	1.054783935218103165e-28	1.600454360321016886e-02	6.731182424992371294e-02	3.379929611679803429e-03	4.214172412541097621e-10	2.687209844515385006e-03	4.772039157280109203e-07	6.907994757728257293e-04	1.486721952167935721e-11
9.330000000000000000e+03	1.027026595516859563e-14	1.010288527251861966e-16	4.346553691189108731e-24	6.155267758676569341e-04	9.654841183635383844e-07	1.279134604281525363e-24	1.923299284990561841e-17	3.647646995468208440e-14	2.569370874005231744e-14	6.814393100920771158e-24	6.917538616020384428e-04	1.054783628022470731e-28	1.600454360035085885e-02	6.731182424706530498e-02	3.379929614538228731e-03	4.218693183933457265e-10	2.687209846922630416e-03	4.772039157280077440e-07	6.907994757728234524e-04	1.486721735519394847e-11
9.340000000000000000e+03	1.027026445814823398e-14	1.010288379809115595e-16	4.346553201078759320e-24	6.155267758428015993e-04	9.654841174670368072e-07	1.279134603093787871e-24	1.923299004301907608e-17	3.647646463360074007e-14	2.569370499013491658e-14	6.814392106384595034e-24	6.917538616020373586e-04	1.054783320106016646e-28	1.600454359749154884e-02	6.731182424420689703e-02	3.379929617396654033e-03	4.223213955321618449e-10	2.687209849329875826e-03	4.772039157280045676e-07	6.907994757728211756e-04	1.486721518811019089e-11
9.350000000000000000e+03	1.027026296121159729e-14	1.010288232374605054e-16	4.346552710995784968e-24	6.155267758179462645e-04	9.654841165705354418e-07	1.279134601906050746e-24	1.923298723628931369e-17	3.647645931251607621e-14	2.569370124006725350e-14	6.814391111808613732e-24	6.917538616020362744e-04	1.054783012925878537e-28	1.600454359463223883e-02	6.731182424134848907e-02	3.379929620255079335e-03	4.227734726705581692e-10	2.687209851737121236e-03	4.772039157280011795e-07	6.907994757728187904e-04	1.486721302114762495e-11
9.360000000000000000e+03	1.027026146437722853e-14	1.010288084950154832e-16	4.346552220946249023e-24	6.155267757930909297e-04	9.654841156740336528e-07	1.279134600718313254e-24	1.923298442975106886e-17	3.647645399212708670e-14	2.569369749064167587e-14	6.814390117402877808e-24	6.917538616020351902e-04	1.054782705486862757e-28	1.600454359177292882e-02	6.731182423849008112e-02	3.379929623113504637e-03	4.232255498085347511e-10	2.687209854144366646e-03	4.772039157279978972e-07	6.907994757728164051e-04	1.486721085433310497e-11
9.370000000000000000e+03	1.027025996708328518e-14	1.010287937480496100e-16	4.346551730746449634e-24	6.155267757682355949e-04	9.654841147775322874e-07	1.279134599530575946e-24	1.923298162235218910e-17	3.647644867009390281e-14	2.569369374006962144e-14	6.814389122693073822e-24	6.917538616020341060e-04	1.054782397800683264e-28	1.600454358891361881e-02	6.731182423563167316e-02	3.379929625971929939e-03	4.236776269460914870e-10	2.687209856551612056e-03	4.772039157279946150e-07	6.907994757728140199e-04	1.486720868685330881e-11
9.380000000000000000e+03	1.027025847075843537e-14	1.010287790106167265e-16	4.346551240863507687e-24	6.155267757433802601e-04	9.654841138810317690e-07	1.279134598342839740e-24	1.923297881676811776e-17	3.647644335116267776e-14	2.569368999149265934e-14	6.814388128512458290e-24	6.917538616020330218e-04	1.054782090809822687e-28	1.600454358605430880e-02	6.731182423277326521e-02	3.379929628830351338e-03	4.241297040832285322e-10	2.687209858958853129e-03	4.772039157279912268e-07	6.907994757728115262e-04	1.486720652077637220e-11
9.390000000000000000e+03	1.027025697408625799e-14	1.010287642697672001e-16	4.346550750867002700e-24	6.155267757185249253e-04	9.654841129845314623e-07	1.279134597155104085e-24	1.923297601053360903e-17	3.647643803111053817e-14	2.569368624219789693e-14	6.814387134141449408e-24	6.917538616020319376e-04	1.054781783008236511e-28	1.600454358319499878e-02	6.731182422991485725e-02	3.379929631688772303e-03	4.245817812199458350e-10	2.687209861366094202e-03	4.772039157279880504e-07	6.907994757728092494e-04	1.486720435419664226e-11
9.400000000000000000e+03	1.027025572315815074e-14	1.010287519463079991e-16	4.346550341219754412e-24	6.155267756936695905e-04	9.654841120880311557e-07	1.279134595967368430e-24	1.923297366450073535e-17	3.647643356660854450e-14	2.569368308598846250e-14	6.814386297069093654e-24	6.917538616020308534e-04	1.054781526190755570e-28	1.600454358033568877e-02	6.731182422705644930e-02	3.379929634547193269e-03	4.250338583562432919e-10	2.687209863773335275e-03	4.772039157279848741e-07	6.907994757728069726e-04	1.486720254335555072e-11
9.410000000000000000e+03	1.027025460052073808e-14	1.010287408848474214e-16	4.346549973518837723e-24	6.155267756688142557e-04	9.654841111915306373e-07	1.279134594779632591e-24	1.923297155871624539e-17	3.647642957509285785e-14	2.569368027254850724e-14	6.814385550902121215e-24	6.917538616020297692e-04	1.054781295571495800e-28	1.600454357747637876e-02	6.731182422419804134e-02	3.379929637405614234e-03	4.254859354921209546e-10	2.687209866180576348e-03	4.772039157279819095e-07	6.907994757728048042e-04	1.486720091822782550e-11
9.420000000000000000e+03	1.027025347807651430e-14	1.010287298252872714e-16	4.346549605881086223e-24	6.155267756439589209e-04	9.654841102950305424e-07	1.279134593591896936e-24	1.923296945329354059e-17	3.647642558426368214e-14	2.569367745958377125e-14	6.814384804861182340e-24	6.917538616020286850e-04	1.054781064926468506e-28	1.600454357461706875e-02	6.731182422133963339e-02	3.379929640264035199e-03	4.259380126275788749e-10	2.687209868587817421e-03	4.772039157279789448e-07	6.907994757728026358e-04	1.486719929337976165e-11
9.430000000000000000e+03	1.027025235536995167e-14	1.010287187631464861e-16	4.346549238157560369e-24	6.155267756191035861e-04	9.654841093985302357e-07	1.279134592404161465e-24	1.923296734737956034e-17	3.647642159249975674e-14	2.569367464596223282e-14	6.814384058646051367e-24	6.917538616020276008e-04	1.054780834429870781e-28	1.600454357175775874e-02	6.731182421848122543e-02	3.379929643122456164e-03	4.263900897626169493e-10	2.687209870995058494e-03	4.772039157279758743e-07	6.907994757728004673e-04	1.486719766815193465e-11
9.440000000000000000e+03	1.027025123267740867e-14	1.010287077011436159e-16	4.346548870438617474e-24	6.155267755942482513e-04	9.654841085020297173e-07	1.279134591216425626e-24	1.923296524149183128e-17	3.647641760072148670e-14	2.569367183229862602e-14	6.814383312419772298e-24	6.917538616020265166e-04	1.054780603824159213e-28	1.600454356889844873e-02	6.731182421562281748e-02	3.379929645980877129e-03	4.268421668972353330e-10	2.687209873402299568e-03	4.772039157279729097e-07	6.907994757727982989e-04	1.486719604294440589e-11
9.450000000000000000e+03	1.027025010973705607e-14	1.010286966367030176e-16	4.346548502638650692e-24	6.155267755693929164e-04	9.654841076055296225e-07	1.279134590028689787e-24	1.923296313514003015e-17	3.647641360831103614e-14	2.569366901831562522e-14	6.814382566108748903e-24	6.917538616020254324e-04	1.054780373138784164e-28	1.600454356603913872e-02	6.731182421276440953e-02	3.379929648839298095e-03	4.272942440314339741e-10	2.687209875809540641e-03	4.772039157279699451e-07	6.907994757727961305e-04	1.486719441737813924e-11
9.460000000000000000e+03	1.027024898762639896e-14	1.010286855804241961e-16	4.346548135109965231e-24	6.155267755445375816e-04	9.654841067090291040e-07	1.279134588840954132e-24	1.923296103034199534e-17	3.647640961847244254e-14	2.569366620595293840e-14	6.814381820227512692e-24	6.917538616020243482e-04	1.054780142895835585e-28	1.600454356317982871e-02	6.731182420990600157e-02	3.379929651697719060e-03	4.277463211652127695e-10	2.687209878216781714e-03	4.772039157279669805e-07	6.907994757727939621e-04	1.486719279301294853e-11
9.470000000000000000e+03	1.027024786474652675e-14	1.010286745165785715e-16	4.346547767329772468e-24	6.155267755196822468e-04	9.654841058125290092e-07	1.279134587653218477e-24	1.923295892410346354e-17	3.647640562622433325e-14	2.569366339206325038e-14	6.814381073941243738e-24	6.917538616020232640e-04	1.054779912095221338e-28	1.600454356032051870e-02	6.731182420704759362e-02	3.379929654556140459e-03	4.281983982985718223e-10	2.687209880624022787e-03	4.772039157279639100e-07	6.907994757727917937e-04	1.486719116753424024e-11
9.480000000000000000e+03	1.027024674215467396e-14	1.010286634555662148e-16	4.346547399643752966e-24	6.155267754948269120e-04	9.654841049160287025e-07	1.279134586465482822e-24	1.923295681840429997e-17	3.647640163485846706e-14	2.569366057871317477e-14	6.814380327798108855e-24	6.917538616020221798e-04	1.054779681530795610e-28	1.600454355746120869e-02	6.731182420418918566e-02	3.379929657414561424e-03	4.286504754315110293e-10	2.687209883031263860e-03	4.772039157279609454e-07	6.907994757727896253e-04	1.486718954247246975e-11
9.490000000000000000e+03	1.027024561948450937e-14	1.010286523937834984e-16	4.346547031932128993e-24	6.155267754699715772e-04	9.654841040195283959e-07	1.279134585277747167e-24	1.923295471255848223e-17	3.647639764309772866e-14	2.569365776503443762e-14	6.814379581567827228e-24	6.917538616020210956e-04	1.054779450844581800e-28	1.600454355460189867e-02	6.731182420133077771e-02	3.379929660272982389e-03	4.291025525640304939e-10	2.687209885438504933e-03	4.772039157279578749e-07	6.907994757727874569e-04	1.486718791729733028e-11
9.500000000000000000e+03	1.027024449676277694e-14	1.010286413314934952e-16	4.346546664203643288e-24	6.155267754451162424e-04	9.654841031230280892e-07	1.279134584090011328e-24	1.923295260661609683e-17	3.647639365134038552e-14	2.569365495145443430e-14	6.814378835363701820e-24	6.917538616020200114e-04	1.054779220231033498e-28	1.600454355174258866e-02	6.731182419847236975e-02	3.379929663131403354e-03	4.295546296961302677e-10	2.687209887845746006e-03	4.772039157279549103e-07	6.907994757727852885e-04	1.486718629204754099e-11
9.510000000000000000e+03	1.027024354572908060e-14	1.010286319581028470e-16	4.346546352610819042e-24	6.155267754202609076e-04	9.654841022265277826e-07	1.279134582902275673e-24	1.923295082219160562e-17	3.647639025930766670e-14	2.569365255477951500e-14	6.814378199731209437e-24	6.917538616020189272e-04	1.054779025111680703e-28	1.600454354888327865e-02	6.731182419561396180e-02	3.379929665989824319e-03	4.300067068278101956e-10	2.687209890252987080e-03	4.772039157279523692e-07	6.907994757727833370e-04	1.486718491533302663e-11
9.520000000000000000e+03	1.027024279714043336e-14	1.010286245761689853e-16	4.346546107210067731e-24	6.155267753954055728e-04	9.654841013300274759e-07	1.279134581714540201e-24	1.923294941688331782e-17	3.647638758890486061e-14	2.569365066780152314e-14	6.814377699278304572e-24	6.917538616020178430e-04	1.054778871103257691e-28	1.600454354602396864e-02	6.731182419275555384e-02	3.379929668848245285e-03	4.304587839590703293e-10	2.687209892660228153e-03	4.772039157279502516e-07	6.907994757727819275e-04	1.486718383167755914e-11
9.530000000000000000e+03	1.027024204853115583e-14	1.010286171940322015e-16	4.346545861802572022e-24	6.155267753705502380e-04	9.654841004335271693e-07	1.279134580526804179e-24	1.923294801153644055e-17	3.647638492578852919e-14	2.569364879005956524e-14	6.814377201273795748e-24	6.917538616020167588e-04	1.054778717613230586e-28	1.600454354316465863e-02	6.731182418989714589e-02	3.379929671706666250e-03	4.309108610899107206e-10	2.687209895067469226e-03	4.772039157279482399e-07	6.907994757727805180e-04	1.486718274799223236e-11
9.540000000000000000e+03	1.027024130011682634e-14	1.010286098138131139e-16	4.346545616458816025e-24	6.155267753456949032e-04	9.654840995370270744e-07	1.279134579339068707e-24	1.923294660655463332e-17	3.647638226347372463e-14	2.569364691293080471e-14	6.814376703431901873e-24	6.917538616020156746e-04	1.054778563679176165e-28	1.600454354030534862e-02	6.731182418703873793e-02	3.379929674565087215e-03	4.313629382203312661e-10	2.687209897474708998e-03	4.772039157279464400e-07	6.907994757727792170e-04	1.486718166458910988e-11
9.550000000000000000e+03	1.027024055189836785e-14	1.010286024355208313e-16	4.346545371179104634e-24	6.155267753208395684e-04	9.654840986405278265e-07	1.279134578151334705e-24	1.923294520193964024e-17	3.647637960163662898e-14	2.569364503603609604e-14	6.814376205652112304e-24	6.917538616020145904e-04	1.054778410039947543e-28	1.600454353744603861e-02	6.731182418418032998e-02	3.379929677423503843e-03	4.318150153503320690e-10	2.687209899881945734e-03	4.772039157279445341e-07	6.907994757727778075e-04	1.486718058146952941e-11
9.560000000000000000e+03	1.027023980328971036e-14	1.010285950533901488e-16	4.346545125771810963e-24	6.155267752959842336e-04	9.654840977440287904e-07	1.279134576963600703e-24	1.923294379659392161e-17	3.647637693858759687e-14	2.569364315837769745e-14	6.814375707669754201e-24	6.917538616020135062e-04	1.054778255906211679e-28	1.600454353458672860e-02	6.731182418132192202e-02	3.379929680281920472e-03	4.322670924799131813e-10	2.687209902289182471e-03	4.772039157279424165e-07	6.907994757727762896e-04	1.486717949778510090e-11
9.570000000000000000e+03	1.027023905483227278e-14	1.010285876727470115e-16	4.346544880413961523e-24	6.155267752711288988e-04	9.654840968475297543e-07	1.279134575775866701e-24	1.923294239153138556e-17	3.647637427603092124e-14	2.569364128103899894e-14	6.814375209772191853e-24	6.917538616020124220e-04	1.054778102505900186e-28	1.600454353172741859e-02	6.731182417846351407e-02	3.379929683140337100e-03	4.327191696090744476e-10	2.687209904696419207e-03	4.772039157279405107e-07	6.907994757727748802e-04	1.486717841431957799e-11
9.580000000000000000e+03	1.027023830632476461e-14	1.010285802916113538e-16	4.346544635039740386e-24	6.155267752462735640e-04	9.654840959510305065e-07	1.279134574588132515e-24	1.923294098637509215e-17	3.647637161337615549e-14	2.569363940367222329e-14	6.814374711867170993e-24	6.917538616020113378e-04	1.054777948709064498e-28	1.600454352886810858e-02	6.731182417560510611e-02	3.379929685998753729e-03	4.331712467378159198e-10	2.687209907103655943e-03	4.772039157279384990e-07	6.907994757727734707e-04	1.486717733078157015e-11
9.590000000000000000e+03	1.027023755842084233e-14	1.010285729164131686e-16	4.346544389862870791e-24	6.155267752214182292e-04	9.654840950545314704e-07	1.279134573400398330e-24	1.923293958234912241e-17	3.647636895254965378e-14	2.569363752743225340e-14	6.814374214261046021e-24	6.917538616020102536e-04	1.054777795101776513e-28	1.600454352600879857e-02	6.731182417274669816e-02	3.379929688857170357e-03	4.336233238661376495e-10	2.687209909510892680e-03	4.772039157279365932e-07	6.907994757727720612e-04	1.486717624811731060e-11
9.600000000000000000e+03	1.027023680954036073e-14	1.010285655316085558e-16	4.346544144366700196e-24	6.155267751965628944e-04	9.654840941580326460e-07	1.279134572212664511e-24	1.923293817649436663e-17	3.647636628860137703e-14	2.569363564918167902e-14	6.814373716121621302e-24	6.917538616020091694e-04	1.054777641436689562e-28	1.600454352314948855e-02	6.731182416988829020e-02	3.379929691715586985e-03	4.340754009940395334e-10	2.687209911918129416e-03	4.772039157279344756e-07	6.907994757727705434e-04	1.486717516403939292e-11
9.610000000000000000e+03	1.027023606140370712e-14	1.010285581541209976e-16	4.346543899113736444e-24	6.155267751717075596e-04	9.654840932615336099e-07	1.279134571024930509e-24	1.923293677203256664e-17	3.647636362716372900e-14	2.569363377261052639e-14	6.814373218427631066e-24	6.917538616020080851e-04	1.054777487657419880e-28	1.600454352029017854e-02	6.731182416702988225e-02	3.379929694574003614e-03	4.345274781215217265e-10	2.687209914325366152e-03	4.772039157279324639e-07	6.907994757727691339e-04	1.486717408103822852e-11
9.620000000000000000e+03	1.027023531257387828e-14	1.010285507698146614e-16	4.346543653634128564e-24	6.155267751468522248e-04	9.654840923650343621e-07	1.279134569837196323e-24	1.923293536627266522e-17	3.647636096351081439e-14	2.569363189461692502e-14	6.814372720356342407e-24	6.917538616020070009e-04	1.054777333951240580e-28	1.600454351743086853e-02	6.731182416417147429e-02	3.379929697432420242e-03	4.349795552485841771e-10	2.687209916732602889e-03	4.772039157279304522e-07	6.907994757727675076e-04	1.486717299703363911e-11
9.630000000000000000e+03	1.027023456376665819e-14	1.010285433857307347e-16	4.346543408161913075e-24	6.155267751219968900e-04	9.654840914685353260e-07	1.279134568649462321e-24	1.923293396055510652e-17	3.647635829973860508e-14	2.569363001644553965e-14	6.814372222237934058e-24	6.917538616020059167e-04	1.054777179915152574e-28	1.600454351457155852e-02	6.731182416131306634e-02	3.379929700290836871e-03	4.354316323752267819e-10	2.687209919139839625e-03	4.772039157279281229e-07	6.907994757727658813e-04	1.486717191306177503e-11
9.640000000000000000e+03	1.027023381554485020e-14	1.010285360074055295e-16	4.346543162881107005e-24	6.155267750971415552e-04	9.654840905720362899e-07	1.279134567461728319e-24	1.923293255593383646e-17	3.647635563788838280e-14	2.569362813953141554e-14	6.814371724452998762e-24	6.917538616020048325e-04	1.054777026003923176e-28	1.600454351171224851e-02	6.731182415845465838e-02	3.379929703149253499e-03	4.358837095014496442e-10	2.687209921547076361e-03	4.772039157279260053e-07	6.907994757727643634e-04	1.486717082993735103e-11
9.650000000000000000e+03	1.027023306740680662e-14	1.010285286299043142e-16	4.346542917627688483e-24	6.155267750722862204e-04	9.654840896755372538e-07	1.279134566273994501e-24	1.923293115146943570e-17	3.647635297625992509e-14	2.569362626274614713e-14	6.814371226702245373e-24	6.917538616020037483e-04	1.054776872692924841e-28	1.600454350885293850e-02	6.731182415559625043e-02	3.379929706007670127e-03	4.363357866272526607e-10	2.687209923954313098e-03	4.772039157279239936e-07	6.907994757727629540e-04	1.486716974693418007e-11
9.660000000000000000e+03	1.027023231885913123e-14	1.010285212483735235e-16	4.346542672240334870e-24	6.155267750474308856e-04	9.654840887790384294e-07	1.279134565086260499e-24	1.923292974623792317e-17	3.647635031363872064e-14	2.569362438548679225e-14	6.814370728825687639e-24	6.917538616020026641e-04	1.054776718999774254e-28	1.600454350599362849e-02	6.731182415273784247e-02	3.379929708866086756e-03	4.367878637526359347e-10	2.687209926361549834e-03	4.772039157279221936e-07	6.907994757727616529e-04	1.486716866333802402e-11
9.670000000000000000e+03	1.027023157042845181e-14	1.010285138679936685e-16	4.346542426891235516e-24	6.155267750225755508e-04	9.654840878825391816e-07	1.279134563898526313e-24	1.923292834122551368e-17	3.647634765115030357e-14	2.569362250818639135e-14	6.814370230938285971e-24	6.917538616020015799e-04	1.054776565119590231e-28	1.600454350313431848e-02	6.731182414987943452e-02	3.379929711724503384e-03	4.372399408775995179e-10	2.687209928768786570e-03	4.772039157279201819e-07	6.907994757727602434e-04	1.486716757991123319e-11
9.680000000000000000e+03	1.027023110619176554e-14	1.010285092832368981e-16	4.346542274463099232e-24	6.155267749977202160e-04	9.654840869860401455e-07	1.279134562710792311e-24	1.923292746841938655e-17	3.647634598055315352e-14	2.569362131989260147e-14	6.814369915789470091e-24	6.917538616020004957e-04	1.054776469518762724e-28	1.600454350027500847e-02	6.731182414702102657e-02	3.379929714582920013e-03	4.376920180021432553e-10	2.687209931176023307e-03	4.772039157279186996e-07	6.907994757727589424e-04	1.486716690788311745e-11
9.690000000000000000e+03	1.027023073178205681e-14	1.010285055821102708e-16	4.346542151405076482e-24	6.155267749728648811e-04	9.654840860895411094e-07	1.279134561523058309e-24	1.923292676383115447e-17	3.647634464649717966e-14	2.569362037835449011e-14	6.814369666081575236e-24	6.917538616019994115e-04	1.054776392608964431e-28	1.600454349741569846e-02	6.731182414416261861e-02	3.379929717441336641e-03	4.381440951262671985e-10	2.687209933583260043e-03	4.772039157279171114e-07	6.907994757727578582e-04	1.486716636588836269e-11
9.700000000000000000e+03	1.027023035738944901e-14	1.010285018811518557e-16	4.346542028352645412e-24	6.155267749480095463e-04	9.654840851930420733e-07	1.279134560335324123e-24	1.923292605927494521e-17	3.647634331252698338e-14	2.569361943688226126e-14	6.814369416391151166e-24	6.917538616019983273e-04	1.054776315783473411e-28	1.600454349455638844e-02	6.731182414130421066e-02	3.379929720299753269e-03	4.385961722499713993e-10	2.687209935990496779e-03	4.772039157279156291e-07	6.907994757727567740e-04	1.486716582391836842e-11
9.710000000000000000e+03	1.027022998308371531e-14	1.010284981810480236e-16	4.346541905328617958e-24	6.155267749231542115e-04	9.654840842965430372e-07	1.279134559147590121e-24	1.923292535488141694e-17	3.647634197880773322e-14	2.569361849555409103e-14	6.814369166738939479e-24	6.917538616019972431e-04	1.054776239106555677e-28	1.600454349169707843e-02	6.731182413844580270e-02	3.379929723158169898e-03	4.390482493732557542e-10	2.687209938397733516e-03	4.772039157279141468e-07	6.907994757727556898e-04	1.486716528207412175e-11
9.720000000000000000e+03	1.027022960904482011e-14	1.010284944835690891e-16	4.346541782391837165e-24	6.155267748982988767e-04	9.654840834000442128e-07	1.279134557959856119e-24	1.923292465098760124e-17	3.647634064596120935e-14	2.569361755480068170e-14	6.814368917239177654e-24	6.917538616019961589e-04	1.054776162097154883e-28	1.600454348883776842e-02	6.731182413558739475e-02	3.379929726016586526e-03	4.395003264961204183e-10	2.687209940804970252e-03	4.772039157279126645e-07	6.907994757727546056e-04	1.486716474061615551e-11
9.730000000000000000e+03	1.027022923479395168e-14	1.010284907840049857e-16	4.346541659385749225e-24	6.155267748734435419e-04	9.654840825035451767e-07	1.279134556772122300e-24	1.923292394669682827e-17	3.647633931243359559e-14	2.569361661361327897e-14	6.814368667624304075e-24	6.917538616019950747e-04	1.054776085254192249e-28	1.600454348597845841e-02	6.731182413272898679e-02	3.379929728875003155e-03	4.399524036185653400e-10	2.687209943212206988e-03	4.772039157279110763e-07	6.907994757727535214e-04	1.486716419885134081e-11
9.740000000000000000e+03	1.027022886055161400e-14	1.010284870845247851e-16	4.346541536382450145e-24	6.155267748485882071e-04	9.654840816070461406e-07	1.279134555584388298e-24	1.923292324242202665e-17	3.647633797905291191e-14	2.569361567257674431e-14	6.814368418049425222e-24	6.917538616019939905e-04	1.054776008469806805e-28	1.600454348311914840e-02	6.731182412987057884e-02	3.379929731733419783e-03	4.404044807405904158e-10	2.687209945619443725e-03	4.772039157279095940e-07	6.907994757727524372e-04	1.486716365709887242e-11
9.750000000000000000e+03	1.027022848614951778e-14	1.010284833834730626e-16	4.346541413326916504e-24	6.155267748237328723e-04	9.654840807105471045e-07	1.279134554396654296e-24	1.923292253784805261e-17	3.647633664508467832e-14	2.569361473112597248e-14	6.814368168364683198e-24	6.917538616019929063e-04	1.054775931672365296e-28	1.600454348025983839e-02	6.731182412701217088e-02	3.379929734591836411e-03	4.408565578621956974e-10	2.687209948026680461e-03	4.772039157279082176e-07	6.907994757727513530e-04	1.486716311511513273e-11
9.760000000000000000e+03	1.027022811219367859e-14	1.010284796868111538e-16	4.346541290417292569e-24	6.155267747988775375e-04	9.654840798140478567e-07	1.279134553208920110e-24	1.923292183410977193e-17	3.647633531263897151e-14	2.569361379070361652e-14	6.814367918952704353e-24	6.917538616019918221e-04	1.054775854737828368e-28	1.600454347740052838e-02	6.731182412415376293e-02	3.379929737450253040e-03	4.413086349833812366e-10	2.687209950433917197e-03	4.772039157279066294e-07	6.907994757727502688e-04	1.486716257377739848e-11
9.770000000000000000e+03	1.027022773840503690e-14	1.010284759917939707e-16	4.346541167562334998e-24	6.155267747740222027e-04	9.654840789175490323e-07	1.279134552021186292e-24	1.923292113068460124e-17	3.647633398057643654e-14	2.569361285045632142e-14	6.814367669587189860e-24	6.917538616019907379e-04	1.054775777984682688e-28	1.600454347454121837e-02	6.731182412129535497e-02	3.379929740308669668e-03	4.417607121041469817e-10	2.687209952841153934e-03	4.772039157279050412e-07	6.907994757727491846e-04	1.486716203268169858e-11
9.780000000000000000e+03	1.027022736349587509e-14	1.010284722857542560e-16	4.346541044341010369e-24	6.155267747491668679e-04	9.654840780210502080e-07	1.279134550833452474e-24	1.923292042516105438e-17	3.647633264492237564e-14	2.569361190787533279e-14	6.814367419602679144e-24	6.917538616019896537e-04	1.054775700983685200e-28	1.600454347168190836e-02	6.731182411843694702e-02	3.379929743167086297e-03	4.422127892244929842e-10	2.687209955248390670e-03	4.772039157279036648e-07	6.907994757727481004e-04	1.486716148996394273e-11
9.790000000000000000e+03	1.027022698944455692e-14	1.010284685881531097e-16	4.346540921400167508e-24	6.155267747243115331e-04	9.654840771245509601e-07	1.279134549645718472e-24	1.923291972124397036e-17	3.647633131208808858e-14	2.569361096716102256e-14	6.814367170113279302e-24	6.917538616019885695e-04	1.054775624074944047e-28	1.600454346882259835e-02	6.731182411557853906e-02	3.379929746025502925e-03	4.426648663444192443e-10	2.687209957655627406e-03	4.772039157279021825e-07	6.907994757727470162e-04	1.486716094848798854e-11
9.800000000000000000e+03	1.027022661522158103e-14	1.010284648888634067e-16	4.346540798403199935e-24	6.155267746994561983e-04	9.654840762280519240e-07	1.279134548457984286e-24	1.923291901700543477e-17	3.647632997865771928e-14	2.569361002603501214e-14	6.814366920514684851e-24	6.917538616019874853e-04	1.054775547190961932e-28	1.600454346596328833e-02	6.731182411272013111e-02	3.379929748883919553e-03	4.431169434639256586e-10	2.687209960062864143e-03	4.772039157279007002e-07	6.907994757727459320e-04	1.486716040676354735e-11
9.810000000000000000e+03	1.027022624089198744e-14	1.010284611885248761e-16	4.346540675371372342e-24	6.155267746746008635e-04	9.654840753315528879e-07	1.279134547270250100e-24	1.923291831256723417e-17	3.647632864492257200e-14	2.569360908473478021e-14	6.814366670869875839e-24	6.917538616019864011e-04	1.054775470381993902e-28	1.600454346310397832e-02	6.731182410986172315e-02	3.379929751742336182e-03	4.435690205830122786e-10	2.687209962470100879e-03	4.772039157278991120e-07	6.907994757727448478e-04	1.486715986488476913e-11
9.820000000000000000e+03	1.027022586687727872e-14	1.010284574912838818e-16	4.346540552442500421e-24	6.155267746497455287e-04	9.654840744350538518e-07	1.279134546082516098e-24	1.923291760871871326e-17	3.647632731223830103e-14	2.569360814413529342e-14	6.814366421410924239e-24	6.917538616019853169e-04	1.054775393483325057e-28	1.600454346024466831e-02	6.731182410700331520e-02	3.379929754600752810e-03	4.440210977016791563e-10	2.687209964877337615e-03	4.772039157278976297e-07	6.907994757727437636e-04	1.486715932346181266e-11
9.830000000000000000e+03	1.027022549249760193e-14	1.010284537904527075e-16	4.346540429394296722e-24	6.155267746248901939e-04	9.654840735385548157e-07	1.279134544894782280e-24	1.923291690418671834e-17	3.647632597822481207e-14	2.569360720258370201e-14	6.814366171699464698e-24	6.917538616019842327e-04	1.054775316660415789e-28	1.600454345738535830e-02	6.731182410414490724e-02	3.379929757459169438e-03	4.444731748199262397e-10	2.687209967284574352e-03	4.772039157278961474e-07	6.907994757727426794e-04	1.486715878151053335e-11
9.840000000000000000e+03	1.027022511840769426e-14	1.010284500924719835e-16	4.346540306440837133e-24	6.155267746000348591e-04	9.654840726420559914e-07	1.279134543707048461e-24	1.923291620019737959e-17	3.647632464538901670e-14	2.569360626193907660e-14	6.814365922228524525e-24	6.917538616019831485e-04	1.054775239833910453e-28	1.600454345452604829e-02	6.731182410128649929e-02	3.379929760317586067e-03	4.449252519377536324e-10	2.687209969691811088e-03	4.772039157278945592e-07	6.907994757727415952e-04	1.486715823997872509e-11
9.850000000000000000e+03	1.027022474390244974e-14	1.010284463904055517e-16	4.346540183351577825e-24	6.155267745751795243e-04	9.654840717455569553e-07	1.279134542519314459e-24	1.923291549543023324e-17	3.647632331097970258e-14	2.569360532013370233e-14	6.814365672449750300e-24	6.917538616019820643e-04	1.054775162870728294e-28	1.600454345166673828e-02	6.731182409842809133e-02	3.379929763176002695e-03	4.453773290551611793e-10	2.687209972099047824e-03	4.772039157278931828e-07	6.907994757727405110e-04	1.486715769784566638e-11
9.860000000000000000e+03	1.027022436992560161e-14	1.010284426935370354e-16	4.346540060435085330e-24	6.155267745503241895e-04	9.654840708490579192e-07	1.279134541331580273e-24	1.923291479165261737e-17	3.647632197843625275e-14	2.569360437963954740e-14	6.814365423018734323e-24	6.917538616019809801e-04	1.054775085877297370e-28	1.600454344880742827e-02	6.731182409556968338e-02	3.379929766034419324e-03	4.458294061721489319e-10	2.687209974506284561e-03	4.772039157278917004e-07	6.907994757727394268e-04	1.486715715647752355e-11
9.870000000000000000e+03	1.027022399566159234e-14	1.010284389938436697e-16	4.346539937424702427e-24	6.155267745254688547e-04	9.654840699525588831e-07	1.279134540143846455e-24	1.923291408733723563e-17	3.647632064486930955e-14	2.569360343842855773e-14	6.814365173397599768e-24	6.917538616019798959e-04	1.054775009396793027e-28	1.600454344594811826e-02	6.731182409271127542e-02	3.379929768892835952e-03	4.462814832887169421e-10	2.687209976913521297e-03	4.772039157278901123e-07	6.907994757727383426e-04	1.486715661469368046e-11
9.880000000000000000e+03	1.027022362144230043e-14	1.010284352945901803e-16	4.346539814428938266e-24	6.155267745006135199e-04	9.654840690560598470e-07	1.279134538956112453e-24	1.923291338310559333e-17	3.647631931152139831e-14	2.569360249738505901e-14	6.814364923820881267e-24	6.917538616019788117e-04	1.054774932426548323e-28	1.600454344308880825e-02	6.731182408985286747e-02	3.379929771751252580e-03	4.467335604048651065e-10	2.687209979320758033e-03	4.772039157278886300e-07	6.907994757727372584e-04	1.486715607297457394e-11
9.890000000000000000e+03	1.027022324726022541e-14	1.010284315957028086e-16	4.346539691445343410e-24	6.155267744757581851e-04	9.654840681595608109e-07	1.279134537768378267e-24	1.923291267894365121e-17	3.647631797819553099e-14	2.569360155632375096e-14	6.814364674239454910e-24	6.917538616019777275e-04	1.054774855500397886e-28	1.600454344022949824e-02	6.731182408699445952e-02	3.379929774609669209e-03	4.471856375205935801e-10	2.687209981727994770e-03	4.772039157278871476e-07	6.907994757727361742e-04	1.486715553130934080e-11
9.900000000000000000e+03	1.027022287323767857e-14	1.010284278983847401e-16	4.346539568513909646e-24	6.155267744509028503e-04	9.654840672630621983e-07	1.279134536580645000e-24	1.923291197508045933e-17	3.647631664551833453e-14	2.569360061574378374e-14	6.814364424785675486e-24	6.917538616019766433e-04	1.054774778696171402e-28	1.600454343737018822e-02	6.731182408413605156e-02	3.379929777468084536e-03	4.476377146359023112e-10	2.687209984135229338e-03	4.772039157278856653e-07	6.907994757727350900e-04	1.486715498987504291e-11
9.910000000000000000e+03	1.027022249850343720e-14	1.010284241940656914e-16	4.346539445349777225e-24	6.155267744260475155e-04	9.654840663665644328e-07	1.279134535392912651e-24	1.923291126988448080e-17	3.647631531028593556e-14	2.569359967336013656e-14	6.814364174853533043e-24	6.917538616019755591e-04	1.054774701435094041e-28	1.600454343451087821e-02	6.731182408127764361e-02	3.379929780326496828e-03	4.480897917507911965e-10	2.687209986542461737e-03	4.772039157278841830e-07	6.907994757727340058e-04	1.486715444741049156e-11
9.920000000000000000e+03	1.027022212445862713e-14	1.010284204965286030e-16	4.346539322411063478e-24	6.155267744011921806e-04	9.654840654700668790e-07	1.279134534205180485e-24	1.923291056597959023e-17	3.647631397751345733e-14	2.569359873271345696e-14	6.814363925382063898e-24	6.917538616019744749e-04	1.054774624778313526e-28	1.600454343165156820e-02	6.731182407841923565e-02	3.379929783184909119e-03	4.485418688652602876e-10	2.687209988949694137e-03	4.772039157278827007e-07	6.907994757727329216e-04	1.486715390594396594e-11
9.930000000000000000e+03	1.027022175028620776e-14	1.010284167977362275e-16	4.346539199430625560e-24	6.155267743763368458e-04	9.654840645735691134e-07	1.279134533017447953e-24	1.923290986183572720e-17	3.647631264428251838e-14	2.569359779173308288e-14	6.814363675822093252e-24	6.917538616019733907e-04	1.054774548099249002e-28	1.600454342879225819e-02	6.731182407556082770e-02	3.379929786043321411e-03	4.489939459793096362e-10	2.687209991356926536e-03	4.772039157278812184e-07	6.907994757727318373e-04	1.486715336429270763e-11
9.940000000000000000e+03	1.027022137590617913e-14	1.010284130969016020e-16	4.346539076382308719e-24	6.155267743514815110e-04	9.654840636770711361e-07	1.279134531829715787e-24	1.923290915730308516e-17	3.647631131037055897e-14	2.569359685030490402e-14	6.814363426143349188e-24	6.917538616019723065e-04	1.054774471083540347e-28	1.600454342593294818e-02	6.731182407270241974e-02	3.379929788901733703e-03	4.494460230929391907e-10	2.687209993764158936e-03	4.772039157278796302e-07	6.907994757727307531e-04	1.486715282234091779e-11
9.950000000000000000e+03	1.027022100200256727e-14	1.010284094007535128e-16	4.346538953489762513e-24	6.155267743266261762e-04	9.654840627805733706e-07	1.279134530641983255e-24	1.923290845366262015e-17	3.647630997797087747e-14	2.569359590985247984e-14	6.814363176723418123e-24	6.917538616019712223e-04	1.054774394150973084e-28	1.600454342307363817e-02	6.731182406984401179e-02	3.379929791760145994e-03	4.498981002061490027e-10	2.687209996171391335e-03	4.772039157278782538e-07	6.907994757727296689e-04	1.486715228107878979e-11
9.960000000000000000e+03	1.027022062778799118e-14	1.010284057015464183e-16	4.346538830495540454e-24	6.155267743017708414e-04	9.654840618840758168e-07	1.279134529454251089e-24	1.923290774943981247e-17	3.647630864455068763e-14	2.569359496872452251e-14	6.814362927124312332e-24	6.917538616019701381e-04	1.054774317361762690e-28	1.600454342021432816e-02	6.731182406698560383e-02	3.379929794618558286e-03	4.503501773189390723e-10	2.687209998578623735e-03	4.772039157278766656e-07	6.907994757727285847e-04	1.486715173936650752e-11
9.970000000000000000e+03	1.027022025335540549e-14	1.010284020001947931e-16	4.346538707430040090e-24	6.155267742769155066e-04	9.654840609875780512e-07	1.279134528266518740e-24	1.923290704480874463e-17	3.647630731054881701e-14	2.569359402727960403e-14	6.814362677441113144e-24	6.917538616019690539e-04	1.054774240552202752e-28	1.600454341735501815e-02	6.731182406412719588e-02	3.379929797476970577e-03	4.508022544313092960e-10	2.687210000985856134e-03	4.772039157278751833e-07	6.907994757727275005e-04	1.486715119733863322e-11
9.980000000000000000e+03	1.027021987869717560e-14	1.010283982966234858e-16	4.346538584290759824e-24	6.155267742520601718e-04	9.654840600910802857e-07	1.279134527078786391e-24	1.923290633975511543e-17	3.647630597581832290e-14	2.569359308536906197e-14	6.814362427634412112e-24	6.917538616019679697e-04	1.054774163690534016e-28	1.600454341449570814e-02	6.731182406126878792e-02	3.379929800335382869e-03	4.512543315432597255e-10	2.687210003393088534e-03	4.772039157278737010e-07	6.907994757727264163e-04	1.486715065498412275e-11
9.990000000000000000e+03	1.027021950478516710e-14	1.010283946003927758e-16	4.346538461395468104e-24	6.155267742272048370e-04	9.654840591945825201e-07	1.279134525891054042e-24	1.923290563609892250e-17	3.647630464332520871e-14	2.569359214481669858e-14	6.814362178187985404e-24	6.917538616019668855e-04	1.054774086927011777e-28	1.600454341163639813e-02	6.731182405841037997e-02	3.379929803193795160e-03	4.517064086547904643e-10	2.687210005800320933e-03	4.772039157278721128e-07	6.907994757727253321e-04	1.486715011370983907e-11
